id,language,category,subtopic,difficulty,question,option_a,option_b,option_c,option_d,correct_option,correct_answer,meaning,explanation,created_at
GK_HI_0001,Hindi,General Knowledge,General Knowledge Sample,Medium,भारत के प्रथम राष्ट्रपति कौन थे?,डॉ. राजेन्द्र प्रसाद,डॉ. सर्वपल्ली राधाकृष्णन,पंडित जवाहरलाल नेहरू,सरदार वल्लभभाई पटेल,A,डॉ. राजेन्द्र प्रसाद,डॉ. राजेन्द्र प्रसाद संविधान सभा के अध्यक्ष थे और भारत के प्रथम राष्ट्रपति चुने गए।,डॉ. राजेन्द्र प्रसाद 1950 से 1962 तक भारत के प्रथम राष्ट्रपति रहे।,2026-09-14 08:47:50
GK_HI_0002,Hindi,General Knowledge,General Knowledge Sample,Medium,भारतीय संविधान के जनक के रूप में किसे जाना जाता है?,डॉ. बी.आर. अम्बेडकर,महात्मा गांधी,जवाहरलाल नेहरू,डॉ. राजेन्द्र प्रसाद,A,डॉ. बी.आर. अम्बेडकर,संविधान निर्माण की प्रारूप समिति के अध्यक्ष होने के कारण उन्हें संविधान का जनक कहा जाता है।,डॉ. अम्बेडकर संविधान की प्रारूप समिति (ड्राफ्टिंग कमेटी) के अध्यक्ष थे।,2026-09-14 08:47:50
GK_HI_0003,Hindi,General Knowledge,General Knowledge Sample,Medium,भारत का राष्ट्रीय खेल आधिकारिक तौर पर कौन सा माना जाता है?,हॉकी,क्रिकेट,कबड्डी,फुटबॉल,A,हॉकी,हॉकी में भारत की ऐतिहासिक उपलब्धियों के कारण इसे राष्ट्रीय पहचान प्राप्त है।,भारत ने ओलंपिक में हॉकी में 8 स्वर्ण पदक जीते हैं।,2026-09-14 08:47:50
GK_HI_0004,Hindi,General Knowledge,General Knowledge Sample,Medium,कर्क रेखा भारत के कितने राज्यों से होकर गुजरती है?,8,7,9,6,A,8,23.5° उत्तरी अक्षांश रेखा भारत के मध्य के 8 राज्यों से होकर गुजरती है।,"कर्क रेखा गुजरात, राजस्थान, म.प्र., छत्तीसगढ़, झारखंड, प. बंगाल, त्रिपुरा और मिजोरम से गुजरती है।",2026-09-14 08:47:50
GK_HI_0005,Hindi,General Knowledge,General Knowledge Sample,Medium,भारत की प्रथम महिला आईपीएस अधिकारी कौन हैं?,किरण बेदी,अन्ना राजम मल्होत्रा,सरोजिनी नायडू,बछेंद्री पाल,A,किरण बेदी,किरण बेदी ने 1972 में संघ लोक सेवा आयोग पास कर पहली महिला पुलिस सेवा अधिकारी बनकर इतिहास रचा।,किरण बेदी 1972 में भारत की पहली महिला आईपीएस अधिकारी बनीं।,2026-09-14 08:47:50
GK_HI_0006,Hindi,General Knowledge,प्राचीन एवं मध्यकालीन भारतीय इतिहास,Medium,वर्ष 1857 में भारत की दर्रा या बादशाही युद्ध किसे कहा जाता है?,महारानी विजया बाई का युद्ध,ब्रिटिश विद्रोह,राजतंत्र युद्ध,महात्मा गांधी का युद्ध,B,ब्रिटिश विद्रोह,1857 का युद्ध ब्रिटिश सरकार के विरुद्ध भारतीय सैनिकों और राजाओं का विद्रोह था।,1857 में भारत में ब्रिटिश सरकार के विरुद्ध विद्रोह हुआ जिसे दर्रा या बादशाही युद्ध के नाम से जाना जाता है।,2026-09-14 11:02:01
GK_HI_0007,Hindi,General Knowledge,प्राचीन एवं मध्यकालीन भारतीय इतिहास,Medium,किस राजा ने भारत की पहली गोत्र परम्परा शुरू की?,राजा अर्जुन,कौरव राजा धर्मधाम,राजा शिशुराज,राजा विश्वासराज,C,राजा शिशुराज,शिशुराज ने गोत्र परम्परा को भारतीय संस्कृति में एक महत्वपूर्ण भाग बनाया।,राजा शिशुराज ने गोत्र परम्परा को भारत में शुरू किया जिसने वंशजता और संस्कृति को सुरक्षित रखने में महत्वपूर्ण योगदान दिया।,2026-09-14 11:02:01
GK_HI_0008,Hindi,General Knowledge,प्राचीन एवं मध्यकालीन भारतीय इतिहास,Medium,भारतीय संविधान किस वर्ष में गठित हुआ?,1946,1947,1948,1949,D,1949,1949 में भारतीय संविधान संस्करण जैसे नाम से राष्ट्रीय संविधान के रूप में प्रकाशित हुआ।,1949 में भारतीय संविधान न्यायपालिका के द्वारा अध्यायों को संपादित किया गया और इस प्रकार अंतिम रूप में राष्ट्रीय संविधान के रूप में प्रकाशित हुआ।,2026-09-14 11:02:01
GK_HI_0009,Hindi,General Knowledge,प्राचीन एवं मध्यकालीन भारतीय इतिहास,Medium,प्राचीन काल में भारतीय राज्यों का किस प्रशासन युग के दौरान विकसित हुआ?,कुम्भ काल,हिंदुवाद काल,बौद्ध काल,जैनवाद काल,A,कुम्भ काल,कुम्भ काल में राज्यों के प्रशासन और व्यवस्था विकसित हुईं थीं।,कुम्भ काल विक्रमादित्य के शासन के दौरान विकसित हुआ जब राज्यों के प्रशासन और राजनीति का प्रणाली विकसित हुई थी।,2026-09-14 11:02:01
GK_HI_0010,Hindi,General Knowledge,प्राचीन एवं मध्यकालीन भारतीय इतिहास,Medium,भारत में जाम्मा और फार्स जैसे जातियाँ किसके बदले आयीं?,हिंदुत्व,जैनवाद,बौद्धवाद,सुन्निवाद,C,बौद्धवाद,बौद्धवाद का भारतीय स्थान हाथ छोड़कर जैसे जातियाँ जाम्मा और फार्स आयीं।,बौद्धवाद की विद्रोहों के कारण जैसे जातियाँ जाम्मा और फार्स आयीं और इन्होंने अपने आप में संपन्न होने के बाद इस देश में रहने लगीं।,2026-09-14 11:02:01
GK_HI_0011,Hindi,General Knowledge,प्राचीन एवं मध्यकालीन भारतीय इतिहास,Easy,कौन सा राजा भारत की पहली युद्ध शास्त्र को लिखा था?,संभव राजा अशोक,संभव राजा द्रविड़,संभव राजा विश्वास,संभव राजा रामानुज,C,संभव राजा विश्वास,विश्वास राजा ने युद्ध शास्त्र को लिखा था जो आज भी अध्ययन किया जाता है।,विश्वास राजा ने विक्रमादित्य के शासनकाल में युद्ध शास्त्र को लिखा था जो एक ऐतिहासिक संस्कृत संस्करण है।,2026-09-14 13:18:02
GK_HI_0012,Hindi,General Knowledge,प्राचीन एवं मध्यकालीन भारतीय इतिहास,Easy,प्राचीन काल में भारत का राज्य आयकता किस प्रकार की थी?,कर आयकता,बाजार आयकता,क्षेत्र आयकता,तरकारी आयकता,A,कर आयकता,कर आयकता राज्य आयकता का एक प्रकार है जो प्राचीन भारत में उपयोग किया जाता था।,"कर आयकता राज्य के लक्ष्य का एक प्रकार है जो उत्पादन, व्यापार या विभिन्न गतिविधियों से आता है।",2026-09-14 13:18:02
GK_HI_0013,Hindi,General Knowledge,प्राचीन एवं मध्यकालीन भारतीय इतिहास,Easy,भारत में राजकीय संस्थाओं को किस प्रकार का नाम दिया जाता था?,प्राकृतिक नाम,राज्यानुसार नाम,कर्मियों के नाम,राजाज्ञा नाम,B,राज्यानुसार नाम,राज्यानुसार नाम राजकीय संस्थाओं के नाम दिए जाते थे जो उन राज्यों के नाम पर आधारित थे।,"राज्यानुसार नाम राजकीय संस्थाओं के नाम दिए जाते थे जिनमें राज्य का नाम शामिल था। उदाहरण के लिए, राजस्थान राज्य के राज्यपाल का नाम राजस्थान राज्यपाल होगा।",2026-09-14 13:18:02
GK_HI_0014,Hindi,General Knowledge,प्राचीन एवं मध्यकालीन भारतीय इतिहास,Easy,प्राचीन भारत में राजा का शासन कैसे आरक्षित किया जाता था?,संसद की शास्त्रिय अनुमोदन,महाराजा की शास्त्रिय अनुमोदन,प्रतिष्ठित राजकीय संस्थाओं द्वारा शास्त्रिय अनुमोदन,आधिपत्य की शास्त्रिय अनुमोदन,C,प्रतिष्ठित राजकीय संस्थाओं द्वारा शास्त्रिय अनुमोदन,प्रतिष्ठित राजकीय संस्थाओं द्वारा शास्त्रिय अनुमोदन राजा के शासन को आरक्षित करने का एक प्रकार था।,प्रतिष्ठित राजकीय संस्थाओं द्वारा शास्त्रिय अनुमोदन राजा के शासन को आरक्षित करने का एक प्रकार था जो राजकीय कानूनों के अनुसार किया जाता था।,2026-09-14 13:18:02
GK_HI_0015,Hindi,General Knowledge,प्राचीन एवं मध्यकालीन भारतीय इतिहास,Easy,भारत में किस युग में राज्य संघों का विकास हुआ?,प्राचीन युग,मध्यकालीन युग,नवीन युग,प्राचीन और मध्यकालीन युग,D,प्राचीन और मध्यकालीन युग,राज्य संघों का विकास प्राचीन और मध्यकालीन युग में हुआ था।,प्राचीन और मध्यकालीन युग में भारत में जिंदगी में राज्य संघों का विकास हुआ था जो अलग-अलग राज्यों को जोड़ने के लिए थे।,2026-09-14 13:18:02
GK_HI_0016,Hindi,General Knowledge,प्राचीन एवं मध्यकालीन भारतीय इतिहास,Easy,भारत में गुप्त सम्राटों के शासन किस वर्ष से शुरू हुआ?,320 ई.,350 ई.,300 ई.,330 ई.,D,330 ई.,गुप्त सम्राटों के शासन 330 ई. से शुरू हुआ।,गुप्त सम्राट चन्द्रगupta मिथिला ने 320 ई. से शुरू किया और उनका शासन 330 ई. से शुरू हुआ।,2026-09-14 13:18:02
GK_HI_0017,Hindi,General Knowledge,प्राचीन एवं मध्यकालीन भारतीय इतिहास,Easy,भारत में युद्ध शास्त्र किसके लिए लिखा गया था?,युद्ध के लिए,काल्पनिक युद्ध के लिए,कला के लिए,भारतीय संस्कृति के लिए,A,युद्ध के लिए,युद्ध शास्त्र युद्ध के लिए लिखा गया था।,"युद्ध शास्त्र युद्ध के लिए लिखा गया था जिसमें युद्ध की तकनीक, रणनीति और युद्ध शैली शामिल थी।",2026-09-14 13:18:02
GK_HI_0018,Hindi,General Knowledge,प्राचीन एवं मध्यकालीन भारतीय इतिहास,Easy,भारत में आर्य संस्कृति किसके बदले आयी थी?,निजामिया संस्कृति,ब्राह्मण संस्कृति,हिंदू संस्कृति,पार्थिव संस्कृति,B,ब्राह्मण संस्कृति,आर्य संस्कृति ब्राह्मण संस्कृति के बदले आयी थी।,आर्य संस्कृति ब्राह्मण संस्कृति की तुलना में आर्य संस्कृति ने नए विचार और धार्मिक प्रथाएँ शामिल की थी।,2026-09-14 13:18:02
GK_HI_0019,Hindi,General Knowledge,प्राचीन एवं मध्यकालीन भारतीय इतिहास,Easy,भारत में राजकीय कैरेन्स किस वर्ष में शुरू हुई?,1200 ई.,1300 ई.,1100 ई.,1250 ई.,D,1250 ई.,राजकीय कैरेन्स 1250 ई. में शुरू हुई।,राजकीय कैरेन्स 1250 ई. में शुरू हुई जब राजा ने व्यापार को राज्य की आयकता का भाग बनाया।,2026-09-14 13:18:02
GK_HI_0020,Hindi,General Knowledge,प्राचीन एवं मध्यकालीन भारतीय इतिहास,Easy,भारत में राज्य का विभाजन किसके बाद हुआ?,कौरव युद्ध,महाभारत युद्ध,राजतंत्र का अन्वेषण,राजाज्ञा निर्माण,B,महाभारत युद्ध,राज्य का विभाजन महाभारत युद्ध के बाद हुआ।,महाभारत युद्ध के बाद राज्य का विभाजन हुआ जिसमें राजा ने अपने राज्य को अपने अनुकरणियों के बीच विभाजित कर दिया।,2026-09-14 13:18:02
GK_HI_0021,Hindi,General Knowledge,आधुनिक भारत का इतिहास एवं स्वतंत्रता संग्राम,Medium,स्वतंत्रता संग्राम में किस वर्ष राजा श्रीमन जय श्रीमन महात्मा गांधी ने अपने शहरी अभियान में शामिल होने का विचार किया?,1918,1921,1922,1923,C,1922,1922 में महात्मा गांधी ने अपना शहरी अभियान शुरू किया जिसे ब्रांडी अभियान के रूप में जाना जाता है।,1922 में महात्मा गांधी ने गुवाहाटी शहर में एक शहरी अभियान शुरू किया जिसका उद्देश्य गुवाहाटी रेलवे स्टेशन पर एक विद्रोह हुआ जिसमें एक रेलवे टेक्टिवर गिर गया।,2026-09-14 13:18:50
GK_HI_0022,Hindi,General Knowledge,आधुनिक भारत का इतिहास एवं स्वतंत्रता संग्राम,Medium,भारत की स्वतंत्रता की घोषणा किस वर्ष और किस दिन की थी?,"1946, 15 जनवरी","1947, 15 जून","1947, 15 जुलाई","1948, 15 जुलाई",C,"1947, 15 जुलाई",1947 में 15 जुलाई को भारत और पाकिस्तान की स्वतंत्रता की घोषणा की गई थी।,1947 में भारत और पाकिस्तान की स्वतंत्रता की घोषणा की गई थी जिसमें राजा श्रीमन जय श्रीमन महात्मा गांधी और उनकी जनरलिटी ने नेतृत्व दिया था।,2026-09-14 13:18:50
GK_HI_0023,Hindi,General Knowledge,आधुनिक भारत का इतिहास एवं स्वतंत्रता संग्राम,Medium,भारत सरकार ने राज्य का विभाजन किस वर्ष कराया?,1946,1947,1948,1949,B,1947,1947 में भारत और पाकिस्तान के राज्य विभाजन किए गए थे।,1947 में भारत और पाकिस्तान के राज्यों का विभाजन किया गया था जिसमें दो अलग-अलग राष्ट्रों की उत्पत्ति हुई थी।,2026-09-14 13:18:50
GK_HI_0024,Hindi,General Knowledge,आधुनिक भारत का इतिहास एवं स्वतंत्रता संग्राम,Medium,1930 के दशक में आंदोलन किस शहर के लिए जाना जाता है?,कालकूट,भूमिकुंद,काल्की,कान्दरी,B,भूमिकुंद,भूमिकुंद आंदोलन भारत के विस्तारित स्वतंत्रता आंदोलन का एक हिस्सा था।,भूमिकुंद आंदोलन भारत के विस्तारित स्वतंत्रता आंदोलन में एक महत्वपूर्ण हिस्सा था जिसमें महात्मा गांधी और अन्य लोगों ने भूमिकुंद के रेलवे स्टेशन पर अपनी अस्वीकृत रेल टिकटों को लूटने का प्रयास किया था।,2026-09-14 13:18:50
GK_HI_0025,Hindi,General Knowledge,आधुनिक भारत का इतिहास एवं स्वतंत्रता संग्राम,Medium,न्याय शिला किस वर्ष भारत में स्थापित की गई थी?,1921,1928,1930,1932,B,1928,1928 में महात्मा गांधी ने न्याय शिला योजना शुरू की थी।,1928 में महात्मा गांधी ने न्याय शिला योजना शुरू की थी जिसमें उन्होंने राज्य सरकारों को साफ और सरल न्याय प्रणाली की योजना दी थी।,2026-09-14 13:18:50
GK_HI_0026,Hindi,General Knowledge,आधुनिक भारत का इतिहास एवं स्वतंत्रता संग्राम,Medium,भारत की स्वतंत्रता आंदोलन के अविष्कारक किसे जाना जाता है?,महात्मा गांधी,राजा श्रीमन जय श्रीमन महात्मा बर्मा,विक्टोरिया राजा,नारायण दास,B,राजा श्रीमन जय श्रीमन महात्मा बर्मा,राजा श्रीमन जय श्रीमन महात्मा बर्मा ने भारत के स्वतंत्रता आंदोलन का अविष्कार किया था।,राजा श्रीमन जय श्रीमन महात्मा बर्मा ने भारत के स्वतंत्रता आंदोलन में प्रमुख भूमिका निभाई थी और उन्होंने इस आंदोलन को एक गहरी और व्यापक समाज संवेदनशीलता का रूप दिया था।,2026-09-14 13:18:50
GK_HI_0027,Hindi,General Knowledge,आधुनिक भारत का इतिहास एवं स्वतंत्रता संग्राम,Medium,भारत की राजधानी किस वर्ष से नई दिल्ली थी?,1911,1916,1921,1926,A,1911,1911 में भारत की राजधानी नई दिल्ली बनाई गई थी।,1911 में भारत की राजधानी नई दिल्ली बनाई गई थी जिसमें राजा श्रीमन जय श्रीमन बर्मा ने इस फैसले का अनुसरण किया था।,2026-09-14 13:18:50
GK_HI_0028,Hindi,General Knowledge,आधुनिक भारत का इतिहास एवं स्वतंत्रता संग्राम,Medium,स्वतंत्रता संग्राम में किस वर्ष राजा श्रीमन जय श्रीमन महात्मा गांधी ने स्वामिवाद का नियम शुरू किया?,1930,1931,1932,1933,A,1930,1930 में महात्मा गांधी ने स्वामिवाद का नियम शुरू किया था।,1930 में महात्मा गांधी ने स्वामिवाद का नियम शुरू किया था जिसमें उन्होंने राज्य सरकारों पर स्वामित्व छोड़कर अपनी आंदोलनों की तरफ़ जाने का अवसर दिया था।,2026-09-14 13:18:50
GK_HI_0029,Hindi,General Knowledge,आधुनिक भारत का इतिहास एवं स्वतंत्रता संग्राम,Medium,1930 के दशक में भारत में अन्य आंदोलन शामिल था?,हिंदुत्व आंदोलन,ब्रांडी अभियान,गुरु ग्रेगोरिय अभियान,वेडिक आंदोलन,B,ब्रांडी अभियान,1930 के दशक में भारत में ब्रांडी अभियान भी एक महत्वपूर्ण आंदोलन था।,1930 के दशक में भारत में ब्रांडी अभियान भी एक महत्वपूर्ण आंदोलन था जिसमें लोग रेलवे स्टेशनों पर अपने विद्रोह को व्यक्त करने के लिए ब्रांडी खरीदने का प्रयास करते थे।,2026-09-14 13:18:50
GK_HI_0030,Hindi,General Knowledge,आधुनिक भारत का इतिहास एवं स्वतंत्रता संग्राम,Medium,भारत में राजकीय कैरेन्स किस वर्ष शुरू हुई?,1922,1926,1928,1930,C,1928,1928 में भारत में राजकीय कैरेन्स शुरू हुई थी।,1928 में भारत में राजकीय कैरेन्स शुरू हुई थी जिसका उद्देश्य बनाए गए रूपरेट के प्रबंधन में सुधार करना था।,2026-09-14 13:18:50
GK_HI_0031,Hindi,General Knowledge,विश्व का इतिहास एवं प्रमुख क्रांतियाँ,Medium,1492 में विक्टोरिया की यात्रा को निर्धारित करने वाला कौन था?,कोमोडो रियल्स,कोंकाव गुप्त,कोलंबस,क्यूज़ानो,C,कोलंबस,कोलंबस को यात्रा निर्धारित करने वाला माना जाता है क्योंकि वह पहला यूरोपीय नाविक था जो अमेरिका को पाने वाला था।,कोलंबस ने 1492 में अमेरिका पर यात्रा की जिसे क्रांतिकारी घटना माना जाता है जो विश्व की इतिहास में एक नई युग की शुरुआत बनाई।,2026-09-14 13:20:50
GK_HI_0032,Hindi,General Knowledge,विश्व का इतिहास एवं प्रमुख क्रांतियाँ,Medium,1848 की क्रांति का किस देश का विलीन राज्य था?,कनाडा,फ्रांस,जर्मनी,इटली,C,जर्मनी,जर्मनी को विलीन राज्य कहा जाता था क्योंकि इसके अलग-अलग राज्यों को एक संयुक्त राज्य बनाने की क्रांति थी।,1848 की क्रांति जर्मनी में एक महत्वपूर्ण संवाद हो गई जो राज्यों को संयुक्त राज्य की ओर ले गई थी।,2026-09-14 13:20:50
GK_HI_0033,Hindi,General Knowledge,विश्व का इतिहास एवं प्रमुख क्रांतियाँ,Medium,1648 की शाही संधि किस देश की अंतिम युद्ध घटना का समापन करती है?,अर्जेन्टीना,हैंगौ गुआतों,अंग्रेजी राज्य,नीदरलैंड,D,नीदरलैंड,1648 की शाही संधि नीदरलैंड के अंतिम युद्ध घटनाओं को समाप्त करती है क्योंकि यह उसकी स्वतंत्रता का दस्तावेज रचाने वाली थी।,1648 की शाही संधि नीदरलैंड के युद्धों को समाप्त करती थी और नीदरलैंड की स्वतंत्रता को मान्यता देती थी।,2026-09-14 13:20:50
GK_HI_0034,Hindi,General Knowledge,विश्व का इतिहास एवं प्रमुख क्रांतियाँ,Medium,1917 की विलीन राज्य क्रांति का नेता कौन था?,सुजाना फिलिस्टा,कुर्त वाल्डमिर,विलियम गोल्डमार्ट,विलियम टाइलर रिक्स,B,कुर्त वाल्डमिर,कुर्त वाल्डमिर ने विलीन राज्य क्रांति की नेतृत्व ली क्योंकि वह रूसी क्रांति का एक महत्वपूर्ण भाग था।,कुर्त वाल्डमिर ने रूस में एक महत्वपूर्ण युग की शुरुआत की जिसमें रूसी लोग स्वतंत्रता की इच्छा जाहिर कर दी।,2026-09-14 13:20:50
GK_HI_0035,Hindi,General Knowledge,विश्व का इतिहास एवं प्रमुख क्रांतियाँ,Medium,1919 के पेरिस शाही संधि किस देश को अवज्ञा और अस्वीकरण का विषय बनाती है?,स्पेन,जर्मनी,फ्रांस,युगन्डा,B,जर्मनी,पेरिस शाही संधि जर्मनी को अवज्ञा और अस्वीकरण का विषय बनाती है क्योंकि यह जर्मनी के लिए नकारात्मक परिणाम थे।,पेरिस शाही संधि जर्मनी के बीच हुई एक वित्तीय और राजनीतिक संधि जिसमें जर्मनी को अस्वीकरण और नकारात्मक सरकारी सीमाएं मिली थी।,2026-09-14 13:20:50
GK_HI_0036,Hindi,General Knowledge,विश्व का इतिहास एवं प्रमुख क्रांतियाँ,Medium,1776 की अमेरिकी स्वतंत्रता घोषणा किस देश द्वारा की गई थी?,कनाडा,ब्रिटेन,अमेरिका,फ्रांस,C,अमेरिका,अमेरिकी स्वतंत्रता घोषणा द्वारा अमेरिकी लोगों की राज्यात्मक स्वतंत्रता का घोषणा की गई थी।,अमेरिकी स्वतंत्रता घोषणा 1776 में लिस्बन संविधान सभा द्वारा की गई जिसके बाद अमेरिका ब्रिटिश राज्य से स्वतंत्र हो गया।,2026-09-14 13:20:50
GK_HI_0037,Hindi,General Knowledge,विश्व का इतिहास एवं प्रमुख क्रांतियाँ,Medium,1871 की जर्मन युद्ध का किस देश जीत गया था?,फ्रांस,जर्मनी,आयरलैंड,हैंगौ गुआतों,A,फ्रांस,फ्रांस ने 1871 की जर्मन युद्ध में जीत नहीं ली क्योंकि यह जर्मनी की अंतिम पराजय का रूप ले गई थी।,1871 की जर्मन युद्ध में फ्रांस ने पराजित हो जाकर दक्षिण जर्मन राज्यों को जर्मन संघ में शामिल कर दिया था।,2026-09-14 13:20:50
GK_HI_0038,Hindi,General Knowledge,विश्व का इतिहास एवं प्रमुख क्रांतियाँ,Medium,1770 की भारतीय लोगों द्वारा शुरू की गई विरोध घटना किसके विरुद्ध थी?,कनाडा,ब्रिटिश राजवंश,फ्रांस,हैंगौ गुआतों,B,ब्रिटिश राजवंश,भारतीय लोगों द्वारा शुरू की गई विरोध घटना ब्रिटिश राजवंश के विरुद्ध थी क्योंकि यह उनकी स्वतंत्रता घोषणा थी।,1770 के दशक में भारतीय लोग ब्रिटिश राजवंश के विरुद्ध एक विरोध घोषणा शुरू की थी जो अंततः नाजराज आंदोलन जैसी बड़ी आंदोलनों का उदय ला दिया।,2026-09-14 13:20:50
GK_HI_0039,Hindi,General Knowledge,विश्व का इतिहास एवं प्रमुख क्रांतियाँ,Medium,1917 की बास्तोन युद्ध किस देश की राजनीतिक घटना का एक प्रतिबिम्ब थी?,अर्जेन्टीना,इंडोनेशिया,रूस,हैंगौ गुआतों,C,रूस,1917 की बास्तोन युद्ध रूस की राजनीतिक घटना का एक प्रतिबिम्ब था क्योंकि यह रूस की क्रांति का एक भाग था।,1917 की बास्तोन युद्ध रूस की क्रांति का एक भाग था जो रूस की राजनीतिक स्थिति का बदलाव ला दिया।,2026-09-14 13:20:50
GK_HI_0040,Hindi,General Knowledge,विश्व का इतिहास एवं प्रमुख क्रांतियाँ,Medium,1688 की ब्रिटिश राजकीय क्रांति किसकी राजनीतिक घटना का एक प्रतिबिम्ब थी?,हैंगौ गुआतों,फ्रांस,रूस,ब्रिटिश राजवंश,D,ब्रिटिश राजवंश,ब्रिटिश राजकीय क्रांति ब्रिटिश राजवंश की राजनीतिक घटना का एक प्रतिबिम्ब था क्योंकि यह एक राजकीय बदलाव था।,1688 की ब्रिटिश राजकीय क्रांति एक राजकीय बदलाव था जिसके फलस्वरूप एक नई राज्यावली बनी।,2026-09-14 13:20:50
GK_HI_0041,Hindi,General Knowledge,"भारत का भूगोल (नदियाँ, पर्वत, जलवायु, मिट्टियाँ)",Easy,पंजाब का एक महत्वपूर्ण पर्वत कौन-सा है?,कौमिल की गार्गा,कोराखा,हिमाचल,कुमारी की गार्गा,A,कौमिल की गार्गा,कौमिल की गार्गा का नाम आदिम भारतीय धर्मों में प्राचीन राजा कौमिल की पत्नी की गार्गा के नाम पर दिया गया है।,कौमिल की गार्गा एक बड़ा और रहस्यमय पर्वत है जो पंजाब के दक्षिण पूर्व में स्थित है। इसका नाम आदिम भारतीय धर्मों में प्राचीन राजा कौमिल की पत्नी की गार्गा के नाम पर दिया गया है।,2026-09-14 13:21:47
GK_HI_0042,Hindi,General Knowledge,"भारत का भूगोल (नदियाँ, पर्वत, जलवायु, मिट्टियाँ)",Easy,भारत की नदियों में से कौन-सी नदी सबसे लंबी है?,दिल्ली नदी,गंगा नदी,यमुना नदी,कोयला नदी,B,गंगा नदी,गंगा नदी की लंबाई भारत की सबसे लंबी नदी की लंबाई है।,"गंगा नदी भारत की सबसे लंबी नदी है जिसकी लंबाई लगभग 2,525 किलोमीटर है। यह उत्तर प्रदेश के बड़े बादलों से निकलकर बिहार, राजस्थान, अंग्रेज़ी और पश्चिम बंगाल में प्रवाहित होती है।",2026-09-14 13:21:47
GK_HI_0043,Hindi,General Knowledge,"भारत का भूगोल (नदियाँ, पर्वत, जलवायु, मिट्टियाँ)",Easy,भारत का जलवायु बहुप्रकारित है जिसका कारण क्या है?,भारत के विविध तौर पर स्थिति,भारत की अवधि की लंबाई,भारत की दूरी,भारत की उच्च उर्वरिकता,A,भारत के विविध तौर पर स्थिति,भारत के विविध तौर पर स्थिति उसके जलवायु की विविधता का कारण है।,भारत के विविध तौर पर स्थिति के कारण वह अलग-अलग जलवायु के क्षेत्रों में विभाजित होता है। यह उत्तर प्रदेश से दक्षिण भारत तक फैला हुआ है जिसमें आर्द्र भाग और सूखे भाग दोनों दिखाई देते हैं।,2026-09-14 13:21:47
GK_HI_0044,Hindi,General Knowledge,"भारत का भूगोल (नदियाँ, पर्वत, जलवायु, मिट्टियाँ)",Easy,जलवायु की विविधता का कारण भारत में क्या होता है?,समुद्र तट,स्थानीय स्थापित जलवायु प्रणाली,चमक दिहाई,तटस्थ स्थान,B,स्थानीय स्थापित जलवायु प्रणाली,स्थानीय स्थापित जलवायु प्रणाली जलवायु की विविधता का कारण है।,स्थानीय स्थापित जलवायु प्रणाली जलवायु की विविधता का मुख्य कारण है। यह जलवायु फैलाव की प्रक्रिया का एक अभाव है जिसके कारण विभिन्न जलवायु प्रणाली बनती हैं।,2026-09-14 13:21:47
GK_HI_0045,Hindi,General Knowledge,"भारत का भूगोल (नदियाँ, पर्वत, जलवायु, मिट्टियाँ)",Easy,भारत की जंगल जिम्मेदार क्षेत्र वाली राज्य कौन-सी है?,राज्य पंजाब,राज्य मध्य प्रदेश,राज्य गुजरात,राज्य अंतर्गत,D,राज्य अंतर्गत,राज्य अंतर्गत भारत की जंगल जिम्मेदार क्षेत्र का एक अंदाज है।,"राज्य अंतर्गत भारत की जंगल जिम्मेदार क्षेत्र का एक अंदाज है। यह राज्य अंतर्गत भारत के बड़े जंगल जिम्मेदार क्षेत्रों में से एक है जो बड़े अंदाज में राज्य जम्मू और कश्मीर, उत्तर प्रदेश, अंबाला और तमिलनाडु में स्थित है।",2026-09-14 13:21:47
GK_HI_0046,Hindi,General Knowledge,"भारत का भूगोल (नदियाँ, पर्वत, जलवायु, मिट्टियाँ)",Easy,भारत में राष्ट्रीय जलवायु प्रणाली का कौन-सा भाग सबसे बड़ा है?,सुमारा दौलत नदी,विशाल जंगल,मध्य राष्ट्रीय जलवायु प्रणाली,बास्तोन युद्ध,C,मध्य राष्ट्रीय जलवायु प्रणाली,मध्य राष्ट्रीय जलवायु प्रणाली भारत के अधिकतर क्षेत्रों में विस्तारित है।,मध्य राष्ट्रीय जलवायु प्रणाली भारत के अधिकतर क्षेत्रों में विस्तारित है जिसमें विभिन्न जलवायु प्रणाली दिखाई देती हैं। यह भारत के जंगलों और वनाओं का एक महत्वपूर्ण हिस्सा है।,2026-09-14 13:21:47
GK_HI_0047,Hindi,General Knowledge,"भारत का भूगोल (नदियाँ, पर्वत, जलवायु, मिट्टियाँ)",Easy,भारत में जलवायु किस राज्य के अधिकतम तापमान का निर्धारण करती है?,कर्नाटक,महाराष्ट्र,कर्नाटक,कर्नाटक,D,कर्नाटक,कर्नाटक राज्य में बर्फ के कमांद के बाद तापमान अधिकतम होता है।,कर्नाटक राज्य में बर्फ के कमांद के बाद तापमान अधिकतम होता है। यह अल्पांशिक जलवायु का एक उदाहरण है जहाँ अंतरिक्ष ताप और जलवायु प्रणाली लगभग एक साथ होते हैं।,2026-09-14 13:21:47
GK_HI_0048,Hindi,General Knowledge,"भारत का भूगोल (नदियाँ, पर्वत, जलवायु, मिट्टियाँ)",Easy,भारत की भूमि में बहुत से क्षेत्रों में जलवायु विविधता है जिसका कारण क्या है?,भारत की विविध तौर पर स्थिति,भारत के उच्च उर्वरिकता,भारत के उच्च उर्वरिकता,भारत के उच्च उर्वरिकता,A,भारत की विविध तौर पर स्थिति,भारत की विविध तौर पर स्थिति जलवायु की विविधता का कारण है।,"भारत की विविध तौर पर स्थिति जलवायु की विविधता का कारण है। यह राज्यों के दूरी, तटस्थता, विकसित भूमि जैसी अंग के कारण होता है।",2026-09-14 13:21:47
GK_HI_0049,Hindi,General Knowledge,"भारत का भूगोल (नदियाँ, पर्वत, जलवायु, मिट्टियाँ)",Easy,भारत में अधिकतम वन जिम्मेदार क्षेत्र कौन-सी राज्य है?,राज्य जम्मू और कश्मीर,राज्य उत्तर प्रदेश,राज्य गुजरात,राज्य जम्मू और कश्मीर,D,राज्य जम्मू और कश्मीर,राज्य जम्मू और कश्मीर भारत के अधिकतम वन जिम्मेदार क्षेत्र का एक हिस्सा है।,"राज्य जम्मू और कश्मीर भारत के अधिकतम वन जिम्मेदार क्षेत्र का एक हिस्सा है। यह राज्य भारत के वन जिम्मेदार क्षेत्रों में से एक है जो बड़े अंदाज में राज्य जम्मू और कश्मीर, अंबाला और तमिलनाडु में स्थित है।",2026-09-14 13:21:47
GK_HI_0050,Hindi,General Knowledge,"भारत का भूगोल (नदियाँ, पर्वत, जलवायु, मिट्टियाँ)",Easy,भारत में जंगल जिम्मेदार क्षेत्र वाली राज्य कौन-सी है?,राज्य जम्मू और कश्मीर,राज्य गुजरात,राज्य जम्मू और कश्मीर,राज्य जम्मू और कश्मीर,D,राज्य जम्मू और कश्मीर,राज्य जम्मू और कश्मीर भारत की जंगल जिम्मेदार क्षेत्र का एक अंदाज है।,"राज्य जम्मू और कश्मीर भारत की जंगल जिम्मेदार क्षेत्र का एक अंदाज है। यह राज्य भारत के जंगल जिम्मेदार क्षेत्रों में से एक है जो बड़े अंदाज में राज्य जम्मू और कश्मीर, उत्तर प्रदेश, अंबाला और तमिलनाडु में स्थित है।",2026-09-14 13:21:47
GK_HI_0051,Hindi,General Knowledge,"विश्व का भूगोल, महाद्वीप एवं महासागर",Medium,"हिंदी के भाषावादी ने किस वर्ष लिखा था कि भारत एक देश नहीं, बल्कि एक ग्राहक बाजार है?",1950,1960,1970,1980,C,1970,"1970 में जीवनशैली सिक्के के लिए लिखा गया था कि भारत एक देश नहीं, बल्कि एक ग्राहक बाजार है।",1970 में विश्व के भाषावादी ने इस दृष्टिकोण का व्याख्यान किया था जो विभिन्न भाषाओं के उपयोग और उनकी व्यापारिक अवस्था को बताता है।,2026-09-14 13:22:38
GK_HI_0052,Hindi,General Knowledge,"विश्व का भूगोल, महाद्वीप एवं महासागर",Medium,किस महाद्वीप पर राष्ट्रीय रिजर्व बनाए गए थे जिनका उद्देश्य वन्यजीवों की बचाव का संरक्षण था?,अमेरिका,ऑस्ट्रेलिया,साइप्रस,हंगेरी,B,ऑस्ट्रेलिया,ऑस्ट्रेलिया पर रिजर्व बनाए गए थे जिनमें वन्यजीवों की बचाव के लिए अवस्थापन किया गया था।,ऑस्ट्रेलिया में वन्यजीवों की बचाव के लिए कई रिजर्व बनाए गए थे जिनमें वन्यजीवों की बचाव और संरक्षण की प्रयास बनाए गए थे।,2026-09-14 13:22:38
GK_HI_0053,Hindi,General Knowledge,"विश्व का भूगोल, महाद्वीप एवं महासागर",Medium,किस महाद्वीप पर बाल्मार्ला रिजर्व बनाई गई है?,साइप्रस,ऑस्ट्रेलिया,हंगेरी,हिंदुस्तान,B,ऑस्ट्रेलिया,बाल्मार्ला रिजर्व ऑस्ट्रेलिया में बनाई गई है जहाँ वन्यजीवों की बचाव की प्रयास की जा रही है।,बाल्मार्ला रिजर्व ऑस्ट्रेलिया में स्थित है जहाँ वन्यजीवों की संरक्षण और बचाव के लिए कार्य किया जाता है।,2026-09-14 13:22:38
GK_HI_0054,Hindi,General Knowledge,"विश्व का भूगोल, महाद्वीप एवं महासागर",Medium,विश्व का किस महासागर सबसे बड़ा है?,सागर अमेरिका,सागर अटलांटिक,सागर अल्फ्रेड,सागर पश्चिमी अमेरिका,B,सागर अटलांटिक,सागर अटलांटिक सबसे बड़ा महासागर है जिसका क्षेत्रफल अन्य महासागरों की तुलना में बड़ा है।,"सागर अटलांटिक सबसे बड़ा महासागर है जिसका क्षेत्रफल अन्य महासागरों की तुलना में बड़ा है और यह दक्षिण अमेरिका, यूरोप और आशिया को जोड़ता है।",2026-09-14 13:22:38
GK_HI_0055,Hindi,General Knowledge,"विश्व का भूगोल, महाद्वीप एवं महासागर",Medium,किस महाद्वीप पर राष्ट्रीय रिजर्व बनाए गए थे जिनका उद्देश्य प्राकृतिक संरक्षण और वन्यजीवों की बचाव का संरक्षण था?,हंगेरी,ऑस्ट्रेलिया,हिंदुस्तान,साइप्रस,B,ऑस्ट्रेलिया,ऑस्ट्रेलिया में रिजर्व बनाए गए थे जिनमें प्राकृतिक संरक्षण और वन्यजीवों की बचाव की प्रयास की जा रही है।,ऑस्ट्रेलिया में वन्यजीवों की बचाव और प्राकृतिक संरक्षण के लिए कई रिजर्व बनाए गए थे जिनमें वन्यजीवों की संरक्षण और बचाव की प्रयास बनाए गए थे।,2026-09-14 13:22:38
GK_HI_0056,Hindi,General Knowledge,"विश्व का भूगोल, महाद्वीप एवं महासागर",Medium,विश्व का किस महासागर सबसे छोटा है?,सागर अल्फ्रेड,सागर अमेरिका,सागर अटलांटिक,सागर पश्चिमी अमेरिका,A,सागर अल्फ्रेड,सागर अल्फ्रेड सबसे छोटा महासागर है जिसका क्षेत्रफल अन्य महासागरों की तुलना में छोटा है।,सागर अल्फ्रेड सबसे छोटा महासागर है जिसका क्षेत्रफल अन्य महासागरों की तुलना में छोटा है और यह स्थित है जहाँ वन्यजीवों की बचाव और प्राकृतिक संरक्षण की प्रयास बनाए गई हैं।,2026-09-14 13:22:38
GK_HI_0057,Hindi,General Knowledge,"विश्व का भूगोल, महाद्वीप एवं महासागर",Medium,विश्व का किस महाद्वीप सबसे छोटा है?,हंगेरी,साइप्रस,हिंदुस्तान,ऑस्ट्रेलिया,B,साइप्रस,साइप्रस सबसे छोटा महाद्वीप है जिसका क्षेत्रफल अन्य महाद्वीपों की तुलना में छोटा है।,साइप्रस सबसे छोटा महाद्वीप है जिसका क्षेत्रफल अन्य महाद्वीपों की तुलना में छोटा है और यह एक आबादित क्षेत्र है।,2026-09-14 13:22:38
GK_HI_0058,Hindi,General Knowledge,"विश्व का भूगोल, महाद्वीप एवं महासागर",Medium,विश्व का किस महाद्वीप सबसे बड़ा है?,ऑस्ट्रेलिया,हंगेरी,साइप्रस,हिंदुस्तान,A,ऑस्ट्रेलिया,ऑस्ट्रेलिया सबसे बड़ा महाद्वीप है जिसका क्षेत्रफल अन्य महाद्वीपों की तुलना में बड़ा है।,ऑस्ट्रेलिया सबसे बड़ा महाद्वीप है जिसका क्षेत्रफल अन्य महाद्वीपों की तुलना में बड़ा है और यह दक्षिण अमेरिका और यूरोप को जोड़ता है।,2026-09-14 13:22:38
GK_HI_0059,Hindi,General Knowledge,"भारतीय संविधान, मौलिक अधिकार एवं राजव्यवस्था",Hard,संविधान सभा की कितनी सदस्य थीं?,६००,१२००,१६००,३००,C,१६००,संविधान सभा की राज्य संसद और विधानसभाओं के सदस्यों से बनी थी जिनमें भारत की सभी राज्यों और विधायी चौकियों के दलों के सदस्य शामिल थे।,संविधान सभा की सदस्यता संख्या भारत के सभी राज्यों और विधानसभाओं के सदस्यों की संख्या के बराबर थी जो लगभग १६०० थे।,2026-09-14 13:23:25
GK_HI_0060,Hindi,General Knowledge,"भारतीय संविधान, मौलिक अधिकार एवं राजव्यवस्था",Hard,भारतीय संविधान किस वर्ष में लागू हुआ?,१९५०,१९५६,१९५२,१९५८,C,१९५२,भारतीय संविधान जनवरी १९५२ को लागू हुआ जिसमें भारत देश की स्वतंत्रता की तिथि शामिल थी।,भारतीय संविधान जनवरी १९५२ को लागू हुआ जिसके अलावा यह भी स्वतंत्रता की तिथि शामिल थी।,2026-09-14 13:23:25
GK_HI_0061,Hindi,General Knowledge,"भारतीय संविधान, मौलिक अधिकार एवं राजव्यवस्था",Hard,भारत का संविधान किस प्रकार का है?,राजनीतिक संविधान,कानूनी संविधान,मौलिक संविधान,मूल्यांकन संविधान,C,मौलिक संविधान,भारतीय संविधान भारत के राज्य की संरचना और राज्य के नियमों को पहचानने और स्थापित करने के लिए एक मौलिक अधिकार की श्रेणी है।,भारतीय संविधान राज्य की नियमित संरचना और अधिकारों को दर्शाता है जिसे मौलिक संविधान कहा जाता है।,2026-09-14 13:23:25
GK_HI_0062,Hindi,General Knowledge,"भारतीय संविधान, मौलिक अधिकार एवं राजव्यवस्था",Hard,भारतीय संविधान में कितने अधिनियम हैं?,१२०,१३०,१४०,१५०,C,१४०,भारतीय संविधान में अधिनियमों की संख्या लगभग १४० हैं जिनमें बहुत से महत्वपूर्ण मामले शामिल हैं।,भारतीय संविधान का कुल अधिनियमों की संख्या लगभग १४० है जिनमें अनेक महत्वपूर्ण मामले शामिल हैं।,2026-09-14 13:23:25
GK_HI_0063,Hindi,General Knowledge,"भारतीय संविधान, मौलिक अधिकार एवं राजव्यवस्था",Hard,भारतीय संविधान वास्तविक रूप से किस वर्ष में लिखा गया था?,१९४९,१९५३,१९५०,१९५७,A,१९४९,भारतीय संविधान वास्तविक रूप से युरोपीय संविधान निर्माताओं द्वारा लिखा गया था जो नव-स्वतंत्र देशों के लिए विकसित किए गए थे।,भारतीय संविधान वास्तविक रूप से युरोपीय संविधान निर्माताओं द्वारा लिखा गया था जो नव-स्वतंत्र देशों के लिए विकसित किए गए थे जिसका लिखना १९४९ में शुरू हुआ था।,2026-09-14 13:23:25
GK_HI_0064,Hindi,General Knowledge,"भारतीय संविधान, मौलिक अधिकार एवं राजव्यवस्था",Hard,भारतीय संविधान में कितने अधिकार शामिल हैं?,२२०,२४०,२६०,२८०,C,२६०,भारतीय संविधान भारत के निवासियों के लिए विभिन्न प्रकार के मौलिक अधिकारों को दर्शाता है जिनमें लगभग २६० अधिकार शामिल हैं।,भारतीय संविधान में लगभग २६० अधिकार शामिल हैं जो भारत के निवासियों के लिए मौलिक अधिकारों का वर्णन करते हैं।,2026-09-14 13:23:25
GK_HI_0065,Hindi,General Knowledge,"भारतीय संविधान, मौलिक अधिकार एवं राजव्यवस्था",Hard,संविधान सभा ने किस वर्ष की राज्य संसद को रिकॉर्ड किया?,१९४६,१९४९,१९५२,१९५६,B,१९४९,संविधान सभा ने १९४९ की राज्य संसद को रिकॉर्ड किया जिसमें भारत की सभी राज्यों और विधानसभाओं के सदस्य शामिल थे।,संविधान सभा ने १९४९ की राज्य संसद को रिकॉर्ड किया जिसमें भारत की सभी राज्यों और विधानसभाओं के सदस्य शामिल थे।,2026-09-14 13:23:25
GK_HI_0066,Hindi,General Knowledge,"भारतीय संविधान, मौलिक अधिकार एवं राजव्यवस्था",Hard,भारतीय संविधान में कितने अधिनियम शामिल हैं?,१२०,१३०,१४०,१५०,C,१४०,भारतीय संविधान में अधिनियमों की संख्या लगभग १४० हैं जिनमें बहुत से महत्वपूर्ण मामले शामिल हैं।,भारतीय संविधान में अधिनियमों की संख्या लगभग १४० है जिनमें अनेक महत्वपूर्ण मामले शामिल हैं।,2026-09-14 13:23:25
GK_HI_0067,Hindi,General Knowledge,"भारतीय संविधान, मौलिक अधिकार एवं राजव्यवस्था",Hard,भारतीय संविधान किस वर्ष में रचित हुआ?,१९४८,१९४९,१९५२,१९५६,B,१९४९,भारतीय संविधान १९४९ में रचित हुआ जिसका लिखना १९४८ में शुरू हुआ था।,भारतीय संविधान १९४९ में रचित हुआ जिसका लिखना १९४८ में शुरू हुआ था।,2026-09-14 13:23:25
GK_HI_0068,Hindi,General Knowledge,"भारतीय संविधान, मौलिक अधिकार एवं राजव्यवस्था",Hard,भारतीय संविधान किस वर्ष में व्यापक योग्यता को शामिल किया?,१९४८,१९५२,१९५६,१९५८,C,१९५६,भारतीय संविधान ने व्यापक योग्यता को शामिल किया जो वैध वय के व्यक्तियों के लिए आवश्यक था।,भारतीय संविधान ने व्यापक योग्यता को १९५६ में शामिल किया जो वैध वय के व्यक्तियों के लिए आवश्यक था।,2026-09-14 13:23:25
GK_HI_0069,Hindi,General Knowledge,"भारतीय अर्थव्यवस्था, बैंकिंग, बजट एवं योजनाएं",Easy,भारतीय बैंकिंग में लाभ की पहचान किस वर्ष की थी?,1950,1960,1970,1980,B,1960,1960 में भारतीय राज्य बैंकों में लाभ प्राप्त करने की पहचान आई थी।,1960 के दशक में भारतीय राज्य बैंकों की लाभप्रदता बढ़ी थी और इस तथ्य की व्यापक पहचान आई थी।,2026-09-14 13:24:01
GK_HI_0070,Hindi,General Knowledge,"भारतीय अर्थव्यवस्था, बैंकिंग, बजट एवं योजनाएं",Easy,भारत में व्यावसायिक बैंकों की स्थापना किस वर्ष हुई?,1806,1865,1890,1906,A,1806,1806 में भारत में पहला व्यावसायिक बैंक राजस्थान बैंक स्थापित हुआ था।,1806 की राजस्थान बैंक की स्थापना ने भारतीय बैंकिंग का शुरुआती चरण बनाया।,2026-09-14 13:24:01
GK_HI_0071,Hindi,General Knowledge,"भारतीय अर्थव्यवस्था, बैंकिंग, बजट एवं योजनाएं",Easy,भारतीय बैंकिंग योजना किस वर्ष लायी गई?,1955,1961,1965,1970,B,1961,1961 में भारतीय बैंकिंग योजना लाई गई थी।,1961 की योजना ने राज्य बैंकों की स्थापना और विकास के लिए प्रणाली बनाई थी।,2026-09-14 13:24:01
GK_HI_0072,Hindi,General Knowledge,"भारतीय अर्थव्यवस्था, बैंकिंग, बजट एवं योजनाएं",Easy,भारतीय बैंकिंग में राज्य बैंकों की स्थापना किस वर्ष की थी?,1955,1960,1963,1968,C,1963,1963 में पहला राज्य बैंक राजस्थान बैंक स्थापित हुआ था।,1963 की राजस्थान बैंक की स्थापना ने राज्य बैंकों की शुरुआत ली थी।,2026-09-14 13:24:01
GK_HI_0073,Hindi,General Knowledge,"भारतीय अर्थव्यवस्था, बैंकिंग, बजट एवं योजनाएं",Easy,भारतीय बैंकिंग में राज्य बैंकों की संख्या कितनी है?,5,10,15,20,C,15,भारत में वर्तमान में 15 राज्य बैंक हैं।,राज्य बैंकों की संख्या नियमित रूप से बदलती है और वर्तमान में 15 हैं।,2026-09-14 13:24:01
GK_HI_0074,Hindi,General Knowledge,"भारतीय अर्थव्यवस्था, बैंकिंग, बजट एवं योजनाएं",Easy,भारत की राज्य बैंकों का नियंत्रण किसके तहत है?,राज्य सरकार,केंद्रीय सरकार,राज्य बैंक,राज्य अधिकारियों,B,केंद्रीय सरकार,केंद्रीय सरकार ने राज्य बैंकों का नियंत्रण किया है।,केंद्रीय सरकार ने राज्य बैंकों के कार्य प्रणाली का नियंत्रण रखा है।,2026-09-14 13:24:01
GK_HI_0075,Hindi,General Knowledge,"भारतीय अर्थव्यवस्था, बैंकिंग, बजट एवं योजनाएं",Easy,भारतीय बैंकिंग में राज्य बैंकों का उद्देश्य क्या है?,लाभ प्राप्त करना,निरापद निवेश,विकास और विस्तार,कैश रिटेख्टिंग,C,विकास और विस्तार,राज्य बैंकों का मुख्य उद्देश्य विकास और विस्तार है।,राज्य बैंकों का काम विकास और विस्तार के लिए निवेश और कредिट प्रदान करना है।,2026-09-14 13:24:01
GK_HI_0076,Hindi,General Knowledge,"भारतीय अर्थव्यवस्था, बैंकिंग, बजट एवं योजनाएं",Easy,भारत में बजट किस वर्ष लाया गया?,1950,1960,1970,1980,A,1950,1950 में भारत की विशिष्ट बजट की लायकी आई थी।,1950 की बजट लायकी ने राज्य और केंद्र के बीच व्यय प्रावधान और अनुबंध निर्धारित किए।,2026-09-14 13:24:01
GK_HI_0077,Hindi,General Knowledge,"भारतीय अर्थव्यवस्था, बैंकिंग, बजट एवं योजनाएं",Easy,भारतीय बजट में किस वर्ष की व्यय वार्षिकता लायी गई?,1950,1960,1970,1980,B,1960,1960 की व्यय वार्षिकता भारतीय बजट में लायी गई।,1960 की व्यय वार्षिकता ने व्यय के वर्षीय विभाजन और बजट राशियों की परिभाषा निर्धारित की।,2026-09-14 13:24:01
GK_HI_0078,Hindi,General Knowledge,"भारतीय अर्थव्यवस्था, बैंकिंग, बजट एवं योजनाएं",Easy,भारतीय बजट में किस वर्ष की आय वार्षिकता लायी गई?,1950,1960,1970,1980,A,1950,1950 की आय वार्षिकता भारतीय बजट में लायी गई।,1950 की आय वार्षिकता ने आय का वर्षीय विभाजन और बजट राशियों की परिभाषा निर्धारित की।,2026-09-14 13:24:01
GK_HI_0079,Hindi,General Knowledge,"भारतीय कला, शास्त्रीय नृत्य, संगीत एवं सांस्कृतिक धरोहर",Medium,किस नृत्य की रचना के लिए वैभवप्रद दिल्ली और राजपूताना का अनुभव का उपयोग किया गया है?,कुंडी नृत्य,कावल,कांकली नृत्य,निजामिया,A,कुंडी नृत्य,कुंडी नृत्य की रचना दिल्ली और राजपूताना के नृत्य वाणी से बनाई गई है।,कुंडी नृत्य दिल्ली और राजपूताना के वाणी के नृत्य के अनुभव को ग्लाइफिकल किया गया है जो वैभवप्रद दिल्ली की दिशा में विकसित हुआ है।,2026-09-14 13:24:46
GK_HI_0080,Hindi,General Knowledge,"भारतीय कला, शास्त्रीय नृत्य, संगीत एवं सांस्कृतिक धरोहर",Medium,हिंदू धर्म में ज्यामिति किस के द्वारा प्रयोग की जाती है?,शंकराचार्य,भगवान विष्णु,भगवान कृष्ण,ब्रह्माजी,A,शंकराचार्य,शंकराचार्य ने ज्यामिति का उपयोग धर्म के लिए व्याख्यान के लिए किया है।,शंकराचार्य ने ज्यामिति का अर्थ और प्रयोग धर्म के लिए व्याख्यान किया जिससे यह एक शास्त्रीय तरीके से अधिक समझी जा सके।,2026-09-14 13:24:46
GK_HI_0081,Hindi,General Knowledge,"भारतीय कला, शास्त्रीय नृत्य, संगीत एवं सांस्कृतिक धरोहर",Medium,म्हडळी नृत्य किस राज्य में प्रचारित है?,मध्य प्रदेश,महाराष्ट्र,टेलंगाना,गुजरात,B,महाराष्ट्र,म्हडळी नृत्य महाराष्ट्र की एक प्राचीन आबादी द्वारा विकसित हुआ है।,म्हडळी नृत्य गाव और घर में आरामदायक तरीके से महाराष्ट्रीय संस्कृति को प्रदर्शित करता है।,2026-09-14 13:24:46
GK_HI_0082,Hindi,General Knowledge,"भारतीय कला, शास्त्रीय नृत्य, संगीत एवं सांस्कृतिक धरोहर",Medium,संगीत शास्त्र में किस ग्रन्थ में ज्ञानर्थी को ज्ञान दिया गया है?,रामायान,मनोरंजन,कालिदास,रामानुजन,B,मनोरंजन,मनोरंजन में संगीत शास्त्र के ज्ञान का विस्तृत विवरण दिया गया है।,मनोरंजन एक प्राचीन ग्रन्थ है जो संगीत शास्त्र के महत्वपूर्ण ज्ञान और विधि से संबंधित है।,2026-09-14 13:24:46
GK_HI_0083,Hindi,General Knowledge,"भारतीय कला, शास्त्रीय नृत्य, संगीत एवं सांस्कृतिक धरोहर",Medium,किस संगीत के नियमों में राजस्व और जनसंख्या की सांख्यिकी सहित शामिल है?,नाटकीय गान,राजस्व गान,काल्पनिक गान,राजस्व रिकॉर्ड,B,राजस्व गान,राजस्व गान में संगीत के नियमों के साथ राजस्व और जनसंख्या की सांख्यिकी भी शामिल है।,राजस्व गान राजस्व और जनसंख्या की सांख्यिकी जिसके माध्यम से राजस्व और सांस्कृतिक संवाद का विवरण दिया जाता है।,2026-09-14 13:24:46
GK_HI_0084,Hindi,General Knowledge,"भारतीय कला, शास्त्रीय नृत्य, संगीत एवं सांस्कृतिक धरोहर",Medium,मुंबई नाटकीय कार्यक्रम किस वर्ष से शुरू हुए?,1913,1923,1933,1943,C,1933,1933 से मुंबई नाटकीय कार्यक्रम शुरू हुए और व्यापक रूप से प्रचारित हुए।,1933 के बाद मुंबई नाटकीय कार्यक्रम विस्तृत रूप से शुरू हुआ और बाजार के नियम के अनुसार प्रचारित हुआ।,2026-09-14 13:24:46
GK_HI_0085,Hindi,General Knowledge,"भारतीय कला, शास्त्रीय नृत्य, संगीत एवं सांस्कृतिक धरोहर",Medium,किस शास्त्रीय नृत्य में राजकुमारी के विवाह का विवरण दिया गया है?,कावल,कूंडी नृत्य,पर्वती नृत्य,कांकली नृत्य,A,कावल,कावल में राजकुमारी के विवाह का विवरण दिया गया है।,कावल एक शास्त्रीय नृत्य है जो राजकुमारी के विवाह और उनके जीवन के बारे में बात करता है।,2026-09-14 13:24:46
GK_HI_0086,Hindi,General Knowledge,"भारतीय कला, शास्त्रीय नृत्य, संगीत एवं सांस्कृतिक धरोहर",Medium,किस संस्कृतिक धरोहर का विकास दिल्ली के राजकुमारियों और राजाओं के नियम के उपयोग से हुआ है?,कावल,कूंडी नृत्य,कांकली नृत्य,राजकुमारी नृत्य,D,राजकुमारी नृत्य,राजकुमारी नृत्य का विकास दिल्ली के राजकुमारियों और राजाओं के नियम के उपयोग से हुआ है।,राजकुमारी नृत्य दिल्ली के राजकुमारियों और राजाओं द्वारा विकसित हुआ और उनके नियम का उपयोग किया गया।,2026-09-14 13:24:46
GK_HI_0087,Hindi,General Knowledge,"भारतीय कला, शास्त्रीय नृत्य, संगीत एवं सांस्कृतिक धरोहर",Medium,किस काव्य में भारतीय संस्कृति का समावेशित रूप दिखाया गया है?,काव्य शास्त्र,संस्कृत नृत्य,महाभारत,रामायान,C,महाभारत,महाभारत में भारतीय संस्कृति का समावेशित रूप दिखाया गया है।,महाभारत एक विशाल काव्य है जो भारतीय संस्कृति का विवरण देता है और इसमें इसकी विभिन्न शैलियों का उपयोग किया गया है।,2026-09-14 13:24:46
GK_HI_0088,Hindi,General Knowledge,"भारतीय कला, शास्त्रीय नृत्य, संगीत एवं सांस्कृतिक धरोहर",Medium,किस नृत्य में निकट क्षेत्र के सांस्कृतिक विरासत का सामनों दिखाया गया है?,कावल,कूंडी नृत्य,कांकली नृत्य,स्वाधीन नृत्य,B,कूंडी नृत्य,कूंडी नृत्य में निकट क्षेत्र के सांस्कृतिक विरासत का सामनों दिखाया गया है।,कूंडी नृत्य निकट क्षेत्र के सांस्कृतिक विरासत का एक विशेष उदाहरण है जो सामनों का प्रतिनिधित्व करता है।,2026-09-14 13:24:46
GK_HI_0089,Hindi,General Knowledge,"प्रमुख आविष्कार, खोजें एवं भारतीय वैज्ञानिक",Hard,किस वैज्ञानिक ने भारत में दाता परमाणु इंजन की खोज की?,राजेश रामानुजन,रामानुजन शर्मा,सुरेश राजपुत,विश्वास राजपुत,A,राजेश रामानुजन,राजेश रामानुजन ने दाता परमाणु इंजन का विकास किया जो शून्य वेग पर गति रखता है।,राजेश रामानुजन ने भारत में दाता परमाणु इंजन की खोज की जो अपनी अनुपरिवर्तनीय गति के कारण उच्च ऊर्जा निर्माण के लिए उपयोगी है।,2026-09-14 13:25:32
GK_HI_0090,Hindi,General Knowledge,"प्रमुख आविष्कार, खोजें एवं भारतीय वैज्ञानिक",Hard,किस भारतीय वैज्ञानिक ने श्वसन डिस्योर्डर्स में अतिरिक्त गैस गठन का अध्ययन किया?,जयश्री मुर्त्यू,सुनील डेव,निकिता शर्मा,प्रियंका रोहित,A,जयश्री मुर्त्यू,जयश्री मुर्त्यू ने गैस विश्वासी नैदानिक विश्लेषण द्वारा अतिरिक्त गैस गठन का अध्ययन किया।,जयश्री मुर्त्यू ने श्वसन डिस्योर्डर्स में गैस रिक्वाइर्मेंट की अध्ययन किया जो इन रोगों के विकास में महत्वपूर्ण भूमिका निभाता है।,2026-09-14 13:25:32
GK_HI_0091,Hindi,General Knowledge,"प्रमुख आविष्कार, खोजें एवं भारतीय वैज्ञानिक",Hard,किस भारतीय वैज्ञानिक ने ब्राउनियन गति की गणितीय अनुक्रमित की गणना की?,जयश्री मुर्त्यू,विश्वास राजपुत,राजेश रामानुजन,बालाशिव राजकुमार,D,बालाशिव राजकुमार,बालाशिव राजकुमार ने ब्राउनियन गति का गणितीय अनुक्रम द्वारा व्याख्या किया।,बालाशिव राजकुमार ने ब्राउनियन गति का मॉडल बनाया जिसमें अनुक्रम द्वारा गति का व्याख्यान दिया गया।,2026-09-14 13:25:32
GK_HI_0092,Hindi,General Knowledge,"प्रमुख आविष्कार, खोजें एवं भारतीय वैज्ञानिक",Hard,किस भारतीय वैज्ञानिक ने दाता परमाणु इंजन का प्राथमिक अनुक्रमित विकास किया?,विश्वास राजपुत,राजेश रामानुजन,बालाशिव राजकुमार,सुनील डेव,B,राजेश रामानुजन,राजेश रामानुजन ने दाता परमाणु इंजन का प्राथमिक अनुक्रमित विकास किया।,राजेश रामानुजन ने दाता परमाणु इंजन की विकास में प्रमुख भूमिका निभाई जो अपनी अनुपरिवर्तनीय गति के कारण उच्च ऊर्जा निर्माण के लिए उपयोगी है।,2026-09-14 13:25:32
GK_HI_0093,Hindi,General Knowledge,"प्रमुख आविष्कार, खोजें एवं भारतीय वैज्ञानिक",Hard,किस भारतीय वैज्ञानिक ने अक्सर बारी बारी में रक्त खेल का अनुसरण किया?,बालाशिव राजकुमार,राजेश रामानुजन,सुनील डेव,विश्वास राजपुत,C,सुनील डेव,सुनील डेव ने अक्सर बारी बारी में रक्त खेल का अनुसरण किया।,सुनील डेव ने अक्सर बारी बारी में रक्त खेल का अनुसरण किया जो उनकी दक्षता का प्रदर्शन है जहाँ वे अपने अनुसंधान और ज्ञान को लागू करते हैं।,2026-09-14 13:25:32
GK_HI_0094,Hindi,General Knowledge,"प्रमुख आविष्कार, खोजें एवं भारतीय वैज्ञानिक",Hard,किस भारतीय वैज्ञानिक ने ब्राउनियन गति का मॉडल बनाया?,राजेश रामानुजन,बालाशिव राजकुमार,सुनील डेव,जयश्री मुर्त्यू,B,बालाशिव राजकुमार,बालाशिव राजकुमार ने ब्राउनियन गति का मॉडल बनाया।,बालाशिव राजकुमार ने ब्राउनियन गति का मॉडल बनाया जो अनुक्रम द्वारा गति का व्याख्यान दिया गया।,2026-09-14 13:25:32
GK_HI_0095,Hindi,General Knowledge,"प्रमुख आविष्कार, खोजें एवं भारतीय वैज्ञानिक",Hard,किस भारतीय वैज्ञानिक ने दाता परमाणु इंजन की अध्ययन की?,विश्वास राजपुत,सुनील डेव,राजेश रामानुजन,बालाशिव राजकुमार,C,राजेश रामानुजन,राजेश रामानुजन ने दाता परमाणु इंजन की अध्ययन की।,राजेश रामानुजन ने दाता परमाणु इंजन की अध्ययन की जो अपनी अनुपरिवर्तनीय गति के कारण उच्च ऊर्जा निर्माण के लिए उपयोगी है।,2026-09-14 13:25:32
GK_HI_0096,Hindi,General Knowledge,"प्रमुख आविष्कार, खोजें एवं भारतीय वैज्ञानिक",Hard,किस भारतीय वैज्ञानिक ने ब्राउनियन गति का गणितीय अनुक्रम द्वारा व्याख्या किया?,राजेश रामानुजन,बालाशिव राजकुमार,सुनील डेव,जयश्री मुर्त्यू,B,बालाशिव राजकुमार,बालाशिव राजकुमार ने ब्राउनियन गति का गणितीय अनुक्रम द्वारा व्याख्या किया।,बालाशिव राजकुमार ने ब्राउनियन गति का गणितीय अनुक्रम द्वारा व्याख्या किया जो अनुक्रम द्वारा गति का व्याख्यान दिया गया।,2026-09-14 13:25:32
GK_HI_0097,Hindi,General Knowledge,"अंतरराष्ट्रीय संगठन (संयुक्त राष्ट्र, डब्ल्यूएचओ, विश्व बैंक)",Easy,संयुक्त राष्ट्र की राष्ट्रपति किस वर्ष ने चुनाव में सफलतापूर्वक जुट पाया?,2015,2016,2017,2018,A,2015,2015 में राष्ट्रपति ने वाक्यांश किस देश की राष्ट्रपति बनी थी?,2015 में बांग्लादेश की राष्ट्रपति के चुनाव में संयुक्त राष्ट्र की राष्ट्रपति ने जुट पाया और इसे सफलतापूर्वक नियुक्त किया गया।,2026-09-14 13:26:16
GK_HI_0098,Hindi,General Knowledge,"अंतरराष्ट्रीय संगठन (संयुक्त राष्ट्र, डब्ल्यूएचओ, विश्व बैंक)",Easy,डब्ल्यूएचओ किस वर्ष अन्तर्राष्ट्रीय रिकर्सन संधि की संकीर्णता में एक विशेष दिवस घोषित किया?,2010,2011,2012,2013,B,2011,2011 में डब्ल्यूएचओ ने किस अन्तर्राष्ट्रीय संधि की श्रृंखला को विशेष दिवस घोषित किया?,2011 में डब्ल्यूएचओ ने अन्तर्राष्ट्रीय रिकर्सन संधि की श्रृंखला को एक विशेष दिवस घोषित किया जिसका उद्देश्य रिकर्सन के खिलाफ प्रोत्साहन देना था।,2026-09-14 13:26:16
GK_HI_0099,Hindi,General Knowledge,"अंतरराष्ट्रीय संगठन (संयुक्त राष्ट्र, डब्ल्यूएचओ, विश्व बैंक)",Easy,विश्व बैंक की राजधानी किस शहर में स्थित है?,विश्व बैंक की राजधानी नई डिल्विड है,विश्व बैंक की राजधानी लाहौर है,विश्व बैंक की राजधानी केन्यान्सिया है,विश्व बैंक की राजधानी न्यू यॉर्क है,D,विश्व बैंक की राजधानी न्यू यॉर्क है,विश्व बैंक की राजधानी कहाँ है यह जानने के लिए यह प्रश्न उत्तर क्या है?,विश्व बैंक की राजधानी न्यू यॉर्क है जहाँ उसका मुख्य कार्यालय स्थित है।,2026-09-14 13:26:16
GK_HI_0100,Hindi,General Knowledge,"अंतरराष्ट्रीय संगठन (संयुक्त राष्ट्र, डब्ल्यूएचओ, विश्व बैंक)",Easy,संयुक्त राष्ट्र की राजधानी किस शहर में स्थित है?,संयुक्त राष्ट्र की राजधानी न्यू इंडिया है,संयुक्त राष्ट्र की राजधानी न्यू यॉर्क है,संयुक्त राष्ट्र की राजधानी लाहौर है,संयुक्त राष्ट्र की राजधानी नई डिल्विड है,B,संयुक्त राष्ट्र की राजधानी न्यू यॉर्क है,संयुक्त राष्ट्र की राजधानी कहाँ है यह जानने के लिए यह प्रश्न उत्तर क्या है?,संयुक्त राष्ट्र की राजधानी न्यू यॉर्क है जहाँ इसका मुख्य कार्यालय स्थित है।,2026-09-14 13:26:16
GK_HI_0101,Hindi,General Knowledge,"अंतरराष्ट्रीय संगठन (संयुक्त राष्ट्र, डब्ल्यूएचओ, विश्व बैंक)",Easy,डब्ल्यूएचओ किस वर्ष अन्तर्राष्ट्रीय विश्वसनीयता दिवस घोषित किया?,2005,2006,2007,2008,C,2007,2007 में डब्ल्यूएचओ ने किस दिवस को अन्तर्राष्ट्रीय विश्वसनीयता दिवस घोषित किया?,2007 में डब्ल्यूएचओ ने 25 मई को अन्तर्राष्ट्रीय विश्वसनीयता दिवस घोषित किया।,2026-09-14 13:26:16
GK_HI_0102,Hindi,General Knowledge,"अंतरराष्ट्रीय संगठन (संयुक्त राष्ट्र, डब्ल्यूएचओ, विश्व बैंक)",Easy,विश्व बैंक किस वर्ष नई डिल्विड ने राजधानी बनाई?,1960,1961,1962,1963,B,1961,विश्व बैंक किस वर्ष नई डिल्विड ने राजधानी बनाई थी?,1961 में नई डिल्विड ने विश्व बैंक की राजधानी बनाई थी।,2026-09-14 13:26:16
GK_HI_0103,Hindi,General Knowledge,"अंतरराष्ट्रीय संगठन (संयुक्त राष्ट्र, डब्ल्यूएचओ, विश्व बैंक)",Easy,डब्ल्यूएचओ किस वर्ष किसान दिवस घोषित किया?,2000,2001,2002,2003,B,2001,2001 में डब्ल्यूएचओ ने किसान दिवस को घोषित किया?,2001 में डब्ल्यूएचओ ने 7 अप्रैल को अन्तर्राष्ट्रीय किसान दिवस घोषित किया।,2026-09-14 13:26:16
GK_HI_0104,Hindi,General Knowledge,"अंतरराष्ट्रीय संगठन (संयुक्त राष्ट्र, डब्ल्यूएचओ, विश्व बैंक)",Easy,संयुक्त राष्ट्र किस वर्ष अन्तर्राष्ट्रीय शांति दिवस घोषित किया?,1989,1990,1991,1992,A,1989,1989 में संयुक्त राष्ट्र ने किस दिवस को अन्तर्राष्ट्रीय शांति दिवस घोषित किया?,1989 में संयुक्त राष्ट्र ने 21 मार्च को अन्तर्राष्ट्रीय शांति दिवस घोषित किया।,2026-09-14 13:26:16
GK_HI_0105,Hindi,General Knowledge,"अंतरराष्ट्रीय संगठन (संयुक्त राष्ट्र, डब्ल्यूएचओ, विश्व बैंक)",Easy,डब्ल्यूएचओ किस वर्ष अन्तर्राष्ट्रीय जैविक विविधता दिवस घोषित किया?,2004,2005,2006,2007,B,2005,2005 में डब्ल्यूएचओ ने किस दिवस को अन्तर्राष्ट्रीय जैविक विविधता दिवस घोषित किया?,2005 में डब्ल्यूएचओ ने 22 मई को अन्तर्राष्ट्रीय जैविक विविधता दिवस घोषित किया।,2026-09-14 13:26:16
GK_HI_0106,Hindi,General Knowledge,"अंतरराष्ट्रीय संगठन (संयुक्त राष्ट्र, डब्ल्यूएचओ, विश्व बैंक)",Easy,विश्व बैंक किस वर्ष अन्तर्राष्ट्रीय विकास दिवस घोषित किया?,2000,2001,2002,2003,B,2001,2001 में विश्व बैंक ने किस दिवस को अन्तर्राष्ट्रीय विकास दिवस घोषित किया?,2001 में विश्व बैंक ने 8 अक्टूबर को अन्तर्राष्ट्रीय विकास दिवस घोषित किया।,2026-09-14 13:26:16
GK_HI_0107,Hindi,General Knowledge,"प्रसिद्ध भारतीय व्यक्तित्व, स्वतंत्रता सेनानी एवं महापुरुष",Medium,गुरु गौतम बौद्ध की राज्याधिकार कब शुरू हुई थी?,543 ई.पू.,453 ई.पू.,448 ई.पू.,548 ई.पू.,B,453 ई.पू.,गुरु गौतम बौद्ध की राज्याधिकार 453 ई.पू. से शुरू हुई थी।,453 ई.पू. में गुरु गौतम बौद्ध ने उत्तर कोशिशी राज्याधिकार लिया था।,2026-09-14 13:26:57
GK_HI_0108,Hindi,General Knowledge,"प्रसिद्ध भारतीय व्यक्तित्व, स्वतंत्रता सेनानी एवं महापुरुष",Medium,किस व्यक्ति को 'प्राकृतिक भारत' का स्वामी कहा जाता है?,जीवनश्री बाबा रामशराम,कृष्णमुख्य रामानंद,मुंबई की राजकीय बाबा,महात्मा गांधी,A,जीवनश्री बाबा रामशराम,जीवनश्री बाबा रामशराम को 'प्राकृतिक भारत' का स्वामी कहा जाता है।,जीवनश्री बाबा रामशराम ने भारत की प्राकृतिक विविधताओं की रक्षा के लिए कार्य किया।,2026-09-14 13:26:57
GK_HI_0109,Hindi,General Knowledge,"प्रसिद्ध भारतीय व्यक्तित्व, स्वतंत्रता सेनानी एवं महापुरुष",Medium,हिंदू धर्म के प्रोहित व्यक्तित्व किसे जाना जाता है?,महात्मा गांधी,स्वामी विवेकानंद,पंडित जयशंकर प्रसाद,श्री राम कृष्ण,B,स्वामी विवेकानंद,स्वामी विवेकानंद ने हिंदू धर्म का प्रोहित व्यक्तित्व दर्शाया।,स्वामी विवेकानंद ने हिंदू धर्म को अंतर्राष्ट्रीय स्तर पर प्रसिद्ध बनाया।,2026-09-14 13:26:57
GK_HI_0110,Hindi,General Knowledge,"प्रसिद्ध भारतीय व्यक्तित्व, स्वतंत्रता सेनानी एवं महापुरुष",Medium,भारत के पहले स्वामित्व किस व्यक्ति ने दाखिल किया?,महात्मा गांधी,बल्लाल राव नेहरु,विजय धर नेहरु,राजेन्द्र धर नेहरु,C,विजय धर नेहरु,विजय धर नेहरु ने भारत के पहले स्वामित्व दाखिल किया।,विजय धर नेहरु ने 1947 में भारत के पहले स्वामित्व दाखिल किया।,2026-09-14 13:26:57
GK_HI_0111,Hindi,General Knowledge,"प्रसिद्ध भारतीय व्यक्तित्व, स्वतंत्रता सेनानी एवं महापुरुष",Medium,किस व्यक्ति को 'हिंदुस्तान का चालक देव' कहा जाता है?,श्री राम कृष्ण,महात्मा गांधी,काशीहरी महाराज,बल्लाल राव नेहरु,C,काशीहरी महाराज,काशीहरी महाराज को 'हिंदुस्तान का चालक देव' कहा जाता है।,काशीहरी महाराज ने भारतीय संस्कृति और धर्म को विश्व में प्रसिद्ध बनाया।,2026-09-14 13:26:57
GK_HI_0112,Hindi,General Knowledge,"प्रसिद्ध भारतीय व्यक्तित्व, स्वतंत्रता सेनानी एवं महापुरुष",Medium,महात्मा गांधी किस वर्ष ब्रिटिश राज की विरोधी अस्वत्थ विद्रोह की शुरुआत की?,1919,1920,1921,1922,B,1920,1920 में महात्मा गांधी ने अस्वत्थ विद्रोह की शुरुआत की।,1920 में गांधी ने ब्रिटिश राज के विरोध में अस्वत्थ विद्रोह की शुरुआत की।,2026-09-14 13:26:57
GK_HI_0113,Hindi,General Knowledge,"प्रसिद्ध भारतीय व्यक्तित्व, स्वतंत्रता सेनानी एवं महापुरुष",Medium,भारत के पहले अध्यक्ष किस व्यक्ति थे?,महात्मा गांधी,जवाहरलाल नेहरु,विजय धर नेहरु,विक्रम सिंह,B,जवाहरलाल नेहरु,जवाहरलाल नेहरु ने भारत के पहले अध्यक्ष का राजा किया।,जवाहरलाल नेहरु ने 1950 में भारत के पहले अध्यक्ष का राजा किया।,2026-09-14 13:26:57
GK_HI_0114,Hindi,General Knowledge,"प्रसिद्ध भारतीय व्यक्तित्व, स्वतंत्रता सेनानी एवं महापुरुष",Medium,किस व्यक्ति को 'हिंदुस्तान का राजा' कहा जाता है?,श्री राम कृष्ण,महात्मा गांधी,काशीहरी महाराज,बल्लाल राव नेहरु,B,महात्मा गांधी,महात्मा गांधी को 'हिंदुस्तान का राजा' कहा जाता है।,महात्मा गांधी ने भारतीय लोगों के लिए एक राजा की भूमिका निभाई।,2026-09-14 13:26:57
GK_HI_0115,Hindi,General Knowledge,"प्रसिद्ध भारतीय व्यक्तित्व, स्वतंत्रता सेनानी एवं महापुरुष",Medium,भारत की स्वतंत्रता के लिए पहला संग्राम किस व्यक्ति ने शुरू किया?,श्री राम कृष्ण,महात्मा गांधी,विजय धर नेहरु,बल्लाल राव नेहरु,B,महात्मा गांधी,महात्मा गांधी ने भारत की स्वतंत्रता के लिए पहला संग्राम शुरू किया।,महात्मा गांधी ने अराजकता विद्रोह जैसे पहले संग्राम शुरू किए थे।,2026-09-14 13:26:57
GK_HI_0116,Hindi,General Knowledge,"प्रसिद्ध भारतीय व्यक्तित्व, स्वतंत्रता सेनानी एवं महापुरुष",Medium,भारत के अंतर्राष्ट्रीय साकारणता के लिए जाना जाता व्यक्ति कौन है?,महात्मा गांधी,काशीहरी महाराज,श्री राम कृष्ण,बल्लाल राव नेहरु,A,महात्मा गांधी,महात्मा गांधी ने भारत की अंतर्राष्ट्रीय साकारणता के लिए प्रसिद्ध बना।,महात्मा गांधी ने अंतर्राष्ट्रीय स्तर पर भारत को जाने वाले लोगों के लिए भारतीय विचार-विश्वास और संस्कृति का निर्णय प्रदर्शित किया।,2026-09-14 13:26:57
GK_HI_0117,Hindi,General Knowledge,"प्रसिद्ध पुस्तकें, रचयिता एवं साहित्य",Hard,किस अध्याय से आया 'रामकृष्ण परिचय' लेख श्री रमानूजन शास्त्री ने लिखा?,गुरुवार,शुक्रवार,शनिवार,सोमवार,A,गुरुवार,श्री रमानूजन शास्त्री ने गुरुवार वार्ता अध्याय से रामकृष्ण परिचय लेख लिखा।,"श्री रमानूजन शास्त्री ने गुरुवार की वार्ता में रामकृष्ण परिचय लेख लिखा, जिसे बाद में प्रसिद्ध बनाया।",2026-09-14 13:27:48
GK_HI_0118,Hindi,General Knowledge,"प्रसिद्ध पुस्तकें, रचयिता एवं साहित्य",Hard,किस पुस्तक में श्री रमानूजन शास्त्री ने भारत की जातीय राजनीति का विश्लेषण किया?,राष्ट्रीय निर्वाचन विधान,हिंदुस्तान की जातीय राजनीति,भारत का अध्ययन,राष्ट्रिय अध्ययन,B,हिंदुस्तान की जातीय राजनीति,श्री रमानूजन शास्त्री ने 'हिंदुस्तान की जातीय राजनीति' पुस्तक में भारत की जातीय राजनीति का विश्लेषण किया।,श्री रमानूजन शास्त्री ने 'हिंदुस्तान की जातीय राजनीति' पुस्तक के माध्यम से भारत की जातीय राजनीति का विश्लेषण किया और इसे एक महत्वपूर्ण लेख बनाया।,2026-09-14 13:27:48
GK_HI_0119,Hindi,General Knowledge,"प्रसिद्ध पुस्तकें, रचयिता एवं साहित्य",Hard,किस वर्ष श्री रमानूजन शास्त्री ने 'राष्ट्रीय निर्वाचन विधान' प्रकाशित किया?,1937,1947,1957,1967,A,1937,श्री रमानूजन शास्त्री ने 1937 में 'राष्ट्रीय निर्वाचन विधान' प्रकाशित किया।,"श्री रमानूजन शास्त्री ने 1937 में 'राष्ट्रीय निर्वाचन विधान' पुस्तक प्रकाशित की, जो भारत की राजनीतिक संरचना का विश्लेषण शामिल करती थी।",2026-09-14 13:27:48
GK_HI_0120,Hindi,General Knowledge,"प्रसिद्ध पुस्तकें, रचयिता एवं साहित्य",Hard,किस वर्ष श्री रमानूजन शास्त्री ने 'भारत की जातीय राजनीति' प्रकाशित किया?,1935,1945,1955,1965,B,1945,श्री रमानूजन शास्त्री ने 1945 में 'भारत की जातीय राजनीति' प्रकाशित किया।,"श्री रमानूजन शास्त्री ने 1945 में 'भारत की जातीय राजनीति' पुस्तक प्रकाशित की, जो भारत की जातीय राजनीति का विश्लेषण शामिल करती थी।",2026-09-14 13:27:48
GK_HI_0121,Hindi,General Knowledge,"प्रसिद्ध पुस्तकें, रचयिता एवं साहित्य",Hard,किस पुस्तक में श्री रमानूजन शास्त्री ने भारत की राजनीतिक संरचना का विश्लेषण किया?,राष्ट्रीय निर्वाचन विधान,हिंदुस्तान की जातीय राजनीति,भारत का अध्ययन,राष्ट्रिय अध्ययन,A,राष्ट्रीय निर्वाचन विधान,श्री रमानूजन शास्त्री ने 'राष्ट्रीय निर्वाचन विधान' पुस्तक में भारत की राजनीतिक संरचना का विश्लेषण किया।,श्री रमानूजन शास्त्री ने 'राष्ट्रीय निर्वाचन विधान' पुस्तक के माध्यम से भारत की राजनीतिक संरचना का विश्लेषण किया और इसे एक महत्वपूर्ण लेख बनाया।,2026-09-14 13:27:48
GK_HI_0122,Hindi,General Knowledge,"प्रसिद्ध पुस्तकें, रचयिता एवं साहित्य",Hard,किस पुस्तक में श्री रमानूजन शास्त्री ने भारत की राजनीतिक व्यवस्था का विश्लेषण किया?,राष्ट्रीय निर्वाचन विधान,हिंदुस्तान की जातीय राजनीति,भारत का अध्ययन,राष्ट्रिय अध्ययन,A,राष्ट्रीय निर्वाचन विधान,श्री रमानूजन शास्त्री ने 'राष्ट्रीय निर्वाचन विधान' पुस्तक में भारत की राजनीतिक व्यवस्था का विश्लेषण किया।,श्री रमानूजन शास्त्री ने 'राष्ट्रीय निर्वाचन विधान' पुस्तक के माध्यम से भारत की राजनीतिक व्यवस्था का विश्लेषण किया और इसे एक महत्वपूर्ण लेख बनाया।,2026-09-14 13:27:48
GK_HI_0123,Hindi,General Knowledge,"प्रसिद्ध पुस्तकें, रचयिता एवं साहित्य",Hard,किस पुस्तक में श्री रमानूजन शास्त्री ने भारत की अध्यात्मिक संरचना का विश्लेषण किया?,भारत का अध्ययन,हिंदुस्तान की जातीय राजनीति,राष्ट्रीय निर्वाचन विधान,राष्ट्रिय अध्ययन,A,भारत का अध्ययन,श्री रमानूजन शास्त्री ने 'भारत का अध्ययन' पुस्तक में भारत की अध्यात्मिक संरचना का विश्लेषण किया।,श्री रमानूजन शास्त्री ने 'भारत का अध्ययन' पुस्तक के माध्यम से भारत की अध्यात्मिक संरचना का विश्लेषण किया और इसे एक महत्वपूर्ण लेख बनाया।,2026-09-14 13:27:48
GK_HI_0124,Hindi,General Knowledge,"प्रसिद्ध पुस्तकें, रचयिता एवं साहित्य",Hard,किस वर्ष श्री रमानूजन शास्त्री ने 'राष्ट्रिय अध्ययन' प्रकाशित किया?,1930,1940,1950,1960,C,1950,श्री रमानूजन शास्त्री ने 1950 में 'राष्ट्रिय अध्ययन' प्रकाशित किया।,"श्री रमानूजन शास्त्री ने 1950 में 'राष्ट्रिय अध्ययन' पुस्तक प्रकाशित की, जो भारत की अध्यात्मिक और राजनीतिक संरचना का विश्लेषण शामिल करती थी।",2026-09-14 13:27:48
GK_HI_0125,Hindi,General Knowledge,"प्रसिद्ध पुस्तकें, रचयिता एवं साहित्य",Hard,किस पुस्तक में श्री रमानूजन शास्त्री ने भारत की अध्यात्मिक संरचना और राजनीतिक संरचना का विश्लेषण किया?,भारत का अध्ययन,हिंदुस्तान की जातीय राजनीति,राष्ट्रीय निर्वाचन विधान,राष्ट्रिय अध्ययन,D,राष्ट्रिय अध्ययन,श्री रमानूजन शास्त्री ने 'राष्ट्रिय अध्ययन' पुस्तक में भारत की अध्यात्मिक संरचना और राजनीतिक संरचना का विश्लेषण किया।,श्री रमानूजन शास्त्री ने 'राष्ट्रिय अध्ययन' पुस्तक के माध्यम से भारत की अध्यात्मिक संरचना और राजनीतिक संरचना का विश्लेषण किया और इसे एक महत्वपूर्ण लेख बनाया।,2026-09-14 13:27:48
GK_HI_0126,Hindi,General Knowledge,"प्रमुख राष्ट्रीय एवं अंतरराष्ट्रीय पुरस्कार (नोबेल, भारत रत्न, पद्म पुरस्कार)",Easy,नोबेल फिजिक्स पुरस्कार किस वर्ष जीवन दर्शक रविंद्रनाथ टगोली को दिया गया था?,1913,1917,1924,1930,C,1924,रविंद्रनाथ टगोली को नोबेल फिजिक्स पुरस्कार नहीं मिला था। यह प्रश्न गलत है।,रविंद्रनाथ टगोली को नोबेल पुरस्कार नहीं मिला था। विजेन्ट विल्सन और चार्ल्स डिल्फन को 1979 में नोबेल फिजिक्स पुरस्कार मिला था।,2026-09-14 13:28:33
GK_HI_0127,Hindi,General Knowledge,"प्रमुख राष्ट्रीय एवं अंतरराष्ट्रीय पुरस्कार (नोबेल, भारत रत्न, पद्म पुरस्कार)",Easy,भारत रत्न पुरस्कार किस वर्ष प्राप्तकर्ता की सूची लाभ दर्शक रवींद्रनाथ टगोली के नाम पर शामिल हुई?,1950,1954,1958,1961,D,1961,रवींद्रनाथ टगोली ने 1961 में भारत रत्न पुरस्कार प्राप्त किया था।,रवींद्रनाथ टगोली ने 1961 में भारत रत्न पुरस्कार प्राप्त किया था। यह पुरस्कार भारत के राष्ट्रपति द्वारा वर्ष के सर्वोत्तम कार्यकारी व्यक्तियों को दिया जाता है।,2026-09-14 13:28:33
GK_HI_0128,Hindi,General Knowledge,"प्रमुख राष्ट्रीय एवं अंतरराष्ट्रीय पुरस्कार (नोबेल, भारत रत्न, पद्म पुरस्कार)",Easy,पद्म विभूषण पुरस्कार किस वर्ष स्वामी विवेकनान्द ने प्राप्त किया था?,1929,1930,1931,1932,B,1930,स्वामी विवेकनान्द ने 1930 में पद्म विभूषण पुरस्कार प्राप्त किया था।,स्वामी विवेकनान्द ने 1930 में भारत रत्न पुरस्कार के रूप में पद्म विभूषण पुरस्कार प्राप्त किया था। यह पुरस्कार भारत के राष्ट्रपति द्वारा दिया जाता है।,2026-09-14 13:28:33
GK_HI_0129,Hindi,General Knowledge,"प्रमुख राष्ट्रीय एवं अंतरराष्ट्रीय पुरस्कार (नोबेल, भारत रत्न, पद्म पुरस्कार)",Easy,नोबेल भाग्यशाला पुरस्कार किस वर्ष सुरेश डांगे ने प्राप्त किया था?,2007,2008,2009,2010,B,2008,सुरेश डांगे ने 2008 में नोबेल भाग्यशाला पुरस्कार प्राप्त किया था।,सुरेश डांगे ने 2008 में नोबेल भाग्यशाला पुरस्कार प्राप्त किया था। यह पुरस्कार भारत रत्न पुरस्कार के रूप में दिया जाता है।,2026-09-14 13:28:33
GK_HI_0130,Hindi,General Knowledge,"प्रमुख राष्ट्रीय एवं अंतरराष्ट्रीय पुरस्कार (नोबेल, भारत रत्न, पद्म पुरस्कार)",Easy,भारत रत्न पुरस्कार किस वर्ष जीवन दर्शक विल्सन विजेन्ट ने प्राप्त किया था?,1983,1984,1985,1986,C,1985,विल्सन विजेन्ट ने 1985 में भारत रत्न पुरस्कार प्राप्त किया था।,विल्सन विजेन्ट ने 1985 में भारत रत्न पुरस्कार प्राप्त किया था। यह पुरस्कार भारत के राष्ट्रपति द्वारा दिया जाता है।,2026-09-14 13:28:33
GK_HI_0131,Hindi,General Knowledge,"प्रमुख राष्ट्रीय एवं अंतरराष्ट्रीय पुरस्कार (नोबेल, भारत रत्न, पद्म पुरस्कार)",Easy,पद्म रत्न पुरस्कार किस वर्ष राजेश को दिया गया था?,1998,1999,2000,2001,B,1999,राजेश ने 1999 में पद्म रत्न पुरस्कार प्राप्त किया था।,राजेश ने 1999 में भारत रत्न पुरस्कार के रूप में पद्म रत्न पुरस्कार प्राप्त किया था। यह पुरस्कार भारत के राष्ट्रपति द्वारा दिया जाता है।,2026-09-14 13:28:33
GK_HI_0132,Hindi,General Knowledge,"प्रमुख राष्ट्रीय एवं अंतरराष्ट्रीय पुरस्कार (नोबेल, भारत रत्न, पद्म पुरस्कार)",Easy,नोबेल भाग्यशाला पुरस्कार किस वर्ष विल्सन विजेन्ट और डिल्फन को प्राप्त किया था?,1975,1976,1977,1978,D,1978,विल्सन विजेन्ट और डिल्फन ने 1978 में नोबेल भाग्यशाला पुरस्कार प्राप्त किया था।,विल्सन विजेन्ट और डिल्फन ने 1978 में नोबेल भाग्यशाला पुरस्कार प्राप्त किया था। यह पुरस्कार भारत रत्न पुरस्कार के रूप में दिया जाता है।,2026-09-14 13:28:33
GK_HI_0133,Hindi,General Knowledge,"प्रमुख राष्ट्रीय एवं अंतरराष्ट्रीय पुरस्कार (नोबेल, भारत रत्न, पद्म पुरस्कार)",Easy,भारत रत्न पुरस्कार किस वर्ष विक्रम शर्मा ने प्राप्त किया था?,1990,1991,1992,1993,B,1991,विक्रम शर्मा ने 1991 में भारत रत्न पुरस्कार प्राप्त किया था।,विक्रम शर्मा ने 1991 में भारत रत्न पुरस्कार प्राप्त किया था। यह पुरस्कार भारत के राष्ट्रपति द्वारा दिया जाता है।,2026-09-14 13:28:33
GK_HI_0134,Hindi,General Knowledge,"प्रमुख राष्ट्रीय एवं अंतरराष्ट्रीय पुरस्कार (नोबेल, भारत रत्न, पद्म पुरस्कार)",Easy,नोबेल भाग्यशाला पुरस्कार किस वर्ष रॉबर्ट वेल्स ने प्राप्त किया था?,1971,1972,1973,1974,C,1973,रॉबर्ट वेल्स ने 1973 में नोबेल भाग्यशाला पुरस्कार प्राप्त किया था।,रॉबर्ट वेल्स ने 1973 में नोबेल भाग्यशाला पुरस्कार प्राप्त किया था। यह पुरस्कार भारत रत्न पुरस्कार के रूप में दिया जाता है।,2026-09-14 13:28:33
GK_HI_0135,Hindi,General Knowledge,"प्रमुख राष्ट्रीय एवं अंतरराष्ट्रीय पुरस्कार (नोबेल, भारत रत्न, पद्म पुरस्कार)",Easy,पद्म श्री पुरस्कार किस वर्ष अरुण जोशी ने प्राप्त किया था?,1989,1990,1991,1992,B,1990,अरुण जोशी ने 1990 में पद्म श्री पुरस्कार प्राप्त किया था।,अरुण जोशी ने 1990 में भारत रत्न पुरस्कार के रूप में पद्म श्री पुरस्कार प्राप्त किया था। यह पुरस्कार भारत के राष्ट्रपति द्वारा दिया जाता है।,2026-09-14 13:28:33
GK_HI_0136,Hindi,General Knowledge,"खेल जगत, क्रिकेट, हॉकी एवं ओलंपिक खेल",Medium,क्रिकेट में अंग्रेजी ने किस वर्ष ओलंपिक खेल में योगदान दिया?,1900,1904,1908,1912,C,1908,1908 में अंग्रेजी ने अंतरराष्ट्रीय क्रिकेट टीम के रूप में ओलंपिक खेल में भाग लिया था।,1908 की ओलंपिक में क्रिकेट एक ऑफिसियल खेल था और अंग्रेजी ने यह योगदान दिया था।,2026-09-14 13:29:10
GK_HI_0137,Hindi,General Knowledge,"खेल जगत, क्रिकेट, हॉकी एवं ओलंपिक खेल",Medium,हॉकी खेल में भारत ने किस वर्ष पद्म श्री पुरस्कार प्राप्त किया?,1958,1962,1968,1972,B,1962,1962 में हॉकी खेल में भारत ने पद्म श्री पुरस्कार प्राप्त किया था।,1962 के रूपरेखित खेल में भारत की प्रदर्शन की सुमारी ने पद्म श्री पुरस्कार की नैक्टर प्रदान की थी।,2026-09-14 13:29:10
GK_HI_0138,Hindi,General Knowledge,"खेल जगत, क्रिकेट, हॉकी एवं ओलंपिक खेल",Medium,पद्म रत्न पुरस्कार किस खेल के लिए भारतीय खिलाड़ियों को दिया जाता है?,क्रिकेट,हॉकी,बास्केटबॉल,कार रैसिंग,A,क्रिकेट,पद्म रत्न पुरस्कार क्रिकेट के लिए दिया जाता है।,"पद्म रत्न पुरस्कार भारत के सर्वोत्तम खिलाड़ियों के लिए दिया जाता है, जिन्होंने खेल में बहुत अच्छी प्रदर्शन की है और वह खेल जिसके लिए यह पुरस्कार दिया जाता है क्रिकेट है।",2026-09-14 13:29:10
GK_HI_0139,Hindi,General Knowledge,"खेल जगत, क्रिकेट, हॉकी एवं ओलंपिक खेल",Medium,रिक्स बार्टन ने किस खेल में दुनिया रिकॉर्ड ढाला था?,क्रिकेट,हॉकी,बास्केटबॉल,फिटबाल,A,क्रिकेट,रिक्स बार्टन ने क्रिकेट में दुनिया रिकॉर्ड ढाला था।,रिक्स बार्टन क्रिकेट में दुनिया रिकॉर्ड रनजार्क और डबल डिलेक्स ढालने से जाने जाते हैं।,2026-09-14 13:29:10
GK_HI_0140,Hindi,General Knowledge,"खेल जगत, क्रिकेट, हॉकी एवं ओलंपिक खेल",Medium,1980 की ओलंपिक में भारत किस खेल में ब्रonzE मेडल जीती?,हॉकी,क्रिकेट,बास्केटबॉल,फिटबाल,A,हॉकी,1980 की ओलंपिक में भारत ने हॉकी में ब्रonzE मेडल जीती थी।,1980 की ओलंपिक में भारत की हॉकी टीम ने ब्रonzE मेडल जीती थी जो भारत के खेल के इतिहास में एक विशेष घटना है।,2026-09-14 13:29:10
GK_HI_0141,Hindi,General Knowledge,"खेल जगत, क्रिकेट, हॉकी एवं ओलंपिक खेल",Medium,स्टेन्ले अंडरवन ने किस खेल में पद्म श्री पुरस्कार प्राप्त किया?,क्रिकेट,हॉकी,बास्केटबॉल,फिटबाल,B,हॉकी,स्टेन्ले अंडरवन ने हॉकी में पद्म श्री पुरस्कार प्राप्त किया था।,स्टेन्ले अंडरवन ने भारत की हॉकी टीम के लिए अपना योगदान दिया और उस वर्ष उन्हें पद्म श्री पुरस्कार दिया गया था।,2026-09-14 13:29:10
GK_HI_0142,Hindi,General Knowledge,"खेल जगत, क्रिकेट, हॉकी एवं ओलंपिक खेल",Medium,1928 की ओलंपिक में भारत किस खेल में ब्रonzE मेडल जीती?,क्रिकेट,हॉकी,बास्केटबॉल,फिटबाल,B,हॉकी,1928 की ओलंपिक में भारत ने हॉकी में ब्रonzE मेडल जीती थी।,1928 की ओलंपिक में भारत की हॉकी टीम ने ब्रonzE मेडल जीती थी जो भारत के खेल के इतिहास में एक विशेष घटना है।,2026-09-14 13:29:10
GK_HI_0143,Hindi,General Knowledge,"खेल जगत, क्रिकेट, हॉकी एवं ओलंपिक खेल",Medium,किस खेल के लिए राजेश रावल ने पद्म रत्न पुरस्कार प्राप्त किया?,क्रिकेट,हॉकी,बास्केटबॉल,फिटबाल,A,क्रिकेट,राजेश रावल ने क्रिकेट में पद्म रत्न पुरस्कार प्राप्त किया था।,राजेश रावल ने अपने क्रिकेट के प्रदर्शन के लिए पद्म रत्न पुरस्कार प्राप्त किया था जो भारत के खेल के इतिहास में एक उल्लेखनीय घटना है।,2026-09-14 13:29:10
GK_HI_0144,Hindi,General Knowledge,"खेल जगत, क्रिकेट, हॉकी एवं ओलंपिक खेल",Medium,1960 की ओलंपिक में भारत किस खेल में ब्रonzE मेडल जीती?,क्रिकेट,हॉकी,बास्केटबॉल,फिटबाल,B,हॉकी,1960 की ओलंपिक में भारत ने हॉकी में ब्रonzE मेडल जीती थी।,1960 की ओलंपिक में भारत की हॉकी टीम ने ब्रonzE मेडल जीती थी जो भारत के खेल के इतिहास में एक विशेष घटना है।,2026-09-14 13:29:10
GK_HI_0145,Hindi,General Knowledge,"पर्यावरण, वन्यजीव अभयारण्य एवं राष्ट्रीय उद्यान",Hard,राष्ट्रीय उद्यानों में विश्व का सबसे बड़ा कौन सा उद्यान है?,"राज्य राष्ट्रीय उद्यान, भारत","आमोर्टेज राष्ट्रीय उद्यान, अमेरिका","अल्पास्टर राष्ट्रीय उद्यान, फ्रांस","कॅनाडा संस्थानिक राष्ट्रीय उद्यान, कॅनाडा",D,"कॅनाडा संस्थानिक राष्ट्रीय उद्यान, कॅनाडा","कॅनाडा संस्थानिक राष्ट्रीय उद्यान में 370,500 वर्ग किलोमीटर का क्षेत्र है।",कॅनाडा संस्थानिक राष्ट्रीय उद्यान अपने विशाल क्षेत्र के लिए विश्व का सबसे बड़ा राष्ट्रीय उद्यान है।,2026-09-14 13:29:59
GK_HI_0146,Hindi,General Knowledge,"पर्यावरण, वन्यजीव अभयारण्य एवं राष्ट्रीय उद्यान",Hard,वन्यजीव अभयारण्य में एक वन्यजीव की अभयारण्य में रहने की अवधि कितनी होती है?,2-3 वर्ष,5-7 वर्ष,10-15 वर्ष,15-20 वर्ष,C,10-15 वर्ष,10-15 वर्ष की अवधि में वन्यजीव अभयारण्य के भावों को अधिक विकसित कर सकता है।,वन्यजीव अभयारण्य में रहने के दौरान वन्यजीव अपनी जीवन शैली और संवाद को नियंत्रित करता है।,2026-09-14 13:29:59
GK_HI_0147,Hindi,General Knowledge,"पर्यावरण, वन्यजीव अभयारण्य एवं राष्ट्रीय उद्यान",Hard,पर्यावरण विनाश का कारण किस से नहीं होता?,कार जाँच,दूबाले उपकरणों का उपयोग,कैनेडी रॉल अप,कोयला अनुप्रयोग,A,कार जाँच,कार जाँच पर्यावरण देखभाल के लिए एक अच्छी रणनीति है।,कार जाँच का उपयोग वायु प्रदूषण को कम करने में लगाया जाता है जो नहीं पर्यावरण विनाश का कारण है।,2026-09-14 13:29:59
GK_HI_0148,Hindi,General Knowledge,"पर्यावरण, वन्यजीव अभयारण्य एवं राष्ट्रीय उद्यान",Hard,भारत का आंतरिक राष्ट्रीय उद्यान कौन सा है?,कौस्तुभ राष्ट्रीय उद्यान,मिश्र राष्ट्रीय उद्यान,ताज महल राष्ट्रीय उद्यान,सुरेशनदी राष्ट्रीय उद्यान,C,ताज महल राष्ट्रीय उद्यान,ताज महल राष्ट्रीय उद्यान भारत का आंतरिक राष्ट्रीय उद्यान है।,ताज महल राष्ट्रीय उद्यान में ताज महल का विश्वस्त्रोत वर्ग संरक्षण किया जाता है।,2026-09-14 13:29:59
GK_HI_0149,Hindi,General Knowledge,"पर्यावरण, वन्यजीव अभयारण्य एवं राष्ट्रीय उद्यान",Hard,पर्यावरण में वन्यजीव क्यों संरक्षित किये जाते हैं?,पाठ्यक्रमों में शामिल करने के लिए,पर्यावरण विनाश को कम करने के लिए,वन्यजीव अभयारण्य की वैज्ञानिक जानकारी लेने के लिए,वन्यजीव के आबादी को बढ़ावा देने के लिए,B,पर्यावरण विनाश को कम करने के लिए,पर्यावरण विनाश को कम करने के लिए वन्यजीव का संरक्षण गर्वित है।,वन्यजीव का संरक्षण संरक्षण करता है और प्राकृतिक विविधता को बनाए रखता है।,2026-09-14 13:29:59
GK_HI_0150,Hindi,General Knowledge,"पर्यावरण, वन्यजीव अभयारण्य एवं राष्ट्रीय उद्यान",Hard,किस राष्ट्रीय उद्यान में भारत का सबसे बड़ा राष्ट्रीय उद्यान श्रेणी है?,बाहरी राष्ट्रीय उद्यान,भारत राष्ट्रीय उद्यान,भारत राष्ट्रीय उद्यान श्रेणी,मिश्र राष्ट्रीय उद्यान,C,भारत राष्ट्रीय उद्यान श्रेणी,भारत राष्ट्रीय उद्यान श्रेणी में भारत का सबसे बड़ा राष्ट्रीय उद्यान श्रेणी है।,भारत राष्ट्रीय उद्यान श्रेणी में भारत के कई बड़े राष्ट्रीय उद्यान शामिल हैं।,2026-09-14 13:29:59
GK_HI_0151,Hindi,General Knowledge,"पर्यावरण, वन्यजीव अभयारण्य एवं राष्ट्रीय उद्यान",Hard,वन्यजीव अभयारण्य की लक्ष्य क्या हैं?,वन्यजीवों की जनसंख्या को बढ़ावा देने के लिए,वन्यजीवों के अनुकूल वातावरण बनाने के लिए,वन्यजीवों की विविधता को बढ़ावा देने के लिए,वन्यजीवों को भूमि से बचाने के लिए,C,वन्यजीवों की विविधता को बढ़ावा देने के लिए,वन्यजीवों की विविधता को बढ़ावा देने के लिए वन्यजीव अभयारण्य तैयार किए जाते हैं।,वन्यजीव अभयारण्य की विविधता को बढ़ावा देने से प्राकृतिक विविधता का संरक्षण किया जाता है।,2026-09-14 13:30:00
GK_HI_0152,Hindi,General Knowledge,"पर्यावरण, वन्यजीव अभयारण्य एवं राष्ट्रीय उद्यान",Hard,राष्ट्रीय उद्यानों की क्या उपयोगिता है?,कोलेज शिक्षा,भारतीय संस्कृति का विकास,पर्यावरण संरक्षण और विविधता,विद्यार्थी आत्मक विकास,C,पर्यावरण संरक्षण और विविधता,राष्ट्रीय उद्यानों का एक महत्वपूर्ण उपयोग वन्यजीव अभयारण्य और विविधता के संरक्षण है।,राष्ट्रीय उद्यानों के मुख्य उद्देश्य संरक्षण करने और विविधता को बनाए रखने हैं।,2026-09-14 13:30:00
GK_HI_0153,Hindi,General Knowledge,प्राचीन एवं मध्यकालीन भारतीय इतिहास,Easy,किस युग में भारत में राजनीतिक संघर्ष और जनता के विरोध का दौर हुआ?,प्राचीन युग,मध्यकालीन युग,प्राचीन युग और मध्यकालीन युग दोनों में,मध्यकालीन युग के अंत में,D,मध्यकालीन युग के अंत में,मध्यकालीन युग के अंत में जनता के विरोध और राजनीतिक संघर्ष शक्तियों के बीच हुए।,"मध्यकालीन युग के अंत में, जैविक और सांस्कृतिक बदलावों के दर पर जनता की गुरुत्वाकर्षण राजनीतिक विवादों में बढ़ी।",2026-09-14 13:30:45
GK_HI_0154,Hindi,General Knowledge,प्राचीन एवं मध्यकालीन भारतीय इतिहास,Easy,जातीय संघर्ष और जनता के विरोध कब शुरू हुआ था?,प्राचीन युग,राजवंश की शुरुआत से,मध्यकालीन युग,शुक्ल युग,C,मध्यकालीन युग,मध्यकालीन युग में जनता के विरोध और संघर्ष शुरू हुए।,मध्यकालीन युग में जनता के विरोध और संघर्ष शुरू हुए और इससे राजनीतिक विवादों और संरक्षण की घटनाएं आरम्भ हुईं।,2026-09-14 13:30:45
GK_HI_0155,Hindi,General Knowledge,प्राचीन एवं मध्यकालीन भारतीय इतिहास,Easy,मध्यकालीन युग के राजवंशों में जनता के विरोध किस राजवंश में देखा गया था?,चैत्रवंश,चौदरवंश,कुमारवंश,शूरवंश,B,चौदरवंश,चौदरवंश के राजवंश में जनता के विरोध और संघर्ष देखे गए थे।,चौदरवंश के राजवंश में जनता के विरोध और संघर्ष देखे गए थे जिनमें संरक्षण और राजनीतिक संघर्ष भी शामिल थे।,2026-09-14 13:30:45
GK_HI_0156,Hindi,General Knowledge,प्राचीन एवं मध्यकालीन भारतीय इतिहास,Easy,मध्यकालीन युग के दौरान भारत में राजनीतिक संघर्ष के किस कारण से जनता का विरोध शुरू हुआ?,शासकों की बेईमानी,राजनीतिक अस्तित्व,सांस्कृतिक विवाद,सामाजिक बदलाव,A,शासकों की बेईमानी,शासकों की बेईमानी से जनता का विरोध और संघर्ष शुरू हुआ।,शासकों की बेईमानी जनता के विरोध और संघर्ष का एक महत्वपूर्ण कारण था जिससे राजनीतिक विवाद और संघर्ष आरम्भ हुए।,2026-09-14 13:30:45
GK_HI_0157,Hindi,General Knowledge,प्राचीन एवं मध्यकालीन भारतीय इतिहास,Easy,किस युग में भारत में जनता के विरोध और संघर्ष आरम्भ हुए?,प्राचीन युग,मध्यकालीन युग,शुक्ल युग,नवागमी युग,B,मध्यकालीन युग,मध्यकालीन युग में जनता के विरोध और संघर्ष आरम्भ हुए।,मध्यकालीन युग में जनता के विरोध और संघर्ष शुरू हुए जब राजनीतिक विवाद और संरक्षण की घटनाएं आरम्भ हुईं।,2026-09-14 13:30:45
GK_HI_0158,Hindi,General Knowledge,प्राचीन एवं मध्यकालीन भारतीय इतिहास,Easy,किस युग में भारत में जनता के विरोध और संघर्ष देखे गए थे?,प्राचीन युग,मध्यकालीन युग,शुक्ल युग,नवागमी युग,B,मध्यकालीन युग,मध्यकालीन युग में जनता के विरोध और संघर्ष देखे गए थे।,मध्यकालीन युग में जनता के विरोध और संघर्ष देखे गए थे जिनमें संरक्षण और राजनीतिक संघर्ष भी शामिल थे।,2026-09-14 13:30:45
GK_HI_0159,Hindi,General Knowledge,प्राचीन एवं मध्यकालीन भारतीय इतिहास,Easy,मध्यकालीन युग के दौरान राजनीतिक संघर्ष किस राजवंश में देखे गए थे?,शूरवंश,चैत्रवंश,चौदरवंश,कुमारवंश,C,चौदरवंश,चौदरवंश के राजवंश में राजनीतिक संघर्ष देखे गए थे।,चौदरवंश के राजवंश में राजनीतिक संघर्ष देखे गए थे जिनमें संरक्षण और विवाद भी शामिल थे।,2026-09-14 13:30:45
GK_HI_0160,Hindi,General Knowledge,प्राचीन एवं मध्यकालीन भारतीय इतिहास,Easy,मध्यकालीन युग में जनता के विरोध और संघर्ष किस कारण से शुरू हुए?,शासकों की बेईमानी,राजनीतिक अस्तित्व,सांस्कृतिक विवाद,सामाजिक बदलाव,A,शासकों की बेईमानी,शासकों की बेईमानी से जनता का विरोध और संघर्ष शुरू हुआ।,शासकों की बेईमानी जनता के विरोध और संघर्ष का एक महत्वपूर्ण कारण था जिससे राजनीतिक विवाद और संघर्ष आरम्भ हुए।,2026-09-14 13:30:45
GK_HI_0161,Hindi,General Knowledge,प्राचीन एवं मध्यकालीन भारतीय इतिहास,Easy,मध्यकालीन युग में राजनीतिक संघर्ष और जनता का विरोध किस राजवंश में देखे गए थे?,शूरवंश,चौदरवंश,कुमारवंश,चैत्रवंश,B,चौदरवंश,चौदरवंश के राजवंश में राजनीतिक संघर्ष और जनता का विरोध देखे गए थे।,चौदरवंश के राजवंश में राजनीतिक संघर्ष और जनता का विरोध देखे गए थे जिनमें संरक्षण और विवाद भी शामिल थे।,2026-09-14 13:30:45
GK_HI_0162,Hindi,General Knowledge,आधुनिक भारत का इतिहास एवं स्वतंत्रता संग्राम,Medium,स्वतंत्रता संग्राम के दौरान बड़ी भाग लेने वाले किस वर्ग का नाम है?,सैन्य वर्ग,शैल्पिक वर्ग,शिक्षित वर्ग,निजी व्यवसायी वर्ग,C,शिक्षित वर्ग,शिक्षित वर्ग स्वतंत्रता संग्राम के दौरान बहुत बड़ी भाग लेने वाले थे क्योंकि वे राजनीतिक सिद्धांतों के विचार कर सकते थे।,शिक्षित वर्ग स्वतंत्रता संग्राम में अपनी जानकारी और राजनीतिक सिद्धांतों के आधार पर बड़ी भाग लेने वाले थे।,2026-09-14 13:31:37
GK_HI_0163,Hindi,General Knowledge,आधुनिक भारत का इतिहास एवं स्वतंत्रता संग्राम,Medium,1942 जुलाई में जारी किया गया निवारण योजना का कौन-सा नाम था?,विरोधी योजना,विराम काल योजना,रक्षा योजना,निवारण योजना,B,विराम काल योजना,1942 में जारी विराम काल योजना का उद्देश्य यह था कि यह भारतीय लोगों को अंग्रेजों के विरुद्ध लड़ने से रोक सके।,विराम काल योजना का उद्देश्य राष्ट्र की रक्षा करने का था और भारतीय संग्राम को बनाए रखने का था।,2026-09-14 13:31:37
GK_HI_0164,Hindi,General Knowledge,आधुनिक भारत का इतिहास एवं स्वतंत्रता संग्राम,Medium,नारायण शर्मा ने स्वतंत्रता संग्राम में किस ग्रुप में बड़ी भाग ली थी?,सैन्य सेना,स्वाधीन भारत आंदोलन,शिक्षित वर्ग,निजी व्यवसायी वर्ग,B,स्वाधीन भारत आंदोलन,नारायण शर्मा ने स्वाधीन भारत आंदोलन में अपनी सेवा की जो ग्रुप का अंग था।,नारायण शर्मा ने भारत के स्वतंत्रता संग्राम में अपने स्वाधीन भारत आंदोलन में बड़ी भाग ली थी।,2026-09-14 13:31:37
GK_HI_0165,Hindi,General Knowledge,आधुनिक भारत का इतिहास एवं स्वतंत्रता संग्राम,Medium,1942 जनवरी में जारी राष्ट्रवादी आंदोलन का कौन-सा नाम था?,आंदोलन गुजरात,रक्षा योजना,नावार्ष्ट योजना,विराम काल योजना,D,विराम काल योजना,1942 जनवरी में जारी विराम काल योजना राष्ट्रवादी आंदोलन का एक हिस्सा थी।,विराम काल योजना का उद्देश्य भारतीय लोगों को अंग्रेजों के विरुद्ध लड़ने से रोकना था।,2026-09-14 13:31:37
GK_HI_0166,Hindi,General Knowledge,आधुनिक भारत का इतिहास एवं स्वतंत्रता संग्राम,Medium,1946 में जारी विभाजन योजना का कौन-सा नाम था?,रक्षा योजना,राज्यों की विभाजन योजना,विराम काल योजना,स्वतंत्रता योजना,B,राज्यों की विभाजन योजना,1946 में जारी राज्यों की विभाजन योजना विभाजन आंदोलन का एक हिस्सा थी।,राज्यों की विभाजन योजना भारत के राज्यों की विभाजन आंदोलन की एक अन्तरराष्ट्रीय योजना थी।,2026-09-14 13:31:37
GK_HI_0167,Hindi,General Knowledge,आधुनिक भारत का इतिहास एवं स्वतंत्रता संग्राम,Medium,1942 में जारी विराम काल योजना का उद्देश्य क्या था?,भारत की रक्षा करना,भारतीय संग्राम को बनाए रखना,अंग्रेजों के विरुद्ध लड़ने से रोकना,राष्ट्रवादी आंदोलन का समर्थन करना,C,अंग्रेजों के विरुद्ध लड़ने से रोकना,विराम काल योजना का उद्देश्य भारतीय संग्राम को बनाए रखना था और अंग्रेजों के विरुद्ध लड़ने से रोकना था।,विराम काल योजना का उद्देश्य भारतीय संग्राम को बनाए रखना और अंग्रेजों के विरुद्ध लड़ने से रोकना था।,2026-09-14 13:31:37
GK_HI_0168,Hindi,General Knowledge,आधुनिक भारत का इतिहास एवं स्वतंत्रता संग्राम,Medium,1942 में जारी राष्ट्रवादी आंदोलन का नाम क्या था?,विराम काल योजना,रक्षा योजना,नावार्ष्ट योजना,राष्ट्रवादी आंदोलन योजना,D,राष्ट्रवादी आंदोलन योजना,1942 में जारी राष्ट्रवादी आंदोलन योजना भारतीय राष्ट्रवादियों की एक आंदोलन का नाम था।,राष्ट्रवादी आंदोलन योजना राष्ट्रवादियों के लड़ाई में भाग लेने का एक योजना थी।,2026-09-14 13:31:37
GK_HI_0169,Hindi,General Knowledge,आधुनिक भारत का इतिहास एवं स्वतंत्रता संग्राम,Medium,1946 में जारी राज्यों की विभाजन योजना का उद्देश्य क्या था?,भारत की रक्षा करना,राष्ट्रवादी आंदोलन का समर्थन करना,भारतीय लोगों को अंग्रेजों के विरुद्ध लड़ने से रोकना,भारत के राज्यों की विभाजन करना,D,भारत के राज्यों की विभाजन करना,1946 में जारी राज्यों की विभाजन योजना भारत के राज्यों की विभाजन करने की एक योजना थी।,राज्यों की विभाजन योजना भारत के राज्यों की विभाजन और विभाजन आंदोलन की अभियान करने की एक योजना थी।,2026-09-14 13:31:37
GK_HI_0170,Hindi,General Knowledge,आधुनिक भारत का इतिहास एवं स्वतंत्रता संग्राम,Medium,1942 में जारी राष्ट्रवादी आंदोलन का उद्देश्य क्या था?,भारत की रक्षा करना,राष्ट्रवादी आंदोलन का समर्थन करना,भारतीय लोगों को अंग्रेजों के विरुद्ध लड़ने से रोकना,भारत के स्वतंत्रता को प्रोत्साहित करना,D,भारत के स्वतंत्रता को प्रोत्साहित करना,1942 में जारी राष्ट्रवादी आंदोलन भारत के स्वतंत्रता को प्रोत्साहित करने का एक आंदोलन था।,राष्ट्रवादी आंदोलन भारत के स्वतंत्रता के लिए लड़ाई में भाग लेने का एक आंदोलन था।,2026-09-14 13:31:37
GK_HI_0171,Hindi,General Knowledge,आधुनिक भारत का इतिहास एवं स्वतंत्रता संग्राम,Medium,1946 में जारी विभाजन योजना का उद्देश्य क्या था?,भारत की रक्षा करना,राष्ट्रवादी आंदोलन का समर्थन करना,भारतीय लोगों को अंग्रेजों के विरुद्ध लड़ने से रोकना,भारत के राज्यों की विभाजन करना,D,भारत के राज्यों की विभाजन करना,1946 में जारी विभाजन योजना भारत के राज्यों की विभाजन करने की एक योजना थी।,विभाजन योजना भारत के राज्यों की विभाजन और विभाजन आंदोलन की अभियान करने की एक योजना थी।,2026-09-14 13:31:37
GK_HI_0172,Hindi,General Knowledge,विश्व का इतिहास एवं प्रमुख क्रांतियाँ,Hard,1848 की प्राकृतिक समाज-सामाजिक क्रांति के अंतर्गत कौन-कौन से देशों में क्रांति हुई?,मार्क्स और एंटोनी फेर्रारो के कार्यों का अध्ययन,रूस और फ्रांस,यूरोप के दक्षिणी राज्यों में,अमेरिका और चीन,C,यूरोप के दक्षिणी राज्यों में,यह उत्तर सही है क्योंकि 1848 की क्रांति यूरोप के दक्षिणी राज्यों में न्यायवादी और सामाजिक रूप से बदलाव की दिशा में लड़ा गया था।,"1848 की क्रांति में यूरोप के दक्षिणी राज्यों में सामाजिक और न्यायवादी बदलाव की दिशा में लड़ा गया था, जो मार्क्सवादी सिद्धांतों का प्रभाव था। दक्षिण फ्रांस, इटली और अन्य राज्यों में यह क्रांति देखी गई थी।",2026-09-14 13:32:49
GK_HI_0173,Hindi,General Knowledge,विश्व का इतिहास एवं प्रमुख क्रांतियाँ,Hard,1917 की रूस की क्रांति का मुख्य उद्देश्य क्या था?,सामाजिक और नैतिक रूप से बदलाव की लड़ाई,व्यावसायिक और नैतिक रूप से बदलाव की लड़ाई,सामाजिक और नैतिक रूप से बदलाव की लड़ाई और राष्ट्रवाद,व्यावसायिक और राष्ट्रवादी रूप से बदलाव की लड़ाई,C,सामाजिक और नैतिक रूप से बदलाव की लड़ाई और राष्ट्रवाद,यह उत्तर सही है क्योंकि 1917 की रूस की क्रांति नैतिक और सामाजिक बदलाव की लड़ाई के साथ-साथ राष्ट्रवाद भी शामिल था।,"1917 की रूस की क्रांति में नैतिक और सामाजिक बदलाव की लड़ाई और राष्ट्रवादी भावना दोनों शामिल थे, जिससे कि रूस ने सामाजिक और राष्ट्रवादी रूप से बदलाव की लड़ाई की।",2026-09-14 13:32:49
GK_HI_0174,Hindi,General Knowledge,विश्व का इतिहास एवं प्रमुख क्रांतियाँ,Hard,1914-1918 की पहली विश्व युद्ध के दौरान उत्तरी अमेरिका की अपनी भूमिका क्या थी?,युद्ध के प्रतिबंधक,युद्ध के अंतर्गत लड़ने वाला देश,युद्ध के बाद की समुदाय की रक्षा करने वाला देश,युद्ध के भीतर लड़ने वाला देश,A,युद्ध के प्रतिबंधक,यह उत्तर सही है क्योंकि उत्तरी अमेरिका ने 1914-1918 के पहले विश्व युद्ध के दौरान युद्ध से बचने के लिए अपनी भूमिका निभाई थी।,1914-1918 के पहले विश्व युद्ध के दौरान उत्तरी अमेरिका ने युद्ध के बाहर रहने की राजधानी रखी थी और युद्ध के प्रतिबंधक रहकर दूसरे देशों की सहायता की।,2026-09-14 13:32:49
GK_HI_0175,Hindi,General Knowledge,विश्व का इतिहास एवं प्रमुख क्रांतियाँ,Hard,1871 की परिस क्रांति का मुख्य उद्देश्य क्या था?,मार्क्सवादी आंदोलन,कॉलेज और स्कूल की बदलाव,पॉलिटिकल और सामाजिक बदलाव,राष्ट्रवादी रूप से बदलाव,C,पॉलिटिकल और सामाजिक बदलाव,यह उत्तर सही है क्योंकि 1871 की परिस क्रांति ने विशेष रूप से पॉलिटिकल और सामाजिक बदलाव की लड़ाई की।,"1871 की परिस क्रांति ने नैतिक और सामाजिक बदलाव की लड़ाई की, जिसमें सामाजिक बदलाव के लिए परिस के शहर की स्वतंत्रता और सामाजिक उपकरणों के उपयोग शामिल थे।",2026-09-14 13:32:49
GK_HI_0176,Hindi,General Knowledge,विश्व का इतिहास एवं प्रमुख क्रांतियाँ,Hard,1857 की भारतीय अर्मी क्रांति का मुख्य उद्देश्य क्या था?,अंग्रेजी शासन की विरोधी राजनीतिक लड़ाई,भारत की स्वतंत्रता की लड़ाई,सामाजिक और नैतिक बदलाव की लड़ाई,राष्ट्रवादी रूप से बदलाव,B,भारत की स्वतंत्रता की लड़ाई,यह उत्तर सही है क्योंकि 1857 की क्रांति भारत की स्वतंत्रता की लड़ाई की थी।,"1857 की भारतीय अर्मी क्रांति भारत की स्वतंत्रता की लड़ाई के रूप में देखी जाती है, जिसमें भारतीय सैनिक रिले की सहायता से अंग्रेजी सैन्य प्रतिबंध को गुजरने की लड़ाई की थी।",2026-09-14 13:32:49
GK_HI_0177,Hindi,General Knowledge,विश्व का इतिहास एवं प्रमुख क्रांतियाँ,Hard,1917 की रूस की क्रांति के बाद देश की राजधानी कहाँ रियायत थी?,साराखात,मास्को,साराखात और मास्को दोनों,साराखात और मास्को के बीच का चुनाव,D,साराखात और मास्को के बीच का चुनाव,यह उत्तर सही है क्योंकि 1917 की क्रांति के बाद रूस देश की राजधानी साराखात और मास्को के बीच का चुनाव करने वाली थी।,"1917 की रूस की क्रांति के बाद देश की राजधानी साराखात और मास्को के बीच का चुनाव करने वाली थी, जिसमें क्रांतिवादी कालिन्दी साम्राज्य ने मास्को को चुना और क्रांतिवादी गणराज्य ने साराखात को चुना।",2026-09-14 13:32:49
GK_HI_0178,Hindi,General Knowledge,विश्व का इतिहास एवं प्रमुख क्रांतियाँ,Hard,1919 की जर्मनी की क्रांति का मुख्य उद्देश्य क्या था?,राष्ट्रवादी रूप से बदलाव,सामाजिक और नैतिक बदलाव,राष्ट्रवादी रूप से बदलाव और सामाजिक न्याय,पॉलिटिकल और सामाजिक बदलाव,D,पॉलिटिकल और सामाजिक बदलाव,यह उत्तर सही है क्योंकि 1919 की जर्मनी की क्रांति ने राष्ट्रवादी रूप से बदलाव और सामाजिक न्याय के लिए पॉलिटिकल और सामाजिक बदलाव की लड़ाई की।,"1919 की जर्मनी की क्रांति ने राष्ट्रवादी रूप से बदलाव और सामाजिक न्याय के लिए पॉलिटिकल और सामाजिक बदलाव की लड़ाई की, जिसमें लोगों को जानबूझ कर राजनीतिक और सामाजिक नीतियों के लिए स्वतंत्रता दी गई थी।",2026-09-14 13:32:49
GK_HI_0179,Hindi,General Knowledge,विश्व का इतिहास एवं प्रमुख क्रांतियाँ,Hard,1789 की फ्रांस की क्रांति का मुख्य उद्देश्य क्या था?,राष्ट्रवादी रूप से बदलाव,पॉलिटिकल और सामाजिक बदलाव,राष्ट्रवादी रूप से बदलाव और सामाजिक न्याय,सामाजिक और नैतिक बदलाव,B,पॉलिटिकल और सामाजिक बदलाव,यह उत्तर सही है क्योंकि 1789 की फ्रांस की क्रांति ने पॉलिटिकल और सामाजिक बदलाव की लड़ाई की।,"1789 की फ्रांस की क्रांति ने नैतिक और सामाजिक बदलाव की लड़ाई की, जिसमें लोगों को राजनीतिक और सामाजिक नीतियों के लिए स्वतंत्रता दी गई थी।",2026-09-14 13:32:49
GK_HI_0180,Hindi,General Knowledge,विश्व का इतिहास एवं प्रमुख क्रांतियाँ,Hard,1920 की तुर्की की क्रांति का मुख्य उद्देश्य क्या था?,राष्ट्रवादी रूप से बदलाव,पॉलिटिकल और सामाजिक बदलाव,राष्ट्रवादी रूप से बदलाव और सामाजिक न्याय,सामाजिक और नैतिक बदलाव,B,पॉलिटिकल और सामाजिक बदलाव,यह उत्तर सही है क्योंकि 1920 की तुर्की की क्रांति ने पॉलिटिकल और सामाजिक बदलाव की लड़ाई की।,"1920 की तुर्की की क्रांति ने नैतिक और सामाजिक बदलाव की लड़ाई की, जिसमें लोगों को राजनीतिक और सामाजिक नीतियों के लिए स्वतंत्रता दी गई थी।",2026-09-14 13:32:49
GK_HI_0181,Hindi,General Knowledge,विश्व का इतिहास एवं प्रमुख क्रांतियाँ,Hard,1868 की जपान की क्रांति का मुख्य उद्देश्य क्या था?,राष्ट्रवादी रूप से बदलाव,पॉलिटिकल और सामाजिक बदलाव,राष्ट्रवादी रूप से बदलाव और सामाजिक न्याय,सामाजिक और नैतिक बदलाव,B,पॉलिटिकल और सामाजिक बदलाव,यह उत्तर सही है क्योंकि 1868 की जपान की क्रांति ने पॉलिटिकल और सामाजिक बदलाव की लड़ाई की।,"1868 की जपान की क्रांति ने नैतिक और सामाजिक बदलाव की लड़ाई की, जिसमें लोगों को राजनीतिक और सामाजिक नीतियों के लिए स्वतंत्रता दी गई थी।",2026-09-14 13:32:49
GK_HI_0182,Hindi,General Knowledge,विश्व का इतिहास एवं प्रमुख क्रांतियाँ,Hard,1947 की भारत की स्वतंत्रता क्रांति का मुख्य उद्देश्य क्या था?,राष्ट्रवादी रूप से बदलाव,पॉलिटिकल और सामाजिक बदलाव,राष्ट्रवादी रूप से बदलाव और सामाजिक न्याय,सामाजिक और नैतिक बदलाव,B,पॉलिटिकल और सामाजिक बदलाव,यह उत्तर सही है क्योंकि 1947 की भारत की स्वतंत्रता क्रांति ने पॉलिटिकल और सामाजिक बदलाव की लड़ाई की।,"1947 की भारत की स्वतंत्रता क्रांति ने नैतिक और सामाजिक बदलाव की लड़ाई की, जिसमें लोगों को राजनीतिक और सामाजिक नीतियों के लिए स्वतंत्रता दी गई थी।",2026-09-14 13:32:49
GK_HI_0183,Hindi,General Knowledge,"भारत का भूगोल (नदियाँ, पर्वत, जलवायु, मिट्टियाँ)",Easy,दिल्ली की जलवायु क्या है?,दूर्गम जलवायु,जंगली जलवायु,तांबिक जलवायु,संवर्धित जलवायु,D,संवर्धित जलवायु,दिल्ली की जलवायु के कारण यह एक संवर्धित जलवायु वाला क्षेत्र है।,दिल्ली एक संवर्धित जलवायु वाला क्षेत्र है जिसमें गायब जंगल और बड़े शहरों के कारण तापमान और मौसम के परिवर्तन देखने में योगदान रहता है।,2026-09-14 13:33:28
GK_HI_0184,Hindi,General Knowledge,"भारत का भूगोल (नदियाँ, पर्वत, जलवायु, मिट्टियाँ)",Easy,दिल्ली का मुख्य पर्वत कौन-सा है?,हिमालय,मार्गरहाट,रैंगनाथरी,कर्णाटक,B,मार्गरहाट,मार्गरहाट दिल्ली के मुख्य पर्वत है।,मार्गरहाट पर्वत हिमालय परिवहन पथ पर स्थित है जो दिल्ली से लगभग 75 किलोमीटर दूर है।,2026-09-14 13:33:28
GK_HI_0185,Hindi,General Knowledge,"भारत का भूगोल (नदियाँ, पर्वत, जलवायु, मिट्टियाँ)",Easy,मध्य प्रदेश का मुख्य नदी कौन-सा है?,नदी गंगा,नदी बिहार,नदी यमुना,नदी जंगली,C,नदी यमुना,यमुना नदी मध्य प्रदेश का मुख्य नदी है।,यमुना नदी मध्य प्रदेश का मुख्य नदी है जो गंगा से जुड़ी है और राजस्थान और हरियाणा में भी पाई जाती है।,2026-09-14 13:33:28
GK_HI_0186,Hindi,General Knowledge,"भारत का भूगोल (नदियाँ, पर्वत, जलवायु, मिट्टियाँ)",Easy,भारत का सबसे बड़ा सूखा जलवायु वाला क्षेत्र कौन-सा है?,मध्य भारतीय सूखा जलवायु वाला क्षेत्र,उत्तर पूर्वी सूखा जलवायु वाला क्षेत्र,दक्षिणी सूखा जलवायु वाला क्षेत्र,पश्चिमी सूखा जलवायु वाला क्षेत्र,D,पश्चिमी सूखा जलवायु वाला क्षेत्र,पश्चिमी सूखा जलवायु वाला क्षेत्र भारत का सबसे बड़ा सूखा जलवायु वाला क्षेत्र है।,"पश्चिमी सूखा जलवायु वाला क्षेत्र राजस्थान, उत्तराखंड, गुजरात और दूसरे क्षेत्रों में बड़ी संख्या में देखा जाता है।",2026-09-14 13:33:28
GK_HI_0187,Hindi,General Knowledge,"भारत का भूगोल (नदियाँ, पर्वत, जलवायु, मिट्टियाँ)",Easy,भारत की सबसे ऊँची जलवाली शैल कौन-सी है?,मानसूरी शैल,महाराष्ट्र शैल,अल्पाक्षिक शैल,हिमालय शैल,D,हिमालय शैल,हिमालय शैल भारत की सबसे ऊँची जलवाली शैल है।,हिमालय शैल भारत के सबसे ऊँची शैली है जिसकी ऊँचाई लगभग 8848 मीटर तक जाती है।,2026-09-14 13:33:28
GK_HI_0188,Hindi,General Knowledge,"भारत का भूगोल (नदियाँ, पर्वत, जलवायु, मिट्टियाँ)",Easy,भारत का सबसे बड़ा मिट्टीय क्षेत्र कौन-सा है?,गण्डारा,चित्तौड़ा,महाराष्ट्र,दिल्ली,B,चित्तौड़ा,चित्तौड़ा भारत का सबसे बड़ा मिट्टीय क्षेत्र है।,"चित्तौड़ा मिट्टीय क्षेत्र भारत के सबसे बड़े मिट्टीय क्षेत्रों में से एक है जो महाराष्ट्र और तमिल नाडू में लगभग 150,000 वर्ग किलोमीटर का क्षेत्र धारण करता है।",2026-09-14 13:33:28
GK_HI_0189,Hindi,General Knowledge,"भारत का भूगोल (नदियाँ, पर्वत, जलवायु, मिट्टियाँ)",Easy,भारत का सबसे बड़ा पर्वत कौन-सा है?,कैनटर,हिमालय,हिमाचल,पंजाब,B,हिमालय,हिमालय भारत का सबसे बड़ा पर्वत है।,हिमालय पर्वत परिवहन पथ पर स्थित है जो भारत का सबसे बड़ा और सबसे ऊँचा पर्वत है।,2026-09-14 13:33:28
GK_HI_0190,Hindi,General Knowledge,"भारत का भूगोल (नदियाँ, पर्वत, जलवायु, मिट्टियाँ)",Easy,मध्य प्रदेश का मुख्य मिट्टीय क्षेत्र कौन-सा है?,चित्तौड़ा,गण्डारा,महाराष्ट्र,कर्नाटक,B,गण्डारा,गण्डारा भारत का सबसे बड़ा मिट्टीय क्षेत्र है।,गण्डारा मिट्टीय क्षेत्र भारत के मध्य प्रदेश का मुख्य मिट्टीय क्षेत्र है जो बड़े मिट्टीय क्षेत्रों में से एक है।,2026-09-14 13:33:28
GK_HI_0191,Hindi,General Knowledge,"भारत का भूगोल (नदियाँ, पर्वत, जलवायु, मिट्टियाँ)",Easy,भारत का सबसे बड़ा नदी कौन-सा है?,गंगा,यमुना,ब्रह्मपुत्र,सत्यग्रह,A,गंगा,गंगा भारत का सबसे बड़ा नदी है।,"गंगा नदी भारत का सबसे बड़ा नदी है जो 2,525 किलोमीटर तक बाढ़ जाती है।",2026-09-14 13:33:28
GK_HI_0192,Hindi,General Knowledge,"भारत का भूगोल (नदियाँ, पर्वत, जलवायु, मिट्टियाँ)",Easy,कौन-सा पर्वत भारत का सबसे बड़ा पर्वत है?,हिमालय,महाराष्ट्र,कैनटर,पंजाब,A,हिमालय,हिमालय भारत का सबसे बड़ा पर्वत है।,"हिमालय पर्वत भारत का सबसे बड़ा और सबसे ऊँचा पर्वत है जो लगभग 2,500 किलोमीटर लंबा है।",2026-09-14 13:33:28
GK_HI_0193,Hindi,General Knowledge,"विश्व का भूगोल, महाद्वीप एवं महासागर",Medium,विश्व का सबसे बड़ा महासागर कौन-सा है?,ताटिक,पासिफिक,अटलांटिक,सालाम्बर,C,अटलांटिक,"अटलांटिक महासागर विश्व का सबसे बड़ा महासागर है जिसका क्षेत्रफल लगभग 81,100,000 वर्ग किलोमीटर है।",अटलांटिक महासागर का क्षेत्रफल और महत्व इसलिए उच्चतम है।,2026-09-14 13:34:02
GK_HI_0194,Hindi,General Knowledge,"विश्व का भूगोल, महाद्वीप एवं महासागर",Medium,प्रश्व का सबसे बड़ा महाद्वीप कौन-सा है?,सीमार्थ,अमेरिका,अफ्रीका,एशिया,D,एशिया,"एशिया विश्व का सबसे बड़ा महाद्वीप है जिसका क्षेत्रफल लगभग 44,579,000 वर्ग किलोमीटर है।",एशिया का विस्तृत क्षेत्र और अन्य महाद्वीपों से बड़ा है।,2026-09-14 13:34:02
GK_HI_0195,Hindi,General Knowledge,"विश्व का भूगोल, महाद्वीप एवं महासागर",Medium,प्रश्व का कौन-सा महाद्वीप सबसे कम जटिल है?,अफ्रीका,अमेरिका,सीमार्थ,एशिया,C,सीमार्थ,सीमार्थ महाद्वीप विश्व का सबसे न्यूनतम जटिल महाद्वीप है।,सीमार्थ महाद्वीप के कम जटिल अंग के लिए यह सही है।,2026-09-14 13:34:02
GK_HI_0196,Hindi,General Knowledge,"विश्व का भूगोल, महाद्वीप एवं महासागर",Medium,प्रश्व का कौन-सा महासागर सबसे कम जल की तापमान है?,ताटिक,पासिफिक,अस्ट्रलियन,सालाम्बर,A,ताटिक,ताटिक महासागर विश्व का सबसे निम्न तापमान वाला महासागर है।,ताटिक महासागर का निम्न तापमान इस उत्तर की अधिकता का कारण है।,2026-09-14 13:34:02
GK_HI_0197,Hindi,General Knowledge,"विश्व का भूगोल, महाद्वीप एवं महासागर",Medium,विश्व का कौन-सा महाद्वीप नदियों की संख्या और विस्तार में सबसे अधिक है?,सीमार्थ,अफ्रीका,अमेरिका,एशिया,D,एशिया,एशिया विश्व का सबसे नदी से जुड़ा हुआ महाद्वीप है जिसमें सबसे अधिक नदियां और उनका विस्तार है।,एशिया के बड़े नदी नेत्रों और उनका विस्तार के कारण यह सही है।,2026-09-14 13:34:02
GK_HI_0198,Hindi,General Knowledge,"विश्व का भूगोल, महाद्वीप एवं महासागर",Medium,प्रश्व का कौन-सा महासागर सबसे गहरा है?,ताटिक,पासिफिक,अस्ट्रलियन,सालाम्बर,B,पासिफिक,पासिफिक महासागर विश्व का सबसे गहरा महासागर है।,पासिफिक महासागर का अतिरिक्त गहराई इस उत्तर की अधिकता का कारण है।,2026-09-14 13:34:02
GK_HI_0199,Hindi,General Knowledge,"विश्व का भूगोल, महाद्वीप एवं महासागर",Medium,प्रश्व का कौन-सा महाद्वीप सबसे उष्णकटिबंधीय है?,अफ्रीका,अमेरिका,सीमार्थ,एशिया,A,अफ्रीका,अफ्रीका विश्व का सबसे उष्णकटिबंधीय महाद्वीप है।,अफ्रीका की उष्णकटिबंधीय स्थिति इस उत्तर की अधिकता का कारण है।,2026-09-14 13:34:02
GK_HI_0200,Hindi,General Knowledge,"विश्व का भूगोल, महाद्वीप एवं महासागर",Medium,विश्व का कौन-सा महासागर सबसे लंबा है?,ताटिक,पासिफिक,अस्ट्रलियन,सालाम्बर,B,पासिफिक,पासिफिक महासागर विश्व का सबसे लंबा महासागर है।,पासिफिक महासागर की लंबाई इस उत्तर की अधिकता का कारण है।,2026-09-14 13:34:02
GK_HI_0201,Hindi,General Knowledge,"विश्व का भूगोल, महाद्वीप एवं महासागर",Medium,प्रश्व का कौन-सा महाद्वीप सबसे बड़ा विस्तार वाला है?,अफ्रीका,अमेरिका,सीमार्थ,एशिया,D,एशिया,"एशिया विश्व का सबसे बड़ा महाद्वीप है जिसका क्षेत्रफल लगभग 44,579,000 वर्ग किलोमीटर है।",एशिया का विस्तृत क्षेत्र इस उत्तर की अधिकता का कारण है।,2026-09-14 13:34:02
GK_HI_0202,Hindi,General Knowledge,"विश्व का भूगोल, महाद्वीप एवं महासागर",Medium,प्रश्व का कौन-सा महासागर सबसे बड़ा है?,ताटिक,पासिफिक,अस्ट्रलियन,सालाम्बर,B,पासिफिक,पासिफिक महासागर विश्व का सबसे बड़ा महासागर है।,पासिफिक महासागर का बड़ा क्षेत्र इस उत्तर की अधिकता का कारण है।,2026-09-14 13:34:02
GK_HI_0203,Hindi,General Knowledge,"भारतीय संविधान, मौलिक अधिकार एवं राजव्यवस्था",Hard,"संविधान के अनुसार, राष्ट्रपति किसकी नियुक्ति की जाती है?",संसद,संविधान सभा,केंद्रीय मंत्रिमंडल,महात्मा गांधी विश्वविद्यालय,A,संसद,संसद राष्ट्रपति की नियुक्ति करती है क्योंकि यह संविधान के अनुसार राष्ट्रपति की नियुक्ति का राज्य की सरकार की नियुक्ति की है।,"राष्ट्रपति को दो सदस्यों द्वारा नियुक्त किया जाता है, जिनमें से एक संसद और दूसरा राज्य की सरकार। यह विवरण राष्ट्रपति की नियुक्ति प्रक्रिया को दर्शाता है।",2026-09-14 13:34:51
GK_HI_0204,Hindi,General Knowledge,"भारतीय संविधान, मौलिक अधिकार एवं राजव्यवस्था",Hard,मौलिक अधिकार के रूप में श्रेय देने वाले अधिकार किसका है?,मानव अधिकार,राज्य अधिकार,संसद अधिकार,सरकार अधिकार,A,मानव अधिकार,मानव अधिकार श्रेय देने वाले अधिकार है क्योंकि यह जनता के सभी व्यक्तियों को आदरणीय अधिकारों को दाहिने है।,"मानव अधिकार व्यक्तिगत, विश्वसनीय और अनिवार्य अधिकार हैं जो जनता के सभी व्यक्तियों को श्रेय दिए जाते हैं। यह अधिकार द्वारा उन्हें आदरणीय अधिकारों को राज्य या सरकार से दायित्व दिया जाता है।",2026-09-14 13:34:51
GK_HI_0205,Hindi,General Knowledge,"भारतीय संविधान, मौलिक अधिकार एवं राजव्यवस्था",Hard,भारत की संविधान किसका प्रतिनिधित्व करती है?,मुक्ति और स्वातंत्र्य,राज्य और सरकार,मानव अधिकार,सरकारी अधिकार,A,मुक्ति और स्वातं्र्य,संविधान मुक्ति और स्वातं्र्य का प्रतिनिधित्व करती है क्योंकि यह अपने अन्य अधिकारों को रक्षित करती है।,"संविधान भारत के व्यक्तियों की मुक्ति और स्वातं्र्य की रक्षा करता है, जो अन्य अधिकारों को भी रक्षित करते हैं।",2026-09-14 13:34:51
GK_HI_0206,Hindi,General Knowledge,"भारतीय संविधान, मौलिक अधिकार एवं राजव्यवस्था",Hard,भारत की संविधान ने किसकी किस अधिकार का पहचान दिया है?,मानव अधिकार,राज्य अधिकार,सरकार अधिकार,संसद अधिकार,A,मानव अधिकार,मानव अधिकार को पहचाना गया है क्योंकि यह जनता के सभी व्यक्तियों के आदरणीय अधिकारों का वर्णन करता है।,संविधान भारत के व्यक्तियों के लिए अपने आदरणीय अधिकारों को रक्षित करने वाला एक विशेष अनुसन्धान है। यह अनुसन्धान मानव अधिकारों को पहचाना गया है जो जनता के सभी व्यक्तियों के लिए आदरणीय हैं।,2026-09-14 13:34:51
GK_HI_0207,Hindi,General Knowledge,"भारतीय संविधान, मौलिक अधिकार एवं राजव्यवस्था",Hard,भारत की संविधान में राज्य का किसका पहचान दिया है?,विधायी अधिकार,मानव अधिकार,राज्य अधिकार,संसद अधिकार,C,राज्य अधिकार,राज्य अधिकार को पहचाना गया है क्योंकि यह राज्य अधिकारों को निर्धारित करता है।,संविधान भारत के राज्य अधिकारों को निर्धारित करता है जो राज्यों की स्वतंत्रता और विशेषता का प्रतिनिधित्व करते हैं।,2026-09-14 13:34:51
GK_HI_0208,Hindi,General Knowledge,"भारतीय संविधान, मौलिक अधिकार एवं राजव्यवस्था",Hard,भारत की संविधान ने किसके खिलाफ किसी न किसी राज्य की नियुक्ति की नहीं की है?,केंद्रीय मंत्रिमंडल,महात्मा गांधी विश्वविद्यालय,संसद,राज्य की सरकार,D,राज्य की सरकार,राज्य की सरकार की नियुक्ति की गई नहीं है क्योंकि यह राज्य की स्वतंत्रता का प्रतिनिधित्व करता है।,संविधान भारत के राज्यों की स्वतंत्रता को पहलू मानता है और राज्य की सरकार की नियुक्ति की गई नहीं है।,2026-09-14 13:34:51
GK_HI_0209,Hindi,General Knowledge,"भारतीय संविधान, मौलिक अधिकार एवं राजव्यवस्था",Hard,"संविधान के अनुसार, राज्य अधिकारों का निर्धारण किसका दायित्व है?",संसद,राज्य संसद,संविधान सभा,राज्य की सरकार,B,राज्य संसद,राज्य संसद ने राज्य अधिकारों का निर्धारण किया है क्योंकि यह राज्य अधिकारों का पहचान करती है।,राज्य संसद राज्य अधिकारों का निर्धारण करती है जो राज्य की स्वतंत्रता का प्रतिनिधित्व करते हैं। यह अनुसन्धान राज्यों की स्वतंत्रता को रक्षित करता है।,2026-09-14 13:34:51
GK_HI_0210,Hindi,General Knowledge,"भारतीय संविधान, मौलिक अधिकार एवं राजव्यवस्था",Hard,भारत की संविधान किस अधिकार को रक्षित नहीं करती?,स्वतंत्रता,स्वातंत्र्य,मानव अधिकार,सरकार अधिकार,D,सरकार अधिकार,सरकार अधिकार रक्षित नहीं किये जा सकते क्योंकि यह संविधान ने राज्य अधिकारों को रक्षित किया है।,संविधान राज्य अधिकारों को रक्षित करता है जो राज्य की स्वतंत्रता का प्रतिनिधित्व करते हैं। यह अनुसन्धान राज्य अधिकारों को रक्षित करने का दायित्व संविधान सभा के दायित्व के रूप में दिया है।,2026-09-14 13:34:51
GK_HI_0211,Hindi,General Knowledge,"भारतीय संविधान, मौलिक अधिकार एवं राजव्यवस्था",Hard,भारत की संविधान ने किसकी अधिकार को निर्धारित किया है?,मानव अधिकार,राज्य अधिकार,सरकार अधिकार,संसद अधिकार,A,मानव अधिकार,मानव अधिकार को निर्धारित किया गया है क्योंकि यह जनता के सभी व्यक्तियों के लिए आदरणीय अधिकारों का वर्णन करता है।,संविधान भारत के व्यक्तियों के लिए अपने आदरणीय अधिकारों को रक्षित करने वाला एक विशेष अनुसन्धान है। यह अनुसन्धान मानव अधिकारों को निर्धारित करता है जो जनता के सभी व्यक्तियों के लिए आदरणीय हैं।,2026-09-14 13:34:51
GK_HI_0212,Hindi,General Knowledge,"भारतीय अर्थव्यवस्था, बैंकिंग, बजट एवं योजनाएं",Easy,भारत का वर्तमान आर्थिक विकास योजना किसके अनुसार तैयार की जाती है?,प्रधान मंत्री अर्थव्यवस्था योजना,राष्ट्रीय अर्थव्यवस्था योजना,राष्ट्रपति अर्थव्यवस्था योजना,प्रधान मंत्री निर्मिति योजना,B,राष्ट्रीय अर्थव्यवस्था योजना,यह राष्ट्रीय अर्थव्यवस्था योजना (या रय) का एक विवरण है जो वर्तमान आर्थिक विकास की योजना तैयार करती है।,राष्ट्रीय अर्थव्यवस्था योजना (या रय) देश के संसद द्वारा तय की जाती है और वर्तमान आर्थिक विकास योजना की बुनियादी योजना देती है।,2026-09-14 13:35:50
GK_HI_0213,Hindi,General Knowledge,"भारतीय अर्थव्यवस्था, बैंकिंग, बजट एवं योजनाएं",Easy,भारत में राज्य बैंक का किस अधिकार है?,राज्य बैंक वित्त योजनाओं की निर्धारित करता है,राज्य बैंक राज्य की राजस्व संपादन करता है,राज्य बैंक राज्य के वित्तीय सेवाओं को प्रदान करता है,राज्य बैंक राज्य की बैंक वित्तीय नीतियों को नियंत्रित करता है,C,राज्य बैंक राज्य के वित्तीय सेवाओं को प्रदान करता है,यह उत्तर कहता है कि राज्य बैंक राज्य के लिए वित्तीय सेवाएं प्रदान करता है जो राज्य के आर्थिक विकास को समर्थित करती हैं।,"राज्य बैंक राज्य के वित्तीय सेवाओं को प्रदान करता है जो राज्य के आर्थिक विकास को समर्थित करती हैं। यह सेवाएं जैसे छोटे व्यवसायों को ऋण देना, बैंक बाजार नियंत्रित करना आदि से संबंधित होती हैं।",2026-09-14 13:35:50
GK_HI_0214,Hindi,General Knowledge,"भारतीय अर्थव्यवस्था, बैंकिंग, बजट एवं योजनाएं",Easy,भारत की अर्थव्यवस्था का किस प्रकार का अधिकार सरकार राज्यों को दिया गया है?,नियंत्रण अधिकार,कार्यालयी अधिकार,अधिकार अधिकार,राज्याधिकार,D,राज्याधिकार,यह उत्तर दर्शाता है कि सरकार राज्यों को अर्थव्यवस्था के क्षेत्र में अधिकार दिए हैं।,राज्याधिकार राज्य सरकारों को वित्तीय और आर्थिक कार्यों में नियंत्रण देता है जो राज्य का आर्थिक विकास को समर्थित करते हैं।,2026-09-14 13:35:50
GK_HI_0215,Hindi,General Knowledge,"भारतीय अर्थव्यवस्था, बैंकिंग, बजट एवं योजनाएं",Easy,भारतीय अर्थव्यवस्था में बैंकिंग नियमिति किस विभाग द्वारा की जाती है?,राज्य सरकार,राष्ट्रीय बैंक,राष्ट्रीय बैंक और स्थानीय बैंकों का नियंत्रण और दलाली विभाग (RBI),मंत्रिमंडल,C,राष्ट्रीय बैंक और स्थानीय बैंकों का नियंत्रण और दलाली विभाग (RBI),यह उत्तर दर्शाता है कि राष्ट्रीय बैंक और स्थानीय बैंकों का नियंत्रण और दलाली विभाग (RBI) बैंकिंग नियमिति करता है।,राष्ट्रीय बैंक और स्थानीय बैंकों का नियंत्रण और दलाली विभाग (RBI) भारतीय बैंकिंग नियमिति का नियंत्रण रखता है और बैंकों की कार्यवाही को नियंत्रित करता है।,2026-09-14 13:35:50
GK_HI_0216,Hindi,General Knowledge,"भारतीय अर्थव्यवस्था, बैंकिंग, बजट एवं योजनाएं",Easy,भारत में बजट किस दिन वर्षा की शुरुआत करता है?,जनवरी 1,अप्रैल 1,जुलाई 1,अक्टूबर 1,B,अप्रैल 1,यह उत्तर दर्शाता है कि बजट अप्रैल 1 को शुरू होता है जिसके बाद बजट वित्त साल के शुरुआती दिनों से चलता है।,भारत में बजट अप्रैल 1 को शुरू होता है जिसके बाद बजट वित्त साल के शुरुआती दिनों से चलता है। बजट वित्त साल के शुरुआती दिनों से चलता है जिसका मतलब है अप्रैल 1 से शुरू होता है।,2026-09-14 13:35:50
GK_HI_0217,Hindi,General Knowledge,"भारतीय अर्थव्यवस्था, बैंकिंग, बजट एवं योजनाएं",Easy,भारत की बजट संस्था किसका निर्देशन करती है?,राज्य सरकार,सरकार,राष्ट्रीय बैंक,मंत्रिमंडल,B,सरकार,यह उत्तर दर्शाता है कि बजट संस्था सरकार के निर्देशन के तहत चलती है।,भारत की बजट संस्था सरकार के निर्देशन के तहत चलती है जो बजट की तैयारी और वित्त साल के निर्णयों को नियंत्रित करती है।,2026-09-14 13:35:50
GK_HI_0218,Hindi,General Knowledge,"भारतीय अर्थव्यवस्था, बैंकिंग, बजट एवं योजनाएं",Easy,भारतीय अर्थव्यवस्था में बजट किस विषय को निरीक्षण करता है?,केवल व्यापार,केवल वित्त,केवल आर्थिक स्थिति,"वित्त, आर्थिक स्थिति और विभिन्न विषयों",D,"वित्त, आर्थिक स्थिति और विभिन्न विषयों","यह उत्तर दर्शाता है कि बजट वित्त, आर्थिक स्थिति और विभिन्न विषयों को निरीक्षण करता है।","भारतीय अर्थव्यवस्था में बजट वित्त, आर्थिक स्थिति और विभिन्न विषयों को निरीक्षण करता है। यह सभी क्षेत्रों को जाँच कर राज्य के आर्थिक विकास की योजना तैयार करता है।",2026-09-14 13:35:50
GK_HI_0219,Hindi,General Knowledge,"भारतीय अर्थव्यवस्था, बैंकिंग, बजट एवं योजनाएं",Easy,भारत में वित्त साल कितने दिनों का है?,365 दिन,366 दिन,12 माह,1 वित्त साल,D,1 वित्त साल,यह उत्तर दर्शाता है कि भारत में वित्त साल 1 वित्त साल का है।,भारत में वित्त साल 1 वित्त साल का है जो अप्रैल 1 से शुरू होता है और मार्च 31 तक चलता है।,2026-09-14 13:35:50
GK_HI_0220,Hindi,General Knowledge,"भारतीय अर्थव्यवस्था, बैंकिंग, बजट एवं योजनाएं",Easy,राष्ट्रीय बैंक नियमित किस विषय को नियंत्रित करता है?,केवल व्यापार,केवल वित्त,केवल आर्थिक स्थिति,"वित्त, आर्थिक स्थिति और विभिन्न विषयों",D,"वित्त, आर्थिक स्थिति और विभिन्न विषयों","यह उत्तर दर्शाता है कि राष्ट्रीय बैंक वित्त, आर्थिक स्थिति और विभिन्न विषयों को नियंत्रित करता है।","राष्ट्रीय बैंक भारतीय अर्थव्यवस्था में वित्त, आर्थिक स्थिति और विभिन्न विषयों को नियंत्रित करता है। यह बैंकों की कार्यवाही को नियंत्रित करता है और राज्य के आर्थिक विकास की योजना तैयार करता है।",2026-09-14 13:35:50
GK_HI_0221,Hindi,General Knowledge,"भारतीय कला, शास्त्रीय नृत्य, संगीत एवं सांस्कृतिक धरोहर",Medium,राग 'भारोही' किस प्रकार का है?,विहारिया,नाटकीय,संकोचित,दिवाल,A,विहारिया,भारोही राग विहारिया प्रकार का राग है जो विहारिया वाद्य यंत्रों के साथ संगीत किया जाता है।,विहारिया राग वाद्य संगीत के अंतर्गत परिभाषित है और भारोही राग इस वर्ग में शामिल है।,2026-09-14 13:36:35
GK_HI_0222,Hindi,General Knowledge,"भारतीय कला, शास्त्रीय नृत्य, संगीत एवं सांस्कृतिक धरोहर",Medium,किस राग में भारतीय संगीत का दिन राग कहलाता है?,बेगम,बेगम बिहारी,सुराबाजी,बाल्की,B,बेगम बिहारी,बेगम बिहारी राग को दिन राग कहते हैं क्योंकि यह दिन की आवाज और विषयों को प्रतिबिम्बित करता है।,बेगम बिहारी राग दिन की आवाज और विषयों को दर्शाता है जो रात रागों के विपरीत हैं।,2026-09-14 13:36:35
GK_HI_0223,Hindi,General Knowledge,"भारतीय कला, शास्त्रीय नृत्य, संगीत एवं सांस्कृतिक धरोहर",Medium,मध्यकालीन भारत के संगीत में किस विषय को ध्यान में रखा जाता है?,प्राकृतिक वस्तुओं का वर्णन,कुटुंबिय जीवन और परिवार संबंध,राजाओं और रानियों की कथाएँ,कृषि और उत्पादकता,B,कुटुंबिय जीवन और परिवार संबंध,मध्यकालीन भारत के संगीत में परिवार और कुटुंबिय जीवन के विषयों का वर्णन दिया जाता है।,मध्यकालीन शास्त्रीय संगीत का मुख्य विषय जीवन के आम विषयों और राजकुमारियों या राजकुमारियों की कथाएँ नहीं थे।,2026-09-14 13:36:35
GK_HI_0224,Hindi,General Knowledge,"भारतीय कला, शास्त्रीय नृत्य, संगीत एवं सांस्कृतिक धरोहर",Medium,मूर्तिकला में दिल को किस प्रकार की रचना की जाती है?,वैशिष्ट्यों के द्वारा,बिंदुओं के द्वारा,रेखाओं के द्वारा,वैशिष्ट्य और रेखाओं के द्वारा,D,वैशिष्ट्य और रेखाओं के द्वारा,मूर्तिकला में दिल को वैशिष्ट्य और रेखाओं के मिश्रण से बनाया जाता है।,वैशिष्ट्य और रेखाओं का उपयोग करके दिल को निर्माण किया जाता है जो उसकी वास्तविक आकृति को दर्शाता है।,2026-09-14 13:36:35
GK_HI_0225,Hindi,General Knowledge,"भारतीय कला, शास्त्रीय नृत्य, संगीत एवं सांस्कृतिक धरोहर",Medium,भारतीय नृत्य में दर्जन रागों के विचार क्या बताते हैं?,रागों की संगीतिक मानकीकरण,रागों की संगीतिक विशेषताओं को वर्णन,रागों की संगीतिक विवेचना,रागों के संगीतिक विविधताओं का वर्णन,D,रागों के संगीतिक विविधताओं का वर्णन,दर्जन रागों के विचार रागों के विविधताओं का वर्णन करते हैं।,दर्जन रागों के विचार विभिन्न रागों के विशिष्ट विविधताओं को दर्शाते हैं जिनमें लक्षणों और तननों की श्रृंखला शामिल होती है।,2026-09-14 13:36:35
GK_HI_0226,Hindi,General Knowledge,"भारतीय कला, शास्त्रीय नृत्य, संगीत एवं सांस्कृतिक धरोहर",Medium,कौन सा नृत्य देश के विभिन्न राज्यों के जनजातियों का संस्कृतिका दर्शाता है?,काव्यात्मक नृत्य,उपराष्ट्रीय नृत्य,संस्कृतिका नृत्य,साधारण नृत्य,C,संस्कृतिका नृत्य,संस्कृतिका नृत्य जनजातियों की संस्कृतियों को दर्शाता है।,संस्कृतिका नृत्य देश के विभिन्न जनजातियों की संस्कृतियों और संस्कारों को प्रतिबिम्बित करता है।,2026-09-14 13:36:35
GK_HI_0227,Hindi,General Knowledge,"भारतीय कला, शास्त्रीय नृत्य, संगीत एवं सांस्कृतिक धरोहर",Medium,राग 'माला' किस प्रकार का है?,प्राकृतिक,संकोचित,संस्कृतिका,दिवाल,B,संकोचित,माला राग एक संकोचित राग है जो गायन के लिए विशेष तरीके से व्यवहृत होता है।,संकोचित रागों में संकोच के अर्थ संगीत की गायन तकनीक और वाद्य संगीत के विभिन्न रूपों में व्यक्त होता है।,2026-09-14 13:36:35
GK_HI_0228,Hindi,General Knowledge,"भारतीय कला, शास्त्रीय नृत्य, संगीत एवं सांस्कृतिक धरोहर",Medium,भारतीय नृत्य में किस नृत्य में उपयोगिता का अधिक विशेष वर्णन दिया जाता है?,काव्यात्मक नृत्य,कुटुंबिय नृत्य,कुंडी नृत्य,शास्त्रीय नृत्य,D,शास्त्रीय नृत्य,शास्त्रीय नृत्य में उपयोगिता का विशेष वर्णन दिया जाता है।,शास्त्रीय नृत्य में उपयोगिता की विशेषताएँ और विशिष्टताएँ अधिक विस्तार से वर्णित की जाती हैं।,2026-09-14 13:36:35
GK_HI_0229,Hindi,General Knowledge,"भारतीय कला, शास्त्रीय नृत्य, संगीत एवं सांस्कृतिक धरोहर",Medium,मध्यकालीन भारतीय नृत्य में किस नृत्य प्रकार में ध्यान से विशेष विचार दिया जाता है?,काव्यात्मक नृत्य,शास्त्रीय नृत्य,कुटुंबिय नृत्य,कुंडी नृत्य,B,शास्त्रीय नृत्य,शास्त्रीय नृत्य में ध्यान से विशेष विचार दिया जाता है।,शास्त्रीय नृत्य विशेष रूप से ध्यान और संकोच को विशेष रूप से व्यक्त करता है।,2026-09-14 13:36:35
GK_HI_0230,Hindi,General Knowledge,"भारतीय कला, शास्त्रीय नृत्य, संगीत एवं सांस्कृतिक धरोहर",Medium,भारतीय संगीत में राग 'रामाती' किस प्रकार का है?,माला,विहारिया,संकोचित,करवावी,D,करवावी,राग 'रामाती' करवावी प्रकार का राग है।,राग 'रामाती' जो भारतीय संगीत में करवावी रागों में से एक है जो वाद्य संगीत और गायन दोनों में शामिल होता है।,2026-09-14 13:36:35
GK_HI_0231,Hindi,General Knowledge,"प्रमुख आविष्कार, खोजें एवं भारतीय वैज्ञानिक",Hard,किस भारतीय वैज्ञानिक ने अग्निशूल पर अनुसंधान किया और इससे एक रैमेट ब्रॉकर का विकास हुआ?,कौशी बालकर,बी. एच. सिंह,हरिश जनकर,राजेश शर्मा,B,बी. एच. सिंह,बी. एच. सिंह ने अग्निशूल पर अनुसंधान किया और इससे एक रैमेट ब्रॉकर का विकास हुआ जो लोहे की संयोजन में एक नए प्रकार की इलेक्ट्रोलॉजिक विकृति को दबाने में मदद करता है।,बी. एच. सिंह ने अग्निशूल पर अध्ययन किया और इस अनुसंधान से एक नए रैमेट ब्रॉकर का विकास हुआ जो लोहे की संयोजन में इलेक्ट्रोलॉजिक विकृति को दबाने में मदद करता है।,2026-09-14 13:39:09
GK_HI_0232,Hindi,General Knowledge,"प्रमुख आविष्कार, खोजें एवं भारतीय वैज्ञानिक",Hard,किस वैज्ञानिक ने अक्षय क्रिया पर प्रमुख अनुसंधान किया और इसकी इंडियन उपयोगिता का विकास किया?,राजेश बाबु,शेख पुलिन,कौशल्य शर्मा,रामकृष्ण शर्मा,D,रामकृष्ण शर्मा,रामकृष्ण शर्मा ने अक्षय क्रिया पर अनुसंधान किया और इसकी इंडियन उपयोगिता का विकास किया।,रामकृष्ण शर्मा ने अक्षय क्रिया पर अनुसंधान किया और इसकी इंडियन उपयोगिता का विकास किया। उन्होंने इसके द्वारा जल रोकने और आंतरिक विद्युत की उत्पादन की अपेक्षा कई अन्य उपयोग दर्शाए थे।,2026-09-14 13:39:09
GK_HI_0233,Hindi,General Knowledge,"प्रमुख आविष्कार, खोजें एवं भारतीय वैज्ञानिक",Hard,किस भारतीय वैज्ञानिक ने डायटिटर वितरण प्रणाली पर अध्ययन किया और इसे अन्य देशों में अनुप्रयोग किया?,राम कुमार शर्मा,कौशल्य राजकीय,विश्वास कुमार शर्मा,हरिश चंद्र शर्मा,D,हरिश चंद्र शर्मा,हरिश चंद्र शर्मा ने डायटिटर वितरण प्रणाली पर अध्ययन किया और इसे अन्य देशों में अनुप्रयोग किया।,हरिश चंद्र शर्मा ने डायटिटर वितरण प्रणाली पर अध्ययन किया और इसे अन्य देशों में अनुप्रयोग किया। उन्होंने इसके द्वारा खाद्य पदार्थों की वितरण और लोगों की खाने-पीने की प्रवृत्तियों का विश्लेषण किया।,2026-09-14 13:39:09
GK_HI_0234,Hindi,General Knowledge,"प्रमुख आविष्कार, खोजें एवं भारतीय वैज्ञानिक",Hard,किस भारतीय वैज्ञानिक ने आयुर्वेदिक दवाओं के अनुसार रोग से रक्षात्मक गुणों वाले रूबरोफॉल की खोज की?,राजेश बाबु,विश्वास शर्मा,कौशल्य शर्मा,मुंयान शर्मा,B,विश्वास शर्मा,विश्वास शर्मा ने आयुर्वेदिक दवाओं के अनुसार रोग से रक्षात्मक गुणों वाले रूबरोफॉल की खोज की।,विश्वास शर्मा ने आयुर्वेदिक दवाओं के अनुसार रोग से रक्षात्मक गुणों वाले रूबरोफॉल की खोज की। उन्होंने इसके द्वारा जानकारी की रक्षा करने की उपयोगिता दर्शाई।,2026-09-14 13:39:09
GK_HI_0235,Hindi,General Knowledge,"प्रमुख आविष्कार, खोजें एवं भारतीय वैज्ञानिक",Hard,किस भारतीय वैज्ञानिक ने निहित दिवस पर अनुसंधान किया और इससे निहित रासायनिक अभिक्रियाओं का अनुसरण किया?,शेख पुलिन,हरिश जनकर,राजेश शर्मा,कौशी बालकर,B,हरिश जनकर,हरिश जनकर ने निहित दिवस पर अनुसंधान किया और इससे निहित रासायनिक अभिक्रियाओं का अनुसरण किया।,हरिश जनकर ने निहित दिवस पर अनुसंधान किया और इससे निहित रासायनिक अभिक्रियाओं का अनुसरण किया। उन्होंने इस अनुसंधान से निहित रासायनिक अभिक्रियाओं के अवलोकन और अध्ययन किया।,2026-09-14 13:39:09
GK_HI_0236,Hindi,General Knowledge,"प्रमुख आविष्कार, खोजें एवं भारतीय वैज्ञानिक",Hard,किस भारतीय वैज्ञानिक ने उष्णकालिक मालिका पर अध्ययन किया और इस पर अधिक जानकारी दी?,राजेश शर्मा,विश्वास शर्मा,कौशल्य शर्मा,हरिश जनकर,D,हरिश जनकर,हरिश जनकर ने उष्णकालिक मालिका पर अध्ययन किया और इस पर अधिक जानकारी दी।,हरिश जनकर ने उष्णकालिक मालिका पर अध्ययन किया और इस पर अधिक जानकारी दी। उन्होंने इस अनुसंधान से उष्णकालिक मालिका के गुणों और उनके विशेषताओं के बारे में जानकारी दी।,2026-09-14 13:39:09
GK_HI_0237,Hindi,General Knowledge,"प्रमुख आविष्कार, खोजें एवं भारतीय वैज्ञानिक",Hard,किस भारतीय वैज्ञानिक ने ब्रैंच इलेक्ट्रॉनिक्स के विकास पर अध्ययन किया और इसे अन्य तकनीकों में अनुप्रयोग किया?,राजेश शर्मा,कौशल्य शर्मा,विश्वास शर्मा,हरिश जनकर,D,हरिश जनकर,हरिश जनकर ने ब्रैंच इलेक्ट्रॉनिक्स के विकास पर अध्ययन किया और इसे अन्य तकनीकों में अनुप्रयोग किया।,हरिश जनकर ने ब्रैंच इलेक्ट्रॉनिक्स के विकास पर अध्ययन किया और इसे अन्य तकनीकों में अनुप्रयोग किया। उन्होंने इस अनुसंधान से ब्रैंच इलेक्ट्रॉनिक्स के विकास और उसके अनुप्रयोगों में जानकारी दी।,2026-09-14 13:39:09
GK_HI_0238,Hindi,General Knowledge,"प्रमुख आविष्कार, खोजें एवं भारतीय वैज्ञानिक",Hard,किस भारतीय वैज्ञानिक ने रहस्यमय दुनिया पर अनुसंधान किया और इसे अन्य क्षेत्रों में अनुप्रयोग किया?,राजेश शर्मा,विश्वास शर्मा,कौशल्य शर्मा,हरिश जनकर,B,विश्वास शर्मा,विश्वास शर्मा ने रहस्यमय दुनिया पर अनुसंधान किया और इसे अन्य क्षेत्रों में अनुप्रयोग किया।,विश्वास शर्मा ने रहस्यमय दुनिया पर अनुसंधान किया और इसे अन्य क्षेत्रों में अनुप्रयोग किया। उन्होंने इस अनुसंधान से रहस्यमय दुनिया के गुणों और उनके अनुप्रयोगों में जानकारी दी।,2026-09-14 13:39:09
GK_HI_0239,Hindi,General Knowledge,"प्रमुख आविष्कार, खोजें एवं भारतीय वैज्ञानिक",Hard,किस भारतीय वैज्ञानिक ने परमाणु रिएक्टर पर अध्ययन किया और इसे अन्य क्षेत्रों में अनुप्रयोग किया?,राजेश शर्मा,कौशल्य शर्मा,विश्वास शर्मा,हरिश जनकर,C,विश्वास शर्मा,विश्वास शर्मा ने परमाणु रिएक्टर पर अध्ययन किया और इसे अन्य क्षेत्रों में अनुप्रयोग किया।,विश्वास शर्मा ने परमाणु रिएक्टर पर अध्ययन किया और इसे अन्य क्षेत्रों में अनुप्रयोग किया। उन्होंने इस अनुसंधान से परमाणु रिएक्टर के विकास और उसके अनुप्रयोगों में जानकारी दी।,2026-09-14 13:39:09
GK_HI_0240,Hindi,General Knowledge,"प्रमुख आविष्कार, खोजें एवं भारतीय वैज्ञानिक",Hard,किस भारतीय वैज्ञानिक ने राशियां पर अध्ययन किया और इसे अन्य क्षेत्रों में अनुप्रयोग किया?,राजेश शर्मा,कौशल्य शर्मा,विश्वास शर्मा,हरिश जनकर,C,विश्वास शर्मा,विश्वास शर्मा ने राशियां पर अध्ययन किया और इसे अन्य क्षेत्रों में अनुप्रयोग किया।,विश्वास शर्मा ने राशियां पर अध्ययन किया और इसे अन्य क्षेत्रों में अनुप्रयोग किया। उन्होंने इस अनुसंधान से राशियां के विकास और उसके अनुप्रयोगों में जानकारी दी।,2026-09-14 13:39:09
GK_HI_0241,Hindi,General Knowledge,"प्रमुख आविष्कार, खोजें एवं भारतीय वैज्ञानिक",Hard,किस भारतीय वैज्ञानिक ने राज्यवांची रैडियो टेलीविजन प्रणाली पर अध्ययन किया और इसे अन्य क्षेत्रों में अनुप्रयोग किया?,राजेश शर्मा,कौशल्य शर्मा,विश्वास शर्मा,हरिश जनकर,B,कौशल्य शर्मा,कौशल्य शर्मा ने राज्यवांची रैडियो टेलीविजन प्रणाली पर अध्ययन किया और इसे अन्य क्षेत्रों में अनुप्रयोग किया।,कौशल्य शर्मा ने राज्यवांची रैडियो टेलीविजन प्रणाली पर अध्ययन किया और इसे अन्य क्षेत्रों में अनुप्रयोग किया। उन्होंने इस अनुसंधान से राज्यवांची रैडियो टेलीविजन प्रणाली के विकास और उसके अनुप्रयोगों में जानकारी दी।,2026-09-14 13:39:09
GK_HI_0242,Hindi,General Knowledge,"प्रमुख आविष्कार, खोजें एवं भारतीय वैज्ञानिक",Hard,किस भारतीय वैज्ञानिक ने दिग्गज विज्ञान पर अध्ययन किया और इसे अन्य क्षेत्रों में अनुप्रयोग किया?,राजेश शर्मा,कौशल्य शर्मा,विश्वास शर्मा,हरिश जनकर,A,राजेश शर्मा,राजेश शर्मा ने दिग्गज विज्ञान पर अध्ययन किया और इसे अन्य क्षेत्रों में अनुप्रयोग किया। उन्होंने इस अनुसंधान से दिग्गज विज्ञान के विकास और उसके अनुप्रयोगों में जानकारी दी।,राजेश शर्मा ने दिग्गज विज्ञान पर अध्ययन किया और इसे अन्य क्षेत्रों में अनुप्रयोग किया। उन्होंने इस अनुसंधान से दिग्गज विज्ञान के विकास और उसके अनुप्रयोगों में जानकारी दी।,2026-09-14 13:39:09
GK_HI_0243,Hindi,General Knowledge,"अंतरराष्ट्रीय संगठन (संयुक्त राष्ट्र, डब्ल्यूएचओ, विश्व बैंक)",Easy,संयुक्त राष्ट्र की राष्ट्रपति किस पद के लिए चुनी जाती हैं?,3 वर्षों के लिए,5 वर्षों के लिए,4 वर्षों के लिए,2 वर्षों के लिए,A,3 वर्षों के लिए,संयुक्त राष्ट्र की राष्ट्रपति को वैकल्पिक रूप से चुना जाता है ताकि यह लंबे समय तक एक समान व्यक्ति की अधिकारों पर न कर सके।,संयुक्त राष्ट्र की राष्ट्रपति की पदवी का तुलनात्मक अवलोकन विभिन्न देशों की राष्ट्रपतियों की तुलना से किया जाता है जिनकी अधिकार लंबी अवधि तक चलते हैं।,2026-09-14 13:40:01
GK_HI_0244,Hindi,General Knowledge,"अंतरराष्ट्रीय संगठन (संयुक्त राष्ट्र, डब्ल्यूएचओ, विश्व बैंक)",Easy,डब्ल्यूएचओ का क्या मतलब है?,विश्व अर्थव्यवस्था कार्यक्रम,विश्व राष्ट्रीय कार्यक्रम,विश्व अर्थव्यवस्था ऑर्गनाइजेशन,विश्व अर्थव्यवस्था ऑफिस,C,विश्व अर्थव्यवस्था ऑर्गनाइजेशन,डब्ल्यूएचओ को (World Organisation for Economic Co-operation and Development) विश्व अर्थव्यवस्था ऑर्गनाइजेशन के रूप में जाना जाता है।,"डब्ल्यूएचओ का नाम अंग्रेजी में World Organisation for Economic Co-operation and Development (OECD) का अनुवाद है, जो विश्व अर्थव्यवस्था ऑर्गनाइजेशन को दर्शाता है।",2026-09-14 13:40:01
GK_HI_0245,Hindi,General Knowledge,"अंतरराष्ट्रीय संगठन (संयुक्त राष्ट्र, डब्ल्यूएचओ, विश्व बैंक)",Easy,विश्व बैंक का किस प्रकार का अनुसंधान करता है?,कृषि क्षेत्र,विश्व अर्थव्यवस्था,कृषि और विकास,बीमा राशियां,C,कृषि और विकास,विश्व बैंक दुनिया भर में कृषि और विकास क्षेत्रों में अनुसंधान करता है।,"विश्व बैंक ने विकास देशों में जैसे कि कृषि, शिक्षा और स्वास्थ्य इत्यादि क्षेत्रों में निवेश करने की योजना बनाई है।",2026-09-14 13:40:01
GK_HI_0246,Hindi,General Knowledge,"अंतरराष्ट्रीय संगठन (संयुक्त राष्ट्र, डब्ल्यूएचओ, विश्व बैंक)",Easy,डब्ल्यूएचओ का किस प्रकार का कार्य करता है?,विश्व के राष्ट्रीय संसदों को सलाह देता है,राष्ट्रीय अर्थव्यवस्थाओं को सलाह देता है,राष्ट्रीय अर्थव्यवस्था में विकास के लिए सलाह देता है,राष्ट्रीय अर्थव्यवस्था को नियंत्रित करता है,C,राष्ट्रीय अर्थव्यवस्था में विकास के लिए सलाह देता है,डब्ल्यूएचओ ने विभिन्न देशों के राष्ट्रीय अर्थव्यवस्थाओं में विकास के लिए सलाह देने की योजना बनाई है।,"डब्ल्यूएचओ का उद्देश्य विभिन्न देशों की अर्थव्यवस्थाओं में विकास और सुधार है, जिसके लिए वे सलाह देते हैं।",2026-09-14 13:40:01
GK_HI_0247,Hindi,General Knowledge,"अंतरराष्ट्रीय संगठन (संयुक्त राष्ट्र, डब्ल्यूएचओ, विश्व बैंक)",Easy,संयुक्त राष्ट्र किस दिवस को अंतर्राष्ट्रीय भाषा दिवस मनाता है?,8 मई,21 मई,23 मई,26 मई,B,21 मई,संयुक्त राष्ट्र अंतर्राष्ट्रीय भाषा दिवस पर ध्यान डालने के लिए 21 मई को अंतरराष्ट्रीय भाषा दिवस मनाता है।,21 मई को संयुक्त राष्ट्र अंतरराष्ट्रीय भाषा दिवस मनाता है जिस पर लोग भाषाओं के महत्व पर ध्यान देते हैं।,2026-09-14 13:40:01
GK_HI_0248,Hindi,General Knowledge,"अंतरराष्ट्रीय संगठन (संयुक्त राष्ट्र, डब्ल्यूएचओ, विश्व बैंक)",Easy,विश्व बैंक किस वर्ष में जारी हुआ?,1944,1945,1946,1947,B,1945,विश्व बैंक ने 1945 में जारी हुआ और संयुक्त राष्ट्र के संगठनों का एक हिस्सा बन गया।,विश्व बैंक की स्थापना 1945 में हुई थी जब संयुक्त राष्ट्र की स्थापना भी हुई थी।,2026-09-14 13:40:01
GK_HI_0249,Hindi,General Knowledge,"अंतरराष्ट्रीय संगठन (संयुक्त राष्ट्र, डब्ल्यूएचओ, विश्व बैंक)",Easy,संयुक्त राष्ट्र किस दिवस को अंतर्राष्ट्रीय जल दिवस मनाता है?,22 जून,22 जुलाई,22 अगस्त,22 सितम्बर,A,22 जून,संयुक्त राष्ट्र अंतर्राष्ट्रीय जल दिवस पर ध्यान डालने के लिए 22 जून को अंतर्राष्ट्रीय जल दिवस मनाता है।,22 जून को संयुक्त राष्ट्र अंतरराष्ट्रीय जल दिवस मनाता है जिस पर लोग जल उपाधि की बचाव और संरक्षण पर ध्यान देते हैं।,2026-09-14 13:40:01
GK_HI_0250,Hindi,General Knowledge,"अंतरराष्ट्रीय संगठन (संयुक्त राष्ट्र, डब्ल्यूएचओ, विश्व बैंक)",Easy,डब्ल्यूएचओ किस दिवस को अंतर्राष्ट्रीय अर्थशास्त्र दिवस मनाता है?,15 जून,15 जुलाई,15 अगस्त,15 सितम्बर,C,15 अगस्त,डब्ल्यूएचओ अंतरराष्ट्रीय अर्थशास्त्र दिवस पर ध्यान डालने के लिए 15 अगस्त को अंतर्राष्ट्रीय अर्थशास्त्र दिवस मनाता है।,15 अगस्त को डब्ल्यूएचओ अंतरराष्ट्रीय अर्थशास्त्र दिवस मनाता है जिस पर लोग अर्थशास्त्र और अर्थव्यवस्था पर ध्यान देते हैं।,2026-09-14 13:40:01
GK_HI_0251,Hindi,General Knowledge,"अंतरराष्ट्रीय संगठन (संयुक्त राष्ट्र, डब्ल्यूएचओ, विश्व बैंक)",Easy,संयुक्त राष्ट्र किस दिवस को अंतर्राष्ट्रीय अवकाश दिवस मनाता है?,1 अप्रैल,1 मई,1 जून,1 जुलाई,B,1 मई,संयुक्त राष्ट्र अंतर्राष्ट्रीय अवकाश दिवस पर ध्यान डालने के लिए 1 मई को अंतर्राष्ट्रीय अवकाश दिवस मनाता है।,1 मई को संयुक्त राष्ट्र अंतरराष्ट्रीय अवकाश दिवस मनाता है जिस पर लोग अवकाश की बचाव और संरक्षण पर ध्यान देते हैं।,2026-09-14 13:40:01
GK_HI_0252,Hindi,General Knowledge,"प्रसिद्ध भारतीय व्यक्तित्व, स्वतंत्रता सेनानी एवं महापुरुष",Medium,1942 में भारत की स्वतंत्रता के लिए विद्रोह नेता कौन थे?,एच जी चांडालो,विजय कुमार शर्मा,कर्णाटक राजस्वाहा,सुरेश कुमार,A,एच जी चांडालो,एच जी चांडालो ने विद्रोह की नेतृत्व की और भारत की स्वतंत्रता के लिए अग्रणी व्यक्तित्व बने।,एच जी चांडालो ने अपने विद्रोह के दौरान अनेक अस्थायी जेलों में जेल था और भारत के लिए अनेक गानों लिखे थे।,2026-09-14 13:40:52
GK_HI_0253,Hindi,General Knowledge,"प्रसिद्ध भारतीय व्यक्तित्व, स्वतंत्रता सेनानी एवं महापुरुष",Medium,भारत की स्वतंत्रता संग्राम में शिव शर्मा किस राज्य के नेता थे?,पंजाब,महाराष्ट्र,उत्तर प्रदेश,कर्नाटक,C,उत्तर प्रदेश,शिव शर्मा उत्तर प्रदेश के प्राथमिक विद्रोही नेताओं में से एक थे और भारत की स्वतंत्रता के लिए अनेक योगदान दिए।,शिव शर्मा ने उत्तर प्रदेश में विद्रोह के दौरान अनेक योगदान दिए और भारत के स्वतंत्रता योगदान के लिए एक महत्वपूर्ण व्यक्तित्व बने।,2026-09-14 13:40:52
GK_HI_0254,Hindi,General Knowledge,"प्रसिद्ध भारतीय व्यक्तित्व, स्वतंत्रता सेनानी एवं महापुरुष",Medium,भारतीय स्वतंत्रता संग्राम में प्रसिद्ध लड़के राम सिंह राजपूत किस राज्य के थे?,कर्नाटक,राजस्थान,महाराष्ट्र,उत्तर प्रदेश,B,राजस्थान,राम सिंह राजपूत ने राजस्थान में भारत की स्वतंत्रता के लिए अपना जीवन खराब किया और अनेक योगदान दिए।,राम सिंह राजपूत ने राजस्थान में विद्रोह के दौरान अनेक योगदान दिए और भारत की स्वतंत्रता के लिए अपनी क्रांतिकारी भावनाओं को दिखाया।,2026-09-14 13:40:52
GK_HI_0255,Hindi,General Knowledge,"प्रसिद्ध भारतीय व्यक्तित्व, स्वतंत्रता सेनानी एवं महापुरुष",Medium,भारतीय स्वतंत्रता संग्राम में जय शर्मा किस राज्य के नेता थे?,कर्नाटक,राजस्थान,उत्तर प्रदेश,महाराष्ट्र,C,उत्तर प्रदेश,जय शर्मा उत्तर प्रदेश के प्रसिद्ध विद्रोही नेताओं में से एक थे और भारत की स्वतंत्रता के लिए अनेक योगदान दिए।,जय शर्मा ने उत्तर प्रदेश में विद्रोह के दौरान अनेक योगदान दिए और भारत के स्वतंत्रता योगदान के लिए एक महत्वपूर्ण व्यक्तित्व बने।,2026-09-14 13:40:52
GK_HI_0256,Hindi,General Knowledge,"प्रसिद्ध भारतीय व्यक्तित्व, स्वतंत्रता सेनानी एवं महापुरुष",Medium,भारत की स्वतंत्रता संग्राम में जयप्रकाश नाथ किस राज्य के नेता थे?,राजस्थान,कर्नाटक,उत्तर प्रदेश,महाराष्ट्र,A,राजस्थान,जयप्रकाश नाथ ने राजस्थान में भारत की स्वतंत्रता के लिए अपना जीवन खराब किया और अनेक योगदान दिए।,जयप्रकाश नाथ ने राजस्थान में विद्रोह के दौरान अनेक योगदान दिए और भारत की स्वतंत्रता के लिए अपनी क्रांतिकारी भावनाओं को दिखाया।,2026-09-14 13:40:52
GK_HI_0257,Hindi,General Knowledge,"प्रसिद्ध भारतीय व्यक्तित्व, स्वतंत्रता सेनानी एवं महापुरुष",Medium,भारत की स्वतंत्रता के लिए नेतृत्व देने वाला प्रसिद्ध लड़का राम सिंह राजपूत किस राज्य से थे?,कर्नाटक,राजस्थान,उत्तर प्रदेश,महाराष्ट्र,B,राजस्थान,राम सिंह राजपूत ने राजस्थान में भारत की स्वतंत्रता के लिए अपना जीवन खराब किया और अनेक योगदान दिए।,राम सिंह राजपूत ने राजस्थान में विद्रोह के दौरान अनेक योगदान दिए और भारत की स्वतंत्रता के लिए अपनी क्रांतिकारी भावनाओं को दिखाया।,2026-09-14 13:40:52
GK_HI_0258,Hindi,General Knowledge,"प्रसिद्ध भारतीय व्यक्तित्व, स्वतंत्रता सेनानी एवं महापुरुष",Medium,भारतीय स्वतंत्रता संग्राम में शिव शर्मा किस राज्य के नेता थे?,कर्नाटक,राजस्थान,उत्तर प्रदेश,महाराष्ट्र,C,उत्तर प्रदेश,शिव शर्मा उत्तर प्रदेश के प्रसिद्ध विद्रोही नेताओं में से एक थे और भारत की स्वतंत्रता के लिए अनेक योगदान दिए।,शिव शर्मा ने उत्तर प्रदेश में विद्रोह के दौरान अनेक योगदान दिए और भारत के स्वतंत्रता योगदान के लिए एक महत्वपूर्ण व्यक्तित्व बने।,2026-09-14 13:40:52
GK_HI_0259,Hindi,General Knowledge,"प्रसिद्ध भारतीय व्यक्तित्व, स्वतंत्रता सेनानी एवं महापुरुष",Medium,भारत की स्वतंत्रता संग्राम में विजय कुमार शर्मा किस राज्य के नेता थे?,कर्नाटक,राजस्थान,उत्तर प्रदेश,महाराष्ट्र,C,उत्तर प्रदेश,विजय कुमार शर्मा उत्तर प्रदेश के प्रसिद्ध विद्रोही नेताओं में से एक थे और भारत की स्वतंत्रता के लिए अनेक योगदान दिए।,विजय कुमार शर्मा ने उत्तर प्रदेश में विद्रोह के दौरान अनेक योगदान दिए और भारत के स्वतंत्रता योगदान के लिए एक महत्वपूर्ण व्यक्तित्व बने।,2026-09-14 13:40:52
GK_HI_0260,Hindi,General Knowledge,"प्रसिद्ध पुस्तकें, रचयिता एवं साहित्य",Hard,किस अंग्रेज़ साहित्यकार ने 'विक्टोरिया' शब्द को संस्कृत भाषा में लेखित रूप 'विजयी' व्याख्या किया है?,विलियम शेक्सपियर,जॉन बेयर्स,विलियम बेजियर,जॉन एलियट रिचर्ड्सन,D,जॉन एलियट रिचर्ड्जन,रिचर्ड्जन ने 'विजयी' का उपयोग देशभक्ति और भारत की स्वतंत्रता को व्यक्त करने के लिए चुना है।,जॉन एलियट रिचर्ड्जन ने अपने लेख 'विक्टोरिया' में भारत की स्वतंत्रता की भावना देशभक्ति के रूप में व्यक्त की है। उन्होंने इस शब्द को संस्कृत भाषा में 'विजयी' के रूप में लिखकर उसका अर्थ बदल दिया है।,2026-09-14 13:41:42
GK_HI_0261,Hindi,General Knowledge,"प्रसिद्ध पुस्तकें, रचयिता एवं साहित्य",Hard,किस लेखक ने 'सारस्वती' शब्द को 'शिक्षा की दीवार' का अर्थ दिया है?,बाल्लाल मुखर्जी,कल्याण कुमार,जगन्नाथ शर्मा,राजेश चौधरी,B,कल्याण कुमार,कुमार ने शब्द 'सारस्वती' को शिक्षा और ज्ञान की तरफ से व्याख्या की है।,कल्याण कुमार ने अपने कवितावली 'सारस्वती' में 'सारस्वती' को शिक्षा की दीवार का अर्थ दिया है। इस तरह उन्होंने शब्द 'सारस्वती' का अर्थ ज्ञान और शिक्षा से बदल दिया है।,2026-09-14 13:41:42
GK_HI_0262,Hindi,General Knowledge,"प्रसिद्ध पुस्तकें, रचयिता एवं साहित्य",Hard,किस ग्रंथ में राजेश चौधरी ने 'निजी जीवन और अन्य अवसरों की अन्यायी व्यवस्था' शब्दावली का उपयोग किया है?,भारत की जातीय विभाजन,कल्याणी,महादेवी,भारतीय राष्ट्रवाद,A,भारत की जातीय विभाजन,चौधरी ने अपने ग्रंथ 'भारत की जातीय विभाजन' में असमानता की व्याख्या की है।,राजेश चौधरी ने अपने ग्रंथ 'भारत की जातीय विभाजन' में 'निजी जीवन और अन्य अवसरों की अन्यायी व्यवस्था' शब्दावली का उपयोग करके असमानता की व्याख्या की है।,2026-09-14 13:41:42
GK_HI_0263,Hindi,General Knowledge,"प्रसिद्ध पुस्तकें, रचयिता एवं साहित्य",Hard,किस लेखक ने 'काली की गाथा' शब्दावली का उपयोग 'संस्कृति और परम्परा' के रूप में व्याख्या किया है?,महावीर राय,नरेन्द्र राम शर्मा,महेन्द्र कौशल,निकिता राय,D,निकिता राय,राय ने 'काली की गाथा' का उपयोग 'संस्कृति और परम्परा' का प्रतीक बनाया है।,निकिता राय ने अपने कवितावली 'काली की गाथा' में अक्षर काली को संस्कृति और परम्परा के प्रतीक के रूप में व्याख्या की है।,2026-09-14 13:41:42
GK_HI_0264,Hindi,General Knowledge,"प्रसिद्ध पुस्तकें, रचयिता एवं साहित्य",Hard,किस लेखक ने 'कालावर' शब्द को रेशा और विभाजन का अर्थ दिया है?,कल्याण कुमार,महावीर राय,निकिता राय,सौरभ राय,C,निकिता राय,राय ने 'कालावर' को रेशा और विभाजन के रूप में व्याख्या की है।,निकिता राय ने अपने कवितावली 'कालावर' में अक्षर कालावर को रेशा और विभाजन के रूप में व्याख्या की है।,2026-09-14 13:41:42
GK_HI_0265,Hindi,General Knowledge,"प्रसिद्ध पुस्तकें, रचयिता एवं साहित्य",Hard,किस ग्रंथ में दिव्या देवी ने 'परम्परा और परिवर्तन' की व्याख्या की है?,महाराजा राजसिंह की कथा,तारीका,कल्याणी,महादेवी,D,महादेवी,देवी ने अपने ग्रंथ 'महादेवी' में परम्परा और परिवर्तन की व्याख्या की है।,दिव्या देवी ने अपने ग्रंथ 'महादेवी' में परम्परा और परिवर्तन की व्याख्या की है। इस ग्रंथ में उन्होंने परम्परा और परिवर्तन के बीच संतुलन की बात की है।,2026-09-14 13:41:42
GK_HI_0266,Hindi,General Knowledge,"प्रसिद्ध पुस्तकें, रचयिता एवं साहित्य",Hard,किस लेखक ने 'परम्पराओं की भावना की व्याख्या करते हुए दिखाया है कि यह काल का संवाद है और रूपक है?,महावीर राय,कल्याण कुमार,निकिता राय,दिव्या देवी,D,दिव्या देवी,देवी ने 'परम्पराओं' को काल का रूपक बताया है।,दिव्या देवी ने अपने ग्रंथों में 'परम्पराओं' को काल का रूपक बताया है। उन्होंने यह दिखाया है कि परम्पराओं की भावना काल के रूपक है और यह एक संवाद है।,2026-09-14 13:41:42
GK_HI_0267,Hindi,General Knowledge,"प्रसिद्ध पुस्तकें, रचयिता एवं साहित्य",Hard,किस लेखक ने 'काली' शब्द को जातीय विभाजन के विरोध का अर्थ दिया है?,निकिता राय,महावीर राय,सौरभ राय,कल्याण कुमार,A,निकिता राय,राय ने 'काली' को जातीय विभाजन के विरोध का अर्थ दिया है।,निकिता राय ने अपने कवितावली में 'काली' को जातीय विभाजन के विरोध का अर्थ दिया है। उन्होंने यह दिखाया है कि काली एक बार जातीय विभाजन को विरोधाभास के रूप में देखती है।,2026-09-14 13:41:42
GK_HI_0268,Hindi,General Knowledge,"प्रसिद्ध पुस्तकें, रचयिता एवं साहित्य",Hard,किस ग्रंथ में विल्यम शेक्सपियर ने 'राजकुमारियों की परम्परा' को 'परम्परा का रूपक' के रूप में व्याख्या किया है?,महाराजा राजसिंह की कथा,कल्याणी,महादेवी,तारीका,A,महाराजा राजसिंह की कथा,शेक्सपियर ने अपने ग्रंथ 'महाराजा राजसिंह की कथा' में राजकुमारियों की परम्परा को परम्परा का रूपक के रूप में व्याख्या किया है।,विल्यम शेक्सपियर ने अपने 'महाराजा राजसिंह की कथा' में राजकुमारियों की परम्परा को परम्परा का रूपक के रूप में व्याख्या किया है। उन्होंने यह दिखाया है कि राजकुमारियों की परम्परा एक रूपक है जो परम्परा को दर्शाती है।,2026-09-14 13:41:42
GK_HI_0269,Hindi,General Knowledge,"प्रमुख राष्ट्रीय एवं अंतरराष्ट्रीय पुरस्कार (नोबेल, भारत रत्न, पद्म पुरस्कार)",Easy,नोबेल से किस विज्ञान पुरस्कार का नाम नहीं है?,फिजिक्स,कीम्यावज्ञा,मेडिसिन,साहित्य,D,साहित्य,नोबेल पुरस्कार में साहित्य नहीं है जो कि विज्ञान पुरस्कारों का हिस्सा है।,"नोबेल पुरस्कार विज्ञान, साहित्य, और स्वास्थ्य के क्षेत्रों के लिए दिया जाता है।",2026-09-14 13:42:19
GK_HI_0270,Hindi,General Knowledge,"प्रमुख राष्ट्रीय एवं अंतरराष्ट्रीय पुरस्कार (नोबेल, भारत रत्न, पद्म पुरस्कार)",Easy,भारत रत्न पुरस्कार किस वर्ष आरंभित हुआ?,1950,1951,1952,1953,B,1951,भारत रत्न पुरस्कार की आरंभिक अवधि बताई गई है।,भारत रत्न पुरस्कार 1951 में आरंभित और सर्वोच्च सम्मान के रूप में अभिलेखित किया गया था।,2026-09-14 13:42:19
GK_HI_0271,Hindi,General Knowledge,"प्रमुख राष्ट्रीय एवं अंतरराष्ट्रीय पुरस्कार (नोबेल, भारत रत्न, पद्म पुरस्कार)",Easy,पद्म पुरस्कार किस वर्ष आरंभित हुआ?,1953,1954,1955,1956,C,1955,पद्म पुरस्कार की आरंभिक अवधि बताई गई है।,पद्म पुरस्कार 1955 में आरंभित हुआ और इसका वर्तमान नाम पद्म विभूषण है।,2026-09-14 13:42:19
GK_HI_0272,Hindi,General Knowledge,"प्रमुख राष्ट्रीय एवं अंतरराष्ट्रीय पुरस्कार (नोबेल, भारत रत्न, पद्म पुरस्कार)",Easy,किस वर्ष भारत रत्न पुरस्कार को बनाया गया?,1950,1951,1952,1953,B,1951,भारत रत्न पुरस्कार की आरंभिक अवधि बताई गई है।,भारत रत्न पुरस्कार 1951 में आरंभित और सर्वोच्च सम्मान के रूप में अभिलेखित किया गया था।,2026-09-14 13:42:19
GK_HI_0273,Hindi,General Knowledge,"प्रमुख राष्ट्रीय एवं अंतरराष्ट्रीय पुरस्कार (नोबेल, भारत रत्न, पद्म पुरस्कार)",Easy,किस वर्ष नोबेल भागीदार शर्तों में राष्ट्रीयता की विवादास्पदता को शामिल किया गया?,1970,1980,1990,2000,C,1990,नोबेल शर्तों में राष्ट्रीयता की विवादास्पदता की व्याख्या बताई गई है।,1990 में नोबेल शर्तों में राष्ट्रीयता की विवादास्पदता का विवेचन शामिल किया गया था।,2026-09-14 13:42:19
GK_HI_0274,Hindi,General Knowledge,"प्रमुख राष्ट्रीय एवं अंतरराष्ट्रीय पुरस्कार (नोबेल, भारत रत्न, पद्म पुरस्कार)",Easy,किस वर्ष नोबेल भागीदार शर्तों में राष्ट्रीयता की विवादास्पदता बाहर निकाल दी गई?,1970,1980,1990,2000,D,2000,नोबेल शर्तों में राष्ट्रीयता की विवादास्पदता की व्याख्या बताई गई है।,2000 में नोबेल भागीदार शर्तों में राष्ट्रीयता की विवादास्पदता बाहर निकाल दी गई थी।,2026-09-14 13:42:19
GK_HI_0275,Hindi,General Knowledge,"प्रमुख राष्ट्रीय एवं अंतरराष्ट्रीय पुरस्कार (नोबेल, भारत रत्न, पद्म पुरस्कार)",Easy,नोबेल फिजिक्स पुरस्कार किस वर्ष दिया गया?,1901,1902,1903,1904,A,1901,नोबेल फिजिक्स पुरस्कार की आरंभिक अवधि बताई गई है।,1901 में नोबेल फिजिक्स पुरस्कार दिया गया था जो कि नोबेल शर्तों का अंतिम वर्ष था।,2026-09-14 13:42:19
GK_HI_0276,Hindi,General Knowledge,"प्रमुख राष्ट्रीय एवं अंतरराष्ट्रीय पुरस्कार (नोबेल, भारत रत्न, पद्म पुरस्कार)",Easy,नोबेल भागीदार शर्तों में राष्ट्रीयता की विवादास्पदता कब शामिल की गई?,1950,1960,1970,1980,C,1970,नोबेल शर्तों में राष्ट्रीयता की विवादास्पदता की व्याख्या बताई गई है।,1970 में नोबेल शर्तों में राष्ट्रीयता की विवादास्पदता का विवेचन शामिल किया गया था।,2026-09-14 13:42:19
GK_HI_0277,Hindi,General Knowledge,"प्रमुख राष्ट्रीय एवं अंतरराष्ट्रीय पुरस्कार (नोबेल, भारत रत्न, पद्म पुरस्कार)",Easy,किस वर्ष पद्म विभूषण नाम से पद्म पुरस्कार रिनामित किया गया?,1950,1951,1952,1953,C,1952,पद्म पुरस्कार का रिनामित किया गया वर्ष बताई गई है।,1952 में पद्म पुरस्कार का नाम रिनामित किया गया था और अब यह पद्म विभूषण के रूप में जाना जाता है।,2026-09-14 13:42:19
GK_HI_0278,Hindi,General Knowledge,"खेल जगत, क्रिकेट, हॉकी एवं ओलंपिक खेल",Medium,क्रिकेट में विश्व कप किस वर्ष की शुरुआत हुई?,1975,1983,1992,2003,B,1983,1983 में पहला विश्व कप इंडिया और दक्षिण अफ्रीका के बीच आया।,1983 में विश्व कप इंडिया के नेतृत्व में दक्षिण अफ्रीका को हराकर जीता गया था। यह पहला विश्व कप था जिसमें सभी टीमें एक दौरा भाग ले रही थीं।,2026-09-14 13:42:58
GK_HI_0279,Hindi,General Knowledge,"खेल जगत, क्रिकेट, हॉकी एवं ओलंपिक खेल",Medium,हॉकी में दुनिया चैंपियनशिप किस वर्ष शुरू हुई?,1908,1928,1938,1948,B,1928,1928 में पहला दुनिया चैंपियनशिप आया था।,"1928 में, नीदरलैंड का टीम फ्रांस के विरुद्ध दुनिया चैंपियनशिप जीतने वाला पहला टीम था।",2026-09-14 13:42:58
GK_HI_0280,Hindi,General Knowledge,"खेल जगत, क्रिकेट, हॉकी एवं ओलंपिक खेल",Medium,ओलंपिक खेल किस वर्ष राष्ट्रीयता विवादास्पद खेलों से बाहर किए गए थे?,1980,1984,1988,1992,B,1984,1984 के ऑलिंपिक में राष्ट्रीयता विवादास्पद खेलों को बाहर दिया गया था।,1984 के लास एलींस ऑलिंपिक में राष्ट्रीयता विवादास्पद खेलों को बाहर कर दिया गया था जो विदेशी खेलकर्ताओं को भाग लेने की अनुमति नहीं दे रहे थे।,2026-09-14 13:42:58
GK_HI_0281,Hindi,General Knowledge,"खेल जगत, क्रिकेट, हॉकी एवं ओलंपिक खेल",Medium,हॉकी खेल में रिकॉर्ड अंककारी टीम कौन-सी है?,इंडिया,नीदरलैंड,कनाडा,हंगेरी,D,हंगेरी,हंगेरी खेलकर्ताओं ने हॉकी में अधिकतम जीत जोती हैं।,हंगेरी ने अपनी लंबे समय तक स्थानीय टीम के रूप में खेलते हुए अधिकतम जीत जोती हैं और इसके लिए हॉकी की अनामिका में अंककारी टीम के रूप में जानी जाती है।,2026-09-14 13:42:58
GK_HI_0282,Hindi,General Knowledge,"खेल जगत, क्रिकेट, हॉकी एवं ओलंपिक खेल",Medium,क्रिकेट में इंडिया की पहली विश्व कप जीत किस वर्ष हुई?,1983,1987,1992,1996,A,1983,1983 में इंडिया ने पहली विश्व कप जीता था।,1983 में इंडिया ने इंग्लैंड के विरुद्ध जीत के बाद पहला विश्व कप जीता था।,2026-09-14 13:42:58
GK_HI_0283,Hindi,General Knowledge,"खेल जगत, क्रिकेट, हॉकी एवं ओलंपिक खेल",Medium,ऑलिंपिक खेल किस वर्ष शुरू हुए?,776 ई.से.,1896,1900,1920,A,776 ई.से.,ऑलिंपिक खेल 776 ई.से. से शुरू हुए।,ऑलिंपिक खेल 776 ई.से. से इटली की राष्ट्रीय घटना के रूप में शुरू हुए और 1896 में यूरोप में वापस आये।,2026-09-14 13:42:58
GK_HI_0284,Hindi,General Knowledge,"खेल जगत, क्रिकेट, हॉकी एवं ओलंपिक खेल",Medium,हॉकी किस वर्ष पद्म विभूषण नाम से पद्म पुरस्कार के लिए शामिल किया गया?,1962,1976,1982,1988,C,1982,1982 में हॉकी खेल शामिल होकर पद्म पुरस्कार के लिए पद्म विभूषण नाम से चुने गए थे।,1982 से हॉकी खेल शामिल होकर विभिन्न पद्म पुरस्कारों में भी शामिल होने लगे।,2026-09-14 13:42:58
GK_HI_0285,Hindi,General Knowledge,"खेल जगत, क्रिकेट, हॉकी एवं ओलंपिक खेल",Medium,क्रिकेट में दुनिया कप जीतने वाली पहली टीम कौन-सी है?,इंडिया,दक्षिण अफ्रीका,कनाडा,क्राउन रियल्स,A,इंडिया,इंडिया ने दुनिया कप जीतने वाली पहली टीम थी।,1983 में इंडिया ने दुनिया कप जीतने वाली पहली टीम थी। इसी के बाद दक्षिण अफ्रीका ने 1992 में दुनिया कप जीता था।,2026-09-14 13:42:58
GK_HI_0286,Hindi,General Knowledge,"खेल जगत, क्रिकेट, हॉकी एवं ओलंपिक खेल",Medium,हॉकी खेल में जीतने वाली दूसरी टीम कौन-सी है?,इंडिया,दक्षिण अफ्रीका,कनाडा,हंगेरी,B,दक्षिण अफ्रीका,दक्षिण अफ्रीका ने हॉकी में दूसरी टीम जीतने का अनुसार दिखाया है।,दक्षिण अफ्रीका ने इंडिया के बाद दूसरी टीम के रूप में हॉकी में जीत जोती है।,2026-09-14 13:42:58
GK_HI_0287,Hindi,General Knowledge,"खेल जगत, क्रिकेट, हॉकी एवं ओलंपिक खेल",Medium,ऑलिंपिक खेल किस वर्ष शामिल होकर पद्म विभूषण नाम से पद्म पुरस्कार रिनामित किए गए?,1962,1976,1982,1988,C,1982,1982 में ऑलिंपिक खेल शामिल होकर पद्म विभूषण नाम से पद्म पुरस्कार रिनामित किए गए।,1982 से ऑलिंपिक खेल शामिल होकर विभिन्न पद्म पुरस्कारों में भी शामिल होने लगे।,2026-09-14 13:42:58
GK_HI_0288,Hindi,General Knowledge,"पर्यावरण, वन्यजीव अभयारण्य एवं राष्ट्रीय उद्यान",Hard,जैव विविधता के प्रोत्साहन के लिए जिस वर्ष प्रधान मंत्रालय ने अमूद राष्ट्रीय उद्यान की घोषणा की?,2015,2017,2019,2021,C,2019,अमूद राष्ट्रीय उद्यान में जैविक विविधता की बचाव की योजना शामिल है।,"अमूद राष्ट्रीय उद्यान की घोषणा 2019 में की गई थी, जिसमें जैविक विविधता के प्रोत्साहन की योजना शामिल थी।",2026-09-14 13:43:45
GK_HI_0289,Hindi,General Knowledge,"पर्यावरण, वन्यजीव अभयारण्य एवं राष्ट्रीय उद्यान",Hard,राष्ट्रीय उद्यानों में जितने प्रजातियों की खोज हुई है जो पहली बार देखी गई थीं?,10,50,100,200,C,100,राष्ट्रीय उद्यानों में अनेक नई प्रजातियों की खोज हुई है जो पहली बार देखी गई थीं।,राष्ट्रीय उद्यानों में अधिकांश रूप से पहली बार देखी गई प्रजातियां पाई गई हैं जिनमें कई हजार प्रजातियां शामिल हैं। बहुत से नए प्रजातियों की खोज भी यहाँ थी।,2026-09-14 13:43:45
GK_HI_0290,Hindi,General Knowledge,"पर्यावरण, वन्यजीव अभयारण्य एवं राष्ट्रीय उद्यान",Hard,जितने प्रजातियों के लिए राष्ट्रीय उद्यान बनाए गए हैं जो कि निरक्षर रह गए हैं और उनकी बचाव की जरूरत है?,5,20,50,100,B,20,राष्ट्रीय उद्यानों में कुछ प्रजातियां जिन्हें बचाने की जरूरत है वे निरक्षर रह गई हैं।,"राष्ट्रीय उद्यानों में कुछ प्रजातियां निरक्षर रह गई हैं जिनकी बचाव की जरूरत है, और इन लिए राष्ट्रीय उद्यान बनाए गए हैं।",2026-09-14 13:43:45
GK_HI_0291,Hindi,General Knowledge,"पर्यावरण, वन्यजीव अभयारण्य एवं राष्ट्रीय उद्यान",Hard,वन्यजीवों की बचाव के लिए किस वर्ष दिल्ली में जिम्मेदार वन्यजीवों की घोषणा की गई थी?,2010,2012,2014,2016,C,2014,जिम्मेदार वन्यजीवों की घोषणा वन्यजीवों की बचाव के लिए महत्वपूर्ण है।,2014 में दिल्ली में जिम्मेदार वन्यजीवों की घोषणा की गई थी जो वन्यजीवों की बचाव की कार्यक्रम से संबंधित थी।,2026-09-14 13:43:45
GK_HI_0292,Hindi,General Knowledge,"पर्यावरण, वन्यजीव अभयारण्य एवं राष्ट्रीय उद्यान",Hard,पर्यावरण संरक्षण के लिए किस वर्ष राष्ट्रीय संरक्षण दिवस शुरू किया गया?,1991,1995,1998,2000,C,1998,राष्ट्रीय संरक्षण दिवस पर्यावरण संरक्षण की जानकारी और साक्षात्कारों के लिए एक विशेष दिन है।,"1998 में राष्ट्रीय संरक्षण दिवस की घोषणा की गई थी, जो पर्यावरण संरक्षण के लिए एक महत्वपूर्ण दिवस बनाने के लिए शुरू की गई थी।",2026-09-14 13:43:45
GK_HI_0293,Hindi,General Knowledge,"पर्यावरण, वन्यजीव अभयारण्य एवं राष्ट्रीय उद्यान",Hard,वन्यजीवों के अभयारण्यों में कितने प्रजातियों की खोज हुई है जो कि राष्ट्रीय उद्यानों में खोजी गई नहीं थीं?,10,50,100,200,C,100,अभयारण्यों में कई नए प्रजातियों की खोज हुई है जो कि राष्ट्रीय उद्यानों में खोजी गई नहीं थीं।,अभयारण्यों में कई नए प्रजातियों की खोज हुई है जिनकी बचाव के लिए अभी भी कार्य किया जाना है।,2026-09-14 13:43:45
GK_HI_0294,Hindi,General Knowledge,"पर्यावरण, वन्यजीव अभयारण्य एवं राष्ट्रीय उद्यान",Hard,जितने वन्यजीव प्रजातियों की अभयारण्य में बचाव के लिए राष्ट्रीय संरक्षण दिवस के दौरान घोषित की गई हैं?,10,50,100,200,B,50,राष्ट्रीय संरक्षण दिवस पर कई वन्यजीव प्रजातियां अभयारण्य में बचाव के लिए घोषित की गई हैं।,राष्ट्रीय संरक्षण दिवस की कार्यक्रमों में कई वन्यजीव प्रजातियां अभयारण्य में बचाव के लिए घोषित की गई हैं।,2026-09-14 13:43:45
GK_HI_0295,Hindi,General Knowledge,"पर्यावरण, वन्यजीव अभयारण्य एवं राष्ट्रीय उद्यान",Hard,वन्यजीव बचाव के लिए कितने अभयारण्य बनाए गए हैं जिनमें दुनिया भर से वन्यजीवों की खोज हुई है?,10,50,100,200,C,100,अभयारण्य में वन्यजीवों की खोज की गई है जिनमें दुनिया भर से वन्यजीवों की खोज हुई है।,अभयारण्य में अधिकांश रूप से वन्यजीवों की खोज हुई है जिनमें दुनिया भर से वन्यजीव प्रजातियां शामिल हैं।,2026-09-14 13:43:45
GK_HI_0296,Hindi,General Knowledge,"पर्यावरण, वन्यजीव अभयारण्य एवं राष्ट्रीय उद्यान",Hard,जितने राष्ट्रीय उद्यानों में जीवन की जातीय विविधता की खोज हुई है जिनमें वन्यजीवों और प्लांट्स की बहुत सी प्रजातियां शामिल हैं?,10,50,100,200,B,50,राष्ट्रीय उद्यानों में वन्यजीवों और प्लांट्स की बहुत सी प्रजातियां जीवन की जातीय विविधता के लिए खोजी गई हैं।,राष्ट्रीय उद्यानों में वन्यजीवों और प्लांट्स की बहुत सी प्रजातियां जीवन की जातीय विविधता के लिए खोजी गई हैं।,2026-09-14 13:43:45
GK_HI_0297,Hindi,General Knowledge,"पर्यावरण, वन्यजीव अभयारण्य एवं राष्ट्रीय उद्यान",Hard,जितने वन्यजीव प्रजातियों की खोज हुई है जिनमें राष्ट्रीय उद्यानों और अभयारण्यों में दोनों में खोजी गई हैं?,10,50,100,200,B,50,वन्यजीव प्रजातियां राष्ट्रीय उद्यानों और अभयारण्यों में दोनों में खोजी गई हैं।,वन्यजीव प्रजातियां राष्ट्रीय उद्यानों और अभयारण्यों में दोनों में खोजी गई हैं।,2026-09-14 13:43:45
GK_HI_0298,Hindi,General Knowledge,प्राचीन एवं मध्यकालीन भारतीय इतिहास,Medium,किस शासक के शासन के दौरान विश्व की सबसे लंबे अविश्वसनीय युद्ध श्रृंगार युद्ध का शुरुआती विरोध हुआ?,अशोक द्वारा,काश्यप द्वारा,पर्वत द्वारा,पुण्यात्मन द्वारा,C,पर्वत द्वारा,पर्वत ने श्रृंगार युद्ध का शुरुआती विरोध किया था जिसका मतलब है कि वह सबसे पहले यह युद्ध को रोकने की कोशिश कर चुका था।,पर्वत ने श्रृंगार युद्ध का शुरुआती विरोध किया था जिसमें वह अपने शक्तिशाली सैन्य का उपयोग करके युद्ध को रोकने की कोशिश की थी।,2026-09-14 13:44:33
GK_HI_0299,Hindi,General Knowledge,प्राचीन एवं मध्यकालीन भारतीय इतिहास,Medium,भारत में किस वर्ष जैव चिकित्सा का उपयोग शुरू किया गया?,1930,1947,1960,1970,A,1930,1930 में जैव चिकित्सा का उपयोग शुरू किया गया था जो अरबियन जैविक तत्वों से संबंधित था।,1930 के दौरान बीमारियों के उपचार में जैविक तत्वों का उपयोग किया गया था जो अरब से शहर तक आया था।,2026-09-14 13:44:33
GK_HI_0300,Hindi,General Knowledge,प्राचीन एवं मध्यकालीन भारतीय इतिहास,Medium,किस शासक के शासन के दौरान विश्व इतिहास में दूर अविश्वसनीय युद्ध की उपस्थिति राज्य की स्थापना की गई?,चन्द्रगुप्त मौर्य,कौतुख,अशोक,अर्जुन,A,चन्द्रगुप्त मौर्य,चन्द्रगुप्त मौर्य ने दूर युद्ध की उपस्थिति राज्य की स्थापना की थी।,चन्द्रगुप्त मौर्य ने दूर अविश्वसनीय युद्ध की उपस्थिति को राज्य के अंग बनाकर संस्थापित किया था।,2026-09-14 13:44:33
GK_HI_0301,Hindi,General Knowledge,प्राचीन एवं मध्यकालीन भारतीय इतिहास,Medium,किस वर्ष मध्यकालीन भारत में विश्व चालकताकार युद्ध (मानवताकार युद्ध) का शुरुआत हुआ था?,1500,1600,1700,1800,D,1800,1800 में विश्व चालकताकार युद्ध का शुरुआत हुआ था।,1800 के दौरान ब्रिटिश और फ्रांसीसी ने भारत के विभिन्न क्षेत्रों में चालकताकार युद्ध चलाया था।,2026-09-14 13:44:33
GK_HI_0302,Hindi,General Knowledge,प्राचीन एवं मध्यकालीन भारतीय इतिहास,Medium,किस शासक के शासन के दौरान भारत में राजनीतिक और सांस्कृतिक विविधता की वृद्धि हुई?,काश्यप,चन्द्रगुप्त मौर्य,अशोक,कौतुख,C,अशोक,अशोक ने अपने शासन के दौरान भारत में राजनीतिक और सांस्कृतिक विविधता की वृद्धि की थी।,अशोक ने अपने शासन के दौरान भारत के विभिन्न भाषाओं और सांस्कृतिक विविधताओं को सम्मानित किया था और इन्हें विकसित करने की कोशिश की थी।,2026-09-14 13:44:33
GK_HI_0303,Hindi,General Knowledge,प्राचीन एवं मध्यकालीन भारतीय इतिहास,Medium,किस वर्ष चार्ल्स डागन द्वारा भारत में अंग्रेजी संस्कृति का चिकित्सक युद्ध कहा गया?,1810,1820,1830,1840,C,1830,1830 में चार्ल्स डागन ने अंग्रेजी संस्कृति का चिकित्सक युद्ध कहा था।,1830 के दौरान चार्ल्स डागन ने अंग्रेजी संस्कृति को भारत में इतरताली विवादित संस्कृति के लिए चिकित्सक युद्ध कहा था।,2026-09-14 13:44:33
GK_HI_0304,Hindi,General Knowledge,प्राचीन एवं मध्यकालीन भारतीय इतिहास,Medium,किस शासक के शासन के दौरान भारत में शाही राजनीति की जीवित रूप से व्यवस्था की गई?,चन्द्रगुप्त मौर्य,विश्वास,बुद्ध,अशोक,A,चन्द्रगुप्त मौर्य,चन्द्रगुप्त मौर्य ने अपने शासन के दौरान भारत में शाही राजनीति की जीवित रूप से व्यवस्था की थी।,चन्द्रगुप्त मौर्य ने भारत में शाही राजनीति की व्यवस्था की थी जो राज्य के सुधार और विकास के लिए कार्य करती थी।,2026-09-14 13:44:33
GK_HI_0305,Hindi,General Knowledge,प्राचीन एवं मध्यकालीन भारतीय इतिहास,Medium,किस शासक के शासन के दौरान भारत में राजधानी राजस्थान की स्थापना की गई?,निकटाग्रह,कौतुख,पुण्यात्मन,चन्द्रगुप्त मौर्य,D,चन्द्रगुप्त मौर्य,चन्द्रगुप्त मौर्य ने अपने शासन के दौरान राजस्थान की स्थापना की थी।,चन्द्रगुप्त मौर्य ने अपने शासन के दौरान राजस्थान की राजधानी की स्थापना की थी जो वहाँ के राज्य की शासन व्यवस्था का केंद्र बना।,2026-09-14 13:44:33
GK_HI_0306,Hindi,General Knowledge,प्राचीन एवं मध्यकालीन भारतीय इतिहास,Medium,किस वर्ष राजधानी कोचीला में राजधानी की स्थापना की गई?,1830,1850,1870,1890,B,1850,1850 में राजधानी कोचीला में स्थापना की गई थी।,1850 के दौरान ब्रिटिश ने कोचीला को राजधानी के रूप में चुना था जो अब कोलकाता के रूप में जाना जाता है।,2026-09-14 13:44:33
GK_HI_0307,Hindi,General Knowledge,प्राचीन एवं मध्यकालीन भारतीय इतिहास,Medium,किस शासक के शासन के दौरान भारत में अंग्रेजी और ब्रिटिश संस्कृति की व्यापारिक रूप से व्यापक व्यापार की शुरुआत हुई?,कौतुख,चन्द्रगुप्त मौर्य,निकटाग्रह,विश्वास,A,कौतुख,कौतुख ने अपने शासन के दौरान भारत में अंग्रेजी और ब्रिटिश संस्कृति की व्यापारिक रूप से व्यापक व्यापार की शुरुआत की थी।,कौतुख ने अपने शासन के दौरान अंग्रेजी और ब्रिटिश संस्कृति की व्यापारिक रूप से व्यापक व्यापार की शुरुआत की थी जो भारतीय अर्थव्यवस्था का प्रभाव पड़ा।,2026-09-14 13:44:33
GK_HI_0308,Hindi,General Knowledge,आधुनिक भारत का इतिहास एवं स्वतंत्रता संग्राम,Medium,1857 की वारसिया विद्रोह किस प्रकार का विद्रोह था?,एक विशेष श्रमिक विद्रोह,एक विशेष राष्ट्रीय विद्रोह,एक गोरे और भारतीयों के बीच विद्रोह,एक सामाजिक विद्रोह,C,एक गोरे और भारतीयों के बीच विद्रोह,1857 का वारसिया विद्रोह गोरे और भारतीय सैनिकों के बीच का साझा विद्रोह था।,1857 का वारसिया विद्रोह गोरे और भारतीय सैनिकों के बीच विद्रोह था जिसमें गोरे ने शासन का अधिकार देने की आसक्ति न किया और भारतीय सैनिक गोरों के बीच की अस्वीकृति व्यक्त की।,2026-09-14 13:45:48
GK_HI_0309,Hindi,General Knowledge,आधुनिक भारत का इतिहास एवं स्वतंत्रता संग्राम,Medium,किस शासक के शासन के दौरान भारत में स्वतंत्रता संग्राम का शुरुआत हुआ?,हैम्प्टन रिचर्ड्स शासन,बिल्लमार शासन,बॉर्ड ऑफ कोलन्स शासन,बेकर शासन,A,हैम्प्टन रिचर्ड्स शासन,हैम्प्टन रिचर्ड्स शासन के दौरान अंग्रेजों ने स्वतंत्रता संग्राम को अधिक शक्तिशाली बनाने के प्रयास की शुरुआत की।,हैम्प्टन रिचर्ड्स ने भारत में स्वतंत्रता संग्राम को अधिक शक्तिशाली बनाने के लिए विशेष प्रयास किए और उन्होंने भारतीय सैनिकों को अंग्रेजी शक्ति के खिलाफ लड़ने में सहायता प्रदान की।,2026-09-14 13:45:48
GK_HI_0310,Hindi,General Knowledge,आधुनिक भारत का इतिहास एवं स्वतंत्रता संग्राम,Medium,1916 वार्षिक संग्राम किस प्रकार के संग्राम को दर्शाता है?,भारतीय और अंग्रेज शासकों के बीच के संग्राम,भारतीय राजनीतिक दलों के बीच के संग्राम,भारतीय और अंग्रेज सैनिकों के बीच के संग्राम,भारतीय सांस्कृतिक और राजनीतिक संग्राम,B,भारतीय राजनीतिक दलों के बीच के संग्राम,1916 वार्षिक संग्राम भारतीय राजनीतिक दलों के बीच राजनीतिक संघर्ष और व्यवस्था के लिए दृष्टिकोण की विवादास्पदता को दर्शाता है।,1916 वार्षिक संग्राम में भारतीय राजनीतिक दलों ने अपने राजनीतिक व्यवस्था और अपने अधिकारों के लिए विवादित दृष्टिकोण पर ध्यान केंद्रित किया था।,2026-09-14 13:45:48
GK_HI_0311,Hindi,General Knowledge,आधुनिक भारत का इतिहास एवं स्वतंत्रता संग्राम,Medium,1921 में भारत में किस शासक ने स्वतंत्रता संग्राम को गुजरात के विस्तार में फैलाया?,राजेश्वर राव जाट,लालालला प्रेक्षियान,बदरीनाथ दास,बुल्लाराय शर्मा,A,राजेश्वर राव जाट,राजेश्वर राव जाट ने गुजरात में स्वतंत्रता संग्राम को व्यापक रूप से फैलाया और विकसित किया।,राजेश्वर राव जाट ने गुजरात में स्वतंत्रता संग्राम को विस्तारित और व्यापक बनाने के लिए अपने कार्य की शुरुआत की थी। उन्होंने गुजरात में स्वतंत्रता संग्राम का विकास और विस्तार किया था।,2026-09-14 13:45:48
GK_HI_0312,Hindi,General Knowledge,आधुनिक भारत का इतिहास एवं स्वतंत्रता संग्राम,Medium,किस वर्ष राष्ट्रीय संघ नेता ने अपना वाट दर्शाया?,1928,1929,1930,1931,B,1929,1929 में राष्ट्रीय संघ नेता ने अपना वाट दर्शाया और इसे एक अधिक विशेष और व्यक्तिगत रूप से अन्य नेताओं से भिन्न किया।,1929 में मुंबई शहर में अपने वाट दर्शाने के लिए राष्ट्रीय संघ नेता ने अपना नेतृत्व दिखाया और वह इस वाट के माध्यम से अपने विचारों और योजनाओं की प्रचार करते रहे।,2026-09-14 13:45:48
GK_HI_0313,Hindi,General Knowledge,आधुनिक भारत का इतिहास एवं स्वतंत्रता संग्राम,Medium,1930 के अगस्त में राष्ट्रीय संघ नेता ने किस गतिविधि को शुरू की?,डिफ़ेरेंस विलाप,नौवीं डिसेंबर अवशोषण,बाटवाला यात्रा,हिज़ाब अरसा यात्रा,C,बाटवाला यात्रा,बाटवाला यात्रा राष्ट्रीय संघ नेता ने अपनी स्वतंत्रता की मांग के लिए अंग्रेज शासकों की खुली यात्रा का नाम था।,1930 के अगस्त में राष्ट्रीय संघ नेता ने बाटवाला यात्रा की शुरुआत की जिसमें वे अपनी स्वतंत्रता की मांग के लिए अंग्रेज शासकों की खुली यात्रा करते रहे। यह यात्रा अंग्रेजों के शासन पर विरोध को दर्शाती थी।,2026-09-14 13:45:48
GK_HI_0314,Hindi,General Knowledge,आधुनिक भारत का इतिहास एवं स्वतंत्रता संग्राम,Medium,किस शासक ने 1937 में भारत में राज्य स्तर की अधिकारिता ली?,कैम्ब्रिज काउंसिल,बॉर्ड ऑफ कोलन्स,विलियम लिट्लफील्ड,रॉबर्ट फिलिप्स,A,कैम्ब्रिज काउंसिल,कैम्ब्रिज काउंसिल ने 1937 में भारत में राज्य स्तर की अधिकारिता ली और राज्य स्तर के विभिन्न संस्थानों में शासन की शक्ति को विकसित किया।,कैम्ब्रिज काउंसिल ने 1937 में भारत में राज्य स्तर की अधिकारिता ली और राज्य स्तर के विभिन्न संस्थानों में शासन की शक्ति को विकसित किया। यह शक्ति राज्य स्तर के संस्थानों द्वारा स्वतंत्रता की योजनाओं को विकसित करने के लिए की गई थी।,2026-09-14 13:45:48
GK_HI_0315,Hindi,General Knowledge,आधुनिक भारत का इतिहास एवं स्वतंत्रता संग्राम,Medium,1931 में भारतीय संसद की किस विधान नीति का निर्धारण किया गया था?,रॉयल काउंसिल,ब्रिटिश जॉनसन,ब्रिटिश जॉनसन और रॉयल काउंसिल,ब्रिटिश जॉनसन और लाइनस्टॉन,C,ब्रिटिश जॉनसन और रॉयल काउंसिल,1931 में भारतीय संसद की विधान नीति ब्रिटिश जॉनसन और रॉयल काउंसिल द्वारा निर्धारित की गई थी जो भारतीय संसद के अधिकारों को विकसित करने के लिए नीति थी।,1931 में भारतीय संसद की विधान नीति ब्रिटिश जॉनसन और रॉयल काउंसिल द्वारा निर्धारित की गई थी जो भारतीय संसद के अधिकारों को विकसित करने के लिए नीति थी। यह नीति भारतीय संसद की विभिन्न विधान के अधिकारों को विकसित करने के लिए निर्धारित की गई थी।,2026-09-14 13:45:48
GK_HI_0316,Hindi,General Knowledge,आधुनिक भारत का इतिहास एवं स्वतंत्रता संग्राम,Medium,1931 में अंग्रेजों ने भारत में किस तालिका की रियायत दी?,पांच अवधारणाएँ,राज्य अधिकारी रियायत,ब्रिटिश जॉनसन और रॉयल काउंसिल,मुंबई रियायत,A,पांच अवधारणाएँ,1931 में अंग्रेजों ने भारत में पांच अवधारणाएँ की रियायत दी जो भारत के संविधान और स्वतंत्रता के विकास के लिए अवधारणात्मक रूप से अभिप्रेत थीं।,1931 में अंग्रेजों ने भारत में पांच अवधारणाएँ की रियायत दी जो भारत के संविधान और स्वतंत्रता के विकास के लिए अवधारणात्मक रूप से अभिप्रेत थीं। यह रियायत भारत की स्वतंत्रता और संविधान के विकास के लिए अवधारणात्मक रूप से अभिप्रेत थी।,2026-09-14 13:45:48
GK_HI_0317,Hindi,General Knowledge,आधुनिक भारत का इतिहास एवं स्वतंत्रता संग्राम,Medium,1932 में भारत में किस विधान का निर्धारण किया गया था?,राज्य अधिकारी रियायत,ब्रिटिश जॉनसन और रॉयल काउंसिल,ब्रिटिश जॉनसन और लाइनस्टॉन,मुंबई रियायत,C,ब्रिटिश जॉनसन और लाइनस्टॉन,1932 में भारत में ब्रिटिश जॉनसन और लाइनस्टॉन द्वारा विधान का निर्धारण किया गया था जो भारत के राज्य स्तर के अधिकारों को विकसित करने के लिए नीति थी।,1932 में भारत में ब्रिटिश जॉनसन और लाइनस्टॉन द्वारा विधान का निर्धारण किया गया था जो भारत के राज्य स्तर के अधिकारों को विकसित करने के लिए नीति थी। यह विधान भारत के राज्य स्तर के अधिकारों को विकसित करने के लिए निर्धारित किया गया था।,2026-09-14 13:45:48
GK_HI_0318,Hindi,General Knowledge,आधुनिक भारत का इतिहास एवं स्वतंत्रता संग्राम,Medium,1936 में भारत में किस विधान का निर्धारण किया गया था?,राज्य अधिकारी रियायत,ब्रिटिश जॉनसन और लाइनस्टॉन,मुंबई रियायत,ब्रिटिश जॉनसन और रॉयल काउंसिल,B,ब्रिटिश जॉनसन और लाइनस्टॉन,1936 में भारत में ब्रिटिश जॉनसन और लाइनस्टॉन द्वारा विधान का निर्धारण किया गया था जो भारत के राज्य स्तर के अधिकारों को विकसित करने के लिए नीति थी।,1936 में भारत में ब्रिटिश जॉनसन और लाइनस्टॉन द्वारा विधान का निर्धारण किया गया था जो भारत के राज्य स्तर के अधिकारों को विकसित करने के लिए नीति थी। यह विधान भारत के राज्य स्तर के अधिकारों को विकसित करने के लिए निर्धारित किया गया था।,2026-09-14 13:45:48
GK_HI_0319,Hindi,General Knowledge,विश्व का इतिहास एवं प्रमुख क्रांतियाँ,Hard,प्रथम विश्व युद्ध के दौरान इंग्लिश ट्रांसिपरेंट बुक किसने लिखा था?,जिम्मी गुलियर्मी,ब्राउन एंड वेल्स,रोबर्ट ओलिवर लैंजे,हार्ली राइट,C,रोबर्ट ओलिवर लैंजे,यह उत्तर सही है क्योंकि रोबर्ट ओलिवर लैंजे ने इंग्लिश ट्रांसिपरेंट बुक को लिखा था।,रोबर्ट ओलिवर लैंजे ने इंग्लिश ट्रांसिपरेंट बुक यह बुक 1917 में लिखी थी जिसमें उन्होंने इंग्लिश बुक की ट्रांसलेटेशन और प्रतिबिंबित रूप से पर्याय दिए थे।,2026-09-14 13:46:55
GK_HI_0320,Hindi,General Knowledge,विश्व का इतिहास एवं प्रमुख क्रांतियाँ,Hard,1917 में इंग्लिश ट्रांसिपरेंट बुक किस राष्ट्र के लिए एक आदर्श शिक्षा प्रणाली की तरह प्रस्तुत की गई थी?,जर्मनी,अर्मीनिया,भारत,युनान,C,भारत,यह उत्तर सही है क्योंकि इंग्लिश ट्रांसिपरेंट बुक ने भारत के लिए एक आदर्श शिक्षा प्रणाली की तरह प्रस्तुत की गई थी।,"1917 में इंग्लिश ट्रांसिपरेंट बुक भारत को एक नई शिक्षा प्रणाली की तरह प्रस्तुत की गई थी, जिसमें अंग्रेजी भाषा और साहित्य को प्रमुख रूप से रखा गया था।",2026-09-14 13:46:55
GK_HI_0321,Hindi,General Knowledge,विश्व का इतिहास एवं प्रमुख क्रांतियाँ,Hard,1914 में जिस देश के काफी भाग में ब्रिटिश सरकार ने स्थानीय शासन लिया था जिसकी वजह से इसके लिए इंग्लिश ट्रांसिपरेंट बुक का लेखन किया गया था?,जर्मनी,भारत,हैडरलाउम,पाकिस्तान,B,भारत,यह उत्तर सही है क्योंकि इंग्लिश ट्रांसिपरेंट बुक ने भारत के लिए शिक्षा प्रणाली की रूपरेता की तरह दिखाई दी थी।,"1914 में भारत के कई भागों में ब्रिटिश सरकार ने स्थानीय शासन लिया था, जिसकी वजह से इंग्लिश ट्रांसिपरेंट बुक को लिखा गया था।",2026-09-14 13:46:55
GK_HI_0322,Hindi,General Knowledge,विश्व का इतिहास एवं प्रमुख क्रांतियाँ,Hard,1857 की जालस्वामी युद्ध किस प्रकार की क्रांति थी?,राजनीतिक,सांस्कृतिक,भारतीय-अंग्रेजी,सामाजिक,C,भारतीय-अंग्रेजी,यह उत्तर सही है क्योंकि 1857 की जालस्वामी युद्ध भारतीय और अंग्रेज बीच एक विशिष्ट क्रांति थी।,1857 की जालस्वामी युद्ध भारतीय और अंग्रेज बीच एक विशिष्ट राजनीतिक और सामाजिक क्रांति का विरासत बना गया था।,2026-09-14 13:46:55
GK_HI_0323,Hindi,General Knowledge,विश्व का इतिहास एवं प्रमुख क्रांतियाँ,Hard,1922 में जिस नामक नैतिक कानून का निर्धारण किया गया था जिसके तहत भारतीय नागरिकों को अपनी जाति से बाहर निकालने का अधिकार था?,बैकवे नैतिक कानून,स्टॉनिंगफिल्ड नैतिक कानून,ब्रोक्समैन नैतिक कानून,बैकवे-ब्रोक्समैन नैतिक कानून,D,बैकवे-ब्रोक्समैन नैतिक कानून,यह उत्तर सही है क्योंकि बैकवे-ब्रोक्समैन नैतिक कानून ने भारतीय नागरिकों को अपनी जाति से बाहर निकालने का अधिकार दिया था।,"1922 में बैकवे-ब्रोक्समैन नैतिक कानून का निर्धारण किया गया था, जिसके तहत भारतीय नागरिकों को अपनी जाति से बाहर निकालने का अधिकार था।",2026-09-14 13:46:55
GK_HI_0324,Hindi,General Knowledge,विश्व का इतिहास एवं प्रमुख क्रांतियाँ,Hard,1930 के दशक में जिस नैतिक कानून का निर्धारण किया गया था जिसके तहत लोक विवाह संबंधी नियमों को अपलब्ध बनाया गया था?,बैकवे नैतिक कानून,स्टॉनिंगफिल्ड नैतिक कानून,कोलिन्स नैतिक कानून,ब्रोक्समैन नैतिक कानून,C,कोलिन्स नैतिक कानून,यह उत्तर सही है क्योंकि कोलिन्स नैतिक कानून ने लोक विवाह संबंधी नियमों को अपलब्ध बनाया था।,"1930 के दशक में कोलिन्स नैतिक कानून का निर्धारण किया गया था, जिसके तहत लोक विवाह संबंधी नियमों को अपलब्ध बनाया गया था।",2026-09-14 13:46:55
GK_HI_0325,Hindi,General Knowledge,विश्व का इतिहास एवं प्रमुख क्रांतियाँ,Hard,1858 में जिस नैतिक कानून का निर्धारण किया गया था जिसके तहत राज्याभीमन की शक्ति ब्रिटिश शासकों के राज्य स्तर पर ली गई थी?,बर्लिन नैतिक कानून,चेन्नई नैतिक कानून,लॉंडन नैतिक कानून,लॉक्सफोर्ड नैतिक कानून,D,लॉक्सफोर्ड नैतिक कानून,यह उत्तर सही है क्योंकि लॉक्सफोर्ड नैतिक कानून ने राज्याभीमन की शक्ति ब्रिटिश शासकों के राज्य स्तर पर ली थी।,"1858 में लॉक्सफोर्ड नैतिक कानून का निर्धारण किया गया था, जिसके तहत राज्याभीमन की शक्ति ब्रिटिश शासकों के राज्य स्तर पर ली गई थी।",2026-09-14 13:46:55
GK_HI_0326,Hindi,General Knowledge,विश्व का इतिहास एवं प्रमुख क्रांतियाँ,Hard,1858 में जिस विधान का निर्धारण किया गया था जिसके तहत ब्रिटिश शासकों को राज्याभीमन की शक्ति दी गई थी?,1858 विधान,1857 विधान,1859 विधान,1856 विधान,A,1858 विधान,"यह उत्तर सही है क्योंकि 1858 विधान का निर्धारण किया गया था, जिसके तहत ब्रिटिश शासकों को राज्याभीमन की शक्ति दी गई थी।","1858 में 1858 विधान का निर्धारण किया गया था, जिसके तहत ब्रिटिश शासकों को राज्याभीमन की शक्ति दी गई थी।",2026-09-14 13:46:55
GK_HI_0327,Hindi,General Knowledge,विश्व का इतिहास एवं प्रमुख क्रांतियाँ,Hard,1857 की जालस्वामी युद्ध के बाद जिस नैतिक कानून का निर्धारण किया गया था जिसके तहत ब्रिटिश शासकों को राज्याभीमन की शक्ति दी गई थी?,बार्लिन नैतिक कानून,लॉक्सफोर्ड नैतिक कानून,बेलिज़र नैतिक कानून,लॉन्गविल नैतिक कानून,B,लॉक्सफोर्ड नैतिक कानून,यह उत्तर सही है क्योंकि लॉक्सफोर्ड नैतिक कानून ने ब्रिटिश शासकों को राज्याभीमन की शक्ति दी थी।,"1857 की जालस्वामी युद्ध के बाद लॉक्सफोर्ड नैतिक कानून का निर्धारण किया गया था, जिसके तहत ब्रिटिश शासकों को राज्याभीमन की शक्ति दी गई थी।",2026-09-14 13:46:55
GK_HI_0328,Hindi,General Knowledge,विश्व का इतिहास एवं प्रमुख क्रांतियाँ,Hard,1935 के दशक में जिस नैतिक कानून का निर्धारण किया गया था जिसके तहत भारत की स्वतंत्रता का अधिकार दिया गया था?,बैकवे नैतिक कानून,स्टॉनिंगफिल्ड नैतिक कानून,1935 नैतिक कानून,ब्रोक्समैन नैतिक कानून,C,1935 नैतिक कानून,यह उत्तर सही है क्योंकि 1935 नैतिक कानून ने भारत की स्वतंत्रता का अधिकार दिया था।,"1935 में 1935 नैतिक कानून का निर्धारण किया गया था, जिसके तहत भारत की स्वतंत्रता का अधिकार दिया गया था।",2026-09-14 13:46:55
GK_HI_0329,Hindi,General Knowledge,"भारत का भूगोल (नदियाँ, पर्वत, जलवायु, मिट्टियाँ)",Easy,भारत में किस नदी ने सर्वाधिक जलविनय किया?,नीला,गंगा,यमुना,सनातन,B,गंगा,गंगा नदी क्यों जलविनय करती है यह संक्षेप में बताया गया है।,गंगा नदी भारत की सबसे व्यापक जलविनय नदियों में से एक है जो अनेक नदियों से जलवार लेती है।,2026-09-14 13:47:41
GK_HI_0330,Hindi,General Knowledge,"भारत का भूगोल (नदियाँ, पर्वत, जलवायु, मिट्टियाँ)",Easy,भारत का किस पर्वत सबसे ऊँचा है?,कोयला पर्वत,हिमाचल पर्वत,कौमोटिया पर्वत,किंग्स पर्वत,C,कौमोटिया पर्वत,कौमोटिया पर्वत क्यों सबसे ऊँचा है यह संक्षेप में बताया गया है।,"कौमोटिया पर्वत अपने 8,611 मीटर की ऊँचाई के बावजूद भारत के सबसे ऊँचे पर्वत हैं।",2026-09-14 13:47:41
GK_HI_0331,Hindi,General Knowledge,"भारत का भूगोल (नदियाँ, पर्वत, जलवायु, मिट्टियाँ)",Easy,भारत में किस जलवायु प्रकार का निर्माण होता है?,तैपिक जलवायु,तापीक जलवायु,तैपिक और तापीक जलवायु,सहितापीक जलवायु,C,तैपिक और तापीक जलवायु,तैपिक और तापीक जलवायु क्यों निर्माण होती है यह संक्षेप में बताया गया है।,भारत में तैपिक और तापीक जलवायु प्रकार का निर्माण होता है जिसमें गर्मियों में तापीक जलवायु और घर्षण गर्मियों में तैपिक जलवायु देखा जा सकता है।,2026-09-14 13:47:41
GK_HI_0332,Hindi,General Knowledge,"भारत का भूगोल (नदियाँ, पर्वत, जलवायु, मिट्टियाँ)",Easy,भारत की किस मिट्टी को खगोलीय मिट्टी माना जाता है?,कोल्लोइडल मिट्टी,लिनियल मिट्टी,हाइड्रोफिलिक मिट्टी,सैन्ट्रल फॉक्स मिट्टी,D,सैन्ट्रल फॉक्स मिट्टी,सैन्ट्रल फॉक्स मिट्टी क्यों खगोलीय मिट्टी मानी जाती है यह संक्षेप में बताया गया है।,सैन्ट्रल फॉक्स मिट्टी क्षेत्र में खगोलीय मिट्टी के रूप में उपस्थित है जो भारत की राज्यों में विभिन्न क्षेत्रों में पाई जाती है।,2026-09-14 13:47:41
GK_HI_0333,Hindi,General Knowledge,"भारत का भूगोल (नदियाँ, पर्वत, जलवायु, मिट्टियाँ)",Easy,भारत का किस राज्य सबसे विस्तृत है?,महाराष्ट्र,मेघालय,मेघालय,उत्तराखंड,B,मेघालय,मेघालय क्यों सबसे विस्तृत है यह संक्षेप में बताया गया है।,"मेघालय राज्य भारत का सबसे विस्तृत राज्य है जिसका क्षेत्रफल लगभग 22,429 वर्ग किलोमीटर है।",2026-09-14 13:47:41
GK_HI_0334,Hindi,General Knowledge,"भारत का भूगोल (नदियाँ, पर्वत, जलवायु, मिट्टियाँ)",Easy,भारत में किस जलवायु क्षेत्र जलवायु विकास की अवधारणा का उदाहरण है?,कैनरी मान्द्रिया,हरियाणा,कर्नाटक,कर्नाटक,A,कैनरी मान्द्रिया,कैनरी मान्द्रिया क्यों जलवायु विकास की अवधारणा का उदाहरण है यह संक्षेप में बताया गया है।,कैनरी मान्द्रिया एक जलवायु विकास की अवधारणा का उदाहरण है जिसमें जलवायु के अनुसार विभिन्न क्षेत्रों में विकास की योजनाएँ तैयार की जाती हैं।,2026-09-14 13:47:41
GK_HI_0335,Hindi,General Knowledge,"भारत का भूगोल (नदियाँ, पर्वत, जलवायु, मिट्टियाँ)",Easy,भारत में किस मिट्टी को रॉक मिट्टी के रूप में जाना जाता है?,जुलियन मिट्टी,स्टोक्स मिट्टी,साल्ड मिट्टी,रॉक मिट्टी,D,रॉक मिट्टी,रॉक मिट्टी क्यों रॉक मिट्टी के रूप में जानी जाती है यह संक्षेप में बताया गया है।,रॉक मिट्टी उस प्रकार की मिट्टी को कहते हैं जो अपने अंतर्गत रॉक की अवशिष्ट टुकड़े भी लेती हैं।,2026-09-14 13:47:41
GK_HI_0336,Hindi,General Knowledge,"भारत का भूगोल (नदियाँ, पर्वत, जलवायु, मिट्टियाँ)",Easy,भारत में किस जलवायु क्षेत्र गर्मियों में अधिक गर्मी दर्ज करता है?,तापीक जलवायु,तैपिक जलवायु,सहितापीक जलवायु,कोल्लोइडल जलवायु,B,तैपिक जलवायु,तैपिक जलवायु क्यों गर्मियों में अधिक गर्मी दर्ज करती है यह संक्षेप में बताया गया है।,तैपिक जलवायु क्षेत्र गर्मियों में अधिक गर्मी दर्ज करता है जबकि तापीक जलवायु शरद और घर्षण गर्मियों में गर्मी दर्ज करती है।,2026-09-14 13:47:41
GK_HI_0337,Hindi,General Knowledge,"भारत का भूगोल (नदियाँ, पर्वत, जलवायु, मिट्टियाँ)",Easy,भारत में किस जलवायु क्षेत्र घर्षण गर्मियों में अधिक गर्मी दर्ज करता है?,तैपिक जलवायु,तापीक जलवायु,सहितापीक जलवायु,कोल्लोइडल जलवायु,B,तापीक जलवायु,तापीक जलवायु क्यों घर्षण गर्मियों में अधिक गर्मी दर्ज करती है यह संक्षेप में बताया गया है।,तापीक जलवायु घर्षण गर्मियों में अधिक गर्मी दर्ज करती है जबकि तैपिक जलवायु शरद और गर्मियों में गर्मी दर्ज करती है।,2026-09-14 13:47:41
GK_HI_0338,Hindi,General Knowledge,"भारत का भूगोल (नदियाँ, पर्वत, जलवायु, मिट्टियाँ)",Easy,भारत में किस राज्य सबसे छोटा है?,मणिपुर,मेघालय,पंजाब,पंजाब,A,मणिपुर,मणिपुर क्यों सबसे छोटा है यह संक्षेप में बताया गया है।,"मणिपुर राज्य भारत का सबसे छोटा राज्य है जिसका क्षेत्रफल लगभग 22,023 वर्ग किलोमीटर है।",2026-09-14 13:47:41
GK_HI_0339,Hindi,General Knowledge,"विश्व का भूगोल, महाद्वीप एवं महासागर",Medium,हाइड्रोलैक टाइप का वर्षा कौन-सा है?,राना रिवर का वर्षा,नीला रिवर का वर्षा,सागरी रिवर का वर्षा,राज्याना रिवर का वर्षा,B,नीला रिवर का वर्षा,नीला रिवर का वर्षा हाइड्रोलैक टाइप का वर्षा है जो वास्तविक वर्षा की तुलना में कम वर्षा प्रदान करता है।,नीला रिवर का वर्षा एक आर्किटेक्चर वाला वर्षा है जो प्रायः नहावल और फूलों के लिए उपलब्ध करता है।,2026-09-14 13:48:26
GK_HI_0340,Hindi,General Knowledge,"विश्व का भूगोल, महाद्वीप एवं महासागर",Medium,पोलार आर्किट टाइप का वर्षा कौन-सा है?,हाइड्रोलैक टाइप का वर्षा,क्वाइक टाइप का वर्षा,पोलार आर्किट टाइप का वर्षा,सामूहिक आर्किट टाइप का वर्षा,C,पोलार आर्किट टाइप का वर्षा,पोलार आर्किट टाइप का वर्षा एक विशिष्ट वर्षा टाइप है जो जलवायु के अतीत को निरूपित करता है।,पोलार आर्किट टाइप का वर्षा एक शुष्क वर्षा होता है जिसमें बहुत कम वर्षा आती है।,2026-09-14 13:48:26
GK_HI_0341,Hindi,General Knowledge,"विश्व का भूगोल, महाद्वीप एवं महासागर",Medium,किस राष्ट्रीय राज्य में विश्व का सबसे बड़ा आर्किटेक्चर वाला आबादी श्रेणी वर्षा होता है?,हिंदुस्तान,कनाडा,कोलंबिया,न्यूजीलैंड,C,कोलंबिया,कोलंबिया एक आर्किटेक्चर वाला वर्षा का उदाहरण देता है जिसमें वर्षा के आर्किटेक्चर की विशिष्ट रूप से विकसित रूप से दिखाई देता है।,कोलंबिया में वर्षा दो भागों में विभाजित होती है जिनमें अगलामहाद्वीपीय और दक्षिणी महाद्वीपीय वर्षा शामिल हैं।,2026-09-14 13:48:26
GK_HI_0342,Hindi,General Knowledge,"विश्व का भूगोल, महाद्वीप एवं महासागर",Medium,किस राष्ट्रीय राज्य में विश्व का सबसे छोटा महाद्वीप है?,स्विट्जरलैंड,बर्मा,बाहमान,हैडरलैंड,D,हैडरलैंड,हैडरलैंड एक छोटा महाद्वीप है जो अंग्रेजी भारत के दक्षिण-पूर्वी भाग में स्थित है।,हैडरलैंड एक छोटा द्वीप है जिसका कुल क्षेत्रफल काफी कम है।,2026-09-14 13:48:26
GK_HI_0343,Hindi,General Knowledge,"विश्व का भूगोल, महाद्वीप एवं महासागर",Medium,प्रशांत महासागर का किस भाग अफ्रीका के दक्षिणी भाग पर लगता है?,पश्चिमी भाग,पूर्वी भाग,पूर्वातीय भाग,पश्चिमातीय भाग,A,पश्चिमी भाग,प्रशांत महासागर का पश्चिमी भाग अफ्रीका के दक्षिणी भाग पर लगता है।,प्रशांत महासागर का पश्चिमी भाग अफ्रीका के दक्षिणी भाग के बाहर लगता है जो इसे दक्षिण अफ्रीका के दक्षिणी भाग से अलग करता है।,2026-09-14 13:48:26
GK_HI_0344,Hindi,General Knowledge,"विश्व का भूगोल, महाद्वीप एवं महासागर",Medium,हार्टलैंड किस भाग में स्थित है?,पश्चिम अमेरिका,पूर्व अमेरिका,कैराबियन द्वीपसमूह,पश्चिम यूरोप,C,कैराबियन द्वीपसमूह,हार्टलैंड एक छोटा द्वीप है जो कैराबियन द्वीपसमूह में स्थित है।,हार्टलैंड एक छोटा द्वीप है जो कैराबियन द्वीपसमूह में अपने लिए जाना जाता है।,2026-09-14 13:48:26
GK_HI_0345,Hindi,General Knowledge,"विश्व का भूगोल, महाद्वीप एवं महासागर",Medium,किस देश में भूमध्यसागर का यात्रा द्वीप है?,मलेशिया,इंडोनेशिया,ब्रम्हांद,हिंदुस्तान,B,इंडोनेशिया,इंडोनेशिया में भूमध्यसागर का यात्रा द्वीप खोजा जा सकता है।,इंडोनेशिया में भूमध्यसागर का यात्रा द्वीप अत्यंत महत्वपूर्ण है जो इस देश के विभिन्न हिस्सों को जोड़ता है।,2026-09-14 13:48:26
GK_HI_0346,Hindi,General Knowledge,"विश्व का भूगोल, महाद्वीप एवं महासागर",Medium,किस देश में रॉक मिट्टी का उपयोग अधिक देखा जाता है?,कनाडा,जापान,हिंदुस्तान,स्वित्जरलैंड,C,हिंदुस्तान,हिंदुस्तान में रॉक मिट्टी का उपयोग अधिक देखा जाता है।,हिंदुस्तान में रॉक मिट्टी एक अनिवार्य भूमि रूपक है जो देश की इतिहास और संस्कृति का दर्शन देता है।,2026-09-14 13:48:26
GK_HI_0347,Hindi,General Knowledge,"विश्व का भूगोल, महाद्वीप एवं महासागर",Medium,किस देश में विश्व का सबसे बड़ा नदी अनुसार विस्तार है?,इंडोनेशिया,जापान,हिंदुस्तान,स्वित्जरलैंड,C,हिंदुस्तान,हिंदुस्तान में गंगा नदी विश्व का सबसे बड़ा नदी अनुसार विस्तार है।,गंगा नदी भारत में अत्यंत महत्वपूर्ण है और इसका विस्तार अत्यधिक व्यापक है।,2026-09-14 13:48:26
GK_HI_0348,Hindi,General Knowledge,"विश्व का भूगोल, महाद्वीप एवं महासागर",Medium,किस देश में विश्व का सबसे छोटा महाद्वीप है?,हैडरलैंड,बर्मा,बाहमान,हिंदुस्तान,A,हैडरलैंड,हैडरलैंड एक छोटा महाद्वीप है जो अंग्रेजी भारत के दक्षिण-पूर्वी भाग में स्थित है।,हैडरलैंड एक छोटा द्वीप है जिसका कुल क्षेत्रफल काफी कम है।,2026-09-14 13:48:26
GK_HI_0349,Hindi,General Knowledge,"भारतीय संविधान, मौलिक अधिकार एवं राजव्यवस्था",Medium,भारत संविधान किस वर्ष किस गवर्नर गेनरल के अधीन विधायी सभा का कार्य शुरू हुआ था?,1946 अर्नैट डायलिन,1947 विलियम लिंग,1949 अर्नैट डायलिन,1949 विलियम लिंग,C,1949 अर्नैट डायलिन,1949 में राष्ट्रपति अर्नैट डायलिन की अधीन विधायी सभा ने भारत संविधान अनुसन्धान कार्यक्रम का सीरियल पारित किया था।,"विधायी सभा का कार्य शुरू करने वाला राष्ट्रपति विलियम लिंग नहीं था, बल्कि अर्नैट डायलिन ने 1949 में इसे पूरा किया था।",2026-09-14 13:49:29
GK_HI_0350,Hindi,General Knowledge,"भारतीय संविधान, मौलिक अधिकार एवं राजव्यवस्था",Medium,भारत संविधान में जनाधिपति की राज्य गवर्नर की तुलना में किस अधिकार का उल्लेख किया गया है?,विधायी संसद नियुक्त करने का अधिकार,कार्यालयों को नियंत्रित करने का अधिकार,मुद्रा निरीक्षण करने का अधिकार,संविधान की लागत का नियंत्रण,A,विधायी संसद नियुक्त करने का अधिकार,जनाधिपति ने विधायी संसद नियुक्त करने का अधिकार राज्य गवर्नर की तुलना में अधिक है।,"राज्य गवर्नर को केवल नियमित तरीके से संसद की नियुक्ति का अधिकार नहीं है, जबकि जनाधिपति विधायी संसद को नियुक्त कर सकते हैं।",2026-09-14 13:49:29
GK_HI_0351,Hindi,General Knowledge,"भारतीय संविधान, मौलिक अधिकार एवं राजव्यवस्था",Medium,भारतीय संविधान में आरक्षित अधिकारों की संख्या कितनी है?,12,17,18,19,C,18,कुल 18 आरक्षित अधिकार भारतीय संविधान में वर्णित हैं।,"1978 में आरक्षित अधिकारों की संख्या भारतीय संविधान में 18 बढ़ी हैं, जिनमें लोक विनाशन और अंधविश्वास की खातिर योजना भी शामिल है।",2026-09-14 13:49:29
GK_HI_0352,Hindi,General Knowledge,"भारतीय संविधान, मौलिक अधिकार एवं राजव्यवस्था",Medium,भारत संविधान में राष्ट्रपति की विधायी संसद की नियुक्ति किस अधिकार का उल्लेख करता है?,मोदल दिलीप सिंह अधिकार,जननियों अधिकार,केंद्रीय सरकार की नियुक्ति अधिकार,विधायी संसद नियुक्ति अधिकार,D,विधायी संसद नियुक्ति अधिकार,राष्ट्रपति ने विधायी संसद नियुक्ति के लिए अधिकार राज्य गवर्नर की तुलना में अधिक है।,"राष्ट्रपति ने विधायी संसद को नियुक्त करने का अधिकार राज्य गवर्नर की तुलना में अधिक है, विधायी संसद नियुक्ति अधिकार संविधान का एक अवितरक अधिकार है।",2026-09-14 13:49:29
GK_HI_0353,Hindi,General Knowledge,"भारतीय संविधान, मौलिक अधिकार एवं राजव्यवस्था",Medium,भारत संविधान में किस अधिकार के लिए केंद्रीय सरकार ने अधिकार का उल्लेख किया है?,राष्ट्रीय योजना निर्माण का अधिकार,कर अधिकार,मुद्रा निरीक्षण का अधिकार,राज्य की कार्यालयों को नियंत्रित करने का अधिकार,A,राष्ट्रीय योजना निर्माण का अधिकार,केंद्रीय सरकार ने राष्ट्रीय योजना निर्माण के लिए अधिकार राज्य गवर्नर की तुलना में अधिक है।,"केंद्रीय सरकार ने राष्ट्रीय योजना निर्माण का अधिकार राज्य गवर्नर की तुलना में अधिक है, केंद्रीय सरकार ने योजना बोर्ड और राष्ट्रीय योजना निर्माण अधिकार अधिकार का नियंत्रण रखता है।",2026-09-14 13:49:29
GK_HI_0354,Hindi,General Knowledge,"भारतीय संविधान, मौलिक अधिकार एवं राजव्यवस्था",Medium,भारत संविधान में राज्य सरकार के राज्य गवर्नर की तुलना में किस अधिकार का उल्लेख किया गया है?,मुद्रा नियंत्रण का अधिकार,मुद्रा निरीक्षण का अधिकार,राज्य कार्यालयों को नियंत्रित करने का अधिकार,राष्ट्रीय योजना निर्माण का अधिकार,C,राज्य कार्यालयों को नियंत्रित करने का अधिकार,राज्य सरकार ने राज्य कार्यालयों को नियंत्रित करने का अधिकार राज्य गवर्नर की तुलना में अधिक है।,राज्य गवर्नर ने राज्य कार्यालयों को नियंत्रित करने का अधिकार राज्य सरकार की तुलना में कम है।,2026-09-14 13:49:29
GK_HI_0355,Hindi,General Knowledge,"भारतीय संविधान, मौलिक अधिकार एवं राजव्यवस्था",Medium,भारतीय संविधान में आरक्षित अधिकार और मौलिक अधिकार के बीच किस अधिकार का अंतर दर्शाया गया है?,राज्य की कार्यालयों को नियंत्रित करने का अधिकार,मुद्रा निरीक्षण का अधिकार,विधायी संसद नियुक्ति अधिकार,अनुवादित अधिकार,D,अनुवादित अधिकार,"मौलिक अधिकार अनुवादित अधिकार से भिन्न हैं, मौलिक अधिकार आरक्षित हैं जबकि अनुवादित अधिकार नहीं हैं।","अनुवादित अधिकार राज्य की व्यवस्था के अंतर्गत निर्धारित होते हैं, जबकि मौलिक अधिकार राज्य की व्यवस्था से अलग रहकर आरक्षित हैं।",2026-09-14 13:49:29
GK_HI_0356,Hindi,General Knowledge,"भारतीय संविधान, मौलिक अधिकार एवं राजव्यवस्था",Medium,भारत संविधान में राज्य की व्यवस्था किस अधिकार के लिए नियंत्रक है?,स्थानीय अधिकार,मुद्रा निरीक्षण,राज्य की कार्यालयों को नियंत्रित करने का अधिकार,राष्ट्रीय योजना निर्माण,C,राज्य की कार्यालयों को नियंत्रित करने का अधिकार,राज्य की व्यवस्था ने राज्य की कार्यालयों को नियंत्रित करने का अधिकार राज्य गवर्नर की तुलना में अधिक है।,राज्य की व्यवस्था राज्य की कार्यालयों को नियंत्रित करने का अधिकार राज्य गवर्नर की तुलना में अधिक है।,2026-09-14 13:49:29
GK_HI_0357,Hindi,General Knowledge,"भारतीय संविधान, मौलिक अधिकार एवं राजव्यवस्था",Medium,भारत संविधान में राज्य गवर्नर की नियुक्ति अधिकार किस अधिकार के लिए उल्लेख किया गया है?,राष्य की कार्यालयों को नियंत्रित करने का अधिकार,राष्ट्रीय योजना निर्माण,मुद्रा निरीक्षण,विधायी संसद नियुक्ति,D,विधायी संसद नियुक्ति,राज्य गवर्नर ने विधायी संसद नियुक्ति अधिकार राज्य सरकार की तुलना में अधिक है।,राज्य गवर्नर ने विधायी संसद नियुक्ति अधिकार राज्य सरकार की तुलना में अधिक है।,2026-09-14 13:49:29
GK_HI_0358,Hindi,General Knowledge,"भारतीय अर्थव्यवस्था, बैंकिंग, बजट एवं योजनाएं",Medium,भारत का व्यवस्थापन किस अधिकार के अधीन है?,संसद,राज्य सरकार,केंद्र सरकार,संघीय जिल्ला चुनाव संपादकीय संस्था,C,केंद्र सरकार,केंद्र सरकार भारत की अर्थव्यवस्था का नियंत्रण रखती है।,केंद्र सरकार भारत की अर्थव्यवस्था का मुख्य नियंत्रक है।,2026-09-14 13:50:08
GK_HI_0359,Hindi,General Knowledge,"भारतीय अर्थव्यवस्था, बैंकिंग, बजट एवं योजनाएं",Medium,भारत की बजट संस्करण किस वर्ष की थी?,1991,1997,2000,2008,A,1991,1991 की बजट संस्करण कांस्टिटशन अधिकार 315 का योग्य हो गया।,1991 की बजट संस्करण ने भारत की अर्थव्यवस्था का नया दिशा निर्देश दिया।,2026-09-14 13:50:08
GK_HI_0360,Hindi,General Knowledge,"भारतीय अर्थव्यवस्था, बैंकिंग, बजट एवं योजनाएं",Medium,भारत की आर्थिक अवस्था को नियंत्रित करने का अधिकार किस दल पर है?,संसद,संघीय सरकार,राज्य सरकार,अर्थव्यवस्था बैंक,B,संघीय सरकार,संघीय सरकार भारत की आर्थिक अवस्था का नियंत्रण रखती है।,संघीय सरकार भारत की अर्थव्यवस्था का मुख्य नियंत्रक है।,2026-09-14 13:50:08
GK_HI_0361,Hindi,General Knowledge,"भारतीय अर्थव्यवस्था, बैंकिंग, बजट एवं योजनाएं",Medium,भारत की राज्य सरकार का बजट अनुमोदन कब होता है?,संसद द्वारा,राज्य सरकार द्वारा,राज्य गवर्नर द्वारा,केंद्रीय सरकार द्वारा,D,केंद्रीय सरकार द्वारा,केंद्रीय सरकार राज्य सरकारों के बजट को अनुमोदित करती है।,केंद्रीय सरकार राज्य सरकारों के बजट का अनुमोदन करती है।,2026-09-14 13:50:08
GK_HI_0362,Hindi,General Knowledge,"भारतीय अर्थव्यवस्था, बैंकिंग, बजट एवं योजनाएं",Medium,भारत की बजट वित्त संस्करण द्वारा किस वर्ष प्रथम अनुमोदित की गई?,1985,1987,1989,1991,B,1987,1987 की बजट वित्त संस्करण ने भारतीय अर्थव्यवस्था की सुधारों का प्रारंभ किया।,1987 की बजट वित्त संस्करण ने भारतीय अर्थव्यवस्था में अधिक स्थिरता लाई।,2026-09-14 13:50:08
GK_HI_0363,Hindi,General Knowledge,"भारतीय अर्थव्यवस्था, बैंकिंग, बजट एवं योजनाएं",Medium,भारत की बैंकिंग अर्थव्यवस्था के अधीन किस प्रकार की राज्यसेवा है?,स्वतंत्र राज्यसेवा,केंद्रीय राज्यसेवा,क्षेत्रीय राज्यसेवा,राज्य राज्यसेवा,B,केंद्रीय राज्यसेवा,बैंकिंग अर्थव्यवस्था की कार्यालय केंद्रीय राज्यसेवा का हिस्सा है।,बैंकिंग अर्थव्यवस्था की कार्यालय केंद्रीय राज्यसेवा का हिस्सा है।,2026-09-14 13:50:08
GK_HI_0364,Hindi,General Knowledge,"भारतीय अर्थव्यवस्था, बैंकिंग, बजट एवं योजनाएं",Medium,भारतीय अर्थव्यवस्था का नियंत्रण किस अधिकार के तहत है?,राज्य अधिकार,केंद्रीय अधिकार,संसद अधिकार,राज्य सरकार अधिकार,B,केंद्रीय अधिकार,केंद्रीय अधिकार भारतीय अर्थव्यवस्था का नियंत्रण रखता है।,केंद्रीय अधिकार भारतीय अर्थव्यवस्था का मुख्य नियंत्रक है।,2026-09-14 13:50:08
GK_HI_0365,Hindi,General Knowledge,"भारतीय अर्थव्यवस्था, बैंकिंग, बजट एवं योजनाएं",Medium,भारतीय अर्थव्यवस्था में किस प्रकार की व्यवस्था है जो नियंत्रित है?,स्वतंत्र व्यवस्था,संकेत व्यवस्था,नियंत्रित व्यवस्था,कपिशानी व्यवस्था,C,नियंत्रित व्यवस्था,भारतीय अर्थव्यवस्था नियंत्रित व्यवस्था का उदाहरण है।,भारतीय अर्थव्यवस्था में नियंत्रण राज्यसेवा की कार्यालयों द्वारा होता है।,2026-09-14 13:50:08
GK_HI_0366,Hindi,General Knowledge,"भारतीय अर्थव्यवस्था, बैंकिंग, बजट एवं योजनाएं",Medium,भारतीय अर्थव्यवस्था में किस तरह का बैंकिंग प्रचलित है?,स्वतंत्र बैंकिंग,केंद्रीय बैंकिंग,राज्य बैंकिंग,बैंकिंग सरकारी विश्वास,B,केंद्रीय बैंकिंग,भारतीय अर्थव्यवस्था में केंद्रीय बैंकिंग प्रचलित है।,केंद्रीय बैंक भारतीय अर्थव्यवस्था को सही और नियंत्रित रूप से नियंत्रित करते हैं।,2026-09-14 13:50:08
GK_HI_0367,Hindi,General Knowledge,"भारतीय अर्थव्यवस्था, बैंकिंग, बजट एवं योजनाएं",Medium,भारत की बजट की वित्त संस्करण किस अधिकार के तहत रहती है?,संसद अधिकार,राज्य सरकार अधिकार,केंद्रीय अधिकार,राज्य गवर्नर अधिकार,C,केंद्रीय अधिकार,केंद्रीय अधिकार भारत की बजट की वित्त संस्करण का नियंत्रण रखता है।,केंद्रीय अधिकार भारत की बजट की वित्त संस्करण का नियंत्रण रखता है।,2026-09-14 13:50:08
GK_HI_0368,Hindi,General Knowledge,"भारतीय कला, शास्त्रीय नृत्य, संगीत एवं सांस्कृतिक धरोहर",Medium,मोहनलाल चौहान ने किस नृत्यकार्य में शिव की भूमिका निभाई थी?,भारतीय संगीत का जीवन,शिव शंकर रामायन,द जैविक एनिमेशन,महाबाहरात,B,शिव शंकर रामायन,शिव शंकर रामायन एक भारतीय नृत्य कार्य है जिसमें मोहनलाल चौहान ने शिव की भूमिका निभाई थी।,मोहनलाल चौहान ने इस नृत्यकार्य में शिव की रूपरेखा देखकर प्रसिद्ध बना।,2026-09-14 13:50:55
GK_HI_0369,Hindi,General Knowledge,"भारतीय कला, शास्त्रीय नृत्य, संगीत एवं सांस्कृतिक धरोहर",Medium,किस राष्ट्रीय कला संस्था ने भारतीय शिकारी नृत्य की विकास की श्रृंखला का अध्ययन किया है?,भारतीय राष्ट्रीय कला संस्थान,भारतीय नृत्य शिकारी संस्थान,भारतीय नृत्य राष्ट्रीय संस्थान,भारतीय कला अभियान,C,भारतीय नृत्य राष्ट्रीय संस्थान,भारतीय नृत्य राष्ट्रीय संस्थान ने भारतीय शिकारी नृत्य की विकास की श्रृंखला का अध्ययन किया है।,इस संस्थान ने भारतीय शिकारी नृत्य का अध्ययन और बनावट संरक्षण के लिए काम किया है।,2026-09-14 13:50:55
GK_HI_0370,Hindi,General Knowledge,"भारतीय कला, शास्त्रीय नृत्य, संगीत एवं सांस्कृतिक धरोहर",Medium,किस व्यक्ति ने राम राजा नृत्य को रचना किया है?,मालिनदय शर्मा,राजेश शर्मा,राम शर्मा,रामचंद्र शर्मा,A,मालिनदय शर्मा,मालिनदय शर्मा ने राम राजा नृत्य को रचना किया है जो भारतीय नृत्य का एक विस्तृत कार्य है।,मालिनदय शर्मा ने राम की जीवनी को नृत्य के रूप में प्रस्तुत किया है जिसमें राम राजा नृत्य का प्रमुख भाग है।,2026-09-14 13:50:55
GK_HI_0371,Hindi,General Knowledge,"भारतीय कला, शास्त्रीय नृत्य, संगीत एवं सांस्कृतिक धरोहर",Medium,किस नृत्य कार्य में भारतीय संगीत का प्रयोग किया गया है?,श्री राम की जय,गुरु गुरु भगवान,राम राजा,कृष्ण राजा,B,गुरु गुरु भगवान,गुरु गुरु भगवान नृत्य कार्य में भारतीय संगीत का प्रयोग किया गया है जो गुरु के जीवन को प्रस्तुत करता है।,इस नृत्य कार्य में भारतीय संगीत का प्रयोग गुरु के जीवन को सौंदर्य से प्रस्तुत करने के लिए किया गया है।,2026-09-14 13:50:55
GK_HI_0372,Hindi,General Knowledge,"भारतीय कला, शास्त्रीय नृत्य, संगीत एवं सांस्कृतिक धरोहर",Medium,किस नृत्यकार ने भारतीय नृत्य विकास का अध्ययन किया है और इसके लिए जाने जाता है?,निम्नेश रामानुजन,महेश शर्मा,रमेश शर्मा,विनोद शर्मा,A,निम्नेश रामानुजन,निम्नेश रामानुजन ने भारतीय नृत्य विकास का अध्ययन किया है और इसके लिए जाने जाता है।,निम्नेश रामानुजन ने भारतीय नृत्य के विकास और इतिहास का अध्ययन किया है जो उनके लिए जानकारीपूर्ण रही है।,2026-09-14 13:50:55
GK_HI_0373,Hindi,General Knowledge,"भारतीय कला, शास्त्रीय नृत्य, संगीत एवं सांस्कृतिक धरोहर",Medium,किस नृत्यकार ने भारतीय नृत्य का अध्ययन और बनावट बोहरा शिक्षा के लिए जाने जाता है?,महेश शर्मा,निम्नेश रामानुजन,रमेश शर्मा,विनोद शर्मा,B,निम्नेश रामानुजन,निम्नेश रामानुजन ने भारतीय नृत्य का अध्ययन और बनावट बोहरा शिक्षा के लिए जाने जाता है।,निम्नेश रामानुजन ने भारतीय नृत्य का अध्ययन और बनावट बोहरा शिक्षा के लिए जाने जाता है।,2026-09-14 13:50:55
GK_HI_0374,Hindi,General Knowledge,"भारतीय कला, शास्त्रीय नृत्य, संगीत एवं सांस्कृतिक धरोहर",Medium,किस नृत्यकार ने राम राजा नृत्य को रचना किया है?,राम शर्मा,राजेश शर्मा,मालिनदय शर्मा,महेश शर्मा,C,मालिनदय शर्मा,मालिनदय शर्मा ने राम राजा नृत्य को रचना किया है।,मालिनदय शर्मा ने राम राजा नृत्य को रचना की और यह नृत्य भारतीय कला का एक प्रमुख भाग है।,2026-09-14 13:50:55
GK_HI_0375,Hindi,General Knowledge,"भारतीय कला, शास्त्रीय नृत्य, संगीत एवं सांस्कृतिक धरोहर",Medium,किस नृत्यकार ने भारतीय नृत्य का अध्ययन किया है और इसके लिए जाने जाता है?,विनोद शर्मा,रमेश शर्मा,निम्नेश रामानुजन,महेश शर्मा,C,निम्नेश रामानुजन,निम्नेश रामानुजन ने भारतीय नृत्य का अध्ययन किया है और इसके लिए जाने जाता है।,निम्नेश रामानुजन ने भारतीय नृत्य का अध्ययन किया है जो उनके लिए जानकारीपूर्ण रहा है।,2026-09-14 13:50:55
GK_HI_0376,Hindi,General Knowledge,"भारतीय कला, शास्त्रीय नृत्य, संगीत एवं सांस्कृतिक धरोहर",Medium,किस नृत्यकार ने भारतीय नृत्य के अध्ययन और बनावट के लिए जाने जाता है?,रमेश शर्मा,महेश शर्मा,निम्नेश रामानुजन,विनोद शर्मा,C,निम्नेश रामानुजन,निम्नेश रामानुजन ने भारतीय नृत्य के अध्ययन और बनावट के लिए जाने जाता है।,निम्नेश रामानुजन ने भारतीय नृत्य के अध्ययन और बनावट के लिए जाने जाता है।,2026-09-14 13:50:55
GK_HI_0377,Hindi,General Knowledge,"प्रमुख आविष्कार, खोजें एवं भारतीय वैज्ञानिक",Hard,कौन नानो टेक्नोलॉजी का प्रमुख आविष्कारक हैं और भारत में किस वैज्ञानिक ने इस क्षेत्र में अहम योगदान दिया है?,सुब्राह्मण्यम शर्मा,अनिल कुमार,स्वामिनाथ शर्मा,निकिता राहुल,A,सुब्राह्मण्यम शर्मा,सुब्राह्मण्यम शर्मा नानो टेक्नोलॉजी में अहम योगदान देने वाला भारतीय वैज्ञानिक है।,सुब्राह्मण्यम शर्मा ने नानो टेक्नोलॉजी के क्षेत्र में अहम आविष्कारों का योगदान किया है और भारतीय राज्य सरकार ने उन्हें अनेक सम्मानों से सम्मानित किया है।,2026-09-14 13:52:54
GK_HI_0378,Hindi,General Knowledge,"प्रमुख आविष्कार, खोजें एवं भारतीय वैज्ञानिक",Hard,किस भारतीय वैज्ञानिक ने एक नई विद्युत इलेक्ट्रोलिटिक्स कंपोज्शन का आविष्कार किया जिससे नानोटेक्नोलॉजी के क्षेत्र में नए उपकरणों का विकास संभव होता है?,राम नारायण रामानुजन,विजय कुमार,राम कपुर,महेन्द्र कुमार,A,राम नारायण रामानुजन,राम नारायण रामानुजन ने नानोटेक्नोलॉजी के क्षेत्र में अहम आविष्कारों का योगदान किया है।,राम नारायण रामानुजन ने एक नई विद्युत इलेक्ट्रोलिटिक्स कंपोज्शन का आविष्कार किया जिससे नानोटेक्नोलॉजी के क्षेत्र में नए उपकरणों का विकास संभव होता है।,2026-09-14 13:52:54
GK_HI_0379,Hindi,General Knowledge,"प्रमुख आविष्कार, खोजें एवं भारतीय वैज्ञानिक",Hard,किस भारतीय वैज्ञानिक ने कैरोटोज रोग के उपचार के लिए एक नई तकनीक का आविष्कार किया है?,श्रीकृष्ण विश्वास,बुध सिन्हा,विलास रामानुजन,शिवाजी रामानुजन,B,बुध सिन्हा,बुध सिन्हा ने कैरोटोज रोग के उपचार के लिए एक नई तकनीक विकसित की है।,बुध सिन्हा ने एक नई तकनीक विकसित की जिससे कैरोटोज रोग का उपचार और उचित रूप से किया जा सकता है।,2026-09-14 13:52:54
GK_HI_0380,Hindi,General Knowledge,"प्रमुख आविष्कार, खोजें एवं भारतीय वैज्ञानिक",Hard,किस भारतीय वैज्ञानिक ने वायु संवाह इन्टरलाक्स क्षमता को बढ़ावा देने वाली एक नई तकनीक विकसित की है?,राजेन्द्र शर्मा,जय विश्वास,नितीन शर्मा,विनोद शर्मा,D,विनोद शर्मा,विनोद शर्मा ने वायु संवाह इन्टरलाक्स क्षमता को बढ़ावा देने वाली एक नई तकनीक विकसित की है।,विनोद शर्मा ने एक नई तकनीक विकसित की जिससे वायु संवाह इन्टरलाक्स क्षमता बढ़ जाती है।,2026-09-14 13:52:54
GK_HI_0381,Hindi,General Knowledge,"प्रमुख आविष्कार, खोजें एवं भारतीय वैज्ञानिक",Hard,किस भारतीय वैज्ञानिक ने कैरोटोज रोग के उपचार में एक नई योगदान दी है?,विमल शर्मा,राजेन्द्र शर्मा,मुकुम्बिनी शर्मा,नितीन शर्मा,C,मुकुम्बिनी शर्मा,मुकुम्बिनी शर्मा ने कैरोटोज रोग के उपचार में एक नई योगदान दी है।,मुकुम्बिनी शर्मा ने कैरोटोज रोग के उपचार में एक नई योगदान दी जिससे इस रोग का उपचार और उचित रूप से किया जा सकता है।,2026-09-14 13:52:54
GK_HI_0382,Hindi,General Knowledge,"प्रमुख आविष्कार, खोजें एवं भारतीय वैज्ञानिक",Hard,किस भारतीय वैज्ञानिक ने जैविक संरचना के अध्ययन में अहम योगदान दिया है और नए जैविक उपकरणों का विकास संभव बनाया है?,राम शर्मा,कुमार शर्मा,स्वामिनाथ शर्मा,विमल शर्मा,C,स्वामिनाथ शर्मा,स्वामिनाथ शर्मा ने जैविक संरचना के अध्ययन में अहम योगदान दिया है।,स्वामिनाथ शर्मा ने जैविक संरचना के अध्ययन में अहम योगदान दिया और नए जैविक उपकरणों का विकास संभव बनाया है।,2026-09-14 13:52:54
GK_HI_0383,Hindi,General Knowledge,"प्रमुख आविष्कार, खोजें एवं भारतीय वैज्ञानिक",Hard,किस भारतीय वैज्ञानिक ने नानो तत्वों के अध्ययन में अहम योगदान दिया है और नानो टेक्नोलॉजी के क्षेत्र में नए उपकरणों का विकास संभव बनाया है?,विजय शर्मा,राजेन्द्र शर्मा,नितीन शर्मा,मुकुम्बिनी शर्मा,B,राजेन्द्र शर्मा,राजेन्द्र शर्मा ने नानो तत्वों के अध्ययन में अहम योगदान दिया है।,राजेन्द्र शर्मा ने नानो तत्वों के अध्ययन में अहम योगदान दिया और नानो टेक्नोलॉजी के क्षेत्र में नए उपकरणों का विकास संभव बनाया है।,2026-09-14 13:52:54
GK_HI_0384,Hindi,General Knowledge,"प्रमुख आविष्कार, खोजें एवं भारतीय वैज्ञानिक",Hard,किस भारतीय वैज्ञानिक ने रूबिक कॉडिंग के अध्ययन में अहम योगदान दिया है और रूबिक शॉर्ट्स तकनीकों का विकास संभव बनाया है?,विजय शर्मा,राजेन्द्र शर्मा,मुकुम्बिनी शर्मा,नितीन शर्मा,D,नितीन शर्मा,नितीन शर्मा ने रूबिक कॉडिंग के अध्ययन में अहम योगदान दिया है।,नितीन शर्मा ने रूबिक कॉडिंग के अध्ययन में अहम योगदान दिया और रूबिक शॉर्ट्स तकनीकों का विकास संभव बनाया है।,2026-09-14 13:52:54
GK_HI_0385,Hindi,General Knowledge,"प्रमुख आविष्कार, खोजें एवं भारतीय वैज्ञानिक",Hard,किस भारतीय वैज्ञानिक ने नानो तत्वों के अध्ययन में अहम योगदान दिया है और नानो टेक्स्ट तकनीकों का विकास संभव बनाया है?,विजय शर्मा,राजेन्द्र शर्मा,मुकुम्बिनी शर्मा,नितीन शर्मा,A,विजय शर्मा,विजय शर्मा ने नानो तत्वों के अध्ययन में अहम योगदान दिया है।,विजय शर्मा ने नानो तत्वों के अध्ययन में अहम योगदान दिया और नानो टेक्स्ट तकनीकों का विकास संभव बनाया है।,2026-09-14 13:52:54
GK_HI_0386,Hindi,General Knowledge,"प्रमुख आविष्कार, खोजें एवं भारतीय वैज्ञानिक",Hard,किस भारतीय वैज्ञानिक ने रूबिक शॉर्ट्स तकनीकों का विकास किया है और रूबिक कॉडिंग के अध्ययन में अहम योगदान दिया है?,राजेन्द्र शर्मा,नितीन शर्मा,मुकुम्बिनी शर्मा,विजय शर्मा,B,नितीन शर्मा,नितीन शर्मा ने रूबिक शॉर्ट्स तकनीकों का विकास किया है।,नितीन शर्मा ने रूबिक शॉर्ट्स तकनीकों का विकास किया है और रूबिक कॉडिंग के अध्ययन में अहम योगदान दिया है।,2026-09-14 13:52:54
GK_HI_0387,Hindi,General Knowledge,"प्रमुख आविष्कार, खोजें एवं भारतीय वैज्ञानिक",Hard,किस भारतीय वैज्ञानिक ने नानो टेक्स्ट तकनीकों का विकास किया है और नानो तत्वों के अध्ययन में अहम योगदान दिया है?,राजेन्द्र शर्मा,नितीन शर्मा,मुकुम्बिनी शर्मा,विजय शर्मा,A,राजेन्द्र शर्मा,राजेन्द्र शर्मा ने नानो टेक्स्ट तकनीकों का विकास किया है।,राजेन्द्र शर्मा ने नानो टेक्स्ट तकनीकों का विकास किया है और नानो तत्वों के अध्ययन में अहम योगदान दिया है।,2026-09-14 13:52:54
GK_HI_0388,Hindi,General Knowledge,"अंतरराष्ट्रीय संगठन (संयुक्त राष्ट्र, डब्ल्यूएचओ, विश्व बैंक)",Easy,संयुक्त राष्ट्र महासभा की अध्यक्षता किसने किया है?,प्रधान सचिव,सदस्य राष्ट्रों के निर्वाचित नागरिक,सदस्य राष्ट्रों के निर्वाचित उपाध्यक्ष,संयुक्त राष्ट्र कार्यालय का उपाध्यक्ष,B,सदस्य राष्ट्रों के निर्वाचित नागरिक,संयुक्त राष्ट्र महासभा का अध्यक्ष निर्वाचित नागरिक देशों से चुना जाता है।,संयुक्त राष्ट्र महासभा का अध्यक्षता करने वाला व्यक्ति सदस्य राष्ट्रों के निर्वाचित नागरिक होना आवश्यक है।,2026-09-14 13:53:41
GK_HI_0389,Hindi,General Knowledge,"अंतरराष्ट्रीय संगठन (संयुक्त राष्ट्र, डब्ल्यूएचओ, विश्व बैंक)",Easy,डब्ल्यूएचओ का मुख्य कार्य क्या है?,संयुक्त राष्ट्र के लिए वित्तीय सहायता प्रदान करना,विश्व अर्थव्यवस्था को सुधारना,विश्व अर्थव्यवस्था को सुधारने और सुधार के प्रोत्साहन करना,संयुक्त राष्ट्र महासभा के लिए निर्वाचन करना,C,विश्व अर्थव्यवस्था को सुधारने और सुधार के प्रोत्साहन करना,डब्ल्यूएचओ का मुख्य कार्य विश्व अर्थव्यवस्था को सुधारने और सुधार के प्रोत्साहन करना है।,डब्ल्यूएचओ का मुख्य कार्य विश्व अर्थव्यवस्था को सुधारने और सुधार के प्रोत्साहन करना है।,2026-09-14 13:53:41
GK_HI_0390,Hindi,General Knowledge,"अंतरराष्ट्रीय संगठन (संयुक्त राष्ट्र, डब्ल्यूएचओ, विश्व बैंक)",Easy,विश्व बैंक दिन कब मनाया जाता है?,15 फरवरी,2 जुलाई,1 जुलाई,22 सितम्बर,B,2 जुलाई,विश्व बैंक दिन 2 जुलाई को मनाया जाता है।,विश्व बैंक दिन 2 जुलाई को मनाया जाता है जो विश्व बैंक की स्थापना दिन है।,2026-09-14 13:53:41
GK_HI_0391,Hindi,General Knowledge,"अंतरराष्ट्रीय संगठन (संयुक्त राष्ट्र, डब्ल्यूएचओ, विश्व बैंक)",Easy,डब्ल्यूएचओ की व्याख्या किससे करते हैं?,संयुक्त राष्ट्र संविधान,संयुक्त राष्ट्र महासभा,विश्व बैंक,संयुक्त राष्ट्र संविधान और विश्व बैंक संविधान,D,संयुक्त राष्ट्र संविधान और विश्व बैंक संविधान,डब्ल्यूएचओ की व्याख्या संयुक्त राष्ट्र संविधान और विश्व बैंक संविधान से करते हैं।,डब्ल्यूएचओ की व्याख्या संयुक्त राष्ट्र संविधान और विश्व बैंक संविधान से की जाती है।,2026-09-14 13:53:41
GK_HI_0392,Hindi,General Knowledge,"अंतरराष्ट्रीय संगठन (संयुक्त राष्ट्र, डब्ल्यूएचओ, विश्व बैंक)",Easy,विश्व बैंक की स्थापना किस साल हुई?,1945,1947,1948,1949,A,1945,विश्व बैंक की स्थापना 1945 में हुई।,"विश्व बैंक की स्थापना 1945 में हुई थी, जो यूनाइटेड नेशन्स ऑफ द वर्ल्ड बैंक ग्रूप का एक हिस्सा है।",2026-09-14 13:53:41
GK_HI_0393,Hindi,General Knowledge,"अंतरराष्ट्रीय संगठन (संयुक्त राष्ट्र, डब्ल्यूएचओ, विश्व बैंक)",Easy,संयुक्त राष्ट्र महासभा की विरोधियों को किसके नाम से जाना जाता है?,संयुक्त राष्ट्र आयोग,संयुक्त राष्ट्र सेवानिवृत्त,संयुक्त राष्ट्र निर्वाचक आयोग,संयुक्त राष्ट्र निर्वाचक संघ,D,संयुक्त राष्ट्र निर्वाचक संघ,संयुक्त राष्ट्र महासभा की विरोधियों को संयुक्त राष्ट्र निर्वाचक संघ के नाम से जाना जाता है।,संयुक्त राष्ट्र महासभा की विरोधियों को संयुक्त राष्ट्र निर्वाचक संघ के नाम से जाना जाता है।,2026-09-14 13:53:41
GK_HI_0394,Hindi,General Knowledge,"अंतरराष्ट्रीय संगठन (संयुक्त राष्ट्र, डब्ल्यूएचओ, विश्व बैंक)",Easy,डब्ल्यूएचओ के अधिकारियों की संख्या कितनी है?,500,1000,1500,2000,C,1500,डब्ल्यूएचओ के अधिकारियों की संख्या 1500 है।,डब्ल्यूएचओ के अधिकारियों की संख्या 1500 है।,2026-09-14 13:53:41
GK_HI_0395,Hindi,General Knowledge,"अंतरराष्ट्रीय संगठन (संयुक्त राष्ट्र, डब्ल्यूएचओ, विश्व बैंक)",Easy,विश्व बैंक की व्यवस्थापना किसके द्वारा की जाती है?,संयुक्त राष्ट्र महासभा,संयुक्त राष्ट्र निर्वाचक संघ,विश्व बैंक की मैनेजमेंट बोर्ड,संयुक्त राष्ट्र कार्यालय,C,विश्व बैंक की मैनेजमेंट बोर्ड,विश्व बैंक की व्यवस्थापना विश्व बैंक की मैनेजमेंट बोर्ड द्वारा की जाती है।,विश्व बैंक की व्यवस्थापना विश्व बैंक की मैनेजमेंट बोर्ड द्वारा की जाती है।,2026-09-14 13:53:41
GK_HI_0396,Hindi,General Knowledge,"अंतरराष्ट्रीय संगठन (संयुक्त राष्ट्र, डब्ल्यूएचओ, विश्व बैंक)",Easy,डब्ल्यूएचओ की अध्यक्षता कितने वर्षों के लिए दिया जाता है?,3 वर्ष,5 वर्ष,7 वर्ष,10 वर्ष,B,5 वर्ष,डब्ल्यूएचओ की अध्यक्षता 5 वर्षों के लिए दिया जाता है।,डब्ल्यूएचओ की अध्यक्षता 5 वर्षों के लिए दिया जाता है।,2026-09-14 13:53:41
GK_HI_0397,Hindi,General Knowledge,"अंतरराष्ट्रीय संगठन (संयुक्त राष्ट्र, डब्ल्यूएचओ, विश्व बैंक)",Easy,संयुक्त राष्ट्र महासभा की विरोधियों का संचालन किसके द्वारा किया जाता है?,संयुक्त राष्ट्र निर्वाचक संघ,संयुक्त राष्ट्र आयोग,संयुक्त राष्ट्र निर्वाचक आयोग,संयुक्त राष्ट्र महासभा,A,संयुक्त राष्ट्र निर्वाचक संघ,संयुक्त राष्ट्र महासभा की विरोधियों का संचालन संयुक्त राष्ट्र निर्वाचक संघ द्वारा किया जाता है।,संयुक्त राष्ट्र महासभा की विरोधियों का संचालन संयुक्त राष्ट्र निर्वाचक संघ द्वारा किया जाता है।,2026-09-14 13:53:41
GK_HI_0398,Hindi,General Knowledge,"प्रसिद्ध भारतीय व्यक्तित्व, स्वतंत्रता सेनानी एवं महापुरुष",Medium,1942 में अपने विचारों को व्यक्त करने के लिए दबाव से निकलने के लिए अंग्रेजी राज्यों में किसने अपनी राजधानी मुंबई से छूट ली थी?,नरेन्द्र मोदी,जानकी राव,जयशंकर प्रवर्ती,बेनोइट लाल नाथ,B,जानकी राव,जानकी राव ने अपने विचारों को व्यक्त करने के लिए दबाव से निकलने के लिए अंग्रेजी राज्यों में अपनी राजधानी मुंबई से छूट ली थी।,जानकी राव ने अपने विचारों को व्यक्त करने के लिए दबाव से निकलने के लिए अंग्रेजी राज्यों में अपनी राजधानी मुंबई से छूट ली थी। यह अपने शासन को चुनौती देने के लिए उसका महत्वपूर्ण निर्णय था।,2026-09-14 13:54:37
GK_HI_0399,Hindi,General Knowledge,"प्रसिद्ध भारतीय व्यक्तित्व, स्वतंत्रता सेनानी एवं महापुरुष",Medium,1857 की जुलाई गुजरात क्रांति का नेतृत्व किसने किया था?,राजेश्वर राव,नारायण देव,हरिश्चंद्र शर्मा,राजेश्वर शर्मा,B,नारायण देव,नारायण देव ने 1857 की जुलाई गुजरात क्रांति का नेतृत्व किया था।,नारायण देव ने गुजरात में राष्ट्रवाद के दृष्टिकोण से स्वतंत्रता लड़ाई में नेतृत्व किया था। उनकी कार्यकाळी नेतृत्व गुजरात क्रांति का महत्वपूर्ण अनुभाग बना।,2026-09-14 13:54:37
GK_HI_0400,Hindi,General Knowledge,"प्रसिद्ध भारतीय व्यक्तित्व, स्वतंत्रता सेनानी एवं महापुरुष",Medium,पंजाब क्रांति के दौरान सर्वाधिक प्रसिद्ध नेता कौन थे?,नानक धीर,राम सिंह जाट,बाल्लाल दास,रहमत अली खान,B,राम सिंह जाट,राम सिंह जाट ने पंजाब क्रांति के दौरान सर्वाधिक प्रसिद्ध नेता बने थे।,राम सिंह जाट ने पंजाब क्रांति के दौरान अपने नेतृत्व से देश के लिए स्वतंत्रता की लड़ाई में अद्वितीय योगदान दिया था। उनके जोश और नेतृत्व से वे एक प्रसिद्ध नेता बने थे।,2026-09-14 13:54:37
GK_HI_0401,Hindi,General Knowledge,"प्रसिद्ध भारतीय व्यक्तित्व, स्वतंत्रता सेनानी एवं महापुरुष",Medium,1942 में विश्व स्थितितम राज्यों को लेकर आधिकारिक विरोध करने के लिए नेता कौन नामांकित थे?,राजेश्वर राव,राजेश्वर शर्मा,नानक धीर,बेनोइट लाल नाथ,A,राजेश्वर राव,राजेश्वर राव ने 1942 में विश्व स्थितितम राज्यों को लेकर आधिकारिक विरोध करने के लिए नामांकित थे।,राजेश्वर राव ने 1942 में विश्व स्थितितम राज्यों को लेकर आधिकारिक विरोध करने के लिए नामांकित थे। उनका यह विरोध वह अवधि के लिए सर्वाधिक प्रसिद्ध था जब वे बेनोइट लाल नाथ के आधिकारिक विरोध कर रहे थे।,2026-09-14 13:54:37
GK_HI_0402,Hindi,General Knowledge,"प्रसिद्ध भारतीय व्यक्तित्व, स्वतंत्रता सेनानी एवं महापुरुष",Medium,स्वतंत्रता युद्ध में प्रसिद्ध भारतीय सैनिक जनरल कौन थे?,रामचंद्र राय,बरीकर राय,कौतुख शर्मा,कौरव शर्मा,A,रामचंद्र राय,रामचंद्र राय ने स्वतंत्रता युद्ध में प्रसिद्ध भारतीय सैनिक जनरल बने थे।,रामचंद्र राय ने स्वतंत्रता युद्ध में भारत की सेना की नेतृत्व की थी। उन्होंने अपने युद्ध कौशल और नेतृत्व के लिए सम्मानित रहे थे। उन्हें भारतीय सैनिक इतिहास में एक महत्वपूर्ण अंश बने।,2026-09-14 13:54:37
GK_HI_0403,Hindi,General Knowledge,"प्रसिद्ध भारतीय व्यक्तित्व, स्वतंत्रता सेनानी एवं महापुरुष",Medium,1857 की जुलाई गुजरात क्रांति का नेता कौन थे?,कुमार सिंह,नारायण देव,श्रीराम देव,जयशंकर प्रवर्ती,B,नारायण देव,नारायण देव ने 1857 की जुलाई गुजरात क्रांति का नेता बना था।,नारायण देव ने गुजरात में राष्ट्रवाद के दृष्टिकोण से स्वतंत्रता लड़ाई में नेतृत्व किया था। उनकी कार्यकाळी नेतृत्व गुजरात क्रांति का महत्वपूर्ण अनुभाग बना।,2026-09-14 13:54:37
GK_HI_0404,Hindi,General Knowledge,"प्रसिद्ध भारतीय व्यक्तित्व, स्वतंत्रता सेनानी एवं महापुरुष",Medium,1942 में विश्व स्थितितम राज्यों को लेकर आधिकारिक विरोध करने के लिए नामांकित थे?,नानक धीर,रामचंद्र राय,राजेश्वर राव,बरीकर राय,C,राजेश्वर राव,राजेश्वर राव ने 1942 में विश्व स्थितितम राज्यों को लेकर आधिकारिक विरोध करने के लिए नामांकित थे।,राजेश्वर राव ने 1942 में विश्व स्थितितम राज्यों को लेकर आधिकारिक विरोध करने के लिए नामांकित थे। उनका यह विरोध वह अवधि के लिए सर्वाधिक प्रसिद्ध था जब वे बेनोइट लाल नाथ के आधिकारिक विरोध कर रहे थे।,2026-09-14 13:54:37
GK_HI_0405,Hindi,General Knowledge,"प्रसिद्ध भारतीय व्यक्तित्व, स्वतंत्रता सेनानी एवं महापुरुष",Medium,1857 की जुलाई क्रांति में पंजाब का नेता कौन था?,हरिश्चंद्र शर्मा,नानक धीर,राम सिंह जाट,बाल्लाल दास,C,राम सिंह जाट,राम सिंह जाट ने 1857 की जुलाई क्रांति में पंजाब का नेता बना था।,राम सिंह जाट ने पंजाब में राष्ट्रवाद के दृष्टिकोण से स्वतंत्रता लड़ाई में नेतृत्व किया था। उनकी कार्यकाळी नेतृत्व एक प्रसिद्ध गुजरात क्रांति का अनुभाग बना।,2026-09-14 13:54:37
GK_HI_0406,Hindi,General Knowledge,"प्रसिद्ध भारतीय व्यक्तित्व, स्वतंत्रता सेनानी एवं महापुरुष",Medium,1942 में विश्व स्थितितम राज्यों को लेकर आधिकारिक विरोध करने के लिए नेता कौन थे?,बरीकर राय,कौरव शर्मा,राजेश्वर शर्मा,राजेश्वर राव,D,राजेश्वर राव,राजेश्वर राव ने 1942 में विश्व स्थितितम राज्यों को लेकर आधिकारिक विरोध करने के लिए नामांकित थे।,राजेश्वर राव ने 1942 में विश्व स्थितितम राज्यों को लेकर आधिकारिक विरोध करने के लिए नामांकित थे। उनका यह विरोध वह अवधि के लिए सर्वाधिक प्रसिद्ध था जब वे बेनोइट लाल नाथ के आधिकारिक विरोध कर रहे थे।,2026-09-14 13:54:37
GK_HI_0407,Hindi,General Knowledge,"प्रसिद्ध पुस्तकें, रचयिता एवं साहित्य",Medium,मानव अध्ययन की एक प्रसिद्ध पुस्तक कौन सी है जिसकी रचना रेमो जोन्सन और जॉन एलियट द्वारा की गई थी?,एन्टनोपोलिस,बायोपोलिस,सिटी ऑफ़ इन्डिया,सिटी ऑफ़ मिडनाइट,C,सिटी ऑफ़ इन्डिया,यह पुस्तक मानव अध्ययन के क्षेत्र में एक अद्वितीय कार्य है जिसमें रेमो जोन्सन और जॉन एलियट ने अपनी सिद्धांतों को प्रस्तुत किया है।,सिटी ऑफ़ इन्डिया रेमो जोन्सन और जॉन एलियट द्वारा लिखित इस पुस्तक में मानव अध्ययन के लिए एक नई दृष्टिकोण दी गई है।,2026-09-14 13:55:40
GK_HI_0408,Hindi,General Knowledge,"प्रसिद्ध पुस्तकें, रचयिता एवं साहित्य",Medium,किस पुस्तक की रचना व्यापारिक रोमन विराट शहर को वर्णित करने के लिए की गई थी और इसके लेखक इटलियाई लेखक थे?,एन्टनोपोलिस,बायोपोलिस,सिटी ऑफ़ इन्डिया,सिटी ऑफ़ मिडनाइट,A,एन्टनोपोलिस,इस पुस्तक का मुख्य विषय एक व्यापारिक रोमन शहर एन्टनोपोलिस का वर्णन है।,एन्टनोपोलिस इटलियाई लेखक द्वारा लिखी गई इस पुस्तक में एक व्यापारिक रोमन शहर का विस्तृत वर्णन दिया गया है।,2026-09-14 13:55:40
GK_HI_0409,Hindi,General Knowledge,"प्रसिद्ध पुस्तकें, रचयिता एवं साहित्य",Medium,किस पुस्तक की रचना विश्व के एक अमूल्य कलाकृति शहर को वर्णित करने के लिए की गई थी और इसका जन्म यूरोप में हुआ था?,एन्टनोपोलिस,बायोपोलिस,सिटी ऑफ़ इन्डिया,सिटी ऑफ़ मिडनाइट,B,बायोपोलिस,बायोपोलिस एक कलाकृति शहर के वर्णन में एक अद्वितीय कार्य है जिसका जन्म यूरोप में हुआ था।,बायोपोलिस एक कलाकृति शहर का विस्तृत वर्णन देती है जो यूरोप में जन्मा हुआ था और इसकी कलाकृति की संरचना को विश्लेषित करती है।,2026-09-14 13:55:40
GK_HI_0410,Hindi,General Knowledge,"प्रसिद्ध पुस्तकें, रचयिता एवं साहित्य",Medium,किस पुस्तक का लेखक लियोनार्ड नोलियो था और यह विश्व की अंतरराष्ट्रीय राजधानियों को वर्णित करने के लिए लिखी गई थी?,एन्टनोपोलिस,बायोपोलिस,सिटी ऑफ़ इन्डिया,सिटी ऑफ़ मिडनाइट,D,सिटी ऑफ़ मिडनाइट,सिटी ऑफ़ मिडनाइट एक ऐसी पुस्तक है जिसमें विश्व की अंतरराष्ट्रीय राजधानियों का वर्णन दिया गया है।,सिटी ऑफ़ मिडनाइट लियोनार्ड नोलियो द्वारा लिखी गई इस पुस्तक में विश्व की अंतरराष्ट्रीय राजधानियों का विस्तृत वर्णन दिया गया है।,2026-09-14 13:55:40
GK_HI_0411,Hindi,General Knowledge,"प्रसिद्ध पुस्तकें, रचयिता एवं साहित्य",Medium,किस पुस्तक की रचना एक इंडियन शहर को वर्णित करने के लिए की गई थी और इसके लेखक कैनाडी लेखक थे?,एन्टनोपोलिस,बायोपोलिस,सिटी ऑफ़ इन्डिया,सिटी ऑफ़ मिडनाइट,C,सिटी ऑफ़ इन्डिया,सिटी ऑफ़ इन्डिया एक इंडियन शहर का विस्तृत वर्णन देती है जिसके लिए कैनाडी लेखक लिखी गई है।,सिटी ऑफ़ इन्डिया कैनाडी लेखक द्वारा लिखी गई इस पुस्तक में एक इंडियन शहर का विस्तृत वर्णन दिया गया है।,2026-09-14 13:55:40
GK_HI_0412,Hindi,General Knowledge,"प्रसिद्ध पुस्तकें, रचयिता एवं साहित्य",Medium,किस पुस्तक का लेखक रोज लॉरेली था और यह विश्व के अंतरराष्ट्रीय राजधानियों को वर्णित करने के लिए लिखी गई थी?,एन्टनोपोलिस,बायोपोलिस,सिटी ऑफ़ इन्डिया,सिटी ऑफ़ मिडनाइट,B,बायोपोलिस,बायोपोलिस एक ऐसी पुस्तक है जिसमें विश्व की अंतरराष्ट्रीय राजधानियों का वर्णन दिया गया है और इसके लेखक रोज लॉरेली हैं।,बायोपोलिस रोज लॉरेली द्वारा लिखी गई इस पुस्तक में विश्व की अंतरराष्ट्रीय राजधानियों का विस्तृत वर्णन दिया गया है।,2026-09-14 13:55:40
GK_HI_0413,Hindi,General Knowledge,"प्रसिद्ध पुस्तकें, रचयिता एवं साहित्य",Medium,किस पुस्तक की रचना एक इंडियन शहर को वर्णित करने के लिए की गई थी और इसका जन्म यूरोप में हुआ था?,एन्टनोपोलिस,बायोपोलिस,सिटी ऑफ़ इन्डिया,सिटी ऑफ़ मिडनाइट,C,सिटी ऑफ़ इन्डिया,सिटी ऑफ़ इन्डिया एक इंडियन शहर का विस्तृत वर्णन देती है जिसका जन्म यूरोप में हुआ था।,सिटी ऑफ़ इन्डिया यूरोप में जन्मा एक इंडियन शहर का विस्तृत वर्णन देती है और इसका लेखक यूरोपीय लेखक है।,2026-09-14 13:55:40
GK_HI_0414,Hindi,General Knowledge,"प्रसिद्ध पुस्तकें, रचयिता एवं साहित्य",Medium,किस पुस्तक का लेखक रोज लॉरेली था और यह विश्व की अंतरराष्ट्रीय राजधानियों को वर्णित करने के लिए लिखी गई थी?,एन्टनोपोलिस,बायोपोलिस,सिटी ऑफ़ इन्डिया,सिटी ऑफ़ मिडनाइट,B,बायोपोलिस,बायोपोलिस एक ऐसी पुस्तक है जिसमें विश्व की अंतरराष्ट्रीय राजधानियों का वर्णन दिया गया है और इसके लेखक रोज लॉरेली हैं।,बायोपोलिस रोज लॉरेली द्वारा लिखी गई इस पुस्तक में विश्व की अंतरराष्ट्रीय राजधानियों का विस्तृत वर्णन दिया गया है।,2026-09-14 13:55:40
GK_HI_0415,Hindi,General Knowledge,"प्रमुख राष्ट्रीय एवं अंतरराष्ट्रीय पुरस्कार (नोबेल, भारत रत्न, पद्म पुरस्कार)",Easy,नोबेल पुरस्कार किस वर्ष भारत रत्न का नाम बना?,1950,1962,1961,1954,C,1961,1961 में नोबेल पुरस्कार का नाम भारत रत्न बना।,1961 में सर्वोच्च राष्ट्रीय पुरस्कार भारत रत्न का नाम बना।,2026-09-14 13:56:15
GK_HI_0416,Hindi,General Knowledge,"प्रमुख राष्ट्रीय एवं अंतरराष्ट्रीय पुरस्कार (नोबेल, भारत रत्न, पद्म पुरस्कार)",Easy,पद्म रत्न किस वर्ष अधिसूचित किया गया?,1954,1955,1969,1975,C,1969,1969 में पद्म रत्न अधिसूचित किया गया।,1969 में भारत सरकार ने पद्म रत्न को अधिसूचित किया।,2026-09-14 13:56:15
GK_HI_0417,Hindi,General Knowledge,"प्रमुख राष्ट्रीय एवं अंतरराष्ट्रीय पुरस्कार (नोबेल, भारत रत्न, पद्म पुरस्कार)",Easy,नोबेल फिजिक्स पुरस्कार किस वर्ष दिया गया था जिसमें भारतीय वैज्ञानिक शामिल था?,1979,1983,1997,2004,A,1979,1979 में नोबेल फिजिक्स पुरस्कार भारतीय वैज्ञानिक को दिया गया था।,1979 में विजय वर्मा ने नोबेल फिजिक्स पुरस्कार जीता।,2026-09-14 13:56:15
GK_HI_0418,Hindi,General Knowledge,"प्रमुख राष्ट्रीय एवं अंतरराष्ट्रीय पुरस्कार (नोबेल, भारत रत्न, पद्म पुरस्कार)",Easy,पद्म विभूषण किस वर्ष अधिसूचित किया गया?,1954,1955,1969,1975,A,1954,1954 में पद्म विभूषण अधिसूचित किया गया।,1954 में पद्म विभूषण ने अपना अधिसूचना कर दिया।,2026-09-14 13:56:15
GK_HI_0419,Hindi,General Knowledge,"प्रमुख राष्ट्रीय एवं अंतरराष्ट्रीय पुरस्कार (नोबेल, भारत रत्न, पद्म पुरस्कार)",Easy,नोबेल भाषा और साहित्य विज्ञान पुरस्कार किस वर्ष दिया गया था जिसमें भारतीय लेखक शामिल था?,1913,1930,1950,1993,A,1913,1913 में नोबेल भाषा और साहित्य विज्ञान पुरस्कार भारतीय लेखक को दिया गया था।,1913 में रामचandra राय गुप्त ने नोबेल भाषा और साहित्य विज्ञान पुरस्कार जीता।,2026-09-14 13:56:15
GK_HI_0420,Hindi,General Knowledge,"प्रमुख राष्ट्रीय एवं अंतरराष्ट्रीय पुरस्कार (नोबेल, भारत रत्न, पद्म पुरस्कार)",Easy,पद्म श्रेष्ठ किस वर्ष अधिसूचित किया गया?,1954,1955,1969,1975,D,1975,1975 में पद्म श्रेष्ठ अधिसूचित किया गया।,1975 में पद्म श्रेष्ठ ने अपना अधिसूचना कर दिया।,2026-09-14 13:56:15
GK_HI_0421,Hindi,General Knowledge,"प्रमुख राष्ट्रीय एवं अंतरराष्ट्रीय पुरस्कार (नोबेल, भारत रत्न, पद्म पुरस्कार)",Easy,नोबेल जीव विज्ञान और मेडिकल पुरस्कार किस वर्ष दिया गया था जिसमें भारतीय वैज्ञानिक शामिल था?,1979,1983,1997,2004,A,1979,1979 में नोबेल जीव विज्ञान और मेडिकल पुरस्कार भारतीय वैज्ञानिक को दिया गया था।,1979 में विजय वर्मा ने नोबेल जीव विज्ञान और मेडिकल पुरस्कार जीता।,2026-09-14 13:56:15
GK_HI_0422,Hindi,General Knowledge,"प्रमुख राष्ट्रीय एवं अंतरराष्ट्रीय पुरस्कार (नोबेल, भारत रत्न, पद्म पुरस्कार)",Easy,पद्म अकादमी किस वर्ष अधिसूचित किया गया?,1954,1955,1969,1975,B,1955,1955 में पद्म अकादमी अधिसूचित किया गया।,1955 में पद्म अकादमी ने अपना अधिसूचना कर दिया।,2026-09-14 13:56:15
GK_HI_0423,Hindi,General Knowledge,"खेल जगत, क्रिकेट, हॉकी एवं ओलंपिक खेल",Medium,1983 में विश्व कप किस देश के टीम को जीत दिया?,आंग्लिया,आफ्रिका,इंडिया,अल्बानिया,C,इंडिया,1983 में इंडिया ने विश्व कप जीता था।,"1983 में, इंडिया ने विश्व कप के रूप में चार्ल्स लार्ड डॉक्सन ट्रोपी जीता था, जिसके फाइनल में उन्होंने उत्तरी अफ्रिका को हराकर जीत ली थी।",2026-09-14 13:56:57
GK_HI_0424,Hindi,General Knowledge,"खेल जगत, क्रिकेट, हॉकी एवं ओलंपिक खेल",Medium,हॉकी किस देश का राष्ट्रीय खेल है?,हामिया,क्याटालुनिया,ब्राजील,भारत,D,भारत,हॉकी भारत का राष्ट्रीय खेल है।,हॉकी भारत में सबसे लोकप्रिय खेल है और यहाँ नियमित रूप से खेला जाता है।,2026-09-14 13:56:57
GK_HI_0425,Hindi,General Knowledge,"खेल जगत, क्रिकेट, हॉकी एवं ओलंपिक खेल",Medium,2012 ओलंपिक किस शहर में आया?,लान्स,लॉन्डन,लॉस एंजिल्स,लॉर्ड,B,लॉन्डन,2012 ओलंपिक लॉन्डन में आया था।,"2012 ओलंपिक गेम्स 27 जुलाई से 12 ऑगस्ट तक लॉन्डन, यूके में आये थे।",2026-09-14 13:56:57
GK_HI_0426,Hindi,General Knowledge,"खेल जगत, क्रिकेट, हॉकी एवं ओलंपिक खेल",Medium,हॉकी खेल में एक टीम की कितनी खिलाड़ियों की आवश्यकता होती है?,10,11,12,13,B,11,हॉकी खेल में एक टीम की 11 खिलाड़ियों की आवश्यकता होती है।,"हॉकी खेल में प्रत्येक टीम को आवश्यकतानुसार 11 खिलाड़ियों की जरूरत होती है, जिनमें से एक डेफेंस और गोल माइक्सर के रूप में खेलते हैं।",2026-09-14 13:56:57
GK_HI_0427,Hindi,General Knowledge,"खेल जगत, क्रिकेट, हॉकी एवं ओलंपिक खेल",Medium,1984 ग्रीष्म की ओलंपिक में भारत कितनी स्थान पर प्रस्तुत हुआ था?,21,27,31,35,B,27,1984 ग्रीष्म की ओलंपिक में भारत 27वें स्थान पर प्रस्तुत हुआ था।,1984 ग्रीष्म की ओलंपिक में भारत ने 27वें स्थान पर प्रस्तुत हुआ था। यह ओलंपिक की इतिहास में भारत का 4-वाँ आयोजन था।,2026-09-14 13:56:57
GK_HI_0428,Hindi,General Knowledge,"खेल जगत, क्रिकेट, हॉकी एवं ओलंपिक खेल",Medium,क्रिकेट में एक ओवर में कितनी गेंदों की जाती है?,5,6,7,8,B,6,क्रिकेट में एक ओवर में 6 गेंदें की जाती हैं।,"क्रिकेट में एक ओवर में खिलाड़ी ने 6 गेंदें भेजना पड़ता है, जो क्रिकेट के नियमों का एक अविच्छिन्न भाग है।",2026-09-14 13:56:57
GK_HI_0429,Hindi,General Knowledge,"खेल जगत, क्रिकेट, हॉकी एवं ओलंपिक खेल",Medium,क्रिकेट में विनाशित गेंद क्या होती है?,विनाशित गेंद जिस पर खिलाड़ी का बल नहीं लगता,विनाशित गेंद जिस पर खिलाड़ी का बल लगता है,विनाशित गेंद जिस पर खिलाड़ी का बल लगे तो बारिश आती है,विनाशित गेंद जिस पर खिलाड़ी का बल नहीं लगे तो बारिश आती है,A,विनाशित गेंद जिस पर खिलाड़ी का बल नहीं लगता,विनाशित गेंद वह गेंद है जिस पर खिलाड़ी का बल नहीं लगता।,"विनाशित गेंद यह गेंद है जिस पर खिलाड़ी का बल नहीं लगता, जो आमतौर पर बादलों या अन्य बाहरी गुणधर्मों की वजह से होता है।",2026-09-14 13:56:57
GK_HI_0430,Hindi,General Knowledge,"खेल जगत, क्रिकेट, हॉकी एवं ओलंपिक खेल",Medium,1952 ओलंपिक किस देश में आया?,फ्रान्स,जर्मनी,स्कॉटलैंड,हॉल्लान्ड,D,हॉल्लान्ड,"1952 ग्रीष्म की ओलंपिक नैन्हैम, हॉल्लान्ड में आयी थी।","1952 ग्रीष्म की ओलंपिक नैन्हैम, हॉल्लान्ड में 26 जुलाई से 14 ऑगस्ट तक आयी थी।",2026-09-14 13:56:57
GK_HI_0431,Hindi,General Knowledge,"खेल जगत, क्रिकेट, हॉकी एवं ओलंपिक खेल",Medium,1992 ग्रीष्म की ओलंपिक किस देश की ताकत हासिल की थी?,मिक्रोनेशिया,नेपाल,स्पेन,पुर्तगाल,C,स्पेन,1992 ग्रीष्म की ओलंपिक स्पेन की ताकत हासिल की थी।,"1992 ग्रीष्म की ओलंपिक में स्पेन ने खेलों की ताकत हासिल की थी, जिसमें विभिन्न खेलों में खिलाड़ियों के योगदान शामिल थे।",2026-09-14 13:56:57
GK_HI_0432,Hindi,General Knowledge,"खेल जगत, क्रिकेट, हॉकी एवं ओलंपिक खेल",Medium,क्रिकेट में किस खिलाड़ी को 'रिचर्ड बेलिंघम अॅटेस्ट्राइट' की सम्मानित बाल्ला दिया गया था?,सर लॉरेन्स बेजर,सर रॉबर्ट ब्राउनले,रिचर्ड बेलिंघम,रॉबर्ट डुर्ली,B,सर रॉबर्ट ब्राउनले,सर रॉबर्ट ब्राउनले को 'रिचर्ड बेलिंघम अॅटेस्ट्राइट' की सम्मानित बाल्ला दी गई थी।,"सर रॉबर्ट ब्राउनले को 'रिचर्ड बेलिंघम अॅटेस्ट्राइट' की सम्मानित बाल्ला दी गई थी, जो उसके खेल की क्षमता की सम्मान के रूप में दी गई थी।",2026-09-14 13:56:57
GK_HI_0433,Hindi,General Knowledge,"पर्यावरण, वन्यजीव अभयारण्य एवं राष्ट्रीय उद्यान",Hard,जंगल संरक्षण के लिए किस योजना का उपयोग किया जाता है?,जंगल संरक्षण योजना (JSS),संरक्षण योजना (SS),जंगल रोध योजना (JRR),भौमिक रूपसंरक्षण योजना (BRSS),A,जंगल संरक्षण योजना (JSS),जंगल संरक्षण योजना जंगलों के संरक्षण और वन्यजीवों की सुरक्षा के लिए निर्धारित अवसरों को परिभाषित करती है।,"जंगल संरक्षण योजना एक विशिष्ट योजना है जो जंगलों के संरक्षण और वन्यजीवों की सुरक्षा के लिए निर्धारित अवसरों को परिभाषित करती है। इसका उपयोग क्रमशः वन्यजीवों की रक्षा, जंगली वन्यजीव बीमारियों की प्रतिरोधिता, जंगलों का विकास और संरक्षण और जंगली जीव विज्ञान जैसी क्षेत्रों में किया जाता है।",2026-09-14 13:58:10
GK_HI_0434,Hindi,General Knowledge,"पर्यावरण, वन्यजीव अभयारण्य एवं राष्ट्रीय उद्यान",Hard,भारत में राष्ट्रीय उद्यानों की कितनी प्रतिशत क्षेत्रफल वन्यजीवों की रक्षा के लिए उपयोग किया जाता है?,2%,5%,10%,15%,C,10%,राष्ट्रीय उद्यानों में वन्यजीवों की रक्षा के लिए उपयोग की जाने वाली क्षेत्रफल प्रतिशत एक ऐसा संकल्प है जो वन्यजीव रक्षा के लिए बहुत महत्वपूर्ण है।,भारत में राष्ट्रीय उद्यानों की राशि के 10% वन्यजीवों की रक्षा के लिए उपयोग किए जाते हैं। यह क्षेत्र वन्यजीवों के भविष्य के लिए महत्वपूर्ण है।,2026-09-14 13:58:10
GK_HI_0435,Hindi,General Knowledge,"पर्यावरण, वन्यजीव अभयारण्य एवं राष्ट्रीय उद्यान",Hard,भारत का कितना भाग राष्ट्रीय उद्यानों और अन्य वन्यजीव रक्षा क्षेत्रों में संरक्षित है?,15%,20%,25%,30%,B,20%,वन्यजीव रक्षा के लिए राष्ट्रीय उद्यानों और अन्य क्षेत्रों के उपयोग का प्रतिशत एक ऐसा संकल्प है जो भारत की वन्यजीव रक्षा के लिए महत्वपूर्ण है।,"भारत में राष्ट्रीय उद्यानों और अन्य वन्यजीव रक्षा क्षेत्रों में 20% का भाग संरक्षित है। यह रक्षा वन्यजीवों की रक्षा, जंगली वन्यजीव बीमारियों की प्रतिरोधिता, जंगलों का विकास और संरक्षण और जंगली जीव विज्ञान जैसी क्षेत्रों में बहुत महत्वपूर्ण है।",2026-09-14 13:58:10
GK_HI_0436,Hindi,General Knowledge,"पर्यावरण, वन्यजीव अभयारण्य एवं राष्ट्रीय उद्यान",Hard,भारत में राष्ट्रीय उद्यानों में वन्यजीव रक्षा के कितने प्रकार की गुणवत्ता शामिल हैं?,2,3,4,5,C,4,वन्यजीव रक्षा के लिए राष्ट्रीय उद्यानों में चार प्रकार की गुणवत्ता शामिल हैं जो वन्यजीवों की सुरक्षा के लिए महत्वपूर्ण हैं।,"भारत में राष्ट्रीय उद्यानों में वन्यजीव रक्षा के लिए चार प्रकार की गुणवत्ता शामिल हैं: वन्यजीव रक्षा, जंगली वन्यजीव बीमारियों की प्रतिरोधिता, जंगलों का विकास और संरक्षण और जंगली जीव विज्ञान। यह गुणवत्ता वन्यजीवों की रक्षा के लिए बहुत महत्वपूर्ण है।",2026-09-14 13:58:10
GK_HI_0437,Hindi,General Knowledge,"पर्यावरण, वन्यजीव अभयारण्य एवं राष्ट्रीय उद्यान",Hard,भारत की राष्ट्रीय उद्यानों की कितनी भाग वन्यजीव रक्षा के लिए उपयोग की जाती हैं?,50%,60%,70%,80%,D,80%,वन्यजीव रक्षा के लिए राष्ट्रीय उद्यानों में उपयोग की जाने वाली भाग एक ऐसा संकल्प है जो वन्यजीवों की रक्षा के लिए महत्वपूर्ण है।,"भारत की राष्ट्रीय उद्यानों की 80% भाग वन्यजीव रक्षा के लिए उपयोग की जाती हैं। यह रक्षा वन्यजीवों की रक्षा, जंगली वन्यजीव बीमारियों की प्रतिरोधिता, जंगलों का विकास और संरक्षण और जंगली जीव विज्ञान जैसी क्षेत्रों में बहुत महत्वपूर्ण है।",2026-09-14 13:58:10
GK_HI_0438,Hindi,General Knowledge,"पर्यावरण, वन्यजीव अभयारण्य एवं राष्ट्रीय उद्यान",Hard,भारत का कितना भाग वन्यजीव रक्षा के लिए राष्ट्रीय उद्यानों और अन्य क्षेत्रों में संरक्षित है?,25%,35%,45%,55%,D,55%,वन्यजीव रक्षा के लिए राष्ट्रीय उद्यानों और अन्य क्षेत्रों में संरक्षित भाग एक ऐसा संकल्प है जो वन्यजीवों की रक्षा के लिए महत्वपूर्ण है।,"भारत का 55% भाग वन्यजीव रक्षा के लिए राष्ट्रीय उद्यानों और अन्य क्षेत्रों में संरक्षित है। यह रक्षा वन्यजीवों की रक्षा, जंगली वन्यजीव बीमारियों की प्रतिरोधिता, जंगलों का विकास और संरक्षण और जंगली जीव विज्ञान जैसी क्षेत्रों में बहुत महत्वपूर्ण है।",2026-09-14 13:58:10
GK_HI_0439,Hindi,General Knowledge,"पर्यावरण, वन्यजीव अभयारण्य एवं राष्ट्रीय उद्यान",Hard,भारत में कितने प्रकार के राष्ट्रीय उद्यान वन्यजीवों की रक्षा के लिए उपयोग किए जाते हैं?,2,3,4,5,D,5,राष्ट्रीय उद्यानों की प्रकार एक ऐसा संकल्प है जो वन्यजीवों की रक्षा के लिए उपयोग किए जाने वाले विभिन्न प्रकार के उद्यानों को वर्गीकृत करने में मदद करता है।,"भारत में 5 प्रकार के राष्ट्रीय उद्यान वन्यजीवों की रक्षा के लिए उपयोग किए जाते हैं: वन्यजीव रक्षा, जंगली वन्यजीव बीमारियों की प्रतिरोधिता, जंगलों का विकास और संरक्षण, जंगली जीव विज्ञान और जंगली वन्यजीव निर्माण। यह रक्षा वन्यजीवों की रक्षा, जंगली वन्यजीव बीमारियों की प्रतिरोधिता, जंगलों का विकास और संरक्षण और जंगली जीव विज्ञान जैसी क्षेत्रों में बहुत महत्वपूर्ण है।",2026-09-14 13:58:10
GK_HI_0440,Hindi,General Knowledge,"पर्यावरण, वन्यजीव अभयारण्य एवं राष्ट्रीय उद्यान",Hard,भारत की राष्ट्रीय उद्यानों में वन्यजीव रक्षा के कितने प्रकार की गुणवत्ता शामिल हैं?,2,3,4,5,C,4,वन्यजीव रक्षा के लिए राष्ट्रीय उद्यानों में चार प्रकार की गुणवत्ता शामिल हैं जो वन्यजीवों की सुरक्षा के लिए महत्वपूर्ण हैं।,"भारत की राष्ट्रीय उद्यानों में वन्यजीव रक्षा के लिए चार प्रकार की गुणवत्ता शामिल हैं: वन्यजीव रक्षा, जंगली वन्यजीव बीमारियों की प्रतिरोधिता, जंगलों का विकास और संरक्षण, जंगली जीव विज्ञान और जंगली वन्यजीव निर्माण। यह रक्षा वन्यजीवों की रक्षा, जंगली वन्यजीव बीमारियों की प्रतिरोधिता, जंगलों का विकास और संरक्षण और जंगली जीव विज्ञान जैसी क्षेत्रों में बहुत महत्वपूर्ण है।",2026-09-14 13:58:10
GK_HI_0441,Hindi,General Knowledge,"पर्यावरण, वन्यजीव अभयारण्य एवं राष्ट्रीय उद्यान",Hard,भारत में वन्यजीव रक्षा के लिए राष्ट्रीय उद्यानों में कितने प्रकार की गुणवत्ता शामिल हैं?,2,3,4,5,C,4,वन्यजीव रक्षा के लिए राष्ट्रीय उद्यानों में चार प्रकार की गुणवत्ता शामिल हैं जो वन्यजीवों की सुरक्षा के लिए महत्वपूर्ण हैं।,"भारत में वन्यजीव रक्षा के लिए राष्ट्रीय उद्यानों में चार प्रकार की गुणवत्ता शामिल हैं: वन्यजीव रक्षा, जंगली वन्यजीव बीमारियों की प्रतिरोधिता, जंगलों का विकास और संरक्षण, जंगली जीव विज्ञान और जंगली वन्यजीव निर्माण। यह रक्षा वन्यजीवों की रक्षा, जंगली वन्यजीव बीमारियों की प्रतिरोधिता, जंगलों का विकास और संरक्षण और जंगली जीव विज्ञान जैसी क्षेत्रों में बहुत महत्वपूर्ण है।",2026-09-14 13:58:10
GK_HI_0442,Hindi,General Knowledge,प्राचीन एवं मध्यकालीन भारतीय इतिहास,Easy,प्राचीन काल में भारत का कौन-सा राज्य विश्व की सबसे बड़ी शक्तियों में से एक था?,चालुक्य राज्य,मुद्रिय राज्य,चांद्रगुप्त राज्य,गुप्त राज्य,D,गुप्त राज्य,गुप्त राज्य ने विश्व की सबसे बड़ी राज्यों में से एक के रूप में जाना जाता है।,गुप्त राज्य ने विश्व की सबसे बड़ी राज्यों में से एक के रूप में जाना जाता है क्योंकि इसने विस्तृत शासन क्षेत्र और साम्राज्य की बड़ी रैशियों को शामिल किया था।,2026-09-14 13:58:59
GK_HI_0443,Hindi,General Knowledge,प्राचीन एवं मध्यकालीन भारतीय इतिहास,Easy,किस युग में भारत में संस्कृति और साहित्य का विकास शुरू हुआ था?,पुराणिक युग,राजतन्त्र युग,विश्वास युग,मध्यकालीन युग,A,पुराणिक युग,पुराणिक युग में भारत की संस्कृति और साहित्य का आरम्भिक विकास हुआ था।,पुराणिक युग भारत की संस्कृति और साहित्य का आरम्भिक विकास के दौरान था जो कि बाद के कालों में विकसित हुआ।,2026-09-14 13:58:59
GK_HI_0444,Hindi,General Knowledge,प्राचीन एवं मध्यकालीन भारतीय इतिहास,Easy,किस युग में भारत में चार विषयों के अन्वेषण की शुरुआत हुई थी जो भारतीय विद्या का उदय माना जाता है?,प्राचीन युग,मध्यकालीन युग,महाभारत युग,पुराणिक युग,D,पुराणिक युग,पुराणिक युग में चार विषयों के अन्वेषण की शुरुआत हुई थी जो भारतीय विद्या का उदय माना जाता है।,"पुराणिक युग में चार विषयों के अन्वेषण की शुरुआत हुई थी जो भारतीय विद्या का उदय माना जाता है। ये विषय राजनीति, धर्म, शास्त्र और वेदांग हैं।",2026-09-14 13:58:59
GK_HI_0445,Hindi,General Knowledge,प्राचीन एवं मध्यकालीन भारतीय इतिहास,Easy,भारत में लोक शासन का पहला स्थानीय सिद्धांत जो गुप्त राज्य के दौरान प्रचलित था कौन-सा था?,कौरव शासन,चालुक्य शासन,वैश्य शासन,कुटुंब शासन,D,कुटुंब शासन,कुटुंब शासन गुप्त राज्य के दौरान भारत में लोक शासन का पहला स्थानीय सिद्धांत था।,कुटुंब शासन गुप्त राज्य के दौरान भारत में लोक शासन का पहला स्थानीय सिद्धांत था जो विस्तृत लोक संस्थाओं और सामाजिक शासन सिद्धांतों का उपयोग करके शासन किया जाता था।,2026-09-14 13:58:59
GK_HI_0446,Hindi,General Knowledge,प्राचीन एवं मध्यकालीन भारतीय इतिहास,Easy,भारत में गुप्त युग की शुरुआत कब हुई?,5 शताब्दी से शुरू हुई,4 शताब्दी से शुरू हुई,3 शताब्दी से शुरू हुई,2 शताब्दी से शुरू हुई,A,5 शताब्दी से शुरू हुई,गुप्त युग भारत की इतिहास में 5 शताब्दी से शुरू हुआ था।,गुप्त युग भारत की इतिहास में 5 शताब्दी से शुरू हुआ था जब चंद्रगुप्त मौकल्यवाज ने शासन शुरू किया था।,2026-09-14 13:58:59
GK_HI_0447,Hindi,General Knowledge,प्राचीन एवं मध्यकालीन भारतीय इतिहास,Easy,भारत में शैव धर्म का उदय कब हुआ?,पुराणिक युग में,विश्वास युग में,मध्यकालीन युग में,प्राचीन युग में,A,पुराणिक युग में,शैव धर्म भारत में पुराणिक युग में उदय हुआ था।,शैव धर्म भारत में पुराणिक युग में उदय हुआ था जब शिव देवता को प्रमुख भगवान के रूप में माना गया था।,2026-09-14 13:58:59
GK_HI_0448,Hindi,General Knowledge,प्राचीन एवं मध्यकालीन भारतीय इतिहास,Easy,किस युग में भारत में वेदों का लिखित रूप शुरू हुआ था?,मध्यकालीन युग,प्राचीन युग,महाभारत युग,पुराणिक युग,B,प्राचीन युग,वेदों का लिखित रूप प्राचीन युग में शुरू हुआ था।,वेदों का लिखित रूप प्राचीन युग में शुरू हुआ था जब विविध धार्मिक और विद्यालोग लिखित रूप में शुरू हुए।,2026-09-14 13:58:59
GK_HI_0449,Hindi,General Knowledge,प्राचीन एवं मध्यकालीन भारतीय इतिहास,Easy,भारत में शिविर शासन किस युग का एक महत्वपूर्ण अवधि था?,प्राचीन युग,मध्यकालीन युग,पुराणिक युग,विश्वास युग,C,पुराणिक युग,शिविर शासन पुराणिक युग का एक महत्वपूर्ण अवधि था।,शिविर शासन पुराणिक युग का एक महत्वपूर्ण अवधि था जब भारत के राजाओं ने विविध शासन कानूनों और अधिकारों को लागू किया था।,2026-09-14 13:58:59
GK_HI_0450,Hindi,General Knowledge,प्राचीन एवं मध्यकालीन भारतीय इतिहास,Easy,भारत में भक्ति धर्म का उदय कब हुआ?,मध्यकालीन युग,प्राचीन युग,पुराणिक युग,महाभारत युग,A,मध्यकालीन युग,भक्ति धर्म मध्यकालीन युग में उदय हुआ था।,भक्ति धर्म मध्यकालीन युग में उदय हुआ था जब भारत के आध्यात्मिक अभिव्यक्ति की विविध रूपों का विकास हुआ।,2026-09-14 13:58:59
GK_HI_0451,Hindi,General Knowledge,प्राचीन एवं मध्यकालीन भारतीय इतिहास,Easy,भारत में राजा की शक्ति किस युग के दौरान शिकारी शासन के रूप में वैश्विक प्रसिद्ध थी?,मध्यकालीन युग,प्राचीन युग,पुराणिक युग,विश्वास युग,B,प्राचीन युग,राजा की शक्ति प्राचीन युग के दौरान शिकारी शासन के रूप में वैश्विक प्रसिद्ध थी।,राजा की शक्ति प्राचीन युग के दौरान शिकारी शासन के रूप में वैश्विक प्रसिद्ध थी जब राजाओं ने विविध शासन कानूनों और अधिकारों को लागू किया था।,2026-09-14 13:58:59
GK_HI_0452,Hindi,General Knowledge,आधुनिक भारत का इतिहास एवं स्वतंत्रता संग्राम,Medium,स्वतंत्रता संग्राम के दौरान भारत की पहली राष्ट्रीय संगठन कौन-सी थी?,नेहरु संघ,भारत स्वतंत्रता संघ,भारत स्वाधीनता संघ,भारत स्वाधीनता फर्म,C,भारत स्वाधीनता संघ,स्वाधीनता संघ ने स्वतंत्रता संग्राम के लिए नेतृत्व दिया और स्वतंत्रता आयोजनों की समर्थन की योग्यता दर्शाई।,भारत स्वाधीनता संघ ने स्वतंत्रता के लिए ध्यान केंद्रित किया और नेताओं को समर्थन दिया।,2026-09-14 13:59:49
GK_HI_0453,Hindi,General Knowledge,आधुनिक भारत का इतिहास एवं स्वतंत्रता संग्राम,Medium,स्वतंत्रता संग्राम के दौरान किस वर्ष स्वराज योजना प्रकाशित की गई थी?,1928,1930,1935,1942,A,1928,1928 में स्वराज योजना ने स्वतंत्रता के लिए एक नए सिलाई काँड खड़ा किया था।,1928 में स्वराज योजना ने भारत के लिए स्वतंद्रता का नए उद्देश्य रचित किया।,2026-09-14 13:59:49
GK_HI_0454,Hindi,General Knowledge,आधुनिक भारत का इतिहास एवं स्वतंत्रता संग्राम,Medium,स्वतंत्रता संग्राम में किस वर्ष गांधी जी ने आंदोलन आरम्भ किया था जिसका नाम था राष्ट्रीय युद्ध?,1920,1921,1922,1923,A,1920,1920 में गांधी जी ने राष्ट्रीय युद्ध शुरू किया जिससे राष्ट्रवादी लोग उनके नेतृत्व में लड़ाइयों में शामिल हो गए।,1920 में गांधी जी ने राष्ट्रीय युद्ध शुरू किया जिससे भारतीय लोग स्वतंत्रता के लिए लड़ने लगे।,2026-09-14 13:59:49
GK_HI_0455,Hindi,General Knowledge,आधुनिक भारत का इतिहास एवं स्वतंत्रता संग्राम,Medium,स्वतंत्रता संग्राम में भारत के पहले मुख्य स्वाधीनता नेता कौन थे?,जयादा अरे,राजेन्द्र शर्मा,रवींद्रनाथ ठाकुर,महात्मा गांधी,D,महात्मा गांधी,महात्मा गांधी ने स्वतंत्रता संग्राम की नेतृत्व दी और इसके लिए बहुत से लड़ाइयों में शामिल हुए।,महात्मा गांधी ने स्वतंत्रता के लिए अपना प्रतिबद्ध नेतृत्व दिया और राष्ट्रवादी लड़ाइयों का नेतृत्व किया।,2026-09-14 13:59:49
GK_HI_0456,Hindi,General Knowledge,आधुनिक भारत का इतिहास एवं स्वतंत्रता संग्राम,Medium,स्वतंत्रता संग्राम के दौरान किस युग्म की शासन काल की लड़ाइयों का नेतृत्व किया था?,सिंहा और राजावली,सिंहा और गोयाल,श्रीवास्तव और गोयाल,राजावली और श्रीवास्तव,A,सिंहा और राजावली,सिंहा और राजावली ने स्वतंत्रता संग्राम में भारतीय स्वाधीनता की लड़ाइयों का नेतृत्व किया।,सिंहा और राजावली ने स्वतंत्रता के लिए भारतीय लोगों को नेतृत्व दिया और स्वाधीनता के लिए लड़ाइयों में शामिल हुए।,2026-09-14 13:59:49
GK_HI_0457,Hindi,General Knowledge,आधुनिक भारत का इतिहास एवं स्वतंत्रता संग्राम,Medium,स्वतंत्रता संग्राम के दौरान भारतीय स्वाधीनता संघ ने किस तरह की वार्ताओं की रचना की?,राजनीतिक वार्ताएँ,धार्मिक वार्ताएँ,शिक्षा वार्ताएँ,स्वास्थ्य वार्ताएँ,A,राजनीतिक वार्ताएँ,स्वाधीनता संघ ने राजनीतिक वार्ताओं की रचना की जिनमें स्वतंत्रता के लिए राजनीतिक निर्णय शामिल थे।,स्वाधीनता संघ ने राजनीतिक वार्ताओं की रचना की जिनमें स्वतंत्रता के लिए विभिन्न राजनीतिक निर्णय शामिल थे।,2026-09-14 13:59:49
GK_HI_0458,Hindi,General Knowledge,आधुनिक भारत का इतिहास एवं स्वतंत्रता संग्राम,Medium,1930 में किस विदेशी उत्पाद के खरीदारी पर राष्ट्रीय युद्ध किया गया था?,बाल्मिक जैविक उत्पाद,बाल्मिक चावल,बाल्मिक रसोई तत्व,बाल्मिक तेल,B,बाल्मिक चावल,बाल्मिक चावल खरीदारी पर राष्ट्रीय युद्ध ने स्वाधीनता आंदोलन में भारतीय लोगों को विकास की दिशा में ले गए।,बाल्मिक चावल खरीदारी पर राष्ट्रीय युद्ध ने भारतीय लोगों को अपने व्यवसाय को सरकारी प्रणाली से रोकने के लिए प्रेरित किया।,2026-09-14 13:59:49
GK_HI_0459,Hindi,General Knowledge,आधुनिक भारत का इतिहास एवं स्वतंत्रता संग्राम,Medium,1942 में जीवांद्वारी ने किस युद्ध का घोषणा किया था?,शांति युद्ध,राष्ट्रीय युद्ध,भारतीय युद्ध,शत्रु युद्ध,B,राष्ट्रीय युद्ध,जीवांद्वारी ने राष्ट्रीय युद्ध का घोषणा किया था जिसमें भारतीय स्वाधीनता की लड़ाइयों में स्वरूप लिया गया था।,राष्ट्रीय युद्ध ने भारत के लिए स्वतंत्रता लड़ाइयों की आंदोलनित शक्ति दी।,2026-09-14 13:59:49
GK_HI_0460,Hindi,General Knowledge,आधुनिक भारत का इतिहास एवं स्वतंत्रता संग्राम,Medium,स्वतंत्रता संग्राम के दौरान भारत की पहली राष्ट्रीय वायुसेना कैसे गठित हुई थी?,वीक्स गुर्नान द्वारा,स्वतंत्रता संघ द्वारा,भारतीय रक्षा सेवा द्वारा,सरकार द्वारा,B,स्वतंत्रता संघ द्वारा,स्वतंत्रता संघ ने भारतीय लोगों को वायु सेना में शामिल करने के लिए संस्थापन की थी।,स्वतंत्रता संघ ने भारतीय लोगों को वायु सेना में शामिल करने के लिए संस्थापन की थी जो राष्ट्रीय सुरक्षा के लिए महत्वपूर्ण थी।,2026-09-14 13:59:49
GK_HI_0461,Hindi,General Knowledge,विश्व का इतिहास एवं प्रमुख क्रांतियाँ,Hard,मानव अधिकारों की रचना किस वर्ष की थी जिसने इंग्लिश रिवनेंज में अपने अधिकारों को बचाने के लिए प्रेस्टिज द्वारा राष्ट्रीय रिवोल्यूशन की घोषणा की?,1688,1776,1812,1820,B,1776,यह उत्तर सही है क्योंकि रिविंग डर्कनस रिवनेंज 1776 में घोषित की गई थी जिसमें अमेरिकी लोग अपने मानव अधिकारों की रचना प्रतिबिम्बित करते थे।,रिविंग डर्कनस रिवनेंज 1776 में अमेरिकी राष्ट्रिय रिवोल्यूशन की घोषणा के लिए एक प्रेरक प्रावधान था जिसमें अमेरिकी लोग अपने मानव अधिकारों को रक्षा करने के लिए लड़ते थे।,2026-09-14 14:01:07
GK_HI_0462,Hindi,General Knowledge,विश्व का इतिहास एवं प्रमुख क्रांतियाँ,Hard,किस युग्म का नेतृत्व देने वाली क्रांति के दौरान स्पेन के कैथोलिक राजाज्ञा का विरोध रखने वाली रिलियन्स राजाज्ञा को बनाया गया था?,थॉमस मोर,हेनरिक द्वितीय,यूनास टास्किनस,जेम्स द्वितीय,A,थॉमस मोर,यह उत्तर सही है क्योंकि थॉमस मोर ने रिलियन्स राजाज्ञा को बनाने में अपनी श्रद्धा और कार्यक्षमता से महत्वपूर्ण भूमिका निभाई थी।,थॉमस मोर ने रिलियन्स राजाज्ञा को दिया था जो राजा थॉमस के रिवनेंज में विरोध रखती थी और रिकॉर्ड राजाज्ञाओं को समर्थित करती थी। यह राजाज्ञा रिवनेंज के दौरान रिलियन्स की सहानुभूति को रक्षा करने में महत्वपूर्ण थी।,2026-09-14 14:01:07
GK_HI_0463,Hindi,General Knowledge,विश्व का इतिहास एवं प्रमुख क्रांतियाँ,Hard,1789 में फ्रांस राज्य सरकार के विरोध में लड़ने वाली कौन-सी ग्रुप ने व्यापक रूप से मानव अधिकारों की दस्तावेज़ लिखी थी?,कैथोलिक राज्यावादी टीम,मार्चंट राज्यावादी टीम,लाभ-बोधी राज्यावादी टीम,रिलियन्स राज्यावादी टीम,D,रिलियन्स राज्यावादी टीम,यह उत्तर सही है क्योंकि रिलियन्स राज्यावादी टीम ने व्यापक रूप से मानव अधिकारों की दस्तावेज़ लिखी थी जिसका उद्देश्य सरकार से स्वतंत्रता प्राप्त करना था।,रिलियन्स राज्यावादी टीम ने फ्रांस राज्य सरकार के विरोध में व्यापक रूप से मानव अधिकारों की दस्तावेज़ लिखी थी जिसने उन्हें राज्य सरकार से स्वतंत्रता प्राप्त करने में मदद की। यह दस्तावेज़ फ्रांसीसी गणतंत्र की विकास में महत्वपूर्ण भूमिका निभाई।,2026-09-14 14:01:07
GK_HI_0464,Hindi,General Knowledge,विश्व का इतिहास एवं प्रमुख क्रांतियाँ,Hard,ब्रिटिश राज्य का किस वर्ष की क्रांति में युरोपीय युद्ध और ब्रिटिश राज्य के बीच एक व्यापक रूप से लड़ाई का आरम्भ हुआ था?,1688,1701,1715,1745,D,1745,यह उत्तर सही है क्योंकि 1745 में ब्रिटिश राज्य का रोमन ग्रेट एंड ब्रिटिश क्रांति में एक व्यापक रूप से लड़ाई लगाई गई थी जिसमें युरोपीय युद्ध के अधीन रही।,1745 में एंड ब्रिटिश क्रांति रोमन राज्य के विरोध में आरम्भ हुई जिसमें युरोपीय युद्ध के अधीन रही। यह क्रांति ब्रिटिश राज्य के विकास में महत्वपूर्ण भूमिका निभाई।,2026-09-14 14:01:07
GK_HI_0465,Hindi,General Knowledge,विश्व का इतिहास एवं प्रमुख क्रांतियाँ,Hard,1688 की रिवनेंज में राजा जेम्स द्वितीय के विरोध में किस विशेष रूप से रिवनेंज नेता ने लड़ाई लगाई थी?,स्टेफन वायर,जॉन लेविस,स्टेफन वाल्स,जॉन रिवनेंज,D,जॉन रिवनेंज,यह उत्तर सही है क्योंकि जॉन रिवनेंज ने राजा जेम्स द्वितीय के विरोध में रिवनेंज नेतृत्व किया था।,जॉन रिवनेंज ने राजा जेम्स द्वितीय के विरोध में रिवनेंज नेतृत्व किया था जो एक राजा विश्वास की रक्षा करने के लिए आरक्षण करने वाला विशेष संहिता था। यह लड़ाई ब्रिटिश राज्य के अर्थमान विकास में महत्वपूर्ण भूमिका निभाई।,2026-09-14 14:01:07
GK_HI_0466,Hindi,General Knowledge,विश्व का इतिहास एवं प्रमुख क्रांतियाँ,Hard,1848 की रिवोल्यूशन में जर्मन राज्यों के किस वर्तनी द्वारा जर्मन राज्य वाचावाद के लिए लड़ाई लगाई गई थी?,होल्ट विधान,कैपोन विधान,जैकबन विधान,हायन विधान,D,हायन विधान,यह उत्तर सही है क्योंकि हायन विधान ने जर्मन राज्य वाचावाद के लिए एक व्यापक रूप से लड़ाई लगाई थी।,हायन विधान ने 1848 में जर्मन राज्यों में राज्य वाचावाद के लिए एक व्यापक रूप से लड़ाई लगाई थी जो रिवोल्यूशन की भावना वाले लोगों को राज्य की वाचावाद की स्वतंत्रता प्राप्त करने में मदद की।,2026-09-14 14:01:07
GK_HI_0467,Hindi,General Knowledge,विश्व का इतिहास एवं प्रमुख क्रांतियाँ,Hard,1848 की रिवोल्यूशन के दौरान जर्मन राज्यों के किस विशेष रूप से रिवोल्यूशन नेता ने लड़ाई लगाई थी?,फ्रांसिस वेन्स्ले,कार्ल मार्फेल,कर्ल मार्फेल,फ्रांसिस वेन्स्ले,C,कार्ल मार्फेल,यह उत्तर सही है क्योंकि कार्ल मार्फेल ने जर्मन राज्यों के लिए एक विशेष रूप से रिवोल्यूशन नेता के रूप में लड़ाई लगाई थी।,कार्ल मार्फेल ने 1848 की रिवोल्यूशन के दौरान जर्मन राज्यों के लिए एक विशेष रूप से रिवोल्यूशन नेता के रूप में लड़ाई लगाई थी जो जर्मन राज्य वाचावाद के लिए नेतृत्व करने में मदद की।,2026-09-14 14:01:07
GK_HI_0468,Hindi,General Knowledge,विश्व का इतिहास एवं प्रमुख क्रांतियाँ,Hard,1688 की रिवनेंज में राजा जेम्स द्वितीय के विरोध में किस वर्तनी द्वारा ब्रिटिश राज्य की स्वतंत्रता और युद्ध का आरम्भ हुआ था?,ब्रिटिश राज्य विधान,ब्रिटिश संविधान,ब्रिटिश रिवनेंज,ब्रिटिश रिवनेंज विधान,D,ब्रिटिश रिवनेंज विधान,यह उत्तर सही है क्योंकि ब्रिटिश रिवनेंज विधान ने राजा जेम्स द्वितीय के विरोध में ब्रिटिश राज्य की स्वतंत्रता और युद्ध का आरम्भ किया था।,ब्रिटिश रिवनेंज विधान ने राजा जेम्स द्वितीय के विरोध में ब्रिटिश राज्य की स्वतंत्रता और युद्ध का आरम्भ किया था जो ब्रिटिश राज्य के विकास में महत्वपूर्ण भूमिका निभाई।,2026-09-14 14:01:07
GK_HI_0469,Hindi,General Knowledge,विश्व का इतिहास एवं प्रमुख क्रांतियाँ,Hard,1789 की फ्रांसीसी गणतंत्र की रिवोल्यूशन में फ्रांसीसी लोगों ने किस रूप के लिए लड़ाई लगाई थी?,राजा फ्रांसिस द्वितीय के विरोध में,राजा फ्रांसिस द्वितीय के विरोध के लिए,फ्रांसीसी राज्य के लिए,फ्रांसीसी राज्य के लिए और राजा फ्रांसिस द्वितीय के विरोध में,D,फ्रांसीसी राज्य के लिए और राजा फ्रांसिस द्वितीय के विरोध में,यह उत्तर सही है क्योंकि फ्रांसीसी लोगों ने 1789 की रिवोल्यूशन में फ्रांसीसी राज्य के लिए और राजा फ्रांसिस द्वितीय के विरोध में लड़ाई लगाई थी।,1789 की फ्रांसीसी गणतंत्र की रिवोल्यूशन में फ्रांसीसी लोगों ने फ्रांसीसी राज्य के लिए और राजा फ्रांसिस द्वितीय के विरोध में लड़ाई लगाई थी जो फ्रांसीसी गणतंत्र के विकास में महत्वपूर्ण भूमिका निभाई।,2026-09-14 14:01:07
GK_HI_0470,Hindi,General Knowledge,विश्व का इतिहास एवं प्रमुख क्रांतियाँ,Hard,1789 की फ्रांसीसी गणतंत्र की रिवोल्यूशन में फ्रांसीसी लोगों ने किस दस्तावेज की रचना की थी?,फ्रांसीसी राजा विधान,फ्रांसीसी गणतंत्र विधान,फ्रांसीसी राज्य विधान,फ्रांसीसी राज्य अधिनियम,B,फ्रांसीसी गणतंत्र विधान,यह उत्तर सही है क्योंकि फ्रांसीसी लोगों ने 1789 की रिवोल्यूशन में फ्रांसीसी गणतंत्र विधान की रचना की थी।,1789 की फ्रांसीसी गणतंत्र की रिवोल्यूशन में फ्रांसीसी लोगों ने फ्रांसीसी गणतंत्र विधान की रचना की थी जो फ्रांसीसी गणतंत्र के विकास में महत्वपूर्ण भूमिका निभाई।,2026-09-14 14:01:07
GK_HI_0471,Hindi,General Knowledge,विश्व का इतिहास एवं प्रमुख क्रांतियाँ,Hard,1789 की फ्रांसीसी गणतंत्र की रिवोल्यूशन में फ्रांसीसी लोगों ने फ्रांसीसी गणतंत्र के लिए किस रूप में संप्रभुता की राजधानी बनाई थी?,पेरिस,बर्लिन,लार्डन,बॉम्बे,A,पेरिस,यह उत्तर सही है क्योंकि फ्रांसीसी लोगों ने 1789 की रिवोल्यूशन में फ्रांसीसी गणतंत्र के लिए पेरिस को संप्रभुता की राजधानी बनाई थी।,1789 की फ्रांसीसी गणतंत्र की रिवोल्यूशन में फ्रांसीसी लोगों ने फ्रांसीसी गणतंत्र के लिए पेरिस को संप्रभुता की राजधानी बनाई थी जो फ्रांसीसी गणतंत्र के विकास में महत्वपूर्ण भूमिका निभाई।,2026-09-14 14:01:07
GK_HI_0472,Hindi,General Knowledge,"भारत का भूगोल (नदियाँ, पर्वत, जलवायु, मिट्टियाँ)",Easy,हिमाचल प्रदेश का एक महत्वपूर्ण पर्वत कौन-सा है?,हिमाल,श्री वर्षाकुण्ड,हरिता,जटिल द्वीप,A,हिमाल,हिमाल पर्वत एक विशाल दक्षिणी हिमाल जमात का एक हिस्सा है जो ब्रिटिश भारत के सबसे उंचे पर्वतों का घर है।,हिमाल पर्वत जितना उंचा है उतना महत्वपूर्ण है। यह हिमाचल प्रदेश की एक अद्भुत और रूपकर्ता संरचना है।,2026-09-14 14:01:51
GK_HI_0473,Hindi,General Knowledge,"भारत का भूगोल (नदियाँ, पर्वत, जलवायु, मिट्टियाँ)",Easy,भारत की एक महत्वपूर्ण नदी कौन-सी है?,दिल्ली नदी,गंगा नदी,तारागंगा नदी,मिस्ट्री नदी,B,गंगा नदी,गंगा नदी एक सर्वाधिक महत्वपूर्ण और प्रसिद्ध नदियों में से एक है जो भारत की संस्कृति और परम्परा के महत्व को दर्शाती है।,गंगा नदी भारत के लोगों के जीवन का महत्वपूर्ण हिस्सा है। यह नदी कई शहरों और नगरों का पानी पदार्थ आदि देती है।,2026-09-14 14:01:51
GK_HI_0474,Hindi,General Knowledge,"भारत का भूगोल (नदियाँ, पर्वत, जलवायु, मिट्टियाँ)",Easy,भारत की एक जलवायु जैक्सन कौन-सी है?,रामगुजारी जैक्सन,कुश्वाहा जैक्सन,बिल्लिया जैक्सन,बीमा जैक्सन,B,कुश्वाहा जैक्सन,कुश्वाहा जैक्सन भारत की एक जनसंख्या और जलवायु महत्वपूर्ण जैक्सन है जो वर्षा की वजह से बहुत रोस और नुकसान देती है।,कुश्वाहा जैक्सन भारत के बड़े प्रदेशों में आम लगती है जहाँ वर्षा का प्रभाव अधिक होता है।,2026-09-14 14:01:51
GK_HI_0475,Hindi,General Knowledge,"भारत का भूगोल (नदियाँ, पर्वत, जलवायु, मिट्टियाँ)",Easy,राजस्थान का एक महत्वपूर्ण मिट्टी क्षेत्र कौन-सा है?,मोहनसिंह टाउन,बिजापुर,माल्वा,अन्नपुर,C,माल्वा,माल्वा एक राजस्थान की महत्वपूर्ण मिट्टी क्षेत्र है जो देश के लोगों के लिए बंदर्गुण्डा और अन्य उत्पादों का उत्पादन करने का महत्वपूर्ण क्षेत्र है।,माल्वा क्षेत्र में बहुत अच्छी मिट्टी होती है जो कई उत्पादों के उत्पादन के लिए उपयोग की जाती है।,2026-09-14 14:01:51
GK_HI_0476,Hindi,General Knowledge,"भारत का भूगोल (नदियाँ, पर्वत, जलवायु, मिट्टियाँ)",Easy,भारत का एक महत्वपूर्ण पर्यावरण विभाजन कौन-सा है?,मध्य दुनिया लांबांक,पश्चिमी अनुक्रमणिका,दक्षिण दुनिया लांबांक,पूर्वी अनुक्रमणिका,B,पश्चिमी अनुक्रमणिका,पश्चिमी अनुक्रमणिका भारत के दक्षिणी भाग को बांझा और अंतरराष्ट्रीय विभाजनों से अलग करती है।,पश्चिमी अनुक्रमणिका भारत के दक्षिणी भाग के लोगों के जीवन को प्रभावित करती है और उन्हें अलग जलवायु और पर्यावरण दे देती है।,2026-09-14 14:01:51
GK_HI_0477,Hindi,General Knowledge,"भारत का भूगोल (नदियाँ, पर्वत, जलवायु, मिट्टियाँ)",Easy,भारत का एक महत्वपूर्ण जलवायु क्षेत्र कौन-सा है?,दक्षिणी भारत,पूर्वी भारत,उत्तरी भारत,पश्चिमी भारत,A,दक्षिणी भारत,दक्षिणी भारत एक जलवायु रिजियन है जहाँ बहुत वर्षा होती है और यह भारत की नुकसानी जलवायु के संकेत है।,दक्षिणी भारत का वर्षा रिजियन बड़ी वर्षा की अवस्था का अनुक्रमण से लेकर नुकसानी जलवायु तक जाता है।,2026-09-14 14:01:51
GK_HI_0478,Hindi,General Knowledge,"भारत का भूगोल (नदियाँ, पर्वत, जलवायु, मिट्टियाँ)",Easy,भारत का एक महत्वपूर्ण जलवायु विभाजन कौन-सा है?,मध्य दुनिया लांबांक,पश्चिमी अनुक्रमणिका,पूर्वी अनुक्रमणिका,दक्षिण दुनिया लांबांक,B,पश्चिमी अनुक्रमणिका,पश्चिमी अनुक्रमणिका भारत के दक्षिणी भाग को बांझा और अंतरराष्ट्रीय विभाजनों से अलग करती है।,पश्चिमी अनुक्रमणिका भारत के दक्षिणी भाग को बांझा और अंतरराष्ट्रीय विभाजनों से अलग करती है।,2026-09-14 14:01:51
GK_HI_0479,Hindi,General Knowledge,"भारत का भूगोल (नदियाँ, पर्वत, जलवायु, मिट्टियाँ)",Easy,भारत का एक महत्वपूर्ण पर्वत कौन-सा है?,कुश्वाहा पर्वत,श्री वर्षाकुण्ड,हिमाल,हरिता,C,हिमाल,हिमाल एक भारत की महत्वपूर्ण पर्वत रिजियन है जो देश की सर्दी और जलवायु को नियंत्रित करता है।,हिमाल पर्वत रिजियन भारत की सर्दी और जलवायु को नियंत्रित करता है और देश के लोगों के जीवन को प्रभावित करता है।,2026-09-14 14:01:51
GK_HI_0480,Hindi,General Knowledge,"विश्व का भूगोल, महाद्वीप एवं महासागर",Medium,निम्न में से कौन-सा महाद्वीप भारत को दक्षिण से घेरा है?,अफ्रीका,ऑस्ट्रेलिया,अमेरिका,अंटार्क्टिका,A,अफ्रीका,अफ्रीका महाद्वीप दक्षिण भारत को घेरा है।,अफ्रीका महाद्वीप का दक्षिण भारत तक गुजरता है और इस प्रकार भारत को दक्षिण से घेरा है।,2026-09-14 14:02:31
GK_HI_0481,Hindi,General Knowledge,"विश्व का भूगोल, महाद्वीप एवं महासागर",Medium,निम्न में से कौन-सा महासागर भारत के दक्षिण-पश्चिम सीमा पर स्थित है?,सागर अमेरिका,सागर असिया,कालहरी महासागर,मध्य अमेरिका महासागर,C,कालहरी महासागर,कालहरी महासागर भारत के दक्षिण-पश्चिम सीमा पर स्थित है।,कालहरी महासागर भारत की दक्षिण-पश्चिम सीमा पर स्थित है और इस प्रकार भारत के तट पर आता है।,2026-09-14 14:02:31
GK_HI_0482,Hindi,General Knowledge,"विश्व का भूगोल, महाद्वीप एवं महासागर",Medium,निम्न में से कौन-सा महाद्वीप भारत के दक्षिण पूर्व सीमा पर स्थित है?,अफ्रीका,ऑस्ट्रेलिया,पाकिस्तान,मलेशिया,A,अफ्रीका,अफ्रीका महाद्वीप भारत के दक्षिण पूर्व सीमा पर स्थित है।,अफ्रीका महाद्वीप भारत के दक्षिण पूर्व सीमा पर स्थित है जो भारत के तट को घेरा है।,2026-09-14 14:02:31
GK_HI_0483,Hindi,General Knowledge,"विश्व का भूगोल, महाद्वीप एवं महासागर",Medium,निम्न में से कौन-सा महासागर भारत के उत्तर-पूर्व सीमा पर स्थित है?,सागर असिया,सागर अमेरिका,ताजिक सागर,कालहरी महासागर,A,सागर असिया,सागर असिया भारत के उत्तर-पूर्व सीमा पर स्थित है।,सागर असिया भारत के उत्तर-पूर्व सीमा पर स्थित है जो भारत के तट को घेरा है।,2026-09-14 14:02:31
GK_HI_0484,Hindi,General Knowledge,"विश्व का भूगोल, महाद्वीप एवं महासागर",Medium,निम्न में से कौन-सा महाद्वीप भारत के उत्तर और उत्तर-पूर्व सीमा पर स्थित है?,पाकिस्तान,मलेशिया,जापान,कैस्केड महाद्वीप,C,जापान,जापान भारत के उत्तर और उत्तर-पूर्व सीमा पर स्थित है।,जापान एक महाद्वीप है जो भारत के उत्तर और उत्तर-पूर्व तटों को स्थापित करता है।,2026-09-14 14:02:31
GK_HI_0485,Hindi,General Knowledge,"विश्व का भूगोल, महाद्वीप एवं महासागर",Medium,निम्न में से कौन-सा महाद्वीप भारत के उत्तर-पश्चिम सीमा पर स्थित है?,मलेशिया,पाकिस्तान,जापान,बांग्लादेश,B,पाकिस्तान,पाकिस्तान भारत के उत्तर-पश्चिम सीमा पर स्थित है।,पाकिस्तान एक महाद्वीप है जो भारत के उत्तर-पश्चिम सीमा पर स्थित है जो भारत के तट पर आता है।,2026-09-14 14:02:31
GK_HI_0486,Hindi,General Knowledge,"विश्व का भूगोल, महाद्वीप एवं महासागर",Medium,निम्न में से कौन-सा महासागर भारत के उत्तर-पश्चिम सीमा पर स्थित है?,सागर असिया,सागर अमेरिका,कालहरी महासागर,सागर अफ्रीका,A,सागर असिया,सागर असिया भारत के उत्तर-पश्चिम सीमा पर स्थित है।,सागर असिया भारत के उत्तर-पश्चिम सीमा पर स्थित है जो भारत के तट को घेरा है।,2026-09-14 14:02:31
GK_HI_0487,Hindi,General Knowledge,"भारतीय संविधान, मौलिक अधिकार एवं राजव्यवस्था",Hard,मौलिक अधिकारों का वर्गीकरण किस भांति किया जा सकता है?,सामान्य और विशेष,संविधानिक और नियमित,भावात्मक और कानूनी,स्वतंत्र और संबद्ध,C,भावात्मक और कानूनी,यह उत्तर सही है क्योंकि मौलिक अधिकारों का वर्गीकरण भावात्मक और कानूनी दो शैलियों में किया जा सकता है।,"भावात्मक मौलिक अधिकार वह है जो नियमित विधान की बिना राज्य की जिम्मेदारी है, जबकि कानूनी मौलिक अधिकार विधान के द्वारा निर्धारित होते हैं।",2026-09-14 14:03:19
GK_HI_0488,Hindi,General Knowledge,"भारतीय संविधान, मौलिक अधिकार एवं राजव्यवस्था",Hard,भारत की संविधान गतिविधियों का नियंत्रण किस अध्याय में किया गया है?,संविधान अध्याय 2,संविधान अध्याय 3,संविधान अध्याय 4,संविधान अध्याय 5,D,संविधान अध्याय 5,यह उत्तर सही है क्योंकि संविधान अध्याय 5 में भारत की संविधान गतिविधियों का नियंत्रण किया गया है।,"संविधान अध्याय 5 राज्य की संविधान गतिविधियों, जैसे विधायी संशोधन और राज्य अधिकारों की परिवर्तन को नियंत्रित करता है।",2026-09-14 14:03:19
GK_HI_0489,Hindi,General Knowledge,"भारतीय संविधान, मौलिक अधिकार एवं राजव्यवस्था",Hard,भारत की संविधान अध्याय 25 किसका दर्शन दिया है?,महात्मा गांधी,बिश्वास नैनायाक,भगवन रामायण,कालिदास,A,महात्मा गांधी,यह उत्तर सही है क्योंकि संविधान अध्याय 25 महात्मा गांधी के दर्शन का प्रतिनिधित्व करता है।,संविधान अध्याय 25 महात्मा गांधी के मानव वैश्विकता और जनता की मूलतः मानव अधिकारों का दर्शन दिखाता है।,2026-09-14 14:03:19
GK_HI_0490,Hindi,General Knowledge,"भारतीय संविधान, मौलिक अधिकार एवं राजव्यवस्था",Hard,मौलिक अधिकारों का संरक्षण किस अध्याय में किया गया है?,संविधान अध्याय 1,संविधान अध्याय 2,संविधान अध्याय 3,संविधान अध्याय 4,A,संविधान अध्याय 1,यह उत्तर सही है क्योंकि मौलिक अधिकारों का संरक्षण संविधान अध्याय 1 में किया गया है।,संविधान अध्याय 1 मौलिक अधिकारों को संरक्षित करने वाले अनुच्छेद और अध्याय हैं जो संविधान के अधिकारसंग्रह का शुरुआती हिस्सा हैं।,2026-09-14 14:03:19
GK_HI_0491,Hindi,General Knowledge,"भारतीय संविधान, मौलिक अधिकार एवं राजव्यवस्था",Hard,भारत की संविधान अध्याय 352 में निर्धारित किया गया क्या है?,मौलिक अधिकार,राज्य अधिकार,संविधानिक अधिकार,संविधानिक अधिकार और राज्य अधिकार,D,संविधानिक अधिकार और राज्य अधिकार,यह उत्तर सही है क्योंकि संविधान अध्याय 352 संविधानिक अधिकार और राज्य अधिकारों को निर्धारित करता है।,संविधान अध्याय 352 में संविधानिक अधिकार और राज्य अधिकारों की सूचीबद्ध सूची दी गई है जो संविधान के अधिकारसंग्रह का एक अन्य हिस्सा है।,2026-09-14 14:03:19
GK_HI_0492,Hindi,General Knowledge,"भारतीय संविधान, मौलिक अधिकार एवं राजव्यवस्था",Hard,भारत की संविधान अध्याय 245 किसकी अनुसूची दिखाता है?,राज्य अधिकार,संविधानिक अधिकार,मौलिक अधिकार,संविधानिक अधिकार और राज्य अधिकार,D,संविधानिक अधिकार और राज्य अधिकार,यह उत्तर सही है क्योंकि संविधान अध्याय 245 संविधानिक अधिकार और राज्य अधिकारों की अनुसूची दिखाता है।,संविधान अध्याय 245 संविधानिक अधिकार और राज्य अधिकारों के बारे में संविधान की एक विशिष्ट अनुसूची दिखाता है।,2026-09-14 14:03:19
GK_HI_0493,Hindi,General Knowledge,"भारतीय संविधान, मौलिक अधिकार एवं राजव्यवस्था",Hard,मौलिक अधिकारों को वर्गीकृत किस तरीके से किया जा सकता है?,सामाजिक और राज्यीय,भावात्मक और कानूनी,संविधानिक और नियमित,स्वतंत्र और संबद्ध,B,भावात्मक और कानूनी,यह उत्तर सही है क्योंकि मौलिक अधिकारों का वर्गीकरण भावात्मक और कानूनी दो शैलियों में किया जा सकता है।,"भावात्मक मौलिक अधिकार वह है जो नियमित विधान की बिना राज्य की जिम्मेदारी है, जबकि कानूनी मौलिक अधिकार विधान के द्वारा निर्धारित होते हैं।",2026-09-14 14:03:19
GK_HI_0494,Hindi,General Knowledge,"भारतीय संविधान, मौलिक अधिकार एवं राजव्यवस्था",Hard,भारत की संविधान अध्याय 238 में निर्धारित किया गया क्या है?,मौलिक अधिकार,राज्य अधिकार,संविधानिक अधिकार,संविधानिक अधिकार और राज्य अधिकार,D,संविधानिक अधिकार और राज्य अधिकार,यह उत्तर सही है क्योंकि संविधान अध्याय 238 संविधानिक अधिकार और राज्य अधिकारों को निर्धारित करता है।,संविधान अध्याय 238 में संविधानिक अधिकार और राज्य अधिकारों की सूची दी गई है।,2026-09-14 14:03:19
GK_HI_0495,Hindi,General Knowledge,"भारतीय अर्थव्यवस्था, बैंकिंग, बजट एवं योजनाएं",Easy,भारत की राज्य कार्यालयों को भारत बजट से किस प्रकार की वित्तीय सहायता मिलती है?,स्थानीय बजट,संकलित बजट,राज्य बजट,केंद्रीय बजट,D,केंद्रीय बजट,केंद्रीय बजट राज्य वित्त मंत्रालय को राज्य कार्यालयों को वित्तीय सहायता प्रदान करने का स्रोत बनाता है।,"केंद्रीय बजट में सम्पत्ति वित्त, आय वित्त और व्यय वित्त के तीन भाग समाविष्ट हैं जिनका उपयोग राज्यों के लिए वित्तीय सहायता के लिए किया जाता है।",2026-09-14 14:04:17
GK_HI_0496,Hindi,General Knowledge,"भारतीय अर्थव्यवस्था, बैंकिंग, बजट एवं योजनाएं",Easy,भारतीय अर्थव्यवस्था में किस प्रकार की राज्यतांत्रिकी राजधानी की गई है?,मध्यमान राजधानी राजतन्त्र,केंद्रीय राजधानी राजतन्त्र,संवैधानिक राजधानी राजतन्त्र,विभाजित राजधानी राजतन्त्र,B,केंद्रीय राजधानी राजतन्त्र,केंद्रीय राजधानी राजतन्त्र में केंद्र और राज्य दोनों की राजधानी होती हैं और ये अलग-अलग कार्य प्रदर्शित करती हैं।,भारत में राजधानी राजतन्त्र केंद्र और राज्य दोनों के लिए राजधानी हैं जो राजतन्त्र के अलंकार और वित्तीय कार्यों को प्रदर्शित करती हैं।,2026-09-14 14:04:17
GK_HI_0497,Hindi,General Knowledge,"भारतीय अर्थव्यवस्था, बैंकिंग, बजट एवं योजनाएं",Easy,भारतीय बजट की वित्तीय विशेषताओं में किसका वर्णन नहीं किया गया है?,राज्य वित्त बजट,केंद्र वित्त बजट,संयुक्त वित्त बजट,मध्यमान वित्त बजट,C,संयुक्त वित्त बजट,संयुक्त वित्त बजट राज्य और केंद्र की अलग-अलग वित्तीय कार्यों को संबंधित नहीं करता है।,"भारतीय बजट में राज्य वित्त बजट, केंद्र वित्त बजट और मध्यमान वित्त बजट का वर्णन दिया गया है लेकिन संयुक्त वित्त बजट नहीं।",2026-09-14 14:04:17
GK_HI_0498,Hindi,General Knowledge,"भारतीय अर्थव्यवस्था, बैंकिंग, बजट एवं योजनाएं",Easy,भारतीय अर्थव्यवस्था में किस अनुबंध के तहत राज्य और केंद्र के बीच वित्तीय व्यवस्थाएँ निर्धारित की गई हैं?,अंकुर अनुबंध,भारत अनुबंध,राज्य अनुबंध,संसद अनुबंध,B,भारत अनुबंध,भारत अनुबंध राज्य और केंद्र के बीच वित्तीय व्यवस्थाओं को निर्धारित करने के लिए प्रमुख स्रोत है।,भारत अनुबंध राज्य और केंद्र के बीच वित्तीय व्यवस्थाओं को प्रदर्शित करता है जो राज्य वित्त बजट और केंद्र वित्त बजट में प्रयोग किए जाते हैं।,2026-09-14 14:04:17
GK_HI_0499,Hindi,General Knowledge,"भारतीय अर्थव्यवस्था, बैंकिंग, बजट एवं योजनाएं",Easy,भारतीय अर्थव्यवस्था में राज्य वित्त बजट का वित्तीय वर्ष कब शुरू होता है?,जनवरी में,फ़रवरी में,मार्च में,अप्रैल में,D,अप्रैल में,राज्य वित्त बजट अप्रैल की शुरुआत से शुरू होता है जो वित्तीय वर्ष की शुरुआत का प्रतीक है।,राज्य वित्त बजट अप्रैल के शुरूआत से शुरू होता है जिसके पश्चात वित्तीय वर्ष शुरू होता है जिसमें राज्य वित्त बजट और केंद्र वित्त बजट शामिल होते हैं।,2026-09-14 14:04:17
GK_HI_0500,Hindi,General Knowledge,"भारतीय अर्थव्यवस्था, बैंकिंग, बजट एवं योजनाएं",Easy,भारतीय अर्थव्यवस्था में राज्य वित्त बजट और केंद्र वित्त बजट किस दिन प्रस्तुत किए जाते हैं?,14 जनवरी,14 फ़रवरी,14 मार्च,14 अप्रैल,D,14 अप्रैल,14 अप्रैल राज्य वित्त बजट और केंद्र वित्त बजट की दिनांक है जिसपर ये प्रस्तुत किए जाते हैं।,14 अप्रैल वित्तीय वर्ष की शुरुआत का दिन है जिसपर राज्य वित्त बजट और केंद्र वित्त बजट प्रस्तुत किए जाते हैं।,2026-09-14 14:04:17
GK_HI_0501,Hindi,General Knowledge,"भारतीय अर्थव्यवस्था, बैंकिंग, बजट एवं योजनाएं",Easy,भारतीय अर्थव्यवस्था में राज्य वित्त बजट किस अधिकार को व्यवस्थित करता है?,केंद्रीय निवेश नीति,राज्य निवेश नीति,राज्य अर्थव्यवस्था,केंद्रीय अर्थव्यवस्था,C,राज्य अर्थव्यवस्था,राज्य वित्त बजट राज्य अर्थव्यवस्था को व्यवस्थित करता है और राज्य की वित्तीय व्यवस्थाओं का वर्णन करता है।,राज्य वित्त बजट राज्य अर्थव्यवस्था को व्यवस्थित करता है जिसमें राज्य की वित्तीय व्यवस्थाओं और आय-व्यय संबंधी इन्फोर्मेशन शामिल होती हैं।,2026-09-14 14:04:17
GK_HI_0502,Hindi,General Knowledge,"भारतीय अर्थव्यवस्था, बैंकिंग, बजट एवं योजनाएं",Easy,राज्य वित्त बजट में राज्य की वित्तीय व्यवस्था किस दिशा में निर्देशित की जाती है?,दक्षिण,पश्चिम,पूर्व,उत्तर,C,पूर्व,राज्य वित्त बजट में राज्य की वित्तीय व्यवस्था पूर्व दिशा में निर्देशित की जाती है जिसमें वित्तीय व्यवस्थाएँ स्थानीय आय और व्यय की दिशा में संशोधित की जाती हैं।,राज्य वित्त बजट में राज्य की वित्तीय व्यवस्था पूर्व दिशा में निर्देशित की जाती है जो वित्तीय व्यवस्थाओं के लिए स्थानीय आय और व्यय की दिशा में संशोधन शामिल है।,2026-09-14 14:04:17
GK_HI_0503,Hindi,General Knowledge,"भारतीय अर्थव्यवस्था, बैंकिंग, बजट एवं योजनाएं",Easy,राज्य वित्त बजट और केंद्र वित्त बजट में शामिल वित्तीय व्यवस्थाएँ किस प्रकार के आय और व्यय शामिल होते हैं?,स्थानीय आय और व्यय,केंद्रीय आय और व्यय,स्थानीय और केंद्रीय आय और व्यय,अन्य आय और व्यय,C,स्थानीय और केंद्रीय आय और व्यय,राज्य वित्त बजट और केंद्र वित्त बजट में शामिल वित्तीय व्यवस्थाएँ स्थानीय और केंद्रीय आय और व्यय शामिल होते हैं।,राज्य वित्त बजट और केंद्र वित्त बजट में शामिल वित्तीय व्यवस्थाएँ स्थानीय और केंद्रीय आय और व्यय शामिल होते हैं जो राज्य और केंद्र की वित्तीय व्यवस्थाओं को व्यक्त करते हैं।,2026-09-14 14:04:17
GK_HI_0504,Hindi,General Knowledge,"भारतीय अर्थव्यवस्था, बैंकिंग, बजट एवं योजनाएं",Easy,किस दिन राज्य वित्त बजट प्रस्तुत किया जाता है?,14 जनवरी,14 फ़रवरी,14 मार्च,14 अप्रैल,D,14 अप्रैल,राज्य वित्त बजट 14 अप्रैल पर प्रस्तुत किया जाता है जो राज्य की वित्तीय व्यवस्था को निर्देशित करता है।,राज्य वित्त बजट 14 अप्रैल पर प्रस्तुत किया जाता है जिस पर राज्य की वित्तीय व्यवस्था और वित्तीय व्यवस्थाओं का वर्णन किया जाता है।,2026-09-14 14:04:17
GK_HI_0505,Hindi,General Knowledge,"भारतीय कला, शास्त्रीय नृत्य, संगीत एवं सांस्कृतिक धरोहर",Medium,कौन सा नृत्य राज्य वित्त बजट में उपलब्ध होता है?,कॉम्बोलियोस,तालिका नृत्य,डीवीडी नृत्य,बाज़ार नृत्य,B,तालिका नृत्य,तालिका नृत्य एक प्रतिष्ठित भारतीय शास्त्रीय नृत्य है जो राज्य वित्त बजट में प्रदर्शित किया जाता है।,तालिका नृत्य एक प्रतिष्ठित भारतीय शास्त्रीय नृत्य है जिसे राज्य वित्त बजट में प्रदर्शित करने का एक सामान्य आदत है। यह नृत्य भारतीय संस्कृति की रिश्तेदारी को दर्शाता है।,2026-09-14 14:05:10
GK_HI_0506,Hindi,General Knowledge,"भारतीय कला, शास्त्रीय नृत्य, संगीत एवं सांस्कृतिक धरोहर",Medium,किस नृत्य में राज्य वित्त बजट का सर्वाधिक अवसर उपलब्ध होता है?,कुंडी नृत्य,काठकूट,तालिका नृत्य,चाँदी नृत्य,C,तालिका नृत्य,तालिका नृत्य एक राज्य वित्त बजट में उपलब्ध नृत्य है जिसमें भारतीय नृत्य की समृद्धि दर्शाई जाती है।,तालिका नृत्य एक ऐसा नृत्य है जिसमें भारतीय नृत्य की समृद्धि दर्शाई जाती है और राज्य वित्त बजट में इसका सर्वाधिक उपयोग किया जाता है।,2026-09-14 14:05:10
GK_HI_0507,Hindi,General Knowledge,"भारतीय कला, शास्त्रीय नृत्य, संगीत एवं सांस्कृतिक धरोहर",Medium,राज्य वित्त बजट किस रंग की टिकट दिखाई देता है?,काले,रोज़गारी की,नृत्य की,संगीत की,C,नृत्य की,राज्य वित्त बजट की टिकट एक रंग का डिजाइन है जो नृत्य के आकार में डिजाइन किया गया है।,राज्य वित्त बजट की टिकट नृत्य के आकार में डिजाइन की जाती है जिसमें भारतीय नृत्य की विविधताएँ दर्शाई जाती हैं।,2026-09-14 14:05:10
GK_HI_0508,Hindi,General Knowledge,"भारतीय कला, शास्त्रीय नृत्य, संगीत एवं सांस्कृतिक धरोहर",Medium,किस प्रकार की संगीत राज्य वित्त बजट में शामिल होती है?,हिंदी संगीत,शास्त्रीय संगीत,स्थानीय संगीत,हॉल्डे ड्राइव,B,शास्त्रीय संगीत,राज्य वित्त बजट में शास्त्रीय संगीत शामिल होता है जो भारतीय संस्कृति की रिश्तेदारी को दर्शाता है।,राज्य वित्त बजट में शास्त्रीय संगीत शामिल होता है जो भारतीय संस्कृति की रिश्तेदारी को दर्शाता है और राज्य की समृद्धि को दर्शाता है।,2026-09-14 14:05:10
GK_HI_0509,Hindi,General Knowledge,"भारतीय कला, शास्त्रीय नृत्य, संगीत एवं सांस्कृतिक धरोहर",Medium,"राज्य वित्त बजट में जो संगीत शामिल होता है, वह किस प्रकार का होता है?",संगीत जगमगाता,शास्त्रीय संगीत,हिंदी संगीत,पोप संगीत,B,शास्त्रीय संगीत,राज्य वित्त बजट में शास्त्रीय संगीत शामिल होता है जो भारतीय संस्कृति की रिश्तेदारी को दर्शाता है।,राज्य वित्त बजट में शास्त्रीय संगीत शामिल होता है जो भारतीय संस्कृति की रिश्तेदारी को दर्शाता है और राज्य की समृद्धि को दर्शाता है।,2026-09-14 14:05:10
GK_HI_0510,Hindi,General Knowledge,"भारतीय कला, शास्त्रीय नृत्य, संगीत एवं सांस्कृतिक धरोहर",Medium,राज्य वित्त बजट में राज्य का संगीत शामिल किस प्रकार की शास्त्रीय गायन का रूपक है?,हैरित्व,संगीत जगमगाता,क्रिस्टल,शास्त्रीय संगीत,D,शास्त्रीय संगीत,राज्य वित्त बजट में शास्त्रीय संगीत शामिल होता है जो राज्य का संगीत के रूपक है।,राज्य वित्त बजट में शास्त्रीय संगीत शामिल होता है जो राज्य का संगीत के रूपक है और राज्य की समृद्धि को दर्शाता है।,2026-09-14 14:05:10
GK_HI_0511,Hindi,General Knowledge,"भारतीय कला, शास्त्रीय नृत्य, संगीत एवं सांस्कृतिक धरोहर",Medium,"राज्य वित्त बजट में जो नृत्य शामिल होता है, वह राज्य का किस प्रकार का नृत्य है?",वैश्विक नृत्य,संगीत नृत्य,शास्त्रीय नृत्य,संगीत जगमगाता,C,शास्त्रीय नृत्य,राज्य वित्त बजट में शास्त्रीय नृत्य शामिल होता है जो राज्य का स्वाभाविक भावनात्मक व्यक्ति रूपक है।,राज्य वित्त बजट में शास्त्रीय नृत्य शामिल होता है जो राज्य का स्वाभाविक भावनात्मक व्यक्ति रूपक है और राज्य की समृद्धि को दर्शाता है।,2026-09-14 14:05:10
GK_HI_0512,Hindi,General Knowledge,"भारतीय कला, शास्त्रीय नृत्य, संगीत एवं सांस्कृतिक धरोहर",Medium,"राज्य वित्त बजट में जो नृत्य शामिल होता है, वह किस प्रकार का है?",संगीत नृत्य,शास्त्रीय नृत्य,वैश्विक नृत्य,संगीत जगमगाता,B,शास्त्रीय नृत्य,राज्य वित्त बजट में शास्त्रीय नृत्य शामिल होता है जो राज्य का स्वाभाविक भावनात्मक व्यक्ति रूपक है।,राज्य वित्त बजट में शास्त्रीय नृत्य शामिल होता है जो राज्य का स्वाभाविक भावनात्मक व्यक्ति रूपक है और राज्य की समृद्धि को दर्शाता है।,2026-09-14 14:05:10
GK_HI_0513,Hindi,General Knowledge,"प्रमुख आविष्कार, खोजें एवं भारतीय वैज्ञानिक",Hard,कौन-सा भारतीय वैज्ञानिक आइंट्सिग्निट डिवाइस (AID) विकसित करने वाले थे?,राजेश विश्वास,नित्यानंद राय,जय कुमार राव,विनोबा शेवाळ,B,नित्यानंद राय,नित्यानंद राय ने आइंट्सिग्निट डिवाइस की विकास की कार्यक्रम की नेतृत्व की थी जो भारत की पहली रेडियो डिजाइन थी।,नित्यानंद राय ने भारत की रेडियो टेलीविजन और टेलीफोनिक टेक्नोलॉजी के लिए महत्वपूर्ण योगदान दिया है। उन्होंने आइंट्सिग्निट डिवाइस की विकास में अपना महत्वपूर्ण योगदान दिया था।,2026-09-14 14:06:11
GK_HI_0514,Hindi,General Knowledge,"प्रमुख आविष्कार, खोजें एवं भारतीय वैज्ञानिक",Hard,कौन-सा भारतीय वैज्ञानिक रक्त मोल निर्धारण यंत्र विकसित करने वाले थे?,महाशय व्यास,नित्यानंद राय,जय कुमार राव,राजेश विश्वास,D,राजेश विश्वास,राजेश विश्वास ने रक्त मोल निर्धारण यंत्र का विकास किया जो रक्त मोल स्टेट का ज्ञान देता था।,राजेश विश्वास ने भारत में रक्त मोल निर्धारण यंत्र का विकास किया जो आधुनिक डायनामिक रक्त विज्ञान का एक महत्वपूर्ण यंत्र है।,2026-09-14 14:06:11
GK_HI_0515,Hindi,General Knowledge,"प्रमुख आविष्कार, खोजें एवं भारतीय वैज्ञानिक",Hard,कौन-सा भारतीय वैज्ञानिक भारत की पहली रेडियो टेलीविजन नेटवर्क के लिए कार्य किया था?,नित्यानंद राय,राजेश विश्वास,जय कुमार राव,विनोबा शेवाळ,A,नित्यानंद राय,नित्यानंद राय ने भारत की पहली रेडियो टेलीविजन नेटवर्क के लिए विभिन्न टेक्नोलॉजी का विकास किया।,नित्यानंद राय ने रेडियो टेलीविजन और टेलीफोनिक टेक्नोलॉजी के लिए बहुत से विकल्पों को विकसित किया जिनमें से एक रेडियो टेलीविजन नेटवर्क के लिए होना था।,2026-09-14 14:06:11
GK_HI_0516,Hindi,General Knowledge,"प्रमुख आविष्कार, खोजें एवं भारतीय वैज्ञानिक",Hard,कौन-सा भारतीय वैज्ञानिक संकायों में रक्त मोल निर्धारण के लिए एक यंत्र विकसित करने वाले थे?,महाशय व्यास,राजेश विश्वास,जय कुमार राव,नित्यानंद राय,B,राजेश विश्वास,राजेश विश्वास ने भारतीय संकायों में रक्त मोल निर्धारण यंत्र का विकास किया।,राजेश विश्वास ने रक्त मोल निर्धारण यंत्र का विकास किया जो संकायों में रक्त मोल स्टेट की जांच करने के लिए उपयोगी था।,2026-09-14 14:06:11
GK_HI_0517,Hindi,General Knowledge,"प्रमुख आविष्कार, खोजें एवं भारतीय वैज्ञानिक",Hard,कौन-सा भारतीय वैज्ञानिक रेडियो टेलीविजन नेटवर्क की विकास में योगदान दिया था?,विनोबा शेवाळ,नित्यानंद राय,जय कुमार राव,राजेश विश्वास,B,नित्यानंद राय,नित्यानंद राय ने रेडियो टेलीविजन नेटवर्क की विकास में योगदान दिया था।,नित्यानंद राय ने रेडियो टेलीविजन नेटवर्क की विकास में महत्वपूर्ण योगदान दिया जो भारत की टेलीविजन और रेडियो टेक्नोलॉजी के विकास का अहम अंश बना।,2026-09-14 14:06:11
GK_HI_0518,Hindi,General Knowledge,"प्रमुख आविष्कार, खोजें एवं भारतीय वैज्ञानिक",Hard,कौन-सा भारतीय वैज्ञानिक रेडियो टेलीफोनिक टेक्नोलॉजी के विकास में योगदान दिया था?,विनोबा शेवाळ,जय कुमार राव,नित्यानंद राय,राजेश विश्वास,C,जय कुमार राव,जय कुमार राव ने रेडियो टेलीफोनिक टेक्नोलॉजी के विकास में योगदान दिया था।,जय कुमार राव ने रेडियो टेलीफोनिक टेक्नोलॉजी के विकास में महत्वपूर्ण योगदान दिया जो भारत की टेलीफोनिक टेक्नोलॉजी के विकास का अहम अंश बना।,2026-09-14 14:06:11
GK_HI_0519,Hindi,General Knowledge,"प्रमुख आविष्कार, खोजें एवं भारतीय वैज्ञानिक",Hard,कौन-सा भारतीय वैज्ञानिक रेडियो टेलीविजन नेटवर्क की विकास के लिए एक यंत्र विकसित करने वाले थे?,विनोबा शेवाळ,राजेश विश्वास,जय कुमार राव,नित्यानंद राय,D,नित्यानंद राय,नित्यानंद राय ने रेडियो टेलीविजन नेटवर्क की विकास के लिए एक यंत्र विकसित किया था।,नित्यानंद राय ने रेडियो टेलीविजन नेटवर्क की विकास के लिए एक यंत्र विकसित किया जो भारत की टेलीविजन टेक्नोलॉजी का विकास कराने में महत्वपूर्ण योगदान दिया।,2026-09-14 14:06:11
GK_HI_0520,Hindi,General Knowledge,"प्रमुख आविष्कार, खोजें एवं भारतीय वैज्ञानिक",Hard,कौन-सा भारतीय वैज्ञानिक रेडियो टेलीफोनिक टेक्नोलॉजी की विकास में योगदान दिया था?,राजेश विश्वास,विनोबा शेवाळ,जय कुमार राव,नित्यानंद राय,C,जय कुमार राव,जय कुमार राव ने रेडियो टेलीफोनिक टेक्नोलॉजी की विकास में योगदान दिया था।,जय कुमार राव ने रेडियो टेलीफोनिक टेक्नोलॉजी की विकास में महत्वपूर्ण योगदान दिया जो भारत की टेलीफोनिक टेक्नोलॉजी के विकास का अहम अंश बना।,2026-09-14 14:06:11
GK_HI_0521,Hindi,General Knowledge,"प्रमुख आविष्कार, खोजें एवं भारतीय वैज्ञानिक",Hard,कौन-सा भारतीय वैज्ञानिक रेडियो टेलीफोनिक टेक्नोलॉजी की विकास के लिए एक यंत्र विकसित करने वाले थे?,नित्यानंद राय,जय कुमार राव,राजेश विश्वास,विनोबा शेवाळ,A,नित्यानंद राय,नित्यानंद राय ने रेडियो टेलीफोनिक टेक्नोलॉजी की विकास के लिए एक यंत्र विकसित किया था।,नित्यानंद राय ने रेडियो टेलीफोनिक टेक्नोलॉजी की विकास के लिए एक यंत्र विकसित किया जो भारत की टेलीफोनिक टेक्नोलॉजी के विकास का अहम अंश बना।,2026-09-14 14:06:11
GK_HI_0522,Hindi,General Knowledge,"अंतरराष्ट्रीय संगठन (संयुक्त राष्ट्र, डब्ल्यूएचओ, विश्व बैंक)",Easy,संयुक्त राष्ट्र किस वर्ष में स्थापित किया गया था?,1945,1950,1940,1955,A,1945,संयुक्त राष्ट्र 1945 में अंग्रेजी राज्यों और यूरोपीय देशों द्वारा स्थापित किया गया था।,1945 में दुनिया युद्ध दूसरा संदेहात्मक अंत हुआ था और फिर संयुक्त राष्ट्र स्थापित किया गया था।,2026-09-14 14:06:56
GK_HI_0523,Hindi,General Knowledge,"अंतरराष्ट्रीय संगठन (संयुक्त राष्ट्र, डब्ल्यूएचओ, विश्व बैंक)",Easy,डब्ल्यूएचओ का अर्थ क्या है?,संयुक्त राष्ट्र महासंग्रहालय,संयुक्त राष्ट्र महासंबंधीय संस्थान,संयुक्त राष्ट्र महासंवाद संस्थान,संयुक्त राष्ट्र महासंपदा आयोग,B,संयुक्त राष्ट्र महासंबंधीय संस्थान,डब्ल्यूएचओ संयुक्त राष्ट्र महासंबंधीय संस्थान का अंकित नाम है।,डब्ल्यूएचओ संयुक्त राष्ट्र की एक महत्वपूर्ण संबंधीय संस्था है जो विश्व के बीच संबंधों का प्रबंधन करती है।,2026-09-14 14:06:56
GK_HI_0524,Hindi,General Knowledge,"अंतरराष्ट्रीय संगठन (संयुक्त राष्ट्र, डब्ल्यूएचओ, विश्व बैंक)",Easy,विश्व बैंक की स्थापना किस वर्ष की थी?,1946,1945,1950,1944,D,1944,विश्व बैंक की स्थापना ब्राजिल के रियो डी जनेराल पर आयोजित एक बैंकिंग सम्मेलन के दौरान की गई थी।,1944 में ब्राजिल के रियो डी जनेराल एक बैंकिंग सम्मेलन का आयोजन किया गया जहाँ विश्व बैंक की स्थापना की गई थी।,2026-09-14 14:06:56
GK_HI_0525,Hindi,General Knowledge,"अंतरराष्ट्रीय संगठन (संयुक्त राष्ट्र, डब्ल्यूएचओ, विश्व बैंक)",Easy,विश्व बैंक का मुख्य कार्य क्या है?,भारतीय राज्यों की बाजारी बढ़ावा देना,भारतीय राज्यों की विकास की सहायता देना,विश्व के बीच संबंधों का प्रबंधन करना,भारतीय राज्यों के वित्तीय व्यवस्था में सहायता देना,B,भारतीय राज्यों की विकास की सहायता देना,विश्व बैंक का मुख्य कार्य विकास देशों को वित्तीय सहायता प्रदान करना है।,विश्व बैंक विकास देशों को वित्तीय सहायता देता है जो विकास के लिए मांग रहे हैं।,2026-09-14 14:06:56
GK_HI_0526,Hindi,General Knowledge,"अंतरराष्ट्रीय संगठन (संयुक्त राष्ट्र, डब्ल्यूएचओ, विश्व बैंक)",Easy,संयुक्त राष्ट्र किसका एक उदाहरण है?,संरक्षण संस्था,भारतीय संस्था,विश्व संस्था,संयुक्त राष्ट्र संस्था,D,संयुक्त राष्ट्र संस्था,संयुक्त राष्ट्र संयुक्त राष्ट्र की एक संस्था है जो विश्व के बीच संबंधों का प्रबंधन करती है।,संयुक्त राष्ट्र संयुक्त राष्ट्र की एक महत्वपूर्ण संस्था है जो विश्व के बीच संबंधों का प्रबंधन करती है।,2026-09-14 14:06:56
GK_HI_0527,Hindi,General Knowledge,"अंतरराष्ट्रीय संगठन (संयुक्त राष्ट्र, डब्ल्यूएचओ, विश्व बैंक)",Easy,डब्ल्यूएचओ किसका अंकित नाम है?,संयुक्त राष्ट्र महासंग्रहालय,संयुक्त राष्ट्र महासंबंधीय संस्थान,संयुक्त राष्ट्र महासंवाद संस्थान,संयुक्त राष्ट्र महासंपदा आयोग,B,संयुक्त राष्ट्र महासंबंधीय संस्थान,डब्ल्यूएचओ संयुक्त राष्ट्र महासंबंधीय संस्थान का अंकित नाम है।,डब्ल्यूएचओ संयुक्त राष्ट्र महासंबंधीय संस्थान का अंकित नाम है जो विश्व के बीच संबंधों का प्रबंधन करती है।,2026-09-14 14:06:56
GK_HI_0528,Hindi,General Knowledge,"अंतरराष्ट्रीय संगठन (संयुक्त राष्ट्र, डब्ल्यूएचओ, विश्व बैंक)",Easy,विश्व बैंक की स्थापना किस देश में की गई थी?,अमेरिका,ब्राजील,जर्मनी,मेक्सिको,B,ब्राजील,विश्व बैंक की स्थापना ब्राजिल के रियो डी जनेराल की एक बैंकिंग सम्मेलन के दौरान की गई थी।,1944 में ब्राजिल के रियो डी जनेराल एक बैंकिंग सम्मेलन का आयोजन किया गया जहाँ विश्व बैंक की स्थापना की गई थी।,2026-09-14 14:06:56
GK_HI_0529,Hindi,General Knowledge,"अंतरराष्ट्रीय संगठन (संयुक्त राष्ट्र, डब्ल्यूएचओ, विश्व बैंक)",Easy,डब्ल्यूएचओ का मुख्य उद्देश्य क्या है?,भारतीय राज्यों की बाजारी बढ़ावा देना,भारतीय राज्यों की विकास की सहायता देना,विश्व के बीच संबंधों का प्रबंधन करना,भारतीय राज्यों के वित्तीय व्यवस्था में सहायता देना,C,विश्व के बीच संबंधों का प्रबंधन करना,डब्ल्यूएचओ का मुख्य उद्देश्य विश्व के बीच संबंधों का प्रबंधन करना है।,"डब्ल्यूएचओ विश्व के बीच शांति, सुरक्षा और संबंधों को सुनिश्चित करने के लिए काम करता है।",2026-09-14 14:06:56
GK_HI_0530,Hindi,General Knowledge,"प्रसिद्ध भारतीय व्यक्तित्व, स्वतंत्रता सेनानी एवं महापुरुष",Medium,स्वतंत्रता सेनानी लक्ष्मण राय का जन्म किस वर्ष में हुआ था?,1903,1905,1907,1909,B,1905,लक्ष्मण राय ने स्वतंत्रता के लिए अपने जीवन को इस वर्ष से इस उद्देश्य में व्यस्त किया था।,लक्ष्मण राय ने 1905 में जन्म लिया जिन्हें जानकारी के अनुसार 1905 में अपने जीवन को स्वतंत्रता संग्राम में व्यस्त करने का फैसला किया था।,2026-09-14 14:07:44
GK_HI_0531,Hindi,General Knowledge,"प्रसिद्ध भारतीय व्यक्तित्व, स्वतंत्रता सेनानी एवं महापुरुष",Medium,भारत की स्वतंत्रता के लिए जानकारी देने वाला व्यक्ति जॉन लो टेलर का नाम क्या है?,प्रोफेसर टेलर,जॉन टेलर,टेलर,जॉन लो टेलर,D,जॉन लो टेलर,जॉन लो टेलर ने भारत के स्वतंत्रता के लिए अपनी जानकारी का विश्वव्यापी जानकारीकरण किया था।,जॉन लो टेलर ने भारत की स्वतंत्रता के लिए बड़ी जानकारी का उपयोग किया और इस जानकारी का विश्वव्यापी जानकारीकरण किया था।,2026-09-14 14:07:44
GK_HI_0532,Hindi,General Knowledge,"प्रसिद्ध भारतीय व्यक्तित्व, स्वतंत्रता सेनानी एवं महापुरुष",Medium,महात्मा गांधी ने अपना नाम गांधी क्यों बदला?,1915,1917,1919,1920,B,1917,1917 में गांधी ने अपना नाम गांधी से महात्मा गांधी के रूप में बदला था।,1917 में गांधी ने अपना नाम बदला और राष्ट्रवादी आंदोलन में बड़े प्रभाव रखने वाला लोकप्रिय नाम महात्मा गांधी बना था।,2026-09-14 14:07:44
GK_HI_0533,Hindi,General Knowledge,"प्रसिद्ध भारतीय व्यक्तित्व, स्वतंत्रता सेनानी एवं महापुरुष",Medium,रविंद्रनाथ ठाकुर ने अपना पहला अमेरिकी दौरा कब किया?,1910,1911,1912,1913,C,1912,रविंद्रनाथ ठाकुर ने 1912 में अमेरिका दौरा किया था जिसमें उन्होंने अपने काव्य और संगीत को विश्वव्यापी जानकारीकरण किया था।,1912 में रविंद्रनाथ ठाकुर ने अमेरिका दौरा किया और उनके काव्य और संगीत का विश्वव्यापी प्रसार हुआ था।,2026-09-14 14:07:44
GK_HI_0534,Hindi,General Knowledge,"प्रसिद्ध भारतीय व्यक्तित्व, स्वतंत्रता सेनानी एवं महापुरुष",Medium,श्री राजेन्द्र प्रसाद का जन्म किस वर्ष में हुआ था?,1887,1889,1890,1892,C,1890,श्री राजेन्द्र प्रसाद ने 1890 में जन्म लिया जिसने भारत की स्वतंत्रता के लिए अपने विशेष योगदान दिया था।,श्री राजेन्द्र प्रसाद ने अपने जीवन के शुरुआती वर्षों में 1890 में जन्म लिया और एक ऐसे व्यक्ति बने जो भारत की स्वतंत्रता के लिए प्रसिद्ध थे।,2026-09-14 14:07:44
GK_HI_0535,Hindi,General Knowledge,"प्रसिद्ध भारतीय व्यक्तित्व, स्वतंत्रता सेनानी एवं महापुरुष",Medium,स्वतंत्रता सेनानी बाल शर्मा ने अपना जीवन किस शासन से विरोध करने में इस्तेमाल किया?,ब्रिटिश शासन,जापानी शासन,रोमान शासन,सोवियत शासन,A,ब्रिटिश शासन,बाल शर्मा ने अपना जीवन ब्रिटिश शासन से विरोध करने में इस्तेमाल किया था।,बाल शर्मा ने अपना जीवन ब्रिटिश शासन से विरोध करने में इस्तेमाल किया और भारत की स्वतंत्रता के लिए अपने जीवन को इस उद्देश्य में व्यस्त कर दिया था।,2026-09-14 14:07:44
GK_HI_0536,Hindi,General Knowledge,"प्रसिद्ध भारतीय व्यक्तित्व, स्वतंत्रता सेनानी एवं महापुरुष",Medium,श्री भगवन रामाथ्यान ने अपने जीवन किस शासन से विरोध करने में इस्तेमाल किया?,ब्रिटिश शासन,जापानी शासन,रोमान शासन,सोवियत शासन,A,ब्रिटिश शासन,श्री भगवन रामाथ्यान ने अपना जीवन ब्रिटिश शासन से विरोध करने में इस्तेमाल किया था।,श्री भगवन रामाथ्यान ने अपना जीवन ब्रिटिश शासन से विरोध करने में इस्तेमाल किया और भारत की स्वतंत्रता के लिए अपने जीवन को इस उद्देश्य में व्यस्त कर दिया था।,2026-09-14 14:07:44
GK_HI_0537,Hindi,General Knowledge,"प्रसिद्ध भारतीय व्यक्तित्व, स्वतंत्रता सेनानी एवं महापुरुष",Medium,भारतीय राष्ट्रीय संग्रहालय की स्थापना किस वर्ष की थी?,1947,1950,1952,1955,C,1952,भारतीय राष्ट्रीय संग्रहालय ने 1952 में अपना उद्घाटन किया था।,भारतीय राष्ट्रीय संग्रहालय ने 1952 में अपना उद्घाटन किया और भारत के इतिहास और संस्कृति की विशाल जानकारी का संग्रहण किया था।,2026-09-14 14:07:44
GK_HI_0538,Hindi,General Knowledge,"प्रसिद्ध भारतीय व्यक्तित्व, स्वतंत्रता सेनानी एवं महापुरुष",Medium,महात्मा गांधी ने अपना शैली का नाम किस वर्ष में राजे विजय सिंह के नाम से राजा गांधी के रूप में बदला?,1915,1917,1919,1920,B,1917,1917 में महात्मा गांधी ने अपना नाम राजा गांधी से महात्मा गांधी के रूप में बदला था।,1917 में महात्मा गांधी ने अपना नाम राजा गांधी से महात्मा गांधी के रूप में बदला और इस नाम से उन्होंने भारत के लिए बड़े योगदान दिया था।,2026-09-14 14:07:44
GK_HI_0539,Hindi,General Knowledge,"प्रसिद्ध भारतीय व्यक्तित्व, स्वतंत्रता सेनानी एवं महापुरुष",Medium,स्वतंत्रता सेनानी अमर शर्मा ने अपना जीवन किस शासन से विरोध करने में इस्तेमाल किया?,ब्रिटिश शासन,जापानी शासन,रोमान शासन,सोवियत शासन,A,ब्रिटिश शासन,अमर शर्मा ने अपना जीवन ब्रिटिश शासन से विरोध करने में इस्तेमाल किया था।,अमर शर्मा ने अपना जीवन ब्रिटिश शासन से विरोध करने में इस्तेमाल किया और भारत की स्वतंत्रता के लिए अपने जीवन को इस उद्देश्य में व्यस्त कर दिया था।,2026-09-14 14:07:44
GK_HI_0540,Hindi,General Knowledge,"प्रसिद्ध पुस्तकें, रचयिता एवं साहित्य",Hard,भारतीय साहित्य में रचनात्मक निबंध का रचयिता कौन है जिन्होंने एक ऐसा निबंध लिखा जिसमें भारत की इतिहासी महाराजाओं ने वर्णन किया गया है?,श्रीधर मुखर्जी,रवींद्रनाथ टॉम्बे,विश्वेश्वरी नायडू,राम नरेन्द्र मोहन शर्मा,B,रवींद्रनाथ टॉम्बे,रवींद्रनाथ टॉम्बे ने अपने निबंध 'राजाओं और राजाओं की दिलचस्पी' में इतिहासी महाराजाओं की लघु रचनाओं में संकलन की और उनकी साहित्यिक विशेषताओं का वर्णन किया है।,रवींद्रनाथ टॉम्बे ने अपने निबंधों में भारत की इतिहासी महाराजाओं और उनकी साहित्यिक शैलियों का विशेष विश्लेषण किया है।,2026-09-14 14:08:57
GK_HI_0541,Hindi,General Knowledge,"प्रसिद्ध पुस्तकें, रचयिता एवं साहित्य",Hard,कौन सा अंग्रेज़ी साहित्यिक कार्य बाल शर्मा ने लिखा जिसका प्रकाशन भारत की स्वतंत्रता की राज्यों की स्थापना के तुरंत बाद हुआ था?,विजय और विनाश,भारत और उपनीत,विजयी श्रमिक,मानवता की अस्तित्व की अभिप्रे ट,D,मानवता की अस्तित्व की अभिप्रे ट,मानवता की अस्तित्व की अभिप्रेट ने भारतीय विजय के साथ भारत की स्वतंत्रता की स्थापना में एक उत्कृष्ट अवसर का वर्णन किया है।,बाल शर्मा ने अपने उपनीत 'मानवता की अस्तित्व की अभिप्रेट' में भारत की स्वतंत्रता की स्थापना के तुरंत बाद आयुष्य के विवरण का वर्णन किया है।,2026-09-14 14:08:57
GK_HI_0542,Hindi,General Knowledge,"प्रसिद्ध पुस्तकें, रचयिता एवं साहित्य",Hard,भारतीय साहित्य में रचनात्मक निबंध का रचयिता कौन है जिन्होंने एक ऐसा निबंध लिखा जिसमें संस्कृति के विकास के राष्ट्रीय महत्व का वर्णन किया गया है?,कान्दिमली शास्त्री,काशीनाथ शर्मा,श्रीधर मुखर्जी,विश्वेश्वरी नायडू,C,श्रीधर मुखर्जी,श्रीधर मुखर्जी ने अपने निबंध श्री 'संस्कृति के विकास का राष्ट्रीय महत्व' में संस्कृति के विकास का वर्णन किया है और इसका राष्ट्रीय महत्व की बात की है।,श्रीधर मुखर्जी ने अपने निबंध श्री 'संस्कृति के विकास का राष्ट्रीय महत्व' में संस्कृति के विकास का वर्णन किया है और इसके राष्ट्रीय महत्व की बात की है।,2026-09-14 14:08:58
GK_HI_0543,Hindi,General Knowledge,"प्रसिद्ध पुस्तकें, रचयिता एवं साहित्य",Hard,कौन सा अंग्रेज़ी उपनीत बाल शर्मा ने लिखा जिसमें भारतीय जातीय संस्कृति के विकास का वर्णन किया गया है?,विजय और विनाश,भारत और उपनीत,विजयी श्रमिक,मानवता की अस्तित्व की अभिप्रे ट,B,भारत और उपनीत,भारत और उपनीत ने भारतीय जातीय संस्कृति के विकास के दिवालियों का वर्णन किया है।,भाल शर्मा ने अपने उपनीत 'भारत और उपनीत' में भारतीय जातीय संस्कृति के विकास के दिवालियों का वर्णन किया है।,2026-09-14 14:08:58
GK_HI_0544,Hindi,General Knowledge,"प्रसिद्ध पुस्तकें, रचयिता एवं साहित्य",Hard,कौन सा अंग्रेज़ी साहित्यिक कार्य बाल शर्मा ने लिखा जिसमें भारत की इतिहासी महाराजाओं की जीवनी का वर्णन किया गया है?,विजय और विनाश,भारत और उपनीत,विजयी श्रमिक,मानवता की अस्तित्व की अभिप्रे ट,A,विजय और विनाश,विजय और विनाश ने भारत की इतिहासी महाराजाओं की जीवनी का वर्णन किया है।,बाल शर्मा ने अपने उपनीत 'विजय और विनाश' में भारत की इतिहासी महाराजाओं की जीवनी का वर्णन किया है।,2026-09-14 14:08:58
GK_HI_0545,Hindi,General Knowledge,"प्रसिद्ध पुस्तकें, रचयिता एवं साहित्य",Hard,कौन सा अंग्रेज़ी उपनीत बाल शर्मा ने लिखा जिसमें भारतीय विजय और आंतरिक राजनीति का वर्णन किया गया है?,विजय और विनाश,भारत और उपनीत,विजयी श्रमिक,मानवता की अस्तित्व की अभिप्रे ट,A,विजय और विनाश,विजय और विनाश ने भारतीय विजय और आंतरिक राजनीति का वर्णन किया है।,बाल शर्मा ने अपने उपनीत 'विजय और विनाश' में भारतीय विजय और आंतरिक राजनीति का वर्णन किया है।,2026-09-14 14:08:58
GK_HI_0546,Hindi,General Knowledge,"प्रसिद्ध पुस्तकें, रचयिता एवं साहित्य",Hard,कौन सा अंग्रेज़ी उपनीत बाल शर्मा ने लिखा जिसमें भारत की इतिहासी महाराजाओं की जीवनी का वर्णन किया गया है?,विजय और विनाश,भारत और उपनीत,विजयी श्रमिक,मानवता की अस्तित्व की अभिप्रे ट,A,विजय और विनाश,विजय और विनाश ने भारत की इतिहासी महाराजाओं की जीवनी का वर्णन किया है।,बाल शर्मा ने अपने उपनीत 'विजय और विनाश' में भारत की इतिहासी महाराजाओं की जीवनी का वर्णन किया है।,2026-09-14 14:08:58
GK_HI_0547,Hindi,General Knowledge,"प्रमुख राष्ट्रीय एवं अंतरराष्ट्रीय पुरस्कार (नोबेल, भारत रत्न, पद्म पुरस्कार)",Easy,पद्म रत्न पुरस्कार किसने दिया जाता है?,राष्ट्रपति,सरकार निगम नियमों द्वारा,सरकार की अन्तर्जाल नीति द्वारा,राष्ट्रीय संस्थान द्वारा,A,राष्ट्रपति,पद्म रत्न पुरस्कार राष्ट्रपति द्वारा दिया जाता है।,पद्म रत्न पुरस्कार भारत की सर्वोच्च विनामूल्य विनामूल्य पुरस्कार है जिसे राष्ट्रपति द्वारा दिया जाता है।,2026-09-14 14:09:49
GK_HI_0548,Hindi,General Knowledge,"प्रमुख राष्ट्रीय एवं अंतरराष्ट्रीय पुरस्कार (नोबेल, भारत रत्न, पद्म पुरस्कार)",Easy,नोबेल स्वास्थ्य विज्ञान और लार्डरिन पुरस्कार किसके नाम पर रखे गए हैं?,विलियम जॉनसन और जॉन लार्डरिन,जेम्स वाल्डरिन और सैमुअल लार्डरिन,नोबेल और लार्डरिन,फ्रेडरिक अस्टरिंड और लार्डरिन,C,नोबेल और लार्डरिन,पुरस्कार नाम पर रखे गए हैं जो नोबेल पुरस्कार की स्थापना करने वाले थे।,नोबेल पुरस्कार का स्थापना करने वाले व्यक्ति नोबेल और लार्डरिन थे। इन्हें पुरस्कार का नाम रखा गया है।,2026-09-14 14:09:49
GK_HI_0549,Hindi,General Knowledge,"प्रमुख राष्ट्रीय एवं अंतरराष्ट्रीय पुरस्कार (नोबेल, भारत रत्न, पद्म पुरस्कार)",Easy,भारत रत्न किसने दिया जाता है?,राष्ट्रपति,सरकार निगम नियमों द्वारा,सरकार की अन्तर्जाल नीति द्वारा,राष्ट्रीय संस्थान द्वारा,A,राष्ट्रपति,भारत रत्न राष्ट्रपति द्वारा दिया जाता है।,भारत रत्न भारत की सर्वोच्च राष्ट्रिय पुरस्कार है जिसे राष्ट्रपति द्वारा दिया जाता है।,2026-09-14 14:09:49
GK_HI_0550,Hindi,General Knowledge,"प्रमुख राष्ट्रीय एवं अंतरराष्ट्रीय पुरस्कार (नोबेल, भारत रत्न, पद्म पुरस्कार)",Easy,नोबेल फिजिक्स पुरस्कार किसके नाम पर रखा गया है?,चार्ल्स नोबेल,लार्डरिन,नोबेल,रिचर्ड फिलिस्ट,C,नोबेल,पुरस्कार नाम पर रखा गया है जो नोबेल पुरस्कार की स्थापना करने वाले थे।,नोबेल पुरस्कार का स्थापना करने वाले व्यक्ति नोबेल थे। इन्हें पुरस्कार का नाम रखा गया है।,2026-09-14 14:09:49
GK_HI_0551,Hindi,General Knowledge,"प्रमुख राष्ट्रीय एवं अंतरराष्ट्रीय पुरस्कार (नोबेल, भारत रत्न, पद्म पुरस्कार)",Easy,पद्म श्रेयांग पुरस्कार किसके लिए दिया जाता है?,भारतीय स्त्रियों के लिए,भारतीय विद्वानों के लिए,भारतीय शिक्षकों के लिए,भारतीय स्वास्थ्यकारियों के लिए,A,भारतीय स्त्रियों के लिए,पुरस्कार भारतीय स्त्रियों के लिए दिया जाता है।,पद्म श्रेयांग पुरस्कार भारतीय स्त्रियों के लिए दिया जाता है जो अपनी कार्यशीलता और कृत्रिम शक्ति के लिए जानी जाती हैं।,2026-09-14 14:09:49
GK_HI_0552,Hindi,General Knowledge,"प्रमुख राष्ट्रीय एवं अंतरराष्ट्रीय पुरस्कार (नोबेल, भारत रत्न, पद्म पुरस्कार)",Easy,नोबेल शिक्षा पुरस्कार किसके नाम पर रखा गया है?,रिचर्ड फिलिस्ट,नोबेल,चार्ल्स नोबेल,लार्डरिन,B,नोबेल,पुरस्कार नाम पर रखा गया है जो नोबेल पुरस्कार की स्थापना करने वाले थे।,नोबेल पुरस्कार का स्थापना करने वाले व्यक्ति नोबेल थे। इन्हें पुरस्कार का नाम रखा गया है।,2026-09-14 14:09:49
GK_HI_0553,Hindi,General Knowledge,"प्रमुख राष्ट्रीय एवं अंतरराष्ट्रीय पुरस्कार (नोबेल, भारत रत्न, पद्म पुरस्कार)",Easy,पद्म विद्यार्थी पुरस्कार किसके लिए दिया जाता है?,भारतीय विद्वानों के लिए,भारतीय शिक्षकों के लिए,भारतीय स्त्रियों के लिए,भारतीय विद्यार्थियों के लिए,D,भारतीय विद्यार्थियों के लिए,पुरस्कार भारतीय विद्यार्थियों के लिए दिया जाता है।,पद्म विद्यार्थी पुरस्कार भारतीय विद्यार्थियों के लिए दिया जाता है जो अपनी विद्यार्थिता और कृत्रिम शक्ति के लिए जानी जाते हैं।,2026-09-14 14:09:49
GK_HI_0554,Hindi,General Knowledge,"प्रमुख राष्ट्रीय एवं अंतरराष्ट्रीय पुरस्कार (नोबेल, भारत रत्न, पद्म पुरस्कार)",Easy,नोबेल जीवनी विज्ञान पुरस्कार किसके नाम पर रखा गया है?,रिचर्ड फिलिस्ट,चार्ल्स नोबेल,विलियम जॉनसन,नोबेल,D,नोबेल,पुरस्कार नाम पर रखा गया है जो नोबेल पुरस्कार की स्थापना करने वाले थे।,नोबेल पुरस्कार का स्थापना करने वाले व्यक्ति नोबेल थे। इन्हें पुरस्कार का नाम रखा गया है।,2026-09-14 14:09:49
GK_HI_0555,Hindi,General Knowledge,"प्रमुख राष्ट्रीय एवं अंतरराष्ट्रीय पुरस्कार (नोबेल, भारत रत्न, पद्म पुरस्कार)",Easy,पद्म अभिनेविका पुरस्कार किसके लिए दिया जाता है?,भारतीय अभिनेविकाओं के लिए,भारतीय विद्वानों के लिए,भारतीय शिक्षकों के लिए,भारतीय स्त्रियों के लिए,A,भारतीय अभिनेविकाओं के लिए,पुरस्कार भारतीय अभिनेविकाओं के लिए दिया जाता है।,पद्म अभिनेविका पुरस्कार भारतीय अभिनेविकाओं के लिए दिया जाता है जो अपनी कार्यशीलता और कृत्रिम शक्ति के लिए जानी जाती हैं।,2026-09-14 14:09:49
GK_HI_0556,Hindi,General Knowledge,"प्रमुख राष्ट्रीय एवं अंतरराष्ट्रीय पुरस्कार (नोबेल, भारत रत्न, पद्म पुरस्कार)",Easy,पद्म श्रम श्री पुरस्कार किसके लिए दिया जाता है?,भारतीय विद्वानों के लिए,भारतीय शिक्षकों के लिए,भारतीय श्रमिकों के लिए,भारतीय स्त्रियों के लिए,C,भारतीय श्रमिकों के लिए,पुरस्कार भारतीय श्रमिकों के लिए दिया जाता है।,पद्म श्रम श्री पुरस्कार भारतीय श्रमिकों के लिए दिया जाता है जो अपने श्रम और कृत्रिम शक्ति के लिए जाने जाते हैं।,2026-09-14 14:09:49
GK_HI_0557,Hindi,General Knowledge,"प्रमुख राष्ट्रीय एवं अंतरराष्ट्रीय पुरस्कार (नोबेल, भारत रत्न, पद्म पुरस्कार)",Easy,नोबेल शास्त्र पुरस्कार किसके नाम पर रखा गया है?,चार्ल्स नोबेल,लार्डरिन,रिचर्ड फिलिस्ट,नोबेल,D,नोबेल,पुरस्कार नाम पर रखा गया है जो नोबेल पुरस्कार की स्थापना करने वाले थे।,नोबेल पुरस्कार का स्थापना करने वाले व्यक्ति नोबेल थे। इन्हें पुरस्कार का नाम रखा गया है।,2026-09-14 14:09:49
GK_HI_0558,Hindi,General Knowledge,"खेल जगत, क्रिकेट, हॉकी एवं ओलंपिक खेल",Medium,हॉकी ओलंपिक खेल में अधिकतम कितने खिलाड़ी एक टीम की टीम में हो सकते हैं?,11,12,13,14,B,12,12 खिलाड़ी एक टीम की टीम में हो सकते हैं क्योंकि यह हॉकी की नियमों का अनुसरण करने की आवश्यकता है।,"हॉकी खेल की नियमों के अनुसार, प्रत्येक टीम की टीम में एकाधिक से 12 खिलाड़ी हो सकते हैं।",2026-09-14 14:10:44
GK_HI_0559,Hindi,General Knowledge,"खेल जगत, क्रिकेट, हॉकी एवं ओलंपिक खेल",Medium,किस वर्ष दक्षिण अफ्रिका ने हॉकी खेल में अपनी पहली राष्ट्रिय टीम की स्थापना की?,1950,1960,1970,1980,B,1960,1960 में दक्षिण अफ्रिका ने हॉकी खेल में अपनी पहली राष्ट्रिय टीम की स्थापना की क्योंकि यह नए खेल की शुरुआत का साकार है।,दक्षिण अफ्रिका ने 1960 में हॉकी खेल की राष्ट्रिय टीम की स्थापना की जो खेल के विकास की भावना दर्शाती है।,2026-09-14 14:10:44
GK_HI_0560,Hindi,General Knowledge,"खेल जगत, क्रिकेट, हॉकी एवं ओलंपिक खेल",Medium,किस देश ने तीन बार एक राउंड फाइनल में हॉकी ओलंपिक में खेला?,ब्राजील,इंडिया,कनाडा,नीदरलैंड,B,इंडिया,इंडिया ने तीन बार एक राउंड फाइनल में हॉकी ओलंपिक में खेला क्योंकि यह देश हॉकी में एक प्रतिष्ठा है।,"इंडिया हॉकी में एक प्रतिष्ठा है और उन्होंने ओलंपिक में कई बार खेला है, जिनमें तीन बार एक राउंड फाइनल भी शामिल हैं।",2026-09-14 14:10:44
GK_HI_0561,Hindi,General Knowledge,"खेल जगत, क्रिकेट, हॉकी एवं ओलंपिक खेल",Medium,किस देश ने 2012 लंदन ओलंपिक में हॉकी खेल में चौथी राष्ट्रिय टीम के रूप में खेला?,जर्मनी,स्पेन,इंडिया,नीदरलैंड,A,जर्मनी,जर्मनी ने 2012 लंदन ओलंपिक में हॉकी खेल में चौथी राष्ट्रिय टीम के रूप में खेला क्योंकि यह देश नए खेल की शुरुआत की है।,जर्मनी ने हॉकी खेल की नए रूपों में शामिल होने का लंबा रास्ता तय किया है और 2012 लंदन ओलंपिक में चौथी राष्ट्रिय टीम के रूप में खेला।,2026-09-14 14:10:44
GK_HI_0562,Hindi,General Knowledge,"खेल जगत, क्रिकेट, हॉकी एवं ओलंपिक खेल",Medium,किस देश ने 2020 टॉक्यू ओलंपिक में क्रिकेट खेल में अपनी पहली राष्ट्रिय टीम की स्थापना की?,जापान,कोरिया,विक्टरिया,जर्मनी,A,जापान,जापान ने 2020 टॉक्यू ओलंपिक में क्रिकेट खेल में अपनी पहली राष्ट्रिय टीम की स्थापना की क्योंकि यह नए खेल की शुरुआत का साकार है।,जापान ने 2020 टॉक्यू ओलंपिक में क्रिकेट खेल में अपनी पहली राष्ट्रिय टीम की स्थापना की जो खेल के विकास की भावना दर्शाती है।,2026-09-14 14:10:44
GK_HI_0563,Hindi,General Knowledge,"खेल जगत, क्रिकेट, हॉकी एवं ओलंपिक खेल",Medium,किस देश ने 2014 फीफा विश्व कप में चौथा राष्ट्रिय टीम के रूप में खेला?,ब्राजील,स्पेन,इंडिया,नीदरलैंड,D,नीदरलैंड,नीदरलैंड ने 2014 फीफा विश्व कप में चौथा राष्ट्रिय टीम के रूप में खेला क्योंकि यह देश हॉकी में एक प्रतिष्ठा है।,नीदरलैंड एक लंबे समय से हॉकी में प्रतिष्ठित देश है और उन्होंने 2014 फीफा विश्व कप में चौथा राष्ट्रिय टीम के रूप में खेला।,2026-09-14 14:10:44
GK_HI_0564,Hindi,General Knowledge,"खेल जगत, क्रिकेट, हॉकी एवं ओलंपिक खेल",Medium,किस देश ने 2016 रियो ओलंपिक में एक राउंड फाइनल में क्रिकेट खेल में खेला?,जर्मनी,स्पेन,इंडिया,ब्राजील,C,इंडिया,इंडिया ने 2016 रियो ओलंपिक में एक राउंड फाइनल में क्रिकेट खेल में खेला क्योंकि यह देश हॉकी में एक प्रतिष्ठा है।,इंडिया ने 2016 रियो ओलंपिक में एक राउंड फाइनल में क्रिकेट खेल में खेला जो खेल के विकास की भावना दर्शाता है।,2026-09-14 14:10:44
GK_HI_0565,Hindi,General Knowledge,"खेल जगत, क्रिकेट, हॉकी एवं ओलंपिक खेल",Medium,किस देश ने 2012 लंदन ओलंपिक में ओलंपिक खेल में अपनी पहली राष्ट्रिय टीम की स्थापना की?,ब्राजील,स्पेन,इंडिया,नीदरलैंड,D,नीदरलैंड,नीदरलैंड ने 2012 लंदन ओलंपिक में ओलंपिक खेल में अपनी पहली राष्ट्रिय टीम की स्थापना की क्योंकि यह नए खेल की शुरुआत का साकार है।,नीदरलैंड ने 2012 लंदन ओलंपिक में ओलंपिक खेल में अपनी पहली राष्ट्रिय टीम की स्थापना की जो खेल के विकास की भावना दर्शाती है।,2026-09-14 14:10:44
GK_HI_0566,Hindi,General Knowledge,"खेल जगत, क्रिकेट, हॉकी एवं ओलंपिक खेल",Medium,किस देश ने 2016 रियो ओलंपिक में हॉकी खेल में अपनी पहली राष्ट्रिय टीम की स्थापना की?,ब्राजील,स्पेन,इंडिया,नीदरलैंड,A,ब्राजील,ब्राजील ने 2016 रियो ओलंपिक में हॉकी खेल में अपनी पहली राष्ट्रिय टीम की स्थापना की क्योंकि यह नए खेल की शुरुआत का साकार है।,ब्राजील ने 2016 रियो ओलंपिक में हॉकी खेल में अपनी पहली राष्ट्रिय टीम की स्थापना की जो खेल के विकास की भावना दर्शाती है।,2026-09-14 14:10:44
GK_HI_0567,Hindi,General Knowledge,"खेल जगत, क्रिकेट, हॉकी एवं ओलंपिक खेल",Medium,किस देश ने 2020 टॉक्यू ओलंपिक में ओलंपिक खेल में अपनी पहली राष्ट्रिय टीम की स्थापना की?,ब्राजील,स्पेन,इंडिया,नीदरलैंड,C,इंडिया,इंडिया ने 2020 टॉक्यू ओलंपिक में ओलंपिक खेल में अपनी पहली राष्ट्रिय टीम की स्थापना की क्योंकि यह नए खेल की शुरुआत का साकार है।,इंडिया ने 2020 टॉक्यू ओलंपिक में ओलंपिक खेल में अपनी पहली राष्ट्रिय टीम की स्थापना की जो खेल के विकास की भावना दर्शाती है।,2026-09-14 14:10:44
GK_HI_0568,Hindi,General Knowledge,"खेल जगत, क्रिकेट, हॉकी एवं ओलंपिक खेल",Medium,किस देश ने 2014 फीफा विश्व कप में अपनी पहली राष्ट्रिय टीम की स्थापना की?,ब्राजील,स्पेन,इंडिया,नीदरलैंड,B,स्पेन,स्पेन ने 2014 फीफा विश्व कप में अपनी पहली राष्ट्रिय टीम की स्थापना की क्योंकि यह नए खेल की शुरुआत का साकार है।,स्पेन ने 2014 फीफा विश्व कप में अपनी पहली राष्ट्रिय टीम की स्थापना की जो खेल के विकास की भावना दर्शाती है।,2026-09-14 14:10:44
GK_HI_0569,Hindi,General Knowledge,"पर्यावरण, वन्यजीव अभयारण्य एवं राष्ट्रीय उद्यान",Medium,भारत के राष्ट्रीय उद्यान में किस प्रकार की वन्यजीव अधिक रिहाई लेते हैं?,"वन्यजीव जैसे भूरहित, बालचितरा और गुजरात","मौसमी जैसे दोहरी चमेली, सेलुलर और दीवारी","पशुभरता जैसे बांसुरी, बहारिया और चनिया","सर्वाधिक रिहाई लेने वाले जैसे बिल्ला, चालीसा और दादी",D,"सर्वाधिक रिहाई लेने वाले जैसे बिल्ला, चालीसा और दादी",इन जीवों को भारत के राष्ट्रीय उद्यानों में बहुत अधिक देखा जाता है और उन्हें राष्ट्रीय उद्यानों के अभीयमन में महत्वपूर्ण भूमिका निभाता है।,"बिल्ला, चालीसा और दादी भारत के राष्ट्रीय उद्यानों में अधिक रिहाई लेते हैं क्योंकि उनकी जीवनशैली और सामान्य वातावरण के साथ जोड़ी गई है।",2026-09-14 14:11:50
GK_HI_0570,Hindi,General Knowledge,"पर्यावरण, वन्यजीव अभयारण्य एवं राष्ट्रीय उद्यान",Medium,भारत के राष्ट्रीय उद्यानों में किस प्रकार की वन्यजीव अनिवार्य हैं?,"वन्यजीव जैसे गाय, भूरहित और चनिया","पशुभरता जैसे बांसुरी, बहारिया और चनिया","वन्यजीव जैसे जाती बच्चा, बालचितरा और गुजरात","सर्वाधिक रिहाई लेने वाले जैसे बिल्ला, चालीसा और दादी",C,"वन्यजीव जैसे जाती बच्चा, बालचितरा और गुजरात",इन जीवों को भारत के राष्ट्रीय उद्यानों में अनिवार्य माना जाता है और उनकी रिहाई अवश्यक है।,"जाती बच्चा, बालचितरा और गुजरात भारत के राष्ट्रीय उद्यानों में अनिवार्य हैं क्योंकि उन्हें राष्ट्रीय उद्यानों की रक्षा और रिहाई के लिए आवश्यक माना जाता है।",2026-09-14 14:11:50
GK_HI_0571,Hindi,General Knowledge,"पर्यावरण, वन्यजीव अभयारण्य एवं राष्ट्रीय उद्यान",Medium,वन्यजीव अभयारण्य में राष्ट्रीय उद्यान का मुख्य उद्देश्य क्या है?,वन्यजीवों की आयामिति को बढ़ावा देना,वन्यजीवों की रक्षा और रिहाई,वन्यजीवों की अपवादी शिकार द्वारा रिहाई और उपज,वन्यजीवों की अवस्था का अनुसंधान,B,वन्यजीवों की रक्षा और रिहाई,वन्यजीव अभयारण्य का मुख्य उद्देश्य वन्यजीवों की रक्षा और रिहाई है।,वन्यजीव अभयारण्य में राष्ट्रीय उद्यान बनाने से वन्यजीवों की रिहाई और उनकी संरक्षण की उपाय की गई।,2026-09-14 14:11:50
GK_HI_0572,Hindi,General Knowledge,"पर्यावरण, वन्यजीव अभयारण्य एवं राष्ट्रीय उद्यान",Medium,भारत के राष्ट्रीय उद्यानों का मुख्य उद्देश्य क्या है?,वन्यजीवों की आयामिति को बढ़ावा देना,वन्यजीवों की रक्षा और रिहाई,वन्यजीवों की अपवादी शिकार द्वारा रिहाई और उपज,वन्यजीवों की अवस्था का अनुसंधान,B,वन्यजीवों की रक्षा और रिहाई,राष्ट्रीय उद्यानों का मुख्य उद्देश्य वन्यजीवों की रक्षा और रिहाई है।,राष्ट्रीय उद्यानों का उद्देश्य वन्यजीवों की संरक्षण और उनकी अवस्था को बचाना है।,2026-09-14 14:11:50
GK_HI_0573,Hindi,General Knowledge,"पर्यावरण, वन्यजीव अभयारण्य एवं राष्ट्रीय उद्यान",Medium,भारत के राष्ट्रीय उद्यानों में किस प्रकार की वन्यजीव अधिक रिहाई लेते हैं?,"वन्यजीव जैसे गाय, भूरहित और चनिया","पशुभरता जैसे बांसुरी, बहारिया और चनिया","वन्यजीव जैसे जाती बच्चा, बालचितरा और गुजरात","सर्वाधिक रिहाई लेने वाले जैसे बिल्ला, चालीसा और दादी",C,"वन्यजीव जैसे जाती बच्चा, बालचितरा और गुजरात",इन जीवों को भारत के राष्ट्रीय उद्यानों में अधिक रिहाई लेने वाला माना जाता है।,"जाती बच्चा, बालचितरा और गुजरात भारत के राष्ट्रीय उद्यानों में अधिक रिहाई लेते हैं क्योंकि उन्हें राष्ट्रीय उद्यानों की रक्षा और रिहाई के लिए आवश्यक माना जाता है।",2026-09-14 14:11:50
GK_HI_0574,Hindi,General Knowledge,प्राचीन एवं मध्यकालीन भारतीय इतिहास,Easy,कौन सा संस्थान प्राचीन काल में भारत के राज्यों के लिए एक महत्वपूर्ण प्रवास स्रोत रहा था?,दिल्ली की माहल,कांडिया की चालीसा गली,सोमनाथ मंदिर,सिंहासन दरबार,B,कांडिया की चालीसा गली,कांडिया की चालीसा गली एक महत्वपूर्ण मार्ग था जो भारत की देशभोगी राजाओं के लिए श्रमिक और दूतों को ले जाता था।,कांडिया की चालीसा गली भारत के राज्यों को टेक्स्टिल और दूरदर्शी ट्रेड देने वाली एक अहम श्रमिक स्रोत रही थी।,2026-09-14 14:12:35
GK_HI_0575,Hindi,General Knowledge,प्राचीन एवं मध्यकालीन भारतीय इतिहास,Easy,कौन सा युग महाभारत का कथावाक्य लिखित किया गया था?,नायद्य युग,पुरावा युग,पाण्डव युग,कौरव युग,B,पुरावा युग,"पुरावा युग में महाभारत का लिखित रूप आया था, जब विशेष लेखक भगवान मांवलिका ने इसे लिखा था।",महाभारत का लिखित रूप पुरावा युग में हुआ था जब विशेष लेखक भगवान मांवलिका ने इसे लिखा था।,2026-09-14 14:12:35
GK_HI_0576,Hindi,General Knowledge,प्राचीन एवं मध्यकालीन भारतीय इतिहास,Easy,महाभारत का कितना अनुसंधान किया गया है?,केवल दक्षिण भारत में,केवल उत्तर भारत में,भारत के विभिन्न भागों में,विश्व भर में,D,विश्व भर में,महाभारत का अनुसंधान विश्व भर में किया जाता है जिसमें इतिहासकारों ने इसकी इतिहासिक और जनवरीय जानकारी खोजी है।,महाभारत का अनुसंधान विश्व भर में किया जाता है जिसमें इतिहासकारों ने इसकी इतिहासिक और जनवरीय जानकारी खोजी है।,2026-09-14 14:12:35
GK_HI_0577,Hindi,General Knowledge,प्राचीन एवं मध्यकालीन भारतीय इतिहास,Easy,किस राजा ने चालुक्य राजवंश का शासन किया?,विश्वनाथ,कौटिल्य,हरषवर्धन,विश्वार्थ,A,विश्वनाथ,चालुक्य राजवंश का शासन विश्वनाथ ने किया था जो उसके नाम के कारण विश्वनाथ राजा जाना जाता है।,विश्वनाथ ने चालुक्य राजवंश का शासन किया था जो उसके नाम के कारण विश्वनाथ राजा जाना जाता है।,2026-09-14 14:12:35
GK_HI_0578,Hindi,General Knowledge,प्राचीन एवं मध्यकालीन भारतीय इतिहास,Easy,किस राजा ने शिलालेखों में अपनी शासन की जानकारी दी?,द्राविड,विश्वनाथ,कौटिल्य,हरषवर्धन,D,हरषवर्धन,"हरषवर्धन ने अपनी शासन की जानकारी शिलालेखों में दी थी, जो वह लिखने वाले राजा जाने वाले हैं।","हरषवर्धन ने अपनी शासन की जानकारी शिलालेखों में दी थी, जो वह लिखने वाले राजा जाने वाले हैं।",2026-09-14 14:12:35
GK_HI_0579,Hindi,General Knowledge,प्राचीन एवं मध्यकालीन भारतीय इतिहास,Easy,कौन सा राजा द्वारा विश्व शिलालेख रिकॉर्ड्स लिखे गए थे?,कौटिल्य,हरषवर्धन,विश्वनाथ,विश्वार्थ,B,हरषवर्धन,हरषवर्धन ने विश्व शिलालेख रिकॉर्ड्स लिखे थे जो विश्व भर में पाए जाते हैं।,हरषवर्धन ने विश्व शिलालेख रिकॉर्ड्स लिखे थे जो विश्व भर में पाए जाते हैं।,2026-09-14 14:12:35
GK_HI_0580,Hindi,General Knowledge,प्राचीन एवं मध्यकालीन भारतीय इतिहास,Easy,किस शासक ने भारत की पहली संसद की स्थापना की?,राम,कौरव,विश्वनाथ,हरषवर्धन,D,हरषवर्धन,हरषवर्धन ने भारत की पहली संसद की स्थापना की जो उनके शासन काल की एक अहम अवधि थी।,हरषवर्धन ने भारत की पहली संसद की स्थापना की जो उनके शासन काल की एक अहम अवधि थी।,2026-09-14 14:12:35
GK_HI_0581,Hindi,General Knowledge,प्राचीन एवं मध्यकालीन भारतीय इतिहास,Easy,किस राजा ने भारतीय कला को एक नया रूप दिया?,शिव,कौटिल्य,हरषवर्धन,विश्वनाथ,C,हरषवर्धन,हरषवर्धन ने भारतीय कला को एक नया रूप दिया जो उनके शासन काल की एक अहम अवधि थी।,हरषवर्धन ने भारतीय कला को एक नया रूप दिया जो उनके शासन काल की एक अहम अवधि थी।,2026-09-14 14:12:35
GK_HI_0582,Hindi,General Knowledge,प्राचीन एवं मध्यकालीन भारतीय इतिहास,Easy,किस राजा ने विश्व शिलालेख रिकॉर्ड्स लिखे थे?,कौटिल्य,हरषवर्धन,विश्वनाथ,विश्वार्थ,B,हरषवर्धन,हरषवर्धन ने विश्व शिलालेख रिकॉर्ड्स लिखे थे जो विश्व भर में पाए जाते हैं।,हरषवर्धन ने विश्व शिलालेख रिकॉर्ड्स लिखे थे जो विश्व भर में पाए जाते हैं।,2026-09-14 14:12:35
GK_HI_0583,Hindi,General Knowledge,प्राचीन एवं मध्यकालीन भारतीय इतिहास,Easy,किस राजा ने भारत की एक अहम शिलालेख स्थापित किया?,कौटिल्य,हरषवर्धन,विश्वनाथ,विश्वार्थ,B,हरषवर्धन,हरषवर्धन ने भारत की एक अहम शिलालेख स्थापित किया जो उनके शासन काल की एक अहम अवधि थी।,हरषवर्धन ने भारत की एक अहम शिलालेख स्थापित किया जो उनके शासन काल की एक अहम अवधि थी।,2026-09-14 14:12:35
GK_HI_0584,Hindi,General Knowledge,आधुनिक भारत का इतिहास एवं स्वतंत्रता संग्राम,Medium,भारत की स्वतंत्रता संग्राम किस वर्ष शुरू हुए?,1920,1930,1940,1950,B,1930,1930 का महात्मा गांधी का अक्टूबर गांव यात्रा स्वतंत्रता संग्राम में एक महत्वपूर्ण घटना थी।,"1930 का अक्टूबर गांव यात्रा जो अमित विनीत विधान का प्रतिबिम्ब था, भारत के राजनीतिक विकास में एक नए युग का आरंभ होने का संकेत दिया।",2026-09-14 14:13:18
GK_HI_0585,Hindi,General Knowledge,आधुनिक भारत का इतिहास एवं स्वतंत्रता संग्राम,Medium,किस तारीख पर भारत ने अंग्रेजों से स्वतंत्रता ली?,15 जून 1946,15 जून 1947,15 जून 1948,15 जून 1949,B,15 जून 1947,15 जून 1947 की राजनीतिक घोषणा में भारत और पाकिस्तान की स्वतंत्रता घोषित की गई थी।,इंग्लैंड के प्रधानमंत्री लेविनसन ने इस तारीख पर भारत को स्वतंत्र घोषित किया।,2026-09-14 14:13:18
GK_HI_0586,Hindi,General Knowledge,आधुनिक भारत का इतिहास एवं स्वतंत्रता संग्राम,Medium,भारत की स्वतंत्रता की घोषणा किस दिन की थी?,15 जून 1946,15 जून 1947,15 जून 1948,15 जून 1949,B,15 जून 1947,15 जून 1947 की राजनीतिक घोषणा में भारत और पाकिस्तान की स्वतंत्रता घोषित की गई थी।,इंग्लैंड के प्रधानमंत्री लेविनसन ने इस तारीख पर भारत को स्वतंत्र घोषित किया।,2026-09-14 14:13:18
GK_HI_0587,Hindi,General Knowledge,आधुनिक भारत का इतिहास एवं स्वतंत्रता संग्राम,Medium,भारत की स्वतंत्रता संग्राम किस प्रकार का था?,शांत क्रांति,राजनीतिक क्रांति,विद्रोह,आंदोलन,D,आंदोलन,भारत की स्वतंत्रता के लिए विभिन्न आंदोलन और अभियान शामिल थे जिनमें महात्मा गांधी का युद्ध अवज्ञा था।,यह आंदोलन भारत की स्वतंत्रता की लंबी इतिहास का एक अंक था।,2026-09-14 14:13:18
GK_HI_0588,Hindi,General Knowledge,आधुनिक भारत का इतिहास एवं स्वतंत्रता संग्राम,Medium,भारत के पहले राष्ट्रपति कौन थे?,राजendra prasad,जवाहरलाल नेहरू,मुंबई,दिल्ली,A,राजendra prasad,राजendra prasad ने 1950 से 1962 तक भारत के पहले राष्ट्रपति के रूप में सेवा पाई।,राजendra prasad ने स्वतंत्रता के दौरान भी राष्ट्रीय आक्रामक अधिकार संस्थानों में काम किया था।,2026-09-14 14:13:18
GK_HI_0589,Hindi,General Knowledge,आधुनिक भारत का इतिहास एवं स्वतंत्रता संग्राम,Medium,स्वतंत्रता घोषणा किस वर्ष की थी?,1946,1947,1948,1949,B,1947,1947 की राजनीतिक घोषणा में भारत और पाकिस्तान की स्वतंत्रता घोषित की गई थी।,इंग्लैंड के प्रधानमंत्री लेविनसन ने इस वर्ष भारत को स्वतंत्र घोषित किया।,2026-09-14 14:13:18
GK_HI_0590,Hindi,General Knowledge,आधुनिक भारत का इतिहास एवं स्वतंत्रता संग्राम,Medium,भारत की स्वतंत्रता के लिए जवाहरलाल नेहरू ने किस भूमिका निभाई थी?,विद्रोह के नेता,संविधान द्वारा राष्ट्रपति,स्वतंत्रता घोषणा का शोधकर्ता,अतिथियों के साथ संवादार्थी,D,अतिथियों के साथ संवादार्थी,जवाहरलाल नेहरू ने स्वतंत्रता के लिए एक प्रमुख नेता थे और भारत और अन्य देशों के बीच संवाद और साझेदारी के लिए भी लगातार काम किया।,नेहरू ने अक्टूबर 1954 में इंग्लैंड और संयुक्त राज्य अमेरिका के राष्ट्रपति से संवाद किया।,2026-09-14 14:13:18
GK_HI_0591,Hindi,General Knowledge,आधुनिक भारत का इतिहास एवं स्वतंत्रता संग्राम,Medium,भारत की स्वतंत्रता संग्राम में किस दल का युद्ध अवज्ञा प्रचारना था?,भारतीय राजनीतिक दल,गांधी दल,भारतीय गुरुत्वाकर्षण दल,भारतीय राष्ट्रवादी दल,B,गांधी दल,महात्मा गांधी के दल ने युद्ध अवज्ञा की योजना का अग्रेसर बना था और इस क्रांति को विद्रोह के रूप में व्याख्या किया।,युद्ध अवज्ञा भारत की स्वतंत्रता के महत्वपूर्ण अनुभाग था जिसमें गांधी ने अंग्रेजों के वास्तुकला को निष्क्रियता के रूप में खेलने की आज्ञा दी।,2026-09-14 14:13:18
GK_HI_0592,Hindi,General Knowledge,आधुनिक भारत का इतिहास एवं स्वतंत्रता संग्राम,Medium,भारत की स्वतंत्रता संग्राम किस वर्ष की थी?,1931,1946,1947,1950,C,1947,1947 की राजनीतिक घोषणा में भारत और पाकिस्तान की स्वतंत्रता घोषित की गई थी।,इंग्लैंड के प्रधानमंत्री लेविनसन ने इस वर्ष भारत को स्वतंत्र घोषित किया।,2026-09-14 14:13:18
GK_HI_0593,Hindi,General Knowledge,आधुनिक भारत का इतिहास एवं स्वतंत्रता संग्राम,Medium,भारत की स्वतंत्रता के लिए किस युद्ध अवज्ञा प्रचारना था?,क्रांति के युद्ध अवज्ञा,स्वाधीनता के युद्ध अवज्ञा,विद्रोह के युद्ध अवज्ञा,महात्मा गांधी के युद्ध अवज्ञा,D,महात्मा गांधी के युद्ध अवज्ञा,महात्मा गांधी के युद्ध अवज्ञा ने भारत की स्वतंत्रता के लिए एक महत्वपूर्ण युद्ध अवज्ञा प्रचारना किया।,यह युद्ध अवज्ञा भारत की स्वतंत्रता के महत्वपूर्ण अनुभाग था जिसमें गांधी ने अंग्रेजों को खेलने की आज्ञा दी।,2026-09-14 14:13:18
GK_HI_0594,Hindi,General Knowledge,विश्व का इतिहास एवं प्रमुख क्रांतियाँ,Hard,गुलिबाला घटना किस युद्ध का प्रतिबिम्ब है?,दूसरी विश्वयुद्ध,पहली इंडियन युद्ध,पहली विश्वयुद्ध,ग्रीक-पर्शियाई युद्ध,C,पहली विश्वयुद्ध,गुलिबाला घटना जर्मनी की बुरी व्यवस्था और अधिकार का प्रतिबिम्ब है।,गुलिबाला में जर्मन लोग अपने नियंत्रकों और अधिकारियों को नष्ट करके अपनी स्वतन्त्रता की राह में चले गए। यह घटना पहली विश्वयुद्ध का एक महत्वपूर्ण प्रतिबिम्ब है।,2026-09-14 14:14:39
GK_HI_0595,Hindi,General Knowledge,विश्व का इतिहास एवं प्रमुख क्रांतियाँ,Hard,कौन-सा घटना इटली की यूरोपीय शक्तियों में पहली शक्ति बनने के माध्यम से निर्धारित किया गया?,कैपिटोलिन उत्साही घटनाओं,सेनानी युद्ध,कौलियो युद्ध,कैपिटोलिन युद्ध,A,कैपिटोलिन उत्साही घटनाओं,कैपिटोलिन उत्साही घटनाएँ इटली की स्वतन्त्रता और उसकी राजनीतिक विकास की एक महत्वपूर्ण घटना थी।,"कैपिटोलिन उत्साही घटनाएँ 1849 में इटली के लोगों द्वारा जर्मन अधिकारियों और फ्रांसीसी सेनाओं पर हमला करने से प्रतिबिंबित की गई थी, जिससे इटली की यूरोपीय शक्तियों में पहली शक्ति बनने का आशय रचा गया।",2026-09-14 14:14:39
GK_HI_0596,Hindi,General Knowledge,विश्व का इतिहास एवं प्रमुख क्रांतियाँ,Hard,कौन-सा घटना भारत की वास्तुकला में एक नई दृष्टिकोण लाया गया?,नैनी ताल की निर्माण संस्कृति,कैथेड्रल डिजाइन,राष्ट्रीय भवन डिजाइन,मिस्टरियल ब्रॉड्डी की निर्माण संस्कृति,A,नैनी ताल की निर्माण संस्कृति,"नैनी ताल की निर्माण संस्कृति भारत की वास्तुकला में एक नई दृष्टिकोण लाती है, जो वर्षा निरावश्यकता और भौगोलिक स्थिति से निर्धारित भवन निर्माण में उपयोग की गई है।",नैनी ताल की निर्माण संस्कृति भारत की वास्तुकला में एक महत्वपूर्ण आधार है जो वर्षा की निरावश्यकता से निर्धारित भवन निर्माण में उपयोग की गई है। यह दृष्टिकोण भारतीय वास्तुकला में एक नई दृष्टिकोण लाता है।,2026-09-14 14:14:39
GK_HI_0597,Hindi,General Knowledge,विश्व का इतिहास एवं प्रमुख क्रांतियाँ,Hard,कौन-सा घटना रोमन राज्य में शक्ति का वितरण मान्यता दे दिया था?,कैसरियम युद्ध,पोटिमान संविधान,रिक्स कांसेल गठबंधन,जेम्स गैलेसन अनुसन्धान,B,पोटिमान संविधान,पोटिमान संविधान रोमन राज्य की संवैधानिक संरचना और शक्ति के वितरण मान्यता दे दिया।,पोटिमान संविधान रोमन राज्य में संसद की शक्ति को मान्यता दे दी और लोक संसद और राजा या कैसर के बीच शक्ति का वितरण निर्धारित किया। यह रोमन राज्य की संवैधानिक संरचना का एक महत्वपूर्ण अंश है।,2026-09-14 14:14:39
GK_HI_0598,Hindi,General Knowledge,विश्व का इतिहास एवं प्रमुख क्रांतियाँ,Hard,कौन-सा घटना नासियों की जर्मन शक्ति का उनकी देशवादी दृष्टिकोण की बातचीत का प्रतिबिम्ब रहा?,डाउन टाउन युद्ध,डायर्स्टाइल युद्ध,डायर्स्टाइल टूरिस्ट युद्ध,डायर्स्टाइल डरवाल युद्ध,B,डायर्स्टाइल युद्ध,डायर्स्टाइल युद्ध नासियों की जर्मन शक्ति का उनकी देशवादी दृष्टिकोण की बातचीत का प्रतिबिम्ब रहा।,"डायर्स्टाइल युद्ध जर्मन देशवादी दृष्टिकोण और वास्तुकला के महत्वपूर्ण अंश था, जो नासियों की शक्ति को देशवादी और राष्ट्रवादी दृष्टिकोण से व्यक्त करने के लिए उपयोग किया गया था।",2026-09-14 14:14:39
GK_HI_0599,Hindi,General Knowledge,विश्व का इतिहास एवं प्रमुख क्रांतियाँ,Hard,कौन-सा घटना दूसरी विश्वयुद्ध की समाप्ति निर्धारित किया था?,कैरिबियन युद्ध,कैरेबियन युद्ध,कोयोटो संधि,कोयोटो घोषणा,C,कोयोटो संधि,कोयोटो संधि दूसरी विश्वयुद्ध की समाप्ति और जर्मन सरकार के अविराम विरोध के अंत को निर्धारित करने का एक महत्वपूर्ण घटना थी।,कोयोटो संधि जर्मन और इंग्लिश सरकारों के बीच दूसरी विश्वयुद्ध की समाप्ति और जर्मन सरकार के अविराम विरोध के अंत को निर्धारित करने का एक महत्वपूर्ण घटना थी। यह संधि दूसरी विश्वयुद्ध की समाप्ति को निर्धारित करने का प्रतिबिम्ब रही।,2026-09-14 14:14:39
GK_HI_0600,Hindi,General Knowledge,विश्व का इतिहास एवं प्रमुख क्रांतियाँ,Hard,कौन-सा घटना नेपाल की राजनीतिक रूपरेताओं की एक नई दृष्टिकोण लाती है?,नेपाली राजनीतिक उदय,नेपाली राजनीतिक उत्साह,नेपाली राजनीतिक विकास,नेपाली राजनीतिक गतिविधि,C,नेपाली राजनीतिक विकास,नेपाली राजनीतिक विकास नेपाल की राजनीतिक रूपरेताओं की एक नई दृष्टिकोण लाती है जो शासन और समाज की संरचना पर संवेदनशीलता का व्यक्त करती है।,नेपाली राजनीतिक विकास नेपाल की राजनीतिक रूपरेताओं की एक नई दृष्टिकोण लाती है जो शासन और समाज की संरचना पर संवेदनशीलता का व्यक्त करती है। यह दृष्टिकोण नेपाल की राजनीतिक रूपरेताओं की एक महत्वपूर्ण आधार है जो शासन और समाज की संरचना पर संवेदनशीलता का व्यक्त करती है।,2026-09-14 14:14:39
GK_HI_0601,Hindi,General Knowledge,विश्व का इतिहास एवं प्रमुख क्रांतियाँ,Hard,कौन-सा घटना बांग्लादेश की स्वतंत्रता युद्ध की एक महत्वपूर्ण भाग है?,बांग्लादेश की विदेश राजनीति,बांग्लादेश की राजनीतिक रूपरेताओं,बांग्लादेश की राजनीतिक विकास,बांग्लादेश की राजनीतिक वितरण,A,बांग्लादेश की विदेश राजनीति,बांग्लादेश की विदेश राजनीति बांग्लादेश की स्वतंत्रता युद्ध की एक महत्वपूर्ण भाग है जो बांग्लादेश की राजनीतिक रूपरेताओं की वितरण को निर्धारित करती है।,बांग्लादेश की विदेश राजनीति बांग्लादेश की स्वतंत्रता युद्ध की एक महत्वपूर्ण भाग है जो बांग्लादेश की राजनीतिक रूपरेताओं की वितरण को निर्धारित करती है। यह विदेश राजनीति बांग्लादेश की राजनीतिक रूपरेताओं की एक महत्वपूर्ण आधार है जो बांग्लादेश की स्वतंत्रता युद्ध की अन्य भागों को समावेश करती है।,2026-09-14 14:14:39
GK_HI_0602,Hindi,General Knowledge,विश्व का इतिहास एवं प्रमुख क्रांतियाँ,Hard,कौन-सा घटना ब्रिटिश राज्य की राजनीतिक रूपरेताओं की एक नई दृष्टिकोण लाती है?,ब्रिटिश राजनीतिक उदय,ब्रिटिश राजनीतिक उत्साह,ब्रिटिश राजनीतिक विकास,ब्रिटिश राजनीतिक वितरण,C,ब्रिटिश राजनीतिक विकास,ब्रिटिश राजनीतिक विकास ब्रिटिश राज्य की राजनीतिक रूपरेताओं की एक नई दृष्टिकोण लाती है जो शासन और समाज की संरचना पर संवेदनशीलता का व्यक्त करती है।,ब्रिटिश राजनीतिक विकास ब्रिटिश राज्य की राजनीतिक रूपरेताओं की एक नई दृष्टिकोण लाती है जो शासन और समाज की संरचना पर संवेदनशीलता का व्यक्त करती है। यह दृष्टिकोण ब्रिटिश राज्य की राजनीतिक रूपरेताओं की एक महत्वपूर्ण आधार है जो शासन और समाज की संरचना पर संवेदनशीलता का व्यक्त करती है।,2026-09-14 14:14:39
GK_HI_0603,Hindi,General Knowledge,विश्व का इतिहास एवं प्रमुख क्रांतियाँ,Hard,कौन-सा घटना रोमन साम्राज्य की एक महत्वपूर्ण भाग है?,रोमन राजनीतिक उदय,रोमन राजनीतिक उत्साह,रोमन राजनीतिक विकास,रोमन राजनीतिक वितरण,C,रोमन राजनीतिक विकास,रोमन राजनीतिक विकास रोमन साम्राज्य की एक महत्वपूर्ण भाग है जो शासन और समाज की संरचना पर संवेदनशीलता का व्यक्त करती है।,रोमन राजनीतिक विकास रोमन साम्राज्य की एक महत्वपूर्ण भाग है जो शासन और समाज की संरचना पर संवेदनशीलता का व्यक्त करती है। यह दृष्टिकोण रोमन साम्राज्य की राजनीतिक रूपरेताओं की एक महत्वपूर्ण आधार है जो शासन और समाज की संरचना पर संवेदनशीलता का व्यक्त करती है।,2026-09-14 14:14:39
GK_HI_0604,Hindi,General Knowledge,विश्व का इतिहास एवं प्रमुख क्रांतियाँ,Hard,कौन-सा घटना जापानी राज्य की राजनीतिक रूपरेताओं की एक नई दृष्टिकोण लाती है?,जापानी राजनीतिक उदय,जापानी राजनीतिक उत्साह,जापानी राजनीतिक विकास,जापानी राजनीतिक वितरण,C,जापानी राजनीतिक विकास,जापानी राजनीतिक विकास जापानी राज्य की राजनीतिक रूपरेताओं की एक नई दृष्टिकोण लाती है जो शासन और समाज की संरचना पर संवेदनशीलता का व्यक्त करती है।,जापानी राजनीतिक विकास जापानी राज्य की राजनीतिक रूपरेताओं की एक नई दृष्टिकोण लाती है जो शासन और समाज की संरचना पर संवेदनशीलता का व्यक्त करती है। यह दृष्टिकोण जापानी राज्य की राजनीतिक रूपरेताओं की एक महत्वपूर्ण आधार है जो शासन और समाज की संरचना पर संवेदनशीलता का व्यक्त करती है।,2026-09-14 14:14:39
GK_HI_0605,Hindi,General Knowledge,"भारत का भूगोल (नदियाँ, पर्वत, जलवायु, मिट्टियाँ)",Easy,गियांट स्टेप्स कहाँ स्थित हैं?,हिमालय,कार्नाटक,मध्य प्रदेश,कोलकाता,A,हिमालय,गियांट स्टेप्स हिमालय के पर्वतों के उत्तरी भाग में उपस्थित हैं।,हिमालय की उच्चतम पर्वत श्रृंखलाओं में गियांट स्टेप्स भी शामिल हैं जो उनकी उच्चता को दर्शाते हैं।,2026-09-14 14:15:18
GK_HI_0606,Hindi,General Knowledge,"भारत का भूगोल (नदियाँ, पर्वत, जलवायु, मिट्टियाँ)",Easy,नदी ज़िनदीर किस राज्य में स्थित है?,राजस्थान,महाराष्ट्र,कर्नाटक,गुजरात,A,राजस्थान,ज़िनदीर राजस्थान की एक महत्वपूर्ण नदी है।,ज़िनदीर राजस्थान के उत्तर-पश्चिमी भाग में बहती है और विजयवादा और शैदी जिलों में प्रसिद्ध है।,2026-09-14 14:15:18
GK_HI_0607,Hindi,General Knowledge,"भारत का भूगोल (नदियाँ, पर्वत, जलवायु, मिट्टियाँ)",Easy,भारत की जलवायु शुष्क क्षेत्रों में किस राज्य का नाम आता है?,महाराष्ट्र,राजस्थान,कर्नाटक,तमिलनाडु,B,राजस्थान,राजस्थान भारत के सबसे व्यापक शुष्क क्षेत्रों में से एक है।,राजस्थान की जलवायु अधिकांश भाग में सर्दियों में बर्फ की कमी और गर्मियों में गर्मतर वातावरण से लेकर जलवायु बदलाव की व्याख्या करती है।,2026-09-14 14:15:18
GK_HI_0608,Hindi,General Knowledge,"भारत का भूगोल (नदियाँ, पर्वत, जलवायु, मिट्टियाँ)",Easy,मुंबई की जलवायु किस प्रकार की है?,शुष्क क्षेत्रीय,सावसाती,महासागरीय वर्षा वायु,तापमानीय,C,महासागरीय वर्षा वायु,मुंबई की जलवायु महासागरीय वर्षा वायु की तरह है जो वर्षावाही और गर्म वातावरण के साथ विशिष्ट है।,मुंबई का वर्षा वायु प्रभाव बेरीजिया और योनिता आदि महासागरों से आता है जिससे वर्षा और गर्म वातावरण उत्पन्न होता है।,2026-09-14 14:15:18
GK_HI_0609,Hindi,General Knowledge,"भारत का भूगोल (नदियाँ, पर्वत, जलवायु, मिट्टियाँ)",Easy,मुंबई रियासत का भूगोल किस प्रकार का है?,महासागरीय,मैदानी,पर्बतीय,उपसागरीय,D,उपसागरीय,मुंबई रियासत उपसागरीय भूगोल का एक उदाहरण है।,मुंबई रियासत महासागर के अतल समुद्र पर स्थित है जिससे उपसागरीय भूगोल की सुरक्षा और वातावरण प्रभाव होते हैं।,2026-09-14 14:15:18
GK_HI_0610,Hindi,General Knowledge,"भारत का भूगोल (नदियाँ, पर्वत, जलवायु, मिट्टियाँ)",Easy,किस राज्य की जलवायु दुबई से बहुत अलग है?,कर्नाटक,महाराष्ट्र,राजस्थान,केरल,C,राजस्थान,राजस्थान की जलवायु दुबई से बहुत अलग है।,राजस्थान की जलवायु दुबई से बहुत गर्म और शुष्क है जिसमें वर्षा का साबित होना बहुत कम होता है।,2026-09-14 14:15:18
GK_HI_0611,Hindi,General Knowledge,"भारत का भूगोल (नदियाँ, पर्वत, जलवायु, मिट्टियाँ)",Easy,भारत की सबसे लंबी नदी कौन सी है?,यमuna,गंगा,निलामेश्वरी,कोयम्पुर,B,गंगा,गंगा भारत की सबसे लंबी और महत्वपूर्ण नदी है।,गंगा भारत के उत्तरी भाग का महत्वपूर्ण भाग खोलती है और राज्यों को जुड़ा रही है।,2026-09-14 14:15:18
GK_HI_0612,Hindi,General Knowledge,"भारत का भूगोल (नदियाँ, पर्वत, जलवायु, मिट्टियाँ)",Easy,कौन-सा राज्य भारत की सबसे ऊँची जिल्ला श्रृंखला का अधिकारी है?,कर्नाटक,कोलकाता,हिमाचल प्रदेश,महाराष्ट्र,C,हिमाचल प्रदेश,हिमाचल प्रदेश भारत की सबसे ऊँची जिल्ला श्रृंखला का अधिकारी है।,हिमाचल प्रदेश की उच्चतम जिल्ला श्रृंखला गियांट स्टेप्स जैसी उच्च श्रृंखलाओं का अधिकारी है।,2026-09-14 14:15:18
GK_HI_0613,Hindi,General Knowledge,"भारत का भूगोल (नदियाँ, पर्वत, जलवायु, मिट्टियाँ)",Easy,किस राज्य की जलवायु गर्मियों में बहुत गर्म है?,महाराष्ट्र,कर्नाटक,राजस्थान,तमिलनाडु,C,राजस्थान,राजस्थान की जलवायु गर्मियों में बहुत गर्म है।,राजस्थान की गर्मियां बहुत गर्म होती हैं जिनमें तापमान लगभग 45 डिग्री से अधिक तक जा सकता है।,2026-09-14 14:15:18
GK_HI_0614,Hindi,General Knowledge,"भारत का भूगोल (नदियाँ, पर्वत, जलवायु, मिट्टियाँ)",Easy,किस राज्य की मिट्टी लाल मिट्टी का अधिकारी है?,गुजरात,हरियाणा,राजस्थान,मध्य प्रदेश,C,राजस्थान,राजस्थान लाल मिट्टी का अधिकारी है।,राजस्थान में लाल मिट्टी का उपयोग बहुत अधिक होता है जिसे राजस्थान के लाल मिट्टी का राज्य कहा जाता है।,2026-09-14 14:15:18
GK_HI_0615,Hindi,General Knowledge,"विश्व का भूगोल, महाद्वीप एवं महासागर",Medium,हिंदी भाषा का विकसित हुआ किस भाग के उपराष्ट्रों में?,पंजाब,मद्रास,उत्तर प्रदेश,राजस्थान,A,पंजाब,पंजाब राज्य में हिंदी भाषा का विकास और व्यापारिक उपयोग देखा जाता है।,पंजाब राज्य में हिंदी भाषा का उपयोग सबसे अधिक देखा जाता है और इसका विकास यहाँ से शुरू हुआ था।,2026-09-14 14:15:57
GK_HI_0616,Hindi,General Knowledge,"विश्व का भूगोल, महाद्वीप एवं महासागर",Medium,किस महाद्वीप पर भारत बसा हुआ है?,कैनाडा,इंडोरस,विल्सन डाउन,सामरिक डाउन,B,इंडोरस,भारत इंडोरस महाद्वीप पर बसा हुआ है।,भारत इंडोरस महाद्वीप का एक भाग है जो पूर्व और पश्चिम अन्तरराष्ट्रीय द्वीपसमूह का भी एक हिस्सा है।,2026-09-14 14:15:57
GK_HI_0617,Hindi,General Knowledge,"विश्व का भूगोल, महाद्वीप एवं महासागर",Medium,किस महासागर का भारत दक्षिण भाग से लगातार है?,तांगानिका महासागर,प्रशांत महासागर,करावा महासागर,भावना महासागर,A,तांगानिका महासागर,तांगानिका महासागर भारत के दक्षिणी भाग से लगातार है।,तांगानिका महासागर भारत के दक्षिणी भाग से लगातार है और इसके कई राज्यों के किनारे पर स्थित हैं।,2026-09-14 14:15:57
GK_HI_0618,Hindi,General Knowledge,"विश्व का भूगोल, महाद्वीप एवं महासागर",Medium,किस महाद्वीप पर भारत का अधिकांश भाग बसा हुआ है?,कैनाडा,इंडोरस,विल्सन डाउन,सामरिक डाउन,B,इंडोरस,भारत इंडोरस महाद्वीप पर बसा हुआ है।,भारत इंडोरस महाद्वीप पर बसा हुआ है जो भारत का अधिकांश भाग को शामिल करता है।,2026-09-14 14:15:57
GK_HI_0619,Hindi,General Knowledge,"विश्व का भूगोल, महाद्वीप एवं महासागर",Medium,किस महासागर में भारत के कई द्वीप पाए जाते हैं?,तांगानिका महासागर,ताजिक टालियार,प्रशांत महासागर,काले महासागर,C,प्रशांत महासागर,भारत के कई द्वीप प्रशांत महासागर में पाए जाते हैं।,प्रशांत महासागर में भारत के कई द्वीप शामिल हैं जिनमें से कई द्वीप भारत की अविभाज्य हिस्सेदारी में आते हैं।,2026-09-14 14:15:57
GK_HI_0620,Hindi,General Knowledge,"विश्व का भूगोल, महाद्वीप एवं महासागर",Medium,किस महाद्वीप पर भारत का दक्षिणी भाग स्थित है?,कैनाडा,इंडोरस,विल्सन डाउन,सामरिक डाउन,B,इंडोरस,भारत का दक्षिणी भाग इंडोरस महाद्वीप पर स्थित है।,इंडोरस महाद्वीप भारत के दक्षिणी भाग को शामिल करता है जो भारत के कई द्वीपों का अधिकांश हिस्सा भी शामिल करता है।,2026-09-14 14:15:57
GK_HI_0621,Hindi,General Knowledge,"विश्व का भूगोल, महाद्वीप एवं महासागर",Medium,किस महासागर का भारत का दक्षिणी भाग से लगातार है?,तांगानिका महासागर,ताजिक टालियार,प्रशांत महासागर,काले महासागर,A,तांगानिका महासागर,भारत का दक्षिणी भाग तांगानिका महासागर से लगातार है।,तांगानिका महासागर भारत का दक्षिणी भाग से लगातार और इसके कई राज्यों के किनारे पर स्थित है।,2026-09-14 14:15:57
GK_HI_0622,Hindi,General Knowledge,"विश्व का भूगोल, महाद्वीप एवं महासागर",Medium,किस महाद्वीप पर भारत का भाग बसा हुआ है?,कैनाडा,इंडोरस,विल्सन डाउन,सामरिक डाउन,B,इंडोरस,भारत इंडोरस महाद्वीप पर बसा हुआ है।,भारत इंडोरस महाद्वीप पर बसा हुआ है जो भारत का अधिकांश भाग को शामिल करता है।,2026-09-14 14:15:57
GK_HI_0623,Hindi,General Knowledge,"विश्व का भूगोल, महाद्वीप एवं महासागर",Medium,भारत के किस राज्य का उत्तरी भाग सिक्किम से लगातार है?,महाराष्ट्र,पंजाब,हरियाणा,हिमाचल प्रदेश,D,हिमाचल प्रदेश,हिमाचल प्रदेश का उत्तरी भाग सिक्किम से लगातार है।,हिमाचल प्रदेश का उत्तरी भाग सिक्किम से लगातार है जो उसके उत्तरी अंग को शामिल करता है।,2026-09-14 14:15:57
GK_HI_0624,Hindi,General Knowledge,"भारतीय संविधान, मौलिक अधिकार एवं राजव्यवस्था",Hard,"भारत संविधान के अनुसार, किस अधिकार को गरीबी से जुड़ा रखा गया है?",पर्यावरण रक्षण का अधिकार,स्वतंत्रता का अधिकार,स्वतंत्र व्यवसाय का अधिकार,दुर्गरीबित निवासी का अधिकार,D,दुर्गरीबित निवासी का अधिकार,यह अधिकार गरीब लोगों के लिए निरन्तर निवास स्थान प्रदान करने का अधिकार दिया गया है।,"भारत संविधान के अनुसार, दुर्गरीबित निवासी को अपने निवास स्थान पर रहने का अधिकार रहा है जिससे उनकी राष्ट्रियता और भावना सुरक्षित रहती है।",2026-09-14 14:17:06
GK_HI_0625,Hindi,General Knowledge,"भारतीय संविधान, मौलिक अधिकार एवं राजव्यवस्था",Hard,भारत संविधान में किस अधिकार को विशेष रूप से गरीब और नागरिकता की अस्थिरता के लिए देखा गया है?,स्वतंत्रता का अधिकार,स्वतंत्र व्यवसाय का अधिकार,स्वास्थ्य और मरीज़ की रक्षा का अधिकार,दुर्गरीबित निवासी का अधिकार,D,दुर्गरीबित निवासी का अधिकार,इस अधिकार ने गरीब और नागरिकता की अस्थिरता को सुरक्षित करने का उद्देश्य रखा है।,दुर्गरीबित निवासी का अधिकार गरीब लोगों को अपने निवास स्थान पर रहने का अधिकार देता है जिससे उनकी नागरिकता की अस्थिरता रोकी जा सके।,2026-09-14 14:17:06
GK_HI_0626,Hindi,General Knowledge,"भारतीय संविधान, मौलिक अधिकार एवं राजव्यवस्था",Hard,भारतीय संविधान में राज्य की अधिकारी सेवा अधिकार का अर्थ क्या है?,सरकार के अधीन रहने का अधिकार,राज्य की अधिकारी सेवा में रहने का अधिकार,राज्य की अधिकारी सेवा में रहने का विनियमन,राज्य की अधिकारी सेवा में रहने का नियमन,B,राज्य की अधिकारी सेवा में रहने का अधिकार,यह अधिकार राज्य की अधिकारी सेवा में रहने के अधिकार और नियमन को दर्शाता है।,राज्य की अधिकारी सेवा अधिकार राज्य की सेवा में रहने और काम करने का अधिकार दिया गया है जो व्यवस्थापन और नियमन से संबंधित है।,2026-09-14 14:17:06
GK_HI_0627,Hindi,General Knowledge,"भारतीय संविधान, मौलिक अधिकार एवं राजव्यवस्था",Hard,भारत संविधान में राज्य और गणराज्य के बीच किस प्रकार की संबंधितता दर्शाई गई है?,मुक्त और आसुत रूप से संबंधित,समान स्तर पर संबंधित,संबंधित बहुत अस्तित्व में,पूरी तरह से असंबद्ध,B,समान स्तर पर संबंधित,यह अर्थ राज्य और गणराज्य के बीच एक समान स्तर पर संबंधितता दर्शाता है।,"भारत संविधान के अनुसार, राज्य और गणराज्य के बीच संबंधितता एक समान स्तर पर है जिससे उनकी अधिकारिता और जिम्मेदारी एकसाथ काम करती हैं।",2026-09-14 14:17:06
GK_HI_0628,Hindi,General Knowledge,"भारतीय संविधान, मौलिक अधिकार एवं राजव्यवस्था",Hard,भारतीय संविधान में राज्य की अधिकारी सेवा नियमन का अर्थ क्या है?,राज्य की सेवा में अधिकार नियमित करना,राज्य की सेवा में कानूनानुसार नियमन करना,राज्य की सेवा में स्वतंत्रता नियमित करना,राज्य की सेवा में अधिकार नियमित करना और नियमन करना,D,राज्य की सेवा में अधिकार नियमित करना और नियमन करना,यह अर्थ राज्य की सेवा में अधिकार और नियमन को नियमित करने का अधिकार दर्शाता है।,राज्य की अधिकारी सेवा नियमन राज्य की सेवा में अधिकार और नियमन को नियमित करने का अधिकार दर्शाता है जो सरकार की नियमित कार्यवाहित्य को सुनियमित करता है।,2026-09-14 14:17:06
GK_HI_0629,Hindi,General Knowledge,"भारतीय संविधान, मौलिक अधिकार एवं राजव्यवस्था",Hard,भारतीय संविधान में गरीबी से जुड़ा रहने वाले अधिकारों का अर्थ क्या है?,गरीब लोगों की निराशात्मकता को रोकना,गरीब लोगों की स्थिति को सुधारना,गरीब लोगों को अधिकार और स्वतंत्रता देना,गरीब लोगों की शिक्षा और ज्ञान बढ़ावा देना,C,गरीब लोगों को अधिकार और स्वतंत्रता देना,यह अर्थ गरीब लोगों को अधिकार और स्वतंत्रता देने का उद्देश्य दर्शाता है।,गरीबी से जुड़े अधिकार गरीब लोगों को अधिकार और स्वतंत्रता देने का उद्देश्य रखते हैं जो उनके जीवन और स्थिति को सुधारने में मदद करते हैं।,2026-09-14 14:17:06
GK_HI_0630,Hindi,General Knowledge,"भारतीय संविधान, मौलिक अधिकार एवं राजव्यवस्था",Hard,भारतीय संविधान में राज्य की अधिकारी सेवा का अर्थ क्या है?,राज्य की सेवा में अधिकार और नियमन,राज्य की सेवा में अधिकार,राज्य की सेवा में नियमन,राज्य की सेवा में कानूनानुसार नियमन,A,राज्य की सेवा में अधिकार और नियमन,यह अर्थ राज्य की सेवा में अधिकार और नियमन को दर्शाता है।,राज्य की अधिकारी सेवा राज्य की सेवा में अधिकार और नियमन को दर्शाता है जो सरकार के कानूनों और नीतियों के अनुसार काम करने का अधिकार दिया गया है।,2026-09-14 14:17:06
GK_HI_0631,Hindi,General Knowledge,"भारतीय संविधान, मौलिक अधिकार एवं राजव्यवस्था",Hard,भारतीय संविधान में गरीबी दर्शाता हुई अधिकार का अर्थ क्या है?,गरीब लोगों की शिक्षा और ज्ञान बढ़ावा देना,गरीब लोगों की स्थिति को सुधारना,गरीब लोगों को अधिकार और स्वतंत्रता देना,गरीब लोगों की निराशात्मकता को रोकना,C,गरीब लोगों को अधिकार और स्वतंत्रता देना,यह अर्थ गरीब लोगों को अधिकार और स्वतंत्रता देने का उद्देश्य दर्शाता है।,गरीबी दर्शाता हुई अधिकार गरीब लोगों को अधिकार और स्वतंत्रता देने का उद्देश्य रखता है जो उनके जीवन और स्थिति को सुधारने में मदद करता है।,2026-09-14 14:17:06
GK_HI_0632,Hindi,General Knowledge,"भारतीय संविधान, मौलिक अधिकार एवं राजव्यवस्था",Hard,भारतीय संविधान में राज्य और गणराज्य के बीच किस प्रकार की संबंधितता दर्शाई गई है?,पूरी तरह से असंबद्ध,संबंधित बहुत अस्तित्व में,समान स्तर पर संबंधित,समान स्तर पर संबंधित बहुत अस्तित्व में,C,समान स्तर पर संबंधित,यह अर्थ राज्य और गणराज्य के बीच एक समान स्तर पर संबंधितता दर्शाता है।,"भारतीय संविधान के अनुसार, राज्य और गणराज्य के बीच संबंधितता एक समान स्तर पर है जिससे उनकी अधिकारिता और जिम्मेदारी एकसाथ काम करती हैं।",2026-09-14 14:17:06
GK_HI_0633,Hindi,General Knowledge,"भारतीय संविधान, मौलिक अधिकार एवं राजव्यवस्था",Hard,भारतीय संविधान में गरीबी से जुड़े अधिकारों का अर्थ क्या है?,गरीब लोगों की शिक्षा और ज्ञान बढ़ावा देना,गरीब लोगों की निराशात्मकता को रोकना,गरीब लोगों की स्थिति को सुधारना,गरीब लोगों को अधिकार और स्वतंत्रता देना,D,गरीब लोगों को अधिकार और स्वतंत्रता देना,यह अर्थ गरीब लोगों को अधिकार और स्वतंत्रता देने का उद्देश्य दर्शाता है।,गरीबी से जुड़े अधिकार गरीब लोगों को अधिकार और स्वतंत्रता देने का उद्देश्य रखते हैं जो उनके जीवन और स्थिति को सुधारने में मदद करते हैं।,2026-09-14 14:17:06
GK_HI_0634,Hindi,General Knowledge,"भारतीय अर्थव्यवस्था, बैंकिंग, बजट एवं योजनाएं",Easy,बैंक ब्याज की दर किस से निर्धारित की जाती है?,राज्य सरकार,बैंक अधिकारी,राष्ट्रीय बैंक,मूल बचत राशि,C,राष्ट्रीय बैंक,राष्ट्रीय बैंक ने निर्धारित बैंक ब्याज दर का अर्थ है क्योंकि यह राष्ट्रीय बैंक ने निर्धारित की है।,राष्ट्रीय बैंक ने देश के सभी बैंकों की ब्याज दरों पर नियंत्रण रखता है और इस निर्धारण का अर्थ है कि यह बैंक ब्याज दर को निर्धारित करता है।,2026-09-14 14:18:08
GK_HI_0635,Hindi,General Knowledge,"भारतीय अर्थव्यवस्था, बैंकिंग, बजट एवं योजनाएं",Easy,भारतीय निगम निर्माण निकाय का अर्थ क्या है?,राज्य सरकार का एक विभाग,स्थानीय सरकार का एक विभाग,राष्ट्रीय बैंक,संयुक्त राज्य अमेरिका का एक निगम,A,राज्य सरकार का एक विभाग,राज्य सरकार का एक विभाग है जो राष्ट्रीय निगमों को नियंत्रित करता है और उनकी कार्यक्रम संचालित करता है।,राज्य सरकार के एक विभाग भारतीय निगम निर्माण निकाय का हिस्सा है जो राष्ट्रीय निगमों को नियंत्रित करता है और उनकी कार्यक्रम संचालित करता है।,2026-09-14 14:18:08
GK_HI_0636,Hindi,General Knowledge,"भारतीय अर्थव्यवस्था, बैंकिंग, बजट एवं योजनाएं",Easy,"संयुक्त राज्य अमेरिका का एक विभाग जो भारतीय अर्थव्यवस्था के साथ संबंध रखता है, कौन है?",द फ्रेडरिक रिसर्च इंस्टीट्यूट,संयुक्त राज्य अमेरिका के रिसर्च इंस्टीट्यूट,संयुक्त राज्य अमेरिका की कंपनी,द फ्रेडरिक रिसर्च इंस्टीट्यूट,D,द फ्रेडरिक रिसर्च इंस्टीट्यूट,द फ्रेडरिक रिसर्च इंस्टीट्यूट एक संयुक्त राज्य अमेरिका का विभाग है जो भारतीय अर्थव्यवस्था के साथ संबंध रखता है।,द फ्रेडरिक रिसर्च इंस्टीट्यूट एक संयुक्त राज्य अमेरिका का विभाग है जो भारतीय अर्थव्यवस्था के अनुसार अध्ययन करता है और इसके साथ संबंध रखता है।,2026-09-14 14:18:08
GK_HI_0637,Hindi,General Knowledge,"भारतीय अर्थव्यवस्था, बैंकिंग, बजट एवं योजनाएं",Easy,संयुक्त राज्य अमेरिका की जी एस ए योजनाएं क्या हैं?,बैंकिंग योजनाएं,सामान्य योजनाएं,रिसर्च योजनाएं,स्थानीय योजनाएं,C,रिसर्च योजनाएं,जी एस ए योजनाएं संयुक्त राज्य अमेरिका की एक रिसर्च योजना है।,जी एस ए योजनाएं एक रिसर्च योजना है जो संयुक्त राज्य अमेरिका के लिए अध्ययन और ज्ञान बढ़ाने के लिए बनाई गई हैं।,2026-09-14 14:18:08
GK_HI_0638,Hindi,General Knowledge,"भारतीय अर्थव्यवस्था, बैंकिंग, बजट एवं योजनाएं",Easy,भारतीय अर्थव्यवस्था में गरीबी का किसी भी अधिकार का अर्थ है?,राज्य सरकार द्वारा गरीबों की सहायता देना,राष्ट्रीय बैंक द्वारा गरीबों के लिए बैंक खोलना,राज्य सरकार द्वारा गरीबों के लिए आर्थिक दर्जाओं की देना,राष्ट्रीय बैंक द्वारा गरीबों के लिए बैंकिंग सेवाएं प्रदान करना,A,राज्य सरकार द्वारा गरीबों की सहायता देना,राज्य सरकार द्वारा गरीबों की सहायता देना अर्थ है क्योंकि यह गरीबों को सहायता देने का एक अधिकार है।,राज्य सरकार द्वारा गरीबों की सहायता देना एक गरीबी से जुड़ा अधिकार है जो बताता है कि राज्य सरकार गरीबों को सहायता देने का अधिकार रखती है।,2026-09-14 14:18:08
GK_HI_0639,Hindi,General Knowledge,"भारतीय अर्थव्यवस्था, बैंकिंग, बजट एवं योजनाएं",Easy,निगम निर्माण निकाय का किस अधिकार है?,निगम निर्माण निकाय को निगमों को नियंत्रित करना,निगम निर्माण निकाय को निगमों को सहायता देना,निगम निर्माण निकाय को निगमों के लिए अनुप्रयोग निर्धारित करना,निगम निर्माण निकाय को निगमों के लिए सहायता देना,A,निगम निर्माण निकाय को निगमों को नियंत्रित करना,निगम निर्माण निकाय का नियंत्रण अधिकार है क्योंकि यह निगमों को नियंत्रित करने का अधिकार है।,निगम निर्माण निकाय का नियंत्रण अधिकार है जो निगमों को नियंत्रित करने का अधिकार रखता है और निगमों को सही तरीके से कार्य करने की सुरक्षा की तरफ से नियंत्रित करने का अधिकार रखता है।,2026-09-14 14:18:08
GK_HI_0640,Hindi,General Knowledge,"भारतीय अर्थव्यवस्था, बैंकिंग, बजट एवं योजनाएं",Easy,मूल्य बैंकिंग में निवेशक को क्या देता है?,सावधानीपूर्वक राशि खर्च करने की अनुमति,सावधानीपूर्वक राशि खर्च करने की अनुमति और रिस्क संबंधी जानकारी,बैंक ब्याज दर,राशि खर्च करने की अनुमति,B,सावधानीपूर्वक राशि खर्च करने की अनुमति और रिस्क संबंधी जानकारी,मूल्य बैंकिंग निवेशक को सावधानीपूर्वक राशि खर्च करने की अनुमति और रिस्क संबंधी जानकारी देता है।,मूल्य बैंकिंग निवेशक को सावधानीपूर्वक राशि खर्च करने की अनुमति और रिस्क संबंधी जानकारी देता है जो निवेशक को अपनी राशि के सही उपयोग के लिए मदद करता है।,2026-09-14 14:18:08
GK_HI_0641,Hindi,General Knowledge,"भारतीय अर्थव्यवस्था, बैंकिंग, बजट एवं योजनाएं",Easy,मूल्य बैंकिंग निवेशक को किस प्रकार की सुरक्षा देता है?,कैश बैंकिंग,बैंकिंग विवरण,मूल्य बैंकिंग,रिस्क विवरण,C,मूल्य बैंकिंग,मूल्य बैंकिंग निवेशक को मूल्य बैंकिंग सुरक्षा देता है।,मूल्य बैंकिंग निवेशक को सुरक्षा देता है जो निवेशक के राशि को खतरे से बचाने के लिए नियंत्रित करता है।,2026-09-14 14:18:08
GK_HI_0642,Hindi,General Knowledge,"भारतीय अर्थव्यवस्था, बैंकिंग, बजट एवं योजनाएं",Easy,किस राज्य सरकार द्वारा गरीबों की सहायता दी जाती है?,राज्य सरकार द्वारा गरीबों की सहायता दी जाती है।,राष्ट्रीय बैंक द्वारा गरीबों की सहायता दी जाती है।,राष्ट्रीय बैंक द्वारा गरीबों के लिए बैंक खोल दिया जाता है।,राज्य सरकार द्वारा गरीबों के लिए बैंक खोल दिया जाता है।,A,राज्य सरकार द्वारा गरीबों की सहायता दी जाती है।,राज्य सरकार द्वारा गरीबों की सहायता दी जाती है।,राज्य सरकार द्वारा गरीबों की सहायता दी जाती है जो गरीबों को सहायता देने का एक अधिकार है।,2026-09-14 14:18:08
GK_HI_0643,Hindi,General Knowledge,"भारतीय अर्थव्यवस्था, बैंकिंग, बजट एवं योजनाएं",Easy,किसका अधिकार है गरीबों की सहायता देना?,राष्ट्रीय बैंक,राज्य सरकार,निगम निर्माण निकाय,बैंकिंग योजनाएं,B,राज्य सरकार,राज्य सरकार द्वारा गरीबों की सहायता देना अधिकार है।,राज्य सरकार द्वारा गरीबों की सहायता देना एक अधिकार है जो गरीबों को सहायता देने का अधिकार रखती है।,2026-09-14 14:18:08
GK_HI_0644,Hindi,General Knowledge,"भारतीय कला, शास्त्रीय नृत्य, संगीत एवं सांस्कृतिक धरोहर",Medium,किस राज्य का नृत्य दोहरी ताल का प्रयोग करता है?,करारी नृत्य,काकड़ी नृत्य,बिलोल नृत्य,काही नृत्य,A,करारी नृत्य,करारी नृत्य में दोहरी ताल का उपयोग करने का एक विशेष सांस्कृतिक उदाहरण है।,करारी नृत्य में दोहरी ताल का उपयोग बहुत आम होता है जो इस नृत्य का प्राचीन राष्ट्रीयता को दर्शाता है।,2026-09-14 14:18:50
GK_HI_0645,Hindi,General Knowledge,"भारतीय कला, शास्त्रीय नृत्य, संगीत एवं सांस्कृतिक धरोहर",Medium,किस राज्य का नृत्य भारतीय संगीत के अमूल्य संस्कृति का एक उदाहरण है?,महाराष्ट्र,राजस्थान,गुजरात,मेघालय,B,राजस्थान का नृत्य,राजस्थान का नृत्य भारतीय संगीत के अमूल्य संस्कृति का एक प्रतिनिधित्व करता है।,राजस्थान का नृत्य विविध संगीत के संस्कृति में एक महत्वपूर्ण अंग है जो भारत की विविधता को प्रदर्शित करता है।,2026-09-14 14:18:50
GK_HI_0646,Hindi,General Knowledge,"भारतीय कला, शास्त्रीय नृत्य, संगीत एवं सांस्कृतिक धरोहर",Medium,किस राज्य का नृत्य गिरोहों की शिकारी जीवनशैली को दर्शाता है?,चालीसगढ़,कर्नाटक,करारी,महाराष्ट्र,A,चालीसगढ़ का नृत्य,चालीसगढ़ का नृत्य गिरोहों की शिकारी जीवनशैली को दर्शाता है।,चालीसगढ़ का नृत्य शिकारी समुदायों की संस्कृति और संस्कारों का प्रतिनिधित्व करता है।,2026-09-14 14:18:50
GK_HI_0647,Hindi,General Knowledge,"भारतीय कला, शास्त्रीय नृत्य, संगीत एवं सांस्कृतिक धरोहर",Medium,किस राज्य का नृत्य एक उत्कृष्ट उत्कर्ष का उदाहरण है?,मध्य प्रदेश,कर्नाटक,करारी,चालीसगढ़,B,कर्नाटक का नृत्य,कर्नाटक का नृत्य एक उत्कृष्ट उत्कर्ष का उदाहरण है।,कर्नाटक का नृत्य विविध रंग और गुणों का एक अतिरिक्त उत्कर्ष दर्शाता है।,2026-09-14 14:18:50
GK_HI_0648,Hindi,General Knowledge,"भारतीय कला, शास्त्रीय नृत्य, संगीत एवं सांस्कृतिक धरोहर",Medium,किस राज्य का नृत्य एक अनाडिवादी संस्कृति का प्रतिनिधित्व करता है?,करारी,महाराष्ट्र,कर्नाटक,चालीसगढ़,A,करारी नृत्य,करारी नृत्य एक अनाडिवादी संस्कृति का एक प्रतिनिधित्व करता है।,करारी नृत्य में अनाडिवादी ताल और रितम का उपयोग बहुत आम होता है जो इस नृत्य का एक अद्भुत आकलन करता है।,2026-09-14 14:18:50
GK_HI_0649,Hindi,General Knowledge,"प्रमुख आविष्कार, खोजें एवं भारतीय वैज्ञानिक",Hard,किस भारतीय वैज्ञानिक ने पाकिस्तान में अपना अग्लोवेसिटी एक्सपरीमेंट किया?,राजेन्द्र कुमार माल्क,सुरेश दत्त जैक्स,राजेन्द्र चंद्र बोस,सी. विश्वास राय गुरुजी,B,सुरेश दत्त जैक्स,सुरेश दत्त जैक्स ने अपने अग्लोवेसिटी एक्सपरीमेंट के परिणामस्वरूप दुनिया की सबसे पहले जीवित शूटोन्स को बनाया।,सुरेश दत्त जैक्स ने अपने अग्लोवेसिटी एक्सपरीमेंट के परिणामस्वरूप दुनिया की सबसे पहले जीवित शूटोन्स को बनाया जो दूरदर्शी और चिकित्सा के क्षेत्रों में अत्यधिक महत्वपूर्ण है। इसका उद्देश्य था ताकि विकृत जीवित शूटोन्स को दूर करने में मदद मिल सके।,2026-09-14 14:20:11
GK_HI_0650,Hindi,General Knowledge,"प्रमुख आविष्कार, खोजें एवं भारतीय वैज्ञानिक",Hard,किस वैज्ञानिक ने भारत में पहला तांबा निकाला?,विक्रम सर्वाग्रह,राजेन्द्र कुमार माल्क,कौरमंद दास,हरिधास तारावाला,C,कौरमंद दास,कौरमंद दास ने भारत में पहला तांबा निकाला जो दुनिया के इतिहास में प्रमुख आविष्कारों में से एक है।,कौरमंद दास ने भारत में पहला तांबा निकाला जो दुनिया के इतिहास में प्रमुख आविष्कारों में से एक है। यह उनकी समृद्ध ज्ञान और विज्ञान के अनुसार निर्मित एक अत्यधिक महत्वपूर्ण आविष्कार है।,2026-09-14 14:20:11
GK_HI_0651,Hindi,General Knowledge,"प्रमुख आविष्कार, खोजें एवं भारतीय वैज्ञानिक",Hard,किस वैज्ञानिक ने भारत के पहले चालित रेलवे ट्रेन का निर्माण किया?,राजेन्द्र कुमार माल्क,हरिधास तारावाला,राजेन्द्र चंद्र बोस,कौरमंद दास,B,हरिधास तारावाला,हरिधास तारावाला ने भारत के पहली रेलवे ट्रेन का निर्माण किया जो दुनिया की सबसे पहली ऐसी ट्रेनों में से एक है।,हरिधास तारावाला ने भारत के पहली रेलवे ट्रेन का निर्माण किया जो दुनिया की सबसे पहली ऐसी ट्रेनों में से एक है। यह उनकी जिज्ञासा और अनुशासित विज्ञान के अनुसार निर्मित एक अत्यधिक महत्वपूर्ण आविष्कार है।,2026-09-14 14:20:11
GK_HI_0652,Hindi,General Knowledge,"प्रमुख आविष्कार, खोजें एवं भारतीय वैज्ञानिक",Hard,किस वैज्ञानिक ने सौर माध्यम की जटिल रेडियोविज्ञानीय अध्ययनों का आरंभ किया?,राजेन्द्र कुमार माल्क,विक्रम सर्वाग्रह,राजेन्द्र चंद्र बोस,हरिधास तारावाला,B,विक्रम सर्वाग्रह,विक्रम सर्वाग्रह ने सौर माध्यम की जटिल रेडियोविज्ञानीय अध्ययनों का आरंभ किया जो दुनिया के इतिहास में प्रमुख आविष्कारों में से एक है।,विक्रम सर्वाग्रह ने सौर माध्यम की जटिल रेडियोविज्ञानीय अध्ययनों का आरंभ किया जो दुनिया के इतिहास में प्रमुख आविष्कारों में से एक है। यह उनकी समृद्ध ज्ञान और विज्ञान के अनुसार निर्मित एक अत्यधिक महत्वपूर्ण आविष्कार है।,2026-09-14 14:20:11
GK_HI_0653,Hindi,General Knowledge,"प्रमुख आविष्कार, खोजें एवं भारतीय वैज्ञानिक",Hard,भारत के पहले राष्ट्रपति ने भारत की पहली आंतरिक जीवाश्मियाँ का खोजने का निर्णय लिया?,राजेन्द्र कुमार माल्क,राजेन्द्र चंद्र बोस,सुरेश दत्त जैक्स,विक्रम सर्वाग्रह,B,राजेन्द्र चंद्र बोस,राजेन्द्र चंद्र बोस ने भारतीय भूमि पर पहली आंतरिक जीवाश्मियाँ का खोजने का निर्णय लिया जो भारत के इतिहास में प्रमुख आविष्कारों में से एक है।,राजेन्द्र चंद्र बोस ने भारतीय भूमि पर पहली आंतरिक जीवाश्मियाँ का खोजने का निर्णय लिया जो भारत के इतिहास में प्रमुख आविष्कारों में से एक है। यह उनकी समृद्ध ज्ञान और विज्ञान के अनुसार निर्मित एक अत्यधिक महत्वपूर्ण आविष्कार है।,2026-09-14 14:20:11
GK_HI_0654,Hindi,General Knowledge,"प्रमुख आविष्कार, खोजें एवं भारतीय वैज्ञानिक",Hard,किस वैज्ञानिक ने भारत में पहला राष्ट्रिय विज्ञान संस्थान स्थापित किया?,राजेन्द्र कुमार माल्क,राजेन्द्र चंद्र बोस,हरिधास तारावाला,विक्रम सर्वाग्रह,B,राजेन्द्र चंद्र बोस,राजेन्द्र चंद्र बोस ने भारत में पहला राष्ट्रिय विज्ञान संस्थान स्थापित किया जो दुनिया की सबसे पहली ऐसी संस्थानों में से एक है।,राजेन्द्र चंद्र बोस ने भारत में पहला राष्ट्रिय विज्ञान संस्थान स्थापित किया जो दुनिया की सबसे पहली ऐसी संस्थानों में से एक है। यह उनकी समृद्ध ज्ञान और विज्ञान के अनुसार निर्मित एक अत्यधिक महत्वपूर्ण आविष्कार है।,2026-09-14 14:20:11
GK_HI_0655,Hindi,General Knowledge,"प्रमुख आविष्कार, खोजें एवं भारतीय वैज्ञानिक",Hard,किस वैज्ञानिक ने भारत में पहला रेडियो क्राइस्टल स्लॉन्स निर्माण किया?,हरिधास तारावाला,सुरेश दत्त जैक्स,विक्रम सर्वाग्रह,राजेन्द्र कुमार माल्क,C,विक्रम सर्वाग्रह,विक्रम सर्वाग्रह ने भारत में पहला रेडियो क्राइस्टल स्लॉन्स निर्माण किया जो दुनिया की सबसे पहली ऐसी स्लॉन्सों में से एक है।,विक्रम सर्वाग्रह ने भारत में पहला रेडियो क्राइस्टल स्लॉन्स निर्माण किया जो दुनिया की सबसे पहली ऐसी स्लॉन्सों में से एक है। यह उनकी समृद्ध ज्ञान और विज्ञान के अनुसार निर्मित एक अत्यधिक महत्वपूर्ण आविष्कार है।,2026-09-14 14:20:11
GK_HI_0656,Hindi,General Knowledge,"प्रमुख आविष्कार, खोजें एवं भारतीय वैज्ञानिक",Hard,किस वैज्ञानिक ने भारत में पहली रेडियो टेलीविजन प्रसारण किया?,विक्रम सर्वाग्रह,सुरेश दत्त जैक्स,राजेन्द्र कुमार माल्क,राजेन्द्र चंद्र बोस,A,विक्रम सर्वाग्रह,विक्रम सर्वाग्रह ने भारत में पहली रेडियो टेलीविजन प्रसारण किया जो दुनिया की सबसे पहली ऐसी प्रसारणों में से एक है।,विक्रम सर्वाग्रह ने भारत में पहली रेडियो टेलीविजन प्रसारण किया जो दुनिया की सबसे पहली ऐसी प्रसारणों में से एक है। यह उनकी समृद्ध ज्ञान और विज्ञान के अनुसार निर्मित एक अत्यधिक महत्वपूर्ण आविष्कार है।,2026-09-14 14:20:11
GK_HI_0657,Hindi,General Knowledge,"प्रमुख आविष्कार, खोजें एवं भारतीय वैज्ञानिक",Hard,किस वैज्ञानिक ने भारत में पहली रेडियो क्राइस्टल टेलीविजन स्लॉन्स निर्माण किया?,राजेन्द्र कुमार माल्क,विक्रम सर्वाग्रह,राजेन्द्र चंद्र बोस,सुरेश दत्त जैक्स,B,विक्रम सर्वाग्रह,विक्रम सर्वाग्रह ने भारत में पहली रेडियो क्राइस्टल टेलीविजन स्लॉन्स निर्माण किया जो दुनिया की सबसे पहली ऐसी स्लॉन्सों में से एक है।,विक्रम सर्वाग्रह ने भारत में पहली रेडियो क्राइस्टल टेलीविजन स्लॉन्स निर्माण किया जो दुनिया की सबसे पहली ऐसी स्लॉन्सों में से एक है। यह उनकी समृद्ध ज्ञान और विज्ञान के अनुसार निर्मित एक अत्यधिक महत्वपूर्ण आविष्कार है।,2026-09-14 14:20:11
GK_HI_0658,Hindi,General Knowledge,"प्रमुख आविष्कार, खोजें एवं भारतीय वैज्ञानिक",Hard,किस वैज्ञानिक ने भारत में पहला रेडियो टेलीफोन निर्माण किया?,राजेन्द्र कुमार माल्क,राजेन्द्र चंद्र बोस,विक्रम सर्वाग्रह,सुरेश दत्त जैक्स,C,विक्रम सर्वाग्रह,विक्रम सर्वाग्रह ने भारत में पहला रेडियो टेलीफोन निर्माण किया जो दुनिया की सबसे पहली ऐसी टेलीफोनों में से एक है।,विक्रम सर्वाग्रह ने भारत में पहला रेडियो टेलीफोन निर्माण किया जो दुनिया की सबसे पहली ऐसी टेलीफोनों में से एक है। यह उनकी समृद्ध ज्ञान और विज्ञान के अनुसार निर्मित एक अत्यधिक महत्वपूर्ण आविष्कार है।,2026-09-14 14:20:11
GK_HI_0659,Hindi,General Knowledge,"प्रमुख आविष्कार, खोजें एवं भारतीय वैज्ञानिक",Hard,किस वैज्ञानिक ने भारत में पहला रेडियो टेलीमेडिकल सेवा शुरू की?,राजेन्द्र चंद्र बोस,विक्रम सर्वाग्रह,सुरेश दत्त जैक्स,राजेन्द्र कुमार माल्क,B,विक्रम सर्वाग्रह,विक्रम सर्वाग्रह ने भारत में पहला रेडियो टेलीमेडिकल सेवा शुरू की जो दुनिया की सबसे पहली ऐसी सेवाओं में से एक है।,विक्रम सर्वाग्रह ने भारत में पहला रेडियो टेलीमेडिकल सेवा शुरू की जो दुनिया की सबसे पहली ऐसी सेवाओं में से एक है। यह उनकी समृद्ध ज्ञान और विज्ञान के अनुसार निर्मित एक अत्यधिक महत्वपूर्ण आविष्कार है।,2026-09-14 14:20:11
GK_HI_0660,Hindi,General Knowledge,"प्रमुख आविष्कार, खोजें एवं भारतीय वैज्ञानिक",Hard,किस वैज्ञानिक ने भारत में पहली रेडियो टेलीविजन टॉपिकल प्रसारण शुरू किया?,सुरेश दत्त जैक्स,राजेन्द्र कुमार माल्क,विक्रम सर्वाग्रह,राजेन्द्र चंद्र बोस,C,विक्रम सर्वाग्रह,विक्रम सर्वाग्रह ने भारत में पहली रेडियो टेलीविजन टॉपिकल प्रसारण शुरू किया जो दुनिया की सबसे पहली ऐसी प्रसारणों में से एक है।,विक्रम सर्वाग्रह ने भारत में पहली रेडियो टेलीविजन टॉपिकल प्रसारण शुरू किया जो दुनिया की सबसे पहली ऐसी प्रसारणों में से एक है। यह उनकी समृद्ध ज्ञान और विज्ञान के अनुसार निर्मित एक अत्यधिक महत्वपूर्ण आविष्कार है।,2026-09-14 14:20:11
GK_HI_0661,Hindi,General Knowledge,"अंतरराष्ट्रीय संगठन (संयुक्त राष्ट्र, डब्ल्यूएचओ, विश्व बैंक)",Easy,संयुक्त राष्ट्र मुख्यालय कहाँ स्थित है?,न्यूयॉर्क,विशेंजिया,व्हिन्स्टन सित्जसन,विंटरहाम,A,न्यूयॉर्क,संयुक्त राष्ट्र का मुख्यालय न्यूयॉर्क शहर में स्थित है।,"संयुक्त राष्ट्र का मुख्यालय न्यूयॉर्क शहर, अमेरिका में स्थित है। यहाँ अन्य संस्थानों जैसे ब्रिटेनिक एंड विंटरहाम और विशेंजिया भी स्थित हैं।",2026-09-14 14:20:57
GK_HI_0662,Hindi,General Knowledge,"अंतरराष्ट्रीय संगठन (संयुक्त राष्ट्र, डब्ल्यूएचओ, विश्व बैंक)",Easy,विश्व बैंक ने किस वर्ष रिपोर्ट जारी की जिसमें भारत के लिए पर्यावरण और समाज की प्रभावितता वर्णन किया था?,2000,2005,2010,2015,D,2015,विश्व बैंक 2015 में एक रिपोर्ट जारी की जिसमें भारत के लिए विशेष विश्लेषण दिया गया था।,2015 में विश्व बैंक एक रिपोर्ट जारी की जिसमें भारत की विशेष पर्यावरण और समाज की प्रभावितता वर्णित की गई थी।,2026-09-14 14:20:57
GK_HI_0663,Hindi,General Knowledge,"अंतरराष्ट्रीय संगठन (संयुक्त राष्ट्र, डब्ल्यूएचओ, विश्व बैंक)",Easy,संयुक्त राष्ट्र किस वर्ष की स्थापना की गई थी?,1945,1950,1960,1970,A,1945,संयुक्त राष्ट्र 1945 में स्थापित किया गया था।,संयुक्त राष्ट्र 1945 में ब्रिटिश इंडिया और अन्य देशों के लिए स्थापना की गई थी जो आज संयुक्त राष्ट्र के रूप में जाना जाता है।,2026-09-14 14:20:57
GK_HI_0664,Hindi,General Knowledge,"अंतरराष्ट्रीय संगठन (संयुक्त राष्ट्र, डब्ल्यूएचओ, विश्व बैंक)",Easy,डब्ल्यूएचओ किस वर्ष ब्राजील की राजधानी बनी थी?,1995,2001,2004,2007,B,2001,डब्ल्यूएचओ 2001 में ब्राजील की राजधानी रियो डी जनेरिला में अपनी 4वीं वार्षिक जंकशियन आयोजित की थी।,डब्ल्यूएचओ 2001 में ब्राजील की राजधानी रियो डी जनेरिला में अपनी 4वीं वार्षिक जंकशियन आयोजित की थी।,2026-09-14 14:20:57
GK_HI_0665,Hindi,General Knowledge,"अंतरराष्ट्रीय संगठन (संयुक्त राष्ट्र, डब्ल्यूएचओ, विश्व बैंक)",Easy,विश्व बैंक किस वर्ष रिपोर्ट जारी की थी जिसमें भारत की आर्थिक स्थिति वर्णन किया गया था?,2000,2005,2010,2015,C,2010,विश्व बैंक 2010 में एक रिपोर्ट जारी की जिसमें भारत की आर्थिक स्थिति वर्णित की गई थी।,2010 में विश्व बैंक एक रिपोर्ट जारी की जिसमें भारत की आर्थिक स्थिति की विशेष विश्लेषण दिया गया था।,2026-09-14 14:20:57
GK_HI_0666,Hindi,General Knowledge,"अंतरराष्ट्रीय संगठन (संयुक्त राष्ट्र, डब्ल्यूएचओ, विश्व बैंक)",Easy,डब्ल्यूएचओ किस वर्ष रिपोर्ट जारी की थी जिसमें भारत की आर्थिक स्थिति वर्णन किया गया था?,2000,2005,2010,2015,C,2010,डब्ल्यूएचओ 2010 में एक रिपोर्ट जारी की जिसमें भारत की आर्थिक स्थिति वर्णित की गई थी।,2010 में डब्ल्यूएचओ एक रिपोर्ट जारी की जिसमें भारत की आर्थिक स्थिति की विशेष विश्लेषण दिया गया था।,2026-09-14 14:20:57
GK_HI_0667,Hindi,General Knowledge,"अंतरराष्ट्रीय संगठन (संयुक्त राष्ट्र, डब्ल्यूएचओ, विश्व बैंक)",Easy,विश्व बैंक किस वर्ष रिपोर्ट जारी की थी जिसमें भारत के लिए आर्थिक और सामाजिक भावनाओं का वर्णन किया गया था?,2000,2005,2010,2015,D,2015,विश्व बैंक 2015 में एक रिपोर्ट जारी की जिसमें भारत के लिए आर्थिक और सामाजिक भावनाओं का वर्णन किया गया था।,2015 में विश्व बैंक एक रिपोर्ट जारी की जिसमें भारत के लिए आर्थिक और सामाजिक भावनाओं का वर्णन किया गया था।,2026-09-14 14:20:57
GK_HI_0668,Hindi,General Knowledge,"अंतरराष्ट्रीय संगठन (संयुक्त राष्ट्र, डब्ल्यूएचओ, विश्व बैंक)",Easy,संयुक्त राष्ट्र किस वर्ष रिपोर्ट जारी की थी जिसमें भारत की विकास आय का वर्णन किया गया था?,2000,2005,2010,2015,C,2010,संयुक्त राष्ट्र 2010 में एक रिपोर्ट जारी की जिसमें भारत की विकास आय का वर्णन किया गया था।,2010 में संयुक्त राष्ट्र एक रिपोर्ट जारी की जिसमें भारत की विकास आय का वर्णन किया गया था।,2026-09-14 14:20:57
GK_HI_0669,Hindi,General Knowledge,"अंतरराष्ट्रीय संगठन (संयुक्त राष्ट्र, डब्ल्यूएचओ, विश्व बैंक)",Easy,डब्ल्यूएचओ किस वर्ष रिपोर्ट जारी की थी जिसमें भारत की आर्थिक और सामाजिक स्थिति वर्णन किया गया था?,2000,2005,2010,2015,D,2015,डब्ल्यूएचओ 2015 में एक रिपोर्ट जारी की जिसमें भारत की आर्थिक और सामाजिक स्थिति वर्णित की गई थी।,2015 में डब्ल्यूएचओ एक रिपोर्ट जारी की जिसमें भारत की आर्थिक और सामाजिक स्थिति वर्णित की गई थी।,2026-09-14 14:20:57
GK_HI_0670,Hindi,General Knowledge,"प्रसिद्ध भारतीय व्यक्तित्व, स्वतंत्रता सेनानी एवं महापुरुष",Medium,विक्रम सूर्याकार किस वर्ष ने स्वतंत्रता संग्राम में भाग लिया था?,1942,1945,1946,1947,A,1942,विक्रम सूर्याकार 1942 में युवा सेना संग्राम में स्वतंत्रता संग्राम में भाग लेने वाले भारतीय व्यक्तियों में से एक थे।,विक्रम सूर्याकार ने 1942 में युवा सेना संग्राम में स्वतंत्रता संग्राम में भाग लिया था जो नाराजगी और दंड के खिलाफ था।,2026-09-14 14:21:44
GK_HI_0671,Hindi,General Knowledge,"प्रसिद्ध भारतीय व्यक्तित्व, स्वतंत्रता सेनानी एवं महापुरुष",Medium,महात्मा गांधी ने किस वर्ष नाराजगी आंदोलन से शुरुआत की?,1919,1920,1921,1922,B,1920,1920 में महात्मा गांधी ने नाराजगी आंदोलन से शुरुआत की जिसके द्वारा भारत की स्वतंत्रता का चाहना और लड़ाई शुरू हुई।,1920 में महात्मा गांधी ने राष्ट्रिय व्यापार योजना जिसके तहत नाराजगी आंदोलन शुरू किया था।,2026-09-14 14:21:44
GK_HI_0672,Hindi,General Knowledge,"प्रसिद्ध भारतीय व्यक्तित्व, स्वतंत्रता सेनानी एवं महापुरुष",Medium,राजा राजेश्वर राय ने किस वर्ष नाराजगी आंदोलन में शामिल होने का फैसला किया?,1920,1921,1922,1923,A,1920,राजा राजेश्वर राय ने 1920 में नाराजगी आंदोलन में शामिल होने का फैसला किया जिसके बाद उन्होंने नाराजगी आंदोलन में नेतृत्व किया।,1920 में राजा राजेश्वर राय ने नाराजगी आंदोलन में शामिल होने का फैसला किया जिसके बाद वे नाराजगी आंदोलन में नेतृत्व किया।,2026-09-14 14:21:44
GK_HI_0673,Hindi,General Knowledge,"प्रसिद्ध भारतीय व्यक्तित्व, स्वतंत्रता सेनानी एवं महापुरुष",Medium,किस वर्ष बदला विक्रम ने राजनीतिक विश्वासों का फैसला किया?,1942,1945,1946,1947,A,1942,बदला विक्रम ने 1942 में राजनीतिक विश्वासों का फैसला किया जिसके बाद उन्होंने स्वतंत्रता संग्राम में शामिल होने का फैसला किया।,1942 में बदला विक्रम ने राजनीतिक विश्वासों का फैसला किया जिसके बाद उन्होंने स्वतंत्रता संग्राम में शामिल होने का फैसला किया।,2026-09-14 14:21:44
GK_HI_0674,Hindi,General Knowledge,"प्रसिद्ध भारतीय व्यक्तित्व, स्वतंत्रता सेनानी एवं महापुरुष",Medium,महात्मा गांधी ने किस वर्ष भारत की स्वतंत्रता संग्राम का नेतृत्व किया?,1942,1945,1946,1947,D,1947,1947 में महात्मा गांधी ने भारत की स्वतंत्रता संग्राम का नेतृत्व किया।,1947 में महात्मा गांधी ने भारत की स्वतंत्रता संग्राम का नेतृत्व किया। इस वर्ष भारत ने अंग्रेजी सरकार से स्वतंत्रता प्राप्त की।,2026-09-14 14:21:44
GK_HI_0675,Hindi,General Knowledge,"प्रसिद्ध भारतीय व्यक्तित्व, स्वतंत्रता सेनानी एवं महापुरुष",Medium,राजा राजेश्वर राय ने किस वर्ष राज्य सरकार विरोधी आंदोलन में शामिल होने का फैसला किया?,1920,1921,1922,1923,B,1921,राजा राजेश्वर राय ने 1921 में राज्य सरकार विरोधी आंदोलन में शामिल होने का फैसला किया।,1921 में राजा राजेश्वर राय ने राज्य सरकार विरोधी आंदोलन में शामिल होने का फैसला किया। इस आंदोलन का उद्देश्य राज्य सरकारों को विरोध उठाना था।,2026-09-14 14:21:44
GK_HI_0676,Hindi,General Knowledge,"प्रसिद्ध भारतीय व्यक्तित्व, स्वतंत्रता सेनानी एवं महापुरुष",Medium,महात्मा गांधी ने किस वर्ष नाराजगी आंदोलन का नेतृत्व किया?,1920,1921,1922,1923,A,1920,1920 में महात्मा गांधी ने नाराजगी आंदोलन का नेतृत्व किया।,1920 में महात्मा गांधी ने नाराजगी आंदोलन का नेतृत्व किया जिसके उद्देश्य थे नाराजगी और दंड का दबाव घटाना।,2026-09-14 14:21:44
GK_HI_0677,Hindi,General Knowledge,"प्रसिद्ध भारतीय व्यक्तित्व, स्वतंत्रता सेनानी एवं महापुरुष",Medium,किस वर्ष राजा राजेश्वर राय ने राज्य सरकार विरोधी आंदोलन में शामिल होने का फैसला किया?,1920,1921,1922,1923,B,1921,1921 में राजा राजेश्वर राय ने राज्य सरकार विरोधी आंदोलन में शामिल होने का फैसला किया।,1921 में राजा राजेश्वर राय ने राज्य सरकार विरोधी आंदोलन में शामिल होने का फैसला किया। इस आंदोलन का उद्देश्य राज्य सरकारों को विरोध उठाना था।,2026-09-14 14:21:44
GK_HI_0678,Hindi,General Knowledge,"प्रसिद्ध पुस्तकें, रचयिता एवं साहित्य",Hard,किस लेखक ने 'अन्तर्राष्ट्रीय शिक्षा संस्थान' लिखा है?,प्रिया मंदल,रमेश चंद्र बवानी,बर्नाडीन डी स्लोन,रजेन्द्र कुमार भारती,B,रमेश चंद्र बवानी,"रमेश चंद्र बवानी ने अन्तर्राष्ट्रीय शिक्षा संस्थान के विकास के महत्व के बारे में लिखा है जिसमें विश्वविद्यालयों के सम्बद्धता, शिक्षा प्रणाली की विकास की जरूरत आदि विषयों का वर्णन किया गया है।",रमेश चंद्र बवानी ने अन्तर्राष्ट्रीय शिक्षा के महत्व का वर्णन करते हुए इस लेख की लिखित रूप से इसका विकास और गठन के बारे में विस्तार से व्याख्या की।,2026-09-14 14:22:44
GK_HI_0679,Hindi,General Knowledge,"प्रसिद्ध पुस्तकें, रचयिता एवं साहित्य",Hard,किस लेखक ने 'मानवता का शिकार' लिखा है?,निकोलास गार्डियस,सुरेश शर्मा,रवींद्रनाथ टैगोर,कुमारा शिवाजी राय,A,निकोलास गार्डियस,निकोलास गार्डियस ने मानवता के विषय पर एक प्राचीन और ज्ञानवर्धक लेख लिखा है।,निकोलास गार्डियस ने लेख 'मानवता का शिकार' में मानवता के विकास के विषय पर विस्तार से व्याख्या की और इसकी जगह का महत्व दिखाया।,2026-09-14 14:22:44
GK_HI_0680,Hindi,General Knowledge,"प्रसिद्ध पुस्तकें, रचयिता एवं साहित्य",Hard,किस लेखक ने 'साहित्य की दर्शनिका' लिखा है?,विनोद लाल नरेंद्र,हरिश्चंद्र राय,महात्मा गांधी,बर्नाडीन डी स्लोन,C,महात्मा गांधी,महात्मा गांधी ने अपनी दर्शनिका में साहित्य के विश्वास और उसके अध्ययन के महत्व का वर्णन किया है।,महात्मा गांधी ने अपनी 'साहित्य की दर्शनिका' में अपने साहित्यिक दर्शन और साहित्य के अध्ययन का महत्व की बात की।,2026-09-14 14:22:44
GK_HI_0681,Hindi,General Knowledge,"प्रसिद्ध पुस्तकें, रचयिता एवं साहित्य",Hard,किस लेखक ने 'राजनीति की दर्शनिका' लिखा है?,मुर्तिमान शर्मा,महात्मा गांधी,रवींद्रनाथ टैगोर,मार्गरेट वाटर्स,B,महात्मा गांधी,महात्मा गांधी ने अपनी दर्शनिका में राजनीति के विश्वास और इसके अध्ययन के महत्व का वर्णन किया है।,महात्मा गांधी ने अपनी 'राजनीति की दर्शनिका' में राजनीति के अध्ययन के महत्व के बारे में बात की और इसकी विश्वास और संकल्प का वर्णन किया है।,2026-09-14 14:22:44
GK_HI_0682,Hindi,General Knowledge,"प्रसिद्ध पुस्तकें, रचयिता एवं साहित्य",Hard,किस लेखक ने 'साहित्यिक विज्ञान' लिखा है?,रवींद्रनाथ टैगोर,महात्मा गांधी,सुरेश शर्मा,कुमारा शिवाजी राय,A,रवींद्रनाथ टैगोर,रवींद्रनाथ टैगोर ने साहित्यिक विज्ञान के विषय पर लिखा है जिसमें उन्होंने साहित्यिक विश्वास और साहित्यिक विकास के बारे में विस्तार से व्याख्या की है।,"रवींद्रनाथ टैगोर ने अपने 'साहित्यिक विज्ञान' में साहित्यिक विश्वास, साहित्यिक दर्शन और साहित्यिक विकास के बारे में विस्तार से व्याख्या की है।",2026-09-14 14:22:44
GK_HI_0683,Hindi,General Knowledge,"प्रसिद्ध पुस्तकें, रचयिता एवं साहित्य",Hard,किस लेखक ने 'मानवता की भावना' लिखा है?,रवींद्रनाथ टैगोर,महात्मा गांधी,कुमारा शिवाजी राय,हरिश्चंद्र राय,A,रवींद्रनाथ टैगोर,रवींद्रनाथ टैगोर ने मानवता की भावना और इसके अध्ययन के महत्व का वर्णन किया है।,रवींद्रनाथ टैगोर ने अपने लेख 'मानवता की भावना' में मानवता की भावना की प्रक्रिया के विश्वास और इसकी जगह के अध्ययन के महत्व का वर्णन किया है।,2026-09-14 14:22:44
GK_HI_0684,Hindi,General Knowledge,"प्रसिद्ध पुस्तकें, रचयिता एवं साहित्य",Hard,किस लेखक ने 'भारतीय विचारशास्त्र' लिखा है?,महात्मा गांधी,बर्नाडीन डी स्लोन,कुमारा शिवाजी राय,रवींद्रनाथ टैगोर,D,रवींद्रनाथ टैगोर,रवींद्रनाथ टैगोर ने भारतीय विचारशास्त्र के विषय पर लिखा है जिसमें उन्होंने भारतीय संस्कृति और धर्म के अध्ययन के महत्व का वर्णन किया है।,रवींद्रनाथ टैगोर ने अपनी 'भारतीय विचारशास्त्र' में भारतीय संस्कृति और धर्म के अध्ययन के महत्व का वर्णन किया है।,2026-09-14 14:22:44
GK_HI_0685,Hindi,General Knowledge,"प्रसिद्ध पुस्तकें, रचयिता एवं साहित्य",Hard,किस लेखक ने 'हिंदी विकास और विश्व भाषाओं में उनकी जगह' लिखा है?,कुमारा शिवाजी राय,महात्मा गांधी,हरिश्चंद्र राय,रवींद्रनाथ टैगोर,C,हरिश्चंद्र राय,हरिश्चंद्र राय ने हिंदी भाषा के विकास के विषय पर लिखा है जिसमें उन्होंने हिंदी भाषा की उपयोगिता और इसका विकास के महत्व का वर्णन किया है।,हरिश्चंद्र राय ने अपने 'हिंदी विकास और विश्व भाषाओं में उनकी जगह' में हिंदी भाषा की उपयोगिता और इसका विकास के महत्व का वर्णन किया है।,2026-09-14 14:22:44
GK_HI_0686,Hindi,General Knowledge,"प्रसिद्ध पुस्तकें, रचयिता एवं साहित्य",Hard,किस लेखक ने 'राजनीति और दर्शन' लिखा है?,महात्मा गांधी,कुमारा शिवाजी राय,हरिश्चंद्र राय,रवींद्रनाथ टैगोर,A,महात्मा गांधी,महात्मा गांधी ने राजनीति और दर्शन के विषय पर लिखा है जिसमें उन्होंने राजनीति के अध्ययन और इसके दर्शन के महत्व का वर्णन किया है।,महात्मा गांधी ने अपनी 'राजनीति और दर्शन' में राजनीति के अध्ययन और इसके दर्शन के महत्व का वर्णन किया है।,2026-09-14 14:22:44
GK_HI_0687,Hindi,General Knowledge,"प्रसिद्ध पुस्तकें, रचयिता एवं साहित्य",Hard,किस लेखक ने 'साहित्यिक शिक्षा' लिखा है?,महात्मा गांधी,रवींद्रनाथ टैगोर,कुमारा शिवाजी राय,हरिश्चंद्र राय,B,रवींद्रनाथ टैगोर,रवींद्रनाथ टैगोर ने साहित्यिक शिक्षा के विषय पर लिखा है जिसमें उन्होंने साहित्यिक शिक्षा के महत्व और इसकी शैक्षणिक महत्वाकांक्षा का वर्णन किया है।,रवींद्रनाथ टैगोर ने अपनी 'साहित्यिक शिक्षा' में साहित्यिक शिक्षा के महत्व और इसकी शैक्षणिक महत्वाकांक्षा का वर्णन किया है।,2026-09-14 14:22:44
GK_HI_0688,Hindi,General Knowledge,"प्रसिद्ध पुस्तकें, रचयिता एवं साहित्य",Hard,किस लेखक ने 'मानव विकास और शिक्षा' लिखा है?,कुमारा शिवाजी राय,हरिश्चंद्र राय,रवींद्रनाथ टैगोर,महात्मा गांधी,D,महात्मा गांधी,महात्मा गांधी ने मानव विकास और शिक्षा के विषय पर लिखा है जिसमें उन्होंने शिक्षा के महत्व और इसकी मानव विकास की आवश्यकता का वर्णन किया है।,महात्मा गांधी ने अपनी 'मानव विकास और शिक्षा' में शिक्षा के महत्व और इसकी मानव विकास की आवश्यकता का वर्णन किया है।,2026-09-14 14:22:44
GK_HI_0689,Hindi,General Knowledge,"प्रमुख राष्ट्रीय एवं अंतरराष्ट्रीय पुरस्कार (नोबेल, भारत रत्न, पद्म पुरस्कार)",Easy,भारत रत्न पुरस्कार किसने दिया जाता है?,संसद,राष्ट्रपति,सरकारी नियमों के अनुसार,प्रधान मंत्री,B,राष्ट्रपति,भारत रत्न पुरस्कार राष्ट्रपति द्वारा दिया जाता है।,राष्ट्रपति भारत रत्न पुरस्कार का दिया जाने वाला न्याय है क्योंकि यह देश के सर्वोच्च न्यायालय में नियमित रूप से दिया जाता है।,2026-09-14 14:23:22
GK_HI_0690,Hindi,General Knowledge,"प्रमुख राष्ट्रीय एवं अंतरराष्ट्रीय पुरस्कार (नोबेल, भारत रत्न, पद्म पुरस्कार)",Easy,नोबेल पुरस्कार किस विषय पर दिया जाता है?,विज्ञान और साहित्य,राजनीति और शिक्षा,साहित्य और विज्ञान,राजनीति और शिक्षा,C,साहित्य और विज्ञान,नोबेल पुरस्कार दो विषयों पर दिया जाता है: साहित्य और विज्ञान।,नोबेल पुरस्कार केवल दो विषयों पर दिया जाता है जो शायद दूसरों की तुलना में अधिक विकास की विशेषताओं को दर्शाते हैं।,2026-09-14 14:23:22
GK_HI_0691,Hindi,General Knowledge,"प्रमुख राष्ट्रीय एवं अंतरराष्ट्रीय पुरस्कार (नोबेल, भारत रत्न, पद्म पुरस्कार)",Easy,पद्म श्रेणी पुरस्कार किस वर्ष शुरू हुआ?,1950,1954,1958,1960,B,1954,पद्म श्रेणी पुरस्कार 1954 में शुरू हुआ।,1954 में पद्म श्रेणी पुरस्कार की स्थापना भारत की स्वतंत्रता के एक दशक के अंत में हुई थी।,2026-09-14 14:23:22
GK_HI_0692,Hindi,General Knowledge,"प्रमुख राष्ट्रीय एवं अंतरराष्ट्रीय पुरस्कार (नोबेल, भारत रत्न, पद्म पुरस्कार)",Easy,पद्म रत्न पुरस्कार किस क्षेत्र के लिए दिया जाता है?,कला,राजनीति,साहित्य,विज्ञान और तकनीक,A,कला,पद्म रत्न पुरस्कार कला क्षेत्र के लिए दिया जाता है।,पद्म रत्न पुरस्कार कला क्षेत्र के लिए दिया जाता है क्योंकि यह एक विशेष सम्मान है जो कला के लिए संकेत देता है।,2026-09-14 14:23:22
GK_HI_0693,Hindi,General Knowledge,"प्रमुख राष्ट्रीय एवं अंतरराष्ट्रीय पुरस्कार (नोबेल, भारत रत्न, पद्म पुरस्कार)",Easy,भारत रत्न पुरस्कार किस वर्ष पहली बार दिया गया?,1950,1954,1958,1960,C,1958,भारत रत्न पुरस्कार 1958 में पहली बार दिया गया।,1958 में भारत रत्न पुरस्कार की स्थापना और इसकी पहली बार दी गई पुरस्कार से विशेष महत्व है।,2026-09-14 14:23:22
GK_HI_0694,Hindi,General Knowledge,"प्रमुख राष्ट्रीय एवं अंतरराष्ट्रीय पुरस्कार (नोबेल, भारत रत्न, पद्म पुरस्कार)",Easy,नोबेल फिजिक्स पुरस्कार किस वर्ष शुरू हुआ?,1901,1905,1910,1915,A,1901,नोबेल फिजिक्स पुरस्कार 1901 में शुरू हुआ।,1901 में नोबेल फिजिक्स पुरस्कार की स्थापना थी और इसका इतिहास बहुत लंबा है।,2026-09-14 14:23:22
GK_HI_0695,Hindi,General Knowledge,"प्रमुख राष्ट्रीय एवं अंतरराष्ट्रीय पुरस्कार (नोबेल, भारत रत्न, पद्म पुरस्कार)",Easy,पद्म श्री पुरस्कार किस वर्ष शुरू हुआ?,1950,1954,1958,1960,A,1950,पद्म श्री पुरस्कार 1950 में शुरू हुआ।,1950 में पद्म श्री पुरस्कार की स्थापना भारत की स्वतंत्रता के तुरंत बाद हुई थी।,2026-09-14 14:23:22
GK_HI_0696,Hindi,General Knowledge,"प्रमुख राष्ट्रीय एवं अंतरराष्ट्रीय पुरस्कार (नोबेल, भारत रत्न, पद्म पुरस्कार)",Easy,पद्म बन्दर पुरस्कार किस क्षेत्र के लिए दिया जाता है?,कला,कैरियर,साहित्य,विज्ञान,B,कैरियर,पद्म बन्दर पुरस्कार कैरियर के लिए दिया जाता है।,पद्म बन्दर पुरस्कार एक कैरियर अवस्थाएँ के लिए सम्मान है जो एक व्यक्ति के काम के लिए महत्वपूर्ण है।,2026-09-14 14:23:22
GK_HI_0697,Hindi,General Knowledge,"प्रमुख राष्ट्रीय एवं अंतरराष्ट्रीय पुरस्कार (नोबेल, भारत रत्न, पद्म पुरस्कार)",Easy,पद्म विज्ञान और तकनीक पुरस्कार किस क्षेत्र के लिए दिया जाता है?,कला,विज्ञान और तकनीक,राजनीति,साहित्य,B,विज्ञान और तकनीक,पद्म विज्ञान और तकनीक पुरस्कार विज्ञान और तकनीक क्षेत्र के लिए दिया जाता है।,पद्म विज्ञान और तकनीक पुरस्कार विज्ञान और तकनीक क्षेत्र के लिए सम्मान दिया जाता है क्योंकि यह ऐसे व्यक्तियों को सम्मानित करता है जो इन क्षेत्रों में अद्भुत काम करते हैं।,2026-09-14 14:23:22
GK_HI_0698,Hindi,General Knowledge,"प्रमुख राष्ट्रीय एवं अंतरराष्ट्रीय पुरस्कार (नोबेल, भारत रत्न, पद्म पुरस्कार)",Easy,नोबेल और्थोपायटिक पुरस्कार किस वर्ष शुरू हुआ?,1901,1905,1910,1915,B,1905,नोबेल और्थोपायटिक पुरस्कार 1905 में शुरू हुआ।,1905 में नोबेल और्थोपायटिक पुरस्कार की स्थापना थी और यह नोबेल पुरस्कार का एक विशेष वर्ग है।,2026-09-14 14:23:22
GK_HI_0699,Hindi,General Knowledge,"खेल जगत, क्रिकेट, हॉकी एवं ओलंपिक खेल",Medium,1980 में आया राष्ट्रिय क्रिकेट चैंपियन टीम कौन-सी थी?,आंग्लिया,स्वीडन,इंडिया,नीदरलैंड,C,इंडिया,1980 में आया राष्ट्रिय क्रिकेट चैंपियन टीम इंडिया थी।,1980 क्रिकेट विश्व कप में इंडिया ने टूर्नामेंट जीता था।,2026-09-14 14:23:57
GK_HI_0700,Hindi,General Knowledge,"खेल जगत, क्रिकेट, हॉकी एवं ओलंपिक खेल",Medium,किस वर्ष विश्व हॉकी टूर्नामेंट भारत की टीम ने अपना तृतीय विश्व कप जीता?,1975,1982,1986,1994,C,1986,1986 में भारत की हॉकी टीम ने अपना तृतीय विश्व कप जीता।,1986 में भारत की हॉकी टीम ने अपना तृतीय विश्व कप जीता था।,2026-09-14 14:23:57
GK_HI_0701,Hindi,General Knowledge,"खेल जगत, क्रिकेट, हॉकी एवं ओलंपिक खेल",Medium,विश्व ओलंपिक खेल किस वर्ष शुरू हुए?,1896,1900,1904,1908,A,1896,विश्व ओलंपिक खेल ने 1896 में शुरू किया था।,1896 में ओलंपिक खेल ने निके के आरामदायक खेलों को विश्व तौर पर दर्ज किया था।,2026-09-14 14:23:57
GK_HI_0702,Hindi,General Knowledge,"खेल जगत, क्रिकेट, हॉकी एवं ओलंपिक खेल",Medium,1964 गीत ओलंपिक में भारत टीम ने किस खेल में रूस की टीम से जीता था?,हॉकी,बास्केटबॉल,टेबल टेनिस,बास्केटबॉल में गेम,D,बास्केटबॉल में गेम,1964 गीत ओलंपिक में भारत टीम ने बास्केटबॉल में गेम रूस की टीम से जीता था।,1964 गीत ओलंपिक में भारत टीम ने बास्केटबॉल में एक गेम जीता था जिसमें वे रूस की टीम से जीते थे।,2026-09-14 14:23:57
GK_HI_0703,Hindi,General Knowledge,"खेल जगत, क्रिकेट, हॉकी एवं ओलंपिक खेल",Medium,विश्व ओलंपिक खेल में भारत टीम किस वर्ष ने तृतीय स्थान पर आया था?,1988,1992,1996,2000,B,1992,1992 में भारत टीम ने तृतीय स्थान पर आया था।,1992 गीत ओलंपिक में भारत टीम ने तृतीय स्थान पर आया था।,2026-09-14 14:23:57
GK_HI_0704,Hindi,General Knowledge,"खेल जगत, क्रिकेट, हॉकी एवं ओलंपिक खेल",Medium,हॉकी ओलंपिक में भारत टीम किस वर्ष ने अपना तृतीय विश्व कप जीता?,1980,1982,1984,1986,C,1984,1984 में भारत टीम ने अपना तृतीय विश्व कप जीता था।,1984 में भारत टीम ने अपना तृतीय विश्व कप जीता था।,2026-09-14 14:23:57
GK_HI_0705,Hindi,General Knowledge,"खेल जगत, क्रिकेट, हॉकी एवं ओलंपिक खेल",Medium,1972 में आया राष्ट्रिय क्रिकेट चैंपियन टीम कौन-सी थी?,स्वीडन,जर्मनी,इंडिया,कनाडा,C,इंडिया,1972 में आया राष्ट्रिय क्रिकेट चैंपियन टीम इंडिया थी।,1972 क्रिकेट विश्व कप में भारत ने टूर्नामेंट जीता था।,2026-09-14 14:23:57
GK_HI_0706,Hindi,General Knowledge,"खेल जगत, क्रिकेट, हॉकी एवं ओलंपिक खेल",Medium,किस वर्ष भारत टीम ने अपना तृतीय विश्व हॉकी खेल जीता?,1980,1982,1984,1986,C,1984,1984 में भारत टीम ने अपना तृतीय विश्व हॉकी खेल जीता था।,1984 विश्व हॉकी खेल में भारत ने अपना तृतीय स्थान पर आया था।,2026-09-14 14:23:57
GK_HI_0707,Hindi,General Knowledge,"पर्यावरण, वन्यजीव अभयारण्य एवं राष्ट्रीय उद्यान",Medium,जिंडगी के आरक्षण के लिए सबसे ज्यादा प्रयास किस राष्ट्रीय उद्यान में किये गए?,हरियाणा राष्ट्रीय उद्यान,मध्य प्रदेश राष्ट्रीय उद्यान,महाराष्ट्र राष्ट्रीय उद्यान,कर्णाटक राष्ट्रीय उद्यान,B,मध्य प्रदेश राष्ट्रीय उद्यान,मध्य प्रदेश राष्ट्रीय उद्यान में जिंडगी के आरक्षण के लिए सबसे अधिक प्रयास किए गए थे क्योंकि यह देश की सबसे बड़ी राष्ट्रीय उद्यानों में से एक है जिसमें बहुत से प्रजातियां रक्षित की जा रही हैं।,मध्य प्रदेश राष्ट्रीय उद्यान में वन्यजीवों की रक्षा के लिए अधिकांश प्रयास और प्रबंधन अवधारणाओं का अनुसरण किया जाता है।,2026-09-14 14:24:52
GK_HI_0708,Hindi,General Knowledge,"पर्यावरण, वन्यजीव अभयारण्य एवं राष्ट्रीय उद्यान",Medium,वन्यजीव अभयारण्य का मुख्य उद्देश्य क्या है?,वन्यजीवों की दौलत बढ़ाना,वन्यजीवों की रक्षा करना,वन्यजीवों की शिकारी शौकीन लाभार्थी को प्रदान करना,वन्यजीवों के व्यावसायिक उपयोग करना,B,वन्यजीवों की रक्षा करना,वन्यजीव अभयारण्य का मुख्य उद्देश्य वन्यजीवों की रक्षा करना है क्योंकि वे प्राकृतिक विविधता का हिस्सा हैं और उनकी रक्षा वास्तविकता और विश्वसनीयता की रक्षा करने में महत्वपूर्ण है।,वन्यजीव अभयारण्य में वन्यजीवों को एक सुरक्षित जगह दी जाती है जहाँ वे अपनी प्रकृत रूप से जीवित रह सकते हैं और रक्षित रह सकते हैं।,2026-09-14 14:24:52
GK_HI_0709,Hindi,General Knowledge,"पर्यावरण, वन्यजीव अभयारण्य एवं राष्ट्रीय उद्यान",Medium,किस वर्ष भारत ने अपने पहले वन्यजीव अभयारण्य की स्थापना की?,1950,1960,1970,1980,C,1970,1970 में भारत ने अपने पहले वन्यजीव अभयारण्य की स्थापना की क्योंकि इस समय वन्यजीवों की रक्षा में देश में एक गहरा सामाजिक और राजनीतिक रुचि थी।,1970 के दशक में भारत ने अपनी पहली वन्यजीव अभयारण्य की स्थापना की जिससे राष्ट्रिय उद्यानों का संगठित प्रबंधन शुरू हुआ।,2026-09-14 14:24:52
GK_HI_0710,Hindi,General Knowledge,"पर्यावरण, वन्यजीव अभयारण्य एवं राष्ट्रीय उद्यान",Medium,पर्यावरण राष्ट्रीय अभियान किस वर्ष शुरू हुआ?,1980,1985,1990,1995,B,1985,1985 में पर्यावरण राष्ट्रीय अभियान शुरू हुआ क्योंकि यह राष्ट्रीय स्तर पर पर्यावरण रक्षा की रुचि बढ़ाने के लिए था।,1985 के अभियान में पर्यावरण की संवेदनशीलता और रक्षा के लिए एक सामाजिक गुणवत्ता बढ़ाई गई थी।,2026-09-14 14:24:52
GK_HI_0711,Hindi,General Knowledge,"पर्यावरण, वन्यजीव अभयारण्य एवं राष्ट्रीय उद्यान",Medium,मानक राष्ट्रीय उद्यान की अभिमुखी क्षेत्रफल कितनी है?,1000 किलोमीटर वर्ग,5000 किलोमीटर वर्ग,10000 किलोमीटर वर्ग,20000 किलोमीटर वर्ग,C,10000 किलोमीटर वर्ग,मानक राष्ट्रीय उद्यान की अभिमुखी क्षेत्रफल 10000 किलोमीटर वर्ग है क्योंकि इसका मानक आकार राष्ट्रीय उद्यान के लिए स्थापना करने वाले संसदीय अधिनियमों के अनुसार निर्धारित होता है।,मानक राष्ट्रीय उद्यान की क्षेत्रफल का निर्धारण राज्य की सरकार और विभिन्न संसदीय अधिनियमों के अनुसार किया जाता है।,2026-09-14 14:24:52
GK_HI_0712,Hindi,General Knowledge,"पर्यावरण, वन्यजीव अभयारण्य एवं राष्ट्रीय उद्यान",Medium,वन्यजीव अभयारण्य में रक्षित वन्यजीव की संख्या कितनी है?,1000 से अधिक,5000 से अधिक,10000 से अधिक,20000 से अधिक,D,20000 से अधिक,वन्यजीव अभयारण्य में रक्षित वन्यजीव की संख्या 20000 से अधिक है क्योंकि वन्यजीव अभयारण्य वन्यजीवों की रक्षा और विविधता बढ़ाने के लिए एक महत्वपूर्ण राष्ट्रीय संस्था है।,वन्यजीव अभयारण्य में अनेक प्रजातियों की रक्षा की जाती है जो वन्यजीवों की अभिमुखी विविधता बढ़ाने में महत्वपूर्ण हैं।,2026-09-14 14:24:52
GK_HI_0713,Hindi,General Knowledge,"पर्यावरण, वन्यजीव अभयारण्य एवं राष्ट्रीय उद्यान",Medium,राष्ट्रीय उद्यानों की कितनी भूमि कार्यक्रम के अंतर्गत रहती है?,10%,25%,50%,75%,C,50%,राष्ट्रीय उद्यानों की कुल भूमि का 50% राष्ट्रीय उद्यान कार्यक्रम के अंतर्गत रहता है क्योंकि इस कार्यक्रम का उद्देश्य वन्यजीव रक्षा करना है।,राष्ट्रीय उद्यान कार्यक्रम का मुख्य उद्देश्य वन्यजीवों की रक्षा करना है जिसमें भूमि का 50% योग्य है।,2026-09-14 14:24:52
GK_HI_0714,Hindi,General Knowledge,"पर्यावरण, वन्यजीव अभयारण्य एवं राष्ट्रीय उद्यान",Medium,भारत राष्ट्रीय उद्यान का सर्वाधिक बड़ा राष्ट्रीय उद्यान कौन-सा है?,हरियाणा राष्ट्रीय उद्यान,महाराष्ट्र राष्ट्रीय उद्यान,मध्य प्रदेश राष्ट्रीय उद्यान,तमिलनाडु राष्ट्रीय उद्यान,C,मध्य प्रदेश राष्ट्रीय उद्यान,मध्य प्रदेश राष्ट्रीय उद्यान सबसे बड़ा राष्ट्रीय उद्यान है क्योंकि इसका कुल क्षेत्रफल राष्ट्रीय उद्यानों में सबसे बड़ा है।,मध्य प्रदेश राष्ट्रीय उद्यान 13687 वर्ग किलोमीटर का क्षेत्रफल के साथ भारत का सर्वाधिक बड़ा राष्ट्रीय उद्यान है।,2026-09-14 14:24:52
GK_HI_0715,Hindi,General Knowledge,"पर्यावरण, वन्यजीव अभयारण्य एवं राष्ट्रीय उद्यान",Medium,पर्यावरण राष्ट्रीय अभियान कितने वर्ष तक चला?,5 वर्ष,10 वर्ष,15 वर्ष,20 वर्ष,B,10 वर्ष,पर्यावरण राष्ट्रीय अभियान 10 वर्ष तक चला क्योंकि यह अभियान 1985 से 1995 तक चला।,पर्यावरण राष्ट्रीय अभियान राष्ट्रीय स्तर पर पर्यावरण रक्षा की रुचि बढ़ाने के लिए दस वर्ष तक चला।,2026-09-14 14:24:52
GK_HI_0716,Hindi,General Knowledge,"पर्यावरण, वन्यजीव अभयारण्य एवं राष्ट्रीय उद्यान",Medium,राष्ट्रीय उद्यान क्या है?,सामान्य अन्न की बिक्री की स्थान,वन्यजीवों की रक्षा की स्थान,पर्यावरण दुर्घटनाओं की रक्षा की स्थान,सामाजिक संरक्षण की स्थान,B,वन्यजीवों की रक्षा की स्थान,राष्ट्रीय उद्यान वन्यजीवों की रक्षा की स्थान है क्योंकि यह उन्हें संरक्षित रखने और उनकी विविधता बढ़ाने के लिए बनाया गया है।,राष्ट्रीय उद्यान वन्यजीवों की रक्षा और विविधता बढ़ाने के लिए बनाए गए इसका मुख्य उद्देश्य वन्यजीवों की रक्षा है।,2026-09-14 14:24:52
GK_HI_0717,Hindi,General Knowledge,प्राचीन एवं मध्यकालीन भारतीय इतिहास,Easy,भारत में किसका अधिकतम विस्तार विद्युत जल की इमारतें हैं?,गंगा नदी,यमुना नदी,सनातन नदी,मानसा नदी,A,गंगा नदी,गंगा नदी क्योंकि यह भारत की सबसे बड़ी नदी है और इसमें विद्युत जल की इमारतें बहुत से स्थान हैं।,गंगा नदी भारत की सबसे बड़ी नदी है जिसमें विद्युत जल की इमारतें बहुत से स्थान हैं।,2026-09-14 14:25:32
GK_HI_0718,Hindi,General Knowledge,प्राचीन एवं मध्यकालीन भारतीय इतिहास,Easy,भारत में जून-जुलाई में बर्फ नहीं डूबता किस शहर में?,मंजरियां,मुंबई,कोलकाता,चेन्नाई,B,मुंबई,मुंबई क्योंकि यह भारत का सबसे दुर्लभ शहर है जहाँ जून-जुलाई में बर्फ नहीं डूबती है।,मुंबई भारत का सबसे दुर्लभ शहर है जहाँ जून-जुलाई में बर्फ डूब नहीं जाती है।,2026-09-14 14:25:32
GK_HI_0719,Hindi,General Knowledge,प्राचीन एवं मध्यकालीन भारतीय इतिहास,Easy,किस शहर ने भारत की राजधानी के रूप में सबसे लंबा समय रहा?,भारत राजधानी,दिल्ली,मदुरेरी,कोलकाता,B,दिल्ली,दिल्ली क्योंकि यह भारत की राजधानी के रूप में सबसे लंबा समय रहा है।,दिल्ली भारत की राजधानी के रूप में सबसे लंबा समय रहा है और इसका इतिहास विशाल है।,2026-09-14 14:25:32
GK_HI_0720,Hindi,General Knowledge,प्राचीन एवं मध्यकालीन भारतीय इतिहास,Easy,भारत में किस शहर का नाम उपनाम 'स्टार्टअप कैपिटल' रखा गया है?,पुणे,नई दिल्ली,चेन्नाई,बैंगलोर,D,बैंगलोर,बैंगलोर क्योंकि यह भारत का सबसे बड़ा टेक्नोलॉजी मेन्यूकेंट शहर है।,बैंगलोर भारत का सबसे बड़ा टेक्नोलॉजी मेन्यूकेंट शहर है और इसलिए इसका नाम उपनाम 'स्टार्टअप कैपिटल' रखा गया है।,2026-09-14 14:25:32
GK_HI_0721,Hindi,General Knowledge,प्राचीन एवं मध्यकालीन भारतीय इतिहास,Easy,भारत में किस शहर का नाम उपनाम 'शहर ऑफ गोल्ड' रखा गया है?,पुणे,कोलकाता,नई दिल्ली,मदुरेरी,D,मदुरेरी,मदुरेरी क्योंकि यह भारत का सबसे बड़ा चांदी उत्पादन केंद्र है।,मदुरेरी भारत का सबसे बड़ा चांदी उत्पादन केंद्र है और इसलिए इसका नाम उपनाम 'शहर ऑफ गोल्ड' रखा गया है।,2026-09-14 14:25:32
GK_HI_0722,Hindi,General Knowledge,प्राचीन एवं मध्यकालीन भारतीय इतिहास,Easy,किस शहर का नाम उपनाम 'शहर ऑफ डेल्टा' रखा गया है?,पुणे,कोलकाता,मदुरेरी,नई दिल्ली,B,कोलकाता,कोलकाता क्योंकि यह भारत की सबसे बड़ी नदी गanges का मुख्य स्थान है।,कोलकाता भारत की सबसे बड़ी नदी गanges का मुख्य स्थान है और इसलिए इसका नाम उपनाम 'शहर ऑफ डेल्टा' रखा गया है।,2026-09-14 14:25:32
GK_HI_0723,Hindi,General Knowledge,प्राचीन एवं मध्यकालीन भारतीय इतिहास,Easy,भारत में किसका नाम उपनाम 'द शिपिंग कैपिटल' रखा गया है?,पुणे,कोलकाता,मदुरेरी,नई दिल्ली,B,कोलकाता,कोलकाता क्योंकि यह भारत का सबसे प्रसिद्ध शॉपिंग केंद्र है।,कोलकाता भारत का सबसे प्रसिद्ध शॉपिंग केंद्र है और इसलिए इसका नाम उपनाम 'द शिपिंग कैपिटल' रखा गया है।,2026-09-14 14:25:32
GK_HI_0724,Hindi,General Knowledge,प्राचीन एवं मध्यकालीन भारतीय इतिहास,Easy,भारत में किस काल में कैथरिना डेकर की यात्रा हुई थी?,1498,1583,1615,1700,C,1615,1615 क्योंकि यह वर्ष जब कैथरिना डेकर ने भारत की यात्रा की थी।,1615 में कैथरिना डेकर ने भारत की यात्रा की थी जो नैसर्गिक रूप से उसका नाम उपनाम बना गया।,2026-09-14 14:25:32
GK_HI_0725,Hindi,General Knowledge,प्राचीन एवं मध्यकालीन भारतीय इतिहास,Easy,भारत में किस काल में गोविंद सिंह राव का राज्य था?,1540-1556,1600-1620,1720-1740,1800-1820,A,1540-1556,1540-1556 क्योंकि यह काल जब गोविंद सिंह राव ने राज्य का नेतृत्व किया था।,1540-1556 में गोविंद सिंह राव ने राज्य का नेतृत्व किया था और इसके दौरान वह नैसर्गिक रूप से उपनाम बना।,2026-09-14 14:25:32
GK_HI_0726,Hindi,General Knowledge,प्राचीन एवं मध्यकालीन भारतीय इतिहास,Easy,भारत में किस काल में विश्वास का राज्य था?,1200-1250,1400-1450,1600-1650,1800-1850,B,1400-1450,1400-1450 क्योंकि यह काल जब विश्वास ने राज्य का नेतृत्व किया था।,1400-1450 में विश्वास ने राज्य का नेतृत्व किया था और इसके दौरान वह नैसर्गिक रूप से उपनाम बना।,2026-09-14 14:25:32
GK_HI_0727,Hindi,General Knowledge,आधुनिक भारत का इतिहास एवं स्वतंत्रता संग्राम,Medium,1942 फ्रेंच भारत में किस राज्य का कब्जा करने की प्रयास की थी?,मद्रास,मिस्र,बर्मा,मिनाया,C,बर्मा,बर्मा राज्य का कब्जा करने की प्रयास की थी जो फ्रांसीसियों द्वारा शासित था।,1942 में फ्रांसीसियों के राज्य बर्मा को जुड़ा लेने की प्रयास की थी जो स्वतंत्रता संग्राम का अनुभव कर रहा था।,2026-09-14 14:26:16
GK_HI_0728,Hindi,General Knowledge,आधुनिक भारत का इतिहास एवं स्वतंत्रता संग्राम,Medium,इंडिया एक्ट किस वर्ष पारित किया गया था?,1932,1935,1937,1938,B,1935,"इंडिया एक्ट, 1935 का एक महत्वपूर्ण विधान था जो भारतीय संसद की स्थापना की थी।","इंडिया एक्ट, 1935 ने भारतीय संसद की स्थापना की और इसे इंग्लैंड की राज्य संसद से अलग किया।",2026-09-14 14:26:16
GK_HI_0729,Hindi,General Knowledge,आधुनिक भारत का इतिहास एवं स्वतंत्रता संग्राम,Medium,1942 में भारत में किस राष्ट्रवादी नेता ने ब्रिटिश सरकार से स्वतंत्रता चाहिए राज्य की अभियान शुरू की?,सर जेम्स लाल नौराज,ताज बाग जी,जीता राव नानक सिंह,गुलाब शर्मा,A,सर जेम्स लाल नौराज,सर जेम्स लाल नौराज ने 1942 में भारत की स्वतंत्रता की अभियान शुरू की।,सर जेम्स लाल नौराज ने 1942 में भारत में स्वतंत्रता के लिए एक विशिष्ट अभियान शुरू किया।,2026-09-14 14:26:16
GK_HI_0730,Hindi,General Knowledge,आधुनिक भारत का इतिहास एवं स्वतंत्रता संग्राम,Medium,किस वर्ष भारतीय स्वतंत्रता दिवस अंतर्राष्ट्रीय दिवस बन गया?,1947,1950,1951,1956,B,1950,1950 में भारतीय स्वतंत्रता दिवस अंतर्राष्ट्रीय दिवस बन गया।,1950 में भारत सरकार ने राष्ट्रपति द्वारा यह अंतर्राष्ट्रीय दिवस घोषित किया।,2026-09-14 14:26:16
GK_HI_0731,Hindi,General Knowledge,आधुनिक भारत का इतिहास एवं स्वतंत्रता संग्राम,Medium,1942 में भारत में किस दल ने जाग्रत आंदोलन की अभियान शुरू की?,इंडियन अंकल ट्रेस्ट,आंग्लिकन दल,हिंदु रक्षक समिति,नेशनल राजदूत संघ,D,नेशनल राजदूत संघ,नेशनल राजदूत संघ ने जाग्रत आंदोलन की अभियान शुरू की थी।,1942 में नेशनल राजदूत संघ ने जाग्रत आंदोलन शुरू करके स्वतंत्रता के लिए बल दिया।,2026-09-14 14:26:16
GK_HI_0732,Hindi,General Knowledge,आधुनिक भारत का इतिहास एवं स्वतंत्रता संग्राम,Medium,भारत में राष्ट्रभाव ने जागृति शुरू किस वर्ष हुई?,1946,1947,1945,1942,D,1942,1942 में राष्ट्रभाव ने जागृति शुरू हुई और अंतरराष्ट्रीय आंदोलन ने स्वतंत्रता की योग्यता बढ़ाई।,1942 में राष्ट्रभाव ने जागृति शुरू की और इसी वर्ष अंतरराष्ट्रीय आंदोलन ने स्वतंत्रता के लिए बल दिया।,2026-09-14 14:26:16
GK_HI_0733,Hindi,General Knowledge,आधुनिक भारत का इतिहास एवं स्वतंत्रता संग्राम,Medium,1942 के ब्रिटिश राज की वितरण नीति को निर्वाचित संसद की तुलना में अधिक किसी तरह की क्षमता को देने वाला कहा जाता है?,हाकिमी राज्य,नागरिक राज्य,मिलिटरी राज्य,दलित राज्य,B,नागरिक राज्य,नागरिक राज्य भारतीय संसद की तुलना में ब्रिटिश राज की वितरण नीति को अधिक शक्ति देता है।,ब्रिटिश राज की वितरण नीति नागरिक राज्य के रूप में भारतीय संसद की तुलना में बहुत अधिक शक्ति देती थी।,2026-09-14 14:26:16
GK_HI_0734,Hindi,General Knowledge,आधुनिक भारत का इतिहास एवं स्वतंत्रता संग्राम,Medium,1942 में भारत में किस अंतरराष्ट्रीय आंदोलन ने स्वतंत्रता की योग्यता बढ़ाई?,बैंकिंग आंदोलन,व्यापार आंदोलन,नागरिक आंदोलन,अंतरराष्ट्रीय आंदोलन,D,अंतरराष्ट्रीय आंदोलन,अंतरराष्ट्रीय आंदोलन ने ब्रिटिश शासन के खिलाफ स्वतंत्रता के लिए अपने वादे को प्रस्तुत किया।,अंतरराष्ट्रीय आंदोलन ने ब्रिटिश शासन के खिलाफ स्वतंत्रता के लिए अपने वादे को प्रस्तुत किया।,2026-09-14 14:26:16
GK_HI_0735,Hindi,General Knowledge,आधुनिक भारत का इतिहास एवं स्वतंत्रता संग्राम,Medium,1942 में भारतीय स्वतंत्रता आंदोलन के लिए ब्रिटिश सरकार ने किस आंदोलन का उपयोग किया?,कृषि आंदोलन,सैन्य आंदोलन,व्यापार आंदोलन,सैनिक आंदोलन,B,सैन्य आंदोलन,1942 में ब्रिटिश सरकार ने सैन्य आंदोलन का उपयोग करके स्वतंत्रता आंदोलन को दबाया।,ब्रिटिश सरकार ने सैन्य आंदोलन को दबाने के लिए व्यापक रूप से उपयोग किया।,2026-09-14 14:26:16
GK_HI_0736,Hindi,General Knowledge,आधुनिक भारत का इतिहास एवं स्वतंत्रता संग्राम,Medium,भारत में 1942 में राष्ट्रीय संग्रह किस कारण से जागृत रहा?,राष्ट्रीय दर्जन,स्वतंत्रता आंदोलन,कृषि आंदोलन,सैन्य आंदोलन,B,स्वतंत्रता आंदोलन,1942 में राष्ट्रीय संग्रह ने स्वतंत्रता आंदोलन के लिए समर्थन दिया।,1942 में राष्ट्रीय संग्रह ने स्वतंत्रता आंदोलन के लिए अपना योगदान दिया।,2026-09-14 14:26:16
GK_HI_0737,Hindi,General Knowledge,विश्व का इतिहास एवं प्रमुख क्रांतियाँ,Hard,1848 वर्ष की फ्रांसीसी क्रांति का मुख्य उद्देश्य क्या था?,राजनीतिक स्वतंत्रता,राजनीतिक और सामाजिक जागृति,राजनीतिक आंदोलन,सामाजिक सुधार,B,राजनीतिक और सामाजिक जागृति,फ्रांसीसी क्रांति 1848 का उद्देश्य राजनीतिक और सामाजिक जागृति था।,1848 वर्ष की क्रांति के समय फ्रांस में सामाजिक दर्ज़ियों और राजनीतिक दर्ज़ियों के कारण सरकार को व्यावहारिक रूप से आर्थिक और सामाजिक सुधार की आवश्यकता थी।,2026-09-14 14:28:22
GK_HI_0738,Hindi,General Knowledge,विश्व का इतिहास एवं प्रमुख क्रांतियाँ,Hard,1917 का बौक सोवियत क्रांति के रूप में किस विशेषता से अलग है?,मार्कस लेंजन और व्लादिमीर लुजिनस्की के नेतृत्व में था,नियंत्रण से निकल गई थी,स्वतंत्र रूप से आया था,संशोधन के रूप में हुई थी,A,मार्कस लेंजन और व्लादिमीर लुजिनस्की के नेतृत्व में था,1917 का बौक सोवियत क्रांति नाश्ते में मार्कस लेंजन और व्लादिमीर लुजिनस्की के नेतृत्व में थी।,1917 का बौक सोवियत क्रांति मार्कस लेंजन और व्लादिमीर लुजिनस्की के नेतृत्व में हुई जो इसे दूसरी क्रांति के रूप में अलग करता है।,2026-09-14 14:28:22
GK_HI_0739,Hindi,General Knowledge,विश्व का इतिहास एवं प्रमुख क्रांतियाँ,Hard,कौन-सी क्रांति ने 1848 की बुलाहन के उपरांत एक नई राजनीतिक राजधानी बनाई?,1848 फ्रांसीसी क्रांति,1848 जर्मन क्रांति,1848 जर्मन राजधानी क्रांति,1848 विट्टल्सबर्ग क्रांति,D,1848 विट्टल्सबर्ग क्रांति,1848 विट्टल्सबर्ग क्रांति ने एक नई राजनीतिक राजधानी बनाई जो एक राष्ट्रवादी राजनीति के लिए महत्वपूर्ण थी।,"1848 विट्टल्सबर्ग क्रांति ने जर्मन राजधानी को बनाया, जो एक राष्ट्रवादी राजनीति के लिए महत्वपूर्ण थी।",2026-09-14 14:28:22
GK_HI_0740,Hindi,General Knowledge,विश्व का इतिहास एवं प्रमुख क्रांतियाँ,Hard,"1848 फ्रांसीसी क्रांति का नेता जो एक राजनीतिक और सामाजिक संप्रदाय था, कौन था?",फ्रांसीसी राष्ट्रीय संघ,मार्कस लेंजन,थियोडोर रिक्स्टर,नापलेन बार्लोस,C,थियोडोर रिक्स्टर,थियोडोर रिक्स्टर ने 1848 फ्रांसीसी क्रांति में एक महत्वपूर्ण नेता के रूप में कार्य किया।,थियोडोर रिक्स्टर 1848 फ्रांसीसी क्रांति का नेता था जो राजनीतिक और सामाजिक संप्रदाय के रूप में जाने जाता है।,2026-09-14 14:28:22
GK_HI_0741,Hindi,General Knowledge,विश्व का इतिहास एवं प्रमुख क्रांतियाँ,Hard,1848 फ्रांसीसी क्रांति के दौरान जर्मन राजधानी को किस नाम से जाना जाता था?,विट्टल्सबर्ग,बर्लिन,मैन्चेस्टर,ल्यूबन,A,विट्टल्सबर्ग,विट्टल्सबर्ग नाम से जाना जाने वाली जर्मन राजधानी ने 1848 फ्रांसीसी क्रांति के दौरान एक महत्वपूर्ण नेतृत्व किया।,विट्टल्सबर्ग नाम से जाना जाने वाली जर्मन राजधानी ने 1848 फ्रांसीसी क्रांति के दौरान एक महत्वपूर्ण नेतृत्व किया।,2026-09-14 14:28:22
GK_HI_0742,Hindi,General Knowledge,विश्व का इतिहास एवं प्रमुख क्रांतियाँ,Hard,1848 फ्रांसीसी क्रांति के दौरान राजनीतिक विवादों का कारण क्या था?,राजनीतिक और सामाजिक संदेह,अर्थव्यवस्था की गति,मानव और स्वतंत्रता के दावे,अधिकारों की आवश्यकता,C,मानव और स्वतंत्रता के दावे,1848 फ्रांसीसी क्रांति के दौरान राजनीतिक विवादों का एक मुख्य कारण था मानव और स्वतंत्रता के दावे।,1848 फ्रांसीसी क्रांति के दौरान राजनीतिक विवादों का एक मुख्य कारण था मानव और स्वतंत्रता के दावे।,2026-09-14 14:28:22
GK_HI_0743,Hindi,General Knowledge,विश्व का इतिहास एवं प्रमुख क्रांतियाँ,Hard,1848 फ्रांसीसी क्रांति के दौरान जर्मन राजधानी का महत्व किस प्रकार के कारण था?,जर्मन युग के लिए,राष्ट्रवादी राजनीति के लिए,राष्ट्रीय संघ के लिए,राजनीतिक नियंत्रण के लिए,B,राष्ट्रवादी राजनीति के लिए,1848 फ्रांसीसी क्रांति के दौरान जर्मन राजधानी का महत्व राष्ट्रवादी राजनीति के लिए था।,1848 फ्रांसीसी क्रांति के दौरान जर्मन राजधानी का महत्व राष्ट्रवादी राजनीति के लिए था।,2026-09-14 14:28:22
GK_HI_0744,Hindi,General Knowledge,विश्व का इतिहास एवं प्रमुख क्रांतियाँ,Hard,1848 फ्रांसीसी क्रांति के दौरान सामाजिक दर्ज़ियों का उत्पन्न कारण क्या था?,राजनीतिक नियंत्रण,राजनीतिक संहार,आर्थिक असामंजस्य,सामाजिक दर्ज़िया,C,आर्थिक असामंजस्य,1848 फ्रांसीसी क्रांति के दौरान सामाजिक दर्ज़ियों का उत्पन्न आर्थिक असामंजस्य के कारण था।,1848 फ्रांसीसी क्रांति के दौरान सामाजिक दर्ज़ियों का उत्पन्न आर्थिक असामंजस्य के कारण था।,2026-09-14 14:28:22
GK_HI_0745,Hindi,General Knowledge,विश्व का इतिहास एवं प्रमुख क्रांतियाँ,Hard,1848 फ्रांसीसी क्रांति के दौरान राष्ट्रवादी राजनीति का महत्व किस प्रकार के कारण था?,राष्ट्रीय संघ,राष्ट्रवादी संकल्प,राजनीतिक नियंत्रण,राष्ट्रवादी राजनीति,B,राष्ट्रवादी संकल्प,1848 फ्रांसीसी क्रांति के दौरान राष्ट्रवादी राजनीति का महत्व राष्ट्रवादी संकल्प के कारण था।,1848 फ्रांसीसी क्रांति के दौरान राष्ट्रवादी राजनीति का महत्व राष्ट्रवादी संकल्प के कारण था।,2026-09-14 14:28:22
GK_HI_0746,Hindi,General Knowledge,"भारत का भूगोल (नदियाँ, पर्वत, जलवायु, मिट्टियाँ)",Easy,भारत में दूर्गापुरी कौन सी गाव है?,कोरावाली,महाराष्ट्र,कर्नाटका,पंजाब,C,कर्नाटका,दूर्गापुरी का नाम कर्नाटका के एक गाव से प्राप्त हुआ है।,दूर्गापुरी एक गाव है जो कर्नाटका राज्य में स्थित है। इसका नाम कर्नाटका के गाव से लिया गया है।,2026-09-14 14:29:00
GK_HI_0747,Hindi,General Knowledge,"भारत का भूगोल (नदियाँ, पर्वत, जलवायु, मिट्टियाँ)",Easy,भारत का दक्षिणी सबसे ऊंचा पर्वत कौन सा है?,मानसूरी गिरि,म्यांबूर गिरि,नीवारा गिरि,संगामाला गिरि,B,म्यांबूर गिरि,म्यांबूर गिरि भारत के दक्षिणी सबसे ऊंचा पर्वत है।,"म्यांबूर गिरि भारत के दक्षिणी भाग में स्थित एक पर्वत जिसकी ऊंचाई 1,860 मीटर है।",2026-09-14 14:29:00
GK_HI_0748,Hindi,General Knowledge,"भारत का भूगोल (नदियाँ, पर्वत, जलवायु, मिट्टियाँ)",Easy,भारत का देश की चारों ओर घिरने वाला जल कौन सा है?,बाघनी,बागी,सागर,नदी,C,सागर,सागर भारत का देश की चारों ओर घिरने वाला जल है।,भारत दक्षिणी अन्तर्राष्ट्रीय सागर और उत्तरी अन्तर्राष्ट्रीय सागर द्वारा घिरा हुआ है।,2026-09-14 14:29:00
GK_HI_0749,Hindi,General Knowledge,"भारत का भूगोल (नदियाँ, पर्वत, जलवायु, मिट्टियाँ)",Easy,भारत में किस राज्य में विश्व की सबसे बड़ी नदी का उपवासना किया जाता है?,पंजाब,मद्यप्रदेश,कर्नाटका,उत्तर प्रदेश,A,पंजाब,पंजाब राज्य में गanges नदी का उपवासना किया जाता है।,"पंजाब राज्य में गanges नदी का उपवासना किया जाता है, जो विश्व की सबसे बड़ी नदियों में से एक है।",2026-09-14 14:29:00
GK_HI_0750,Hindi,General Knowledge,"भारत का भूगोल (नदियाँ, पर्वत, जलवायु, मिट्टियाँ)",Easy,भारत का नैसर्गिक रूप से बना जंगल जैसा किस राज्य में मिट्टी का उपयोग बहुत अधिक होता है?,महाराष्ट्र,पंजाब,राजस्थान,उत्तर प्रदेश,C,राजस्थान,राजस्थान राज्य में मिट्टी का उपयोग बहुत अधिक होता है।,राजस्थान राज्य में मिट्टी का उपयोग बहुत अधिक होता है क्योंकि यहाँ अधिकांश क्षेत्र चट्टानी मिट्टी का उपयोग करते हैं।,2026-09-14 14:29:00
GK_HI_0751,Hindi,General Knowledge,"भारत का भूगोल (नदियाँ, पर्वत, जलवायु, मिट्टियाँ)",Easy,भारत का सबसे बड़ा समुद्री भाग कौन सा है?,राज्य,महाद्वीप,द्वीप,सागर,D,सागर,सागर भारत का सबसे बड़ा समुद्री भाग है।,सागर भारत का एक विशाल समुद्री भाग है जो दक्षिण अन्तर्राष्ट्रीय सागर और उत्तरी अन्तर्राष्ट्रीय सागर से घिरा हुआ है।,2026-09-14 14:29:00
GK_HI_0752,Hindi,General Knowledge,"भारत का भूगोल (नदियाँ, पर्वत, जलवायु, मिट्टियाँ)",Easy,भारत का दूर देश किस दिशा से देखा जाता है?,पश्चिम,पूर्व,दक्षिण,उत्तर,B,पूर्व,भारत का दूर देश पूर्व दिशा से देखा जाता है।,"भारत का दूर देश जैसे इंडोनेशिया, भारतीय देशों के पूर्व दिशा से होकर आता है।",2026-09-14 14:29:00
GK_HI_0753,Hindi,General Knowledge,"भारत का भूगोल (नदियाँ, पर्वत, जलवायु, मिट्टियाँ)",Easy,भारत की किस राज्य में जलवायु आसान रहती है?,पंजाब,राजस्थान,कर्नाटका,उत्तर प्रदेश,C,कर्नाटका,कर्नाटका राज्य में जलवायु आसान रहती है।,कर्नाटका राज्य में जलवायु आसान रहती है क्योंकि यहाँ समुद्री वातावरण उपवासना करता है।,2026-09-14 14:29:00
GK_HI_0754,Hindi,General Knowledge,"भारत का भूगोल (नदियाँ, पर्वत, जलवायु, मिट्टियाँ)",Easy,भारत का सबसे बड़ा राज्य कौन सा है?,उत्तर प्रदेश,महाराष्ट्र,दिल्ली,मिजोरम,A,उत्तर प्रदेश,उत्तर प्रदेश भारत का सबसे बड़ा राज्य है।,"उत्तर प्रदेश भारत का सबसे बड़ा राज्य है जिसका क्षेत्रफल लगभग 2,00,000 वर्ग किलोमिटर है।",2026-09-14 14:29:00
GK_HI_0755,Hindi,General Knowledge,"भारत का भूगोल (नदियाँ, पर्वत, जलवायु, मिट्टियाँ)",Easy,भारत का दूर देश जैसे इंडोनेशिया किस दिशा से देखा जाता है?,पश्चिम,पूर्व,दक्षिण,उत्तर,B,पूर्व,इंडोनेशिया भारत के पूर्व दिशा से देखा जाता है।,इंडोनेशिया भारत के पूर्व दिशा से देखा जाता है जो दक्षिण अन्तर्राष्ट्रीय सागर में स्थित है।,2026-09-14 14:29:00
GK_HI_0756,Hindi,General Knowledge,"विश्व का भूगोल, महाद्वीप एवं महासागर",Medium,प्रश्न यहाँ लिखें?,विकल्प A,विकल्प B,विकल्प C,विकल्प D,A,विकल्प A,यह उत्तर क्यों सही है उसका संक्षिप्त अर्थ/कारण।,विस्तृत स्पष्टीकरण यहाँ लिखें।,2026-09-14 14:29:38
GK_HI_0757,Hindi,General Knowledge,"विश्व का भूगोल, महाद्वीप एवं महासागर",Medium,हाइड्रेड प्राइमरिया महाद्वीप किस भाग से बना है?,अमेरिका,अफ्रीका,अस्ट्रेलिया,अन्य देशों की भूमि,D,अन्य देशों की भूमि,हाइड्रेड प्राइमरिया महाद्वीप अन्य देशों की भूमि से बना है।,"हाइड्रेड प्राइमरिया महाद्वीप बाहरी कटिकल भागों की भूमि से बना है, जो विभिन्न देशों से आई है।",2026-09-14 14:29:38
GK_HI_0758,Hindi,General Knowledge,"विश्व का भूगोल, महाद्वीप एवं महासागर",Medium,कौन सा महाद्वीप सबसे बड़ा महाद्वीप है?,अमेरिका,अफ्रीका,साइनेसिया,आसिया,D,आसिया,आसिया सबसे बड़ा महाद्वीप है।,"आसिया का क्षेत्र लगभग 44.5 लाख वर्ग किलोमीटर है, जो सबसे बड़ा महाद्वीप का अनुमान है।",2026-09-14 14:29:38
GK_HI_0759,Hindi,General Knowledge,"विश्व का भूगोल, महाद्वीप एवं महासागर",Medium,किस महासागर में सबसे अधिक नौसून होता है?,प्राइमरिया महासागर,हाइड्रेड महासागर,ब्रॉनेनसिया महासागर,ब्रोमिया महासागर,B,हाइड्रेड महासागर,हाइड्रेड महासागर में सबसे अधिक नौसून होता है।,हाइड्रेड महासागर में बहुत अधिक नौसून होता है क्योंकि यह तापमान अन्वेषण और जलवायु आर्तनादों से भरा है।,2026-09-14 14:29:38
GK_HI_0760,Hindi,General Knowledge,"विश्व का भूगोल, महाद्वीप एवं महासागर",Medium,मानव आबादी का जन्म सबसे अधिक किस विश्व क्षेत्र में हुआ है?,अफ्रीका,आसिया,अमेरिका,अन्य देशों,B,आसिया,आसिया में मानव आबादी का जन्म सबसे अधिक हुआ है।,आसिया में बड़ी आबादी है जो इसके कारण जन्म और वृद्धि में अधिक है।,2026-09-14 14:29:38
GK_HI_0761,Hindi,General Knowledge,"विश्व का भूगोल, महाद्वीप एवं महासागर",Medium,किस महासागर का विस्तार सबसे बड़ा है?,प्राइमरिया महासागर,हाइड्रेड महासागर,ब्रॉनेनसिया महासागर,ब्रोमिया महासागर,A,प्राइमरिया महासागर,प्राइमरिया महासागर का विस्तार सबसे बड़ा है।,"प्राइमरिया महासागर लगभग 20,275,000 वर्ग किलोमीटर का क्षेत्र रखता है, जो सबसे बड़ा महासागर का अनुमान है।",2026-09-14 14:29:38
GK_HI_0762,Hindi,General Knowledge,"विश्व का भूगोल, महाद्वीप एवं महासागर",Medium,किस महाद्वीप में सबसे अधिक जलवायु विविधता होती है?,अमेरिका,अफ्रीका,साइनेसिया,आसिया,D,आसिया,आसिया में सबसे अधिक जलवायु विविधता होती है।,आसिया के विविध जलवायु प्रावृत्तियों के कारण यहाँ जलवायु विविधता बहुत अधिक होती है।,2026-09-14 14:29:38
GK_HI_0763,Hindi,General Knowledge,"विश्व का भूगोल, महाद्वीप एवं महासागर",Medium,किस महाद्वीप का पृष्ठ क्षेत्र सबसे छोटा है?,अमेरिका,अफ्रीका,साइनेसिया,प्राइमरिया,C,साइनेसिया,साइनेसिया का पृष्ठ क्षेत्र सबसे छोटा है।,"साइनेसिया का पृष्ठ क्षेत्र लगभग 4,000,000 वर्ग किलोमीटर है, जो सबसे छोटा महाद्वीप का अनुमान है।",2026-09-14 14:29:38
GK_HI_0764,Hindi,General Knowledge,"विश्व का भूगोल, महाद्वीप एवं महासागर",Medium,किस महासागर में जल से सबसे अधिक दिखाई देता है?,प्राइमरिया महासागर,हाइड्रेड महासागर,ब्रॉनेनसिया महासागर,ब्रोमिया महासागर,A,प्राइमरिया महासागर,प्राइमरिया महासागर में जल से सबसे अधिक दिखाई देता है।,प्राइमरिया महासागर में बहुत अधिक जल है जिससे यहाँ जल का दिखाई देता है।,2026-09-14 14:29:38
GK_HI_0765,Hindi,General Knowledge,"विश्व का भूगोल, महाद्वीप एवं महासागर",Medium,किस महासागर में अधिकतर क्राइस्टलाइन जल रहता है?,प्राइमरिया महासागर,हाइड्रेड महासागर,ब्रॉनेनसिया महासागर,ब्रोमिया महासागर,B,हाइड्रेड महासागर,हाइड्रेड महासागर में अधिकतर क्राइस्टलाइन जल रहता है।,हाइड्रेड महासागर में जल अधिकतर क्राइस्टलाइन रूप में रहता है जो जलवायु और आर्तनादों से निगट्टित करता है।,2026-09-14 14:29:38
GK_HI_0766,Hindi,General Knowledge,"भारतीय संविधान, मौलिक अधिकार एवं राजव्यवस्था",Medium,भारत की राज्यावली में किस प्रकार की संस्थाएँ स्वतंत्र राज्य व्यवस्था के रूप में व्यक्त की जाती हैं?,"संविधान के अनुसार उपराज्य, विभाग और नगर उपविभाग","संविधान के अनुसार राज्य, जिला और नगर उपविभाग","संविधान के अनुसार राज्य, जिला और उपराज्य","संविधान के अनुसार उपराज्य, जिला और नगर उपविभाग",B,"संविधान के अनुसार राज्य, जिला और नगर उपविभाग","राज्य स्वतंत्र राज्य व्यवस्था का एक उदाहरण है जो राज्य, जिला और नगर उपविभाग द्वारा व्यक्त की जाती हैं।","भारत की संविधान अध्याय 3 में राज्य व्यवस्था का वर्णन किया गया है जो राज्य, जिला और नगर उपविभाग द्वारा व्यक्त की जाती है। यह स्वतंत्र राज्य व्यवस्था का एक उदाहरण है।",2026-09-14 14:30:55
GK_HI_0767,Hindi,General Knowledge,"भारतीय संविधान, मौलिक अधिकार एवं राजव्यवस्था",Medium,किस अधिकार को भारतीय संविधान के अनुसार व्यक्तियों की आधिकारिक रूप से विशेष अवस्था के बीच परिवर्तन की अनुमति नहीं दिया गया है?,स्वतंत्रता का अधिकार,मानव अधिकारों का अधिकार,धर्मस्वत्याग अधिकार,राजनीतिक स्वतंत्रता का अधिकार,B,मानव अधिकारों का अधिकार,मानव अधिकारों का अधिकार भारतीय संविधान में व्यक्त किया गया है और इसका विशेष अवस्था के बीच परिवर्तन नहीं होता।,भारतीय संविधान में मानव अधिकारों का अधिकार एक असंकल्पित और अविभाज्य अधिकार है जो व्यक्तियों के लिए विशेष अवस्था में भी नहीं परिवर्तित किया जा सकता है।,2026-09-14 14:30:55
GK_HI_0768,Hindi,General Knowledge,"भारतीय संविधान, मौलिक अधिकार एवं राजव्यवस्था",Medium,किस प्रकार की बहस को भारतीय संविधान ने निरपेक्ष रूप से अनुमति दी है?,राजनीतिक बहस,संविधान की बहस,सांसदों की बहस,कानूनी बहस,B,संविधान की बहस,संविधान की बहस एक निरपेक्ष बहस है जो भारतीय संविधान ने अनुमति दी है।,भारतीय संविधान में निरपेक्ष रूप से संविधान की बहस का अधिकार दिया गया है जो संविधान की आवश्यकताओं और अनुसरण की विधियों को निर्दिष्ट करने में सहायक है।,2026-09-14 14:30:55
GK_HI_0769,Hindi,General Knowledge,"भारतीय संविधान, मौलिक अधिकार एवं राजव्यवस्था",Medium,किस अधिकार को भारतीय संविधान ने व्यक्तियों को विश्वास की अनुमति दी है कि वे अपनी निजी संस्थाओं के साथ राज्य और राज्य सरकार की संबंधों में विश्वास से विचार कर सकते हैं?,स्वतंत्रता का अधिकार,संवर्तन अधिकार,संविधान की बहस अधिकार,विश्वास का अधिकार,D,विश्वास का अधिकार,विश्वास का अधिकार एक भारतीय संविधान का अधिकार है जो व्यक्तियों को अपनी निजी संस्थाओं के साथ राज्य और राज्य सरकार की संबंधों में विश्वास से विचार करने की अनुमति देता है।,विश्वास का अधिकार भारतीय संविधान में व्यक्त किया गया है जो व्यक्तियों को अपनी निजी संस्थाओं के साथ राज्य और राज्य सरकार की संबंधों में विश्वास से विचार करने की अनुमति देता है।,2026-09-14 14:30:55
GK_HI_0770,Hindi,General Knowledge,"भारतीय संविधान, मौलिक अधिकार एवं राजव्यवस्था",Medium,भारतीय संविधान के अनुसार व्यक्तियों का कौन-सा अधिकार जिम्मेदारी के बिना अनुभव किया जा सकता है?,विश्वास का अधिकार,स्वतंत्रता का अधिकार,मानव अधिकारों का अधिकार,संवर्तन अधिकार,C,मानव अधिकारों का अधिकार,मानव अधिकारों का अधिकार भारतीय संविधान में व्यक्त किया गया है और यह विश्वास के बिना अनुभव किया जा सकता है।,मानव अधिकारों का अधिकार भारतीय संविधान में व्यक्त किया गया है जो व्यक्तियों को अपने मानविकता के अधिकारों को राज्य और सरकारों के द्वारा रक्षित किया जाने का अनुमान देता है और यह विश्वास के बिना अनुभव किया जा सकता है।,2026-09-14 14:30:55
GK_HI_0771,Hindi,General Knowledge,"भारतीय संविधान, मौलिक अधिकार एवं राजव्यवस्था",Medium,भारतीय संविधान में किस प्रकार की संस्थाएँ अधिकार और जिम्मेदारी के आधार पर विभाजित होती हैं?,राज्य और नगर उपविभाग,राज्य और जिला,संविधान और राज्य,संविधान और कानून,D,संविधान और कानून,संविधान और कानून के आधार पर संस्थाएँ अधिकार और जिम्मेदारी के आधार पर विभाजित होती हैं।,भारतीय संविधान और कानून दोनों के आधार पर संस्थाएँ अधिकार और जिम्मेदारी के आधार पर विभाजित होती हैं। यह संविधान और कानून के अनुसार विभिन्न संस्थाएँ की जिम्मेदारियों को व्यक्त करता है।,2026-09-14 14:30:55
GK_HI_0772,Hindi,General Knowledge,"भारतीय संविधान, मौलिक अधिकार एवं राजव्यवस्था",Medium,भारतीय संविधान के अनुसार किस प्रकार की बहस की जाती है जिसमें व्यक्तियों को अपनी निजी संस्थाओं के साथ राज्य और राज्य सरकार की संबंधों में विश्वास से विचार करने की अनुमति दी जाती है?,संविधान की बहस,राजनीतिक बहस,संवर्तन अधिकार,विश्वास का अधिकार,D,विश्वास का अधिकार,विश्वास का अधिकार एक भारतीय संविधान का अधिकार है जो व्यक्तियों को अपनी निजी संस्थाओं के साथ राज्य और राज्य सरकार की संबंधों में विश्वास से विचार करने की अनुमति देता है।,विश्वास का अधिकार एक भारतीय संविधान का अधिकार है जो व्यक्तियों को अपनी निजी संस्थाओं के साथ राज्य और राज्य सरकार की संबंधों में विश्वास से विचार करने की अनुमति देता है।,2026-09-14 14:30:55
GK_HI_0773,Hindi,General Knowledge,"भारतीय संविधान, मौलिक अधिकार एवं राजव्यवस्था",Medium,किस अधिकार को भारतीय संविधान ने व्यक्तियों को अपने कार्य और व्यवहार में अनुष्टुप न करने की अनुमति दी है?,स्वतंत्रता का अधिकार,संवर्तन अधिकार,विश्वास का अधिकार,स्वतंत्र व्यवहार अधिकार,D,स्वतंत्र व्यवहार अधिकार,स्वतंत्र व्यवहार अधिकार एक भारतीय संविधान का अधिकार है जो व्यक्तियों को अपने कार्य और व्यवहार में अनुष्टुप न करने की अनुमति देता है।,स्वतंत्र व्यवहार अधिकार एक भारतीय संविधान का अधिकार है जो व्यक्तियों को अपने कार्य और व्यवहार में अनुष्टुप न करने की अनुमति देता है।,2026-09-14 14:30:55
GK_HI_0774,Hindi,General Knowledge,"भारतीय संविधान, मौलिक अधिकार एवं राजव्यवस्था",Medium,भारतीय संविधान के अनुसार किस प्रकार की संस्थाएँ अधिकार और जिम्मेदारी के आधार पर विभाजित होती हैं?,राज्य और नगर उपविभाग,राज्य और जिला,राज्य और केंद्र,केंद्र और राज्य,D,केंद्र और राज्य,केंद्र और राज्य दोनों के बीच भारतीय संविधान अधिकार और जिम्मेदारी के आधार पर विभाजित होते हैं।,केंद्र और राज्य दोनों के बीच भारतीय संविधान अधिकार और जिम्मेदारी के आधार पर विभाजित होते हैं। यह भारतीय संविधान द्वारा विभिन्न अधिकारों की वितरण और जिम्मेदारी का संरक्षण करता है।,2026-09-14 14:30:55
GK_HI_0775,Hindi,General Knowledge,"भारतीय संविधान, मौलिक अधिकार एवं राजव्यवस्था",Medium,किस अधिकार को भारतीय संविधान ने व्यक्तियों को अपनी निजी संस्थाओं के साथ राज्य और राज्य सरकार की संबंधों में विश्वास से विचार करने की अनुमति दी है?,स्वतंत्रता का अधिकार,विश्वास का अधिकार,मानव अधिकारों का अधिकार,संवर्तन अधिकार,B,विश्वास का अधिकार,विश्वास का अधिकार एक भारतीय संविधान का अधिकार है जो व्यक्तियों को अपनी निजी संस्थाओं के साथ राज्य और राज्य सरकार की संबंधों में विश्वास से विचार करने की अनुमति देता है।,विश्वास का अधिकार एक भारतीय संविधान का अधिकार है जो व्यक्तियों को अपनी निजी संस्थाओं के साथ राज्य और राज्य सरकार की संबंधों में विश्वास से विचार करने की अनुमति देता है।,2026-09-14 14:30:55
GK_HI_0776,Hindi,General Knowledge,"भारतीय अर्थव्यवस्था, बैंकिंग, बजट एवं योजनाएं",Easy,भारतीय बैंकिंग में जीर्ण पॉज़िशन क्या है?,स्वयं पायें,उपलब्ध राशि का वितरण,स्थानीय राज्य सरकार का वितरण,कार्यालयों की स्थापना,B,उपलब्ध राशि का वितरण,जीर्ण पॉज़िशन उपलब्ध राशि को संयोजित करने का प्रक्रिया है जो ग्राहकों को प्रदान की जाती है।,जीर्ण पॉज़िशन बैंकों की एक महत्वपूर्ण कार्यक्रमिक है जो उनकी लाभ की तुलना में ग्राहकों को जीवन की निगरानी में मदद करने के लिए वितरण करती है।,2026-09-14 14:31:49
GK_HI_0777,Hindi,General Knowledge,"भारतीय अर्थव्यवस्था, बैंकिंग, बजट एवं योजनाएं",Easy,किस योजना ने भारत की स्थिति को बेहतर बनाने के लिए योजनाबद्ध नीतियों की अनुसंधान और विकास की जांच शुरू की?,अनुसंधान और विकास योजना,राष्ट्रिय विकास योजना,बाजार योजना,स्थानीय विकास योजना,A,अनुसंधान और विकास योजना,अनुसंधान और विकास योजना ने भारत की स्थिति को बेहतर बनाने के लिए योजनाबद्ध नीतियों की अनुसंधान और विकास की जांच शुरू की।,अनुसंधान और विकास योजना ने भारत की विभिन्न क्षेत्रों में योजनाबद्ध नीतियों की अनुसंधान और विकास की जांच के लिए एक विशेष संगठन बनाया।,2026-09-14 14:31:49
GK_HI_0778,Hindi,General Knowledge,"भारतीय अर्थव्यवस्था, बैंकिंग, बजट एवं योजनाएं",Easy,संघीय बजट किस वर्ष के दौरान तैयार किया जाता है?,पूर्वी संसद का दौरान,संसद का दौरान,संसद की अंतिम सत्र के दौरान,अंतिम संसद का दौरान,C,संसद की अंतिम सत्र के दौरान,संघीय बजट की तैयारी संसद की अंतिम सत्र के दौरान की जाती है।,संघीय बजट की तैयारी के लिए संसद की अंतिम सत्र के दौरान काम किया जाता है जिसमें लागत और आय की गणना और बजट परियोजनाओं की व्यवस्था की जाती है।,2026-09-14 14:31:49
GK_HI_0779,Hindi,General Knowledge,"भारतीय अर्थव्यवस्था, बैंकिंग, बजट एवं योजनाएं",Easy,भारतीय अर्थव्यवस्था में किस बाजार रूप से विभाजित है?,वित्तीय बाजार,बाजार और सरकारी बाजार,सरकारी बाजार,स्थानीय बाजार,B,बाजार और सरकारी बाजार,भारतीय अर्थव्यवस्था में बाजार और सरकारी बाजार दो विभाजित रूपों से बाजार रूप से विभाजित है।,"भारतीय अर्थव्यवस्था में बाजार और सरकारी बाजार दो विभाजित रूपों से बाजार रूप से विभाजित है, जहाँ बाजार बाजार और सरकारी बाजार दो विभाजित विकास के क्षेत्र हैं।",2026-09-14 14:31:49
GK_HI_0780,Hindi,General Knowledge,"भारतीय अर्थव्यवस्था, बैंकिंग, बजट एवं योजनाएं",Easy,किस बाजार का भारतीय अर्थव्यवस्था का एक प्रमुख हिस्सा है जिसमें सरकारी व्यवसाय और निवेश शामिल हैं?,सरकारी बाजार,स्थानीय बाजार,बाजार बाजार,वित्तीय बाजार,A,सरकारी बाजार,सरकारी बाजार एक बाजार है जहाँ सरकारी व्यवसाय और निवेश शामिल हैं।,सरकारी बाजार भारतीय अर्थव्यवस्था का एक महत्वपूर्ण हिस्सा है जहाँ सरकारी व्यवसाय और निवेश शामिल होते हैं और इसका राज्य की अर्थव्यवस्था में विशेष योगदान देता है।,2026-09-14 14:31:49
GK_HI_0781,Hindi,General Knowledge,"भारतीय अर्थव्यवस्था, बैंकिंग, बजट एवं योजनाएं",Easy,भारतीय अर्थव्यवस्था में जुलाई मास किस बजट के दौरान तैयार किया जाता है?,पर्यावरण बजट,संघीय बजट,सरकारी बजट,संसदी बजट,B,संघीय बजट,जुलाई मास में संघीय बजट तैयार किया जाता है।,जुलाई मास में संघीय बजट तैयार किया जाता है जो सरकार की वित्तीय स्थिति और व्यय विनिर्धन के लिए एक महत्वपूर्ण अंग है।,2026-09-14 14:31:49
GK_HI_0782,Hindi,General Knowledge,"भारतीय अर्थव्यवस्था, बैंकिंग, बजट एवं योजनाएं",Easy,किस अर्थव्यवस्था का विकास विभाजित समाज को लाभ देता है?,वित्तीय अर्थव्यवस्था,सामाजिक अर्थव्यवस्था,राष्ट्रीय अर्थव्यवस्था,संघीय अर्थव्यवस्था,B,सामाजिक अर्थव्यवस्था,सामाजिक अर्थव्यवस्था विभाजित समाज को लाभ देती है।,सामाजिक अर्थव्यवस्था विभाजित समाज को लाभ देती है जिसमें सामाजिक विवर्तन और समानता को समन्वित राज्य की नीतियों का अनुसरण किया जाता है।,2026-09-14 14:31:49
GK_HI_0783,Hindi,General Knowledge,"भारतीय अर्थव्यवस्था, बैंकिंग, बजट एवं योजनाएं",Easy,किस अर्थव्यवस्था में सरकारी व्यवसाय और निवेश शामिल हैं?,सरकारी अर्थव्यवस्था,स्थानीय अर्थव्यवस्था,वित्तीय अर्थव्यवस्था,सरकारी बाजार,A,सरकारी अर्थव्यवस्था,सरकारी अर्थव्यवस्था में सरकारी व्यवसाय और निवेश शामिल हैं।,सरकारी अर्थव्यवस्था एक अर्थव्यवस्था है जिसमें सरकारी व्यवसाय और निवेश शामिल होते हैं और यह सरकार की राजनीतिक और वित्तीय नीतियों को दर्शाता है।,2026-09-14 14:31:49
GK_HI_0784,Hindi,General Knowledge,"भारतीय अर्थव्यवस्था, बैंकिंग, बजट एवं योजनाएं",Easy,किस बाजार का भारतीय अर्थव्यवस्था का एक प्रमुख हिस्सा है जिसमें सरकारी व्यवसाय शामिल हैं?,सरकारी बाजार,स्थानीय बाजार,बाजार बाजार,वित्तीय बाजार,A,सरकारी बाजार,सरकारी बाजार एक बाजार है जिसमें सरकारी व्यवसाय शामिल होते हैं।,सरकारी बाजार भारतीय अर्थव्यवस्था का एक महत्वपूर्ण हिस्सा है जिसमें सरकारी व्यवसाय शामिल होते हैं और इसका राज्य की अर्थव्यवस्था में विशेष योगदान देता है।,2026-09-14 14:31:49
GK_HI_0785,Hindi,General Knowledge,"भारतीय कला, शास्त्रीय नृत्य, संगीत एवं सांस्कृतिक धरोहर",Medium,किसने भारतीय रंगकला के लिए एक महत्वपूर्ण योगदान दिया है जिन्होंने रंगकला को अंतरराष्ट्रीय स्तर पर भी प्रसिद्ध बनाया?,बाबुल आलम,प्रिया मंगलाचार्य,नरेन्द्र मोदी,विजय डुपिया,A,बाबुल आलम,बाबुल आलम ने भारतीय रंगकला को अंतरराष्ट्रीय स्तर पर प्रसिद्ध बनाने में महत्वपूर्ण योगदान दिया।,बाबुल आलम ने अपने कार्यों और शैलियों के माध्यम से भारतीय रंगकला को विश्व में प्रसिद्ध बनाया है।,2026-09-14 14:32:44
GK_HI_0786,Hindi,General Knowledge,"भारतीय कला, शास्त्रीय नृत्य, संगीत एवं सांस्कृतिक धरोहर",Medium,किसने राष्ट्रिय गायक श्री गुरु देव जगन्नाथ को पुरस्कारित किया था?,सरकार ऑफ द बींगलरूप,सरकार ऑफ द विश्वास,सरकार ऑफ द बिहार,सरकार ऑफ द राज्य,C,सरकार ऑफ द बिहार,श्री गुरु देव जगन्नाथ को बिहार सरकार ने राष्ट्रिय गायक के रूप में पुरस्कारित किया था।,श्री गुरु देव जगन्नाथ ने बिहार के साथ एक रिश्ता रखा है और उन्हें बिहार सरकार द्वारा पुरस्कारित किया गया था।,2026-09-14 14:32:44
GK_HI_0787,Hindi,General Knowledge,"भारतीय कला, शास्त्रीय नृत्य, संगीत एवं सांस्कृतिक धरोहर",Medium,किसने भारतीय नृत्य शास्त्रीय नृत्य का अनुसंधान और विकास के लिए महत्वपूर्ण योगदान दिया है?,श्री राम जैक्सन,श्री राम कान्नान,श्री राम चंद्र शर्मा,श्री राम बीर,C,श्री राम चंद्र शर्मा,श्री राम चंद्र शर्मा ने शास्त्रीय नृत्य का अध्ययन और विकास के लिए अतिरिक्त प्रयास किए थे।,श्री राम चंद्र शर्मा ने शास्त्रीय नृत्य की शैलियों का अध्ययन और उनकी विकास के लिए कई ग्रंथ लिखे हैं।,2026-09-14 14:32:44
GK_HI_0788,Hindi,General Knowledge,"भारतीय कला, शास्त्रीय नृत्य, संगीत एवं सांस्कृतिक धरोहर",Medium,किसने भारतीय संगीत के लिए एक महत्वपूर्ण योगदान दिया है जिन्होंने अन्य संगीत कलाकारों को भी प्रेरणा दी है?,श्री राम शर्मा,श्री राम गुप्त,श्री राम शंकर जोशी,श्री राम जैक्सन,C,श्री राम शंकर जोशी,श्री राम शंकर जोशी ने भारतीय संगीत के लिए अनेक गाने लिखे हैं जिन्हें अन्य संगीत कलाकारों ने भी प्रयोग किया है।,श्री राम शंकर जोशी ने अपने गानों के माध्यम से भारतीय संगीत के विकास में योगदान दिया है और अन्य कलाकारों को भी प्रेरणा दी है।,2026-09-14 14:32:44
GK_HI_0789,Hindi,General Knowledge,"भारतीय कला, शास्त्रीय नृत्य, संगीत एवं सांस्कृतिक धरोहर",Medium,किसने भारतीय नृत्य शास्त्रीय नृत्य के लिए एक महत्वपूर्ण योगदान दिया है जिन्होंने नृत्य शैलियों की अनुसंधान की शुरुआत की?,श्री राम जैक्सन,श्री राम गुप्त,श्री राम शंकर जोशी,श्री राम कान्नान,B,श्री राम गुप्त,श्री राम गुप्त ने शास्त्रीय नृत्य की अनुसंधान शैलियों की शुरुआत की थी।,श्री राम गुप्त ने अपने अनुसंधानों के माध्यम से शास्त्रीय नृत्य के विकास में योगदान दिया है।,2026-09-14 14:32:44
GK_HI_0790,Hindi,General Knowledge,"भारतीय कला, शास्त्रीय नृत्य, संगीत एवं सांस्कृतिक धरोहर",Medium,किसने भारतीय नृत्य शास्त्रीय नृत्य के लिए एक महत्वपूर्ण योगदान दिया है जिन्होंने नृत्य शैलियों की अध्ययन की शुरुआत की?,श्री राम जैक्सन,श्री राम गुप्त,श्री राम शंकर जोशी,श्री राम कान्नान,B,श्री राम गुप्त,श्री राम गुप्त ने शास्त्रीय नृत्य की अनुसंधान शैलियों की शुरुआत की थी।,श्री राम गुप्त ने अपने अनुसंधानों के माध्यम से शास्त्रीय नृत्य के विकास में योगदान दिया है।,2026-09-14 14:32:44
GK_HI_0791,Hindi,General Knowledge,"प्रमुख आविष्कार, खोजें एवं भारतीय वैज्ञानिक",Hard,भारतीय वैज्ञानिक जीवन विज्ञान में किसने ब्रॉनिकस के जीवीय डिजाइन तरीकों के विकास में महत्वपूर्ण योगदान दिया है?,कृष्ण नाथ शर्मा,महेन्द्र राजू,विश्वास जोशी,मित्रेश्वर माल्क,A,कृष्ण नाथ शर्मा,कृष्ण नाथ शर्मा ने ब्रॉनिक्स की विशेष विधियों को भारतीय जीवन विज्ञान में लागू किया और इस प्रक्रिया के महत्व को स्पष्ट किया।,कृष्ण नाथ शर्मा ने भारत में ब्रॉनिक्स के विकास की महत्वपूर्ण योगदान दी और इससे भारतीय जीवविज्ञान में अतिरिक्त विकास हुआ।,2026-09-14 14:33:44
GK_HI_0792,Hindi,General Knowledge,"प्रमुख आविष्कार, खोजें एवं भारतीय वैज्ञानिक",Hard,भारत में अपोलो-13 कार्बन क्रोमिटेड डिजाइन का अविष्कार किसने किया है?,जयश्री मिश्रा,भाविनी नाथ,कृष्ण नाथ शर्मा,मुख्य राजू,B,भाविनी नाथ,भाविनी नाथ ने भारत में अपोलो-13 कार्बन क्रोमिटेड डिजाइन का अविष्कार किया और इस डिजाइन को विकसित किया।,भाविनी नाथ ने अपोलो-13 कार्बन क्रोमिटेड डिजाइन का अविष्कार किया और इसका विकास किया जिसने नाभिकीय रेखाओं को बनाने में मदद की।,2026-09-14 14:33:44
GK_HI_0793,Hindi,General Knowledge,"प्रमुख आविष्कार, खोजें एवं भारतीय वैज्ञानिक",Hard,भारतीय वैज्ञानिक जीविका विज्ञान में किसने अनियमित जीवाश्मों की अध्ययन के महत्वपूर्ण योगदान दिया है?,विश्वास जोशी,कृष्ण नाथ शर्मा,भाविनी नाथ,महेन्द्र राजू,A,विश्वास जोशी,विश्वास जोशी ने अनियमित जीवाश्मों की अध्ययन और उनके अर्थ विकास के महत्वपूर्ण योगदान दिया।,विश्वास जोशी ने अनियमित जीवाश्मों की अध्ययन के माध्यम से जीवविज्ञान में अतिरिक्त ज्ञान और अर्थ की अवश्यकता को स्पष्ट किया।,2026-09-14 14:33:44
GK_HI_0794,Hindi,General Knowledge,"प्रमुख आविष्कार, खोजें एवं भारतीय वैज्ञानिक",Hard,भारत में नाभिकीय रेखाएं किसने अपोलो-13 कार्बन क्रोमिटेड डिजाइन का विकास किया है?,जयश्री मिश्रा,भाविनी नाथ,कृष्ण नाथ शर्मा,महेन्द्र राजू,B,भाविनी नाथ,भाविनी नाथ ने नाभिकीय रेखाओं का अपोलो-13 कार्बन क्रोमिटेड डिजाइन का विकास किया और इससे जीवित रहने की क्षमता बढ़ी।,भाविनी नाथ ने नाभिकीय रेखाओं को बेहतर ढंग से बनाने के लिए अपोलो-13 कार्बन क्रोमिटेड डिजाइन का विकास किया और इससे नाभिकीय रेखाओं की जीवित रहने की क्षमता को बढ़ाया।,2026-09-14 14:33:44
GK_HI_0795,Hindi,General Knowledge,"प्रमुख आविष्कार, खोजें एवं भारतीय वैज्ञानिक",Hard,भारतीय वैज्ञानिक जीविका विज्ञान में किसने जीवाश्म विश्लेषण के महत्वपूर्ण योगदान दिया है?,कृष्ण नाथ शर्मा,भाविनी नाथ,विश्वास जोशी,महेन्द्र राजू,C,विश्वास जोशी,विश्वास जोशी ने जीवाश्म विश्लेषण के महत्वपूर्ण योगदान दिया और इससे जीवविज्ञान में नए दृष्टिकोण लाए।,विश्वास जोशी ने जीवाश्म विश्लेषण के माध्यम से जीवविज्ञान में नए दृष्टिकोण लाए और इससे जीविका विज्ञान में अतिरिक्त ज्ञान और अर्थ की अवश्यकता को स्पष्ट किया।,2026-09-14 14:33:44
GK_HI_0796,Hindi,General Knowledge,"अंतरराष्ट्रीय संगठन (संयुक्त राष्ट्र, डब्ल्यूएचओ, विश्व बैंक)",Easy,संयुक्त राष्ट्र किस वर्ष में गठित हुआ था?,1945,1950,1940,1960,A,1945,संयुक्त राष्ट्र की स्थापना 1945 में हुई थी जो दुनियाँ युद्ध की अंतिम घटनाओं के बाद हुई थी।,संयुक्त राष्ट्र की गठन की संधि 1945 में तय की गई थी जिससे यह अंतरराष्ट्रीय संगठन के रूप में संरचित हो गया।,2026-09-14 14:34:28
GK_HI_0797,Hindi,General Knowledge,"अंतरराष्ट्रीय संगठन (संयुक्त राष्ट्र, डब्ल्यूएचओ, विश्व बैंक)",Easy,डब्ल्यूएचओ (WTO) किस वर्ष खोला गया था?,1995,1990,2000,1985,A,1995,डब्ल्यूएचओ की स्थापना 1995 में हुई थी जो विश्व बैंक और अन्य संस्थाओं के साथ एकीकरण और वित्तीय संकरण की योजना के तहत हुई थी।,डब्ल्यूएचओ की स्थापना की इस वर्ष ने विश्वीय व्यापार प्रणाली को एकीकृत करने के लिए एक नई शैली लाई थी।,2026-09-14 14:34:28
GK_HI_0798,Hindi,General Knowledge,"अंतरराष्ट्रीय संगठन (संयुक्त राष्ट्र, डब्ल्यूएचओ, विश्व बैंक)",Easy,विश्व बैंक किस वर्ष गठित हुआ था?,1945,1950,1944,1960,C,1944,विश्व बैंक की स्थापना 1944 में हुई थी जब नई यूनाइटेड नेशन्स बैंक के रूप में यह गठित हुआ था।,विश्व बैंक की स्थापना 1944 की ब्रांडेनबर्ग सम्मेलन के तहत हुई थी जिससे यह विश्वीय आर्थिक संस्था के रूप में विकसित हो गया।,2026-09-14 14:34:28
GK_HI_0799,Hindi,General Knowledge,"अंतरराष्ट्रीय संगठन (संयुक्त राष्ट्र, डब्ल्यूएचओ, विश्व बैंक)",Easy,डब्ल्यूएचओ की बारें किस वर्ग में नहीं पाए जाते?,संरक्षण,व्यापार,तैनाती,नागरिकता,D,नागरिकता,डब्ल्यूएचओ की बातचीत नागरिकता के विषय में नहीं आती।,डब्ल्यूएचओ का कार्य व्यापार संबंधी और आर्थिक घटनाओं पर केंद्रित है जबकि नागरिकता एक अलग संबंधी क्षेत्र है।,2026-09-14 14:34:28
GK_HI_0800,Hindi,General Knowledge,"अंतरराष्ट्रीय संगठन (संयुक्त राष्ट्र, डब्ल्यूएचओ, विश्व बैंक)",Easy,संयुक्त राष्ट्र किस वर्ग का एक सहयोगी संगठन है?,राष्ट्रीय संरक्षण,विश्वीय व्यापार,आर्थिक संवाद,मानव अधिकार,D,मानव अधिकार,संयुक्त राष्ट्र की गठन की इस उद्देश्य का हिस्सा मानव अधिकार को रक्षण करना था।,संयुक्त राष्ट्र का एक महत्वपूर्ण उद्देश्य मानव अधिकारों को रक्षण करना था और यह उन देशों के लिए एक गठन था जो इसकी सहायता कर सकते थे।,2026-09-14 14:34:28
GK_HI_0801,Hindi,General Knowledge,"अंतरराष्ट्रीय संगठन (संयुक्त राष्ट्र, डब्ल्यूएचओ, विश्व बैंक)",Easy,डब्ल्यूएचओ का कार्य किस विषय को कवर करता है?,राष्ट्रीय आर्थिक राज्य,तैनाती नियमण,नागरिकता,व्यापार,D,व्यापार,डब्ल्यूएचओ का एक महत्वपूर्ण उद्देश्य व्यापार को बढ़ावा देना था।,डब्ल्यूएचओ का कार्य व्यापार संबंधी नीतियों पर केंद्रित है और विश्वीय व्यापार की सुधार में सहयोग करना था।,2026-09-14 14:34:28
GK_HI_0802,Hindi,General Knowledge,"अंतरराष्ट्रीय संगठन (संयुक्त राष्ट्र, डब्ल्यूएचओ, विश्व बैंक)",Easy,विश्व बैंक की राष्ट्रीय राज्यों के किस विषय में सहायता करता है?,राष्ट्रीय आर्थिक राज्य,विश्वीय व्यापार,तैनाती नियमण,नागरिकता,A,राष्ट्रीय आर्थिक राज्य,विश्व बैंक राष्ट्रीय आर्थिक राज्यों में सहायता देता है।,विश्व बैंक राष्ट्रीय आर्थिक राज्यों की वित्तीय समस्याओं को हल करने के लिए बैंकिंग और वित्तीय सहायता प्रदान करता है।,2026-09-14 14:34:28
GK_HI_0803,Hindi,General Knowledge,"अंतरराष्ट्रीय संगठन (संयुक्त राष्ट्र, डब्ल्यूएचओ, विश्व बैंक)",Easy,संयुक्त राष्ट्र किस विषय को नहीं कवर करता?,राष्ट्रीय आर्थिक राज्य,नागरिकता,विश्वीय व्यापार,तैनाती नियमण,C,विश्वीय व्यापार,संयुक्त राष्ट्र विश्वीय व्यापार को नहीं कवर करता।,संयुक्त राष्ट्र व्यापार और आर्थिक संवाद संबंधी विषयों को नहीं कवर करता और इन विषयों का नियंत्रण डब्ल्यूएचओ द्वारा होता है।,2026-09-14 14:34:28
GK_HI_0804,Hindi,General Knowledge,"अंतरराष्ट्रीय संगठन (संयुक्त राष्ट्र, डब्ल्यूएचओ, विश्व बैंक)",Easy,डब्ल्यूएचओ की किस शाखा संरक्षण को कवर करती है?,राष्ट्रीय आर्थिक राज्य,नागरिकता,विश्वीय व्यापार,तैनाती नियमण,C,विश्वीय व्यापार,डब्ल्यूएचओ की शाखा विश्वीय व्यापार को कवर करती है।,डब्ल्यूएचओ की शाखा विश्वीय व्यापार संबंधी मामलों को नियंत्रित करने और सुधार करने में कार्य करती है।,2026-09-14 14:34:28
GK_HI_0805,Hindi,General Knowledge,"अंतरराष्ट्रीय संगठन (संयुक्त राष्ट्र, डब्ल्यूएचओ, विश्व बैंक)",Easy,विश्व बैंक की एक महत्वपूर्ण शाखा क्या है?,राष्ट्रीय आर्थिक राज्य,नागरिकता,विश्वीय व्यापार,तैनाती नियमण,A,राष्ट्रीय आर्थिक राज्य,विश्व बैंक की एक महत्वपूर्ण शाखा राष्ट्रीय आर्थिक राज्य है।,विश्व बैंक की शाखा राष्ट्रीय आर्थिक राज्यों की वित्तीय समस्याओं को हल करने के लिए बैंकिंग और वित्तीय सहायता प्रदान करती है।,2026-09-14 14:34:28
GK_HI_0806,Hindi,General Knowledge,"प्रसिद्ध भारतीय व्यक्तित्व, स्वतंत्रता सेनानी एवं महापुरुष",Medium,अजाइव सिंह किस स्वतंत्रता संग्राम में लड़ा?,विजयवादियों के साथ लड़ा,विजयवादियों के साथ लड़ा,पाकिस्तान के साथ लड़ा,बेंगल क्रान्ति में लड़ा,D,बेंगल क्रान्ति में लड़ा,अजाइव सिंह ने बेंगल क्रान्ति में अपना योगदान दिया था जो दोनों भारतीय और बेंगल राज्य के लिए महत्वपूर्ण था।,बेंगल क्रान्ति में अजाइव सिंह ने अपने कौशल और विश्वास के साथ भाग लिया था जो तब समय में एक महत्वपूर्ण रूप से था।,2026-09-14 14:35:19
GK_HI_0807,Hindi,General Knowledge,"प्रसिद्ध भारतीय व्यक्तित्व, स्वतंत्रता सेनानी एवं महापुरुष",Medium,महात्मा गांधी ने किस वर्ष नेतृत्व किया?,1922 में,1942 में,1915 में,1930 में,B,1942 में,1942 में महात्मा गांधी ने नव आंदोलन का नेतृत्व किया जिसका उद्देश्य भारत के लिए स्वतंत्रता लड़ना था।,1942 में महात्मा गांधी ने राष्ट्रीय संग्राम का नेतृत्व किया जिसमें वे इंग्लिश ऑफ इंडिया या युवा संग्राम के नाम से जाने जाते हैं।,2026-09-14 14:35:19
GK_HI_0808,Hindi,General Knowledge,"प्रसिद्ध भारतीय व्यक्तित्व, स्वतंत्रता सेनानी एवं महापुरुष",Medium,जानकी राव ने किस स्वतंत्रता संग्राम में भाग लिया?,भारत सरकार के साथ लड़ा,विजयवादियों के साथ लड़ा,बेंगल क्रान्ति में लड़ा,1857 वार क्रान्ति में लड़ा,D,1857 वार क्रान्ति में लड़ा,जानकी राव ने 1857 क्रान्ति में भारत के लिए लड़ा और यह एक महत्वपूर्ण हिस्सा रहा।,1857 क्रान्ति में जानकी राव ने अपने कौशल और विश्वास के साथ लड़ा और यह भारतीय इतिहास में एक महत्वपूर्ण हिस्सा बना।,2026-09-14 14:35:19
GK_HI_0809,Hindi,General Knowledge,"प्रसिद्ध भारतीय व्यक्तित्व, स्वतंत्रता सेनानी एवं महापुरुष",Medium,किस व्यक्ति ने भारत के लिए अपने जीवन दे दिया?,श्री नरेन्द्र मोदी,महात्मा गांधी,कैम्पबल बेलफोर्ट,विजय विश्वास,B,महात्मा गांधी,महात्मा गांधी ने भारत के लिए अपना जीवन दे दिया और इसके जिम्मेदारी से भारत की स्वतंत्रता को प्राप्त करने में महत्वपूर्ण योगदान दिया।,महात्मा गांधी ने अपना जीवन अपनी आर्थिक और लोकतांस्की चाहों के लिए भारत की स्वतंत्रता में लड़ने में दे दिया।,2026-09-14 14:35:19
GK_HI_0810,Hindi,General Knowledge,"प्रसिद्ध भारतीय व्यक्तित्व, स्वतंत्रता सेनानी एवं महापुरुष",Medium,महात्मा गांधी किस वर्ष निधन हुआ?,1947 में,1948 में,1949 में,1950 में,B,1948 में,महात्मा गांधी ने 1948 में निधन कर दिया और यह भारत की इतिहास में एक महत्वपूर्ण घटना बनी।,1948 में महात्मा गांधी का निधन भारत की इतिहास में एक महत्वपूर्ण घटना बनी और भारतीय सांस्कृतिक परम्परा का एक अद्भुत हिस्सा बना।,2026-09-14 14:35:19
GK_HI_0811,Hindi,General Knowledge,"प्रसिद्ध भारतीय व्यक्तित्व, स्वतंत्रता सेनानी एवं महापुरुष",Medium,महात्मा गांधी ने भारत के लिए किस राज्य का कार्य किया?,महाराष्ट्र,पंजाब,राजस्थान,गुजरात,D,गुजरात,महात्मा गांधी ने गुजरात में अपने नागरिक और सांस्कृतिक उदय का नेतृत्व किया और यह भारतीय इतिहास में एक महत्वपूर्ण राज्य बना।,गुजरात में महात्मा गांधी ने अपने नागरिक और सांस्कृतिक उदय का नेतृत्व किया जो भारतीय इतिहास में एक महत्वपूर्ण राज्य बना।,2026-09-14 14:35:19
GK_HI_0812,Hindi,General Knowledge,"प्रसिद्ध भारतीय व्यक्तित्व, स्वतंत्रता सेनानी एवं महापुरुष",Medium,जीता बीर चंद राजपूत किस स्वतंत्रता संग्राम में भाग लिया?,1857 वार क्रान्ति,भारत की ब्रिटिश राज्याओं के विरुद्ध लड़ा,बांग्ला विद्रोह,किसान आंदोलन,A,1857 वार क्रान्ति,जीता बीर चंद राजपूत ने 1857 वार क्रान्ति में भारत के लिए लड़ा और यह एक महत्वपूर्ण राजनीतिक घटना बनी।,1857 वार क्रान्ति में जीता बीर चंद राजपूत ने अपने कौशल और विश्वास के साथ लड़ा और यह भारतीय इतिहास में एक महत्वपूर्ण घटना बनी।,2026-09-14 14:35:19
GK_HI_0813,Hindi,General Knowledge,"प्रसिद्ध भारतीय व्यक्तित्व, स्वतंत्रता सेनानी एवं महापुरुष",Medium,महात्मा गांधी ने किस वर्ष नेहरू के साथ साथ कार्य किया?,1920 में,1922 में,1942 में,1947 में,C,1942 में,1942 में महात्मा गांधी और नेहरू ने नव आंदोलन का नेतृत्व किया और यह भारत की स्वतंत्रता के लिए महत्वपूर्ण योगदान दिया।,1942 में महात्मा गांधी और नेहरू ने नव आंदोलन का नेतृत्व किया जो भारत की स्वतंत्रता के लिए महत्वपूर्ण था।,2026-09-14 14:35:19
GK_HI_0814,Hindi,General Knowledge,"प्रसिद्ध भारतीय व्यक्तित्व, स्वतंत्रता सेनानी एवं महापुरुष",Medium,किस व्यक्ति ने भारतीय स्वतंत्रता के लिए अपने जीवन दे दिया?,जीता बीर चंद राजपूत,महात्मा गांधी,जानकी राव,श्री नरेन्द्र मोदी,B,महात्मा गांधी,महात्मा गांधी ने भारतीय स्वतंत्रता के लिए अपने जीवन दे दिया और यह एक महत्वपूर्ण विषय है।,महात्मा गांधी ने भारतीय स्वतंत्रता के लिए अपने जीवन दे दिया और इसके जिम्मेदारी से भारत की स्वतंत्रता को प्राप्त करने में महत्वपूर्ण योगदान दिया।,2026-09-14 14:35:19
GK_HI_0815,Hindi,General Knowledge,"प्रसिद्ध भारतीय व्यक्तित्व, स्वतंत्रता सेनानी एवं महापुरुष",Medium,जीता बीर चंद राजपूत किस वर्ष निधन हुआ?,1908 में,1922 में,1942 में,1947 में,A,1908 में,1908 में जीता बीर चंद राजपूत ने निधन कर दिया और यह भारतीय इतिहास में एक महत्वपूर्ण घटना बनी।,1908 में जीता बीर चंद राजपूत ने निधन कर दिया और यह भारतीय इतिहास में एक महत्वपूर्ण घटना बनी।,2026-09-14 14:35:19
GK_HI_0816,Hindi,General Knowledge,"प्रसिद्ध पुस्तकें, रचयिता एवं साहित्य",Medium,किस लेखक ने रामायण को पहली बार लिखा था?,विक्षेप मात्रक का निर्माता,विश्व की सबसे लोकप्रिय कवि,वैदिक काव्य का अन्तिम संस्करण देने वाला,आर्यन धर्म के व्याख्याकार,C,वैदिक काव्य का अन्तिम संस्करण देने वाला,रामायण को वैदिक काव्य की अन्तिम संस्करण के रूप में माना जाता है जो इसका रचनाकाल और इसके स्रोत के बारे में अनुमान लगाने में महत्वपूर्ण भूमिका निभाता है।,रामायण को भारतीय संस्कृति का एक महत्वपूर्ण हिस्सा माना जाता है और इसकी रचना के बारे में अनुमान लगाने के लिए इसकी इतिहासी महत्वता का वर्णन करता है।,2026-09-14 14:36:09
GK_HI_0817,Hindi,General Knowledge,"प्रसिद्ध पुस्तकें, रचयिता एवं साहित्य",Medium,किस लेखक ने भगवद्गीता को लिखा?,श्री राम,श्री कृष्ण,पार्वती,विश्वविज्ञानकारी,B,श्री कृष्ण,भगवद्गीता श्री कृष्ण और धृतराष्ट्र के बीच एक वाद्यवाद गीत के रूप में लिखी गई है जो धर्म और जीवन के बारे में नाहक करती है।,भगवद्गीता का उत्पन्न कितना महत्वपूर्ण है और इसका साहित्यिक महत्व क्यों है।,2026-09-14 14:36:09
GK_HI_0818,Hindi,General Knowledge,"प्रसिद्ध पुस्तकें, रचयिता एवं साहित्य",Medium,किस लेखक ने रामानुजन की जीवनिकात्मक लेखनी प्रसिद्ध की?,श्री राम,कार्ल फ्रांसिस गार्डनर,ए. रामानुजन,श्री कृष्ण,B,कार्ल फ्रांसिस गार्डनर,कार्ल फ्रांसिस गार्डनर ने रामानुजन की जीवनिकात्मक लेखनी भारतीय गणित के विकास के इतिहास का अनुभव और उनके अपने कार्यों के बारे में एक प्राचीन तथ्य प्रसिद्ध करने में महत्वपूर्ण भूमिका निभाई है।,रामानुजन की जीवनिकात्मक लेखनी के महत्व और उसे प्रसिद्ध करने की कारण।,2026-09-14 14:36:09
GK_HI_0819,Hindi,General Knowledge,"प्रसिद्ध पुस्तकें, रचयिता एवं साहित्य",Medium,किस लेखक ने भारतीय संस्कृति का नाटक जीवन को लिखा?,विश्वविज्ञानकारी,कार्ल फ्रांसिस गार्डनर,राम कौशल्याल,नरेन्द्र मोदी,C,राम कौशल्याल,राम कौशल्याल ने भारतीय संस्कृति का दृश्य कला रूप में दिखाने के लिए नाटक जीवन लिखा है।,राम कौशल्याल का नाटक जीवन और इसका महत्व और उससे प्राप्त ज्ञान की यादृच्छिक व्याख्या।,2026-09-14 14:36:09
GK_HI_0820,Hindi,General Knowledge,"प्रसिद्ध पुस्तकें, रचयिता एवं साहित्य",Medium,किस लेखक ने भारतीय इतिहास की एक अन्य प्रसिद्ध लेखनी लिखी है?,राम कौशल्याल,कार्ल फ्रांसिस गार्डनर,कुमारा स्वामी प्रसाद बुद्धीज्ञ,कृष्ण शर्मा,C,कुमारा स्वामी प्रसाद बुद्धीज्ञ,कुमारा स्वामी प्रसाद बुद्धीज्ञ ने भारतीय इतिहास की लेखनी लिखी है जो इसके विविध रूपों का प्रतिबिम्ब प्रदान करती है।,कुमारा स्वामी प्रसाद बुद्धीज्ञ की लेखनी और इसके महत्व की यादृच्छिक व्याख्या।,2026-09-14 14:36:09
GK_HI_0821,Hindi,General Knowledge,"प्रसिद्ध पुस्तकें, रचयिता एवं साहित्य",Medium,किस लेखक ने भारतीय संस्कृति की एक अन्य प्रसिद्ध लेखनी लिखी है?,कुमारा स्वामी प्रसाद बुद्धीज्ञ,कार्ल फ्रांसिस गार्डनर,राम कौशल्याल,राम कौशल्याल,A,कुमारा स्वामी प्रसाद बुद्धीज्ञ,कुमारा स्वामी प्रसाद बुद्धीज्ञ ने भारतीय संस्कृति की लेखनी लिखी है जो इसके विविध रूपों का प्रतिबिम्ब प्रदान करती है।,कुमारा स्वामी प्रसाद बुद्धीज्ञ की लेखनी और इसके महत्व की यादृच्छिक व्याख्या।,2026-09-14 14:36:09
GK_HI_0822,Hindi,General Knowledge,"प्रमुख राष्ट्रीय एवं अंतरराष्ट्रीय पुरस्कार (नोबेल, भारत रत्न, पद्म पुरस्कार)",Easy,नोबेल पुरस्कार किस वर्ष भारतीय विज्ञानी ने जीवनीकार श्रेणी में जीता?,1980,1997,2013,2008,C,2013,क्योंकि मालिन्दी ने 2013 में नोबेल जीवनीकार श्रेणी में भारतीय विज्ञानी के रूप में जीता।,2013 में मालिन्दी ने नोबेल जीवनीकार श्रेणी में अपनी रिश्तो-आधारित विज्ञान की कार्यक्रम और उपयोग से पुरस्कार जीता।,2026-09-14 14:36:52
GK_HI_0823,Hindi,General Knowledge,"प्रमुख राष्ट्रीय एवं अंतरराष्ट्रीय पुरस्कार (नोबेल, भारत रत्न, पद्म पुरस्कार)",Easy,भारत रत्न किस वर्ष लेखक को प्रदान किया गया?,1950,1991,1997,2002,C,1997,क्योंकि राम नाथ को 1997 में भारत रत्न पुरस्कार मिला।,1997 में राम नाथ ने भारत रत्न पुरस्कार प्राप्त किया। वह एक प्रसिद्ध संस्कृत और इतिहास लेखक थे।,2026-09-14 14:36:52
GK_HI_0824,Hindi,General Knowledge,"प्रमुख राष्ट्रीय एवं अंतरराष्ट्रीय पुरस्कार (नोबेल, भारत रत्न, पद्म पुरस्कार)",Easy,पद्म विमल अवार्ड किस वर्ष भारतीय विज्ञानी ने प्राप्त किया?,1992,2000,2008,2015,C,2008,क्योंकि रवि शर्मा ने 2008 में पद्म विमल अवार्ड प्राप्त की।,2008 में रवि शर्मा ने अपने रेडियोरिथ्मिक फाइबर टाइप ने जीवन की रक्त प्रवाह संरक्षण तकनीकों में योगदान के लिए पद्म विमल अवार्ड प्राप्त की।,2026-09-14 14:36:52
GK_HI_0825,Hindi,General Knowledge,"प्रमुख राष्ट्रीय एवं अंतरराष्ट्रीय पुरस्कार (नोबेल, भारत रत्न, पद्म पुरस्कार)",Easy,नोबेल और्गनाइजेशन ने किस वर्ष नोबेल फार्मेसी और मिडिकल जीवविज्ञान पुरस्कार की शुरुआत की?,1901,1905,1910,1921,A,1901,क्योंकि नोबेल फार्मेसी और मिडिकल जीवविज्ञान पुरस्कार नोबेल पुरस्कार की शुरुआत के वर्ष 1901 में शुरू किया गया था।,1901 में नोबेल फार्मेसी और मिडिकल जीवविज्ञान पुरस्कार नोबेल पुरस्कार का एक नई श्रेणी बनाया गया था।,2026-09-14 14:36:52
GK_HI_0826,Hindi,General Knowledge,"प्रमुख राष्ट्रीय एवं अंतरराष्ट्रीय पुरस्कार (नोबेल, भारत रत्न, पद्म पुरस्कार)",Easy,भारत रत्न किस वर्ष सर्वोच्च राष्ट्रीय पुरस्कार के रूप में घोषित किया गया था?,1950,1951,1952,1953,A,1950,क्योंकि भारत रत्न ने 1950 में राष्ट्रीय निर्यातिमान पुरस्कार के रूप में घोषित किया था।,1950 में भारत रत्न ने राष्ट्रीय निर्यातिमान पुरस्कार के रूप में घोषित किया था। इसके बाद इसे सर्वोच्च राष्ट्रीय पुरस्कार के रूप में बदल दिया गया था।,2026-09-14 14:36:52
GK_HI_0827,Hindi,General Knowledge,"प्रमुख राष्ट्रीय एवं अंतरराष्ट्रीय पुरस्कार (नोबेल, भारत रत्न, पद्म पुरस्कार)",Easy,नोबेल फिजिक्स पुरस्कार किस वर्ष भारतीय विज्ञानी ने जीता?,2008,2010,2015,2017,C,2015,क्योंकि श्री रामानुजन ने 2015 में नोबेल फिजिक्स पुरस्कार जीता।,2015 में श्री रामानुजन ने अपने गणित के योगदान के लिए नोबेल फिजिक्स पुरस्कार प्राप्त किया।,2026-09-14 14:36:52
GK_HI_0828,Hindi,General Knowledge,"प्रमुख राष्ट्रीय एवं अंतरराष्ट्रीय पुरस्कार (नोबेल, भारत रत्न, पद्म पुरस्कार)",Easy,नोबेल लिटरेचर श्रेणी किस वर्ष भारतीय लेखक ने जीती?,2008,2010,2013,2015,C,2013,क्योंकि मालिन्दी ने 2013 में नोबेल लिटरेचर पुरस्कार जीता।,2013 में मालिन्दी ने अपनी रिश्तो-आधारित विज्ञान की कार्यक्रम और उपयोग से नोबेल लिटरेचर पुरस्कार जीता।,2026-09-14 14:36:52
GK_HI_0829,Hindi,General Knowledge,"प्रमुख राष्ट्रीय एवं अंतरराष्ट्रीय पुरस्कार (नोबेल, भारत रत्न, पद्म पुरस्कार)",Easy,पद्म सर्वश्रेष्ठ अर्ज किस वर्ष भारतीय लेखक ने प्राप्त किया?,2000,2005,2010,2015,C,2010,क्योंकि विश्वास राजनीति ने 2010 में पद्म सर्वश्रेष्ठ अर्ज प्राप्त किया।,2010 में विश्वास ने अपनी राजनीतिक और विदेश नीति के योगदान के लिए पद्म सर्वश्रेष्ठ अर्ज प्राप्त किया।,2026-09-14 14:36:52
GK_HI_0830,Hindi,General Knowledge,"खेल जगत, क्रिकेट, हॉकी एवं ओलंपिक खेल",Medium,क्रिकेट में एक ऑवर में कितनी बल्लेबाजी होती है?,5 बल्लेबाजी,6 बल्लेबाजी,7 बल्लेबाजी,8 बल्लेबाजी,B,6 बल्लेबाजी,एक ऑवर में एक खिलाड़ी को छह बार बल्ला दिया जाता है।,"क्रिकेट की नियमों के अनुसार, एक ऑवर में एक बल्लेबाज द्वारा 6 बल्लेबाजी होती है।",2026-09-14 14:37:34
GK_HI_0831,Hindi,General Knowledge,"खेल जगत, क्रिकेट, हॉकी एवं ओलंपिक खेल",Medium,खेल जगत में गोल्फ किस प्रकार का खेल है?,क्रिकेट का एक प्रकार,बास्केटबॉल का एक प्रकार,हार्टबैंडिंग का एक प्रकार,फुटबॉल का एक प्रकार,C,हार्टबैंडिंग का एक प्रकार,गोल्फ एक एकल कर्म या हार्टबैंडिंग का एक प्रकार है।,गोल्फ एक ऐसा खेल है जिसमें एक खिलाड़ी एक लकड़ी के बल्ले एक नक्शे पर दिए गए लकड़ी के हिस्पों को लगाकर लगातार छोड़ कर गोल पाने की कोशिश करता है।,2026-09-14 14:37:34
GK_HI_0832,Hindi,General Knowledge,"खेल जगत, क्रिकेट, हॉकी एवं ओलंपिक खेल",Medium,हॉकी खेल में एक टीम कितने खिलाड़ी खेल सकती है?,8 खिलाड़ी,10 खिलाड़ी,12 खिलाड़ी,14 खिलाड़ी,B,10 खिलाड़ी,हॉकी खेल में एक टीम 10 खिलाड़ी की संख्या में खेल सकती है।,हॉकी खेल में एक टीम 10 खिलाड़ी खेलती है जिनमें 1 मैन गैर-खिलाड़ी रहता है।,2026-09-14 14:37:34
GK_HI_0833,Hindi,General Knowledge,"खेल जगत, क्रिकेट, हॉकी एवं ओलंपिक खेल",Medium,क्रिकेट में एक टीम कितने खिलाड़ी से शुरू कर सकती है?,8 खिलाड़ी,10 खिलाड़ी,11 खिलाड़ी,13 खिलाड़ी,C,11 खिलाड़ी,क्रिकेट में एक टीम 11 खिलाड़ी से शुरू कर सकती है।,क्रिकेट में एक टीम 11 खिलाड़ी की संख्या में खेलती है जिनमें 10 खिलाड़ी खेलते हैं और 1 खिलाड़ी विशेष देख रहा है।,2026-09-14 14:37:34
GK_HI_0834,Hindi,General Knowledge,"खेल जगत, क्रिकेट, हॉकी एवं ओलंपिक खेल",Medium,हॉकी खेल में एक गोल कितने स्कोरिंग के रूप में माना जाता है?,1 स्कोर,2 स्कोर,3 स्कोर,4 स्कोर,B,2 स्कोर,हॉकी खेल में एक गोल 2 स्कोरिंग के रूप में माना जाता है।,हॉकी खेल में एक गोल दो अंकों या दो स्कोरों के रूप में अनुमानित किया जाता है।,2026-09-14 14:37:34
GK_HI_0835,Hindi,General Knowledge,"खेल जगत, क्रिकेट, हॉकी एवं ओलंपिक खेल",Medium,विश्व ओलंपिक खेल में एक खिलाड़ी एक खेल में कितने गेम खेल सकता है?,एक गेम,दो गेम,तीन गेम,चार गेम,A,एक गेम,विश्व ओलंपिक खेल में एक खिलाड़ी एक खेल में एक ही गेम खेल सकता है।,विश्व ओलंपिक खेल में एक खिलाड़ी एक खेल में एक ही गेम खेल सकता है।,2026-09-14 14:37:34
GK_HI_0836,Hindi,General Knowledge,"खेल जगत, क्रिकेट, हॉकी एवं ओलंपिक खेल",Medium,क्रिकेट में टूर्नामेंट और लगभग एक दशक के बाद किस प्रकार का खेल रूप लेता है?,हाईलाइट,इन रिकॉर्ड,आरकेज,चांसलर रिकॉर्ड,A,हाईलाइट,क्रिकेट में एक टूर्नामेंट और लगभग एक दशक के बाद इस खेल का रूप हाईलाइट रूपांतरित हो जाता है।,"क्रिकेट में एक टूर्नामेंट के बाद और लगभग एक दशक के बाद, खेल में एक बाजारीय और रूपांतरित रूप में खेलने वाले खिलाड़ियों की चाह के लिए एक खेल रूप लेता है जिसे हाईलाइट कहा जाता है।",2026-09-14 14:37:34
GK_HI_0837,Hindi,General Knowledge,"खेल जगत, क्रिकेट, हॉकी एवं ओलंपिक खेल",Medium,क्रिकेट में एक लगातार कितने रावल्ले खेल सकता है?,5 रावल्ले,7 रावल्ले,8 रावल्ले,10 रावल्ले,B,7 रावल्ले,क्रिकेट में एक खिलाड़ी एक लगातार 7 रावल्ले खेल सकता है।,"क्रिकेट की नियमों के अनुसार, एक खिलाड़ी एक लगातार 7 रावल्ले खेल सकता है, जिसके बाद वह दूसरी टीम का अधिकार लेने का मौका मिलता है।",2026-09-14 14:37:34
GK_HI_0838,Hindi,General Knowledge,"खेल जगत, क्रिकेट, हॉकी एवं ओलंपिक खेल",Medium,विश्व ओलंपिक खेल में एक खिलाड़ी कितने खेल से शुरू कर सकता है?,एक खेल,दो खेल,तीन खेल,चार खेल,A,एक खेल,विश्व ओलंपिक खेल में एक खिलाड़ी एक खेल से शुरू कर सकता है।,"विश्व ओलंपिक खेल में एक खिलाड़ी एक ही खेल से शुरू कर सकता है, लेकिन वह विभिन्न खेलों में से अधिक खेल खेल सकता है।",2026-09-14 14:37:34
GK_HI_0839,Hindi,General Knowledge,"पर्यावरण, वन्यजीव अभयारण्य एवं राष्ट्रीय उद्यान",Hard,किस राष्ट्रीय उद्यान में 'बानी-बाई फुलावाई' जीवनकालीन वन्यजीव हैं?,राष्ट्रीय उद्यान दिल्ली,राष्ट्रीय उद्यान अंडाच्छन्न,राष्ट्रीय उद्यान सोनारकुंड,राष्ट्रीय उद्यान जाहराबाद,C,राष्ट्रीय उद्यान सोनारकुंड,इस उत्तर की सही है क्योंकि राष्ट्रीय उद्यान सोनारकुंड में बानी-बाई फुलावाई जीवनकालीन वन्यजीव हैं।,राष्ट्रीय उद्यान सोनारकुंड में बानी-बाई फुलावाई एक ऐसा जीवनकालीन वन्यजीव है जो यहाँ पाया जाता है और इसकी बचाव की कार्यक्रम यहाँ है।,2026-09-14 14:38:35
GK_HI_0840,Hindi,General Knowledge,"पर्यावरण, वन्यजीव अभयारण्य एवं राष्ट्रीय उद्यान",Hard,किस देश में जंगल चार्ट की दो मुख्य श्रेणियाँ हैं: गौरवपूर्ण और अवौत जंगल?,भारत,मलेशिया,इंडोनेशिया,ब्राजील,A,भारत,इस उत्तर की सही है क्योंकि भारत में जंगल चार्ट में गौरवपूर्ण और अवौत जंगल दो मुख्य श्रेणियाँ हैं।,भारत में जंगल चार्ट में जंगलों को वर्गीकृत करने के लिए दो मुख्य श्रेणियाँ शामिल हैं: गौरवपूर्ण और अवौत जंगल।,2026-09-14 14:38:35
GK_HI_0841,Hindi,General Knowledge,"पर्यावरण, वन्यजीव अभयारण्य एवं राष्ट्रीय उद्यान",Hard,किस वन्यजीव राष्ट्रीय उद्यान में 'तारा बिल्ली' का नाम स्वरूप रहता है?,राष्ट्रीय उद्यान जाहराबाद,राष्ट्रीय उद्यान अंडाच्छन्न,राष्ट्रीय उद्यान कार्नाटक,राष्ट्रीय उद्यान जम्मू और कश्मीर,C,राष्ट्रीय उद्यान कार्नाटक,इस उत्तर की सही है क्योंकि राष्ट्रीय उद्यान कार्नाटक में 'तारा बिल्ली' का नाम स्वरूप रहता है।,राष्ट्रीय उद्यान कार्नाटक में एक वन्यजीव 'तारा बिल्ली' पाया जाता है जिसका नाम स्वरूप रहता है।,2026-09-14 14:38:35
GK_HI_0842,Hindi,General Knowledge,"पर्यावरण, वन्यजीव अभयारण्य एवं राष्ट्रीय उद्यान",Hard,प्राकृतिक वायु बदलाव का प्रमुख कारण क्या है?,कार्बन डाईऑक्साइड (CO2) की कमी,वन नष्ट और वन विकास,हवा की शीतीकरण,समुद्र सतह की आर्द्रता कमी,B,वन नष्ट और वन विकास,इस उत्तर की सही है क्योंकि वन नष्ट और वन विकास प्राकृतिक वायु बदलाव का प्रमुख कारण है।,वन नष्ट और वन विकास जैसी अन्य अवस्थाएँ वन भूमि को बैंक डिस्ट्रिब्युटर से नष्ट करने वाली है जो ग्रीन हाउस गैसों की संधारणा को बढ़ावा देती है और इस प्रकार प्राकृतिक वायु बदलाव का प्रमुख कारण होता है।,2026-09-14 14:38:35
GK_HI_0843,Hindi,General Knowledge,"पर्यावरण, वन्यजीव अभयारण्य एवं राष्ट्रीय उद्यान",Hard,संरक्षित जानवरों को शामिल किस प्रकार के अभयारण्यों में रखा जा सकता है?,वन्यजीव अभयारण्य,चेतन अभयारण्य,संरक्षित जानवर अभयारण्य,उत्पादक अभयारण्य,C,संरक्षित जानवर अभयारण्य,इस उत्तर की सही है क्योंकि संरक्षित जानवर अभयारण्य में संरक्षित जानवरों को रखा जा सकता है।,संरक्षित जानवर अभयारण्य वह स्थान है जहाँ वन्यजीव जानवरों को संरक्षण के लिए रखा जा सकता है और यह उनकी बचाव की कार्यक्रमों का भी हिस्सा है।,2026-09-14 14:38:35
GK_HI_0844,Hindi,General Knowledge,"पर्यावरण, वन्यजीव अभयारण्य एवं राष्ट्रीय उद्यान",Hard,प्राकृतिक वन्यजीव अभयारण्य में किस प्रकार की जीवाश्मता होती है?,पूर्ववर्ती जीवाश्मता,संरक्षित जीवाश्मता,वन्यजीव अभयारण्य जीवाश्मता,वन्यजीव प्रकृति जीवाश्मता,C,वन्यजीव अभयारण्य जीवाश्मता,इस उत्तर की सही है क्योंकि प्राकृतिक वन्यजीव अभयारण्य में वन्यजीव अभयारण्य जीवाश्मता होती है।,प्राकृतिक वन्यजीव अभयारण्य में जीवाश्मता वह होती है जो वन्यजीव जीवन का रिकॉर्ड रखती है और इससे वन्यजीव जीवन की जीत और विकास का अवलोकन किया जा सकता है।,2026-09-14 14:38:35
GK_HI_0845,Hindi,General Knowledge,"पर्यावरण, वन्यजीव अभयारण्य एवं राष्ट्रीय उद्यान",Hard,किस राष्ट्रीय उद्यान में विशेष रूप से 'विश्व की सफेद मानसिंह' की बचाव की कार्यक्रम चलाए जाते हैं?,राष्ट्रीय उद्यान गुजरात,राष्ट्रीय उद्यान जाहराबाद,राष्ट्रीय उद्यान संतरा,राष्ट्रीय उद्यान जम्मू और कश्मीर,D,राष्ट्रीय उद्यान जम्मू और कश्मीर,इस उत्तर की सही है क्योंकि राष्ट्रीय उद्यान जम्मू और कश्मीर में विशेष रूप से 'विश्व की सफेद मानसिंह' की बचाव की कार्यक्रम चलाए जाते हैं।,राष्ट्रीय उद्यान जम्मू और कश्मीर में विशेष रूप से 'विश्व की सफेद मानसिंह' की बचाव की कार्यक्रम चलाए जाते हैं जो इन जानवरों की बचाव और बढ़ोतरी के लिए अतिरिक्त संसाधन और संस्थाएँ देते हैं।,2026-09-14 14:38:35
GK_HI_0846,Hindi,General Knowledge,"पर्यावरण, वन्यजीव अभयारण्य एवं राष्ट्रीय उद्यान",Hard,किस राष्ट्रीय उद्यान में 'सिंधुराजा नारायण' का नाम स्वरूप है?,राष्ट्रीय उद्यान जम्मू और कश्मीर,राष्ट्रीय उद्यान जाहराबाद,राष्ट्रीय उद्यान गुजरात,राष्ट्रीय उद्यान दिल्ली,A,राष्ट्रीय उद्यान जम्मू और कश्मीर,इस उत्तर की सही है क्योंकि राष्ट्रीय उद्यान जम्मू और कश्मीर में 'सिंधुराजा नारायण' का नाम स्वरूप है।,राष्ट्रीय उद्यान जम्मू और कश्मीर में 'सिंधुराजा नारायण' का नाम स्वरूप है जो अपने रंग और विशेष वैशिष्ट्यों के कारण इस प्रकार की जानवरों के अवलोकन का अतिरिक्त रिकॉर्ड रखता है।,2026-09-14 14:38:35
GK_HI_0847,Hindi,General Knowledge,"पर्यावरण, वन्यजीव अभयारण्य एवं राष्ट्रीय उद्यान",Hard,वन विकास का मुख्य उद्देश्य क्या है?,वन की आकार से कमी,वन की आकार से वृद्धि,वन की आकार के निरपेक्षीकरण,वन की आकार के वृद्धि के विरूद्ध,B,वन की आकार से वृद्धि,इस उत्तर की सही है क्योंकि वन विकास का मुख्य उद्देश्य वन की आकार से वृद्धि है।,वन विकास का मुख्य उद्देश्य वन की आकार से वृद्धि है जो वन भूमि को बढ़ावा देता है और इस प्रकार वन भूमि की बचाव और वन्यजीव जीवन की बचाव के लिए अतिरिक्त संसाधन और संस्थाएँ देता है।,2026-09-14 14:38:35
GK_HI_0848,Hindi,General Knowledge,"पर्यावरण, वन्यजीव अभयारण्य एवं राष्ट्रीय उद्यान",Hard,संरक्षित जानवर अभयारण्य में किस प्रकार की जीवाश्मता होती है?,प्राकृतिक जीवाश्मता,वन्यजीव अभयारण्य जीवाश्मता,संरक्षित जानवर अभयारण्य जीवाश्मता,वन्यजीव प्रकृति जीवाश्मता,C,संरक्षित जानवर अभयारण्य जीवाश्मता,इस उत्तर की सही है क्योंकि संरक्षित जानवर अभयारण्य में संरक्षित जानवर अभयारण्य जीवाश्मता होती है।,संरक्षित जानवर अभयारण्य में जीवाश्मता वह होती है जो संरक्षित जानवरों के जीवन का रिकॉर्ड रखती है और इससे जानवरों की बचाव और बढ़ोतरी का अवलोकन किया जा सकता है।,2026-09-14 14:38:35
GK_HI_0849,Hindi,General Knowledge,प्राचीन एवं मध्यकालीन भारतीय इतिहास,Easy,किस युग का लक्ष्य आधुनिक इतिहास लेकर लिखा जाता है?,प्राचीन युग,मध्यकालीन युग,धर्मसंहार,प्राचीन एवं मध्यकालीन युग दोनों,D,प्राचीन एवं मध्यकालीन युग दोनों,प्राचीन एवं मध्यकालीन युग दोनों में इतिहास का लक्ष्य आधुनिक इतिहास से फिर से शुरू होता है।,"आधुनिक इतिहास का लक्ष्य आज से पहले के इतिहास तक शामिल होता है, जिसमें प्राचीन एवं मध्यकालीन युग भी शामिल होते हैं।",2026-09-14 14:39:20
GK_HI_0850,Hindi,General Knowledge,प्राचीन एवं मध्यकालीन भारतीय इतिहास,Easy,किस युग में इंद्र राजा माना जाता था?,प्राचीन युग,धर्मसंहार,मध्यकालीन युग,कुछ भी नहीं,A,प्राचीन युग,इंद्र राजा वैदिक युग में इन्द्र को राजा के रूप में माना जाता था।,"प्राचीन युग में इंद्र राजा माना जाता था, जो वैदिक दर्शन का प्रतीक है।",2026-09-14 14:39:20
GK_HI_0851,Hindi,General Knowledge,प्राचीन एवं मध्यकालीन भारतीय इतिहास,Easy,किस युग में विश्वास हुआ कि माता देवी का रक्षक भगवान राम है?,प्राचीन युग,मध्यकालीन युग,धर्मसंहार,कुछ भी नहीं,B,मध्यकालीन युग,रामकथा मध्यकालीन युग में विकसित हुई थी।,मध्यकालीन युग में राम कथा विकसित हुई थी और विश्वास हुआ कि माता देवी का रक्षक भगवान राम है।,2026-09-14 14:39:20
GK_HI_0852,Hindi,General Knowledge,प्राचीन एवं मध्यकालीन भारतीय इतिहास,Easy,किस युग के दर्शन का अध्ययन आधुनिक इतिहास का एक अहम भाग है?,प्राचीन युग,धर्मसंहार,मध्यकालीन युग,कुछ भी नहीं,B,धर्मसंहार,धर्मसंहार के दर्शन और धर्मोत्तर युग के दर्शन का अध्ययन आधुनिक इतिहास का एक अहम भाग है।,धर्मसंहार के दर्शन और धर्मोत्तर युग के दर्शन का अध्ययन आधुनिक इतिहास का एक अहम भाग है।,2026-09-14 14:39:20
GK_HI_0853,Hindi,General Knowledge,प्राचीन एवं मध्यकालीन भारतीय इतिहास,Easy,किस युग के संस्कृतिका स्तर अधिक अच्छा था?,प्राचीन युग,मध्यकालीन युग,धर्मसंहार,कुछ भी नहीं,B,मध्यकालीन युग,मध्यकालीन युग में भारतीय संस्कृति का स्तर अधिक अच्छा था।,मध्यकालीन युग में भारतीय संस्कृति का स्तर अधिक अच्छा था और इतिहास की अधिक संपूर्ण रूप से व्याप्त दृष्टिकोण के लिए अहम था।,2026-09-14 14:39:20
GK_HI_0854,Hindi,General Knowledge,प्राचीन एवं मध्यकालीन भारतीय इतिहास,Easy,किस युग में द्वादशांश योग्य विकसित हुए?,प्राचीन युग,मध्यकालीन युग,धर्मसंहार,कुछ भी नहीं,B,मध्यकालीन युग,मध्यकालीन युग में द्वादशांश योग्य विकसित हुए।,मध्यकालीन युग में द्वादशांश योग्य विकसित हुए जो आज भी ग्रहों के गणना में उपयोग किए जाते हैं।,2026-09-14 14:39:20
GK_HI_0855,Hindi,General Knowledge,प्राचीन एवं मध्यकालीन भारतीय इतिहास,Easy,किस युग के लिए अर्थव्यवस्था और राजव्यवस्था का अध्ययन आधुनिक इतिहास में अहम है?,प्राचीन युग,मध्यकालीन युग,धर्मसंहार,कुछ भी नहीं,B,मध्यकालीन युग,मध्यकालीन युग के राजव्यवस्था और अर्थव्यवस्था आधुनिक इतिहास में अहम हैं।,मध्यकालीन युग के राजव्यवस्था और अर्थव्यवस्था आधुनिक इतिहास में अहम हैं और इनका अध्ययन इतिहास का अन्य अहम भाग बनता है।,2026-09-14 14:39:20
GK_HI_0856,Hindi,General Knowledge,प्राचीन एवं मध्यकालीन भारतीय इतिहास,Easy,किस युग की अर्थव्यवस्था और राजव्यवस्था आधुनिक इतिहास का अहम भाग है?,प्राचीन युग,मध्यकालीन युग,धर्मसंहार,कुछ भी नहीं,B,मध्यकालीन युग,मध्यकालीन युग की अर्थव्यवस्था और राजव्यवस्था आधुनिक इतिहास का अहम भाग हैं।,मध्यकालीन युग की अर्थव्यवस्था और राजव्यवस्था आधुनिक इतिहास का अहम भाग हैं और इनका अध्ययन आधुनिक सोशल और राजनैतिक संवाद में भी ज्ञान का स्रोत बनता है।,2026-09-14 14:39:20
GK_HI_0857,Hindi,General Knowledge,प्राचीन एवं मध्यकालीन भारतीय इतिहास,Easy,किस युग की राजव्यवस्था आधुनिक इतिहास का अहम भाग है?,प्राचीन युग,मध्यकालीन युग,धर्मसंहार,कुछ भी नहीं,B,मध्यकालीन युग,मध्यकालीन युग की राजव्यवस्था आधुनिक इतिहास का अहम भाग है।,मध्यकालीन युग की राजव्यवस्था आधुनिक इतिहास का अहम भाग है और इनका अध्ययन आधुनिक राजनीति और संवाद के लिए ज्ञान प्रदान करता है।,2026-09-14 14:39:20
GK_HI_0858,Hindi,General Knowledge,प्राचीन एवं मध्यकालीन भारतीय इतिहास,Easy,किस युग की संस्कृति आधुनिक इतिहास का अहम भाग है?,प्राचीन युग,मध्यकालीन युग,धर्मसंहार,कुछ भी नहीं,B,मध्यकालीन युग,मध्यकालीन युग की संस्कृति आधुनिक इतिहास का अहम भाग है।,मध्यकालीन युग की संस्कृति आधुनिक इतिहास का अहम भाग है और इनका अध्ययन आधुनिक संस्कृति और संस्कृतिका विकास के लिए ज्ञान प्रदान करता है।,2026-09-14 14:39:20
GK_HI_0859,Hindi,General Knowledge,आधुनिक भारत का इतिहास एवं स्वतंत्रता संग्राम,Medium,स्वतंत्रता संग्राम किस वर्ष में शुरू हुए?,1919,1920,1921,1922,B,1920,1920 का स्वतंत्रता संग्राम शुरू हुआ जब गुरु गुर्दास बहादुर ने अंग्रेजों के खिलाफ अक्टूबर संधि के विरुद्ध प्रस्ताव दिया।,1920 में गुरु गुर्दास बहादुर ने गांधीजी की नेतृत्व वाले अंग्रेज राज के विरोध में अक्टूबर संधि के विरुद्ध राजा राजेश्वर जी और राजा रामचंद्र जी के साथ अक्टूबर संधि का विरोध करने का प्रस्ताव दिया था।,2026-09-14 14:41:29
GK_HI_0860,Hindi,General Knowledge,आधुनिक भारत का इतिहास एवं स्वतंत्रता संग्राम,Medium,स्वतंत्रता संग्राम की जुनौ़ा जागीर कहाँ थी?,बंगाल,पंजाब,मध्य प्रदेश,गुजरात,B,पंजाब,जुनौ़ा जागीर एक स्वतंत्रता संग्राम की युद्ध क्षेत्र था जो पंजाब के कुछ भागों में था।,1921 में जुनौ़ा जागीर में गुरु गुर्दास बहादुर और अन्य संग्राम के वीर ने गुलाब जादु के विरुद्ध लड़ाइयाँ लड़ी थीं।,2026-09-14 14:41:29
GK_HI_0861,Hindi,General Knowledge,आधुनिक भारत का इतिहास एवं स्वतंत्रता संग्राम,Medium,स्वतंत्रता संग्राम में किस लोग की योग्यता स्थापित हुई?,कुलीन वर्ग,स्थानीय शैली का विकास करने वाले लोग,क्षेत्रीय विद्वान,किशोर और युवा,D,किशोर और युवा,किशोर और युवा ने अपनी सेवा और संग्राम के द्वारा भारत की स्वतंत्रता के लिए अदभुत योगदान दिया।,किशोर और युवा ने अपने युवा समुदाय और अन्य भारतीय नेताओं के साथ राजा रामचंद्र जी और अन्य युवा नेताओं के साथ स्वतंत्रता के लिए लड़ाइयाँ लड़ीं थीं।,2026-09-14 14:41:29
GK_HI_0862,Hindi,General Knowledge,आधुनिक भारत का इतिहास एवं स्वतंत्रता संग्राम,Medium,स्वतंत्रता संग्राम में किस नेता ने लाल फल दर्ज़ा की राजतन्त्रिक सिफारिश का विरोध किया?,राजा राजेश्वर जी,राजा रामचंद्र जी,गुरु गुर्दास बहादुर,नानक शर्मा,C,गुरु गुर्दास बहादुर,गुरु गुर्दास बहादुर ने लाल फल दर्ज़ा की राजतन्त्रिक सिफारिश का विरोध किया और स्वतंत्रता के लिए लड़ाइयाँ लड़ीं।,गुरु गुर्दास बहादुर ने अंग्रेजों के खिलाफ लाल फल दर्ज़ा की राजतन्त्रिक सिफारिश का विरोध किया और गुलाब जादु के विरुद्ध स्वतंत्रता के लिए लड़ाइयाँ लड़ीं।,2026-09-14 14:41:29
GK_HI_0863,Hindi,General Knowledge,आधुनिक भारत का इतिहास एवं स्वतंत्रता संग्राम,Medium,स्वतंत्रता संग्राम में किस युवा नेता ने बाल गोदावरी का विरोध किया?,प्रताप राव,राजेश दुर्गापुरान,राजा रामचंद्र जी,कुमार दास द्वारकानाथ,B,राजेश दुर्गापुरान,राजेश दुर्गापुरान ने बाल गोदावरी को विनाश करने वाले अंग्रेजों के विरुद्ध स्वतंत्रता के लिए लड़ाइयाँ लड़ीं।,राजेश दुर्गापुरान ने अंग्रेजों के खिलाफ अक्टूबर संधि के विरुद्ध और बाल गोदावरी को विनाश करने वाले अंग्रेजों के विरुद्ध स्वतंत्रता के लिए लड़ाइयाँ लड़ीं।,2026-09-14 14:41:29
GK_HI_0864,Hindi,General Knowledge,आधुनिक भारत का इतिहास एवं स्वतंत्रता संग्राम,Medium,स्वतंत्रता संग्राम किस युग में दाखिल हुई?,संग्राम युग,मंदिर युग,नारायण युग,स्वतंत्रता युग,D,स्वतंत्रता युग,स्वतंत्रता संग्राम नारायण युग के बाद स्वतंत्रता युग की शुरुआत के दौरान दाखिल हुई।,स्वतंत्रता संग्राम नारायण युग के बाद और स्वतंत्रता युग की शुरुआत के दौरान दाखिल हुई। यह एक नए इतिहास की शुरुआत थी जिसमें भारतीय नेताओं ने अंग्रेज राज के विरोध में लड़ाइयाँ लड़ीं।,2026-09-14 14:41:29
GK_HI_0865,Hindi,General Knowledge,आधुनिक भारत का इतिहास एवं स्वतंत्रता संग्राम,Medium,स्वतंत्रता संग्राम में किस नेता ने गुलाब जादु के विरुद्ध लड़ाइयाँ लड़ीं?,राजा रामचंद्र जी,राजा राजेश्वर जी,गुरु गुर्दास बहादुर,नानक शर्मा,C,गुरु गुर्दास बहादुर,गुरु गुर्दास बहादुर ने अंग्रेजों के खिलाफ गुलाब जादु के विरुद्ध लड़ाइयाँ लड़ीं।,गुरु गुर्दास बहादुर ने अंग्रेजों के खिलाफ गुलाब जादु के विरुद्ध लड़ाइयाँ लड़ीं और स्वतंत्रता के लिए लड़ाइयाँ लड़ीं।,2026-09-14 14:41:29
GK_HI_0866,Hindi,General Knowledge,आधुनिक भारत का इतिहास एवं स्वतंत्रता संग्राम,Medium,स्वतंत्रता संग्राम में किस नेता ने राजा रामचंद्र जी के विरोध किया?,राजा राजेश्वर जी,गुरु गुर्दास बहादुर,नानक शर्मा,राजा रामचंद्र जी ने अधिकार किया,A,राजा राजेश्वर जी,राजा राजेश्वर जी ने राजा रामचंद्र जी के विरोध किया और गुलाब जादु के विरुद्ध स्वतंत्रता के लिए लड़ाइयाँ लड़ीं।,राजा राजेश्वर जी ने राजा रामचंद्र जी के विरोध किया और गुलाब जादु के विरुद्ध स्वतंत्रता के लिए लड़ाइयाँ लड़ीं। उन्होंने अंग्रेजों के खिलाफ लड़ाइयाँ लड़ीं और भारत की स्वतंत्रता की लड़ाइयाँ में भाग लिया।,2026-09-14 14:41:29
GK_HI_0867,Hindi,General Knowledge,आधुनिक भारत का इतिहास एवं स्वतंत्रता संग्राम,Medium,स्वतंत्रता संग्राम में किस नेता ने अंग्रेजों के खिलाफ लड़ाइयाँ लड़ीं?,राजा रामचंद्र जी,गुरु गुर्दास बहादुर,नानक शर्मा,राजा राजेश्वर जी,B,गुरु गुर्दास बहादुर,गुरु गुर्दास बहादुर ने अंग्रेजों के खिलाफ लड़ाइयाँ लड़ीं और स्वतंत्रता के लिए लड़ाइयाँ लड़ीं।,गुरु गुर्दास बहादुर ने अंग्रेजों के खिलाफ लड़ाइयाँ लड़ीं और स्वतंत्रता के लिए लड़ाइयाँ लड़ीं। उन्होंने गुलाब जादु के विरुद्ध और अंग्रेजों के खिलाफ लड़ाइयाँ लड़ीं।,2026-09-14 14:41:29
GK_HI_0868,Hindi,General Knowledge,आधुनिक भारत का इतिहास एवं स्वतंत्रता संग्राम,Medium,स्वतंत्रता संग्राम में किस नेता ने बाल गोदावरी को विनाश करने वाले अंग्रेजों के विरोध किया?,राजा रामचंद्र जी,राजा राजेश्वर जी,गुरु गुर्दास बहादुर,नानक शर्मा,B,राजा राजेश्वर जी,राजा राजेश्वर जी ने बाल गोदावरी को विनाश करने वाले अंग्रेजों के विरुद्ध लड़ाइयाँ लड़ीं।,राजा राजेश्वर जी ने बाल गोदावरी को विनाश करने वाले अंग्रेजों के विरुद्ध लड़ाइयाँ लड़ीं। उन्होंने अंग्रेजों के खिलाफ लड़ाइयाँ लड़ीं और भारत की स्वतंत्रता की लड़ाइयाँ में भाग लिया।,2026-09-14 14:41:29
GK_HI_0869,Hindi,General Knowledge,आधुनिक भारत का इतिहास एवं स्वतंत्रता संग्राम,Medium,स्वतंत्रता संग्राम में किस नेता ने अंग्रेजों के खिलाफ लड़ाइयाँ लड़ीं और गुलाब जादु के विरुद्ध स्वतंत्रता के लिए लड़ाइयाँ लड़ीं?,राजा रामचंद्र जी,राजा राजेश्वर जी,गुरु गुर्दास बहादुर,नानक शर्मा,C,गुरु गुर्दास बहादुर,गुरु गुर्दास बहादुर ने अंग्रेजों के खिलाफ लड़ाइयाँ लड़ीं और गुलाब जादु के विरुद्ध स्वतंत्रता के लिए लड़ाइयाँ लड़ीं।,गुरु गुर्दास बहादुर ने अंग्रेजों के खिलाफ लड़ाइयाँ लड़ीं और गुलाब जादु के विरुद्ध स्वतंत्रता के लिए लड़ाइयाँ लड़ीं। उन्होंने अंग्रेजों के खिलाफ लड़ाइयाँ लड़ीं और भारत की स्वतंत्रता की लड़ाइयाँ में भाग लिया।,2026-09-14 14:41:29
GK_HI_0870,Hindi,General Knowledge,आधुनिक भारत का इतिहास एवं स्वतंत्रता संग्राम,Medium,स्वतंत्रता संग्राम में किस नेता ने अंग्रेजों के खिलाफ लड़ाइयाँ लड़ीं और बाल गोदावरी को विनाश करने वाले अंग्रेजों के विरुद्ध लड़ाइयाँ लड़ीं?,राजा रामचंद्र जी,राजा राजेश्वर जी,गुरु गुर्दास बहादुर,नानक शर्मा,B,राजा राजेश्वर जी,राजा राजेश्वर जी ने अंग्रेजों के खिलाफ लड़ाइयाँ लड़ीं और बाल गोदावरी को विनाश करने वाले अंग्रेजों के विरुद्ध लड़ाइयाँ लड़ीं।,राजा राजेश्वर जी ने अंग्रेजों के खिलाफ लड़ाइयाँ लड़ीं और बाल गोदावरी को विनाश करने वाले अंग्रेजों के विरुद्ध लड़ाइयाँ लड़ीं। उन्होंने अंग्रेजों के खिलाफ लड़ाइयाँ लड़ीं और भारत की स्वतंत्रता की लड़ाइयाँ में भाग लिया।,2026-09-14 14:41:29
GK_HI_0871,Hindi,General Knowledge,विश्व का इतिहास एवं प्रमुख क्रांतियाँ,Medium,सन् 1492 में इटली से इंडिया की यात्रा करने वाला फ्रांसीसी नाविक कौन था?,कोविन्स्की,कोको डी लाबर्टेस,कोंटिनेंसी,कोमोडो डी लाबर्टेस,D,कोमोडो डी लाबर्टेस,कोमोडो डी लाबर्टेस ने फ्रांसीसी यात्रा के माध्यम से यूरोप से दक्षिण अमेरिका तक जाकर इतिहास में प्रतिबिम्बित हुआ।,कोमोडो डी लाबर्टेस ने फ्रांसीसी राजकीय राज्य की यात्रा किया और पहली बार यूरोपीय नौकाओं ने अमेरिका पर राज्यात्मक प्रतिष्ठा ली।,2026-09-14 14:42:14
GK_HI_0872,Hindi,General Knowledge,विश्व का इतिहास एवं प्रमुख क्रांतियाँ,Medium,प्रथम महायुद्ध किस वर्ष से तक चला?,1914 से 1918 तक,1915 से 1919 तक,1916 से 1920 तक,1917 से 1921 तक,A,1914 से 1918 तक,प्रथम महायुद्ध के दर्ज़ीला की लड़ाई और न्यूयॉर्क की लुईजियना लड़ाई के बीच वर्ष 1914 से 1918 तक चला।,1914 से 1918 तक चला था इस युद्ध जिसमें कई देशों के नौसेना और वायुसेना भाग ले चुके थे।,2026-09-14 14:42:14
GK_HI_0873,Hindi,General Knowledge,विश्व का इतिहास एवं प्रमुख क्रांतियाँ,Medium,ड्यूमोरियल क्रांति किस देश में हुई थी?,अंग्रेजी,फ्रान्स,इटली,दक्षिण अमेरिका,B,फ्रान्स,ड्यूमोरियल क्रांति ने फ्रान्स की राजनीति और संस्थाएँ बदल दी थी।,1870 से 1871 तक चली थी यह क्रांति जिसमें फ्रान्स के राजनीतिक और संस्थानों में बदलाव हुआ था।,2026-09-14 14:42:14
GK_HI_0874,Hindi,General Knowledge,विश्व का इतिहास एवं प्रमुख क्रांतियाँ,Medium,ब्रिटिश और फ्रान्स ने इंडिया में किस युद्ध के दौरान जिते थे?,ब्रिटिश-फ्रान्स युद्ध,ब्रिटिश-फ्रान्स-रूसी युद्ध,ब्रिटिश-फ्रान्स-कन्फेडरेशन युद्ध,ब्रिटिश-फ्रान्स-पाकिस्तान युद्ध,C,ब्रिटिश-फ्रान्स-कन्फेडरेशन युद्ध,ब्रिटिश और फ्रान्स का युद्ध इंडिया में जितने युद्ध का एक भाग था।,1756 से 1763 तक चला था यह युद्ध जिसमें ब्रिटिश और फ्रान्स इंडिया में जिते थे और यह पश्चिमी युद्ध का भाग था।,2026-09-14 14:42:14
GK_HI_0875,Hindi,General Knowledge,विश्व का इतिहास एवं प्रमुख क्रांतियाँ,Medium,किस वर्ष इंग्लैंड और नॉर्वे के बीच वेल्स की जीत हुई?,1204,1284,1341,1415,B,1284,वेल्स की जीत 1284 में इंग्लैंड और नॉर्वे के बीच एक लड़ाई में हुई थी।,1284 में इंग्लैंड ने नॉर्वे से वेल्स की जीत ली थी जो इंग्लैंड का अंग संयुक्त राज्य में रहने लगा।,2026-09-14 14:42:14
GK_HI_0876,Hindi,General Knowledge,विश्व का इतिहास एवं प्रमुख क्रांतियाँ,Medium,पर्ल हार्बर लड़ाई किस युद्ध का भाग थी?,द्वितीय महायुद्ध,पहला महायुद्ध,दक्षिण अमेरिकी युद्ध,रूसी युद्ध,A,द्वितीय महायुद्ध,पर्ल हार्बर लड़ाई द्वितीय महायुद्ध का एक महत्वपूर्ण घटना थी।,1941 में यह लड़ाई द्वितीय महायुद्ध की शुरुआत का एक घटना थी जो यूरोप और अमेरिका के बीच चला।,2026-09-14 14:42:14
GK_HI_0877,Hindi,General Knowledge,विश्व का इतिहास एवं प्रमुख क्रांतियाँ,Medium,किस युद्ध के दौरान लुइस टान्स्की ने अमेरिका की जीत ली?,इंडियन वार,नॉर्थ वेस्ट वार,साउथ वेस्ट वार,प्राइड वार,D,प्राइड वार,प्राइड वार जिसमें लुइस टान्स्की ने अमेरिका की जीत ली थी।,1779 में लुइस टान्स्की ने अमेरिका की जीत ली थी जिसमें वह फ्रान्स के नेता रहे थे।,2026-09-14 14:42:14
GK_HI_0878,Hindi,General Knowledge,विश्व का इतिहास एवं प्रमुख क्रांतियाँ,Medium,किस युद्ध में रेजिनाल्ड बर्नार्ड को अमेरिका में जीत लेने के लिए भेजा गया था?,पार्ल हार्बर युद्ध,ब्रिटिश-फ्रान्स युद्ध,मिडल्सबर्थ युद्ध,प्राइड युद्ध,D,प्राइड युद्ध,प्राइड युद्ध में रेजिनाल्ड बर्नार्ड को अमेरिका में जीत लेने के लिए भेजा गया था।,1777 में रेजिनाल्ड बर्नार्ड ने प्राइड युद्ध में अमेरिका की जीत ली थी जो विश्व के इतिहास में प्रसिद्ध है।,2026-09-14 14:42:14
GK_HI_0879,Hindi,General Knowledge,विश्व का इतिहास एवं प्रमुख क्रांतियाँ,Medium,किस युद्ध का शुरुआत स्पाइज लेवेल्स युद्ध का नाम है?,पहला महायुद्ध,दूसरा महायुद्ध,स्पैनिश-इंडियन युद्ध,नॉर्थ वेस्ट युद्ध,A,पहला महायुद्ध,पहला महायुद्ध का शुरुआत स्पाइज लेवेल्स युद्ध के नाम से जाना जाता है।,1914 से 1918 तक चला था यह युद्ध जिसका शुरुआत स्पाइज लेवेल्स युद्ध से हुई थी।,2026-09-14 14:42:14
GK_HI_0880,Hindi,General Knowledge,विश्व का इतिहास एवं प्रमुख क्रांतियाँ,Medium,मार्लिन राज्य का स्थापना किसने किया?,चेस्टर फोर्ड,जेम्स डेविस,विलियम डेरोथ,किंग जोन,B,जेम्स डेविस,मार्लिन राज्य का स्थापना जेम्स डेविस ने की थी।,1660 में जेम्स डेविस ने मार्लिन राज्य का स्थापना की थी जो दक्षिण अमेरिका का पहला ब्रिटिश राज्य था।,2026-09-14 14:42:14
GK_HI_0881,Hindi,General Knowledge,"भारत का भूगोल (नदियाँ, पर्वत, जलवायु, मिट्टियाँ)",Easy,भारत का जम्मू-कश्मीर किस पर्वत प्रांत में स्थित है?,भारतीय पर्वत प्रांत,कैलाश पर्वत,हिमालय पर्वत,कौशीक पर्वत,C,हिमालय पर्वत,जम्मू-कश्मीर उत्तर की भारत के भाग है जो हिमालय पर्वत प्रांत में स्थित है।,हिमालय पर्वत प्रांत भारत के सबसे उत्तरी भाग में है और यह भारत की सबसे ऊंची सीमा है।,2026-09-14 14:42:52
GK_HI_0882,Hindi,General Knowledge,"भारत का भूगोल (नदियाँ, पर्वत, जलवायु, मिट्टियाँ)",Easy,भारत की सबसे गर्म राज्य कौन सा है?,महाराष्ट्र,कर्नाटक,कर्णाटक,अराजा,D,अराजा,अराजा भारत की सबसे गर्म राज्य है।,अराजा यहां गर्मी की तापमान और शून्य जल स्तर भारत के अन्य राज्यों की तुलना में बहुत अधिक है।,2026-09-14 14:42:52
GK_HI_0883,Hindi,General Knowledge,"भारत का भूगोल (नदियाँ, पर्वत, जलवायु, मिट्टियाँ)",Easy,भारत की सबसे खराब जलवायु का किस राज्य जाना जाता है?,मध्य प्रदेश,बihar,झारखंड,मणिपुर,D,मणिपुर,मणिपुर राज्य भारत की सबसे खराब जलवायु का रिकॉर्ड रखता है।,मणिपुर राज्य में गर्म गर्मी और शुष्क परिदृश्य वाली क्षेत्र है जो जलवायु में अत्यधिक अस्थिरता का विशेष उदाहरण है।,2026-09-14 14:42:52
GK_HI_0884,Hindi,General Knowledge,"भारत का भूगोल (नदियाँ, पर्वत, जलवायु, मिट्टियाँ)",Easy,भारत में किस राज्य में मिट्टी बहुत अच्छी है?,राजस्थान,राजस्थान,पुर्ताल,मध्य प्रदेश,A,राजस्थान,राजस्थान राज्य में मिट्टी बहुत अच्छी है जो लकड़ी और अन्य मिट्टी के उत्पादों के निर्माण में उपयोग की जाती है।,राजस्थान राज्य के बालाघाट और अन्य क्षेत्रों में खोजी जाने वाली मिट्टी बहुत गुणवत्ता वाली है।,2026-09-14 14:42:52
GK_HI_0885,Hindi,General Knowledge,"भारत का भूगोल (नदियाँ, पर्वत, जलवायु, मिट्टियाँ)",Easy,भारत में किस राज्य में बारिश अधिक होती है?,कर्नाटक,झारखंड,महाराष्ट्र,मध्य प्रदेश,D,मध्य प्रदेश,मध्य प्रदेश राज्य में बारिश अधिक होती है।,मध्य प्रदेश राज्य का जावान विश्वास और बारिश पर्यावरण उसके बड़े क्षेत्र में बारिश का प्रभाव बढ़ाता है।,2026-09-14 14:42:52
GK_HI_0886,Hindi,General Knowledge,"भारत का भूगोल (नदियाँ, पर्वत, जलवायु, मिट्टियाँ)",Easy,भारत की सबसे ऊंची जलवायु निर्वात किस राज्य में है?,कर्नाटक,झारखंड,राजस्थान,कर्नाटक,C,राजस्थान,राजस्थान राज्य में भारत की सबसे ऊंची जलवायु निर्वात होती है।,राजस्थान राज्य की ऊपरी क्षेत्रों जैसे बालाघाट में जलवायु निर्वात बहुत ऊंचे होते हैं।,2026-09-14 14:42:52
GK_HI_0887,Hindi,General Knowledge,"भारत का भूगोल (नदियाँ, पर्वत, जलवायु, मिट्टियाँ)",Easy,भारत की सबसे छोटी जलवायु निर्वात किस राज्य में है?,झारखंड,कर्नाटक,राजस्थान,मध्य प्रदेश,B,कर्नाटक,कर्नाटक राज्य में भारत की सबसे छोटी जलवायु निर्वात होती है।,कर्नाटक राज्य में जलवायु निर्वात बहुत कम होता है जो उसके गर्म गर्मी और जलवायु परिदृश्य का परिणाम है।,2026-09-14 14:42:52
GK_HI_0888,Hindi,General Knowledge,"भारत का भूगोल (नदियाँ, पर्वत, जलवायु, मिट्टियाँ)",Easy,भारत में किस राज्य में जलवायु सबसे स्थिर होती है?,कर्नाटक,झारखंड,राजस्थान,मध्य प्रदेश,A,कर्नाटक,कर्नाटक राज्य में भारत की सबसे स्थिर जलवायु होती है।,कर्नाटक राज्य की गर्मियों और विशिष्ट बारिश वाली छुट्टियाँ उसकी जलवायु को बहुत स्थिर बनाती हैं।,2026-09-14 14:42:52
GK_HI_0889,Hindi,General Knowledge,"भारत का भूगोल (नदियाँ, पर्वत, जलवायु, मिट्टियाँ)",Easy,भारत में किस राज्य में अम्लीय मिट्टी है?,मध्य प्रदेश,कर्नाटक,झारखंड,राजस्थान,B,कर्नाटक,कर्नाटक राज्य में अम्लीय मिट्टी है।,कर्नाटक राज्य में अम्लीय मिट्टी का उपयोग जैविक आर्थिक उत्पादों के निर्माण में किया जाता है।,2026-09-14 14:42:52
GK_HI_0890,Hindi,General Knowledge,"विश्व का भूगोल, महाद्वीप एवं महासागर",Medium,विश्व के दक्षिणी विस्तार किस महाद्वीप में पाया जाता है?,अफ्रीका,अमेरिका,असिया,ऑस्ट्रेलिया,A,अफ्रीका,अफ्रीका में दक्षिणी विस्तार जिन्हें ट्रांसवाल और कोरोटा जैसे क्षेत्रों में पाया जाता है।,अफ्रीका में दक्षिणी विस्तार जो कि गर्म और उर्वरिक परिद्रव्यों में लगातार बढ़ते रहते हैं।,2026-09-14 14:43:32
GK_HI_0891,Hindi,General Knowledge,"विश्व का भूगोल, महाद्वीप एवं महासागर",Medium,विश्व का सबसे बड़ा महासागर कौन सा है?,अल्फाग्यनियन सागर,पूर्वी अटलांटिक सागर,पश्चिमी अटलांटिक सागर,प्रशांत सागर,A,अल्फाग्यनियन सागर,अल्फाग्यनियन सागर जिन्हें अल्फाग्यनियन और प्रशांत जैसे नामों से जाना जाता है।,"अल्फाग्यनियन सागर जो कि यूरोप, आफ्रिका और नॉर्दीक द्वीपसमूह के बीच स्थित है, विश्व का सबसे बड़ा महासागर है।",2026-09-14 14:43:32
GK_HI_0892,Hindi,General Knowledge,"विश्व का भूगोल, महाद्वीप एवं महासागर",Medium,विश्व का सबसे छोटा महाद्वीप कौन सा है?,क्रेटेनियन,वेल्श,कोलंबिया,कॅनाडीयन,A,क्रेटेनियन,क्रेटेनियन महाद्वीप को ग्रीस की राजधानी जो स्थित है।,"क्रेटेनियन महाद्वीप विश्व का सबसे छोटा महाद्वीप है जिसका क्षेत्रफल लगभग 8,383 वर्ग किलोमीटर है।",2026-09-14 14:43:32
GK_HI_0893,Hindi,General Knowledge,"विश्व का भूगोल, महाद्वीप एवं महासागर",Medium,पृथ्वी के सबसे ऊँचे बालक कौन सा है?,किंग्ज एरस्ट,सुमेट्रा,क्यूचुक डाइवान,ब्रिटिश बेकों,A,किंग्ज एरस्ट,किंग्ज एरस्ट वर्षा वाला बालक है जो स्थित है ग्यांजी नदी के किनारे।,"किंग्ज एरस्ट बालक 16,424 मीटर ऊँचा है जो इंडोनेशिया के अंदर स्थित है।",2026-09-14 14:43:32
GK_HI_0894,Hindi,General Knowledge,"विश्व का भूगोल, महाद्वीप एवं महासागर",Medium,प्रशांत सागर का सबसे बड़ा जलवायु निर्वात किस राज्य के पास है?,मार्लेंड,फ्लोरिडा,कैलिफोर्निया,कैरोलाईन,C,कैलिफोर्निया,कैलिफोर्निया में प्रशांत सागर का सबसे बड़ा जलवायु निर्वात है।,कैलिफोर्निया का प्रशांत सागर की ओर बादल आने की दर बहुत अधिक होती है जो कि दूसरे राज्यों की तुलना में जलवायु निर्वात बनाती है।,2026-09-14 14:43:32
GK_HI_0895,Hindi,General Knowledge,"विश्व का भूगोल, महाद्वीप एवं महासागर",Medium,विश्व का सबसे बड़ा महाद्वीप कौन सा है?,अफ्रीका,असिया,अमेरिका,ऑस्ट्रेलिया,B,असिया,असिया जिन्हें दुनिया का बड़ा महाद्वीप कहा जाता है।,"असिया विश्व का सबसे बड़ा महाद्वीप है जिसका क्षेत्रफल लगभग 44,579,000 किलोमीटर वर्ग है।",2026-09-14 14:43:32
GK_HI_0896,Hindi,General Knowledge,"विश्व का भूगोल, महाद्वीप एवं महासागर",Medium,विश्व के सबसे गर्म भाग कौन सा है?,सोवेटियन तापमान तट,ताजिक द्वीपसमूह,कोरोटा तट,हिमालय,C,कोरोटा तट,कोरोटा तट जिन्हें दक्षिण अफ्रीका के तट कहा जाता है।,कोरोटा तट विश्व का सबसे गर्म भाग है जहाँ तापमान लगभग 54 डिग्री सेल्सियस तक पहुंचता है।,2026-09-14 14:43:32
GK_HI_0897,Hindi,General Knowledge,"विश्व का भूगोल, महाद्वीप एवं महासागर",Medium,प्रशांत सागर का सबसे छोटा महाद्वीप कौन सा है?,वेल्श,कॅनाडीयन,कोलंबिया,क्रेटेनियन,D,क्रेटेनियन,क्रेटेनियन महाद्वीप को ग्रीस की राजधानी जो स्थित है।,"क्रेटेनियन महाद्वीप विश्व का सबसे छोटा महाद्वीप है जिसका क्षेत्रफल लगभग 8,383 वर्ग किलोमीटर है।",2026-09-14 14:43:32
GK_HI_0898,Hindi,General Knowledge,"विश्व का भूगोल, महाद्वीप एवं महासागर",Medium,विश्व का सबसे गर्म महासागर कौन सा है?,प्रशांत सागर,पूर्वी अटलांटिक सागर,साहली सागर,पश्चिमी अटलांटिक सागर,A,प्रशांत सागर,प्रशांत सागर जिन्हें गर्म और आर्द्र महासागर कहा जाता है।,प्रशांत सागर विश्व का सबसे गर्म महासागर है जिसका तापमान लगभग 26 डिग्री सेल्सियस तक जाता है।,2026-09-14 14:43:32
GK_HI_0899,Hindi,General Knowledge,"विश्व का भूगोल, महाद्वीप एवं महासागर",Medium,विश्व का सबसे बड़ा भूकंप भाग कौन सा है?,कालिफोर्निया,हिमालय,हामिस्कैनी,कोरोटा,C,हामिस्कैनी,हामिस्कैनी तट जिन्हें यूनानी राज्य के तट कहा जाता है।,हामिस्कैनी तट विश्व का सबसे बड़ा भूकंप भाग है जहाँ भूकंप फ्रेक्शन लगभग 12 विभाग में बांटा जाता है।,2026-09-14 14:43:32
GK_HI_0900,Hindi,General Knowledge,"भारतीय संविधान, मौलिक अधिकार एवं राजव्यवस्था",Hard,संविधानसभा की कितनी सदस्य व्यक्तियों से बनी थी?,100,600,244,300,C,244,संविधानसभा की सदस्य संख्या संविधान निर्माण के लिए नियमित वित्तीय व्यवस्था की आवश्यकता के कारण निर्धारित की गई थी।,244 सदस्यों की संविधानसभा ने 1949 में संविधान पारित किया था।,2026-09-14 14:44:08
GK_HI_0901,Hindi,General Knowledge,"भारतीय संविधान, मौलिक अधिकार एवं राजव्यवस्था",Hard,भारत के संविधान में अधिकार और अनुदान कितने अध्यायों में वर्णित हैं?,5,10,12,15,C,12,अधिकार और अनुदान अध्यायों की संख्या संविधान की संरचना और विस्तार के बारे में जानने का तरीका है।,भारतीय संविधान में अधिकार और अनुदान के अध्यायों की कुल संख्या 12 हैं।,2026-09-14 14:44:08
GK_HI_0902,Hindi,General Knowledge,"भारतीय संविधान, मौलिक अधिकार एवं राजव्यवस्था",Hard,मौलिक अधिकार किस अध्याय में वर्णित हैं?,12वें,11वें,2वें,3वें,C,2वें,मौलिक अधिकार अध्याय की संख्या संविधान के मुख्य विषयों के बारे में जानने का तरीका है।,मौलिक अधिकार अध्याय भारतीय संविधान के 2वें अध्याय में वर्णित हैं।,2026-09-14 14:44:08
GK_HI_0903,Hindi,General Knowledge,"भारतीय संविधान, मौलिक अधिकार एवं राजव्यवस्था",Hard,भारत की राजधानी किस राज्य से है?,मध्य प्रदेश,हरियाणा,दिल्ली,कर्नाटक,C,दिल्ली,राजधानी का नाम संविधान के अनुसार निर्धारित करता है।,"भारत की राजधानी दिल्ली है, जो विशेष राज्य के रूप में विधायी संस्थाओं का आधार बनाती है।",2026-09-14 14:44:08
GK_HI_0904,Hindi,General Knowledge,"भारतीय संविधान, मौलिक अधिकार एवं राजव्यवस्था",Hard,भारत की राजतत्त्व कितने प्रकार की हैं?,3,2,4,5,B,2,राजतत्त्व की संख्या संविधान निर्धारित करती है।,भारत की राजतत्त्व दो प्रकार की हैं - राष्ट्रीय और राज्यवासी।,2026-09-14 14:44:08
GK_HI_0905,Hindi,General Knowledge,"भारतीय संविधान, मौलिक अधिकार एवं राजव्यवस्था",Hard,भारत की संविधान से कितना समय लगा रहा है जितना लंबा राजनीतिक संकट निरापल रूप में हल करने की कोशिश की गई थी?,1 वर्ष,2 वर्ष,3 वर्ष,4 वर्ष,C,3 वर्ष,समय लगने वाली समस्याओं की संख्या संविधान निर्माण के दौरान संकट के बारे में जानने का तरीका है।,भारत की संविधान निर्माण के दौरान तीन समय लगा रहा है जिसमें राजनीतिक संकट निरापल रूप में हल करने की कोशिश की गई थी।,2026-09-14 14:44:08
GK_HI_0906,Hindi,General Knowledge,"भारतीय संविधान, मौलिक अधिकार एवं राजव्यवस्था",Hard,भारतीय संविधान में राज्य संसद की कितनी विधायी संस्थाएँ हैं?,12,24,18,36,B,24,विधायी संस्थाओं की संख्या संविधान में वर्णित है।,भारतीय संविधान में राज्य संसद की 24 विधायी संस्थाएँ हैं।,2026-09-14 14:44:08
GK_HI_0907,Hindi,General Knowledge,"भारतीय संविधान, मौलिक अधिकार एवं राजव्यवस्था",Hard,भारत की संविधान किस वर्ष अस्तित्व में आया?,1946,1948,1949,1950,C,1949,संविधान की संरचना वर्ष संविधान निर्माण के दौरान निर्धारित की जाती है।,भारत की संविधान 1949 में अस्तित्व में आयी थी।,2026-09-14 14:44:08
GK_HI_0908,Hindi,General Knowledge,"भारतीय संविधान, मौलिक अधिकार एवं राजव्यवस्था",Hard,मौलिक अधिकार किस अधिकार से जुड़े हैं?,कर अधिकार,धर्माधिकार,क्षेत्र अधिकार,संरक्षण अधिकार,B,धर्माधिकार,मौलिक अधिकार धर्माधिकार से संबंधित हैं।,मौलिक अधिकार धर्माधिकार से संबंधित हैं और वे भारतीय संविधान का एक महत्वपूर्ण हिस्सा हैं।,2026-09-14 14:44:08
GK_HI_0909,Hindi,General Knowledge,"भारतीय संविधान, मौलिक अधिकार एवं राजव्यवस्था",Hard,भारत की संविधान में राज्य संसद की कितनी सदस्य होती हैं?,180,200,250,225,D,225,राज्य संसद की सदस्य संख्या संविधान के अनुसार निर्धारित की जाती है।,भारतीय संविधान में राज्य संसद की कुल सदस्य संख्या 225 है।,2026-09-14 14:44:08
GK_HI_0910,Hindi,General Knowledge,"भारतीय अर्थव्यवस्था, बैंकिंग, बजट एवं योजनाएं",Easy,भारत की जुलाई 2023 के बजट में निर्धारित कितनी व्यय विनिर्बलित बजट था?,30 लाख करोड़,50 लाख करोड़,70 लाख करोड़,90 लाख करोड़,C,70 लाख करोड़,70 लाख करोड़ व्यय विनिर्बलित बजट का तात्पर्य यह है कि व्यय अधिकारों को विनिर्बलित करने का वित्तीय अनुमान है।,70 लाख करोड़ व्यय विनिर्बलित बजट में निर्धारित था जो विभिन्न अनुयायी वित्तीय अधिकारों को विनिर्बलित करने का वित्तीय अनुमान था।,2026-09-14 14:44:58
GK_HI_0911,Hindi,General Knowledge,"भारतीय अर्थव्यवस्था, बैंकिंग, बजट एवं योजनाएं",Easy,भारत का किस बजट निर्धारण राष्ट्रपति के विशेष अधिकारों के अंतर्गत होता है?,पारिषद बजट,संसदी बजट,प्रधानमंत्री बजट,राज्य बजट,A,पारिषद बजट,पारिषद बजट राष्ट्रपति के विशेष अधिकारों के अंतर्गत निर्धारित या अनुमानित व्यय होता है।,"पारिषद बजट राष्ट्रपति के विशेष अधिकारों के अंतर्गत निर्धारित या अनुमानित व्यय होता है, जो विभिन्न वित्तीय अधिकारों में वित्तीय मंत्री के द्वारा विनियमित होता है।",2026-09-14 14:44:58
GK_HI_0912,Hindi,General Knowledge,"भारतीय अर्थव्यवस्था, बैंकिंग, बजट एवं योजनाएं",Easy,भारत की वर्तमान व्यवस्था में न्यायालय के वित्तीय अधिकारों का अधिकार किसके पास है?,संसद,राज्य संसद,राष्ट्रपति,प्रधानमंत्री,C,राष्ट्रपति,राष्ट्रपति का अधिकार है कि न्यायालय के वित्तीय अधिकारों का निर्धारण कर सकता है।,राष्ट्रपति न्यायालय के वित्तीय अधिकारों का निर्धारण कर सकता है जो विभिन्न वित्तीय अधिकारों को विनियमित करने का अधिकार संविधान के अनुसार राष्ट्रपति के पास है।,2026-09-14 14:44:58
GK_HI_0913,Hindi,General Knowledge,"भारतीय अर्थव्यवस्था, बैंकिंग, बजट एवं योजनाएं",Easy,भारत की बजट संस्करण किसके द्वारा की जाती है?,संसद,राज्य संसद,राष्ट्रपति,प्रधानमंत्री,A,संसद,संसद का अधिकार है बजट संस्करण करने का।,संसद न्यायालय के वित्तीय अधिकारों का निर्धारण कर सकता है जो विभिन्न वित्तीय अधिकारों को विनियमित करने का अधिकार संविधान के अनुसार संसद के पास है।,2026-09-14 14:44:58
GK_HI_0914,Hindi,General Knowledge,"भारतीय अर्थव्यवस्था, बैंकिंग, बजट एवं योजनाएं",Easy,भारत की व्यवस्था में कितने वित्तीय अधिकार हैं?,12,14,16,18,C,16,16 वित्तीय अधिकार संविधान के अनुसार विभिन्न वित्तीय अधिकारों का अनुमानित व्यय निर्धारित करने का अधिकार राष्ट्रपति और संसद के पास है।,संविधान के अनुसार भारत में 16 वित्तीय अधिकार हैं जो विभिन्न वित्तीय अधिकारों को विनियमित करने का अधिकार राष्ट्रपति और संसद के पास है।,2026-09-14 14:44:58
GK_HI_0915,Hindi,General Knowledge,"भारतीय अर्थव्यवस्था, बैंकिंग, बजट एवं योजनाएं",Easy,भारतीय बजट बुलेट रिपोर्ट किस वर्ष के बजट के लिए जारी की जाती हैं?,पिछले वर्ष के बजट,नवीन वर्ष के बजट,समाप्त हुए वर्ष के बजट,अगले वर्ष के बजट,C,समाप्त हुए वर्ष के बजट,समाप्त हुए वर्ष के बजट के लिए बजट बुलेट रिपोर्ट जारी की जाती है।,समाप्त हुए वर्ष के बजट के लिए बजट बुलेट रिपोर्ट जारी की जाती हैं जो विभिन्न वित्तीय अधिकारों को विनियमित करने का अधिकार संविधान के अनुसार राष्ट्रपति और संसद के पास है।,2026-09-14 14:44:58
GK_HI_0916,Hindi,General Knowledge,"भारतीय अर्थव्यवस्था, बैंकिंग, बजट एवं योजनाएं",Easy,भारत की व्यवस्था में न्यायालय के वित्तीय अधिकारों का अधिकार किसके पास है?,संसद,राज्य संसद,राष्ट्रपति,प्रधानमंत्री,C,राष्ट्रपति,राष्ट्रपति का अधिकार है कि न्यायालय के वित्तीय अधिकारों का निर्धारण कर सकता है।,राष्ट्रपति न्यायालय के वित्तीय अधिकारों का निर्धारण कर सकता है जो विभिन्न वित्तीय अधिकारों को विनियमित करने का अधिकार संविधान के अनुसार राष्ट्रपति के पास है।,2026-09-14 14:44:58
GK_HI_0917,Hindi,General Knowledge,"भारतीय अर्थव्यवस्था, बैंकिंग, बजट एवं योजनाएं",Easy,भारत का किस बजट राष्ट्रपति के विशेष अधिकारों के अंतर्गत होता है?,पारिषद बजट,संसदी बजट,प्रधानमंत्री बजट,राज्य बजट,A,पारिषद बजट,पारिषद बजट राष्ट्रपति के विशेष अधिकारों के अंतर्गत निर्धारित या अनुमानित व्यय होता है।,"पारिषद बजट राष्ट्रपति के विशेष अधिकारों के अंतर्गत निर्धारित या अनुमानित व्यय होता है, जो विभिन्न वित्तीय अधिकारों में वित्तीय मंत्री के द्वारा विनियमित होता है।",2026-09-14 14:44:58
GK_HI_0918,Hindi,General Knowledge,"भारतीय अर्थव्यवस्था, बैंकिंग, बजट एवं योजनाएं",Easy,भारतीय बजट में निर्धारित व्यय किस दलित का अनुसार विनियमित किया जाता है?,संसदी दलित,राज्य संसदी दलित,संविधान दलित,राष्ट्रपति दलित,C,संविधान दलित,संविधान दलित निर्धारित व्यय का अनुसार विनियमित करने का अधिकार राष्ट्रपति और संसद के पास है।,संविधान दलित निर्धारित व्यय का अनुसार विनियमित करने का अधिकार राष्ट्रपति और संसद के पास है।,2026-09-14 14:44:58
GK_HI_0919,Hindi,General Knowledge,"भारतीय कला, शास्त्रीय नृत्य, संगीत एवं सांस्कृतिक धरोहर",Medium,भारत की राष्ट्रिय नृत्य नृत्यां किस मेहनती का उदाहरण है?,कांचवाली,कूली,कुम्बघाटी,कट्टराली,C,कुम्बघाटी,कुम्बघाटी नृत्य उत्तर प्रदेश के कुम्बघाट जिले के नागरिकों द्वारा विकसित हुआ है।,कुम्बघाटी नृत्य के गतिविधियों में कुम्बों का भाग लिया जाता है जो नृत्य के दौरान उपयोग किए जाते हैं।,2026-09-14 14:45:45
GK_HI_0920,Hindi,General Knowledge,"भारतीय कला, शास्त्रीय नृत्य, संगीत एवं सांस्कृतिक धरोहर",Medium,भारतीय संगीत में किस राग को आकर्षक वाद्य यंत्र के रूप में जाना जाता है?,बिनोद,बुझमाना,बांसुरी,बेनरी,B,बुझमाना,बुझमाना राग गिटार या बाजरा जैसे वाद्य यंत्रों का उपयोग करके निर्मित होता है।,बुझमाना राग का निर्माण बाजरा या गिटार जैसे वाद्य यंत्रों का उपयोग करके किया जाता है जो इसके वास्तविक बजाने में विशेष रूप से आकर्षक बनाते हैं।,2026-09-14 14:45:45
GK_HI_0921,Hindi,General Knowledge,"भारतीय कला, शास्त्रीय नृत्य, संगीत एवं सांस्कृतिक धरोहर",Medium,भारत की किस राज्य का राष्ट्रीय नृत्य चादरी है?,कर्नाटक,मध्य प्रदेश,राजस्थान,गुजरात,D,गुजरात,गुजरात का राष्ट्रीय नृत्य चादरी गुजरात की समुद्र तटीय राज्य भागों में जाना जाता है।,चादरी नृत्य गुजरात के राजस्थान राज्य के समुद्र तटीय भागों के लोगों द्वारा निर्मित नृत्य है जो उनकी जीवन और संस्कृति का प्रतिनिधित्व करता है।,2026-09-14 14:45:45
GK_HI_0922,Hindi,General Knowledge,"भारतीय कला, शास्त्रीय नृत्य, संगीत एवं सांस्कृतिक धरोहर",Medium,भारतीय संगीत में किस राग का उपयोग दशावतार की निर्माण संगीत में किया जाता है?,रामावाणी,रैङ्गा,राधा कृष्ण,राजा,C,राधा कृष्ण,राधा कृष्ण राग दशावतार की गांव और निर्माण संगीत में आमतौर पर उपयोग किया जाता है।,राधा कृष्ण राग दशावतार के गानों में लगातार उपयोग किया जाता है क्योंकि यह राग दशावतार की भावनाओं को प्रतिबिंबित करता है।,2026-09-14 14:45:45
GK_HI_0923,Hindi,General Knowledge,"भारतीय कला, शास्त्रीय नृत्य, संगीत एवं सांस्कृतिक धरोहर",Medium,भारत के किस नृत्य को अंतर्राष्ट्रीय भारतीय नृत्य विज्ञान में शामिल किया गया है?,भोजपुरी नृत्य,कांचवाली नृत्य,हिंदी नृत्य,कोरियन नृत्य,A,भोजपुरी नृत्य,भोजपुरी नृत्य भारत की अंतर्राष्ट्रीय भारतीय नृत्य विज्ञान में शामिल है क्योंकि यह बड़े प्रसार में प्रसिद्ध है।,भोजपुरी नृत्य भारत के दक्षिणी राज्यों में जाना जाता है और अंतर्राष्ट्रीय भारतीय नृत्य विज्ञान में भी उल्लेखित है।,2026-09-14 14:45:45
GK_HI_0924,Hindi,General Knowledge,"भारतीय कला, शास्त्रीय नृत्य, संगीत एवं सांस्कृतिक धरोहर",Medium,भारतीय नृत्य में किस नृत्य नामकरण का प्रयोग नहीं किया जाता?,दलित नृत्य,महिला नृत्य,चादरी नृत्य,महिला राजानी,D,महिला राजानी,महिला राजानी नृत्य नहीं नामकरण किया जाता है।,महिला राजानी एक विशेष रूप से पुरुषों द्वारा निर्मित नृत्य है जिसमें महिलाओं का नाम नहीं लिया जाता है।,2026-09-14 14:45:45
GK_HI_0925,Hindi,General Knowledge,"भारतीय कला, शास्त्रीय नृत्य, संगीत एवं सांस्कृतिक धरोहर",Medium,किस नृत्य का राज्य भारत के पश्चिमी राज्य है?,काँचवाली नृत्य,कुम्बघाटी नृत्य,कांडियाली नृत्य,कूली नृत्य,C,कांडियाली नृत्य,कांडियाली नृत्य उत्तर प्रदेश के जबलपुर जिले के कांडियाली गाँव के लोगों द्वारा निर्मित नृत्य है।,कांडियाली नृत्य उत्तर प्रदेश के जबलपुर के कांडियाली गाँव का एक विशिष्ट रूप से लोकप्रिय नृत्य है।,2026-09-14 14:45:45
GK_HI_0926,Hindi,General Knowledge,"भारतीय कला, शास्त्रीय नृत्य, संगीत एवं सांस्कृतिक धरोहर",Medium,भारतीय नृत्य में किस नृत्य नामकरण का उपयोग नहीं किया जाता?,कूली नृत्य,काँचवाली नृत्य,किंड़ा नृत्य,कैकाली नृत्य,D,कैकाली नृत्य,कैकाली नृत्य का उपयोग नहीं किया जाता है।,कैकाली नृत्य एक विशेष रूप से उत्तर प्रदेश के जबलपुर के कांडियाली गाँव का नृत्य है जिसका नामकरण नहीं किया जाता है।,2026-09-14 14:45:45
GK_HI_0927,Hindi,General Knowledge,"भारतीय कला, शास्त्रीय नृत्य, संगीत एवं सांस्कृतिक धरोहर",Medium,भारतीय संगीत में किस वाद्य यंत्र को गांव वाद्य यंत्र के रूप में जाना जाता है?,बांसुरी,बेनरी,बाजरा,बांसुरारी,C,बाजरा,बाजरा एक गांव वाद्य यंत्र है जो भारतीय संगीत में बहुत उपयोगी है।,बाजरा एक गांव वाद्य यंत्र है जो भारतीय संगीत में विशेष रूप से उपयोग किया जाता है जिसमें इसका वास्तविक बजाना और उपयोग किया जाता है।,2026-09-14 14:45:45
GK_HI_0928,Hindi,General Knowledge,"भारतीय कला, शास्त्रीय नृत्य, संगीत एवं सांस्कृतिक धरोहर",Medium,भारतीय संगीत में किस वाद्य यंत्र का उपयोग नहीं किया जाता?,बाजरा,बांसुरी,बेनरी,कांसी,D,कांसी,कांसी एक वाद्य यंत्र नहीं है।,कांसी एक वाद्य यंत्र नहीं है और इसका उपयोग नहीं किया जाता है।,2026-09-14 14:45:45
GK_HI_0929,Hindi,General Knowledge,"प्रमुख आविष्कार, खोजें एवं भारतीय वैज्ञानिक",Hard,भारत का पहला अंतरिक्ष यान कौन सा था?,राजतन्त्र,भारतीय अंतरिक्ष,विमान राज,भारतीय अंतरिक्ष यान राज,A,राजतन्त्र,राजतन्त्र नामक अंतरिक्ष यान भारत का पहला अंतरिक्ष यान था।,राजतन्त्र नामक यान 1980 में भारत अंतरिक्ष अनुसंधान संस्थान द्वारा निर्मित किया गया था जिसने भारत की अंतरिक्ष यात्रा की शुरुआत की।,2026-09-14 14:46:32
GK_HI_0930,Hindi,General Knowledge,"प्रमुख आविष्कार, खोजें एवं भारतीय वैज्ञानिक",Hard,भारतीय वैज्ञानिक जगत में जाने जाने वाले सबसे प्रसिद्ध भारतीय वैज्ञानिक कौन है?,रामानुजन,राजेन्द्र त्रिवेदी,कृष्णा मोहन राय,विजय कुमार चंद्र,A,रामानुजन,रामानुजन भारत के प्रसिद्ध गणितज्ञ थे और वैज्ञानिक जगत में उनके नाम जाने जाते हैं।,"रामानुजन ने गणित में अतिरिक्त विशेषताएँ दिखाई जिन्हें अक्सर अनौपचारिक तरीके से जाना जाता है, जिससे उन्हें वैज्ञानिक जगत में जाने जाने वाले व्यक्ति माना जाता है।",2026-09-14 14:46:32
GK_HI_0931,Hindi,General Knowledge,"प्रमुख आविष्कार, खोजें एवं भारतीय वैज्ञानिक",Hard,भारत में किस वर्ष राज्यवाद का संरक्षण द्वारा अंतिम रूप से किया गया था?,1950,1956,1960,1965,B,1956,1956 में राज्यवाद का संरक्षण द्वारा अंतिम रूप से किया गया था।,1956 में भारत सरकार ने राज्यवाद का संरक्षण द्वारा अंतिम रूप से किया था जिससे यह नाम में बदल गया और आधुनिक रूप में विकसित हुआ।,2026-09-14 14:46:32
GK_HI_0932,Hindi,General Knowledge,"प्रमुख आविष्कार, खोजें एवं भारतीय वैज्ञानिक",Hard,किस वैज्ञानिक ने भारत में पहला चावल विश्लेषण किया?,रवीन्द्रनाथ ठाकुर,कार्ल राय,निकोला टाइगर,राम निधन गुप्त,D,राम निधन गुप्त,राम निधन गुप्त ने भारत में पहला चावल विश्लेषण किया था।,राम निधन गुप्त ने चावल के विश्लेषण में अपने नवाचारों का प्रयोग किया जिससे वह भारत में पहला चावल विश्लेषण किया।,2026-09-14 14:46:32
GK_HI_0933,Hindi,General Knowledge,"प्रमुख आविष्कार, खोजें एवं भारतीय वैज्ञानिक",Hard,किस वैज्ञानिक ने पहली बार भारत में विद्युत विभव की निरीक्षण की?,राजेन्द्र त्रिवेदी,कृष्णा मोहन राय,विजय कुमार चंद्र,महादेव शर्मा,B,कृष्णा मोहन राय,कृष्णा मोहन राय ने पहली बार भारत में विद्युत विभव की निरीक्षण की थी।,"कृष्णा मोहन राय ने भारत में विद्युत विभव की निरीक्षण के लिए एक पहली बार उपयोगी तरीका निकाला, जिससे वह भारतीय विद्युत संरचनाओं पर अधिक जानकारी उपलब्ध कराया।",2026-09-14 14:46:32
GK_HI_0934,Hindi,General Knowledge,"प्रमुख आविष्कार, खोजें एवं भारतीय वैज्ञानिक",Hard,भारतीय वैज्ञानिकों द्वारा पहला अंतरिक्ष नौका उड़ान किस वर्ष ली थी?,1950,1960,1965,1970,C,1965,1965 में भारतीय वैज्ञानिकों द्वारा पहला अंतरिक्ष नौका उड़ान ली थी।,"1965 में भारतीय वैज्ञानिकों द्वारा पहला अंतरिक्ष नौका उड़ान लिया था, जिससे भारत की अंतरिक्ष यात्रा की शुरुआत की गयी।",2026-09-14 14:46:32
GK_HI_0935,Hindi,General Knowledge,"प्रमुख आविष्कार, खोजें एवं भारतीय वैज्ञानिक",Hard,भारत में पहला रेडियो टेलीविजन टाउन बीटा टेक्नोलॉजी किस वर्ष चलाया गया?,1940,1950,1960,1970,B,1950,1950 में भारत में पहला रेडियो टेलीविजन टाउन बीटा टेक्नोलॉजी चलाया गया था।,"1950 में भारतीय रेडियो टेलीविजन टाउन बीटा टेक्नोलॉजी चलाई गई थी, जो भारतीय टेलीविजन अनुसंधान संस्थान द्वारा विकसित की गई थी।",2026-09-14 14:46:32
GK_HI_0936,Hindi,General Knowledge,"प्रमुख आविष्कार, खोजें एवं भारतीय वैज्ञानिक",Hard,भारतीय वैज्ञानिकों द्वारा पहला अतिशायित प्रोटीन किस वर्ष उत्पन्न किया गया?,1940,1950,1960,1970,C,1960,1960 में भारतीय वैज्ञानिकों द्वारा पहला अतिशायित प्रोटीन उत्पन्न किया गया था।,"1960 में भारतीय वैज्ञानिकों द्वारा पहला अतिशायित प्रोटीन उत्पन्न किया गया था, जो भारत के अतिशायित चाकू के विकास में एक अग्रगति थी।",2026-09-14 14:46:32
GK_HI_0937,Hindi,General Knowledge,"प्रमुख आविष्कार, खोजें एवं भारतीय वैज्ञानिक",Hard,भारतीय वैज्ञानिकों द्वारा पहला ब्यूटिन विश्लेषण किस वर्ष किया गया?,1940,1950,1960,1970,C,1960,1960 में भारतीय वैज्ञानिकों द्वारा पहला ब्यूटिन विश्लेषण किया गया था।,"1960 में भारतीय वैज्ञानिकों द्वारा पहला ब्यूटिन विश्लेषण किया गया था, जो भारत के जैविक रसायन अनुसंधान में एक अग्रगति थी।",2026-09-14 14:46:32
GK_HI_0938,Hindi,General Knowledge,"प्रमुख आविष्कार, खोजें एवं भारतीय वैज्ञानिक",Hard,भारतीय वैज्ञानिकों द्वारा पहला चाकू विश्लेषण किस वर्ष किया गया?,1940,1950,1960,1970,C,1960,1960 में भारतीय वैज्ञानिकों द्वारा पहला चाकू विश्लेषण किया गया था।,"1960 में भारतीय वैज्ञानिकों द्वारा पहला चाकू विश्लेषण किया गया था, जो भारत के जैविक रसायन अनुसंधान में एक अग्रगति थी।",2026-09-14 14:46:32
GK_HI_0939,Hindi,General Knowledge,"अंतरराष्ट्रीय संगठन (संयुक्त राष्ट्र, डब्ल्यूएचओ, विश्व बैंक)",Easy,संयुक्त राष्ट्र की स्थापना कब हुई थी?,1945,1947,1950,1955,A,1945,संयुक्त राष्ट्र की स्थापना युद्ध समाप्ति के बाद हुई थी।,संयुक्त राष्ट्र की स्थापना 24 दिसम्बर 1945 को हुई थी और यह युद्ध समाप्ति के बाद हुई थी।,2026-09-14 14:47:15
GK_HI_0940,Hindi,General Knowledge,"अंतरराष्ट्रीय संगठन (संयुक्त राष्ट्र, डब्ल्यूएचओ, विश्व बैंक)",Easy,डब्ल्यूएचओ (WTO) की स्थापना कब हुई थी?,1993,1995,1997,1999,B,1995,डब्ल्यूएचओ की स्थापना विश्व व्यापार को प्रेरित करके बनाई गई थी।,डब्ल्यूएचओ की स्थापना 1 जुलाई 1995 को हुई थी और यह विश्व व्यापार को प्रेरित करके बनाई गई थी।,2026-09-14 14:47:15
GK_HI_0941,Hindi,General Knowledge,"अंतरराष्ट्रीय संगठन (संयुक्त राष्ट्र, डब्ल्यूएचओ, विश्व बैंक)",Easy,विश्व बैंक की स्थापना कब हुई थी?,1944,1945,1947,1950,A,1944,विश्व बैंक की स्थापना युद्ध के बाद हुई थी।,विश्व बैंक की स्थापना 22 जुलाई 1944 को हुई थी और यह युद्ध के बाद हुई थी।,2026-09-14 14:47:15
GK_HI_0942,Hindi,General Knowledge,"अंतरराष्ट्रीय संगठन (संयुक्त राष्ट्र, डब्ल्यूएचओ, विश्व बैंक)",Easy,डब्ल्यूएचओ का पूरा नाम क्या है?,विश्व व्यापार और परिवहन संगठन,विश्व व्यापार और विकास संगठन,विश्व व्यापार और अन्तरराष्ट्रीय बाजार संगठन,विश्व व्यापार और अन्तरराष्ट्रीय संवाद संगठन,D,विश्व व्यापार और अन्तरराष्ट्रीय संवाद संगठन,डब्ल्यूएचओ का पूरा नाम विश्व व्यापार और अन्तरराष्ट्रीय संवाद संगठन है।,डब्ल्यूएचओ का पूरा नाम विश्व व्यापार और अन्तरराष्ट्रीय संवाद संगठन है। यह विश्व की व्यापार की संवाद और नीतियों की नियंत्रण करने की संस्था है।,2026-09-14 14:47:15
GK_HI_0943,Hindi,General Knowledge,"अंतरराष्ट्रीय संगठन (संयुक्त राष्ट्र, डब्ल्यूएचओ, विश्व बैंक)",Easy,विश्व बैंक का लक्ष्य क्या है?,विश्व के विकास,विश्व के व्यापार,विश्व की सुरक्षा,विश्व के शिक्षण,A,विश्व के विकास,विश्व बैंक का लक्ष्य विश्व के विकास है।,विश्व बैंक का लक्ष्य विश्व के विकास है। यह विश्व के विकास की सहायता करने के लिए समर्थन प्रदान करता है।,2026-09-14 14:47:15
GK_HI_0944,Hindi,General Knowledge,"अंतरराष्ट्रीय संगठन (संयुक्त राष्ट्र, डब्ल्यूएचओ, विश्व बैंक)",Easy,संयुक्त राष्ट्र की राष्ट्रपति किसे नियुक्त किया जाता है?,पंजीकृत सदस्य राष्ट्रों,साबित सदस्य राष्ट्रों,सभी सदस्य राष्ट्रों,संयुक्त राष्ट्र सहायक बैक्ट्री,C,सभी सदस्य राष्ट्रों,संयुक्त राष्ट्र की राष्ट्रपति सभी सदस्य राष्ट्रों से नियुक्त की जाती है।,संयुक्त राष्ट्र की राष्ट्रपति सभी सदस्य राष्ट्रों से नियुक्त की जाती है। यह अधिकार सभी सदस्य राष्ट्रों के मत पर निर्भर करता है।,2026-09-14 14:47:15
GK_HI_0945,Hindi,General Knowledge,"अंतरराष्ट्रीय संगठन (संयुक्त राष्ट्र, डब्ल्यूएचओ, विश्व बैंक)",Easy,डब्ल्यूएचओ की राष्ट्रीय सदस्यता किस देश को दी जाती है?,सभी देशों,संयुक्त राष्ट्र सदस्य देशों,संयुक्त राष्ट्र निर्वाचित देशों,संयुक्त राष्ट्र निर्वाचन देशों,B,संयुक्त राष्ट्र सदस्य देशों,डब्ल्यूएचओ की राष्ट्रीय सदस्यता संयुक्त राष्ट्र सदस्य देशों को दी जाती है।,डब्ल्यूएचओ की राष्ट्रीय सदस्यता संयुक्त राष्ट्र सदस्य देशों को दी जाती है। यह देश संयुक्त राष्ट्र सदस्य देशों में से एक है।,2026-09-14 14:47:15
GK_HI_0946,Hindi,General Knowledge,"अंतरराष्ट्रीय संगठन (संयुक्त राष्ट्र, डब्ल्यूएचओ, विश्व बैंक)",Easy,विश्व बैंक की कार्यक्रम से जुड़े किस शब्द का प्रयोग किया जाता है?,विकास,व्यापार,सुरक्षा,शिक्षण,A,विकास,विश्व बैंक की कार्यक्रम से जुड़े शब्द विकास है।,विश्व बैंक की कार्यक्रम से जुड़े शब्द विकास है। यह विश्व बैंक के लक्ष्य का प्रतिनिधित्व करता है।,2026-09-14 14:47:15
GK_HI_0947,Hindi,General Knowledge,"अंतरराष्ट्रीय संगठन (संयुक्त राष्ट्र, डब्ल्यूएचओ, विश्व बैंक)",Easy,डब्ल्यूएचओ की नियमित कार्यक्रम किस वर्ष शुरू हुए?,1995,1997,1999,2001,A,1995,डब्ल्यूएचओ की नियमित कार्यक्रम 1995 में शुरू हुए।,डब्ल्यूएचओ की नियमित कार्यक्रम 1995 में शुरू हुए। इस वर्ष विश्व व्यापार की नीतियों की नियंत्रण करने का योगदान किया गया।,2026-09-14 14:47:15
GK_HI_0948,Hindi,General Knowledge,"अंतरराष्ट्रीय संगठन (संयुक्त राष्ट्र, डब्ल्यूएचओ, विश्व बैंक)",Easy,विश्व बैंक की स्थापना किस देश में हुई थी?,अमेरिका,ब्राजील,नॉर्वे,हैंगुइन,A,अमेरिका,विश्व बैंक की स्थापना अमेरिका में हुई थी।,विश्व बैंक की स्थापना अमेरिका में हुई थी। यह विश्व के विकास की सहायता करने के लिए स्थापित की गई थी।,2026-09-14 14:47:15
GK_HI_0949,Hindi,General Knowledge,"प्रसिद्ध भारतीय व्यक्तित्व, स्वतंत्रता सेनानी एवं महापुरुष",Medium,स्वतंत्रता की यादगार दिवस कब मनाया जाता है?,25 जनवरी,15 जुलाई,15 सितंबर,26 जनवरी,D,26 जनवरी,26 जनवरी को स्वतंत्रता की यादगार दिवस मनाया जाता है क्योंकि यह राष्ट्रीय अर्ज और स्वतंत्रता की याद दिखाने का दिवस है।,26 जनवरी 1950 को भारत राष्ट्रपति के द्वारा स्वतंत्र राष्ट्र घोषित किया गया था।,2026-09-14 14:48:02
GK_HI_0950,Hindi,General Knowledge,"प्रसिद्ध भारतीय व्यक्तित्व, स्वतंत्रता सेनानी एवं महापुरुष",Medium,भारत की पहली प्रधान मंत्री कौन थे?,जवाहरलाल नेहरू,मोहम्मद अली जौहर,राजेश्वर राय,मंगल बैल,A,जवाहरलाल नेहरू,जवाहरलाल नेहरू ने भारत की पहली प्रधान मंत्री की भूमिका निभाई क्योंकि वह स्वतंत्रता संग्राम के दौरान भी एक महत्वपूर्ण व्यक्तित्व थे।,जवाहरलाल नेहरू को भारत की स्वतंत्रता सेनानी एवं पहले प्रधान मंत्री के रूप में जाना जाता है।,2026-09-14 14:48:02
GK_HI_0951,Hindi,General Knowledge,"प्रसिद्ध भारतीय व्यक्तित्व, स्वतंत्रता सेनानी एवं महापुरुष",Medium,भारत की राजधानी किस वर्ष से है?,1911,1931,1947,1950,A,1911,1911 को राजधानी को लखनऊ से नई दिल्ली की राजधानी की घोषणा की गई थी।,1911 को राजधानी को लखनऊ से नई दिल्ली राजधानी की घोषणा की गई थी।,2026-09-14 14:48:02
GK_HI_0952,Hindi,General Knowledge,"प्रसिद्ध भारतीय व्यक्तित्व, स्वतंत्रता सेनानी एवं महापुरुष",Medium,किस व्यक्ति ने 1942 में अक्षर स्वाधीनता योजना शुरू की?,जवाहरलाल नेहरू,विक्रम सिंह,महात्मा गांधी,राजेश्वर राय,C,महात्मा गांधी,महात्मा गांधी ने अक्षर स्वाधीनता योजना शुरू की क्योंकि वह स्वतंत्रता के लिए विशेष योजनाओं की चुनौतियों के खिलाफ संघर्ष करने वाले एक महत्वपूर्ण व्यक्तित्व थे।,महात्मा गांधी ने अक्षर स्वाधीनता योजना की घोषणा की और इसका नेतृत्व किया।,2026-09-14 14:48:02
GK_HI_0953,Hindi,General Knowledge,"प्रसिद्ध भारतीय व्यक्तित्व, स्वतंत्रता सेनानी एवं महापुरुष",Medium,हिंदुस्तान टाइम्स लापरवाना किस व्यक्ति ने लिखा था?,जवाहरलाल नेहरू,महात्मा गांधी,रवींद्रनाथ टॉयम्बा,बराक अबाद,B,महात्मा गांधी,महात्मा गांधी ने हिंदुस्तान टाइम्स लापरवाना लिखा था क्योंकि वह स्वतंत्रता के लिए नाराजगी और संघर्ष करने वाले एक महत्वपूर्ण व्यक्तित्व थे।,महात्मा गांधी ने हिंदुस्तान टाइम्स की लापरवाना लिखी थी और इसके लिए जाना जाता है।,2026-09-14 14:48:02
GK_HI_0954,Hindi,General Knowledge,"प्रसिद्ध भारतीय व्यक्तित्व, स्वतंत्रता सेनानी एवं महापुरुष",Medium,भारत की स्वतंत्रता का यादगार दिवस कब मनाया जाता है?,15 जुलाई,14 जुलाई,26 जनवरी,25 जनवरी,C,26 जनवरी,26 जनवरी को स्वतंत्रता की यादगार दिवस मनाया जाता है क्योंकि यह राष्ट्रीय अर्ज और स्वतंत्रता की याद दिखाने का दिवस है।,26 जनवरी 1950 को भारत राष्ट्रपति के द्वारा स्वतंत्र राष्ट्र घोषित किया गया था।,2026-09-14 14:48:02
GK_HI_0955,Hindi,General Knowledge,"प्रसिद्ध भारतीय व्यक्तित्व, स्वतंत्रता सेनानी एवं महापुरुष",Medium,1947 में बंगाल विभाजन का कारण क्या था?,जातीय विभाजन,राज्य विभाजन,राज्य का विकास,सरकार की राजधानी,A,जातीय विभाजन,1947 में बंगाल विभाजन का कारण जातीय विभाजन था क्योंकि जोहन डोलार ने बंगाल को बांग्लादेश और भारत में विभाजित कर दिया था।,1947 में जोहन डोलार ने बंगाल को बांग्लादेश और भारत में विभाजित कर दिया था जिसका उद्देश्य था जातीय विभाजन।,2026-09-14 14:48:02
GK_HI_0956,Hindi,General Knowledge,"प्रसिद्ध भारतीय व्यक्तित्व, स्वतंत्रता सेनानी एवं महापुरुष",Medium,भारत की पहली राष्ट्रपति कौन थे?,सीधर राव राज्याबाद,जवाहरलाल नेहरू,सीधर राव शर्मा,जवाहरलाल नेहरू,A,सीधर राव राज्याबाद,सीधर राव राज्याबाद ने भारत की पहली राष्ट्रपति की भूमिका निभाई क्योंकि उन्होंने स्वतंत्रता संग्राम के दौरान भी एक महत्वपूर्ण व्यक्तित्व थे।,सीधर राव राज्याबाद को भारत की पहली राष्ट्रपति के रूप में जाना जाता है।,2026-09-14 14:48:02
GK_HI_0957,Hindi,General Knowledge,"प्रसिद्ध भारतीय व्यक्तित्व, स्वतंत्रता सेनानी एवं महापुरुष",Medium,भारत की पहली विपरीत राष्ट्रपति कौन थे?,विक्रम सिंह,मुंबई विश्वविद्यालय,रवींद्रनाथ टॉयम्बा,विक्रम सिंह,D,विक्रम सिंह,विक्रम सिंह ने भारत की पहली विपरीत राष्ट्रपति की भूमिका निभाई क्योंकि उन्होंने स्वतंत्रता संग्राम के दौरान भी एक महत्वपूर्ण व्यक्तित्व थे।,विक्रम सिंह को भारत की पहली विपरीत राष्ट्रपति के रूप में जाना जाता है।,2026-09-14 14:48:02
GK_HI_0958,Hindi,General Knowledge,"प्रसिद्ध पुस्तकें, रचयिता एवं साहित्य",Medium,कौन सी किताब मानव स्वामित्व और आध्यात्मिक आत्मविज्ञान के सिद्धांत को प्रचलित करने वाली पहली किताब है?,मानव स्वामित्व का सिद्धांत,द बेसिन ऑफ वायरेस,विज्ञान और आध्यात्मिक आत्मविज्ञान,मानवता,C,विज्ञान और आध्यात्मिक आत्मविज्ञान,यह किताब विज्ञान के सिद्धांतों को आध्यात्मिक आत्मविज्ञान से जोड़ने में ब्रिटन राइटर की रचनात्मक योग्यता को प्रदर्शित करती है।,विज्ञान और आध्यात्मिक आत्मविज्ञान यही किताब इस दो विषयों को एक साथ लाती है और उनकी संबंधितता को स्पष्ट करती है।,2026-09-14 14:49:10
GK_HI_0959,Hindi,General Knowledge,"प्रसिद्ध पुस्तकें, रचयिता एवं साहित्य",Medium,किस लेखक ने द बेसिन ऑफ वायरेस यह लेखन प्रक्रिया के विश्लेषण का निर्णायक ग्रंथ बनाया है?,रिचर्ड डारविल,ट्रेवर कोलम्ब,किम नॉर्मन,ब्रिटन राइटर,D,ब्रिटन राइटर,ब्रिटन राइटर ने द बेसिन ऑफ वायरेस को लेखन प्रक्रिया के विश्लेषण का पहला और प्रसिद्ध ग्रंथ बनाया।,ब्रिटन राइटर ने द बेसिन ऑफ वायरेस को लेखन की विविध अवधारणाओं को विश्लेषण करके एक प्राकृतिक लेखन दर्शन विकसित किया है।,2026-09-14 14:49:10
GK_HI_0960,Hindi,General Knowledge,"प्रसिद्ध पुस्तकें, रचयिता एवं साहित्य",Medium,किस लेखक ने द रॉल ऑफ डिकेशन नामक किताब लिखी जिसमें राजनीतिक और नागरिक अधिकारों के प्रश्नों को विश्लेषण किया गया है?,कैथरीन डिस्टोफली,जॉन गार्फिल्ड,किम नॉर्मन,रिचर्ड डारविल,A,कैथरीन डिस्टोफली,कैथरीन डिस्टोफली ने द रॉल ऑफ डिकेशन को राजनीतिक और नागरिक अधिकारों के विश्लेषण के लिए एक महत्वपूर्ण योगदान दिया।,कैथरीन डिस्टोफली ने राजनीतिक दृष्टिकोण के साथ नागरिक अधिकारों के विषयों पर लिखा जिससे वह एक अद्वितीय प्रसिद्ध ग्रंथ बनी।,2026-09-14 14:49:10
GK_HI_0961,Hindi,General Knowledge,"प्रसिद्ध पुस्तकें, रचयिता एवं साहित्य",Medium,किस लेखक ने द शेल्स ऑफ रिकॉर्ड यह लेखन का प्रतिबिम्बित परिवर्तन लिखा जिसमें व्यक्तिगत स्मृतियों का उपयोग लेखन के विकास में कितनी महत्वपूर्ण भूमिका निभाती है?,ब्रिटन राइटर,किम नॉर्मन,जॉन गार्फिल्ड,कैथरीन डिस्टोफली,B,किम नॉर्मन,किम नॉर्मन ने द शेल्स ऑफ रिकॉर्ड को व्यक्तिगत स्मृतियों का उपयोग लेखन में विकास के लिए एक महत्वपूर्ण योगदान दिया।,किम नॉर्मन ने द शेल्स ऑफ रिकॉर्ड को व्यक्तिगत स्मृतियों का उपयोग लेखन के विकास में अपने उत्तम संकल्पों को दर्शाने के लिए लिखा।,2026-09-14 14:49:10
GK_HI_0962,Hindi,General Knowledge,"प्रसिद्ध पुस्तकें, रचयिता एवं साहित्य",Medium,किस लेखक ने जीवन के निर्णायक दिनों के निर्माण का विश्लेषण किया और इसका महत्व कितने बड़े पैमाने पर व्याप्त है?,रिचर्ड डारविल,कैथरीन डिस्टोफली,ब्रिटन राइटर,किम नॉर्मन,C,ब्रिटन राइटर,ब्रिटन राइटर ने जीवन के निर्णायक दिनों के निर्माण और उनकी व्यापक अर्थव्यापारिता पर विश्लेषण किया।,ब्रिटन राइटर ने जीवन के अंतर्गत निर्णायक दिनों की व्यापक दृष्टि से लेखन का एक नवीन रूप लिखा।,2026-09-14 14:49:10
GK_HI_0963,Hindi,General Knowledge,"प्रसिद्ध पुस्तकें, रचयिता एवं साहित्य",Medium,किस लेखक ने लेखन के आरंभिक अवस्थाओं को विश्लेषण किया और इसकी व्यावहारिक अवधारणाओं को दर्शाया है?,किम नॉर्मन,रिचर्ड डारविल,ब्रिटन राइटर,कैथरीन डिस्टोफली,A,किम नॉर्मन,किम नॉर्मन ने लेखन के आरंभिक अवस्थाओं को व्यावहारिक अवधारणाओं के दृष्टिकोण से विश्लेषण किया।,किम नॉर्मन ने लेखन के आरंभिक अवस्थाओं को व्यावहारिक अवधारणाओं के दृष्टिकोण से विश्लेषण किया जो लेखन और व्यावहारिक जीवन के बीच की जोड़ को स्पष्ट करता है।,2026-09-14 14:49:10
GK_HI_0964,Hindi,General Knowledge,"प्रसिद्ध पुस्तकें, रचयिता एवं साहित्य",Medium,किस लेखक ने द शेल्स ऑफ रिकॉर्ड की लेखन प्रक्रिया को विश्लेषण किया और इसकी निर्माणित विशेषताओं को दर्शाया है?,ब्रिटन राइटर,किम नॉर्मन,रिचर्ड डारविल,कैथरीन डिस्टोफली,B,किम नॉर्मन,किम नॉर्मन ने द शेल्स ऑफ रिकॉर्ड की लेखन प्रक्रिया को विश्लेषण किया और इसकी निर्माणित विशेषताओं को दर्शाया।,किम नॉर्मन ने द शेल्स ऑफ रिकॉर्ड की लेखन प्रक्रिया को विश्लेषण किया जिससे उन्होंने लेखन के अंतर्गत निर्माणित विशेषताओं को स्पष्ट किया।,2026-09-14 14:49:10
GK_HI_0965,Hindi,General Knowledge,"प्रसिद्ध पुस्तकें, रचयिता एवं साहित्य",Medium,किस लेखक ने द बेसिन ऑफ वायरेस की लेखन प्रक्रिया को विश्लेषण किया और इसका महत्व कितने बड़े पैमाने पर व्याप्त है?,ब्रिटन राइटर,किम नॉर्मन,रिचर्ड डारविल,कैथरीन डिस्टोफली,A,ब्रिटन राइटर,ब्रिटन राइटर ने द बेसिन ऑफ वायरेस की लेखन प्रक्रिया को विश्लेषण किया और इसका महत्व कितने बड़े पैमाने पर व्याप्त है।,ब्रिटन राइटर ने द बेसिन ऑफ वायरेस की लेखन प्रक्रिया को विश्लेषण किया जिससे उन्होंने लेखन के विकास का महत्व कितने बड़े पैमाने पर व्याप्त है को स्पष्ट किया।,2026-09-14 14:49:10
GK_HI_0966,Hindi,General Knowledge,"प्रसिद्ध पुस्तकें, रचयिता एवं साहित्य",Medium,किस लेखक ने जीवन के निर्णायक दिनों की लेखन प्रक्रिया को विश्लेषण किया और इसके अंतर्गत लेखन की व्यावहारिक अवधारणाओं का प्रभाव दर्शाया है?,किम नॉर्मन,ब्रिटन राइटर,रिचर्ड डारविल,कैथरीन डिस्टोफली,B,ब्रिटन राइटर,ब्रिटन राइटर ने जीवन के निर्णायक दिनों की लेखन प्रक्रिया को विश्लेषण किया और इसके अंतर्गत लेखन की व्यावहारिक अवधारणाओं का प्रभाव दर्शाया।,ब्रिटन राइटर ने जीवन के निर्णायक दिनों की लेखन प्रक्रिया को विश्लेषण किया जिससे उन्होंने लेखन की व्यावहारिक अवधारणाओं का प्रभाव कितने बड़े पैमाने पर व्याप्त है को स्पष्ट किया।,2026-09-14 14:49:10
GK_HI_0967,Hindi,General Knowledge,"प्रसिद्ध पुस्तकें, रचयिता एवं साहित्य",Medium,किस लेखक ने द शेल्स ऑफ रिकॉर्ड की लेखन प्रक्रिया को विश्लेषण किया और इसके अंतर्गत व्यक्तिगत स्मृतियों का उपयोग लेखन में कितनी महत्वपूर्ण भूमिका निभाती है?,किम नॉर्मन,ब्रिटन राइटर,रिचर्ड डारविल,कैथरीन डिस्टोफली,A,किम नॉर्मन,किम नॉर्मन ने द शेल्स ऑफ रिकॉर्ड की लेखन प्रक्रिया को विश्लेषण किया और इसके अंतर्गत व्यक्तिगत स्मृतियों का उपयोग लेखन में कितनी महत्वपूर्ण भूमिका निभाती है।,किम नॉर्मन ने द शेल्स ऑफ रिकॉर्ड की लेखन प्रक्रिया को विश्लेषण किया जिससे उन्होंने व्यक्तिगत स्मृतियों का उपयोग लेखन में कितनी महत्वपूर्ण भूमिका निभाती है को स्पष्ट किया।,2026-09-14 14:49:10
GK_HI_0968,Hindi,General Knowledge,"प्रसिद्ध पुस्तकें, रचयिता एवं साहित्य",Medium,किस लेखक ने द बेसिन ऑफ वायरेस की लेखन प्रक्रिया को विश्लेषण किया और इसके अंतर्गत लेखन की निर्माणित विशेषताओं को दर्शाया है?,किम नॉर्मन,ब्रिटन राइटर,रिचर्ड डारविल,कैथरीन डिस्टोफली,B,ब्रिटन राइटर,ब्रिटन राइटर ने द बेसिन ऑफ वायरेस की लेखन प्रक्रिया को विश्लेषण किया और इसके अंतर्गत लेखन की निर्माणित विशेषताओं को दर्शाया।,ब्रिटन राइटर ने द बेसिन ऑफ वायरेस की लेखन प्रक्रिया को विश्लेषण किया जिससे उन्होंने लेखन की निर्माणित विशेषताओं को दर्शाया।,2026-09-14 14:49:10
GK_HI_0969,Hindi,General Knowledge,"प्रमुख राष्ट्रीय एवं अंतरराष्ट्रीय पुरस्कार (नोबेल, भारत रत्न, पद्म पुरस्कार)",Easy,किस व्यक्ति ने पद्म रत्न पुरस्कार 2021 की दान की?,राजेन्द्र चंद्र शेराली,राजेन्द्र बालकाशी,निशान नेहरू,राजेन्द्र गुप्ता,A,राजेन्द्र चंद्र शेराली,राजेन्द्र चंद्र शेराली भारत के रसोई विज्ञान की शिक्षा और प्रशिक्षण के लिए अतिरिक्त कार्य करने वाले व्यक्ति हैं।,राजेन्द्र चंद्र शेराली भारत के रसोई विज्ञान की शिक्षा और प्रशिक्षण के लिए अतिरिक्त कार्य करने वाले व्यक्ति हैं। इसलिए उन्हें पद्म रत्न पुरस्कार मिला।,2026-09-14 14:50:52
GK_HI_0970,Hindi,General Knowledge,"प्रमुख राष्ट्रीय एवं अंतरराष्ट्रीय पुरस्कार (नोबेल, भारत रत्न, पद्म पुरस्कार)",Easy,भारत रत्न पुरस्कार किस वर्ष में शुरू किया गया?,1951,1952,1953,1954,B,1952,भारत रत्न पुरस्कार भारत की स्वतंत्रता की सर्वाधिक अवस्थाओं में शुरू किया गया।,भारत रत्न पुरस्कार भारत की स्वतंत्रता की सर्वाधिक अवस्थाओं में शुरू किया गया। इसे वर्ष 1952 में शुरू किया गया।,2026-09-14 14:50:52
GK_HI_0971,Hindi,General Knowledge,"प्रमुख राष्ट्रीय एवं अंतरराष्ट्रीय पुरस्कार (नोबेल, भारत रत्न, पद्म पुरस्कार)",Easy,नोबेल फार्मैटिक्स पुरस्कार किस वर्ष में शुरू किया गया?,1901,1947,1905,1965,A,1901,नोबेल फार्मैटिक्स पुरस्कार नोबेल फैंडमेंटल पुरस्कार का एक हिस्सा है जो नोबेल फैंडमेंटल पुरस्कार की शुरुआत से ही शुरू है।,नोबेल फार्मैटिक्स पुरस्कार नोबेल फैंडमेंटल पुरस्कार का एक हिस्सा है जो 1901 में शुरू हुआ।,2026-09-14 14:50:52
GK_HI_0972,Hindi,General Knowledge,"प्रमुख राष्ट्रीय एवं अंतरराष्ट्रीय पुरस्कार (नोबेल, भारत रत्न, पद्म पुरस्कार)",Easy,किस व्यक्ति ने द शेल्स ऑफ रिकॉर्ड पुरस्कार जीता?,राजेन्द्र चंद्र शेराली,राजेन्द्र बालकाशी,निशान नेहरू,राजेन्द्र गुप्ता,B,राजेन्द्र बालकाशी,राजेन्द्र बालकाशी ने द शेल्स ऑफ रिकॉर्ड पुरस्कार जीता।,राजेन्द्र बालकाशी ने द शेल्स ऑफ रिकॉर्ड पुरस्कार जीता। यह उनकी सर्वाधिक योगदान और कार्यक्रम थे।,2026-09-14 14:50:52
GK_HI_0973,Hindi,General Knowledge,"प्रमुख राष्ट्रीय एवं अंतरराष्ट्रीय पुरस्कार (नोबेल, भारत रत्न, पद्म पुरस्कार)",Easy,किस व्यक्ति ने भारत रत्न पुरस्कार 2020 की दान की?,विजय शर्मा,सुरेश दास,विलास कुमार,रमेश बरदार,C,विलास कुमार,विलास कुमार ने भारत रत्न पुरस्कार 2020 की दान की।,विलास कुमार ने भारत रत्न पुरस्कार 2020 की दान की। उन्होंने भारत की सेना में राष्ट्रिय कार्य किए।,2026-09-14 14:50:52
GK_HI_0974,Hindi,General Knowledge,"प्रमुख राष्ट्रीय एवं अंतरराष्ट्रीय पुरस्कार (नोबेल, भारत रत्न, पद्म पुरस्कार)",Easy,नोबेल फिजिक्स पुरस्कार किस वर्ष में शुरू किया गया?,1901,1947,1905,1965,A,1901,नोबेल फिजिक्स पुरस्कार नोबेल फैंडमेंटल पुरस्कार का एक हिस्सा है जो 1901 में शुरू हुआ।,नोबेल फिजिक्स पुरस्कार नोबेल फैंडमेंटल पुरस्कार का एक हिस्सा है जो 1901 में शुरू हुआ।,2026-09-14 14:50:52
GK_HI_0975,Hindi,General Knowledge,"प्रमुख राष्ट्रीय एवं अंतरराष्ट्रीय पुरस्कार (नोबेल, भारत रत्न, पद्म पुरस्कार)",Easy,किस व्यक्ति ने पद्म विशिष्ट पुरस्कार 2020 की दान की?,कुमार शर्मा,नितिविना शर्मा,रमेश जैन,नारायण राजन,B,नितिविना शर्मा,नितिविना शर्मा ने पद्म विशिष्ट पुरस्कार 2020 की दान की।,नितिविना शर्मा ने पद्म विशिष्ट पुरस्कार 2020 की दान की। उन्होंने भारत की राष्ट्रिय विकास कार्य में योगदान दिया।,2026-09-14 14:50:52
GK_HI_0976,Hindi,General Knowledge,"प्रमुख राष्ट्रीय एवं अंतरराष्ट्रीय पुरस्कार (नोबेल, भारत रत्न, पद्म पुरस्कार)",Easy,नोबेल फिजिशियल विज्ञान/मेडिकल पुरस्कार किस वर्ष में शुरू किया गया?,1901,1947,1905,1965,A,1901,नोबेल फिजिशियल विज्ञान/मेडिकल पुरस्कार नोबेल फैंडमेंटल पुरस्कार का एक हिस्सा है जो 1901 में शुरू हुआ।,नोबेल फिजिशियल विज्ञान/मेडिकल पुरस्कार नोबेल फैंडमेंटल पुरस्कार का एक हिस्सा है जो 1901 में शुरू हुआ।,2026-09-14 14:50:52
GK_HI_0977,Hindi,General Knowledge,"प्रमुख राष्ट्रीय एवं अंतरराष्ट्रीय पुरस्कार (नोबेल, भारत रत्न, पद्म पुरस्कार)",Easy,किस व्यक्ति ने द बेसिन ऑफ वायरेस पुरस्कार जीता?,राजेन्द्र चंद्र शेराली,राजेन्द्र बालकाशी,निशान नेहरू,राजेन्द्र गुप्ता,A,राजेन्द्र चंद्र शेराली,राजेन्द्र चंद्र शेराली ने द बेसिन ऑफ वायरेस पुरस्कार जीता।,राजेन्द्र चंद्र शेराली ने द बेसिन ऑफ वायरेस पुरस्कार जीता। उनकी कार्यक्रमों और योगदान थे।,2026-09-14 14:50:52
GK_HI_0978,Hindi,General Knowledge,"खेल जगत, क्रिकेट, हॉकी एवं ओलंपिक खेल",Medium,किस व्यक्ति ने 2007 में विश्व क्रिकेट चैंपियनशिप में भारत की टीम का लाइडर लिया?,विजय विज,सिशु शर्मा,राजेन्द्र प्रसाद,विनय बालाकर,A,विजय विज,विजय विज क्रिकेट में एक प्रसिद्ध लाइडर था जिन्होंने भारत की टीम का यह अहम लाइडर लिया था।,विजय विज ने 2007 क्रिकेट विश्व चैंपियनशिप में अपनी टीम को लीड किया और इस प्रक्रिया में वह भारत के लिए एक प्रतिष्ठित लाइडर बन गए।,2026-09-14 14:51:53
GK_HI_0979,Hindi,General Knowledge,"खेल जगत, क्रिकेट, हॉकी एवं ओलंपिक खेल",Medium,हॉकी में अर्जिट द रिसर्चर नामक एक नियम क्या है?,किसी खिलाड़ी ने गेंद को अपने भाग से टालना।,किसी खिलाड़ी ने गेंद को दूसरे खिलाड़ी के भाग पर दबाना।,किसी खिलाड़ी ने गेंद को अपने भाग के बाहर टालना।,किसी खिलाड़ी ने गेंद को अपने भाग से टालने के बाद बाकी खेल को रोकना।,D,किसी खिलाड़ी ने गेंद को अपने भाग से टालने के बाद बाकी खेल को रोकना।,अर्जिट द रिसर्चर एक नियम है जो गेंद को टालने के बाद खेल को रोकने के लिए रखा गया है।,यह नियम खेल की सुरक्षा को सुनिश्चित करने के लिए रखा गया है जिसमें खिलाड़ियों को गेंद को टालने के बाद खेल को रोकने के लिए रुचि रखनी होती है।,2026-09-14 14:51:53
GK_HI_0980,Hindi,General Knowledge,"खेल जगत, क्रिकेट, हॉकी एवं ओलंपिक खेल",Medium,ऑलंपिक में आर्थिक स्तर किसका परिमाप दर्शाता है?,किसी देश की संस्थाएँ जिन्होंने सर्वोच्च बजट जारी किया है।,किसी देश के खिलाड़ियों की प्रतिभा का माप।,किसी देश की खेल राजधानी की अवधि।,किसी देश की खेल तकनीकों की विकास की दर।,A,किसी देश की संस्थाएँ जिन्होंने सर्वोच्च बजट जारी किया है।,ऑलंपिक का आर्थिक स्तर देश के सर्वोच्च बजट जारी करने वाली संस्थाओं को प्रतिनिधित्व करता है।,ऑलंपिक में आर्थिक स्तर निर्धारित करने का एक मात्रा राशि है जो देश के खेल संस्थाओं की अवधारणा और उनकी खेल तकनीकों की विकास की दर से प्रतिनिधित्व करता है।,2026-09-14 14:51:53
GK_HI_0981,Hindi,General Knowledge,"खेल जगत, क्रिकेट, हॉकी एवं ओलंपिक खेल",Medium,हॉकी में एक राइनिंग बाउल क्या है?,एक राइनिंग बाउल खिलाड़ी ने गेंद को अपने भाग से टालना।,एक राइनिंग बाउल खिलाड़ी ने गेंद को दूसरे खिलाड़ी के भाग पर दबाना।,एक राइनिंग बाउल खिलाड़ी ने गेंद को अपने भाग के बाहर टालना।,एक राइनिंग बाउल खिलाड़ी ने गेंद को अपने भाग से टालने के बाद बाकी खेल को रोकना।,B,एक राइनिंग बाउल खिलाड़ी ने गेंद को दूसरे खिलाड़ी के भाग पर दबाना।,राइनिंग बाउल एक खिलाड़ी का व्यवहार है जो गेंद को दूसरे खिलाड़ी के भाग पर दबा देता है।,राइनिंग बाउल एक खेल में अवहेलनात्मक व्यवहार का एक उदाहरण है जो खेल की नियमों का पालन नहीं करता।,2026-09-14 14:51:53
GK_HI_0982,Hindi,General Knowledge,"खेल जगत, क्रिकेट, हॉकी एवं ओलंपिक खेल",Medium,किस वर्ष भारत ने खेल दुनिया 2014 में भाग लिया?,2006,2010,2012,2014,D,2014,2014 में भारत खेल दुनिया की एक अतिरिक्त निर्वाचित खेल टूर्नामेंट भाग लिया था।,2014 में भारत ने खेल दुनिया में एक अतिरिक्त खेल टूर्नामेंट भाग लिया जिससे उनकी शानदार भागीदारी और कार्यक्रम में शामिल होने के लिए प्रशंसा मिली।,2026-09-14 14:51:53
GK_HI_0983,Hindi,General Knowledge,"खेल जगत, क्रिकेट, हॉकी एवं ओलंपिक खेल",Medium,किस वर्ष बेनेट ने लंबे जूनियर टूर्नामेंट का शीर्ष स्थान जीता?,2010,2011,2012,2013,D,2013,बेनेट ने 2013 में लंबे जूनियर टूर्नामेंट में शीर्ष स्थान जीता जो विभिन्न खेलों के जूनियर खिलाड़ियों के लिए एक महत्वपूर्ण टूर्नामेंट है।,2013 में बेनेट ने लंबे जूनियर टूर्नामेंट के इतिहास में पहली बार शीर्ष स्थान जीता जो उनकी खेल कौशल और प्रतिभा को दर्शाता है।,2026-09-14 14:51:53
GK_HI_0984,Hindi,General Knowledge,"खेल जगत, क्रिकेट, हॉकी एवं ओलंपिक खेल",Medium,किस वर्ष भारत ने ग्लासोविल ऑलंपिक खेल में शामिल होने का अधिकार प्राप्त किया?,1972,1980,1984,1988,C,1984,1984 में भारत ने ग्लासोविल ऑलंपिक खेल में अपना अधिकार प्राप्त किया और तत्पश्चात भाग लिया।,1984 के ऑलंपिक खेल में भारत की शामिल होने का अधिकार पहली बार 1984 में प्राप्त हुआ जो उनकी खेल कौशल और प्रतिभा को दर्शाता है।,2026-09-14 14:51:53
GK_HI_0985,Hindi,General Knowledge,"खेल जगत, क्रिकेट, हॉकी एवं ओलंपिक खेल",Medium,किस वर्ष बांग्लादेश ने विश्व क्रिकेट चैंपियनशिप में शामिल होने का अधिकार प्राप्त किया?,2007,2009,2010,2012,C,2010,2010 में बांग्लादेश ने विश्व क्रिकेट चैंपियनशिप में अधिकार प्राप्त किया जो उनकी खेल कौशल और प्रतिभा को दर्शाता है।,2010 के विश्व क्रिकेट चैंपियनशिप में बांग्लादेश की शामिल होने का अधिकार पहली बार 2010 में प्राप्त हुआ।,2026-09-14 14:51:53
GK_HI_0986,Hindi,General Knowledge,"खेल जगत, क्रिकेट, हॉकी एवं ओलंपिक खेल",Medium,भारत की खेल परिवारों में जूनियर खेलों के लिए किस टूर्नामेंट का शीर्ष स्थान जीता है?,2010,2012,2014,2016,B,2012,भारत की खेल परिवारों ने 2012 में जूनियर खेलों के लिए एक महत्वपूर्ण टूर्नामेंट में शीर्ष स्थान जीता।,2012 में भारत की खेल परिवारों ने एक जूनियर खेल टूर्नामेंट में शीर्ष स्थान जीता जो उनकी खेल कौशल और प्रतिभा को दर्शाता है।,2026-09-14 14:51:53
GK_HI_0987,Hindi,General Knowledge,"खेल जगत, क्रिकेट, हॉकी एवं ओलंपिक खेल",Medium,किस वर्ष भारत ने राष्ट्रीय खेल टूर्नामेंट में शामिल होने का अधिकार प्राप्त किया?,1980,1990,2000,2010,B,1990,1990 में भारत ने राष्ट्रीय खेल टूर्नामेंट में अधिकार प्राप्त किया और तत्पश्चात भाग लिया।,1990 के राष्ट्रीय खेल टूर्नामेंट में भारत की शामिल होने का अधिकार पहली बार 1990 में प्राप्त हुआ जो उनकी खेल कौशल और प्रतिभा को दर्शाता है।,2026-09-14 14:51:53
GK_HI_0988,Hindi,General Knowledge,"पर्यावरण, वन्यजीव अभयारण्य एवं राष्ट्रीय उद्यान",Hard,किस राष्ट्रीय उद्यान में दिखलाई है जो भारत की दरबारी दूरबीन पक्षी जैसे लाल दूरबीन और बॉर्ड फिट से जुड़ा है?,मुंबई राष्ट्रीय उद्यान,मालावी राष्ट्रीय उद्यान,कर्णाटका राष्ट्रीय उद्यान,राजस्थान राष्ट्रीय उद्यान,B,मालावी राष्ट्रीय उद्यान,मालावी राष्ट्रीय उद्यान में दिखलाई है जो दूरबीन पक्षी से जुड़ा है।,"मालावी राष्ट्रीय उद्यान में दूरबीन पक्षी की राशि व्यापक रूप से दिखलाई है, जो भारत की दरबारी दूरबीन पक्षी से संबंधित है। यह पक्षी इस उद्यान में अपनी विशेषताओं के साथ व्यापक रूप से प्रस्तुत की जाती है।",2026-09-14 14:52:58
GK_HI_0989,Hindi,General Knowledge,"पर्यावरण, वन्यजीव अभयारण्य एवं राष्ट्रीय उद्यान",Hard,भारत के वन्यजीव अभयारण्यों में जिस प्रजाति की जनसंख्या सबसे अधिक है वह कौन-सा है?,टाइगर,हिरण,वैरान,गाँहर,A,टाइगर,टाइगर की जनसंख्या सबसे अधिक है।,टाइगर भारत के वन्यजीव अभयारण्यों में सबसे अधिक जनसंख्या वाली प्रजाति है। यहाँ टाइगरों की जनसंख्या का अनुसरण किया जाता है और यह एक महत्वपूर्ण वन्यजीव है जिसकी संरक्षण की अनिवार्यता है।,2026-09-14 14:52:58
GK_HI_0990,Hindi,General Knowledge,"पर्यावरण, वन्यजीव अभयारण्य एवं राष्ट्रीय उद्यान",Hard,भारत के राष्ट्रीय उद्यानों में जिस प्रजाति की विशेषता सबसे अधिक दिखलाई है वह कौन-सा है?,सुनहरा टाइगर,दिल्ली के पानी की गाड़ी,हिरण,बाजरा के बूटी,A,सुनहरा टाइगर,सुनहरा टाइगर की विशेषता सबसे अधिक दिखलाई है।,सुनहरा टाइगर भारत के राष्ट्रीय उद्यानों में एक विशेष वन्यजीव है जिसकी विशेषता और दिखावा सबसे अधिक दिखलाई है। यह भारत के राष्ट्रीय उद्यानों के अभियानों का एक महत्वपूर्ण हिस्सा है जो इनकी संरक्षण में लगाया जाता है।,2026-09-14 14:52:58
GK_HI_0991,Hindi,General Knowledge,"पर्यावरण, वन्यजीव अभयारण्य एवं राष्ट्रीय उद्यान",Hard,भारत के वन्यजीव अभयारण्यों में जिस प्रजाति की संरक्षण कार्यक्रम दूरबीन पक्षी जैसी विशेष प्रजातियों के लिए आधारित है?,हिरण,सुनहरा टाइगर,बाजरा के बूटी,दिल्ली के पानी की गाड़ी,B,सुनहरा टाइगर,सुनहरा टाइगर की संरक्षण कार्यक्रम दूरबीन पक्षी के लिए आधारित है।,सुनहरा टाइगर की संरक्षण कार्यक्रम दूरबीन पक्षी की संरक्षण के लिए विशेष विकसित किया गया है। यह उन प्रजातियों की संरक्षण के लिए कार्यक्रम बनाने की एक उदाहरण है जो विशेष वन्यजीव प्रजातियों की ध्यान के उदय को बढ़ावा देता है।,2026-09-14 14:52:58
GK_HI_0992,Hindi,General Knowledge,"पर्यावरण, वन्यजीव अभयारण्य एवं राष्ट्रीय उद्यान",Hard,भारत के राष्ट्रीय उद्यानों में जिस प्रजाति की संरक्षण कार्यक्रम दूरबीन पक्षी जैसी विशेष प्रजातियों के लिए आधारित है?,हिरण,सुनहरा टाइगर,बाजरा के बूटी,दिल्ली के पानी की गाड़ी,B,सुनहरा टाइगर,सुनहरा टाइगर की संरक्षण कार्यक्रम दूरबीन पक्षी के लिए आधारित है।,सुनहरा टाइगर की संरक्षण कार्यक्रम दूरबीन पक्षी की संरक्षण के लिए विशेष विकसित किया गया है। यह उन प्रजातियों की संरक्षण के लिए कार्यक्रम बनाने की एक उदाहरण है जो विशेष वन्यजीव प्रजातियों की ध्यान के उदय को बढ़ावा देता है।,2026-09-14 14:52:58
GK_HI_0993,Hindi,General Knowledge,"पर्यावरण, वन्यजीव अभयारण्य एवं राष्ट्रीय उद्यान",Hard,किस राष्ट्रीय उद्यान में निर्जल ग्लेशियर स्थित है और इसका नाम भारत की जनसंख्या से जुड़ा है?,कुम्बन राष्ट्रीय उद्यान,मुंबई राष्ट्रीय उद्यान,हरियाणा राष्ट्रीय उद्यान,कर्णाटका राष्ट्रीय उद्यान,A,कुम्बन राष्ट्रीय उद्यान,कुम्बन राष्ट्रीय उद्यान में निर्जल ग्लेशियर स्थित है।,"कुम्बन राष्ट्रीय उद्यान में निर्जल ग्लेशियर जिसका नाम भारत की जनसंख्या से जुड़ा है, स्थित है। यह उद्यान भारत के वन्यजीव विभाग और वन्यजीव संरक्षण के लिए एक महत्वपूर्ण हिस्सा है।",2026-09-14 14:52:58
GK_HI_0994,Hindi,General Knowledge,"पर्यावरण, वन्यजीव अभयारण्य एवं राष्ट्रीय उद्यान",Hard,भारत के वन्यजीव अभयारण्यों में जिस प्रजाति की जनसंख्या सबसे कम है वह कौन-सा है?,टाइगर,हिरण,चार्ल्स डाउन,बॉर्ड फिट,C,चार्ल्स डाउन,चार्ल्स डाउन की जनसंख्या सबसे कम है।,चार्ल्स डाउन भारत के वन्यजीव अभयारण्यों में सबसे कम जनसंख्या वाली प्रजाति है। यह प्रजाति विशेष विशेषताओं के साथ विश्वासघात की तुलना में अपनी बहुत कम जनसंख्या के कारण इसका विश्लेषण और संरक्षण महत्वपूर्ण है।,2026-09-14 14:52:58
GK_HI_0995,Hindi,General Knowledge,"पर्यावरण, वन्यजीव अभयारण्य एवं राष्ट्रीय उद्यान",Hard,भारत के वन्यजीव अभयारण्यों में जिस प्रजाति की जनसंख्या सबसे बढ़ी है वह कौन-सा है?,टाइगर,हिरण,चार्ल्स डाउन,बॉर्ड फिट,B,हिरण,हिरण की जनसंख्या सबसे बढ़ी है।,हिरण भारत के वन्यजीव अभयारण्यों में सबसे बड़ी जनसंख्या वाली प्रजाति है। यह प्रजाति भारत के वन्यजीव अभयारण्यों में एक महत्वपूर्ण अवधारणा है जो वन्यजीव विशेषताओं और उनकी जनसंख्या की ध्यान के लिए महत्वपूर्ण है।,2026-09-14 14:52:58
GK_HI_0996,Hindi,General Knowledge,"पर्यावरण, वन्यजीव अभयारण्य एवं राष्ट्रीय उद्यान",Hard,भारत के राष्ट्रीय उद्यानों में जिस प्रजाति की जनसंख्या सबसे बढ़ी है वह कौन-सा है?,हिरण,चार्ल्स डाउन,बॉर्ड फिट,कुम्बन राष्ट्रीय उद्यान,A,हिरण,हिरण की जनसंख्या सबसे बढ़ी है।,हिरण भारत के राष्ट्रीय उद्यानों में सबसे बड़ी जनसंख्या वाली प्रजाति है। यह प्रजाति भारत के राष्ट्रीय उद्यानों में एक महत्वपूर्ण अवधारणा है जो वन्यजीव विशेषताओं और उनकी जनसंख्या की ध्यान के लिए महत्वपूर्ण है।,2026-09-14 14:52:58
GK_HI_0997,Hindi,General Knowledge,प्राचीन एवं मध्यकालीन भारतीय इतिहास,Easy,कौन सा राज्य प्राचीन काल में भारत की सबसे महत्वपूर्ण कैली उत्पादन केंद्र था?,मध्य प्रदेश,गुजरात,महाराष्ट्र,कर्नाटक,B,गुजरात,गुजरात का इसका राज्य नाम गुजरात शब्द से लिया गया है जो कैली का उत्पादन से लिया गया है।,गुजरात अपनी कैली का उत्पादन करने वाला सबसे बड़ा केंद्र था और इसका नाम भी यह उत्पाद से लिया गया है।,2026-09-14 14:53:17
GK_HI_0998,Hindi,General Knowledge,प्राचीन एवं मध्यकालीन भारतीय इतिहास,Easy,मध्यकालीन भारत में राजा विश्वास किसके राज्य का संसाधक था?,मद्रास,महाराष्ट्र,उत्तर प्रदेश,कोराकाल,D,कोराकाल,कोराकाल एक प्राचीन गणराज्य था जिसका राजा विश्वास राज्य के संसाधनों के विकास का महत्व समझता था।,राजा विश्वास को अपने राज्य के विकास के लिए कार्यक्रमों की स्थापना करने वाला प्राचीन राजा था और इसलिए वह कोराकाल का संसाधक माना जाता है।,2026-09-14 14:53:17
GK_HI_0999,Hindi,General Knowledge,प्राचीन एवं मध्यकालीन भारतीय इतिहास,Easy,प्राचीन काल में भारत में राजा किस प्रकार का सर्वोच्च न्यायाधीश था?,सर्वेक्षणी,प्रधान मंत्री,राज्यमंत्री,कान्तिवर्धन,A,सर्वेक्षणी,सर्वेक्षणी नाम से राजा का न्यायाधीश की भूमिका निरूपित की जाती है जो सर्व देश का न्यायाधीश था।,सर्वेक्षणी राजा के राज्य के सर्वोच्च न्यायाधीश थे जो सर्व देश के न्याय का संचालन करते थे।,2026-09-14 14:53:17
GK_HI_1000,Hindi,General Knowledge,प्राचीन एवं मध्यकालीन भारतीय इतिहास,Easy,मध्यकालीन भारत में किस शहर को राजधानी के रूप में जाना जाता था?,वाराणसी,अमर्त्यापुर,कान्दिरपुर,कान्दिरपुरा,A,वाराणसी,वाराणसी अपने धार्मिक और सांस्कृतिक महत्व के कारण राजधानी के रूप में जाना जाता था।,वाराणसी एक प्राचीन शहर था जो धर्म संस्कृति के महत्व के कारण राजधानी के रूप में जाना जाता था।,2026-09-14 14:53:17
