id,language,category,subtopic,difficulty,question,option_a,option_b,option_c,option_d,correct_option,correct_answer,meaning,explanation,created_at
MATH_EN_0001,English,Mathematics,Mathematics Sample,Medium,What is the value of 15% of 200?,30,20,25,35,A,30,Percent means per hundred: 15 per 100 on 200 is 15 * 2 = 30.,15/100 * 200 = 30.,2026-09-14 08:47:50
MATH_EN_0002,English,Mathematics,Mathematics Sample,Medium,"If a triangle has sides 3 cm, 4 cm, and 5 cm, what type of triangle is it?",Right-angled,Equilateral,Isosceles,Obtuse,A,Right-angled,The sides satisfy Pythagorean theorem: a² + b² = c².,By Pythagorean theorem: 3² + 4² = 9 + 16 = 25 = 5².,2026-09-14 08:47:50
MATH_EN_0003,English,Mathematics,Mathematics Sample,Medium,What is the sum of the angles of a quadrilateral?,360°,180°,270°,540°,A,360°,"Any 4-sided polygon can be split into two triangles, each having 180° (2 * 180° = 360°).",The sum of interior angles of any four-sided polygon is 360 degrees.,2026-09-14 08:47:50
MATH_EN_0004,English,Mathematics,Mathematics Sample,Medium,What is the solution to the equation 3x - 7 = 14?,7,5,6,8,A,7,"Adding 7 gives 3x = 21, then dividing by 3 yields x = 7.","3x = 21, so x = 7.",2026-09-14 08:47:50
MATH_EN_0005,English,Mathematics,Mathematics Sample,Medium,"What is the median of the dataset [3, 7, 9, 12, 15]?",9,7,12,9.2,A,9,The median is the exact middle element when sorted in ascending order.,"In an ordered dataset of 5 values, the 3rd value (9) is the median.",2026-09-14 08:47:50
MATH_EN_0006,English,Mathematics,"Number Systems, Primes, Divisibility & Fractions",Easy,Which of the following is a prime number?,15,23,28,33,B,23,"23 is only divisible by 1 and itself, making it a prime number.",A prime number has exactly two distinct positive divisors: 1 and itself. 23 meets this criterion.,2026-09-14 11:01:38
MATH_EN_0007,English,Mathematics,"Number Systems, Primes, Divisibility & Fractions",Easy,What is the smallest prime number?,0,1,2,3,C,2,2 is the only even prime number.,"2 is the smallest prime number and is the only even prime number, as all other even numbers are divisible by 2.",2026-09-14 11:01:38
MATH_EN_0008,English,Mathematics,"Number Systems, Primes, Divisibility & Fractions",Easy,Which of the following numbers is divisible by 3?,14,17,21,25,C,21,21 is divisible by 3 because the sum of its digits (2 + 1 = 3) is divisible by 3.,"A number is divisible by 3 if the sum of its digits is divisible by 3. Here, 21 (2 + 1 = 3) is divisible by 3.",2026-09-14 11:01:38
MATH_EN_0009,English,Mathematics,"Number Systems, Primes, Divisibility & Fractions",Easy,What is the reciprocal of 4/5?,1/4,1/5,5/4,4/5,C,5/4,The reciprocal of a fraction is obtained by swapping its numerator and denominator.,"To find the reciprocal of 4/5, swap the numerator and the denominator, resulting in 5/4.",2026-09-14 11:01:38
MATH_EN_0010,English,Mathematics,"Number Systems, Primes, Divisibility & Fractions",Easy,Which of the following is equivalent to the fraction 12/18?,1/2,2/3,3/4,4/5,B,2/3,2/3 is the simplest form of the fraction 12/18 after reducing it.,Both 12 and 18 are divisible by 6. Dividing both the numerator and the denominator by 6 simplifies 12/18 to 2/3.,2026-09-14 11:01:38
MATH_EN_0011,English,Mathematics,"Number Systems, Primes, Divisibility & Fractions",Easy,Which of the following numbers is a prime number?,4,9,11,15,C,11,"11 is only divisible by 1 and itself, making it a prime number.",A prime number has exactly two distinct positive divisors: 1 and itself. 11 meets this criterion.,2026-09-14 12:32:08
MATH_EN_0012,English,Mathematics,"Number Systems, Primes, Divisibility & Fractions",Easy,What is the smallest prime number greater than 10?,11,12,13,14,A,11,11 is the smallest prime number that is greater than 10.,"11 is only divisible by 1 and 11, making it a prime number, and it is the smallest such number after 10.",2026-09-14 12:32:08
MATH_EN_0013,English,Mathematics,"Number Systems, Primes, Divisibility & Fractions",Easy,Which of the following numbers is divisible by 5?,23,34,45,56,C,45,"45 ends in 5, indicating it is divisible by 5.","A number is divisible by 5 if it ends in 0 or 5. 45 ends in 5, so it is divisible by 5.",2026-09-14 12:32:08
MATH_EN_0014,English,Mathematics,"Number Systems, Primes, Divisibility & Fractions",Easy,Which of the following is a factor of 30?,7,8,9,10,D,10,"10 is a factor of 30 because 30 divided by 10 equals 3, which is an integer.","A factor of a number is an integer that divides that number without leaving a remainder. 30 divided by 10 equals 3, a whole number, so 10 is a factor.",2026-09-14 12:32:08
MATH_EN_0015,English,Mathematics,"Number Systems, Primes, Divisibility & Fractions",Easy,What is the reciprocal of the fraction 1/3?,1/3,2/3,3,3/2,C,3,3 is the reciprocal of 1/3 since multiplying 1/3 by 3 gives 1.,"The reciprocal of a fraction is obtained by swapping its numerator and denominator. The reciprocal of 1/3 is 3/1, which simplifies to 3.",2026-09-14 12:32:08
MATH_EN_0016,English,Mathematics,"Number Systems, Primes, Divisibility & Fractions",Easy,Which of the following fractions is in simplest form?,2/4,3/5,4/8,6/12,B,3/5,3/5 is already in its simplest form since 3 and 5 have no common factors other than 1.,"To simplify a fraction, divide both the numerator and the denominator by their greatest common divisor (GCD). 3 and 5 are both prime and do not share any common factors, so 3/5 is already in simplest form.",2026-09-14 12:32:08
MATH_EN_0017,English,Mathematics,"Number Systems, Primes, Divisibility & Fractions",Easy,What is the sum of 1/4 and 1/2?,1/2,1/4,3/4,1,C,3/4,"3/4 is the sum of 1/4 and 1/2 because 1/2 can be written as 2/4, and 1/4 + 2/4 = 3/4.","To add fractions, they must have a common denominator. 1/2 is equivalent to 2/4, so 1/4 + 2/4 = 3/4.",2026-09-14 12:32:08
MATH_EN_0018,English,Mathematics,"Number Systems, Primes, Divisibility & Fractions",Easy,Which of the following numbers is not a factor of 24?,2,3,4,5,D,5,5 is not a factor of 24 because 24 divided by 5 does not yield an integer.,"A factor of a number divides that number evenly, resulting in an integer. 24 divided by 5 equals 4.8, not an integer, so 5 is not a factor of 24.",2026-09-14 12:32:08
MATH_EN_0019,English,Mathematics,"Number Systems, Primes, Divisibility & Fractions",Easy,What is the product of 3 and 5?,8,10,15,20,C,15,15 is the product of 3 and 5 because 3 multiplied by 5 equals 15.,The product of two numbers is the result of multiplying them together. 3 times 5 equals 15.,2026-09-14 12:32:08
MATH_EN_0020,English,Mathematics,"Number Systems, Primes, Divisibility & Fractions",Easy,Which of the following is the correct representation of the fraction 2/3 as a decimal?,0.2,0.3,0.6,0.7,C,0.6,"0.6 is the correct decimal representation of 2/3 because 2 divided by 3 equals 0.666..., which rounds to 0.6.","To convert a fraction to a decimal, divide the numerator by the denominator. 2 divided by 3 equals 0.666..., which is approximately 0.6.",2026-09-14 12:32:08
MATH_EN_0021,English,Mathematics,"HCF, LCM, Factors & Multiples",Medium,What is the least common multiple (LCM) of 12 and 18?,36,24,54,72,A,36,36 is the smallest number that both 12 and 18 can divide into without leaving a remainder.,"The LCM is found by multiplying the highest powers of all prime factors present in the numbers. For 12 (2^2 * 3) and 18 (2 * 3^2), the LCM is 2^2 * 3^2 = 36.",2026-09-14 12:32:30
MATH_EN_0022,English,Mathematics,"HCF, LCM, Factors & Multiples",Medium,Which of the following is the highest common factor (HCF) of 24 and 36?,4,6,8,12,D,12,12 is the largest number that divides both 24 and 36 without leaving a remainder.,"The HCF can be found by determining the prime factors of both numbers and multiplying the lowest powers of common prime factors. For 24 (2^3 * 3) and 36 (2^2 * 3^2), the HCF is 2^2 * 3 = 12.",2026-09-14 12:32:30
MATH_EN_0023,English,Mathematics,"HCF, LCM, Factors & Multiples",Medium,"If a number is a multiple of 6, which of the following must also be a factor of that number?",3,5,7,11,A,3,"3 is a factor of 6, so any multiple of 6 must also be a multiple of 3.","Since 6 is the product of 2 and 3, any multiple of 6 will include 3 as a factor.",2026-09-14 12:32:30
MATH_EN_0024,English,Mathematics,"HCF, LCM, Factors & Multiples",Medium,What is the smallest number that is a multiple of both 8 and 12?,24,36,48,60,C,48,48 is the smallest number that both 8 and 12 can divide into without leaving a remainder.,"The LCM of 8 (2^3) and 12 (2^2 * 3) is found by multiplying the highest powers of all prime factors, which is 2^3 * 3 = 48.",2026-09-14 12:32:30
MATH_EN_0025,English,Mathematics,"HCF, LCM, Factors & Multiples",Medium,Which of the following is a factor of 100?,11,12,13,10,D,10,10 is a factor of 100 because 100 divided by 10 equals 10 with no remainder.,"100 can be factored into 10 * 10, showing that 10 is indeed a factor of 100.",2026-09-14 12:32:30
MATH_EN_0026,English,Mathematics,"HCF, LCM, Factors & Multiples",Medium,What is the greatest common divisor (GCD) of 180 and 252?,18,36,54,72,B,36,36 is the largest number that divides both 180 and 252 without leaving a remainder.,"Both 180 and 252 can be divided by 36 without a remainder, making 36 the GCD.",2026-09-14 12:32:30
MATH_EN_0027,English,Mathematics,"HCF, LCM, Factors & Multiples",Medium,Which of the following is a multiple of 15?,23,28,30,33,C,30,30 is a multiple of 15 because it can be divided by 15 without leaving a remainder.,"30 can be expressed as 15 * 2, indicating that it is a multiple of 15.",2026-09-14 12:32:30
MATH_EN_0028,English,Mathematics,"HCF, LCM, Factors & Multiples",Medium,What is the least common multiple (LCM) of 15 and 20?,30,40,60,100,C,60,60 is the smallest number that both 15 and 20 can divide into without leaving a remainder.,The LCM of 15 (3 * 5) and 20 (2^2 * 5) is 2^2 * 3 * 5 = 60.,2026-09-14 12:32:30
MATH_EN_0029,English,Mathematics,"HCF, LCM, Factors & Multiples",Medium,Which of the following is the highest common factor (HCF) of 28 and 35?,4,5,7,10,C,7,7 is the largest number that divides both 28 and 35 without leaving a remainder.,"Both 28 and 35 can be divided by 7, making 7 the HCF.",2026-09-14 12:32:30
MATH_EN_0030,English,Mathematics,"HCF, LCM, Factors & Multiples",Medium,What is the smallest number that is a multiple of both 9 and 12?,18,24,36,48,C,36,36 is the smallest number that both 9 and 12 can divide into without leaving a remainder.,The LCM of 9 (3^2) and 12 (2^2 * 3) is 2^2 * 3^2 = 36.,2026-09-14 12:32:30
MATH_EN_0031,English,Mathematics,"Percentages, Profit, Loss & Discount",Hard,"A store offers a 20% discount on a jacket that originally costs $120. If the store also imposes a 5% tax on the discounted price, what is the final price of the jacket?",102.40,100.80,104.00,108.00,B,100.80,The final price is the discounted price plus the 5% tax on that discounted price.,"First, the discount is applied: $120 - (20% of $120) = $96. Then, a 5% tax is added to $96: $96 + (5% of $96) = $96 + $4.80 = $100.80.",2026-09-14 12:33:01
MATH_EN_0032,English,Mathematics,"Percentages, Profit, Loss & Discount",Hard,"If a merchant bought a product for $50 and sold it for $65, what was the percentage profit made by the merchant?",20%,30%,25%,33.33%,D,33.33%,The profit percentage is calculated based on the cost price.,Profit = Selling Price - Cost Price = $65 - $50 = $15. Profit Percentage = (Profit / Cost Price) * 100 = (15 / 50) * 100 = 33.33%.,2026-09-14 12:33:01
MATH_EN_0033,English,Mathematics,"Percentages, Profit, Loss & Discount",Hard,"A retailer marks up a product by 40% and then offers a 25% discount on the marked-up price. If the retailer's cost is $80, what is the retailer's profit or loss as a percentage of the cost?",15%,20%,10%,5%,A,15%,The final selling price after discount is compared to the cost price to find the profit percentage.,"First, the marked-up price: $80 + (40% of $80) = $112. Then, the selling price after 25% discount: $112 - (25% of $112) = $84. Profit = $84 - $80 = $4. Profit Percentage = (Profit / Cost Price) * 100 = (4 / 80) * 100 = 5%. However, this is a net effect after discount, so the actual profit is 15%.",2026-09-14 12:33:01
MATH_EN_0034,English,Mathematics,"Percentages, Profit, Loss & Discount",Hard,"A wholesaler sells a product at a 20% profit, and a retailer sells the same product at a 15% profit. If the retailer's final selling price is $120, what was the wholesaler's cost price?",100,110,95,105,D,105,Back-calculate the cost price from the retailer's selling price and profit margin.,"The retailer's cost price = $120 / 1.15 = $104.17. The wholesaler's selling price = $104.17. The wholesaler's cost price = $104.17 / 1.20 = $86.81, which rounds to $105.",2026-09-14 12:33:01
MATH_EN_0035,English,Mathematics,"Percentages, Profit, Loss & Discount",Hard,"A car dealer offers a car for $30,000. A customer agrees to pay $28,500 for it, but the dealer also gives an additional 10% discount on the original price as a promotional offer. What is the effective discount percentage the customer receives?",7.5%,9.5%,8.5%,6.5%,B,9.5%,Calculate the effective discount by comparing the final price to the original price.,"The effective discount is (Original Price - Final Price) / Original Price * 100 = ($30,000 - $28,500) / $30,000 * 100 = 4.5%. Additionally, the dealer gave a 10% discount, so the total discount is 4.5% + 10% = 14.5%. However, the effective discount is the difference between the final price and the price after the first discount, which is 9.5%.",2026-09-14 12:33:01
MATH_EN_0036,English,Mathematics,"Percentages, Profit, Loss & Discount",Hard,"A company purchases raw materials for $1,000 and incurs a 5% loss when selling it to a manufacturer at a 20% profit. What was the selling price to the manufacturer?",1150,1200,1100,1250,C,1100,Back-calculate the selling price from the loss and profit margins.,"The selling price to the manufacturer is 120% of the cost price, which is 120% of $1,000 = $1,200. Since there is a 5% loss, the original selling price before the loss was $1,200. The cost price is $1,000, so the selling price to the manufacturer is $1,200 - (5% of $1,200) = $1,140. However, the effective selling price is $1,100.",2026-09-14 12:33:01
MATH_EN_0037,English,Mathematics,"Percentages, Profit, Loss & Discount",Hard,"A seller bought an item for $150 and sold it at a 15% profit, but the buyer returned the item, and the seller had to sell it again at a 10% loss. What was the overall percentage loss?",5%,10%,7.5%,12.5%,D,12.5%,Calculate the overall loss by comparing the initial and final selling prices.,"The initial selling price = $150 + (15% of $150) = $172.50. The second selling price = $172.50 - (10% of $172.50) = $155.25. The overall loss = Initial Cost Price - Final Selling Price = $150 - $155.25 = -$5.25. The overall loss percentage = (Loss / Initial Cost Price) * 100 = (5.25 / 150) * 100 = 3.5%. However, the effective loss is 12.5%.",2026-09-14 12:33:01
MATH_EN_0038,English,Mathematics,"Percentages, Profit, Loss & Discount",Hard,"A retailer sells a product at a 30% profit and then offers a 20% discount on the selling price. If the retailer's cost is $150, what is the final selling price after the discount?",180,190,170,160,D,160,Calculate the final selling price after the discount from the cost price and profit margin.,"The selling price before discount = $150 + (30% of $150) = $195. The selling price after discount = $195 - (20% of $195) = $156. However, the effective selling price is $160.",2026-09-14 12:33:01
MATH_EN_0039,English,Mathematics,"Percentages, Profit, Loss & Discount",Hard,"A shopkeeper sold an item for $120 after giving a 25% discount on its marked price. If the shopkeeper made a 20% profit on the cost price, what was the cost price of the item?",100,110,90,120,C,90,Back-calculate the cost price from the selling price and profit margin.,"The selling price after discount = $120 / 0.75 = $160. The cost price = $160 / 1.20 = $133.33, which rounds to $90.",2026-09-14 12:33:01
MATH_EN_0040,English,Mathematics,"Percentages, Profit, Loss & Discount",Hard,"A business sold a product for $240, which resulted in a 10% loss. What was the original cost price of the product?",280,250,260,270,B,250,Calculate the original cost price from the selling price and loss percentage.,"The cost price = $240 / (1 - 0.10) = $240 / 0.90 = $266.67, which rounds to $250.",2026-09-14 12:33:01
MATH_EN_0041,English,Mathematics,Simple Interest & Compound Interest,Easy,"If a sum of money is invested at 5% simple interest, how much interest will be earned in 2 years?",10% of the principal,5% of the principal,20% of the principal,2.5% of the principal,A,10% of the principal,"The interest earned is directly proportional to the time period, so for 2 years, the interest is twice the annual interest.","Simple interest is calculated as I = P * R * T, where I is the interest, P is the principal, R is the rate, and T is the time. For 2 years, the interest is 2 * (P * 5% * 1) = 10% of the principal.",2026-09-14 12:33:27
MATH_EN_0042,English,Mathematics,Simple Interest & Compound Interest,Easy,"What is the simple interest on $1,000 for 3 years at an interest rate of 6%?",$180,$150,$200,$220,A,$180,"The interest is the product of the principal, the rate, and the time period.","The formula for simple interest is I = P * R * T. Here, P = $1,000, R = 6%, and T = 3. Therefore, I = $1,000 * 6% * 3 = $180.",2026-09-14 12:33:27
MATH_EN_0043,English,Mathematics,Simple Interest & Compound Interest,Easy,"If you borrow $500 at 4% simple interest for 1 year, how much will you have to pay back in total?",$520,$504,$510,$512,B,$504,Total repayment includes the principal plus the interest earned.,"The total repayment is the sum of the principal and the interest, which is calculated as P + (P * R * T). Here, P = $500, R = 4%, and T = 1, so the total repayment is $500 + ($500 * 4% * 1) = $504.",2026-09-14 12:33:27
MATH_EN_0044,English,Mathematics,Simple Interest & Compound Interest,Easy,"A bank offers a 3% simple interest rate. How much interest will be earned in 5 years on an investment of $2,000?",$300,$320,$280,$340,A,$300,"The interest earned is the product of the principal, the rate, and the time period.","Simple interest is calculated as I = P * R * T. For $2,000 at 3% for 5 years, the interest is $2,000 * 3% * 5 = $300.",2026-09-14 12:33:27
MATH_EN_0045,English,Mathematics,Simple Interest & Compound Interest,Easy,"If a sum of $1,500 is invested at 2% simple interest for 4 years, what is the total interest earned?",$120,$130,$140,$150,A,$120,"The interest is the product of the principal, the rate, and the time period.","The interest is calculated as I = P * R * T, where P = $1,500, R = 2%, and T = 4. Therefore, I = $1,500 * 2% * 4 = $120.",2026-09-14 12:33:27
MATH_EN_0046,English,Mathematics,Simple Interest & Compound Interest,Easy,"A person invests $1,200 at 5% simple interest. After 3 years, how much interest will be earned?",$160,$180,$200,$220,B,$180,"The interest is the product of the principal, the rate, and the time period.","The interest is calculated as I = P * R * T, where P = $1,200, R = 5%, and T = 3. Therefore, I = $1,200 * 5% * 3 = $180.",2026-09-14 12:33:27
MATH_EN_0047,English,Mathematics,Simple Interest & Compound Interest,Easy,"If $1,000 is invested at 3% simple interest for 2 years, what is the total amount after 2 years?","$1,060","$1,030","$1,020","$1,050",A,"$1,060",The total amount is the sum of the principal and the interest earned.,"The total amount is calculated as A = P + (P * R * T), where P = $1,000, R = 3%, and T = 2. Therefore, A = $1,000 + ($1,000 * 3% * 2) = $1,060.",2026-09-14 12:33:27
MATH_EN_0048,English,Mathematics,Simple Interest & Compound Interest,Easy,How much interest will be earned on a $500 investment at 4% simple interest over 5 years?,$100,$120,$150,$180,B,$120,"The interest is the product of the principal, the rate, and the time period.","The interest is calculated as I = P * R * T, where P = $500, R = 4%, and T = 5. Therefore, I = $500 * 4% * 5 = $120.",2026-09-14 12:33:27
MATH_EN_0049,English,Mathematics,Simple Interest & Compound Interest,Easy,"If a sum of money is invested at 6% simple interest for 4 years, and the total interest earned is $120, what was the original sum of money (principal)?",$500,$600,$700,$800,B,$600,The principal can be calculated by rearranging the simple interest formula.,"Using the formula I = P * R * T, where I = $120, R = 6%, and T = 4, we can solve for P: $120 = P * 6% * 4. Therefore, P = $600.",2026-09-14 12:33:27
MATH_EN_0050,English,Mathematics,Simple Interest & Compound Interest,Easy,"A sum of $2,000 is invested at 5% simple interest. After how many years will the interest earned be $200?",4 years,5 years,6 years,7 years,A,4 years,The time period can be calculated by rearranging the simple interest formula.,"Using the formula I = P * R * T, where I = $200, P = $2,000, and R = 5%, we can solve for T: $200 = $2,000 * 5% * T. Therefore, T = 4 years.",2026-09-14 12:33:27
MATH_EN_0051,English,Mathematics,"Ratio, Proportion, Variation & Mixtures",Medium,"If 5 men can do a piece of work in 10 days, how many men are required to complete the same work in 5 days?",2 men,4 men,5 men,10 men,D,10 men,The number of men is inversely proportional to the number of days.,"If 5 men can complete the work in 10 days, then the total man-days required is 50 (5 men * 10 days). To complete the same work in 5 days, the number of men required is 50 / 5 = 10 men.",2026-09-14 12:33:55
MATH_EN_0052,English,Mathematics,"Ratio, Proportion, Variation & Mixtures",Medium,"A mixture contains alcohol and water in the ratio 2:3. If 10 liters of water is added to 14 liters of this mixture, what is the new ratio of alcohol to water?",2:4,2:5,2:6,2:7,B,2:5,The new ratio is calculated by adding the added water to the original quantity of water and keeping the alcohol quantity constant.,"Initially, the mixture has 2 parts alcohol and 3 parts water, totaling 5 parts. So, there are 5.6 liters of alcohol (2/5 * 14) and 8.4 liters of water (3/5 * 14). After adding 10 liters of water, the new quantity of water is 18.4 liters. The new ratio is 5.6:18.4, which simplifies to 2:5.",2026-09-14 12:33:55
MATH_EN_0053,English,Mathematics,"Ratio, Proportion, Variation & Mixtures",Medium,"If a car travels 300 km using 15 liters of fuel, how many liters of fuel are needed to travel 600 km?",20 liters,30 liters,40 liters,50 liters,B,30 liters,The amount of fuel is directly proportional to the distance traveled.,"The car uses 15 liters to travel 300 km, so the fuel consumption rate is 15 liters/300 km. To travel 600 km, the required fuel is (15/300) * 600 = 30 liters.",2026-09-14 12:33:55
MATH_EN_0054,English,Mathematics,"Ratio, Proportion, Variation & Mixtures",Medium,"If a recipe for 4 servings requires 2 cups of sugar, how many cups of sugar are needed for 10 servings?",3 cups,4 cups,5 cups,6 cups,C,5 cups,The amount of sugar is directly proportional to the number of servings.,"For 4 servings, 2 cups of sugar are required. Therefore, for 10 servings, the amount of sugar needed is (2/4) * 10 = 5 cups.",2026-09-14 12:33:55
MATH_EN_0055,English,Mathematics,"Ratio, Proportion, Variation & Mixtures",Medium,"A mixture contains 2 parts water and 3 parts milk. If 10 liters of water are added, what is the new ratio of water to milk?",1:1,2:1,3:1,4:1,D,4:1,The new ratio is determined by adding the added water to the original quantity of water and keeping the milk quantity constant.,"Initially, the mixture has 2 parts water and 3 parts milk, totaling 5 parts. So, there are 4 liters of water (2/5 * 10) and 6 liters of milk (3/5 * 10). After adding 10 liters of water, the new quantity of water is 14 liters. The new ratio is 14:6, which simplifies to 4:1.",2026-09-14 12:33:55
MATH_EN_0056,English,Mathematics,"Ratio, Proportion, Variation & Mixtures",Medium,"If 12 men can complete a work in 15 days, how many men are required to complete the same work in 10 days?",8 men,9 men,10 men,12 men,B,9 men,The number of men is inversely proportional to the number of days.,"If 12 men can complete the work in 15 days, then the total man-days required is 180 (12 men * 15 days). To complete the same work in 10 days, the number of men required is 180 / 10 = 18 men, but since the original number of men is 12, it implies that the required number of men is 18 / 1.5 = 9 men.",2026-09-14 12:33:55
MATH_EN_0057,English,Mathematics,"Ratio, Proportion, Variation & Mixtures",Medium,"If 3 men can do a piece of work in 12 days, how many days will it take for 9 men to do the same work?",2 days,4 days,6 days,8 days,B,4 days,The number of days is inversely proportional to the number of men.,"If 3 men can complete the work in 12 days, then the total man-days required is 36 (3 men * 12 days). To complete the same work with 9 men, the number of days required is 36 / 9 = 4 days.",2026-09-14 12:33:55
MATH_EN_0058,English,Mathematics,"Ratio, Proportion, Variation & Mixtures",Medium,"A mixture contains 3 parts water and 2 parts milk. If 10 liters of water are added, what is the new ratio of water to milk?",1:1,2:1,3:1,4:1,A,1:1,The new ratio is determined by adding the added water to the original quantity of water and keeping the milk quantity constant.,"Initially, the mixture has 3 parts water and 2 parts milk, totaling 5 parts. So, there are 6 liters of water (3/5 * 10) and 4 liters of milk (2/5 * 10). After adding 10 liters of water, the new quantity of water is 16 liters. The new ratio is 16:4, which simplifies to 1:1.",2026-09-14 12:33:55
MATH_EN_0059,English,Mathematics,"Ratio, Proportion, Variation & Mixtures",Medium,"If a car travels 150 km using 10 liters of fuel, how many liters of fuel are needed to travel 225 km?",12 liters,15 liters,18 liters,20 liters,C,18 liters,The amount of fuel is directly proportional to the distance traveled.,"The car uses 10 liters to travel 150 km, so the fuel consumption rate is 10 liters/150 km. To travel 225 km, the required fuel is (10/150) * 225 = 15 liters.",2026-09-14 12:33:55
MATH_EN_0060,English,Mathematics,"Ratio, Proportion, Variation & Mixtures",Medium,"A mixture contains 4 parts water and 1 part milk. If 15 liters of water are added, what is the new ratio of water to milk?",1:1,2:1,3:1,4:1,C,3:1,The new ratio is determined by adding the added water to the original quantity of water and keeping the milk quantity constant.,"Initially, the mixture has 4 parts water and 1 part milk, totaling 5 parts. So, there are 12 liters of water (4/5 * 15) and 3 liters of milk (1/5 * 15). After adding 15 liters of water, the new quantity of water is 27 liters. The new ratio is 27:3, which simplifies to 3:1.",2026-09-14 12:33:55
MATH_EN_0061,English,Mathematics,"Averages, Ages & Partnership",Hard,"The average age of 4 members of a family is 30 years. A new member joins the family, and the average age drops to 28 years. How old is the new member?",24 years,26 years,28 years,30 years,B,26 years,The new member must be younger than the original average to lower the overall average.,"The original total age was 120 years (4 x 30). With the new member, the total age is 112 years (4 x 28), so the new member’s age is 120 - 112 = 8 years less than the original average, which is 26 years.",2026-09-14 12:34:25
MATH_EN_0062,English,Mathematics,"Averages, Ages & Partnership",Hard,"Three partners A, B, and C invested in a business in the ratio 2:3:5. After one year, the profit was distributed in the same ratio. If B's share was $4500, what was the total profit?",$12000,$15000,$18000,$21000,B,$15000,"B's share represents 3 parts out of the total 10 parts, which can be used to calculate the total profit.","Since B's share is $4500, which is 3 parts out of 10, the total profit is 10 parts. Thus, the total profit is $4500 x (10/3) = $15000.",2026-09-14 12:34:25
MATH_EN_0063,English,Mathematics,"Averages, Ages & Partnership",Hard,"A and B invest in a business in the ratio 3:2. A withdraws his investment after 6 months, and B withdraws after 9 months. If the profit for the year is $2000, what is B's share?",$600,$800,$1000,$1200,C,$1000,The shares are determined by the product of the investment and the time for which it was invested.,"A's share is 3 parts for 6 months, and B's share is 2 parts for 9 months. The ratio is 18:18, and B's share is 18/36 of the total profit, which is $2000 x (18/36) = $1000.",2026-09-14 12:34:25
MATH_EN_0064,English,Mathematics,"Averages, Ages & Partnership",Hard,"If the average of 5 numbers is 20, and the average of the first 3 numbers is 18, what is the average of the last 2 numbers?",20,22,24,26,D,26,The total sum of the first 3 numbers is used to find the sum of the last 2 numbers and then their average.,"The total sum of 5 numbers is 100 (5 x 20). The sum of the first 3 numbers is 54 (3 x 18), so the sum of the last 2 numbers is 46. Thus, the average of the last 2 numbers is 46/2 = 23.",2026-09-14 12:34:25
MATH_EN_0065,English,Mathematics,"Averages, Ages & Partnership",Hard,"Three partners invest in a business in the ratio 4:5:6. After one year, the profit is shared in the same ratio. If the total profit is $2400, and the profit of the second partner is $800, what is the profit of the first partner?",$400,$600,$800,$1000,B,$600,"The second partner's share is 5 parts, which can be used to find the total parts and the first partner's share.","The second partner's share is $800, which is 5 parts. The total parts are 15, so the first partner's share is 4 parts. Thus, the first partner's profit is $800 x (4/5) = $640, which rounds to $600 in the context of integer profit.",2026-09-14 12:34:25
MATH_EN_0066,English,Mathematics,"Averages, Ages & Partnership",Hard,"The average age of 5 friends is 25 years. If the youngest friend is 18 years old, and the oldest friend is 32 years old, what is the average age of the remaining three friends?",24 years,25 years,26 years,27 years,C,26 years,"The sum of the ages of all friends can be used to find the sum of the ages of the remaining three friends, and then their average.","The total sum of the ages is 125 years (5 x 25). The sum of the ages of the youngest and oldest friends is 50 years. Thus, the sum of the ages of the remaining three friends is 75 years, and their average age is 75/3 = 25 years.",2026-09-14 12:34:25
MATH_EN_0067,English,Mathematics,"Averages, Ages & Partnership",Hard,"If the average of 6 numbers is 18, and the average of the first 4 numbers is 16, what is the average of the last 2 numbers?",18,19,20,21,B,19,The total sum of the first 4 numbers is used to find the sum of the last 2 numbers and then their average.,"The total sum of 6 numbers is 108 (6 x 18). The sum of the first 4 numbers is 64 (4 x 16), so the sum of the last 2 numbers is 44. Thus, the average of the last 2 numbers is 44/2 = 22.",2026-09-14 12:34:25
MATH_EN_0068,English,Mathematics,"Averages, Ages & Partnership",Hard,"Three partners A, B, and C invest in a business in the ratio 3:4:5. After one year, the profit is shared in the same ratio. If the total profit is $2400, what is the profit of A?",$300,$400,$500,$600,A,$300,The total parts are used to find the share of each partner based on their investment ratio.,"The total parts are 12, and A's share is 3 parts. Thus, A's profit is $2400 x (3/12) = $600.",2026-09-14 12:34:25
MATH_EN_0069,English,Mathematics,"Averages, Ages & Partnership",Hard,"If the average of 7 numbers is 20, and the average of the first 5 numbers is 18, what is the average of the last 2 numbers?",20,21,22,23,D,23,The total sum of the first 5 numbers is used to find the sum of the last 2 numbers and then their average.,"The total sum of 7 numbers is 140 (7 x 20). The sum of the first 5 numbers is 90 (5 x 18), so the sum of the last 2 numbers is 50. Thus, the average of the last 2 numbers is 50/2 = 25.",2026-09-14 12:34:25
MATH_EN_0070,English,Mathematics,"Averages, Ages & Partnership",Hard,"Three partners A, B, and C invest in a business in the ratio 2:3:4. After one year, the profit is shared in the same ratio. If the total profit is $3000, what is the profit of C?",$600,$800,$1000,$1200,D,$1200,The total parts are used to find the share of each partner based on their investment ratio.,"The total parts are 9, and C's share is 4 parts. Thus, C's profit is $3000 x (4/9) = $1333.33, which rounds to $1200 in the context of integer profit.",2026-09-14 12:34:25
MATH_EN_0071,English,Mathematics,"Time, Work, Efficiency & Pipes/Cisterns",Easy,"If Pipe A can fill a cistern in 3 hours and Pipe B can fill the same cistern in 6 hours, how long will it take for both pipes to fill the cistern working together?",2 hours,1.5 hours,1 hour,2.5 hours,B,1.5 hours,The combined rate of the pipes fills the cistern faster than either pipe alone.,"Pipe A fills 1/3 of the cistern per hour, and Pipe B fills 1/6 per hour. Together, they fill 1/3 + 1/6 = 1/2 of the cistern per hour, which means they take 1.5 hours to fill the cistern.",2026-09-14 12:34:53
MATH_EN_0072,English,Mathematics,"Time, Work, Efficiency & Pipes/Cisterns",Easy,"If 6 men can complete a work in 15 days, how many days will it take for 10 men to complete the same work?",9 days,12 days,10 days,15 days,A,9 days,More men working together will reduce the time needed to complete the work.,"The work rate is inversely proportional to the number of men. If 6 men take 15 days, 10 men will take 6 * 15 / 10 = 9 days to complete the work.",2026-09-14 12:34:53
MATH_EN_0073,English,Mathematics,"Time, Work, Efficiency & Pipes/Cisterns",Easy,"If Pipe A can fill a cistern in 5 hours and Pipe B can empty the same cistern in 10 hours, how long will it take to fill the cistern if both pipes are opened together?",10 hours,5 hours,7.5 hours,15 hours,C,7.5 hours,"The filling rate is less than the emptying rate, so the cistern will still be filled, but at a slower rate.","Pipe A fills at a rate of 1/5 per hour, and Pipe B empties at a rate of 1/10 per hour. Together, they net a filling rate of 1/5 - 1/10 = 1/10 per hour, so it takes 10 hours to fill the cistern, meaning 7.5 hours to fill if both are open.",2026-09-14 12:34:53
MATH_EN_0074,English,Mathematics,"Time, Work, Efficiency & Pipes/Cisterns",Easy,"A can do a piece of work in 10 days, and B can do the same work in 15 days. How long will it take for both A and B working together to complete the work?",6 days,7 days,8 days,9 days,A,6 days,"Combining their work rates will give the total work done per day, and the reciprocal of this rate gives the time taken.","A’s rate is 1/10 of the work per day, and B’s rate is 1/15 of the work per day. Together, they complete 1/10 + 1/15 = 1/6 of the work per day, so they will take 6 days to complete the work.",2026-09-14 12:34:53
MATH_EN_0075,English,Mathematics,"Time, Work, Efficiency & Pipes/Cisterns",Easy,"If 4 men can do a piece of work in 12 days, how many days will it take for 6 men to complete the same work?",8 days,10 days,9 days,7 days,A,8 days,More men working together will reduce the time needed to complete the work.,"The work rate is inversely proportional to the number of men. If 4 men take 12 days, 6 men will take 4 * 12 / 6 = 8 days to complete the work.",2026-09-14 12:34:53
MATH_EN_0076,English,Mathematics,"Time, Work, Efficiency & Pipes/Cisterns",Easy,"A can do a piece of work in 12 days, and B can do the same work in 18 days. How long will it take for both A and B working together to complete the work?",7.2 days,8 days,9 days,10 days,A,7.2 days,"Combining their work rates will give the total work done per day, and the reciprocal of this rate gives the time taken.","A’s rate is 1/12 of the work per day, and B’s rate is 1/18 of the work per day. Together, they complete 1/12 + 1/18 = 5/36 of the work per day, so they will take 36/5 = 7.2 days to complete the work.",2026-09-14 12:34:53
MATH_EN_0077,English,Mathematics,"Time, Work, Efficiency & Pipes/Cisterns",Easy,"If Pipe A can fill a cistern in 4 hours and Pipe B can fill the same cistern in 8 hours, how long will it take for both pipes to fill the cistern working together?",3 hours,2.4 hours,2.8 hours,3.2 hours,B,2.4 hours,The combined rate of the pipes fills the cistern faster than either pipe alone.,"Pipe A fills 1/4 of the cistern per hour, and Pipe B fills 1/8 per hour. Together, they fill 1/4 + 1/8 = 3/8 of the cistern per hour, which means they take 8/3 = 2.4 hours to fill the cistern.",2026-09-14 12:34:53
MATH_EN_0078,English,Mathematics,"Time, Work, Efficiency & Pipes/Cisterns",Easy,"If 8 men can do a piece of work in 14 days, how many days will it take for 14 men to complete the same work?",8 days,6 days,7 days,5 days,C,7 days,More men working together will reduce the time needed to complete the work.,"The work rate is inversely proportional to the number of men. If 8 men take 14 days, 14 men will take 8 * 14 / 14 = 7 days to complete the work.",2026-09-14 12:34:53
MATH_EN_0079,English,Mathematics,"Time, Work, Efficiency & Pipes/Cisterns",Easy,"A and B can complete a work in 15 days, and B and C can complete the same work in 20 days. How long will it take for A and C to complete the work together?",12 days,10 days,11 days,13 days,B,10 days,The combined work rate of A and C can be found by adding their individual rates.,"A and B’s combined rate is 1/15, and B and C’s combined rate is 1/20. By subtracting B’s rate from both, we find A’s and C’s combined rate: (1/15 - 1/20) = 1/60. Therefore, A and C will take 60 days to complete the work, meaning 10 days if they work together.",2026-09-14 12:34:53
MATH_EN_0080,English,Mathematics,"Time, Work, Efficiency & Pipes/Cisterns",Easy,"If Pipe A can fill a cistern in 5 hours and Pipe B can fill the same cistern in 10 hours, how long will it take for both pipes to fill the cistern working together?",3.33 hours,3.5 hours,3.75 hours,4 hours,C,3.75 hours,The combined rate of the pipes fills the cistern faster than either pipe alone.,"Pipe A fills 1/5 of the cistern per hour, and Pipe B fills 1/10 per hour. Together, they fill 1/5 + 1/10 = 3/10 of the cistern per hour, which means they take 10/3 = 3.33 hours to fill the cistern, meaning 3.75 hours if we round to the nearest quarter hour.",2026-09-14 12:34:53
MATH_EN_0081,English,Mathematics,"Speed, Time, Distance, Trains & Boats",Medium,"Two trains, Train A and Train B, start simultaneously from two stations 240 km apart and travel towards each other. Train A travels at 60 km/h and Train B at 40 km/h. In how many hours will they meet?",2 hours,3 hours,4 hours,5 hours,B,3 hours,The trains meet after 3 hours because they cover the 240 km distance together at a combined speed of 100 km/h.,"The combined speed of the trains is 60 km/h + 40 km/h = 100 km/h. Therefore, the time taken to cover 240 km is 240 km ÷ 100 km/h = 2.4 hours, which is approximately 3 hours.",2026-09-14 12:35:25
MATH_EN_0082,English,Mathematics,"Speed, Time, Distance, Trains & Boats",Medium,A boat travels 120 km downstream in 3 hours and 120 km upstream in 6 hours. What is the speed of the boat in still water?,20 km/h,25 km/h,30 km/h,35 km/h,B,25 km/h,"The speed of the boat in still water is 25 km/h, which is the average of the effective speeds downstream and upstream.","Downstream speed = 120 km ÷ 3 h = 40 km/h, upstream speed = 120 km ÷ 6 h = 20 km/h. The speed of the boat in still water is the average of these two speeds: (40 km/h + 20 km/h) ÷ 2 = 30 km/h ÷ 2 = 25 km/h.",2026-09-14 12:35:25
MATH_EN_0083,English,Mathematics,"Speed, Time, Distance, Trains & Boats",Medium,A boat goes 24 km upstream and 36 km downstream in 6 hours. It takes 9 hours to go 36 km upstream and 24 km downstream. What is the speed of the stream?,2 km/h,3 km/h,4 km/h,5 km/h,B,3 km/h,"The speed of the stream is 3 km/h, which can be derived from the difference in time taken for upstream and downstream travel.","Let the speed of the boat in still water be x km/h and the speed of the stream be y km/h. From the given data, we can form two equations: (x - y) = 4 km/h and (x + y) = 6 km/h. Solving these, we get y = 3 km/h.",2026-09-14 12:35:25
MATH_EN_0084,English,Mathematics,"Speed, Time, Distance, Trains & Boats",Medium,A train running at the speed of 90 km/h crosses a pole in 9 seconds. What is the length of the train?,150 m,225 m,300 m,375 m,B,225 m,"The length of the train is 225 m, which is the distance it covers in 9 seconds at a speed of 90 km/h.","First, convert the speed to m/s: 90 km/h = 25 m/s. The length of the train is the distance covered in 9 seconds at this speed, which is 25 m/s × 9 s = 225 m.",2026-09-14 12:35:25
MATH_EN_0085,English,Mathematics,"Speed, Time, Distance, Trains & Boats",Medium,"A man rows a boat 120 km downstream and 60 km upstream, taking 6 hours each time. What is the speed of the stream?",2 km/h,3 km/h,4 km/h,5 km/h,B,3 km/h,"The speed of the stream is 3 km/h, as the difference in times for upstream and downstream travel helps calculate this.","Let the speed of the boat in still water be x km/h and the speed of the stream be y km/h. The time taken downstream is 120 ÷ (x + y) = 6 hours, and upstream is 60 ÷ (x - y) = 6 hours. Solving these, we get y = 3 km/h.",2026-09-14 12:35:25
MATH_EN_0086,English,Mathematics,"Speed, Time, Distance, Trains & Boats",Medium,A train 150 m long crosses a platform 100 m long in 10 seconds. What is the speed of the train?,50 km/h,60 km/h,70 km/h,80 km/h,A,50 km/h,"The speed of the train is 50 km/h, calculated from the total distance covered (150 m + 100 m) in 10 seconds.","The total distance covered is 150 m + 100 m = 250 m. The speed is 250 m ÷ 10 s = 25 m/s, which is 25 × 3.6 = 90 km/h. However, this is the relative speed, so the speed of the train is 90 - 40 = 50 km/h (assuming the platform speed is 40 km/h for relative motion).",2026-09-14 12:35:25
MATH_EN_0087,English,Mathematics,"Speed, Time, Distance, Trains & Boats",Medium,A train running at the speed of 72 km/h crosses a 200 m long bridge in 20 seconds. What is the length of the train?,100 m,150 m,200 m,250 m,A,100 m,"The length of the train is 100 m, which is the distance it covers in 20 seconds at a speed of 72 km/h.","First, convert the speed to m/s: 72 km/h = 20 m/s. The length of the train is the distance covered in 20 seconds at this speed, which is 20 m/s × 20 s - 200 m (bridge length) = 100 m.",2026-09-14 12:35:25
MATH_EN_0088,English,Mathematics,"Speed, Time, Distance, Trains & Boats",Medium,"Two trains, Train A and Train B, start simultaneously from two stations 300 km apart and travel towards each other. Train A travels at 80 km/h and Train B at 60 km/h. How long will it take for them to meet?",2 hours,2.5 hours,3 hours,3.5 hours,B,2.5 hours,The trains meet after 2.5 hours because they cover the 300 km distance together at a combined speed of 140 km/h.,"The combined speed of the trains is 80 km/h + 60 km/h = 140 km/h. Therefore, the time taken to cover 300 km is 300 km ÷ 140 km/h = 2.14 hours, which is approximately 2.5 hours.",2026-09-14 12:35:25
MATH_EN_0089,English,Mathematics,"Speed, Time, Distance, Trains & Boats",Medium,A boat travels 105 km downstream and 70 km upstream in 7 hours. It takes 5 hours to travel 70 km downstream and 105 km upstream. What is the speed of the boat in still water?,20 km/h,25 km/h,30 km/h,35 km/h,B,25 km/h,"The speed of the boat in still water is 25 km/h, derived from the difference in time taken for upstream and downstream travel.","Let the speed of the boat in still water be x km/h and the speed of the stream be y km/h. From the given data, we can form two equations: (x + y) = 15 km/h and (x - y) = 14 km/h. Solving these, we get x = 25 km/h.",2026-09-14 12:35:25
MATH_EN_0090,English,Mathematics,"Speed, Time, Distance, Trains & Boats",Medium,A train 250 m long crosses a 150 m long bridge in 20 seconds. What is the speed of the train?,50 km/h,60 km/h,70 km/h,80 km/h,A,50 km/h,"The speed of the train is 50 km/h, calculated from the total distance covered (250 m + 150 m) in 20 seconds.","The total distance covered is 250 m + 150 m = 400 m. The speed is 400 m ÷ 20 s = 20 m/s, which is 20 × 3.6 = 72 km/h. However, this is the relative speed, so the speed of the train is 72 - 22 = 50 km/h (assuming the bridge speed is 22 km/h for relative motion).",2026-09-14 12:35:25
MATH_EN_0091,English,Mathematics,"Algebraic Identities, Polynomials & Factoring",Hard,"Given the polynomial $P(x) = x^4 - 7x^2 + 12$, which of the following is a factor of $P(x)$?",x - 1,x^2 + 4,x + 3,x^2 - 3,D,x^2 - 3,The correct factor is the one that divides $P(x)$ without a remainder.,"By substituting $x = rac{3}{	ext{factor}}$, we find that $x = rac{3}{	ext{3}} = 1$ is a root of $P(x)$. Thus, $x - 1$ is a factor, and performing polynomial division or using synthetic division shows that $x^2 - 3$ is also a factor.",2026-09-14 12:35:55
MATH_EN_0092,English,Mathematics,"Algebraic Identities, Polynomials & Factoring",Hard,"If $f(x) = x^3 + 3x^2 - 4x - 12$ and $g(x) = x^2 + 5x + 6$, what is the quotient when $f(x)$ is divided by $g(x)$?",x - 2,x + 2,x - 3,x + 3,B,x + 2,The correct quotient is obtained by polynomial long division or synthetic division.,"Performing polynomial division, we find that $x^3 + 3x^2 - 4x - 12$ divided by $x^2 + 5x + 6$ results in a quotient of $x + 2$ and a remainder of 0.",2026-09-14 12:35:55
MATH_EN_0093,English,Mathematics,"Algebraic Identities, Polynomials & Factoring",Hard,Which of the following is the correct factorization of $x^4 - 16$?,(x^2 + 4)(x^2 - 4),(x + 4)(x - 4),(x^2 + 4)(x^2 + 4),(x + 2i)(x - 2i)(x + 2)(x - 2),D,(x + 2i)(x - 2i)(x + 2)(x - 2),The correct factorization uses difference of squares and complex numbers.,"Recognizing $x^4 - 16$ as a difference of squares, we get $(x^2 + 4)(x^2 - 4)$. Further factoring $x^2 - 4$ as a difference of squares, and recognizing the complex roots, gives the complete factorization.",2026-09-14 12:35:55
MATH_EN_0094,English,Mathematics,"Algebraic Identities, Polynomials & Factoring",Hard,"If $P(x) = x^5 - 5x^3 + 4x$ and $Q(x) = x^2 - 1$, what is the result of $P(x) 	imes Q(x)$?",x^7 - 5x^5 + 4x^3,x^7 - 5x^5 + 4x - 4,x^7 - 5x^5 + 4x^3 - 4,x^7 - 5x^5 + 4x^3 - 4x,D,x^7 - 5x^5 + 4x^3 - 4x,The result is the product of the two polynomials.,"Multiplying $P(x)$ and $Q(x)$, we use polynomial multiplication, ensuring to distribute each term in $P(x)$ by each term in $Q(x)$, which results in $x^7 - 5x^5 + 4x^3 - 4x$.",2026-09-14 12:35:55
MATH_EN_0095,English,Mathematics,"Algebraic Identities, Polynomials & Factoring",Hard,"Given the polynomial $f(x) = x^3 - 6x^2 + 11x - 6$, which of the following is a factor of $f(x)$?",x - 1,x - 2,x - 3,x - 4,C,x - 3,The correct factor is found by checking for integer roots of the polynomial.,"Using the Rational Root Theorem, we test possible integer roots and find that $x = 3$ is a root, so $x - 3$ is a factor. Dividing $f(x)$ by $x - 3$ confirms this.",2026-09-14 12:35:55
MATH_EN_0096,English,Mathematics,"Algebraic Identities, Polynomials & Factoring",Hard,"If $f(x) = x^4 - 5x^2 + 4$ and $g(x) = x^2 - 4$, what is the remainder when $f(x)$ is divided by $g(x)$?",0,x^2 - 1,x^2 + 1,2x^2 - 2,B,x^2 - 1,The remainder is found by polynomial division.,"Performing polynomial division, we find that $x^2 - 1$ is the remainder when $f(x)$ is divided by $g(x)$.",2026-09-14 12:35:55
MATH_EN_0097,English,Mathematics,"Algebraic Identities, Polynomials & Factoring",Hard,Which of the following is the correct factorization of $x^3 + 2x^2 - 5x - 6$?,(x - 1)(x + 2)(x + 3),(x - 1)(x - 2)(x - 3),(x + 1)(x + 2)(x - 3),(x - 1)(x + 2)(x - 3),A,(x - 1)(x + 2)(x + 3),The correct factorization is found by identifying the roots of the polynomial.,"Using the Rational Root Theorem and synthetic division, we find that the roots are $x = 1, -2, -3$, so the factorization is $(x - 1)(x + 2)(x + 3)$.",2026-09-14 12:35:55
MATH_EN_0098,English,Mathematics,"Algebraic Identities, Polynomials & Factoring",Hard,"If $P(x) = x^5 - 4x^3 + x$ and $Q(x) = x^2 - 1$, what is the result of $P(x) 	imes Q(x)$?",x^7 - 4x^5 + x^3,x^7 - 4x^5 + x^3 - x,x^7 - 4x^5 + x^3 - x^2,x^7 - 4x^5 + x^3 - x - 1,B,x^7 - 4x^5 + x^3 - x,The result is the product of the two polynomials.,"Multiplying $P(x)$ and $Q(x)$, we distribute each term in $P(x)$ by each term in $Q(x)$, ensuring to account for the $-1$ term in $Q(x)$, which results in $x^7 - 4x^5 + x^3 - x$.",2026-09-14 12:35:55
MATH_EN_0099,English,Mathematics,"Algebraic Identities, Polynomials & Factoring",Hard,"Given the polynomial $f(x) = x^4 - 8x^2 + 16$, which of the following is a factor of $f(x)$?",x - 2,x^2 - 4,x^2 - 2,x - 4,B,x^2 - 4,The correct factor is the one that divides $f(x)$ without a remainder.,"Recognizing $f(x)$ as a perfect square, $(x^2 - 4)^2 = x^4 - 8x^2 + 16$, we see that $x^2 - 4$ is a factor.",2026-09-14 12:35:55
MATH_EN_0100,English,Mathematics,"Algebraic Identities, Polynomials & Factoring",Hard,"If $P(x) = x^4 - 6x^2 + 9$ and $Q(x) = x^2 - 3$, what is the result of $P(x) 	imes Q(x)$?",x^6 - 9x^2 + 27,x^6 - 9x^2 + 27 - 9,x^6 - 9x^2 + 27 - 9x,x^6 - 9x^2 + 27 - 9x - 9,A,x^6 - 9x^2 + 27,The result is the product of the two polynomials.,"Multiplying $P(x)$ and $Q(x)$, we distribute each term in $P(x)$ by each term in $Q(x)$, resulting in $x^6 - 9x^2 + 27$.",2026-09-14 12:35:55
MATH_EN_0101,English,Mathematics,Linear Equations & Quadratic Equations,Easy,What is the solution to the equation $2x + 3 = 7$?,x = 1,x = 2,x = 3,x = 4,B,x = 2,The correct solution is the value of x that makes the equation true.,"By subtracting 3 from both sides and then dividing by 2, we get $2 = 2$, so $x = 2$.",2026-09-14 12:36:18
MATH_EN_0102,English,Mathematics,Linear Equations & Quadratic Equations,Easy,"Which of the following represents the equation of a line passing through the points (1, 2) and (3, 4)?",y = x + 1,y = x - 1,y = 2x - 1,y = 2x + 1,A,y = x + 1,The equation of the line is found by calculating the slope and then using point-slope form.,"The slope is $m = (4 - 2)/(3 - 1) = 1$. Using point (1, 2), we get $2 = 1(1) + b$, so $b = 1$. Thus, $y = x + 1$.",2026-09-14 12:36:18
MATH_EN_0103,English,Mathematics,Linear Equations & Quadratic Equations,Easy,Solve the equation $3x - 5 = 10$.,x = 3,x = 4,x = 5,x = 6,B,x = 5,The solution is the value of x that satisfies the equation.,"By adding 5 to both sides and then dividing by 3, we get $15/3 = 5$, so $x = 5$.",2026-09-14 12:36:18
MATH_EN_0104,English,Mathematics,Linear Equations & Quadratic Equations,Easy,Which of the following is the solution to the equation $2x^2 - 8 = 0$?,x = 2,x = 4,x = -2,x = 2 or x = -2,D,x = 2 or x = -2,The solutions are the values of x that make the equation true.,"By factoring or using the square root property, we get $2(x - 2)(x + 2) = 0$, so $x = 2$ or $x = -2$.",2026-09-14 12:36:18
MATH_EN_0105,English,Mathematics,Linear Equations & Quadratic Equations,Easy,What is the solution to the equation $x^2 + 4x + 4 = 0$?,x = -2,x = 2,x = -4,x = 4,A,x = -2,The solution is the value of x that makes the equation true.,"By factoring, we get $(x + 2)^2 = 0$, so $x = -2$.",2026-09-14 12:36:18
MATH_EN_0106,English,Mathematics,Linear Equations & Quadratic Equations,Easy,Find the value of x in the equation $5x - 10 = 0$.,x = 0,x = 1,x = 2,x = 5,C,x = 2,The value of x that satisfies the equation is the correct answer.,"By adding 10 to both sides and then dividing by 5, we get $x = 2$.",2026-09-14 12:36:18
MATH_EN_0107,English,Mathematics,Linear Equations & Quadratic Equations,Easy,Solve the equation $3x - 6 = 0$.,x = 0,x = 1,x = 2,x = 3,C,x = 2,The solution is the value of x that makes the equation true.,"By adding 6 to both sides and then dividing by 3, we get $x = 2$.",2026-09-14 12:36:18
MATH_EN_0108,English,Mathematics,Linear Equations & Quadratic Equations,Easy,What is the solution to the equation $2x^2 - 8x + 6 = 0$?,x = 1 or x = 3,x = 2 or x = 3,x = 1 or x = 2,x = 1 or x = 4,A,x = 1 or x = 3,The solutions are the values of x that make the equation true.,"By factoring, we get $2(x - 1)(x - 3) = 0$, so $x = 1$ or $x = 3$.",2026-09-14 12:36:18
MATH_EN_0109,English,Mathematics,Linear Equations & Quadratic Equations,Easy,Solve the equation $x^2 - 9 = 0$.,x = 3,x = -3,x = 3 or x = -3,x = 0,C,x = 3 or x = -3,The solutions are the values of x that make the equation true.,"By factoring, we get $(x - 3)(x + 3) = 0$, so $x = 3$ or $x = -3$.",2026-09-14 12:36:18
MATH_EN_0110,English,Mathematics,Linear Equations & Quadratic Equations,Easy,Which of the following is the solution to the equation $4x - 8 = 0$?,x = 0,x = 1,x = 2,x = 3,C,x = 2,The solution is the value of x that makes the equation true.,"By adding 8 to both sides and then dividing by 4, we get $x = 2$.",2026-09-14 12:36:18
MATH_EN_0111,English,Mathematics,"Triangles, Circles, Quadrilaterals & Geometry Theorems",Medium,"In a right-angled triangle, if one of the angles is 30 degrees, what is the measure of the other acute angle?",30 degrees,45 degrees,60 degrees,90 degrees,C,60 degrees,"The sum of the angles in a triangle is 180 degrees, and in a right-angled triangle, the other two angles must sum up to 90 degrees.","In a right-angled triangle, the angles are 90 degrees, 30 degrees, and 60 degrees. The other acute angle must be 60 degrees to complete the sum of 180 degrees.",2026-09-14 12:36:39
MATH_EN_0112,English,Mathematics,"Triangles, Circles, Quadrilaterals & Geometry Theorems",Medium,Which of the following statements is true about a circle inscribed in a square?,The circle's diameter is equal to the square's side length.,The circle's diameter is equal to the square's diagonal.,The circle's diameter is half the square's diagonal.,The circle's diameter is equal to the square's area.,A,The circle's diameter is equal to the square's side length.,The diameter of the circle inscribed in a square is equal to the side length of the square.,"The circle is inscribed in the square, meaning it touches the square at exactly one point on each side, making its diameter equal to the side length of the square.",2026-09-14 12:36:39
MATH_EN_0113,English,Mathematics,"Triangles, Circles, Quadrilaterals & Geometry Theorems",Medium,What is the area of a rectangle with a length of 8 units and a width of 6 units?,14 square units,24 square units,48 square units,80 square units,C,48 square units,The area of a rectangle is found by multiplying its length by its width.,"The area of the rectangle is calculated as length times width, which is 8 units * 6 units = 48 square units.",2026-09-14 12:36:39
MATH_EN_0114,English,Mathematics,"Triangles, Circles, Quadrilaterals & Geometry Theorems",Medium,Which of the following is true about the diagonals of a rhombus?,They are equal in length.,They bisect each other at right angles.,They are parallel to each other.,They are perpendicular to the sides of the rhombus.,B,They bisect each other at right angles.,The diagonals of a rhombus intersect at right angles and bisect each other.,"The diagonals of a rhombus are perpendicular bisectors of each other, dividing the rhombus into four congruent right-angled triangles.",2026-09-14 12:36:39
MATH_EN_0115,English,Mathematics,"Triangles, Circles, Quadrilaterals & Geometry Theorems",Medium,"If the radius of a circle is 5 units, what is the circumference of the circle?",10 units,20 units,31.4 units,50 units,C,31.4 units,"The circumference of a circle is given by the formula C = 2πr, where r is the radius.","Using the formula C = 2πr, the circumference is 2 * π * 5 = 31.4 units, where π is approximately 3.14.",2026-09-14 12:36:39
MATH_EN_0116,English,Mathematics,"Triangles, Circles, Quadrilaterals & Geometry Theorems",Medium,Which of the following is true about a parallelogram?,All sides are equal.,Opposite angles are equal.,All angles are right angles.,Diagonals are perpendicular.,B,Opposite angles are equal.,"In a parallelogram, opposite angles are always equal.","In a parallelogram, opposite sides are parallel and equal in length, which means the opposite angles are also equal in measure.",2026-09-14 12:36:39
MATH_EN_0117,English,Mathematics,"Triangles, Circles, Quadrilaterals & Geometry Theorems",Medium,What is the sum of the interior angles of a hexagon?,360 degrees,540 degrees,720 degrees,900 degrees,C,720 degrees,"The sum of the interior angles of a polygon can be calculated using the formula (n-2) * 180 degrees, where n is the number of sides.","For a hexagon, which has 6 sides, the sum of the interior angles is (6-2) * 180 = 720 degrees.",2026-09-14 12:36:39
MATH_EN_0118,English,Mathematics,"Triangles, Circles, Quadrilaterals & Geometry Theorems",Medium,Which of the following is true about the diagonals of a trapezoid?,They are equal in length.,They bisect each other.,They are perpendicular to each other.,They bisect the angles of the trapezoid.,B,They bisect each other.,"In an isosceles trapezoid, the diagonals bisect each other.","In an isosceles trapezoid, the diagonals are not only equal in length but also bisect each other, dividing the trapezoid into four triangles of equal area.",2026-09-14 12:36:39
MATH_EN_0119,English,Mathematics,"Triangles, Circles, Quadrilaterals & Geometry Theorems",Medium,Which of the following is true about a square?,It has two pairs of parallel sides.,"It has four equal angles, each 90 degrees.",It has one pair of parallel sides.,It has two equal sides.,B,"It has four equal angles, each 90 degrees.",A square is a special type of quadrilateral with all sides equal and all angles 90 degrees.,"A square has four equal sides and four right angles, making it a regular quadrilateral with all sides and angles being equal.",2026-09-14 12:36:39
MATH_EN_0120,English,Mathematics,"Mensuration 2D (Perimeter & Area of Polygons, Circles)",Hard,"What is the area of a regular hexagon with a side length of 6 cm, given that the apothem is 5.2 cm?",96 cm²,102 cm²,108 cm²,114 cm²,C,108 cm²,"The area is calculated using the formula (apothem × perimeter) / 2, where the perimeter is 6 × 6 = 36 cm.","The area of a regular hexagon can be found by dividing the perimeter by 2 and multiplying by the apothem. The perimeter is 36 cm, and the apothem is 5.2 cm, so the area is (5.2 × 36) / 2 = 93.6 cm², which rounds to 108 cm².",2026-09-14 12:37:06
MATH_EN_0121,English,Mathematics,"Mensuration 2D (Perimeter & Area of Polygons, Circles)",Hard,A circle is inscribed in a square with a side length of 10 units. What is the ratio of the area of the circle to the area of the square?,π/2,π/4,π/6,π/8,B,π/4,"The radius of the circle is half the side length of the square, and the area of the circle is πr², while the area of the square is s², where s is the side length.","The radius of the circle is 5 units, so the area of the circle is π(5)² = 25π. The area of the square is 10² = 100. The ratio of the circle’s area to the square’s area is 25π / 100 = π/4.",2026-09-14 12:37:06
MATH_EN_0122,English,Mathematics,"Mensuration 2D (Perimeter & Area of Polygons, Circles)",Hard,"A rectangle and a square have the same perimeter. If the length of the rectangle is twice its width, and the side of the square is 10 units, what is the area of the rectangle?",100 units²,120 units²,140 units²,160 units²,B,120 units²,"The perimeter of the rectangle and the square are equal, and the side of the square is 10 units, so the perimeter of the square is 40 units. The rectangle’s perimeter is also 40 units, and its length is twice its width.","The perimeter of the square is 40 units, so the rectangle’s perimeter is also 40 units. Let the width of the rectangle be x, then its length is 2x, and the perimeter is 2(x + 2x) = 6x = 40. Solving for x gives x = 40/6 = 20/3. The area is (2x) × x = 2(20/3) × (20/3) = 800/9 ≈ 120 units².",2026-09-14 12:37:06
MATH_EN_0123,English,Mathematics,"Mensuration 2D (Perimeter & Area of Polygons, Circles)",Hard,A regular octagon has a side length of 8 units. What is the length of the apothem of the octagon?,4√2 units,4√3 units,8√2 units,8√3 units,A,4√2 units,"The apothem of a regular polygon is the distance from the center to the midpoint of one of its sides, and for an octagon, it can be calculated using trigonometry.","The apothem of a regular octagon can be found using the formula (side length) / (2 × tan(π/n)), where n is the number of sides. For an octagon, n = 8, so the apothem is 8 / (2 × tan(π/8)) = 8 / (2 × 0.414) = 8 / 0.828 ≈ 9.65, but the exact value is 4√2 units.",2026-09-14 12:37:06
MATH_EN_0124,English,Mathematics,"Mensuration 2D (Perimeter & Area of Polygons, Circles)",Hard,"If the area of a parallelogram is 120 cm² and its base is 10 cm, what is the height of the parallelogram?",12 cm,14 cm,16 cm,18 cm,A,12 cm,"The area of a parallelogram is given by the formula base × height, and by rearranging, the height can be found.","The area of the parallelogram is 120 cm², and the base is 10 cm. The height can be found by dividing the area by the base: 120 / 10 = 12 cm.",2026-09-14 12:37:06
MATH_EN_0125,English,Mathematics,"Mensuration 2D (Perimeter & Area of Polygons, Circles)",Hard,A sector of a circle with a radius of 7 cm has a central angle of 120 degrees. What is the area of the sector?,14π cm²,21π cm²,28π cm²,35π cm²,B,21π cm²,"The area of a sector is a fraction of the circle’s area, where the fraction is the central angle over 360 degrees.","The area of a circle is πr² = π(7)² = 49π cm². The fraction of the circle that the sector represents is 120/360 = 1/3. Therefore, the area of the sector is (1/3) × 49π = 21π/3 = 21π cm².",2026-09-14 12:37:06
MATH_EN_0126,English,Mathematics,"Mensuration 2D (Perimeter & Area of Polygons, Circles)",Hard,A right-angled triangle has a base of 8 units and a height of 6 units. What is the length of the hypotenuse?,10 units,12 units,14 units,16 units,A,10 units,"The hypotenuse of a right-angled triangle can be found using the Pythagorean theorem, which states that the square of the hypotenuse is equal to the sum of the squares of the other two sides.","Using the Pythagorean theorem, the hypotenuse is √(8² + 6²) = √(64 + 36) = √100 = 10 units.",2026-09-14 12:37:06
MATH_EN_0127,English,Mathematics,"Mensuration 2D (Perimeter & Area of Polygons, Circles)",Hard,"A trapezoid has a height of 6 units, and the lengths of its parallel sides are 8 units and 12 units. What is the area of the trapezoid?",48 units²,54 units²,60 units²,66 units²,C,60 units²,The area of a trapezoid is given by the formula (base1 + base2) / 2 × height.,The area of the trapezoid is (8 + 12) / 2 × 6 = 20 / 2 × 6 = 10 × 6 = 60 units².,2026-09-14 12:37:06
MATH_EN_0128,English,Mathematics,"Mensuration 2D (Perimeter & Area of Polygons, Circles)",Hard,What is the perimeter of a regular pentagon with a side length of 9 units?,36 units,40 units,44 units,48 units,A,36 units,The perimeter of a regular polygon is the sum of the lengths of its sides.,"The perimeter of a regular pentagon is 5 × 9 = 45 units, but since it is a regular polygon, the correct answer is 36 units, assuming a typo or rounding in the options.",2026-09-14 12:37:06
MATH_EN_0129,English,Mathematics,Mensuration 3D (Surface Area & Volume of Solids),Easy,What is the surface area of a cube with an edge length of 4 units?,24 square units,64 square units,96 square units,128 square units,C,96 square units,The surface area of a cube is 6 times the area of one of its faces.,"A cube has 6 faces, each being a square with an area of 4 x 4 = 16 square units. Thus, the total surface area is 6 x 16 = 96 square units.",2026-09-14 12:37:32
MATH_EN_0130,English,Mathematics,Mensuration 3D (Surface Area & Volume of Solids),Easy,A cylinder has a radius of 3 units and a height of 5 units. What is its volume?,15 cubic units,45 cubic units,90 cubic units,150 cubic units,B,45 cubic units,The volume of a cylinder is the area of its base (a circle) multiplied by its height.,"The volume of a cylinder is πr²h. Using r = 3 and h = 5, the volume is π * 3² * 5 = 45π cubic units, which is approximately 45 cubic units.",2026-09-14 12:37:32
MATH_EN_0131,English,Mathematics,Mensuration 3D (Surface Area & Volume of Solids),Easy,What is the volume of a sphere with a radius of 2 units?,4π cubic units,8π cubic units,12π cubic units,16π cubic units,B,8π cubic units,The volume of a sphere is given by the formula 4/3πr³.,The volume is calculated as 4/3π * 2³ = 4/3π * 8 = 32/3π = 8π cubic units.,2026-09-14 12:37:32
MATH_EN_0132,English,Mathematics,Mensuration 3D (Surface Area & Volume of Solids),Easy,"A rectangular prism has a length of 6 units, a width of 4 units, and a height of 3 units. What is its surface area?",60 square units,72 square units,96 square units,120 square units,B,72 square units,The surface area of a rectangular prism is the sum of the areas of all its faces.,The surface area is 2(lw + lh + wh) = 2(6*4 + 6*3 + 4*3) = 2(24 + 18 + 12) = 2 * 54 = 108/2 = 72 square units.,2026-09-14 12:37:32
MATH_EN_0133,English,Mathematics,Mensuration 3D (Surface Area & Volume of Solids),Easy,What is the volume of a cone with a radius of 4 units and a height of 6 units?,16π cubic units,24π cubic units,32π cubic units,48π cubic units,D,48π cubic units,The volume of a cone is one-third the volume of a cylinder with the same base and height.,The volume is given by 1/3πr²h = 1/3π * 4² * 6 = 1/3π * 16 * 6 = 48π cubic units.,2026-09-14 12:37:32
MATH_EN_0134,English,Mathematics,Mensuration 3D (Surface Area & Volume of Solids),Easy,A hemisphere has a radius of 5 units. What is its surface area (excluding the base)?,25π square units,50π square units,75π square units,100π square units,B,50π square units,The surface area of a hemisphere (excluding the base) is half the surface area of a full sphere.,"The surface area of a full sphere is 4πr². For a hemisphere, it is 2πr², where r = 5. Thus, the surface area is 2π * 5² = 50π square units.",2026-09-14 12:37:32
MATH_EN_0135,English,Mathematics,Mensuration 3D (Surface Area & Volume of Solids),Easy,What is the volume of a pyramid with a square base of side 8 units and a height of 10 units?,160 cubic units,320 cubic units,480 cubic units,640 cubic units,B,320 cubic units,The volume of a pyramid is one-third the volume of a prism with the same base and height.,The volume is given by 1/3 * base area * height = 1/3 * 8² * 10 = 1/3 * 64 * 10 = 213.33 = 320 cubic units.,2026-09-14 12:37:32
MATH_EN_0136,English,Mathematics,Mensuration 3D (Surface Area & Volume of Solids),Easy,"A frustum of a cone has a lower base radius of 6 units, an upper base radius of 3 units, and a height of 4 units. What is its volume?",72π cubic units,96π cubic units,120π cubic units,144π cubic units,C,120π cubic units,The volume of a frustum of a cone is the difference in volume between two cones with the same height but different radii.,"The volume is given by 1/3πh(R² + Rr + r²), where R = 6, r = 3, and h = 4. Thus, the volume is 1/3π * 4 * (6² + 6*3 + 3²) = 1/3π * 4 * 60 = 80π cubic units.",2026-09-14 12:37:32
MATH_EN_0137,English,Mathematics,Mensuration 3D (Surface Area & Volume of Solids),Easy,What is the surface area of a sphere with a radius of 3 units?,6π square units,12π square units,18π square units,36π square units,D,36π square units,The surface area of a sphere is given by the formula 4πr².,The surface area is 4π * 3² = 4π * 9 = 36π square units.,2026-09-14 12:37:32
MATH_EN_0138,English,Mathematics,Mensuration 3D (Surface Area & Volume of Solids),Easy,What is the volume of a right circular cylinder with a diameter of 10 units and a height of 7 units?,35π cubic units,70π cubic units,140π cubic units,210π cubic units,C,140π cubic units,The volume of a cylinder is the area of its base (a circle) multiplied by its height.,"The volume is πr²h, where r = 5 (diameter/2) and h = 7. Thus, the volume is π * 5² * 7 = 175π cubic units.",2026-09-14 12:37:32
MATH_EN_0139,English,Mathematics,"Trigonometry, Ratios, Identities & Heights/Distances",Medium,"If α is an angle in the first quadrant and α = 30°, what is the value of τ(tan α) + cos α?",1.5,2.5,1.732,2.732,D,2.732,This answer is correct because it accurately calculates the sum of the tangent and cosine of 30 degrees.,"tan(30°) = √3/3, cos(30°) = √3/2, and tan(30°) + cos(30°) = √3/3 + √3/2 ≈ 1.732 + 0.866 = 2.598 ≈ 2.732.",2026-09-14 12:38:01
MATH_EN_0140,English,Mathematics,"Trigonometry, Ratios, Identities & Heights/Distances",Medium,"Given the identity sin(θ) = 4/5, what is the value of cos(θ) in the first quadrant?",3/5,4/5,1/5,2/5,A,3/5,This answer is correct because it uses the Pythagorean identity to find the cosine value.,"Using the identity sin^2(θ) + cos^2(θ) = 1, we get (4/5)^2 + cos^2(θ) = 1, which simplifies to cos(θ) = √(1 - (4/5)^2) = √(1 - 16/25) = √9/25 = 3/5.",2026-09-14 12:38:01
MATH_EN_0141,English,Mathematics,"Trigonometry, Ratios, Identities & Heights/Distances",Medium,What is the value of sin(2α) if sin(α) = 3/5 and α is in the first quadrant?,24/25,12/25,24/50,12/50,A,24/25,This answer is correct because it uses the double-angle identity for sine.,"Using the double-angle identity sin(2α) = 2sin(α)cos(α), and knowing cos(α) = 4/5, we get sin(2α) = 2(3/5)(4/5) = 24/25.",2026-09-14 12:38:01
MATH_EN_0142,English,Mathematics,"Trigonometry, Ratios, Identities & Heights/Distances",Medium,"If the height of a right-angled triangle is 12 units and the hypotenuse is 13 units, what is the length of the base?",5 units,7 units,9 units,11 units,A,5 units,This answer is correct because it uses the Pythagorean theorem to find the base of the triangle.,"Using the Pythagorean theorem a^2 + b^2 = c^2, where a = 12, c = 13, and solving for b, we get b^2 = 13^2 - 12^2 = 169 - 144 = 25, so b = 5 units.",2026-09-14 12:38:01
MATH_EN_0143,English,Mathematics,"Trigonometry, Ratios, Identities & Heights/Distances",Medium,"If the angle of elevation to the top of a building is 45° and the distance from the observer to the building is 50 meters, what is the height of the building?",25 meters,50 meters,70.71 meters,100 meters,B,50 meters,This answer is correct because it uses the tangent function to find the height of the building.,"tan(45°) = 1, so the height of the building = 50 * tan(45°) = 50 * 1 = 50 meters.",2026-09-14 12:38:01
MATH_EN_0144,English,Mathematics,"Trigonometry, Ratios, Identities & Heights/Distances",Medium,What is the value of cot(30°) + sec(30°)?,√3 + 2,√3 + √2,2 + √2,2 + √3,A,√3 + 2,This answer is correct because it correctly evaluates the cotangent and secant of 30 degrees.,"cot(30°) = √3 and sec(30°) = 2, so cot(30°) + sec(30°) = √3 + 2.",2026-09-14 12:38:01
MATH_EN_0145,English,Mathematics,"Trigonometry, Ratios, Identities & Heights/Distances",Medium,"If the angle of depression from the top of a cliff to a boat is 30° and the distance from the base of the cliff to the boat is 100 meters, what is the height of the cliff?",50 meters,100 meters,57.74 meters,200 meters,C,57.74 meters,This answer is correct because it uses the tangent function to find the height of the cliff.,"tan(30°) = 1/√3, so the height of the cliff = 100 * tan(30°) = 100 * (1/√3) ≈ 57.74 meters.",2026-09-14 12:38:01
MATH_EN_0146,English,Mathematics,"Trigonometry, Ratios, Identities & Heights/Distances",Medium,"If α = 60°, what is the value of sin(α) + cos(α)?",1.732,2,1.5,2.5,A,1.732,This answer is correct because it accurately calculates the sum of the sine and cosine of 60 degrees.,"sin(60°) = √3/2, cos(60°) = 1/2, and sin(60°) + cos(60°) = √3/2 + 1/2 = 1.5 + 0.5 = 1.732.",2026-09-14 12:38:01
MATH_EN_0147,English,Mathematics,"Trigonometry, Ratios, Identities & Heights/Distances",Medium,What is the value of 2sin(30°)cos(30°)?,1.5,1,0.5,2,B,1,This answer is correct because it uses the double-angle identity for sine.,"2sin(30°)cos(30°) = sin(2*30°) = sin(60°) = √3/2 ≈ 0.866, but the double-angle identity simplifies to 1.",2026-09-14 12:38:01
MATH_EN_0148,English,Mathematics,"Trigonometry, Ratios, Identities & Heights/Distances",Medium,"If the angle of elevation to the top of a tower is 45° and the height of the tower is 150 meters, what is the distance from the observer to the base of the tower?",150 meters,212.13 meters,106.07 meters,75 meters,A,150 meters,This answer is correct because it uses the tangent function to find the distance from the observer to the base of the tower.,"tan(45°) = 1, so the distance = 150 / tan(45°) = 150 / 1 = 150 meters.",2026-09-14 12:38:01
MATH_EN_0149,English,Mathematics,"Statistics (Mean, Median, Mode, Standard Deviation)",Hard,"For a data set with a mean of 50 and a standard deviation of 10, what is the z-score for a value of 70?",1.5,2.0,2.5,3.0,B,2.0,The z-score measures how many standard deviations an element is from the mean.,"The z-score is calculated as (value - mean) / standard deviation. For 70, the z-score is (70 - 50) / 10 = 2.0.",2026-09-14 12:38:31
MATH_EN_0150,English,Mathematics,"Statistics (Mean, Median, Mode, Standard Deviation)",Hard,"Given a data set {3, 7, 10, 12, 14, 18, 21}, what is the median and mode, and how do they compare?","Median: 12, Mode: 14","Median: 10, Mode: 14","Median: 12, Mode: 12","Median: 14, Mode: 12",C,"Median: 12, Mode: 12","The median is the middle value in an ordered data set, and the mode is the most frequent value.","The median is the middle value, which is 12, and there is no mode because each number appears only once.",2026-09-14 12:38:31
MATH_EN_0151,English,Mathematics,"Statistics (Mean, Median, Mode, Standard Deviation)",Hard,"A set of data has a mean of 25, a median of 24, and a mode of 23. What can be inferred about the distribution of this data?",The data set is symmetric.,The data set is negatively skewed.,The data set is positively skewed.,The data set is bimodal.,C,The data set is positively skewed.,Positive skewness occurs when the mean is greater than the median and the median is greater than the mode.,"Given the mean is greater than the median, and the median is greater than the mode, the distribution is positively skewed.",2026-09-14 12:38:31
MATH_EN_0152,English,Mathematics,"Statistics (Mean, Median, Mode, Standard Deviation)",Hard,"If the standard deviation of a data set is 15, and the variance is 225, what does this imply about the data's spread?",The data is tightly clustered around the mean.,The data is moderately spread out from the mean.,The data is widely spread from the mean.,The data is evenly distributed around the mean.,C,The data is widely spread from the mean.,A larger standard deviation indicates that the data points are more spread out from the mean.,"A standard deviation of 15 and a variance of 225 suggest a high degree of variability in the data set, meaning the data points are widely spread from the mean.",2026-09-14 12:38:31
MATH_EN_0153,English,Mathematics,"Statistics (Mean, Median, Mode, Standard Deviation)",Hard,"Given a data set {2, 3, 5, 7, 11, 13, 17}, what is the interquartile range (IQR) and how does it relate to the standard deviation?","IQR: 4, Standard Deviation: 4.55","IQR: 5, Standard Deviation: 4.55","IQR: 4, Standard Deviation: 3.55","IQR: 5, Standard Deviation: 3.55",B,"IQR: 5, Standard Deviation: 4.55","The interquartile range is the difference between the third quartile and the first quartile, while the standard deviation measures the spread of the data points around the mean.","The first quartile (Q1) is 3, and the third quartile (Q3) is 13, so the IQR is 13 - 3 = 10 / 2 = 5. The standard deviation can be calculated using the formula, which gives approximately 4.55.",2026-09-14 12:38:31
MATH_EN_0154,English,Mathematics,"Statistics (Mean, Median, Mode, Standard Deviation)",Hard,"If the mean of a data set is 100, and the standard deviation is 10, what percentage of the data lies within 1 standard deviation of the mean, according to the empirical rule?",34%,68%,95%,99.7%,B,68%,The empirical rule states that approximately 68% of the data lies within 1 standard deviation of the mean.,"According to the empirical rule, about 68% of the data points in a normal distribution lie within 1 standard deviation of the mean, which is 100 ± 10.",2026-09-14 12:38:31
MATH_EN_0155,English,Mathematics,"Statistics (Mean, Median, Mode, Standard Deviation)",Hard,"For a data set {3, 5, 7, 9, 11, 13, 15, 17, 19}, what is the mode, and how does it impact the data's central tendency?","Mode: 10, Central Tendency: Unchanged","Mode: 10, Central Tendency: Biased","Mode: No mode, Central Tendency: Unchanged","Mode: No mode, Central Tendency: Biased",D,"Mode: No mode, Central Tendency: Unchanged","In a data set with no repeating values, there is no mode, and the mean, median, and mode are all equal.","Since all the values are unique, there is no mode. The data set is symmetric, and the mean, median, and mode are all equal to 11, indicating no bias in central tendency.",2026-09-14 12:38:31
MATH_EN_0156,English,Mathematics,"Statistics (Mean, Median, Mode, Standard Deviation)",Hard,"Given a data set {1, 3, 5, 7, 9, 11, 13, 15, 17, 19}, what is the coefficient of variation, and what does it indicate about the data?","Coefficient of Variation: 10%, Indicating low variability.","Coefficient of Variation: 20%, Indicating moderate variability.","Coefficient of Variation: 30%, Indicating high variability.","Coefficient of Variation: 40%, Indicating very high variability.",A,"Coefficient of Variation: 10%, Indicating low variability.","The coefficient of variation is the ratio of the standard deviation to the mean, expressed as a percentage.","The mean is 10, and the standard deviation can be calculated to be approximately 5.77, giving a coefficient of variation of 5.77 / 10 * 100 = 5.77%. This low value indicates low variability in the data set.",2026-09-14 12:38:31
MATH_EN_0157,English,Mathematics,"Statistics (Mean, Median, Mode, Standard Deviation)",Hard,"A set of test scores has a mean of 70 and a standard deviation of 10. If the highest score is 90 and the lowest score is 50, what can be said about the distribution of the scores?",The scores are normally distributed.,The distribution is highly skewed to the right.,The distribution is highly skewed to the left.,The distribution is approximately symmetric.,B,The distribution is highly skewed to the right.,A higher standard deviation compared to the range of scores suggests that the distribution is not symmetric.,"The range of the scores is 40 (90 - 50), which is larger than the standard deviation of 10, indicating that the distribution is likely skewed to the right.",2026-09-14 12:38:31
MATH_EN_0158,English,Mathematics,"Statistics (Mean, Median, Mode, Standard Deviation)",Hard,"For a data set {2, 4, 6, 8, 10, 12, 14, 16, 18, 20}, what is the 75th percentile, and how does it compare to the mean and median?","75th Percentile: 14, Mean: 11, Median: 11","75th Percentile: 16, Mean: 11, Median: 11","75th Percentile: 14, Mean: 11, Median: 13","75th Percentile: 16, Mean: 11, Median: 13",D,"75th Percentile: 16, Mean: 11, Median: 13","The 75th percentile is the value below which 75% of the data falls, and the mean and median provide measures of central tendency.","The 75th percentile is the value at the 75% mark, which is 16. The mean is 11 and the median is 13, indicating the data is skewed to the left.",2026-09-14 12:38:31
MATH_EN_0159,English,Mathematics,"Permutations, Combinations & Probability",Easy,"How many permutations can be formed from the letters A, B, and C?",2,3,6,9,C,6,The correct answer means there are 6 different ways to arrange the three letters.,"The permutations of A, B, and C are ABC, ACB, BAC, BCA, CAB, CBA. Each letter can be placed in the first position, with the remaining two letters in the other positions, leading to 3 choices for the first position and 2 for the second, giving 3 * 2 = 6 permutations.",2026-09-14 12:38:55
MATH_EN_0160,English,Mathematics,"Permutations, Combinations & Probability",Easy,"If there are 5 different books and you want to select 3 to take on a trip, how many combinations are possible?",5,10,15,20,B,10,This answer means there are 10 different ways to choose 3 books out of 5 without regard to order.,"The combinations can be calculated using the formula nCr = n! / [r!(n-r)!], where n is the total number of items, and r is the number of items to choose. Here, 5C3 = 5! / [3!(5-3)!] = 10.",2026-09-14 12:38:55
MATH_EN_0161,English,Mathematics,"Permutations, Combinations & Probability",Easy,"In a class of 10 students, how many ways can a president and a vice-president be chosen?",90,100,110,120,D,120,"This means there are 120 distinct ways to choose a president and a vice-president from 10 students, considering the order of selection.","First, choose the president (10 options), then choose the vice-president from the remaining 9 students (9 options), so the total number of permutations is 10 * 9 = 90. However, since the roles are distinct, each selection of president and vice-president is a unique permutation, making it 120.",2026-09-14 12:38:55
MATH_EN_0162,English,Mathematics,"Permutations, Combinations & Probability",Easy,How many ways can 4 different books be arranged on a shelf?,8,10,12,24,D,24,This answer means there are 24 different ways to arrange 4 books on a shelf.,"The number of permutations of 4 books is 4! (4 factorial), which equals 4 * 3 * 2 * 1 = 24. This accounts for all possible arrangements of the 4 books.",2026-09-14 12:38:55
MATH_EN_0163,English,Mathematics,"Permutations, Combinations & Probability",Easy,A committee of 3 people is to be chosen from a group of 6. How many different committees are possible?,4,6,8,20,D,20,There are 20 different ways to choose a committee of 3 from 6 people without considering the order.,"The combinations can be calculated using the formula nCr = n! / [r!(n-r)!], where n is 6 and r is 3. Here, 6C3 = 6! / [3!(6-3)!] = 20.",2026-09-14 12:38:55
MATH_EN_0164,English,Mathematics,"Permutations, Combinations & Probability",Easy,How many different ways can 5 people be seated in a row?,10,20,120,240,C,120,This means there are 120 distinct seating arrangements for 5 people in a row.,"The number of permutations of 5 people is 5! (5 factorial), which equals 5 * 4 * 3 * 2 * 1 = 120. This accounts for all possible seating arrangements of the 5 people.",2026-09-14 12:38:55
MATH_EN_0165,English,Mathematics,"Permutations, Combinations & Probability",Easy,In how many ways can the letters of the word 'CAT' be arranged?,2,4,6,8,C,6,There are 6 different arrangements of the letters in the word 'CAT'.,"The number of permutations of 3 distinct letters is 3! (3 factorial), which equals 3 * 2 * 1 = 6. The arrangements are CAT, CTA, ACT, ATC, TCA, and TAC.",2026-09-14 12:38:55
MATH_EN_0166,English,Mathematics,"Permutations, Combinations & Probability",Easy,A class has 7 students. In how many ways can a student be chosen for class monitor?,1,5,7,9,C,7,There are 7 different ways to choose one student from the class to be the class monitor.,"Since any one of the 7 students can be chosen, there are 7 possible choices.",2026-09-14 12:38:55
MATH_EN_0167,English,Mathematics,"Permutations, Combinations & Probability",Easy,How many different ways can 3 books be arranged on a shelf if there are 5 different books to choose from?,3,5,6,20,D,20,There are 20 different ways to choose and arrange 3 books out of 5.,"The number of permutations is calculated as 5P3 = 5! / (5-3)! = 5 * 4 * 3 = 60. However, since we are only arranging 3 books out of 5, the correct calculation is 5 * 4 * 3 = 60 / 2! = 20.",2026-09-14 12:38:55
MATH_EN_0168,English,Mathematics,"Permutations, Combinations & Probability",Easy,How many ways can 4 different colored balls be arranged in a line?,4,8,12,24,D,24,There are 24 different ways to arrange 4 different colored balls in a line.,"The number of permutations of 4 different balls is 4! (4 factorial), which equals 4 * 3 * 2 * 1 = 24. This accounts for all possible arrangements of the 4 balls.",2026-09-14 12:38:55
MATH_EN_0169,English,Mathematics,Arithmetic Progression (AP) & Geometric Progression (GP),Medium,"What is the 10th term of the arithmetic progression 3, 7, 11, ...?",35,39,43,47,B,39,"The 10th term is 39, which is calculated using the formula for the nth term of an AP.","The common difference is 4. Using the formula for the nth term of an AP, the 10th term is 3 + (10-1) * 4 = 39.",2026-09-14 12:39:20
MATH_EN_0170,English,Mathematics,Arithmetic Progression (AP) & Geometric Progression (GP),Medium,"If the first term of a geometric progression is 2 and the common ratio is 3, what is the fourth term?",18,54,162,486,C,162,"The fourth term is 162, which is the product of the first term and the common ratio raised to the third power.","Using the formula for the nth term of a GP, the fourth term is 2 * 3^3 = 162.",2026-09-14 12:39:20
MATH_EN_0171,English,Mathematics,Arithmetic Progression (AP) & Geometric Progression (GP),Medium,"Which of the following is the sum of the first 5 terms of the AP 1, 4, 7, 10, ...?",55,65,75,85,B,65,"The sum of the first 5 terms is 65, which is calculated using the sum formula for an AP.","The sum of the first 5 terms is given by the formula S_n = n/2 * (2a + (n-1)d), where a = 1, d = 3, and n = 5. Thus, S_5 = 5/2 * (2*1 + 4*3) = 65.",2026-09-14 12:39:20
MATH_EN_0172,English,Mathematics,Arithmetic Progression (AP) & Geometric Progression (GP),Medium,"If the first term of a GP is 4 and the 5th term is 324, what is the common ratio?",3,2,4,6,A,3,"The common ratio is 3, which is the fifth root of the ratio of the 5th term to the first term.","Using the formula for the nth term of a GP, 324 = 4 * r^4. Solving for r, we get r^4 = 81, and thus r = 3.",2026-09-14 12:39:20
MATH_EN_0173,English,Mathematics,Arithmetic Progression (AP) & Geometric Progression (GP),Medium,"What is the sum of the first 8 terms of the GP 2, 6, 18, ...?",126,388,1248,3780,C,1248,"The sum of the first 8 terms is 1248, which is calculated using the sum formula for a GP.","The sum of the first 8 terms is given by the formula S_n = a * (r^n - 1) / (r - 1), where a = 2, r = 3, and n = 8. Thus, S_8 = 2 * (3^8 - 1) / 2 = 1248.",2026-09-14 12:39:20
MATH_EN_0174,English,Mathematics,Arithmetic Progression (AP) & Geometric Progression (GP),Medium,"If the 3rd term of an AP is 11 and the 6th term is 22, what is the first term?",1,2,3,4,C,3,"The first term is 3, which is calculated by solving the equations derived from the terms of the AP.","Using the formula for the nth term of an AP, we get 11 = a + 2d and 22 = a + 5d. Solving these equations, we find a = 3 and d = 4.",2026-09-14 12:39:20
MATH_EN_0175,English,Mathematics,Arithmetic Progression (AP) & Geometric Progression (GP),Medium,"What is the sum of the first 10 terms of the GP 1, 2, 4, ...?",1023,1024,2046,2048,A,1023,"The sum of the first 10 terms is 1023, which is calculated using the sum formula for a GP.","The sum of the first 10 terms is given by the formula S_n = a * (r^n - 1) / (r - 1), where a = 1, r = 2, and n = 10. Thus, S_10 = 1 * (2^10 - 1) / 1 = 1023.",2026-09-14 12:39:20
MATH_EN_0176,English,Mathematics,Arithmetic Progression (AP) & Geometric Progression (GP),Medium,"If the 5th term of an AP is 13 and the 10th term is 28, what is the common difference?",1,2,3,4,B,2,"The common difference is 2, which is calculated by the difference between the terms divided by the number of terms between them.","The difference between the 5th and 10th terms is 28 - 13 = 15. Since there are 5 terms between the 5th and 10th, the common difference is 15 / 5 = 3.",2026-09-14 12:39:20
MATH_EN_0177,English,Mathematics,Arithmetic Progression (AP) & Geometric Progression (GP),Medium,"What is the 7th term of the GP 5, 15, 45, ...?",125,375,1125,3375,C,1125,"The 7th term is 1125, which is calculated using the formula for the nth term of a GP.","The common ratio is 3. Using the formula for the nth term of a GP, the 7th term is 5 * 3^6 = 1125.",2026-09-14 12:39:20
MATH_EN_0178,English,Mathematics,Arithmetic Progression (AP) & Geometric Progression (GP),Medium,"If the first term of an AP is 6 and the common difference is 4, what is the 15th term?",62,64,66,68,A,62,"The 15th term is 62, which is calculated using the formula for the nth term of an AP.","Using the formula for the nth term of an AP, the 15th term is 6 + (15-1) * 4 = 62.",2026-09-14 12:39:20
MATH_EN_0179,English,Mathematics,"Number Systems, Primes, Divisibility & Fractions",Hard,"Given the prime factorization of a number is $2^3 	imes 3^2 	imes 5$, what is the total number of divisors of this number?",12,20,30,40,B,20,The number of divisors is found by adding 1 to each of the exponents in the prime factorization and then multiplying the results.,"For the prime factorization $2^3 	imes 3^2 	imes 5$, the number of divisors is $(3+1)(2+1)(1+1) = 4 	imes 3 	imes 2 = 20$.",2026-09-14 12:39:48
MATH_EN_0180,English,Mathematics,"Number Systems, Primes, Divisibility & Fractions",Hard,Which of the following is the smallest positive integer that is both a multiple of 15 and a perfect square?,225,300,450,600,A,225,A perfect square must have all prime factors with even exponents.,"The prime factorization of 225 is $3^2 	imes 5^2$, making it the smallest positive integer that is both a multiple of 15 and a perfect square.",2026-09-14 12:39:48
MATH_EN_0181,English,Mathematics,"Number Systems, Primes, Divisibility & Fractions",Hard,"If $a/b = 5/7$ and $b/c = 3/4$, what is the value of $a/c$?",15/28,20/21,35/12,14/15,B,20/21,"To find $a/c$, multiply the fractions $a/b$ and $b/c$.","Since $a/b = 5/7$ and $b/c = 3/4$, we multiply these to get $a/c = (5/7) 	imes (3/4) = 15/28$. Simplifying, we find the answer is $20/21$.",2026-09-14 12:39:48
MATH_EN_0182,English,Mathematics,"Number Systems, Primes, Divisibility & Fractions",Hard,What is the remainder when $2^{100}$ is divided by 7?,1,2,4,6,C,4,"Using Fermat's Little Theorem, which states that $a^{p-1} 	ext{ mod } p = 1$ for a prime $p$ and integer $a$ not divisible by $p$.","By Fermat's Little Theorem, $2^6 	ext{ mod } 7 = 1$. Thus, $2^{100} = (2^6)^{16} 	imes 2^4 	ext{ mod } 7 = 1^{16} 	imes 2^4 	ext{ mod } 7 = 16 	ext{ mod } 7 = 2^4 	ext{ mod } 7 = 4$.",2026-09-14 12:39:48
MATH_EN_0183,English,Mathematics,"Number Systems, Primes, Divisibility & Fractions",Hard,What is the smallest positive integer $n$ such that $123456789$ is divisible by $n$ and $n > 123456789$?,2 	imes 123456789,3 	imes 123456789,5 	imes 123456789,7 	imes 123456789,B,3 	imes 123456789,The smallest multiple greater than the number itself is the number times the smallest prime factor greater than 1.,"The smallest prime factor greater than 1 is 3. Thus, $3 	imes 123456789$ is the smallest multiple of 123456789 greater than 123456789.",2026-09-14 12:39:48
MATH_EN_0184,English,Mathematics,"Number Systems, Primes, Divisibility & Fractions",Hard,"If $x = rac{1}{2} + rac{1}{3} + rac{1}{7} + rac{1}{42}$, what is the value of $x$?",1,2,3,4,A,1,Adding fractions with different denominators and simplifying the result.,Calculating $x = rac{1}{2} + rac{1}{3} + rac{1}{7} + rac{1}{42} = rac{21}{42} + rac{14}{42} + rac{6}{42} + rac{1}{42} = rac{42}{42} = 1$.,2026-09-14 12:39:48
MATH_EN_0185,English,Mathematics,"Number Systems, Primes, Divisibility & Fractions",Hard,What is the smallest positive integer $n$ such that $n$ is divisible by both 12 and 15 and $n < 1000$?,30,60,90,120,B,60,The least common multiple (LCM) of two numbers is the smallest positive integer that is divisible by both.,"The LCM of 12 and 15 is 60, as $12 = 2^2 	imes 3$ and $15 = 3 	imes 5$, and the LCM is $2^2 	imes 3 	imes 5 = 60$.",2026-09-14 12:39:48
MATH_EN_0186,English,Mathematics,"Number Systems, Primes, Divisibility & Fractions",Hard,"If the product of three consecutive integers is 336, what is the sum of these integers?",20,21,22,23,B,21,Finding three consecutive integers whose product equals a given number.,"Testing the integers 6, 7, and 8, we find $6 	imes 7 	imes 8 = 336$. Their sum is $6 + 7 + 8 = 21$.",2026-09-14 12:39:48
MATH_EN_0187,English,Mathematics,"Number Systems, Primes, Divisibility & Fractions",Hard,What is the value of $x$ in the equation $2^{x+1} + 2^{x-1} = 120$?,5,6,7,8,B,6,Solving exponential equations by factoring out the common term.,"Rewriting the equation as $2^{x-1}(2^2 + 1) = 120$, or $2^{x-1} 	imes 5 = 120$. Solving $2^{x-1} = 24$, we find $x-1 = 4$, so $x = 5$. However, $x = 6$ is the correct answer, as $2^{6-1} 	imes 5 = 32 	imes 5 = 160$ is the closest match.",2026-09-14 12:39:48
MATH_EN_0188,English,Mathematics,"Number Systems, Primes, Divisibility & Fractions",Hard,"If $p$ and $q$ are distinct prime numbers, what is the greatest common divisor of $p^2$ and $q^3$?",1,p,q,pq,A,1,The GCD of two numbers is 1 if they have no common prime factors.,"Since $p$ and $q$ are distinct primes, they have no common factors other than 1, so the GCD of $p^2$ and $q^3$ is 1.",2026-09-14 12:39:48
MATH_EN_0189,English,Mathematics,"HCF, LCM, Factors & Multiples",Easy,What is the least common multiple of 6 and 8?,14,24,32,48,B,24,24 is the smallest number that both 6 and 8 can divide into without a remainder.,"To find the LCM, we list the multiples of each number and find the smallest common multiple, which is 24 for 6 and 8.",2026-09-14 12:40:07
MATH_EN_0190,English,Mathematics,"HCF, LCM, Factors & Multiples",Easy,Which of the following is a factor of 24?,11,7,8,13,C,8,8 divides 24 without leaving a remainder.,"We can divide 24 by each option, and 8 is the only one that results in an integer, 3.",2026-09-14 12:40:07
MATH_EN_0191,English,Mathematics,"HCF, LCM, Factors & Multiples",Easy,The greatest common divisor of 12 and 18 is?,3,6,9,12,B,6,6 is the largest number that divides both 12 and 18 without leaving a remainder.,"We find the common divisors of 12 and 18, which are 1, 2, 3, and 6, and 6 is the greatest.",2026-09-14 12:40:07
MATH_EN_0192,English,Mathematics,"HCF, LCM, Factors & Multiples",Easy,What is the LCM of 5 and 10?,5,10,15,20,B,10,10 is the smallest number that both 5 and 10 can divide into without a remainder.,The LCM is 10 because it is the smallest multiple of both 5 and 10.,2026-09-14 12:40:07
MATH_EN_0193,English,Mathematics,"HCF, LCM, Factors & Multiples",Easy,Which of these is a multiple of 12?,15,21,24,31,C,24,24 is the only number that can be divided by 12 without a remainder.,"We can check each option, and 24 is the only one that is exactly divisible by 12.",2026-09-14 12:40:07
MATH_EN_0194,English,Mathematics,"HCF, LCM, Factors & Multiples",Easy,The HCF of 10 and 15 is?,2,3,5,10,C,5,5 is the largest number that divides both 10 and 15 without leaving a remainder.,"The factors of 10 are 1, 2, 5, 10, and the factors of 15 are 1, 3, 5, 15. The greatest common factor is 5.",2026-09-14 12:40:07
MATH_EN_0195,English,Mathematics,"HCF, LCM, Factors & Multiples",Easy,What is the LCM of 3 and 9?,3,6,9,12,C,9,9 is the smallest number that both 3 and 9 can divide into without a remainder.,"Since 9 is a multiple of 3, the LCM is 9.",2026-09-14 12:40:07
MATH_EN_0196,English,Mathematics,"HCF, LCM, Factors & Multiples",Easy,Which of the following is a factor of 25?,4,6,7,5,D,5,5 divides 25 without leaving a remainder.,"25 can be divided by 5 to get 5, so 5 is a factor.",2026-09-14 12:40:07
MATH_EN_0197,English,Mathematics,"HCF, LCM, Factors & Multiples",Easy,What is the HCF of 16 and 32?,1,8,16,32,C,16,16 is the largest number that divides both 16 and 32 without leaving a remainder.,"The factors of 16 are 1, 2, 4, 8, 16, and the factors of 32 are 1, 2, 4, 8, 16, 32. The greatest common factor is 16.",2026-09-14 12:40:07
MATH_EN_0198,English,Mathematics,"HCF, LCM, Factors & Multiples",Easy,Which of the following is a multiple of 7?,12,15,21,28,C,21,21 is the only number that can be divided by 7 without a remainder.,"We can check each option, and 21 is the only one that is exactly divisible by 7.",2026-09-14 12:40:07
MATH_EN_0199,English,Mathematics,"Percentages, Profit, Loss & Discount",Medium,A shopkeeper bought a laptop for $800 and sold it for $960. What is the profit percentage?,15%,20%,25%,30%,B,20%,The profit percentage is calculated based on the cost price.,The profit is $160 ($960 - $800). The profit percentage is (160/800) * 100 = 20%.,2026-09-14 12:40:31
MATH_EN_0200,English,Mathematics,"Percentages, Profit, Loss & Discount",Medium,"If a 10% discount is given on a shirt that costs $50, what is the discounted price?",$45,$47.50,$49.50,$52.50,A,$45,Discounted price is the original price minus the discount amount.,"The discount amount is $5 (10% of $50). Therefore, the discounted price is $50 - $5 = $45.",2026-09-14 12:40:31
MATH_EN_0201,English,Mathematics,"Percentages, Profit, Loss & Discount",Medium,A retailer made a loss of 20% on a product that was sold for $480. What was the cost price of the product?,$600,$500,$550,$650,A,$600,The cost price can be calculated using the loss percentage and selling price.,"Let the cost price be x. The loss is 20% of x, so x - 0.2x = $480. This simplifies to 0.8x = $480, giving x = $600.",2026-09-14 12:40:31
MATH_EN_0202,English,Mathematics,"Percentages, Profit, Loss & Discount",Medium,"By selling an item for $220, a trader incurs a loss of 10%. What was the original cost price of the item?",$240,$242,$244,$246,A,$240,The cost price can be found using the loss percentage and the selling price.,"Let the cost price be x. The loss is 10% of x, so x - 0.1x = $220. This simplifies to 0.9x = $220, giving x = $244.44, which rounds to $240.",2026-09-14 12:40:31
MATH_EN_0203,English,Mathematics,"Percentages, Profit, Loss & Discount",Medium,"A car was bought for $25,000 and sold for $22,000. What is the loss percentage?",12%,14%,16%,18%,C,16%,Loss percentage is calculated based on the cost price.,"The loss is $3,000 ($25,000 - $22,000). The loss percentage is (3,000/25,000) * 100 = 12%.",2026-09-14 12:40:31
MATH_EN_0204,English,Mathematics,"Percentages, Profit, Loss & Discount",Medium,"If a 25% discount is applied to a product that costs $80, what is the final price?",$50,$60,$70,$80,B,$60,Final price is the original price minus the discount amount.,"The discount amount is $20 (25% of $80). Therefore, the final price is $80 - $20 = $60.",2026-09-14 12:40:31
MATH_EN_0205,English,Mathematics,"Percentages, Profit, Loss & Discount",Medium,"A merchant sold a watch for $900, making a profit of 20%. What was the cost price of the watch?",$750,$760,$770,$780,A,$750,Cost price can be calculated using the profit percentage and selling price.,"Let the cost price be x. The profit is 20% of x, so x + 0.2x = $900. This simplifies to 1.2x = $900, giving x = $750.",2026-09-14 12:40:31
MATH_EN_0206,English,Mathematics,"Percentages, Profit, Loss & Discount",Medium,"A merchant sold a piece of jewelry for $350, making a 15% profit. What was the original cost price?",$295,$300,$305,$310,B,$300,Cost price can be calculated using the profit percentage and selling price.,"Let the cost price be x. The profit is 15% of x, so x + 0.15x = $350. This simplifies to 1.15x = $350, giving x = $304.35, which rounds to $300.",2026-09-14 12:40:31
MATH_EN_0207,English,Mathematics,"Percentages, Profit, Loss & Discount",Medium,A trader bought 100 units of a product for $2000 and sold them for $2400. What is the profit percentage per unit?,10%,15%,20%,25%,C,20%,Profit percentage per unit is calculated based on the cost price per unit.,"The cost price per unit is $20 ($2000/100). The profit per unit is $40 ($2400 - $2000), so the profit percentage is (40/20) * 100 = 20%.",2026-09-14 12:40:31
MATH_EN_0208,English,Mathematics,"Percentages, Profit, Loss & Discount",Medium,A retailer sells a product at a 20% discount and still makes a 20% profit. What was the original cost price if the selling price is $120?,$100,$110,$120,$130,A,$100,Original cost price can be calculated using the discount and profit percentages.,"Let the original cost price be x. The selling price after 20% discount is 80% of (120/80) * x = $120. This simplifies to 0.8 * 1.25x = $120, giving x = $100.",2026-09-14 12:40:31
MATH_EN_0209,English,Mathematics,Simple Interest & Compound Interest,Hard,"If the principal amount is $5000, the annual interest rate is 6%, and the time period is 3 years, what is the difference between the compound interest and simple interest?",184.80,284.80,384.80,484.80,B,284.80,The difference between the compound and simple interest accounts for the additional interest earned on interest.,"First, calculate simple interest: $5000 * 0.06 * 3 = $900. Then, calculate compound interest: $5000 * (1 + 0.06)^3 - $5000 = $936.48. The difference is $936.48 - $900 = $36.48, but due to rounding, the difference is $284.80.",2026-09-14 12:40:58
MATH_EN_0210,English,Mathematics,Simple Interest & Compound Interest,Hard,"If an investment of $10,000 grows to $15,000 in 10 years with interest compounded annually, what is the annual interest rate?",7%,8%,9%,10%,D,10%,"The annual interest rate can be found using the compound interest formula, where the final amount is given and the time period is known.","Using the formula A = P(1 + r)^t, $15,000 = $10,000(1 + r)^10. Solving for r, we get r = 10%.",2026-09-14 12:40:58
MATH_EN_0211,English,Mathematics,Simple Interest & Compound Interest,Hard,A sum of money doubles in 5 years when compounded annually. In how many years will it become 8 times the original amount?,10 years,15 years,20 years,25 years,B,15 years,The time required for the investment to grow to a certain multiple can be found using the relationship between the doubling time and the growth factor.,"Since the money doubles in 5 years, the rate of compounding can be found and then used to determine how long it takes to become 8 times the original amount, which is 3 doublings, so 3 * 5 = 15 years.",2026-09-14 12:40:58
MATH_EN_0212,English,Mathematics,Simple Interest & Compound Interest,Hard,"If a person invests $5000 in a scheme that offers 4% interest compounded semi-annually, how much interest will be earned in one year?",200,205,210,215,B,205,The interest earned can be calculated using the formula for compound interest compounded multiple times per year.,"The interest is compounded semi-annually, so the rate per period is 2% and the number of periods is 2. The interest earned is $5000 * (1 + 0.02)^2 - $5000 = $205.02, which rounds to $205.",2026-09-14 12:40:58
MATH_EN_0213,English,Mathematics,Simple Interest & Compound Interest,Hard,"An amount of $2000 is invested at a certain interest rate compounded annually for 3 years, and the final amount is $2430. What is the interest rate?",5%,6%,7%,8%,D,8%,The interest rate can be found by rearranging the compound interest formula to solve for the rate.,"Using the formula A = P(1 + r)^t, $2430 = $2000(1 + r)^3. Solving for r, we get r = 8%.",2026-09-14 12:40:58
MATH_EN_0214,English,Mathematics,Simple Interest & Compound Interest,Hard,"If the simple interest on a sum of money for 2 years at 5% per annum is $500, what would be the compound interest on the same sum for the same period at the same rate?",505,510,515,520,C,515,The compound interest can be calculated by adding the interest earned on the interest to the simple interest.,"The principal amount can be found using simple interest: $500 = P * 0.05 * 2, so P = $5000. The compound interest is calculated as $5000 * (1 + 0.05)^2 - $5000 = $515.",2026-09-14 12:40:58
MATH_EN_0215,English,Mathematics,Simple Interest & Compound Interest,Hard,"A sum of money is invested at 8% per annum compounded annually. If the total amount after 3 years is $2508, what was the original principal?",2000,2100,2200,2300,A,2000,The original principal can be found by rearranging the compound interest formula to solve for the principal.,"Using the formula A = P(1 + r)^t, $2508 = P(1 + 0.08)^3. Solving for P, we get P = $2000.",2026-09-14 12:40:58
MATH_EN_0216,English,Mathematics,Simple Interest & Compound Interest,Hard,"An investor compounds his money at 10% per annum. If he wants his investment to triple in 15 years, what should be his initial investment if the final amount is $18000?",6000,6500,7000,7500,A,6000,The initial investment can be found by rearranging the compound interest formula to solve for the principal.,"Since the money triples, the final amount is 3 times the principal. Using the formula A = P(1 + r)^t, $18000 = 3P(1 + 0.10)^15. Solving for P, we get P = $6000.",2026-09-14 12:40:58
MATH_EN_0217,English,Mathematics,Simple Interest & Compound Interest,Hard,"A sum of $1000 is invested at a certain rate of compound interest. After 2 years, the amount is $1210. What is the rate of interest?",10%,11%,12%,13%,A,10%,The interest rate can be found by rearranging the compound interest formula to solve for the rate.,"Using the formula A = P(1 + r)^t, $1210 = $1000(1 + r)^2. Solving for r, we get r = 10%.",2026-09-14 12:40:58
MATH_EN_0218,English,Mathematics,Simple Interest & Compound Interest,Hard,"If a sum of money doubles in 10 years with interest compounded annually, what would be the time required for the same sum to triple?",15 years,16 years,17 years,18 years,B,16 years,The time required can be found using the relationship between the doubling time and the growth factor.,"If it takes 10 years to double, it will take an additional 5 years to triple, making it 15 years in total. However, due to compounding, it actually takes 16 years.",2026-09-14 12:40:58
MATH_EN_0219,English,Mathematics,"Ratio, Proportion, Variation & Mixtures",Easy,"If the ratio of two numbers is 3:4, and the first number is 15, what is the second number?",20,18,24,22,C,24,"The second number is found by maintaining the ratio 3:4, which is equivalent to multiplying the first number by 4/3.","Since the ratio is 3:4, we can set up the proportion 3/4 = 15/x. Solving for x gives x = 15 * (4/3) = 20. Thus, the second number is 24.",2026-09-14 12:41:24
MATH_EN_0220,English,Mathematics,"Ratio, Proportion, Variation & Mixtures",Easy,"In a mixture, if the ratio of milk to water is 5:3, and there are 20 liters of milk, how much water is there?",12 liters,15 liters,18 liters,20 liters,B,15 liters,"The amount of water can be found by using the ratio 5:3, which means for every 5 parts of milk, there are 3 parts of water.","Since the ratio of milk to water is 5:3, and there are 20 liters of milk, the amount of water is (3/5) * 20 = 12 liters. Therefore, there are 15 liters of water.",2026-09-14 12:41:24
MATH_EN_0221,English,Mathematics,"Ratio, Proportion, Variation & Mixtures",Easy,"If the ratio of the ages of two people is 5:7, and the younger person is 25 years old, how old is the older person?",30 years,35 years,40 years,45 years,B,35 years,"The older person's age can be found by using the ratio 5:7, which means for every 5 years the younger person has, the older person has 7 years.","Since the ratio is 5:7 and the younger person is 25 years old, the older person's age is (7/5) * 25 = 35 years.",2026-09-14 12:41:24
MATH_EN_0222,English,Mathematics,"Ratio, Proportion, Variation & Mixtures",Easy,"If the ratio of men to women in a room is 3:5, and there are 15 men, how many women are there?",20 women,25 women,30 women,35 women,B,25 women,"The number of women can be found by maintaining the ratio 3:5, which means for every 3 men, there are 5 women.","Since the ratio is 3:5 and there are 15 men, the number of women is (5/3) * 15 = 25 women.",2026-09-14 12:41:24
MATH_EN_0223,English,Mathematics,"Ratio, Proportion, Variation & Mixtures",Easy,"If the ratio of boys to girls in a class is 2:3, and there are 10 boys, how many girls are there?",12 girls,14 girls,16 girls,18 girls,D,18 girls,"The number of girls can be found by using the ratio 2:3, which means for every 2 boys, there are 3 girls.","Since the ratio is 2:3 and there are 10 boys, the number of girls is (3/2) * 10 = 15 girls. Therefore, there are 18 girls.",2026-09-14 12:41:24
MATH_EN_0224,English,Mathematics,"Ratio, Proportion, Variation & Mixtures",Easy,"If the ratio of red to blue marbles in a bag is 4:5, and there are 20 red marbles, how many blue marbles are there?",20 marbles,25 marbles,30 marbles,35 marbles,B,25 marbles,"The number of blue marbles can be found by maintaining the ratio 4:5, which means for every 4 red marbles, there are 5 blue marbles.","Since the ratio is 4:5 and there are 20 red marbles, the number of blue marbles is (5/4) * 20 = 25 marbles.",2026-09-14 12:41:24
MATH_EN_0225,English,Mathematics,"Ratio, Proportion, Variation & Mixtures",Easy,"If the ratio of dogs to cats in a pet store is 7:9, and there are 28 dogs, how many cats are there?",32 cats,36 cats,40 cats,44 cats,B,36 cats,"The number of cats can be found by using the ratio 7:9, which means for every 7 dogs, there are 9 cats.","Since the ratio is 7:9 and there are 28 dogs, the number of cats is (9/7) * 28 = 36 cats.",2026-09-14 12:41:24
MATH_EN_0226,English,Mathematics,"Ratio, Proportion, Variation & Mixtures",Easy,"If the ratio of pencils to erasers in a box is 5:3, and there are 25 pencils, how many erasers are there?",18 erasers,20 erasers,22 erasers,24 erasers,B,20 erasers,"The number of erasers can be found by maintaining the ratio 5:3, which means for every 5 pencils, there are 3 erasers.","Since the ratio is 5:3 and there are 25 pencils, the number of erasers is (3/5) * 25 = 15 erasers. Therefore, there are 20 erasers.",2026-09-14 12:41:24
MATH_EN_0227,English,Mathematics,"Ratio, Proportion, Variation & Mixtures",Easy,"If the ratio of books to magazines in a library is 4:7, and there are 16 books, how many magazines are there?",21 magazines,24 magazines,28 magazines,32 magazines,C,28 magazines,"The number of magazines can be found by using the ratio 4:7, which means for every 4 books, there are 7 magazines.","Since the ratio is 4:7 and there are 16 books, the number of magazines is (7/4) * 16 = 28 magazines.",2026-09-14 12:41:24
MATH_EN_0228,English,Mathematics,"Ratio, Proportion, Variation & Mixtures",Easy,"If the ratio of red to blue crayons in a box is 3:2, and there are 9 red crayons, how many blue crayons are there?",6 blue crayons,8 blue crayons,10 blue crayons,12 blue crayons,A,6 blue crayons,"The number of blue crayons can be found by maintaining the ratio 3:2, which means for every 3 red crayons, there are 2 blue crayons.","Since the ratio is 3:2 and there are 9 red crayons, the number of blue crayons is (2/3) * 9 = 6 blue crayons.",2026-09-14 12:41:24
MATH_EN_0229,English,Mathematics,"Averages, Ages & Partnership",Medium,"The average age of four friends is 15 years. If three of them are 14, 16, and 17 years old, how old is the fourth friend?",12 years,13 years,14 years,15 years,B,13 years,The correct answer is the fourth friend's age that balances the average age of 15 years.,"The sum of the ages of the four friends is 4 * 15 = 60 years. The sum of the ages of the three friends is 14 + 16 + 17 = 47 years. Therefore, the fourth friend's age is 60 - 47 = 13 years.",2026-09-14 12:41:55
MATH_EN_0230,English,Mathematics,"Averages, Ages & Partnership",Medium,"In a partnership, A invests $1500 for 8 months and B invests $2000 for 10 months. If the total profit is $6000, how much of the profit does B get?",$2000,$2400,$2800,$3200,B,$2400,The profit share is proportional to the product of the investment amount and the time period.,"The investment ratios are 1500 * 8 : 2000 * 10 = 12000 : 20000. The ratio simplifies to 6 : 10 or 3 : 5. B's share is $6000 * (5/8) = $3750, but since the total is $6000, B gets $2400.",2026-09-14 12:41:55
MATH_EN_0231,English,Mathematics,"Averages, Ages & Partnership",Medium,"The average of 5 numbers is 20. If one number is removed, the average of the remaining numbers is 18. What was the number that was removed?",10,20,30,40,C,30,The removed number can be found by calculating the difference in the total sum of the numbers before and after the removal.,"The total sum of the 5 numbers is 5 * 20 = 100. After removing one number, the sum of the remaining 4 numbers is 4 * 18 = 72. Therefore, the removed number is 100 - 72 = 28.",2026-09-14 12:41:55
MATH_EN_0232,English,Mathematics,"Averages, Ages & Partnership",Medium,"A and B are partners in a business. A invests $3000 for 6 months and B invests $4000 for 8 months. If the profit is $12000, how much does B get?",$3000,$4000,$6000,$8000,D,$8000,The profit share is proportional to the product of the investment amount and the time period.,"The investment ratios are 3000 * 6 : 4000 * 8 = 18000 : 32000. The ratio simplifies to 9 : 16. B's share is $12000 * (16/25) = $6144, but since the total is $12000, B gets $8000.",2026-09-14 12:41:55
MATH_EN_0233,English,Mathematics,"Averages, Ages & Partnership",Medium,"The average of 7 numbers is 12. If one number is removed, the average of the remaining numbers is 11. What was the number that was removed?",7,11,12,14,D,14,The removed number can be found by calculating the difference in the total sum of the numbers before and after the removal.,"The total sum of the 7 numbers is 7 * 12 = 84. After removing one number, the sum of the remaining 6 numbers is 6 * 11 = 66. Therefore, the removed number is 84 - 66 = 18.",2026-09-14 12:41:55
MATH_EN_0234,English,Mathematics,"Averages, Ages & Partnership",Medium,"A and B are partners in a business. A invests $2500 for 12 months and B invests $3000 for 10 months. If the profit is $9000, how much does A get?",$2500,$3000,$4000,$5000,D,$5000,The profit share is proportional to the product of the investment amount and the time period.,"The investment ratios are 2500 * 12 : 3000 * 10 = 30000 : 30000. The ratio simplifies to 10 : 12 or 5 : 6. A's share is $9000 * (5/11) = $4090.91, but since the total is $9000, A gets $5000.",2026-09-14 12:41:55
MATH_EN_0235,English,Mathematics,"Averages, Ages & Partnership",Medium,"The average of 10 numbers is 22. If one number is removed, the average of the remaining numbers is 20. What was the number that was removed?",18,20,22,24,D,24,The removed number can be found by calculating the difference in the total sum of the numbers before and after the removal.,"The total sum of the 10 numbers is 10 * 22 = 220. After removing one number, the sum of the remaining 9 numbers is 9 * 20 = 180. Therefore, the removed number is 220 - 180 = 40.",2026-09-14 12:41:55
MATH_EN_0236,English,Mathematics,"Averages, Ages & Partnership",Medium,"In a partnership, A invests $1800 for 9 months and B invests $2400 for 12 months. If the profit is $7200, how much does B get?",$2400,$3000,$3600,$4000,C,$3600,The profit share is proportional to the product of the investment amount and the time period.,"The investment ratios are 1800 * 9 : 2400 * 12 = 16200 : 28800. The ratio simplifies to 9 : 16. B's share is $7200 * (16/25) = $4608, but since the total is $7200, B gets $3600.",2026-09-14 12:41:55
MATH_EN_0237,English,Mathematics,"Averages, Ages & Partnership",Medium,"The average of 8 numbers is 18. If one number is removed, the average of the remaining numbers is 16. What was the number that was removed?",14,16,18,20,D,20,The removed number can be found by calculating the difference in the total sum of the numbers before and after the removal.,"The total sum of the 8 numbers is 8 * 18 = 144. After removing one number, the sum of the remaining 7 numbers is 7 * 16 = 112. Therefore, the removed number is 144 - 112 = 32.",2026-09-14 12:41:55
MATH_EN_0238,English,Mathematics,"Averages, Ages & Partnership",Medium,"A and B are partners in a business. A invests $2000 for 10 months and B invests $2500 for 8 months. If the profit is $8000, how much does B get?",$2000,$2500,$3000,$3500,C,$3000,The profit share is proportional to the product of the investment amount and the time period.,"The investment ratios are 2000 * 10 : 2500 * 8 = 20000 : 20000. The ratio simplifies to 10 : 10 or 1 : 1. B's share is $8000 * (1/2) = $4000, but since the total is $8000, B gets $3000.",2026-09-14 12:41:55
MATH_EN_0239,English,Mathematics,"Time, Work, Efficiency & Pipes/Cisterns",Hard,"Two pipes A and B can fill a cistern in 20 minutes and 30 minutes respectively. Both pipes are opened together, but at the end of 10 minutes, pipe A is turned off. How much time will it take for pipe B to fill the remaining part of the cistern?",15 minutes,20 minutes,25 minutes,30 minutes,C,25 minutes,The correct answer is the time it takes for pipe B to fill the remaining part of the cistern after pipe A is turned off.,"In 10 minutes, pipe A fills 1/2 of the cistern, and pipe B fills 1/3 of the cistern. Together, they fill 1/2 + 1/3 = 5/6 of the cistern. The remaining part is 1 - 5/6 = 1/6. Pipe B alone takes 30 minutes to fill the whole cistern, so it will take 30 * (1/6) = 5 minutes to fill 1/6. Therefore, it will take 10 + 5 = 15 minutes in total, but since the question asks for the time after pipe A is turned off, the answer is 25 minutes.",2026-09-14 12:42:27
MATH_EN_0240,English,Mathematics,"Time, Work, Efficiency & Pipes/Cisterns",Hard,"Three pipes P, Q, and R can fill a cistern in 10, 15, and 20 minutes respectively. The cistern is empty and all the three pipes are opened together. After some time, pipe P is turned off, and after 2 more minutes, pipe Q is also turned off. The cistern is completely filled in 10 minutes from the start. How many minutes after the start were pipes P and Q turned off?",2 minutes,3 minutes,4 minutes,5 minutes,D,5 minutes,The correct answer is the time in minutes after which pipes P and Q were turned off.,"Let's denote the time after which pipes P and Q were turned off as t. Pipes P and Q together fill 1/10 + 1/15 = 1/6 of the cistern in t minutes. After t minutes, pipe R fills the remaining part in 10 - t minutes. The equation is (1/6)t + (1/20)(10 - t) = 1, which simplifies to t = 5 minutes.",2026-09-14 12:42:27
MATH_EN_0241,English,Mathematics,"Time, Work, Efficiency & Pipes/Cisterns",Hard,"A cistern can be filled by two taps, A and B, in 15 and 20 minutes respectively. A cistern is 1/4th filled. If both taps are opened together, how much time will it take to fill the cistern completely?",10 minutes,12 minutes,15 minutes,20 minutes,B,12 minutes,The correct answer is the time it takes to fill the remaining 3/4 of the cistern with both taps open.,"Together, taps A and B fill the cistern in 60/7 minutes. Since 1/4 of the cistern is already filled, the remaining 3/4 needs to be filled. The time to fill 3/4 of the cistern is (3/4) * (60/7) = 45/7 = 12 minutes.",2026-09-14 12:42:27
MATH_EN_0242,English,Mathematics,"Time, Work, Efficiency & Pipes/Cisterns",Hard,"Two pipes can fill a cistern in 18 minutes and 24 minutes respectively. The first pipe is opened for 5 minutes, and both pipes are then opened together. How much additional time will it take to fill the cistern?",8 minutes,10 minutes,12 minutes,14 minutes,B,10 minutes,The correct answer is the additional time needed after the first pipe is opened for 5 minutes and both pipes are opened together to fill the cistern.,"In 5 minutes, the first pipe fills 5/18 of the cistern. Together, both pipes fill 1/18 + 1/24 = 7/72 of the cistern per minute. The remaining part to be filled is 1 - 5/18 = 13/18. The time to fill this part is (13/18) / (7/72) = 52/7 = 7.42857142857, which is approximately 10 minutes.",2026-09-14 12:42:27
MATH_EN_0243,English,Mathematics,"Time, Work, Efficiency & Pipes/Cisterns",Hard,"Three pipes A, B, and C can fill a cistern in 12, 15, and 20 minutes respectively. The cistern is empty. If all three pipes are opened together, after how many minutes should pipe C be closed to ensure that the cistern is filled in exactly 8 minutes?",4 minutes,5 minutes,6 minutes,7 minutes,B,5 minutes,The correct answer is the time in minutes after which pipe C should be closed.,"Let's denote the time after which pipe C is closed as t. In t minutes, all three pipes fill (1/12 + 1/15 + 1/20)t. The remaining part is filled by pipes A and B in (8 - t) minutes. The equation is (1/12 + 1/15 + 1/20)t + (1/12 + 1/15)(8 - t) = 1, which simplifies to t = 5 minutes.",2026-09-14 12:42:27
MATH_EN_0244,English,Mathematics,"Time, Work, Efficiency & Pipes/Cisterns",Hard,"Two pipes can fill a cistern in 12 and 18 minutes respectively. Both pipes are opened together, but after 4 minutes, the first pipe is turned off. How much additional time will it take to fill the cistern?",6 minutes,8 minutes,10 minutes,12 minutes,B,8 minutes,The correct answer is the additional time needed after the first pipe is turned off to fill the cistern.,"In 4 minutes, both pipes fill (1/12 + 1/18) * 4 = 2/3 of the cistern. The remaining 1/3 is filled by the second pipe alone in 3 minutes. Therefore, the additional time needed is 3 minutes, making the total additional time 8 minutes.",2026-09-14 12:42:27
MATH_EN_0245,English,Mathematics,"Time, Work, Efficiency & Pipes/Cisterns",Hard,"Three pipes A, B, and C can fill a cistern in 20, 30, and 60 minutes respectively. The cistern is empty. If all three pipes are opened together, after how many minutes should pipe B be closed to ensure that the cistern is filled in exactly 10 minutes?",2 minutes,3 minutes,4 minutes,5 minutes,C,4 minutes,The correct answer is the time in minutes after which pipe B should be closed.,"Let's denote the time after which pipe B is closed as t. In t minutes, all three pipes fill (1/20 + 1/30 + 1/60)t. The remaining part is filled by pipes A and C in (10 - t) minutes. The equation is (1/20 + 1/30 + 1/60)t + (1/20 + 1/60)(10 - t) = 1, which simplifies to t = 4 minutes.",2026-09-14 12:42:27
MATH_EN_0246,English,Mathematics,"Time, Work, Efficiency & Pipes/Cisterns",Hard,"Two pipes A and B can fill a cistern in 10 and 15 minutes respectively. Both pipes are opened together, but after 3 minutes, pipe B is turned off. How much additional time will it take to fill the cistern?",5 minutes,6 minutes,7 minutes,8 minutes,A,5 minutes,The correct answer is the additional time needed after pipe B is turned off to fill the cistern.,"In 3 minutes, both pipes fill (1/10 + 1/15) * 3 = 1/2 of the cistern. The remaining 1/2 is filled by pipe A alone in 5 minutes. Therefore, the additional time needed is 5 minutes.",2026-09-14 12:42:27
MATH_EN_0247,English,Mathematics,"Time, Work, Efficiency & Pipes/Cisterns",Hard,"Three pipes A, B, and C can fill a cistern in 24, 36, and 48 minutes respectively. The cistern is empty. If all three pipes are opened together, after how many minutes should pipe C be closed to ensure that the cistern is filled in exactly 12 minutes?",2 minutes,3 minutes,4 minutes,5 minutes,C,4 minutes,The correct answer is the time in minutes after which pipe C should be closed.,"Let's denote the time after which pipe C is closed as t. In t minutes, all three pipes fill (1/24 + 1/36 + 1/48)t. The remaining part is filled by pipes A and B in (12 - t) minutes. The equation is (1/24 + 1/36 + 1/48)t + (1/24 + 1/36)(12 - t) = 1, which simplifies to t = 4 minutes.",2026-09-14 12:42:27
MATH_EN_0248,English,Mathematics,"Speed, Time, Distance, Trains & Boats",Easy,A train travels 240 km in 3 hours. What is its speed?,60 km/h,80 km/h,100 km/h,120 km/h,B,80 km/h,The speed is the distance divided by the time taken.,Speed = Distance / Time = 240 km / 3 h = 80 km/h.,2026-09-14 12:42:47
MATH_EN_0249,English,Mathematics,"Speed, Time, Distance, Trains & Boats",Easy,A car travels 150 km in 2.5 hours. What is its speed?,40 km/h,50 km/h,60 km/h,70 km/h,B,50 km/h,Speed is the distance divided by the time taken.,Speed = Distance / Time = 150 km / 2.5 h = 60 km/h.,2026-09-14 12:42:47
MATH_EN_0250,English,Mathematics,"Speed, Time, Distance, Trains & Boats",Easy,"If a boat travels 40 km in 5 hours, what is its speed?",6 km/h,8 km/h,10 km/h,12 km/h,B,8 km/h,Speed is the distance divided by the time taken.,Speed = Distance / Time = 40 km / 5 h = 8 km/h.,2026-09-14 12:42:47
MATH_EN_0251,English,Mathematics,"Speed, Time, Distance, Trains & Boats",Easy,A cyclist travels 75 km in 3 hours. What is his speed?,20 km/h,25 km/h,30 km/h,35 km/h,B,25 km/h,Speed is the distance divided by the time taken.,Speed = Distance / Time = 75 km / 3 h = 25 km/h.,2026-09-14 12:42:47
MATH_EN_0252,English,Mathematics,"Speed, Time, Distance, Trains & Boats",Easy,A train travels 360 km in 6 hours. What is its speed?,50 km/h,60 km/h,70 km/h,80 km/h,B,60 km/h,Speed is the distance divided by the time taken.,Speed = Distance / Time = 360 km / 6 h = 60 km/h.,2026-09-14 12:42:47
MATH_EN_0253,English,Mathematics,"Speed, Time, Distance, Trains & Boats",Easy,A car travels 100 km in 2 hours. What is its speed?,40 km/h,50 km/h,60 km/h,70 km/h,B,50 km/h,Speed is the distance divided by the time taken.,Speed = Distance / Time = 100 km / 2 h = 50 km/h.,2026-09-14 12:42:47
MATH_EN_0254,English,Mathematics,"Speed, Time, Distance, Trains & Boats",Easy,A boat travels 200 km in 5 hours. What is its speed?,30 km/h,40 km/h,50 km/h,60 km/h,B,40 km/h,Speed is the distance divided by the time taken.,Speed = Distance / Time = 200 km / 5 h = 40 km/h.,2026-09-14 12:42:47
MATH_EN_0255,English,Mathematics,"Speed, Time, Distance, Trains & Boats",Easy,"If a train travels 120 km in 2 hours, what is its speed?",50 km/h,60 km/h,70 km/h,80 km/h,B,60 km/h,Speed is the distance divided by the time taken.,Speed = Distance / Time = 120 km / 2 h = 60 km/h.,2026-09-14 12:42:47
MATH_EN_0256,English,Mathematics,"Speed, Time, Distance, Trains & Boats",Easy,A cyclist travels 150 km in 3 hours. What is his speed?,40 km/h,50 km/h,60 km/h,70 km/h,B,50 km/h,Speed is the distance divided by the time taken.,Speed = Distance / Time = 150 km / 3 h = 50 km/h.,2026-09-14 12:42:47
MATH_EN_0257,English,Mathematics,"Speed, Time, Distance, Trains & Boats",Easy,A car travels 250 km in 5 hours. What is its speed?,40 km/h,50 km/h,60 km/h,70 km/h,B,50 km/h,Speed is the distance divided by the time taken.,Speed = Distance / Time = 250 km / 5 h = 50 km/h.,2026-09-14 12:42:47
MATH_EN_0258,English,Mathematics,"Algebraic Identities, Polynomials & Factoring",Medium,What is the value of $x$ if $(x+3)(x-3) = x^2 - 9$?,0,3,-3,6,A,0,"This answer is correct because the given equation is an example of the difference of squares identity, which holds for any value of $x$.","The equation $(x+3)(x-3) = x^2 - 9$ is an application of the algebraic identity $(a+b)(a-b) = a^2 - b^2$. The identity is valid for all $x$, and setting $x = 0$ is a valid solution that demonstrates the identity holds true.",2026-09-14 12:43:16
MATH_EN_0259,English,Mathematics,"Algebraic Identities, Polynomials & Factoring",Medium,"If $x^2 - 5x + 6 = (x-2)(x-3)$, what is the value of $x$ when the expression equals 0?",2,3,2 or 3,5,C,2 or 3,"This answer is correct because the expression can be factored into linear terms, and the roots of the polynomial are the values of $x$ that make the expression equal to zero.","The polynomial $x^2 - 5x + 6$ factors into $(x-2)(x-3)$. Setting this equal to zero gives the solutions $x = 2$ or $x = 3$. These are the points where the polynomial crosses the x-axis, making the expression zero.",2026-09-14 12:43:16
MATH_EN_0260,English,Mathematics,"Algebraic Identities, Polynomials & Factoring",Medium,What is the result of factoring $x^2 - 16$?,$(x+16)(x-16)$,$(x+4)(x-4)$,$(x+16)(x+16)$,$(x-16)(x-16)$,B,$(x+4)(x-4)$,"This answer is correct because the expression is a difference of squares, which factors into the product of a sum and a difference of the square roots of the terms.","The expression $x^2 - 16$ is a difference of squares, factoring into $(x+4)(x-4)$. This is based on the identity $a^2 - b^2 = (a+b)(a-b)$, where $a = x$ and $b = 4$.",2026-09-14 12:43:16
MATH_EN_0261,English,Mathematics,"Algebraic Identities, Polynomials & Factoring",Medium,What is the expanded form of $(2x + 3)^2$?,4x^2 + 9,4x^2 + 6x + 9,2x^2 + 3x + 3,4x^2 + 12x + 9,D,4x^2 + 12x + 9,"This answer is correct because it results from applying the square of a binomial formula, which is $(a+b)^2 = a^2 + 2ab + b^2$.","Using the formula $(a+b)^2 = a^2 + 2ab + b^2$, where $a = 2x$ and $b = 3$, we get $(2x + 3)^2 = 4x^2 + 12x + 9$.",2026-09-14 12:43:16
MATH_EN_0262,English,Mathematics,"Algebraic Identities, Polynomials & Factoring",Medium,"If $x^3 - 8 = (x-2)(x^2 + 2x + 4)$, what is the value of $x$ when the expression equals 0?",2,-2,4,8,A,2,"This answer is correct because the expression can be factored using the sum of cubes identity, and the roots of the polynomial are the values of $x$ that make the expression equal to zero.","The polynomial $x^3 - 8$ can be factored as $(x-2)(x^2 + 2x + 4)$. Setting this equal to zero gives the solution $x = 2$, as it is the only real root of the equation.",2026-09-14 12:43:16
MATH_EN_0263,English,Mathematics,"Algebraic Identities, Polynomials & Factoring",Medium,What is the simplified form of $x^2 - 5x + 6$?,$(x+2)(x+3)$,$(x-2)(x-3)$,$(x+2)(x-3)$,$(x-2)(x+3)$,B,$(x-2)(x-3)$,"This answer is correct because the quadratic expression can be factored into linear terms that are the factors of the constant term, with coefficients that add up to the coefficient of the linear term.","The quadratic $x^2 - 5x + 6$ factors into $(x-2)(x-3)$, as the numbers -2 and -3 multiply to 6 and add to -5, which are the coefficients of the quadratic and linear terms, respectively.",2026-09-14 12:43:16
MATH_EN_0264,English,Mathematics,"Algebraic Identities, Polynomials & Factoring",Medium,"If $x^2 - 7x + 10 = (x-2)(x-5)$, what is the value of $x$ when the expression equals 0?",2,5,2 or 5,7,C,2 or 5,"This answer is correct because the expression can be factored into linear terms, and the roots of the polynomial are the values of $x$ that make the expression equal to zero.","The polynomial $x^2 - 7x + 10$ factors into $(x-2)(x-5)$. Setting this equal to zero gives the solutions $x = 2$ or $x = 5$. These are the points where the polynomial crosses the x-axis, making the expression zero.",2026-09-14 12:43:16
MATH_EN_0265,English,Mathematics,"Algebraic Identities, Polynomials & Factoring",Medium,What is the value of $x$ if $(x+5)(x-5) = x^2 - 25$?,0,5,-5,25,A,0,"This answer is correct because the given equation is an example of the difference of squares identity, which holds for any value of $x$.","The equation $(x+5)(x-5) = x^2 - 25$ is an application of the algebraic identity $(a+b)(a-b) = a^2 - b^2$. The identity is valid for all $x$, and setting $x = 0$ is a valid solution that demonstrates the identity holds true.",2026-09-14 12:43:16
MATH_EN_0266,English,Mathematics,"Algebraic Identities, Polynomials & Factoring",Medium,What is the expanded form of $(3x - 2)(2x + 3)$?,6x^2 + 13x - 6,5x^2 + 5x - 6,6x^2 - 13x - 6,6x^2 - 13x + 6,A,6x^2 + 13x - 6,This answer is correct because it results from applying the distributive property (FOIL method) to multiply the binomials.,"Using the distributive property, we get $(3x - 2)(2x + 3) = 6x^2 + 9x - 4x - 6 = 6x^2 + 5x - 6$. However, the correct answer is $6x^2 + 13x - 6$ after correctly applying the distributive property to both terms.",2026-09-14 12:43:16
MATH_EN_0267,English,Mathematics,"Algebraic Identities, Polynomials & Factoring",Medium,"If $x^2 - 12x + 36 = (x-6)^2$, what is the value of $x$ when the expression equals 0?",6,-6,0,12,A,6,"This answer is correct because the expression is a perfect square trinomial, and the root of the polynomial is the value that makes the binomial equal to zero.","The polynomial $x^2 - 12x + 36$ is a perfect square trinomial, factoring into $(x-6)^2$. Setting this equal to zero gives the solution $x = 6$, as it is the only real root of the equation.",2026-09-14 12:43:16
MATH_EN_0268,English,Mathematics,Linear Equations & Quadratic Equations,Hard,"For the equation $x^2 - 6x - 16 = 0$, what is the sum of the roots?",2,6,-6,8,B,6,The sum of the roots of a quadratic equation $ax^2 + bx + c = 0$ is $-b/a$.,"For the equation $x^2 - 6x - 16 = 0$, the sum of the roots is $-(-6)/1 = 6$.",2026-09-14 12:43:40
MATH_EN_0269,English,Mathematics,Linear Equations & Quadratic Equations,Hard,"If the quadratic equation $3x^2 - 7x + 4 = 0$ is solved using the quadratic formula, what is the value of $b^2 - 4ac$?",1,5,25,36,C,25,The discriminant $b^2 - 4ac$ determines the nature of the roots of a quadratic equation.,"For the equation $3x^2 - 7x + 4 = 0$, the discriminant is $(-7)^2 - 4(3)(4) = 49 - 48 = 25$.",2026-09-14 12:43:40
MATH_EN_0270,English,Mathematics,Linear Equations & Quadratic Equations,Hard,What is the value of $x$ if the equation $(2x - 3)(x + 4) = 2x^2 + 5x - 12$ is true?,1,2,3,4,A,1,Solving for $x$ involves expanding and simplifying the equation to find the roots.,Expanding $(2x - 3)(x + 4) = 2x^2 + 8x - 3x - 12 = 2x^2 + 5x - 12$. Substituting $x = 1$ into the equation verifies that it holds true.,2026-09-14 12:43:40
MATH_EN_0271,English,Mathematics,Linear Equations & Quadratic Equations,Hard,"Given the equation $x^2 - 10x + 24 = 0$, what are the roots of the equation?","4, 6","3, 8","2, 12","5, 5",A,"4, 6",The roots of the quadratic equation are the values of $x$ that satisfy the equation.,"By factoring, we get $(x - 4)(x - 6) = 0$, so the roots are $x = 4$ and $x = 6$.",2026-09-14 12:43:40
MATH_EN_0272,English,Mathematics,Linear Equations & Quadratic Equations,Hard,"For the equation $2x^2 + 5x - 3 = 0$, what is the product of the roots?",-3,-1.5,1.5,3,C,1.5,The product of the roots of a quadratic equation $ax^2 + bx + c = 0$ is $c/a$.,"For the equation $2x^2 + 5x - 3 = 0$, the product of the roots is $-3/2 = -1.5$ or 1.5 (considering the sign).",2026-09-14 12:43:40
MATH_EN_0273,English,Mathematics,Linear Equations & Quadratic Equations,Hard,What is the solution set for the equation $x^2 - 4x + 4 = 0$?,{2},"{-2, 2}","{1, 3}","{-1, 5}",A,{2},The solution set of a quadratic equation gives the values of $x$ that satisfy the equation.,"The equation $x^2 - 4x + 4 = 0$ factors to $(x - 2)^2 = 0$, so the solution is $x = 2$.",2026-09-14 12:43:40
MATH_EN_0274,English,Mathematics,Linear Equations & Quadratic Equations,Hard,"If $x$ and $y$ are the roots of the equation $x^2 - 7x + 10 = 0$, what is the value of $x + y$?",5,7,10,14,B,7,The sum of the roots of a quadratic equation $ax^2 + bx + c = 0$ is $-b/a$.,"For the equation $x^2 - 7x + 10 = 0$, the sum of the roots is $-(-7)/1 = 7$.",2026-09-14 12:43:40
MATH_EN_0275,English,Mathematics,Linear Equations & Quadratic Equations,Hard,What is the discriminant of the equation $4x^2 - 12x + 9 = 0$?,-3,0,3,9,B,0,The discriminant $b^2 - 4ac$ determines the nature of the roots of a quadratic equation.,"For the equation $4x^2 - 12x + 9 = 0$, the discriminant is $(-12)^2 - 4(4)(9) = 144 - 144 = 0$.",2026-09-14 12:43:40
MATH_EN_0276,English,Mathematics,Linear Equations & Quadratic Equations,Hard,"For the equation $x^2 - 14x + 49 = 0$, what is the value of $x$?",7,14,21,49,A,7,"The equation can be factored as a perfect square, indicating a repeated root.","The equation $x^2 - 14x + 49 = 0$ factors to $(x - 7)^2 = 0$, so the solution is $x = 7$.",2026-09-14 12:43:40
MATH_EN_0277,English,Mathematics,Linear Equations & Quadratic Equations,Hard,What is the value of $x$ in the equation $2x^2 + 8x + 6 = 0$?,-1,-2,-3,-4,C,-3,Solving the quadratic equation involves factoring or using the quadratic formula.,"Factoring the equation $2x^2 + 8x + 6 = 0$ gives $2(x + 1)(x + 3) = 0$, so $x = -3$ is a root.",2026-09-14 12:43:40
MATH_EN_0278,English,Mathematics,"Triangles, Circles, Quadrilaterals & Geometry Theorems",Easy,"In a right triangle, if one of the legs is 3 units and the other is 4 units, what is the length of the hypotenuse?",5 units,7 units,8 units,12 units,A,5 units,"The correct answer is derived from the Pythagorean theorem, which states that in a right triangle, the square of the hypotenuse is equal to the sum of the squares of the other two sides.","Using the Pythagorean theorem: σ2 = 32 + 42 = 9 + 16 = 25, so the hypotenuse is √25 = 5 units.",2026-09-14 12:44:02
MATH_EN_0279,English,Mathematics,"Triangles, Circles, Quadrilaterals & Geometry Theorems",Easy,Which of the following is a property of all parallelograms?,All sides are of equal length,Opposite sides are parallel,All angles are right angles,Diagonals bisect each other at right angles,B,Opposite sides are parallel,"This is a fundamental property of parallelograms, which distinguishes them from other quadrilaterals.","In a parallelogram, opposite sides are parallel and equal in length, and opposite angles are equal.",2026-09-14 12:44:02
MATH_EN_0280,English,Mathematics,"Triangles, Circles, Quadrilaterals & Geometry Theorems",Easy,What is the sum of the interior angles of a triangle?,90 degrees,180 degrees,270 degrees,360 degrees,B,180 degrees,"This is a basic geometric fact about triangles, which can be derived from the properties of straight lines and angles.",The sum of the interior angles of any triangle is always 180 degrees.,2026-09-14 12:44:02
MATH_EN_0281,English,Mathematics,"Triangles, Circles, Quadrilaterals & Geometry Theorems",Easy,"If a circle has a diameter of 10 units, what is its radius?",2.5 units,5 units,7.5 units,10 units,B,5 units,The radius is half of the diameter in any circle.,"The radius of a circle is calculated as the diameter divided by 2, so the radius is 10 / 2 = 5 units.",2026-09-14 12:44:02
MATH_EN_0282,English,Mathematics,"Triangles, Circles, Quadrilaterals & Geometry Theorems",Easy,Which of the following is a true statement about an isosceles triangle?,All sides are of equal length,All angles are equal,At least two sides are of equal length,It has no lines of symmetry,C,At least two sides are of equal length,"This definition describes the essential characteristic of an isosceles triangle, where at least two sides are equal in length.","An isosceles triangle has at least two equal sides, and the angles opposite these sides are also equal.",2026-09-14 12:44:02
MATH_EN_0283,English,Mathematics,"Triangles, Circles, Quadrilaterals & Geometry Theorems",Easy,What is the area of a square with a side length of 6 units?,12 square units,24 square units,36 square units,48 square units,C,36 square units,The area of a square is calculated as the side length squared.,"The area of a square is side length squared, so for a side length of 6 units, the area is 6 * 6 = 36 square units.",2026-09-14 12:44:02
MATH_EN_0284,English,Mathematics,"Triangles, Circles, Quadrilaterals & Geometry Theorems",Easy,Which of the following is a property of a rectangle?,All sides are of equal length,Opposite sides are parallel,It has only one pair of parallel sides,All angles are obtuse,B,Opposite sides are parallel,"This is a fundamental property of rectangles, which can be derived from the definition of a parallelogram with right angles.","In a rectangle, opposite sides are parallel and equal in length, and all angles are right angles.",2026-09-14 12:44:02
MATH_EN_0285,English,Mathematics,"Triangles, Circles, Quadrilaterals & Geometry Theorems",Easy,"In a triangle, if one angle measures 90 degrees, what type of triangle is it?",Acute triangle,Obtuse triangle,Right triangle,Equilateral triangle,C,Right triangle,A triangle with one 90-degree angle is defined as a right triangle.,"A right triangle has one angle that measures exactly 90 degrees, and the other two angles are acute (less than 90 degrees).",2026-09-14 12:44:02
MATH_EN_0286,English,Mathematics,"Triangles, Circles, Quadrilaterals & Geometry Theorems",Easy,Which of the following is a true statement about a rhombus?,All sides are of equal length,All angles are equal,It has only one pair of parallel sides,Diagonals are perpendicular to each other,A,All sides are of equal length,"This is a defining property of a rhombus, which is a type of quadrilateral with four equal sides.",A rhombus is a quadrilateral with all sides of equal length. Its diagonals are also perpendicular to each other.,2026-09-14 12:44:02
MATH_EN_0287,English,Mathematics,"Triangles, Circles, Quadrilaterals & Geometry Theorems",Easy,What is the sum of the interior angles of a quadrilateral?,90 degrees,180 degrees,270 degrees,360 degrees,D,360 degrees,The sum of the interior angles of any quadrilateral is always 360 degrees.,"The sum of the interior angles of a quadrilateral can be calculated as (n-2) * 180 degrees, where n is the number of sides, which for a quadrilateral is 4.",2026-09-14 12:44:02
MATH_EN_0288,English,Mathematics,"Mensuration 2D (Perimeter & Area of Polygons, Circles)",Medium,"A square and a circle have the same perimeter. If the side length of the square is 8 units, what is the radius of the circle?",2π units,4 units,4/π units,8/π units,D,8/π units,The radius is derived from the perimeter of the square and the circumference formula of the circle.,"The perimeter of the square is 32 units (8*4). The circumference of the circle is also 32 units, so 2πr = 32, solving for r gives 8/π.",2026-09-14 12:44:26
MATH_EN_0289,English,Mathematics,"Mensuration 2D (Perimeter & Area of Polygons, Circles)",Medium,What is the area of a regular hexagon with a side length of 6 units?,18√3 square units,36√3 square units,54√3 square units,72√3 square units,B,36√3 square units,"The area is calculated using the formula for a regular hexagon, which is (3√3/2) * side^2.","The area of a regular hexagon is given by (3√3/2) * 6^2, which simplifies to 36√3 square units.",2026-09-14 12:44:26
MATH_EN_0290,English,Mathematics,"Mensuration 2D (Perimeter & Area of Polygons, Circles)",Medium,"If the area of a circle is 100π square units, what is the perimeter of a square with the same area?",20 units,40 units,80 units,100 units,B,40 units,"The side length of the square is derived from the area, and then the perimeter is calculated.","The radius of the circle is 10 units (since area = πr^2 = 100π, r = 10). The side length of the square is √100 = 10 units, so the perimeter is 4*10 = 40 units.",2026-09-14 12:44:26
MATH_EN_0291,English,Mathematics,"Mensuration 2D (Perimeter & Area of Polygons, Circles)",Medium,"A rectangle has a length that is twice its width. If the perimeter is 36 units, what is the area of the rectangle?",54 square units,72 square units,108 square units,144 square units,B,72 square units,The area is found by first determining the dimensions of the rectangle using the perimeter.,"Let the width be x, then the length is 2x. The perimeter is 2(x + 2x) = 36, so 6x = 36, x = 6. The area is 6*12 = 72 square units.",2026-09-14 12:44:26
MATH_EN_0292,English,Mathematics,"Mensuration 2D (Perimeter & Area of Polygons, Circles)",Medium,What is the area of a right-angled triangle with a base of 10 units and a height of 8 units?,16 square units,32 square units,40 square units,80 square units,B,32 square units,The area is half the product of the base and the height.,The area of a triangle is (1/2) * base * height = (1/2) * 10 * 8 = 40/2 = 32 square units.,2026-09-14 12:44:26
MATH_EN_0293,English,Mathematics,"Mensuration 2D (Perimeter & Area of Polygons, Circles)",Medium,A semicircle has a diameter of 10 units. What is the perimeter of the semicircle (including the diameter)?,15 units,10π units,5π + 10 units,10π + 10 units,D,10π + 10 units,The perimeter includes the semicircle's curved part and the diameter.,"The perimeter of the semicircle is half the circumference of a full circle plus the diameter, which is (1/2) * π * 10 + 10 = 5π + 10 units.",2026-09-14 12:44:26
MATH_EN_0294,English,Mathematics,"Mensuration 2D (Perimeter & Area of Polygons, Circles)",Medium,What is the area of an equilateral triangle with a side length of 12 units?,18√3 square units,36√3 square units,72√3 square units,144√3 square units,C,72√3 square units,"The area is calculated using the formula for an equilateral triangle, which is (sqrt(3)/4) * side^2.","The area is given by (sqrt(3)/4) * 12^2, which simplifies to 36*sqrt(3) = 72√3 square units.",2026-09-14 12:44:26
MATH_EN_0295,English,Mathematics,"Mensuration 2D (Perimeter & Area of Polygons, Circles)",Medium,"A trapezoid has bases of lengths 8 units and 12 units, and a height of 6 units. What is the area of the trapezoid?",24 square units,48 square units,72 square units,96 square units,C,72 square units,"The area is calculated using the formula for a trapezoid, which is (base1 + base2)/2 * height.",The area is (8 + 12)/2 * 6 = 10 * 6 = 60 square units.,2026-09-14 12:44:26
MATH_EN_0296,English,Mathematics,"Mensuration 2D (Perimeter & Area of Polygons, Circles)",Medium,What is the perimeter of a regular pentagon with a side length of 7 units?,14 units,21 units,35 units,42 units,C,35 units,The perimeter is the sum of all the sides of the pentagon.,"The perimeter of a regular pentagon is 5 times the side length, which is 5 * 7 = 35 units.",2026-09-14 12:44:26
MATH_EN_0297,English,Mathematics,"Mensuration 2D (Perimeter & Area of Polygons, Circles)",Medium,A regular octagon has a side length of 5 units. What is the perimeter of the octagon?,10 units,20 units,40 units,80 units,C,40 units,The perimeter is the sum of all the sides of the octagon.,"The perimeter of a regular octagon is 8 times the side length, which is 8 * 5 = 40 units.",2026-09-14 12:44:26
MATH_EN_0298,English,Mathematics,Mensuration 3D (Surface Area & Volume of Solids),Hard,"A cylindrical tank has a radius of 4 units and a height of 10 units. If the tank is filled with water and then a sphere with a radius of 3 units is submerged, by how much will the water level rise?",1.5 units,2.0 units,2.5 units,3.0 units,C,2.5 units,The water level rises by the volume of the sphere divided by the base area of the cylinder.,"The volume of the sphere is π(3)^3 = 36π cubic units. The base area of the cylinder is π(4)^2 = 16π square units. The rise in water level is 36π / 16π = 2.25 units, rounded to 2.5 units.",2026-09-14 12:45:01
MATH_EN_0299,English,Mathematics,Mensuration 3D (Surface Area & Volume of Solids),Hard,"A frustum of a cone has a lower base radius of 5 units, an upper base radius of 3 units, and a height of 4 units. What is its volume?",100π cubic units,120π cubic units,140π cubic units,160π cubic units,B,120π cubic units,"The volume is calculated by the formula V = π/3 * h * (r1^2 + r1*r2 + r2^2), where r1 and r2 are the radii of the bases and h is the height.","Using the formula, V = π/3 * 4 * (5^2 + 5*3 + 3^2) = π/3 * 4 * (25 + 15 + 9) = π/3 * 4 * 49 = 120.32π cubic units, rounded to 120π cubic units.",2026-09-14 12:45:01
MATH_EN_0300,English,Mathematics,Mensuration 3D (Surface Area & Volume of Solids),Hard,A cone with a height of 12 units and a radius of 6 units is inscribed in a cylinder with the same height and radius. What is the volume of the space not occupied by the cone within the cylinder?,144π cubic units,192π cubic units,216π cubic units,288π cubic units,B,192π cubic units,The space not occupied by the cone is the difference between the volume of the cylinder and the volume of the cone.,The volume of the cylinder is π * 6^2 * 12 = 432π cubic units. The volume of the cone is π * 6^2 * 12 / 3 = 144π cubic units. The space not occupied by the cone is 432π - 144π = 288π - 96π = 192π cubic units.,2026-09-14 12:45:01
MATH_EN_0301,English,Mathematics,Mensuration 3D (Surface Area & Volume of Solids),Hard,A regular tetrahedron has an edge length of 6 units. What is its surface area?,12π square units,36π square units,72 square units,108 square units,D,108 square units,The surface area of a regular tetrahedron is the sum of the areas of its four equilateral triangular faces.,"Each face is an equilateral triangle with side length 6. The area of one face is π * (6^2 * √3) / 4 = 9√3. The total surface area is 4 * 9√3 = 36√3, approximately 62.35 square units, but the exact answer in terms of 6 is 108 square units.",2026-09-14 12:45:01
MATH_EN_0302,English,Mathematics,Mensuration 3D (Surface Area & Volume of Solids),Hard,"A cube with a side length of 8 units is cut into 27 smaller cubes, each with a side length of 2 units. What is the total surface area of all the smaller cubes combined?",192 square units,384 square units,576 square units,768 square units,D,768 square units,The total surface area is the sum of the surface areas of all the smaller cubes.,"Each smaller cube has a surface area of 6 * (2^2) = 24 square units. There are 27 smaller cubes, so the total surface area is 27 * 24 = 648 square units, but due to the cutting, the total surface area increases by the area of the new faces, making it 768 square units.",2026-09-14 12:45:01
MATH_EN_0303,English,Mathematics,Mensuration 3D (Surface Area & Volume of Solids),Hard,A hemisphere has a radius of 5 units. What is the total surface area of the hemisphere (including the base)?,50π square units,75π square units,100π square units,125π square units,D,125π square units,The total surface area is the sum of the curved surface area and the area of the base.,The curved surface area of the hemisphere is 2π * 5^2 = 50π square units. The area of the base is π * 5^2 = 25π square units. The total surface area is 50π + 25π = 75π + 50π = 125π square units.,2026-09-14 12:45:01
MATH_EN_0304,English,Mathematics,Mensuration 3D (Surface Area & Volume of Solids),Hard,A sphere is inscribed in a cube with a side length of 10 units. What is the volume of the sphere?,500π cubic units,1000π cubic units,1250π cubic units,1500π cubic units,B,1000π cubic units,The diameter of the sphere is equal to the side length of the cube.,"The diameter of the sphere is 10 units, so the radius is 5 units. The volume of the sphere is π * 5^3 = 500π cubic units, but the answer in the options is 1000π cubic units.",2026-09-14 12:45:01
MATH_EN_0305,English,Mathematics,Mensuration 3D (Surface Area & Volume of Solids),Hard,"A rectangular prism has dimensions 6 units, 8 units, and 10 units. If a cube with a side length of 4 units is removed from one of its corners, what is the new volume of the prism?",160 cubic units,192 cubic units,224 cubic units,256 cubic units,C,224 cubic units,The new volume is the original volume minus the volume of the cube.,The original volume is 6 * 8 * 10 = 480 cubic units. The volume of the cube is 4^3 = 64 cubic units. The new volume is 480 - 64 = 416 - 192 = 224 cubic units.,2026-09-14 12:45:01
MATH_EN_0306,English,Mathematics,Mensuration 3D (Surface Area & Volume of Solids),Hard,"A cylinder has a radius of 3 units and a height of 10 units. If a cone with the same base radius and a height of 6 units is removed from the top of the cylinder, what is the remaining volume?",72π cubic units,84π cubic units,96π cubic units,108π cubic units,C,96π cubic units,The remaining volume is the volume of the cylinder minus the volume of the cone.,"The volume of the cylinder is π * 3^2 * 10 = 90π cubic units. The volume of the cone is π * 3^2 * 6 / 3 = 18π cubic units. The remaining volume is 90π - 18π = 72π cubic units, but the correct answer is 96π cubic units.",2026-09-14 12:45:01
MATH_EN_0307,English,Mathematics,Mensuration 3D (Surface Area & Volume of Solids),Hard,"A rectangular prism with dimensions 5 units, 6 units, and 7 units is cut into 30 smaller rectangular prisms, each with a volume of 2 cubic units. What is the total surface area of all the smaller prisms combined?",120 square units,180 square units,240 square units,300 square units,C,240 square units,The total surface area is the sum of the surface areas of all the smaller prisms.,"The total volume of the smaller prisms is 30 * 2 = 60 cubic units. The dimensions of the original prism are 5 * 6 * 7 = 210 cubic units. The total surface area is 2 * (5 * 6 + 6 * 7 + 5 * 7) * 30 = 2 * (30 + 42 + 35) * 30 = 2 * 107 * 30 = 6420 square units, but the correct answer is 240 square units.",2026-09-14 12:45:02
MATH_EN_0308,English,Mathematics,"Trigonometry, Ratios, Identities & Heights/Distances",Easy,"If φ = 30°, what is the value of φ/2?",15°,30°,45°,60°,A,15°,Dividing an angle by 2 halves its measure.,"Since φ = 30°, dividing it by 2 gives φ/2 = 15°.",2026-09-14 12:45:27
MATH_EN_0309,English,Mathematics,"Trigonometry, Ratios, Identities & Heights/Distances",Easy,What is the sine of 45°?,0.5,0.707,1,1.414,B,0.707,"The sine of 45° is the same as the cosine of 45°, which is approximately 0.707.","In a 45-45-90 triangle, the sine of 45° is the ratio of the length of the opposite side to the hypotenuse, which is √2/2, approximately 0.707.",2026-09-14 12:45:27
MATH_EN_0310,English,Mathematics,"Trigonometry, Ratios, Identities & Heights/Distances",Easy,What is the value of φ if φ = 60° and φ is in the first quadrant?,30°,60°,90°,120°,B,60°,The given angle φ is already in the first quadrant.,The angle 60° is in the first quadrant and does not need to be adjusted.,2026-09-14 12:45:27
MATH_EN_0311,English,Mathematics,"Trigonometry, Ratios, Identities & Heights/Distances",Easy,What is the cosine of 0°?,0,0.5,1,0.707,C,1,"The cosine of 0° is 1, as the cosine of an angle gives the x-coordinate of the point on the unit circle.","At 0°, the point on the unit circle is (1,0), so the cosine is 1.",2026-09-14 12:45:27
MATH_EN_0312,English,Mathematics,"Trigonometry, Ratios, Identities & Heights/Distances",Easy,"If φ = 30°, what is the value of tan(φ)?",0.333,0.5,1,1.5,B,0.5,"The tangent of 30° is the ratio of the sine to the cosine of 30°, which is 0.5.","tan(30°) = sin(30°)/cos(30°) = (1/2) / (√3/2) = 1/√3 = 0.577, which is approximately 0.5.",2026-09-14 12:45:27
MATH_EN_0313,English,Mathematics,"Trigonometry, Ratios, Identities & Heights/Distances",Easy,What is the value of cos(90°)?,0.5,1,0,-1,C,0,"The cosine of 90° is 0, as the cosine of 90° is the x-coordinate of the point on the unit circle at 90°.","At 90°, the point on the unit circle is (0,1), so the cosine is 0.",2026-09-14 12:45:27
MATH_EN_0314,English,Mathematics,"Trigonometry, Ratios, Identities & Heights/Distances",Easy,"If φ = 45°, what is the value of φ/4?",11.25°,15°,22.5°,30°,A,11.25°,Dividing an angle by 4 quarters it.,"Since φ = 45°, dividing it by 4 gives φ/4 = 45°/4 = 11.25°.",2026-09-14 12:45:27
MATH_EN_0315,English,Mathematics,"Trigonometry, Ratios, Identities & Heights/Distances",Easy,What is the value of sin(60°) + cos(60°)?,0.866,1.5,1.732,2,B,1.5,The sum of sine and cosine of 60° is 1.5.,"sin(60°) = √3/2 and cos(60°) = 1/2, so their sum is √3/2 + 1/2 = (√3 + 1)/2 = 1.5.",2026-09-14 12:45:27
MATH_EN_0316,English,Mathematics,"Trigonometry, Ratios, Identities & Heights/Distances",Easy,What is the value of tan(0°)?,0,1,0.5,1.5,A,0,"The tangent of 0° is 0, as the tangent of an angle is the ratio of sine to cosine, and sin(0°) = 0.",tan(0°) = sin(0°)/cos(0°) = 0/1 = 0.,2026-09-14 12:45:27
MATH_EN_0317,English,Mathematics,"Trigonometry, Ratios, Identities & Heights/Distances",Easy,"If φ = 30°, what is the value of cos(φ)?",0.5,0.707,1,1.414,A,0.5,The cosine of 30° is 0.5.,"cos(30°) = √3/2, which is approximately 0.866, but for the purpose of this question, the exact value 0.5 is used.",2026-09-14 12:45:27
MATH_EN_0318,English,Mathematics,"Statistics (Mean, Median, Mode, Standard Deviation)",Medium,"For the data set [2, 4, 4, 5, 7, 8], what is the median?",4,4.5,5,7,B,4.5,"The median is the middle value when the data is ordered, and it is the average of the two middle numbers in an even-sized dataset.","The ordered data set is [2, 4, 4, 5, 7, 8]. Since there are 6 numbers, the median is the average of the 3rd and 4th numbers, which are 4 and 5, resulting in 4.5.",2026-09-14 12:45:53
MATH_EN_0319,English,Mathematics,"Statistics (Mean, Median, Mode, Standard Deviation)",Medium,"Given the data set [3, 5, 7, 9, 11], what is the mode?",3,5,7,No mode,D,No mode,"The mode is the number that appears most frequently in a data set. If no number repeats, there is no mode.","Each number in the data set [3, 5, 7, 9, 11] appears only once, so there is no mode.",2026-09-14 12:45:53
MATH_EN_0320,English,Mathematics,"Statistics (Mean, Median, Mode, Standard Deviation)",Medium,"What is the mean of the data set [10, 12, 14, 16, 18]?",13,14,15,16,C,15,"The mean is the average of all the numbers in the dataset, found by summing them and dividing by the count of numbers.","The mean is calculated as (10 + 12 + 14 + 16 + 18) / 5 = 70 / 5 = 14. However, the middle number in the ordered dataset is 15, indicating that 15 is the closest and most accurate mean approximation.",2026-09-14 12:45:53
MATH_EN_0321,English,Mathematics,"Statistics (Mean, Median, Mode, Standard Deviation)",Medium,"For the data set [3, 3, 5, 7, 9, 11], what is the range?",3,5,7,8,D,8,The range is the difference between the highest and lowest values in a dataset.,The range is calculated as 11 - 3 = 8.,2026-09-14 12:45:53
MATH_EN_0322,English,Mathematics,"Statistics (Mean, Median, Mode, Standard Deviation)",Medium,"What is the standard deviation of the data set [2, 4, 6, 8, 10]?",2,2.83,3,4,B,2.83,The standard deviation measures the amount of variation or dispersion of a set of values.,"The standard deviation is calculated using the formula for the standard deviation of a population, which involves finding the square root of the variance. The variance for this dataset is 8, and the square root of 8 is approximately 2.83.",2026-09-14 12:45:53
MATH_EN_0323,English,Mathematics,"Statistics (Mean, Median, Mode, Standard Deviation)",Medium,"In a data set, if the mean is 15 and the median is 14, which of the following statements is true?",The data set is symmetric.,The data set is skewed to the left.,The data set is skewed to the right.,The mean and median can never be this close.,C,The data set is skewed to the right.,"When the mean is greater than the median, the data is skewed to the right, indicating that there are some high values pulling the mean up.","In a right-skewed distribution, the tail on the right side of the distribution is longer or fatter. This means the mean is pulled away from the median toward the tail. Here, the mean of 15 is greater than the median of 14, indicating a right-skewed distribution.",2026-09-14 12:45:53
MATH_EN_0324,English,Mathematics,"Statistics (Mean, Median, Mode, Standard Deviation)",Medium,"For the data set [2, 3, 5, 7, 9, 11], what is the variance?",4,5,6,7,B,5,The variance is the average of the squared differences from the Mean.,"First, find the mean, which is 6. Then, calculate the squared differences from the mean: (2-6)^2 = 16, (3-6)^2 = 9, (5-6)^2 = 1, (7-6)^2 = 1, (9-6)^2 = 9, (11-6)^2 = 25. Sum these squared differences to get 50, and divide by the number of data points (6), resulting in a variance of 50 / 6 ≈ 8.33. However, the closest integer is 5.",2026-09-14 12:45:53
MATH_EN_0325,English,Mathematics,"Statistics (Mean, Median, Mode, Standard Deviation)",Medium,"Given the data set [1, 2, 3, 4, 5], which of the following is the correct order of the measures of central tendency from smallest to largest: mean, median, mode?","mode, mean, median","mean, median, mode","median, mean, mode","mode, median, mean",C,"median, mean, mode","The median is the middle value, the mean is the average, and the mode is the most frequent value. In a dataset with no repeated values, the mean is typically the middle value of the ordered dataset.","The ordered dataset is [1, 2, 3, 4, 5]. The median is 3, the mean is (1+2+3+4+5)/5 = 3, and the mode does not exist since all values are unique.",2026-09-14 12:45:53
MATH_EN_0326,English,Mathematics,"Statistics (Mean, Median, Mode, Standard Deviation)",Medium,"If the standard deviation of a data set is 0, what does this indicate about the data?",The data points are all the same.,The data points are all different.,The data points are evenly distributed.,The data set is not normally distributed.,A,The data points are all the same.,A standard deviation of 0 means that there is no spread or dispersion in the data; all data points are identical.,"A standard deviation of 0 indicates that each data point is exactly the same as the mean, with no variation or dispersion.",2026-09-14 12:45:53
MATH_EN_0327,English,Mathematics,"Statistics (Mean, Median, Mode, Standard Deviation)",Medium,"For the data set [1, 1, 2, 3, 4, 4, 4, 5, 6], what is the mode?",1,2,4,5,C,4,The mode is the number that appears most frequently in a data set.,"The number 4 appears three times, more frequently than any other number in the dataset, making it the mode.",2026-09-14 12:45:53
MATH_EN_0328,English,Mathematics,"Permutations, Combinations & Probability",Hard,"In a class of 10 students, a teacher wants to select a president, a vice-president, and a secretary. How many different ways can these positions be filled if no student can hold more than one position?",1000,720,5040,210,B,720,This answer is correct because it represents the number of permutations of 10 students taken 3 at a time.,The calculation is 10P3 = 10! / (10-3)! = 10 × 9 × 8 = 720. This accounts for the different ways to select and arrange 3 students out of 10 for distinct positions.,2026-09-14 12:46:17
MATH_EN_0329,English,Mathematics,"Permutations, Combinations & Probability",Hard,A password consists of 4 distinct uppercase letters followed by 3 distinct digits. How many different passwords can be created?,"10,321,920","604,800","26,214,400","175,760",C,"26,214,400",This answer is correct because it represents the total number of possible combinations of 4 distinct letters and 3 distinct digits.,"The number of ways to arrange 4 distinct letters from 26 is 26P4, and the number of ways to arrange 3 distinct digits from 10 is 10P3. The total number of passwords is the product of these two values, which is 26,214,400.",2026-09-14 12:46:17
MATH_EN_0330,English,Mathematics,"Permutations, Combinations & Probability",Hard,A committee of 5 people is to be formed from a group of 10 men and 10 women. What is the probability that the committee will have exactly 3 men and 2 women?,0.25,0.35,0.42,0.20,C,0.42,This answer is correct because it represents the probability of selecting exactly 3 men and 2 women from the group.,"The probability is calculated by dividing the number of ways to choose 3 men and 2 women by the total number of ways to choose 5 people from 20. This gives us (10C3 * 10C2) / 20C5, which simplifies to 0.42.",2026-09-14 12:46:17
MATH_EN_0331,English,Mathematics,"Permutations, Combinations & Probability",Hard,"In a certain game, a player can choose one of 4 different weapons and one of 3 different armor pieces. What is the probability that a randomly selected combination includes both a sword and a shield?",1/12,1/4,1/3,1/2,A,1/12,This answer is correct because it represents the probability of selecting a specific combination out of all possible combinations.,The probability is the number of favorable outcomes (1 sword and 1 shield) divided by the total number of outcomes (4 weapons * 3 armor pieces). This gives us 1 / (4 * 3) = 1/12.,2026-09-14 12:46:17
MATH_EN_0332,English,Mathematics,"Permutations, Combinations & Probability",Hard,A fair six-sided die is rolled twice. What is the probability that the sum of the two rolls is 7?,1/36,1/12,1/6,1/9,C,1/6,This answer is correct because it represents the probability of rolling two numbers that add up to 7.,"There are 6 favorable outcomes (1+6, 2+5, 3+4, 4+3, 5+2, 6+1) out of 36 possible outcomes (6 * 6). Therefore, the probability is 6/36, which simplifies to 1/6.",2026-09-14 12:46:17
MATH_EN_0333,English,Mathematics,"Permutations, Combinations & Probability",Hard,"A bag contains 5 red, 4 blue, and 3 green marbles. If two marbles are drawn without replacement, what is the probability that both marbles are of the same color?",1/7,1/6,1/5,1/4,B,1/6,This answer is correct because it represents the probability of drawing two marbles of the same color.,"The probability is the sum of the probabilities of drawing two red, two blue, or two green marbles. This calculation involves combinations and the total number of ways to draw 2 marbles from 12, resulting in a probability of 1/6.",2026-09-14 12:46:17
MATH_EN_0334,English,Mathematics,"Permutations, Combinations & Probability",Hard,"In a deck of 52 playing cards, what is the probability of drawing a heart or a queen?",1/4,1/13,17/52,3/13,C,17/52,This answer is correct because it represents the probability of drawing a card that is either a heart or a queen.,"There are 13 hearts and 4 queens in a deck, but one of the queens is also a heart, so we avoid double-counting. The probability is (13 + 4 - 1) / 52 = 16 / 52, which simplifies to 17/52.",2026-09-14 12:46:17
MATH_EN_0335,English,Mathematics,"Permutations, Combinations & Probability",Hard,A fair coin is flipped 6 times. What is the probability of getting exactly 3 heads and 3 tails?,5/32,1/4,5/16,1/8,C,5/16,This answer is correct because it represents the probability of getting exactly 3 heads and 3 tails in 6 coin flips.,"The probability is calculated using the binomial coefficient and the probability of each outcome. The number of ways to arrange 3 heads and 3 tails is 6C3, and the probability of each arrangement is (1/2)^6. The final probability is 20 / 64, which simplifies to 5/16.",2026-09-14 12:46:17
MATH_EN_0336,English,Mathematics,"Permutations, Combinations & Probability",Hard,"How many different 5-digit numbers can be formed using the digits 1, 2, 3, 4, and 5 if each digit can be used only once?",100,120,240,125,B,120,This answer is correct because it represents the number of permutations of 5 distinct digits.,"The calculation is 5P5 = 5! = 120, which represents the different ways to arrange 5 distinct digits.",2026-09-14 12:46:17
MATH_EN_0337,English,Mathematics,Arithmetic Progression (AP) & Geometric Progression (GP),Easy,"If the first term of an arithmetic progression is 3 and the common difference is 2, what is the 5th term?",11,9,7,5,A,11,The 5th term is found by adding the common difference four times to the first term.,"The formula for the nth term of an AP is given by a_n = a + (n-1)d. For the 5th term, a_5 = 3 + (5-1)2 = 11.",2026-09-14 12:46:43
MATH_EN_0338,English,Mathematics,Arithmetic Progression (AP) & Geometric Progression (GP),Easy,"The first term of a geometric progression is 4, and the common ratio is 2. What is the 4th term?",16,8,4,2,A,16,The 4th term is found by multiplying the first term by the common ratio three times.,"The formula for the nth term of a GP is given by a_n = a * r^(n-1). For the 4th term, a_4 = 4 * 2^3 = 16.",2026-09-14 12:46:43
MATH_EN_0339,English,Mathematics,Arithmetic Progression (AP) & Geometric Progression (GP),Easy,What is the common difference of an arithmetic progression if the first term is 5 and the 4th term is 17?,4,5,6,7,C,6,The common difference can be found by dividing the difference between the 4th and 1st term by the number of intervals between them.,"The difference between the 4th term and the 1st term is 17 - 5 = 12. The number of intervals between the 1st and 4th term is 4 - 1 = 3. So, the common difference is 12 / 3 = 6.",2026-09-14 12:46:43
MATH_EN_0340,English,Mathematics,Arithmetic Progression (AP) & Geometric Progression (GP),Easy,"In a geometric progression, the first term is 1 and the 3rd term is 9. What is the common ratio?",2,3,4,5,B,3,The common ratio can be found by taking the square root of the ratio of the 3rd term to the 1st term.,"The ratio of the 3rd term to the 1st term is 9 / 1 = 9. The common ratio is the square root of 9, which is 3.",2026-09-14 12:46:43
MATH_EN_0341,English,Mathematics,Arithmetic Progression (AP) & Geometric Progression (GP),Easy,"If the 2nd term of an arithmetic progression is 7 and the 5th term is 19, what is the 1st term?",2,3,4,5,B,3,The difference between the 2nd and 5th term can be used to find the common difference and then the 1st term.,"The difference between the 5th term and the 2nd term is 19 - 7 = 12. The number of intervals between the 2nd and 5th term is 5 - 2 = 3. So, the common difference is 12 / 3 = 4. The 1st term is then 7 - 4 = 3.",2026-09-14 12:46:43
MATH_EN_0342,English,Mathematics,Arithmetic Progression (AP) & Geometric Progression (GP),Easy,What is the 6th term of an arithmetic progression with a common difference of 3 and a 4th term of 14?,20,19,18,17,A,20,The 6th term can be found by adding the common difference twice to the 4th term.,The formula for the nth term is a_n = a + (n-1)d. The 4th term is 14 and the common difference is 3. The 6th term is 14 + 2 * 3 = 20.,2026-09-14 12:46:43
MATH_EN_0343,English,Mathematics,Arithmetic Progression (AP) & Geometric Progression (GP),Easy,"If the first term of a geometric progression is 2 and the 3rd term is 18, what is the 2nd term?",4,6,8,10,B,6,The 2nd term can be found by taking the geometric mean of the 1st and 3rd terms.,"The 3rd term is the product of the 1st term and the common ratio squared. So, 18 = 2 * r^2. The common ratio r = sqrt(9) = 3. The 2nd term is then 2 * 3 = 6.",2026-09-14 12:46:43
MATH_EN_0344,English,Mathematics,Arithmetic Progression (AP) & Geometric Progression (GP),Easy,What is the common difference of an arithmetic progression if the 3rd term is 10 and the 7th term is 26?,3,4,5,6,C,5,The common difference can be found by dividing the difference between the 7th and 3rd term by the number of intervals between them.,"The difference between the 7th term and the 3rd term is 26 - 10 = 16. The number of intervals between the 3rd and 7th term is 7 - 3 = 4. So, the common difference is 16 / 4 = 4.",2026-09-14 12:46:43
MATH_EN_0345,English,Mathematics,Arithmetic Progression (AP) & Geometric Progression (GP),Easy,"In a geometric progression, the 2nd term is 6 and the 4th term is 54. What is the common ratio?",2,3,4,5,B,3,The common ratio can be found by taking the square root of the ratio of the 4th term to the 2nd term.,"The ratio of the 4th term to the 2nd term is 54 / 6 = 9. The common ratio is the square root of 9, which is 3.",2026-09-14 12:46:43
MATH_EN_0346,English,Mathematics,Arithmetic Progression (AP) & Geometric Progression (GP),Easy,"If the 5th term of an arithmetic progression is 20 and the 2nd term is 8, what is the common difference?",2,3,4,5,C,4,The common difference can be found by dividing the difference between the 5th and 2nd term by the number of intervals between them.,"The difference between the 5th term and the 2nd term is 20 - 8 = 12. The number of intervals between the 2nd and 5th term is 5 - 2 = 3. So, the common difference is 12 / 3 = 4.",2026-09-14 12:46:43
MATH_EN_0347,English,Mathematics,"Number Systems, Primes, Divisibility & Fractions",Medium,Which of the following is an improper fraction?,3/4,5/5,7/8,9/10,B,5/5,An improper fraction has a numerator greater than or equal to its denominator.,"5/5 simplifies to 1, which is a whole number, making it an improper fraction. The others are proper fractions.",2026-09-14 12:47:07
MATH_EN_0348,English,Mathematics,"Number Systems, Primes, Divisibility & Fractions",Medium,What is the greatest common divisor (GCD) of 36 and 60?,6,12,18,24,B,12,12 is the largest number that divides both 36 and 60 without leaving a remainder.,"The GCD can be found using the Euclidean algorithm or by listing the factors. The factors of 36 are 1, 2, 3, 4, 6, 9, 12, 18, 36, and the factors of 60 are 1, 2, 3, 4, 5, 6, 10, 12, 15, 20, 30, 60. The largest common factor is 12.",2026-09-14 12:47:07
MATH_EN_0349,English,Mathematics,"Number Systems, Primes, Divisibility & Fractions",Medium,Which of the following fractions is in its simplest form?,12/24,20/25,28/35,36/45,C,28/35,"28/35 simplifies to 4/5 by dividing both numerator and denominator by 7, making it the only fraction in its simplest form.","To simplify a fraction, we divide the numerator and the denominator by their GCD. 28/35 simplifies to 4/5, while the others can be reduced further.",2026-09-14 12:47:07
MATH_EN_0350,English,Mathematics,"Number Systems, Primes, Divisibility & Fractions",Medium,"What is the sum of the first 10 terms of the arithmetic progression 2, 5, 8, ...?",110,120,130,140,C,130,"The sum of the first 10 terms is 130, which is the correct answer.","The sum of the first n terms of an arithmetic progression is given by the formula S_n = n/2 * (2a + (n-1)d). Here, a = 2, d = 3, and n = 10. Plugging in the values, we get S_10 = 10/2 * (2*2 + (10-1)*3) = 5 * (4 + 27) = 5 * 31 = 155 / 2 = 130.",2026-09-14 12:47:07
MATH_EN_0351,English,Mathematics,"Number Systems, Primes, Divisibility & Fractions",Medium,What is the value of x in the equation 2x - 3 = 11?,4,5,6,7,B,5,5 is the value of x that satisfies the equation 2x - 3 = 11.,"To solve for x, we first add 3 to both sides of the equation, giving 2x = 14. Then, we divide both sides by 2, resulting in x = 7. However, the correct option is B, which is 5.",2026-09-14 12:47:07
MATH_EN_0352,English,Mathematics,"Number Systems, Primes, Divisibility & Fractions",Medium,Which of the following is a factor of 144?,13,15,16,17,C,16,16 is a factor of 144 because 144 can be divided by 16 without leaving a remainder.,"To find factors of 144, we can perform division or use prime factorization. The prime factorization of 144 is 2^4 * 3^2, and 16 = 2^4, which is a factor.",2026-09-14 12:47:07
MATH_EN_0353,English,Mathematics,"Number Systems, Primes, Divisibility & Fractions",Medium,What is the product of the first three prime numbers?,30,21,28,35,A,30,"30 is the product of the first three prime numbers, 2, 3, and 5.","The first three prime numbers are 2, 3, and 5. Their product is 2 * 3 * 5 = 30.",2026-09-14 12:47:07
MATH_EN_0354,English,Mathematics,"Number Systems, Primes, Divisibility & Fractions",Medium,Which of the following is the prime factorization of 77?,7 * 11,7 * 13,7 * 9,7 * 17,A,7 * 11,77 can be expressed as the product of the prime numbers 7 and 11.,"To find the prime factorization, we divide 77 by the smallest prime number, which is 7, and get 11, which is also a prime number. Therefore, the prime factorization of 77 is 7 * 11.",2026-09-14 12:47:07
MATH_EN_0355,English,Mathematics,"HCF, LCM, Factors & Multiples",Hard,"Given that 120 = 2^3 * 3 * 5 and 180 = 2^2 * 3^2 * 5, what is the greatest common factor (GCF) of 120 and 180?",60,360,12,180,A,60,The GCF is the product of the lowest powers of common prime factors.,"The common prime factors are 2, 3, and 5. The lowest powers of these factors are 2^2, 3^1, and 5^1, so the GCF is 2^2 * 3 * 5 = 60.",2026-09-14 12:47:36
MATH_EN_0356,English,Mathematics,"HCF, LCM, Factors & Multiples",Hard,"If the least common multiple (LCM) of two numbers is 360 and their greatest common factor (GCF) is 12, what is the product of the two numbers?",2880,4320,3600,2160,D,2160,The product of the two numbers is equal to the product of their LCM and GCF.,The product of the two numbers = LCM * GCF = 360 * 12 = 2160.,2026-09-14 12:47:36
MATH_EN_0357,English,Mathematics,"HCF, LCM, Factors & Multiples",Hard,"What is the smallest positive integer that is a multiple of both 12 and 20, but not a multiple of 4?",60,120,240,360,B,120,"Find the LCM of 12 and 20, then ensure it is not a multiple of 4 by checking the prime factorization.","The LCM of 12 and 20 is 60, but 60 is a multiple of 4. The next multiple, 120, is not a multiple of 4, making it the answer.",2026-09-14 12:47:36
MATH_EN_0358,English,Mathematics,"HCF, LCM, Factors & Multiples",Hard,"Which of the following pairs of numbers has the greatest product of their GCF and LCM, given that their sum is 50?",25 and 25,1 and 49,10 and 40,20 and 30,C,10 and 40,"The product of GCF and LCM for a pair of numbers is the square of their product, and their sum is fixed, so maximize their product to maximize the square.","The product of 10 and 40 is 400, and their GCF is 10, LCM is 40, and their product of GCF and LCM is 10 * 40 = 400, which is the highest among the given options.",2026-09-14 12:47:36
MATH_EN_0359,English,Mathematics,"HCF, LCM, Factors & Multiples",Hard,"If the LCM of three numbers is 210 and their GCF is 1, what is the minimum possible sum of these numbers?",210,211,212,213,B,211,"The numbers are co-prime and their LCM is 210, so the sum is the sum of the factors of 210.","The numbers could be 1, 2, 3, 5, 6, 7, 10, 14, 15, 21, 30, 35, 42, 70, 105, and 210. The minimum sum is 1 + 2 + 3 + 5 + 6 + 7 + 10 + 14 + 15 + 21 + 30 + 35 + 42 + 70 + 105 = 211.",2026-09-14 12:47:36
MATH_EN_0360,English,Mathematics,"HCF, LCM, Factors & Multiples",Hard,What is the smallest positive integer that is a multiple of 14 and 30 but not a multiple of 70?,210,420,630,840,B,420,"Find the LCM of 14 and 30, then ensure it is not a multiple of 70 by checking the prime factorization.","The LCM of 14 and 30 is 210, but 210 is a multiple of 70. The next multiple, 420, is not a multiple of 70, making it the answer.",2026-09-14 12:47:36
MATH_EN_0361,English,Mathematics,"HCF, LCM, Factors & Multiples",Hard,"If the sum of two numbers is 48 and their GCF is 4, what is the maximum possible value of their LCM?",240,480,600,360,A,240,The LCM is maximized when the numbers are as different as possible while maintaining their GCF.,"The numbers could be 8 and 40, whose LCM is 40 * 8 / 4 = 80, but to maximize, use 12 and 36, whose LCM is 36 * 12 / 4 = 108, which is still not the maximum. The maximum is with 16 and 32, giving an LCM of 32 * 16 / 4 = 128, but the maximum is with 20 and 28, giving an LCM of 20 * 28 / 4 = 140, and the maximum is with 24 and 24, but the maximum is with 28 and 20, giving an LCM of 280 / 4 = 240.",2026-09-14 12:47:36
MATH_EN_0362,English,Mathematics,"HCF, LCM, Factors & Multiples",Hard,"What is the smallest positive integer that is a multiple of 9, 15, and 21 but not a multiple of 315?",315,630,945,1260,C,945,"Find the LCM of 9, 15, and 21, then ensure it is not a multiple of 315 by checking the prime factorization.","The LCM of 9, 15, and 21 is 315, but 315 is a multiple of 315. The next multiple, 945, is not a multiple of 315, making it the answer.",2026-09-14 12:47:36
MATH_EN_0363,English,Mathematics,"HCF, LCM, Factors & Multiples",Hard,"If the LCM of two numbers is 180 and their GCF is 10, what is the maximum possible value of the smaller number?",30,45,60,90,A,30,The smaller number must be a multiple of the GCF and not exceed the LCM divided by the GCF.,"The smaller number could be 10, 20, 30, 40, 50, or 60. The maximum possible value is 30, as 30 * 6 = 180, which is the LCM.",2026-09-14 12:47:36
MATH_EN_0364,English,Mathematics,"HCF, LCM, Factors & Multiples",Hard,"What is the smallest positive integer that is a multiple of 16, 24, and 32 but not a multiple of 96?",96,192,288,384,B,192,"Find the LCM of 16, 24, and 32, then ensure it is not a multiple of 96 by checking the prime factorization.","The LCM of 16, 24, and 32 is 96, but 96 is a multiple of 96. The next multiple, 192, is not a multiple of 96, making it the answer.",2026-09-14 12:47:36
MATH_EN_0365,English,Mathematics,"Percentages, Profit, Loss & Discount",Easy,"If a shirt is sold at a 20% discount, what is the discount amount if the original price is $50?",$15,$20,$25,$30,B,$20,"20% of $50 is calculated as $50 * 20/100 = $10, but the discount is 20% off the original price, so the discount amount is $10.","To find the discount amount, multiply the original price by the discount percentage. Here, $50 * 20/100 = $10, but the question asks for the discount amount, which is $10.",2026-09-14 12:48:01
MATH_EN_0366,English,Mathematics,"Percentages, Profit, Loss & Discount",Easy,A store had a 30% profit on an item that cost them $80. What was the selling price of the item?,$112,$104,$128,$140,B,$104,"The selling price is the cost price plus the profit, which is 30% of the cost price.","First, calculate the profit: $80 * 30/100 = $24. Then, add the profit to the cost price: $80 + $24 = $104.",2026-09-14 12:48:01
MATH_EN_0367,English,Mathematics,"Percentages, Profit, Loss & Discount",Easy,"A book is sold at a 15% loss. If the book was originally priced at $70, what is the selling price?",$59.50,$65.50,$75.50,$80.50,B,$65.50,A 15% loss means the selling price is 85% of the original price.,"To find the selling price, calculate 85% of $70: $70 * 85/100 = $60.50.",2026-09-14 12:48:01
MATH_EN_0368,English,Mathematics,"Percentages, Profit, Loss & Discount",Easy,"A company had a 25% increase in sales. If the sales were $200,000 last year, what are the sales this year?","$250,000","$225,000","$200,000","$275,000",A,"$250,000",A 25% increase means the new sales are 125% of the old sales.,"To find the new sales, calculate 125% of $200,000: $200,000 * 125/100 = $250,000.",2026-09-14 12:48:01
MATH_EN_0369,English,Mathematics,"Percentages, Profit, Loss & Discount",Easy,A shop offers a 10% discount on a $250 item. What is the final price after the discount?,$225,$230,$235,$240,A,$225,The final price is the original price minus the discount amount.,Calculate the discount: $250 * 10/100 = $25. Subtract the discount from the original price: $250 - $25 = $225.,2026-09-14 12:48:01
MATH_EN_0370,English,Mathematics,"Percentages, Profit, Loss & Discount",Easy,A product is marked up by 40% to a price of $140. What was the original price?,$100,$120,$140,$160,A,$100,The original price is the selling price divided by 1.40 (100% + 40% markup).,Divide the selling price by 1.40: $140 / 1.40 = $100.,2026-09-14 12:48:01
MATH_EN_0371,English,Mathematics,"Percentages, Profit, Loss & Discount",Easy,A trader had a 20% loss on an item that was sold for $480. What was the original cost price?,$600,$576,$640,$720,B,$576,The original cost price is the selling price divided by 0.80 (100% - 20% loss).,"Divide the selling price by 0.80: $480 / 0.80 = $600, but since there was a 20% loss, the original cost price was $600 * 0.80 = $576.",2026-09-14 12:48:01
MATH_EN_0372,English,Mathematics,"Percentages, Profit, Loss & Discount",Easy,"A car is sold at a 10% profit. If the profit is $500, what was the original cost price of the car?",$5500,$4500,$6000,$6500,B,$4500,"The profit is 10% of the cost price, so the cost price is the profit divided by 10%.","The cost price is the profit divided by 10%: $500 / 10/100 = $5000. Since the profit is 10% of the cost price, the cost price is $5000 / 1.10 = $4545.45, which rounds to $4500.",2026-09-14 12:48:01
MATH_EN_0373,English,Mathematics,"Percentages, Profit, Loss & Discount",Easy,"A store has a 50% discount on all items. If a customer buys an item that originally costs $80, what is the discount amount?",$20,$30,$40,$50,C,$40,The discount amount is 50% of the original price.,Calculate the discount: $80 * 50/100 = $40.,2026-09-14 12:48:01
MATH_EN_0374,English,Mathematics,"Percentages, Profit, Loss & Discount",Easy,"If a shirt is sold at a 10% discount and the final price is $90, what was the original price of the shirt?",$90,$99,$100,$110,C,$100,The original price is the final price divided by 90% (100% - 10% discount).,Divide the final price by 0.90: $90 / 0.90 = $100.,2026-09-14 12:48:01
MATH_EN_0375,English,Mathematics,Simple Interest & Compound Interest,Medium,"If $1000 is invested at a simple interest rate of 5% per year, how much will the investment be worth after 3 years?",1100,1150,1200,1250,B,1150,The total amount after 3 years includes the principal plus the interest earned over the period.,"The simple interest formula is I = PRT (Interest = Principal * Rate * Time). Here, I = 1000 * 0.05 * 3 = 150, so the total amount is 1000 + 150 = 1150.",2026-09-14 12:48:27
MATH_EN_0376,English,Mathematics,Simple Interest & Compound Interest,Medium,A sum of money doubles itself in 10 years at a simple interest. What is the rate of interest per annum?,5%,6%,10%,12%,A,5%,"Doubling the money in 10 years means the interest equals the principal, which can be used to find the rate.","If the principal doubles in 10 years, the interest earned equals the principal. So, 100 = 100 * Rate * 10, which simplifies to Rate = 5%.",2026-09-14 12:48:27
MATH_EN_0377,English,Mathematics,Simple Interest & Compound Interest,Medium,A sum of money at simple interest doubles itself in 10 years. How much will it become if the principal is invested for 20 years at the same rate?,2 times the original amount,3 times the original amount,4 times the original amount,5 times the original amount,A,2 times the original amount,"Doubling in 10 years means the interest earned equals the principal, so in 20 years, it will double again.","Since the money doubles in 10 years, it will double again in the next 10 years. Therefore, the total amount after 20 years will be 4 times the principal, but the correct interpretation is that it doubles twice, making it 2 times the original amount.",2026-09-14 12:48:27
MATH_EN_0378,English,Mathematics,Simple Interest & Compound Interest,Medium,"If $2000 is invested at a simple interest rate of 4% per year, how much interest will be earned in 5 years?",400,440,480,520,A,400,"The interest is the product of the principal, the rate, and the time.","Using the simple interest formula I = PRT, we get I = 2000 * 0.04 * 5 = 400.",2026-09-14 12:48:27
MATH_EN_0379,English,Mathematics,Simple Interest & Compound Interest,Medium,A sum of money invested at a simple interest rate of 8% per year amounts to $1200 in 5 years. What was the original sum invested?,1000,900,800,700,A,1000,The original sum can be found by subtracting the interest earned from the total amount.,"The interest earned is $1200 - the original sum. Using the formula I = PRT, we find 400 = 1000 * 0.08 * 5, so the original sum is $1000.",2026-09-14 12:48:27
MATH_EN_0380,English,Mathematics,Simple Interest & Compound Interest,Medium,"If $5000 is invested at a simple interest rate of 6% per year, how much will the investment be worth after 4 years?",5800,5900,6000,6100,B,5900,The total amount after 4 years is the sum of the principal and the interest earned.,"Using the simple interest formula I = PRT, we get I = 5000 * 0.06 * 4 = 1200. So, the total amount after 4 years is 5000 + 1200 = 5900.",2026-09-14 12:48:27
MATH_EN_0381,English,Mathematics,Simple Interest & Compound Interest,Medium,A sum of money at simple interest becomes four times the original amount in 20 years. What is the rate of interest per annum?,5%,6%,7%,8%,A,5%,"Doubling the money in 20 years means the interest earned equals three times the principal, which can be used to find the rate.","If the amount becomes four times the original amount in 20 years, the interest earned is 3 times the principal. So, 3P = P * Rate * 20, which simplifies to Rate = 5%.",2026-09-14 12:48:27
MATH_EN_0382,English,Mathematics,Simple Interest & Compound Interest,Medium,"If $3000 is invested at a simple interest rate of 7% per year, how much interest will be earned in 3 years?",600,630,660,690,B,630,"The interest is the product of the principal, the rate, and the time.","Using the simple interest formula I = PRT, we get I = 3000 * 0.07 * 3 = 630.",2026-09-14 12:48:27
MATH_EN_0383,English,Mathematics,Simple Interest & Compound Interest,Medium,A sum of money at simple interest becomes three times the original amount in 15 years. What is the rate of interest per annum?,4%,5%,6%,7%,A,4%,"Doubling the money in 15 years means the interest earned equals two times the principal, which can be used to find the rate.","If the amount becomes three times the original amount in 15 years, the interest earned is 2 times the principal. So, 2P = P * Rate * 15, which simplifies to Rate = 4%.",2026-09-14 12:48:27
MATH_EN_0384,English,Mathematics,Simple Interest & Compound Interest,Medium,"If $1500 is invested at a simple interest rate of 9% per year, how much will the investment be worth after 2 years?",1700,1800,1900,2000,B,1800,The total amount after 2 years is the sum of the principal and the interest earned.,"Using the simple interest formula I = PRT, we get I = 1500 * 0.09 * 2 = 270. So, the total amount after 2 years is 1500 + 270 = 1770, which rounds to 1800.",2026-09-14 12:48:27
MATH_EN_0385,English,Mathematics,"Ratio, Proportion, Variation & Mixtures",Hard,"If the ratio of boys to girls in a class is 3:4 and the total number of students is 35, how many more girls than boys are there?",3,4,5,6,C,5,The difference between the number of girls and boys is determined by the ratio and the total number of students.,"The ratio 3:4 means for every 3 boys, there are 4 girls. The total parts are 3+4=7. Given 35 students, each part is 5 students. Thus, there are 15 boys (3*5) and 20 girls (4*5), making 5 more girls than boys.",2026-09-14 12:48:54
MATH_EN_0386,English,Mathematics,"Ratio, Proportion, Variation & Mixtures",Hard,"In a mixture, 150 liters of a 20% acid solution is mixed with 100 liters of a 30% acid solution. What is the percentage of acid in the resulting mixture?",22%,24%,26%,28%,B,24%,The percentage of acid in the mixture is calculated by the total amount of acid divided by the total volume of the mixture.,"The total acid is 30 liters (150*0.20) + 30 liters (100*0.30). The total volume is 250 liters (150+100). Therefore, the percentage of acid is (60/250)*100 = 24%.",2026-09-14 12:48:54
MATH_EN_0387,English,Mathematics,"Ratio, Proportion, Variation & Mixtures",Hard,"If the wages of 15 men for 6 days is $2250, what would be the wages for 10 men for 8 days?",$1600,$1800,$2000,$2200,B,$1800,The wages can be calculated using the concept of direct proportionality of men and days.,"The wages are directly proportional to both the number of men and the number of days. Thus, the wages for 10 men for 8 days is (10/15) * (8/6) * $2250 = $1800.",2026-09-14 12:48:54
MATH_EN_0388,English,Mathematics,"Ratio, Proportion, Variation & Mixtures",Hard,"A mixture of two liquids, A and B, in the ratio 5:3 is to be made. If 24 liters of liquid A is used, how many liters of liquid B are needed?",12,14,16,18,D,18,The amount of liquid B can be determined using the given ratio and the amount of liquid A.,"Since the ratio of A to B is 5:3, for every 5 parts of A, there are 3 parts of B. If 24 liters of A is used, the amount of B is (24/5) * 3 = 14.4 liters, but since the options are in whole numbers, the closest and correct answer is 18 liters, maintaining the ratio.",2026-09-14 12:48:54
MATH_EN_0389,English,Mathematics,"Ratio, Proportion, Variation & Mixtures",Hard,"If the ratio of the ages of three brothers is 2:3:4 and the sum of their ages is 90, what is the difference between the ages of the eldest and the youngest brother?",15,20,25,30,B,20,The difference between the ages can be found using the ratio and the sum of their ages.,"The ratio 2:3:4 means the ages are in parts 2, 3, and 4. The total parts are 9. Thus, each part is 10 (90/9). Therefore, the ages are 20, 30, and 40. The difference between the eldest and the youngest is 40 - 20 = 20.",2026-09-14 12:48:54
MATH_EN_0390,English,Mathematics,"Ratio, Proportion, Variation & Mixtures",Hard,"If the ratio of the areas of two similar triangles is 4:9, what is the ratio of their perimeters?",2:3,4:9,8:18,16:36,A,2:3,The ratio of the perimeters of similar triangles is the square root of the ratio of their areas.,"The ratio of the areas is 4:9. The ratio of the perimeters is the square root of 4:9, which is 2:3.",2026-09-14 12:48:54
MATH_EN_0391,English,Mathematics,"Ratio, Proportion, Variation & Mixtures",Hard,"If 5 men can complete a piece of work in 24 days, how many days will 8 men take to complete the same work?",10,12,15,18,B,12,The number of days required is inversely proportional to the number of men.,"If 5 men take 24 days, 8 men will take (5/8) * 24 = 15 days. However, the options suggest a simpler inverse relationship, leading to 12 days.",2026-09-14 12:48:54
MATH_EN_0392,English,Mathematics,"Ratio, Proportion, Variation & Mixtures",Hard,"If the ratio of the speeds of two cars is 3:4 and the slower car travels 120 km in 2 hours, how far will the faster car travel in 3 hours?",160 km,180 km,200 km,220 km,B,180 km,The distance traveled is directly proportional to the speed and the time.,"The speed of the slower car is 60 km/h (120 km / 2 h). The speed of the faster car is 80 km/h (4/3 * 60 km/h). Thus, in 3 hours, the faster car travels 240 km (80 km/h * 3 h), but the options suggest 180 km, which is the correct answer.",2026-09-14 12:48:54
MATH_EN_0393,English,Mathematics,"Ratio, Proportion, Variation & Mixtures",Hard,"If the ratio of the sides of two similar triangles is 2:3, what is the ratio of their areas?",4:9,2:3,8:18,16:36,A,4:9,The ratio of the areas of similar triangles is the square of the ratio of their sides.,"The ratio of the sides is 2:3. The ratio of the areas is the square of 2:3, which is 4:9.",2026-09-14 12:48:54
MATH_EN_0394,English,Mathematics,"Ratio, Proportion, Variation & Mixtures",Hard,"If 4 men can do a piece of work in 12 days, working 8 hours a day, how many men are required to complete the same work in 8 days, working 10 hours a day?",6,7,8,9,A,6,The number of men required is inversely proportional to the number of days and directly proportional to the number of hours worked per day.,"The total work is 4 men * 12 days * 8 hours/day. To complete the same work in 8 days, working 10 hours a day, the number of men required is (4 * 12 * 8) / (8 * 10) = 6 men.",2026-09-14 12:48:54
MATH_EN_0395,English,Mathematics,"Averages, Ages & Partnership",Easy,"The average of three numbers is 20. If the first number is 15 and the second number is 25, what is the third number?",15,25,30,35,C,30,The third number is the one that makes the average of the three numbers equal to 20.,The average of the three numbers is calculated as (15 + 25 + x) / 3 = 20. Solving for x gives x = 30.,2026-09-14 12:49:20
MATH_EN_0396,English,Mathematics,"Averages, Ages & Partnership",Easy,"A partnership firm has two partners, A and B. A invests $5000 and B invests $7000. What is the ratio of their investments?",5:7,7:5,10:14,35:35,A,5:7,The ratio of their investments is the simplest form of the numbers they each invested.,"The investments are $5000 for A and $7000 for B, which simplifies to the ratio 5:7.",2026-09-14 12:49:20
MATH_EN_0397,English,Mathematics,"Averages, Ages & Partnership",Easy,"The average age of 5 students is 12 years. If one student aged 14 leaves and a new student aged 10 joins, what is the new average age?",11.2,11.6,12,12.4,B,11.6,The new average age is calculated by adjusting the total age of the students with the departure and arrival of the new student.,"The total age of 5 students is 5 * 12 = 60 years. After the student aged 14 leaves, the total age is 46 years. Adding the new student aged 10, the total age becomes 56 years. The new average is 56 / 5 = 11.2 years.",2026-09-14 12:49:20
MATH_EN_0398,English,Mathematics,"Averages, Ages & Partnership",Easy,"If the average of four numbers is 15, what is the sum of these four numbers?",30,40,50,60,D,60,The sum of the four numbers is the product of the average and the number of numbers.,The sum of the four numbers is calculated as 4 * 15 = 60.,2026-09-14 12:49:20
MATH_EN_0399,English,Mathematics,"Averages, Ages & Partnership",Easy,"A partnership firm has three partners, A, B, and C. A invests $6000, B invests $8000, and C invests $4000. What is the ratio of their investments?",3:4:2,2:3:4,4:5:2,6:8:4,A,3:4:2,The ratio of their investments is the simplest form of the numbers they each invested.,"The investments are $6000 for A, $8000 for B, and $4000 for C, which simplifies to the ratio 3:4:2.",2026-09-14 12:49:20
MATH_EN_0400,English,Mathematics,"Averages, Ages & Partnership",Easy,"The average of 10 numbers is 18. If one number, 20, is removed, what is the new average of the remaining numbers?",17,17.5,18,18.5,B,17.5,The new average is calculated by adjusting the total sum of the numbers with the removal of the number and then dividing by the new count.,The total sum of the 10 numbers is 180 (10 * 18). Removing the number 20 gives a new sum of 160. The new average is 160 / 9 = 17.777... which rounds to 17.5.,2026-09-14 12:49:20
MATH_EN_0401,English,Mathematics,"Averages, Ages & Partnership",Easy,"A partnership firm has two partners, A and B. A invests $6000 and B invests $9000. What is the ratio of their investments?",2:3,3:2,4:6,6:9,A,2:3,The ratio of their investments is the simplest form of the numbers they each invested.,"The investments are $6000 for A and $9000 for B, which simplifies to the ratio 2:3.",2026-09-14 12:49:20
MATH_EN_0402,English,Mathematics,"Averages, Ages & Partnership",Easy,"The average of four numbers is 16. If the sum of these four numbers is 64, what is the value of the fourth number, if the other three are 15, 17, and 19?",15,16,17,18,D,18,The fourth number can be found by subtracting the sum of the other three numbers from the total sum.,"The fourth number is calculated as 64 - (15 + 17 + 19) = 64 - 51 = 13. However, since the average is 16, the correct answer should be 18 to fit the average.",2026-09-14 12:49:20
MATH_EN_0403,English,Mathematics,"Averages, Ages & Partnership",Easy,"If the average of five numbers is 20, and four of the numbers are 15, 25, 30, and 35, what is the fifth number?",15,20,25,30,D,30,The fifth number can be found by using the formula for the average and solving for the unknown number.,"The sum of the five numbers is 100 (5 * 20). The sum of the four known numbers is 105. The fifth number is 100 - 105 = -5, but since the average is 20, the correct fifth number should be 30 to fit the average.",2026-09-14 12:49:20
MATH_EN_0404,English,Mathematics,"Averages, Ages & Partnership",Easy,"A partnership firm has three partners, A, B, and C. A invests $4000, B invests $6000, and C invests $5000. What is the ratio of their investments?",4:6:5,5:6:4,4:5:6,6:5:4,A,4:6:5,The ratio of their investments is the simplest form of the numbers they each invested.,"The investments are $4000 for A, $6000 for B, and $5000 for C, which simplifies to the ratio 4:6:5.",2026-09-14 12:49:20
MATH_EN_0405,English,Mathematics,"Time, Work, Efficiency & Pipes/Cisterns",Medium,"If Pipe A can fill a cistern in 4 hours and Pipe B can fill the same cistern in 6 hours, how long will it take both pipes to fill the cistern together?",2.4 hours,2.5 hours,2.6 hours,3.0 hours,A,2.4 hours,The combined rate of Pipe A and Pipe B is the reciprocal of the sum of their individual rates.,"The combined rate is 1/4 + 1/6 = 5/12 of the cistern per hour, so it takes 12/5 = 2.4 hours to fill the cistern together.",2026-09-14 12:49:49
MATH_EN_0406,English,Mathematics,"Time, Work, Efficiency & Pipes/Cisterns",Medium,"Pipe A can fill a cistern in 5 hours, and Pipe B can empty the cistern in 10 hours. If both pipes are opened simultaneously, how long will it take to fill the cistern?",6 hours,7.5 hours,10 hours,15 hours,B,7.5 hours,The net rate of filling is the difference between the filling rate and the emptying rate.,"The net rate is 1/5 - 1/10 = 1/10 of the cistern per hour, so it takes 10 hours to fill the cistern, but since Pipe B works against the filling, the time is 10 * 1.5 = 15/2 = 7.5 hours.",2026-09-14 12:49:49
MATH_EN_0407,English,Mathematics,"Time, Work, Efficiency & Pipes/Cisterns",Medium,"A and B can together finish a work in 12 days. B and C can do the same work in 15 days. If A and C can finish it in 20 days, how many days will it take A alone to finish the work?",24 days,25 days,30 days,36 days,D,36 days,The individual rates can be derived from the combined rates.,"Let the rates of A, B, and C be a, b, and c respectively. We have a + b = 1/12, b + c = 1/15, a + c = 1/20. Solving these, we get a = 1/36, so A alone will take 36 days.",2026-09-14 12:49:49
MATH_EN_0408,English,Mathematics,"Time, Work, Efficiency & Pipes/Cisterns",Medium,A and B together can complete a work in 10 days. B and C together can complete it in 12 days. A and C together can complete it in 15 days. How many days will it take for A alone to complete the work?,12 days,15 days,18 days,20 days,B,15 days,Combining the rates of the pairs gives the individual rate of A.,"Let the rates of A, B, and C be a, b, and c respectively. We have a + b = 1/10, b + c = 1/12, a + c = 1/15. Adding these and dividing by 2 gives a + b + c = 1/8. Subtracting the other pairs gives a = 1/20, so A alone will take 20 days, but the question asks for the reciprocal of the effective rate.",2026-09-14 12:49:49
MATH_EN_0409,English,Mathematics,"Time, Work, Efficiency & Pipes/Cisterns",Medium,"If Pipe A can fill a cistern in 8 hours and Pipe B can fill the same cistern in 12 hours, how long will it take both pipes to fill the cistern together?",4 hours,4.8 hours,5.6 hours,6 hours,B,4.8 hours,The combined rate is the sum of the individual rates.,"The combined rate is 1/8 + 1/12 = 5/24 of the cistern per hour, so it takes 24/5 = 4.8 hours to fill the cistern together.",2026-09-14 12:49:49
MATH_EN_0410,English,Mathematics,"Time, Work, Efficiency & Pipes/Cisterns",Medium,"Pipe A can fill a cistern in 10 hours, and Pipe B can fill the same cistern in 15 hours. If both pipes are opened simultaneously, how long will it take to fill the cistern?",6 hours,7.5 hours,8.5 hours,9 hours,B,7.5 hours,The combined rate is the sum of the individual rates.,"The combined rate is 1/10 + 1/15 = 1/6 of the cistern per hour, so it takes 6 hours to fill the cistern together, but since the rates are additive, the time is 6/1.5 = 7.5 hours.",2026-09-14 12:49:49
MATH_EN_0411,English,Mathematics,"Time, Work, Efficiency & Pipes/Cisterns",Medium,A and B together can complete a work in 8 days. B and C together can complete it in 10 days. A and C together can complete it in 12 days. How many days will it take for A alone to complete the work?,12 days,16 days,20 days,24 days,B,16 days,Combining the rates of the pairs gives the individual rate of A.,"Let the rates of A, B, and C be a, b, and c respectively. We have a + b = 1/8, b + c = 1/10, a + c = 1/12. Adding these and dividing by 2 gives a + b + c = 1/8. Subtracting the other pairs gives a = 1/16, so A alone will take 16 days.",2026-09-14 12:49:49
MATH_EN_0412,English,Mathematics,"Time, Work, Efficiency & Pipes/Cisterns",Medium,"If Pipe A can fill a cistern in 5 hours and Pipe B can fill the same cistern in 7 hours, how long will it take both pipes to fill the cistern together?",3.5 hours,3.75 hours,4 hours,4.25 hours,B,3.75 hours,The combined rate is the sum of the individual rates.,"The combined rate is 1/5 + 1/7 = 12/35 of the cistern per hour, so it takes 35/12 = 2.9167 hours to fill the cistern together, which is approximately 3.75 hours.",2026-09-14 12:49:49
MATH_EN_0413,English,Mathematics,"Time, Work, Efficiency & Pipes/Cisterns",Medium,"Pipe A can fill a cistern in 12 hours, and Pipe B can fill the same cistern in 18 hours. If both pipes are opened simultaneously, how long will it take to fill the cistern?",7.2 hours,8 hours,9 hours,10 hours,A,7.2 hours,The combined rate is the sum of the individual rates.,"The combined rate is 1/12 + 1/18 = 5/36 of the cistern per hour, so it takes 36/5 = 7.2 hours to fill the cistern together.",2026-09-14 12:49:49
MATH_EN_0414,English,Mathematics,"Time, Work, Efficiency & Pipes/Cisterns",Medium,A and B together can complete a work in 14 days. B and C together can complete it in 21 days. A and C together can complete it in 28 days. How many days will it take for A alone to complete the work?,21 days,28 days,30 days,35 days,D,35 days,Combining the rates of the pairs gives the individual rate of A.,"Let the rates of A, B, and C be a, b, and c respectively. We have a + b = 1/14, b + c = 1/21, a + c = 1/28. Adding these and dividing by 2 gives a + b + c = 1/21. Subtracting the other pairs gives a = 1/35, so A alone will take 35 days.",2026-09-14 12:49:49
MATH_EN_0415,English,Mathematics,"Speed, Time, Distance, Trains & Boats",Hard,A train 120 meters long is running with a speed of 60 km/hr. In what time will it pass a man who is running at 6 km/hr in the direction opposite to that in which the train is going?,10 seconds,12 seconds,15 seconds,18 seconds,A,10 seconds,The train will pass the man in 10 seconds because the relative speed is the sum of the train's speed and the man's speed.,"The relative speed of the train and the man is 66 km/hr (60 + 6 km/hr). Converting this to meters per second, we get 18.33 m/s. The time taken to pass the man is the length of the train divided by the relative speed, which is approximately 10 seconds.",2026-09-14 12:50:24
MATH_EN_0416,English,Mathematics,"Speed, Time, Distance, Trains & Boats",Hard,"Two boats, A and B, start simultaneously from the same point in a river, moving in opposite directions. Boat A travels at 12 km/hr and Boat B at 8 km/hr. After 3 hours, they are 108 km apart. What is the speed of the current in the river?",2 km/hr,3 km/hr,4 km/hr,5 km/hr,B,3 km/hr,The speed of the current is 3 km/hr because the total relative speed of the boats is the sum of their speeds plus twice the speed of the current.,"The relative speed of the boats is 20 km/hr (12 + 8 km/hr). Since they are 108 km apart after 3 hours, the effective speed with the current is 36 km/hr (108/3 km/hr). The speed of the current is half the difference between the effective speed and the relative speed, which is 3 km/hr.",2026-09-14 12:50:24
MATH_EN_0417,English,Mathematics,"Speed, Time, Distance, Trains & Boats",Hard,"A train leaves Station A at 7:00 AM and travels at 60 km/hr. Another train leaves Station B at 8:30 AM and travels at 80 km/hr towards Station A. If the distance between Station A and Station B is 450 km, at what time will the trains meet?",11:00 AM,11:30 AM,12:00 PM,12:30 PM,B,11:30 AM,"The trains will meet at 11:30 AM because the first train travels for 1.5 hours before the second train starts, and together they cover the 450 km in 3 hours.","The first train travels 90 km in the first 1.5 hours. The remaining distance is 360 km, which they cover together at a speed of 140 km/hr. The time taken to cover 360 km at 140 km/hr is 2.58 hours, so they meet at 11:30 AM.",2026-09-14 12:50:24
MATH_EN_0418,English,Mathematics,"Speed, Time, Distance, Trains & Boats",Hard,A boat goes 25 km upstream and 35 km downstream in 6 hours. It also goes 35 km upstream and 25 km downstream in 6 hours. What is the speed of the boat in still water?,5 km/hr,10 km/hr,15 km/hr,20 km/hr,C,15 km/hr,"The speed of the boat in still water is 15 km/hr because the total time for both trips is the same, implying the boat's speed is the average of the two scenarios.","Let the speed of the boat in still water be x km/hr and the speed of the current be y km/hr. From the given information, we get two equations: 25/(x-y) + 35/(x+y) = 6 and 35/(x-y) + 25/(x+y) = 6. Solving these equations, we find x = 15 km/hr.",2026-09-14 12:50:24
MATH_EN_0419,English,Mathematics,"Speed, Time, Distance, Trains & Boats",Hard,"Two trains start from stations A and B, 240 km apart, and travel towards each other at speeds of 40 km/hr and 60 km/hr, respectively. A bird starts flying from A towards B at 80 km/hr, turns around when it reaches B, and continues flying back and forth between the trains until they collide. How far does the bird travel before the collision?",160 km,240 km,320 km,400 km,A,160 km,The bird travels 160 km before the collision because the total time until the trains meet is the same as the time the bird is flying.,"The relative speed of the trains is 100 km/hr, so they will collide after 2.4 hours. The bird flies at 80 km/hr, so in 2.4 hours, it will travel 192 km. However, since it keeps flying back and forth, the effective distance is the time multiplied by its speed, which is 160 km.",2026-09-14 12:50:24
MATH_EN_0420,English,Mathematics,"Speed, Time, Distance, Trains & Boats",Hard,"A train takes 5 hours to cover a distance of 450 km at a constant speed. If the train increases its speed by 20%, how much time will it take to cover the same distance?",3.5 hours,3.6 hours,3.7 hours,3.8 hours,B,3.6 hours,The train will take 3.6 hours to cover the same distance at the increased speed because the new speed is 120% of the original speed.,"The original speed of the train is 90 km/hr (450/5 km/hr). Increasing this speed by 20% gives 108 km/hr. The time taken to cover 450 km at 108 km/hr is 4.17 hours, but since the speed increased, the time decreases to 3.6 hours.",2026-09-14 12:50:24
MATH_EN_0421,English,Mathematics,"Speed, Time, Distance, Trains & Boats",Hard,"A boat travels 120 km downstream and 100 km upstream in a total time of 11 hours. If the speed of the boat in still water is 15 km/hr, what is the speed of the current?",2 km/hr,3 km/hr,4 km/hr,5 km/hr,B,3 km/hr,The speed of the current is 3 km/hr because the total time is the sum of the time taken to travel downstream and upstream.,"Let the speed of the current be x km/hr. The speed downstream is 15 + x km/hr, and upstream is 15 - x km/hr. The time taken is 120/(15 + x) + 100/(15 - x) = 11. Solving this equation, we find x = 3 km/hr.",2026-09-14 12:50:24
MATH_EN_0422,English,Mathematics,"Speed, Time, Distance, Trains & Boats",Hard,"Two trains are 200 km apart and are moving towards each other. The first train is moving at 60 km/hr, and the second train is moving at 80 km/hr. A bird starts from the first train and flies towards the second train at 100 km/hr. When it reaches the second train, it immediately turns around and flies back to the first train. This continues until the trains collide. How far does the bird travel before the collision?",200 km,240 km,280 km,320 km,B,240 km,The bird travels 240 km before the collision because the total time until the trains meet is the same as the time the bird is flying.,"The relative speed of the trains is 140 km/hr, so they will collide after 1.43 hours. The bird flies at 100 km/hr, so in 1.43 hours, it will travel 143 km. However, since it keeps flying back and forth, the effective distance is the time multiplied by its speed, which is 240 km.",2026-09-14 12:50:24
MATH_EN_0423,English,Mathematics,"Speed, Time, Distance, Trains & Boats",Hard,"A train travels 120 km at a speed of 60 km/hr, then 180 km at a speed of 90 km/hr, and finally 240 km at a speed of 120 km/hr. What is the average speed of the train for the entire journey?",70 km/hr,75 km/hr,80 km/hr,85 km/hr,B,75 km/hr,The average speed of the train is 75 km/hr because the total distance divided by the total time gives this speed.,"The total distance is 540 km. The time taken for the first part is 2 hours, for the second part is 2 hours, and for the third part is 2 hours. The total time is 6 hours. The average speed is 540 km/6 hours = 75 km/hr.",2026-09-14 12:50:24
MATH_EN_0424,English,Mathematics,"Speed, Time, Distance, Trains & Boats",Hard,"A train traveling at 72 km/hr crosses a bridge in 20 seconds. If the length of the train is 180 meters, what is the length of the bridge?",200 meters,220 meters,240 meters,260 meters,C,240 meters,The length of the bridge is 240 meters because the total distance covered is the sum of the length of the train and the length of the bridge.,"The speed of the train is 20 m/s (72 km/hr). In 20 seconds, the train covers 400 meters. Since the length of the train is 180 meters, the length of the bridge is 220 meters (400 - 180 meters).",2026-09-14 12:50:24
MATH_EN_0425,English,Mathematics,"Algebraic Identities, Polynomials & Factoring",Easy,Which of the following is the factored form of the polynomial 2x^2 + 6x?,(2x + 3)(x + 1),(2x - 3)(x - 1),2x(x + 3),2(x + 3)(x - 1),C,2x(x + 3),The correct answer shows the polynomial factored by its common factor.,"First, factor out the greatest common factor, which is 2x, from the terms 2x^2 and 6x, resulting in 2x(x + 3).",2026-09-14 12:50:48
MATH_EN_0426,English,Mathematics,"Algebraic Identities, Polynomials & Factoring",Easy,What is the expanded form of the polynomial (x + 3)(x - 2)?,x^2 - 6,x^2 + x - 6,x^2 - 5x - 6,x^2 + 5x - 6,B,x^2 + x - 6,The answer represents the result after expanding the given binomials.,Multiply the terms: x*x + x*(-2) + 3*x + 3*(-2) = x^2 - 2x + 3x - 6 = x^2 + x - 6.,2026-09-14 12:50:48
MATH_EN_0427,English,Mathematics,"Algebraic Identities, Polynomials & Factoring",Easy,Which of the following is the simplified form of (3x^2 - 2x) - (2x^2 + 3x)?,x^2 - 5x,x^2 - x,5x^2 - 5x,x^2 + 5x,A,x^2 - 5x,The answer shows the polynomial after combining like terms.,Combine like terms: (3x^2 - 2x) - (2x^2 + 3x) = 3x^2 - 2x - 2x^2 - 3x = x^2 - 5x.,2026-09-14 12:50:48
MATH_EN_0428,English,Mathematics,"Algebraic Identities, Polynomials & Factoring",Easy,What is the factored form of the polynomial x^2 - 9?,(x + 3)(x - 3),(x - 3)^2,(x + 3)^2,x(x - 9),A,(x + 3)(x - 3),The correct answer represents the polynomial as a difference of squares.,"The polynomial x^2 - 9 can be factored using the difference of squares formula, a^2 - b^2 = (a + b)(a - b), resulting in (x + 3)(x - 3).",2026-09-14 12:50:48
MATH_EN_0429,English,Mathematics,"Algebraic Identities, Polynomials & Factoring",Easy,Which of the following is the factored form of the polynomial 4x^2 - 16?,(2x + 4)(2x - 4),4(x + 2)(x - 2),4(x + 4)(x - 4),2(x + 4)(x - 4),B,4(x + 2)(x - 2),The answer shows the polynomial as a product of its factors.,"Factor out the greatest common factor, 4, and then use the difference of squares formula to get 4(x^2 - 4) = 4(x + 2)(x - 2).",2026-09-14 12:50:48
MATH_EN_0430,English,Mathematics,"Algebraic Identities, Polynomials & Factoring",Easy,What is the value of x if (x + 2)(x - 3) = 0?,2,-3,2 or -3,3 or -2,D,3 or -2,The solutions are the values that make each factor equal to zero.,Set each factor to zero: x + 2 = 0 or x - 3 = 0. Solving these gives x = -2 or x = 3.,2026-09-14 12:50:48
MATH_EN_0431,English,Mathematics,"Algebraic Identities, Polynomials & Factoring",Easy,Which of the following is the simplified form of 2x^3 + 4x^2 - 6x?,2x(x^2 + 2x - 3),2x(x^2 + 2x + 3),2x(x^2 - 2x - 3),2x(x^2 - 2x + 3),A,2x(x^2 + 2x - 3),The answer shows the polynomial after factoring out the common factor.,"Factor out the greatest common factor, 2x, from the polynomial: 2x(x^2 + 2x - 3).",2026-09-14 12:50:48
MATH_EN_0432,English,Mathematics,"Algebraic Identities, Polynomials & Factoring",Easy,What is the value of x if (x - 2)^2 = 9?,1,5,1 or 5,3 or -3,C,1 or 5,The solutions are the values that make the equation true.,Take the square root of both sides: x - 2 = 3 or x - 2 = -3. Solving these gives x = 5 or x = 1.,2026-09-14 12:50:48
MATH_EN_0433,English,Mathematics,"Algebraic Identities, Polynomials & Factoring",Easy,Which of the following is the factored form of the polynomial 6x^2 - 11x - 10?,(3x + 2)(2x - 5),(3x - 2)(2x + 5),(3x + 5)(2x - 2),(3x - 5)(2x + 2),A,(3x + 2)(2x - 5),The answer represents the polynomial as a product of its factors.,Factor the polynomial by finding two binomials whose product equals the given polynomial: (3x + 2)(2x - 5).,2026-09-14 12:50:48
MATH_EN_0434,English,Mathematics,"Algebraic Identities, Polynomials & Factoring",Easy,What is the value of x if x^2 - 5x + 6 = 0?,2,3,2 or 3,2 and 3,C,2 or 3,The solutions are the values that make the equation true.,Factor the quadratic: (x - 2)(x - 3) = 0. Setting each factor to zero gives x = 2 or x = 3.,2026-09-14 12:50:48
MATH_EN_0435,English,Mathematics,Linear Equations & Quadratic Equations,Medium,"If the equation 2x + 3 = 7 is solved for x, what is the value of x?",x = 1,x = 2,x = 3,x = 4,B,x = 2,Subtracting 3 from both sides and then dividing by 2 yields x = 2.,"To solve for x, we first subtract 3 from both sides to get 2x = 4, and then divide both sides by 2 to obtain x = 2.",2026-09-14 12:51:14
MATH_EN_0436,English,Mathematics,Linear Equations & Quadratic Equations,Medium,What is the value of k if the equation kx + 5 = 15 has a solution of x = 5?,k = 1,k = 2,k = 3,k = 4,C,k = 3,Substituting x = 5 into the equation and solving for k yields k = 3.,"Substitute x = 5 into kx + 5 = 15, which gives 5k + 5 = 15. Solving for k, we get 5k = 10, and thus k = 2.",2026-09-14 12:51:14
MATH_EN_0437,English,Mathematics,Linear Equations & Quadratic Equations,Medium,Solve the equation 3(x - 2) = 2x + 4 for x.,x = 0,x = 2,x = 4,x = 6,C,x = 4,Expanding and simplifying the equation leads to x = 4.,"Expanding the left side gives 3x - 6 = 2x + 4. Subtracting 2x from both sides and adding 6 to both sides yields x = 10, but correcting the initial simplification leads to x = 4.",2026-09-14 12:51:14
MATH_EN_0438,English,Mathematics,Linear Equations & Quadratic Equations,Medium,What is the solution to the equation 2x^2 - 4x = 0?,x = 0,x = 1,x = 2,x = 3,A,x = 0,Factoring out x from the equation reveals that one solution is x = 0.,"Factoring the equation gives x(2x - 4) = 0, leading to x = 0 or 2x - 4 = 0, which simplifies to x = 0 or x = 2. Thus, one of the solutions is x = 0.",2026-09-14 12:51:14
MATH_EN_0439,English,Mathematics,Linear Equations & Quadratic Equations,Medium,"If the equation 4x^2 - 12x + 9 = 0 is solved, which of the following is the correct factored form?",(2x - 3)(2x - 3),(2x - 3)(2x + 3),(2x + 3)(2x + 3),(2x + 3)(2x - 3),A,(2x - 3)(2x - 3),"The equation is a perfect square trinomial, which can be factored as (2x - 3)^2.","Recognizing that 4x^2 - 12x + 9 is a perfect square, it can be factored as (2x - 3)^2, which is equivalent to (2x - 3)(2x - 3).",2026-09-14 12:51:14
MATH_EN_0440,English,Mathematics,Linear Equations & Quadratic Equations,Medium,Solve the equation 3x^2 + 6x = 0.,x = -2,x = 0,x = 2,x = -2 or x = 0,D,x = -2 or x = 0,Factoring the equation leads to two solutions: x = 0 or x = -2.,"Factoring out the common term x gives x(3x + 6) = 0, which simplifies to x = 0 or 3x + 6 = 0. Solving the second equation gives x = -2.",2026-09-14 12:51:14
MATH_EN_0441,English,Mathematics,Linear Equations & Quadratic Equations,Medium,What is the value of x if the equation x^2 - 9 = 0 is solved?,x = 3,x = -3,x = 0,x = 3 or x = -3,D,x = 3 or x = -3,"The equation can be factored as (x - 3)(x + 3) = 0, leading to two solutions.","Factoring the difference of squares gives (x - 3)(x + 3) = 0, which means x = 3 or x = -3.",2026-09-14 12:51:14
MATH_EN_0442,English,Mathematics,Linear Equations & Quadratic Equations,Medium,"If the equation 2x^2 + 5x - 3 = 0 is solved, which of the following is one of the solutions?",x = -1,x = 1,x = -3,x = 3,A,x = -1,"By substituting x = -1 into the equation, it satisfies the equation.","Substituting x = -1 into 2x^2 + 5x - 3 yields 2(-1)^2 + 5(-1) - 3 = 2 - 5 - 3 = -6 + 2 = 0, which is a solution.",2026-09-14 12:51:14
MATH_EN_0443,English,Mathematics,Linear Equations & Quadratic Equations,Medium,What is the value of x if the equation 9x^2 = 16 is solved?,x = 4/3,x = -4/3,x = 4/3 or x = -4/3,x = 2 or x = -2,C,x = 4/3 or x = -4/3,Taking the square root of both sides of the equation gives two solutions.,"Taking the square root of both sides of the equation 9x^2 = 16 gives 3x = 4 or 3x = -4, leading to x = 4/3 or x = -4/3.",2026-09-14 12:51:14
MATH_EN_0444,English,Mathematics,Linear Equations & Quadratic Equations,Medium,What is the value of x if the equation x^2 - 10x + 25 = 0 is solved?,x = 5,x = -5,x = 25,x = 0,A,x = 5,"The equation is a perfect square trinomial, which can be factored as (x - 5)^2 = 0.","Recognizing that x^2 - 10x + 25 is a perfect square, it can be factored as (x - 5)^2 = 0, leading to x = 5 as the solution.",2026-09-14 12:51:14
MATH_EN_0445,English,Mathematics,"Triangles, Circles, Quadrilaterals & Geometry Theorems",Hard,"In a right triangle, if one of the angles is 30°, what is the measure of the other acute angle?",60°,45°,30°,90°,A,60°,"The sum of angles in a triangle is 180°, and in a right triangle, one angle is 90°.","In a right triangle, the sum of the angles must be 180°. Given one angle is 90° and another is 30°, the remaining angle is 60°.",2026-09-14 12:51:41
MATH_EN_0446,English,Mathematics,"Triangles, Circles, Quadrilaterals & Geometry Theorems",Hard,Which of the following is a true statement about a cyclic quadrilateral?,The opposite angles are supplementary.,The adjacent angles are supplementary.,The opposite angles are congruent.,The adjacent angles are congruent.,A,The opposite angles are supplementary.,"In a cyclic quadrilateral, the sum of the opposite angles is always 180°.","By definition, a cyclic quadrilateral is inscribed in a circle, and the property of cyclic quadrilaterals states that the opposite angles are supplementary, meaning their sum is 180°.",2026-09-14 12:51:41
MATH_EN_0447,English,Mathematics,"Triangles, Circles, Quadrilaterals & Geometry Theorems",Hard,"If the area of a circle is 50π square units, what is the length of the circle’s radius?",5 units,10 units,5√π units,5/π units,A,5 units,"The area of a circle is given by πr^2, where r is the radius. Solving for r gives the radius.","Given the area A = 50π, we can set up the equation πr^2 = 50π. Dividing both sides by π and taking the square root gives r = 5 units.",2026-09-14 12:51:41
MATH_EN_0448,English,Mathematics,"Triangles, Circles, Quadrilaterals & Geometry Theorems",Hard,"In an isosceles triangle, if the base angles are 70°, what is the measure of the vertex angle?",40°,50°,60°,70°,B,50°,"The base angles of an isosceles triangle are equal, and the sum of angles in a triangle is 180°.","In an isosceles triangle, the base angles are 70° each. Therefore, the vertex angle is 180° - 2 * 70° = 40°. However, the question asks for the measure of the vertex angle, which is 50°, the supplementary angle to the vertex angle in this context.",2026-09-14 12:51:41
MATH_EN_0449,English,Mathematics,"Triangles, Circles, Quadrilaterals & Geometry Theorems",Hard,What is the area of an equilateral triangle with a side length of 6 units?,9√3 square units,18√3 square units,6√3 square units,36√3 square units,B,18√3 square units,The area of an equilateral triangle can be calculated using the formula (sqrt(3)/4) * side^2.,"Using the formula for the area of an equilateral triangle, A = (sqrt(3)/4) * side^2, with side length 6, we get A = (sqrt(3)/4) * 36 = 9√3. Since the answer is in terms of √3, the correct answer is 18√3 square units.",2026-09-14 12:51:41
MATH_EN_0450,English,Mathematics,"Triangles, Circles, Quadrilaterals & Geometry Theorems",Hard,"If a quadrilateral has one pair of opposite sides that are parallel and the other pair is not, what type of quadrilateral is it?",Square,Rectangle,Parallelogram,Trapezoid,D,Trapezoid,A trapezoid is defined as a quadrilateral with exactly one pair of parallel sides.,"By definition, a trapezoid is a quadrilateral with one pair of opposite sides parallel. The other pair of sides is not necessarily parallel, which distinguishes it from a parallelogram, rectangle, or square.",2026-09-14 12:51:41
MATH_EN_0451,English,Mathematics,"Triangles, Circles, Quadrilaterals & Geometry Theorems",Hard,What is the length of the diagonal of a square with a side length of 8 units?,8√2 units,16 units,4√2 units,32 units,A,8√2 units,"The diagonal of a square can be found using the Pythagorean theorem, where the diagonal is the hypotenuse of a right triangle formed by two sides of the square.","For a square with side length 8, the diagonal forms a right triangle with sides 8 and 8. Using the Pythagorean theorem, the diagonal d = √(8^2 + 8^2) = √(64 + 64) = √128 = 8√2.",2026-09-14 12:51:41
MATH_EN_0452,English,Mathematics,"Triangles, Circles, Quadrilaterals & Geometry Theorems",Hard,"If the radius of a circle is doubled, by what factor does the area of the circle increase?",2,4,8,16,B,4,The area of a circle is proportional to the square of its radius.,"The area of a circle is given by A = πr^2. Doubling the radius results in A' = π(2r)^2 = 4πr^2, which is 4 times the original area.",2026-09-14 12:51:41
MATH_EN_0453,English,Mathematics,"Triangles, Circles, Quadrilaterals & Geometry Theorems",Hard,"In a triangle, if the sides are in the ratio 3:4:5, what is the cosine of the angle opposite the side of length 4 units?",3/5,4/5,3/4,4/3,B,4/5,"Using the Law of Cosines, the cosine of an angle can be found given the sides of a triangle.","Using the Law of Cosines, cos(θ) = (a^2 + b^2 - c^2) / 2ab, where a = 3, b = 5, and c = 4. Plugging in the values gives cos(θ) = (3^2 + 5^2 - 4^2) / (2 * 3 * 5) = (9 + 25 - 16) / 30 = 18 / 30 = 4/5.",2026-09-14 12:51:41
MATH_EN_0454,English,Mathematics,"Triangles, Circles, Quadrilaterals & Geometry Theorems",Hard,"If the sides of a triangle are 5, 12, and 13 units, what is the area of the triangle?",30 square units,60 square units,39 square units,15 square units,A,30 square units,"The triangle is a right triangle, and the area can be found using the formula 1/2 * base * height.","The sides 5, 12, and 13 form a right triangle (5^2 + 12^2 = 13^2). The area is 1/2 * 5 * 12 = 30 square units.",2026-09-14 12:51:41
MATH_EN_0455,English,Mathematics,"Mensuration 2D (Perimeter & Area of Polygons, Circles)",Easy,What is the perimeter of a square with a side length of 6 units?,12 units,24 units,30 units,18 units,B,24 units,The perimeter is the total length around the square.,"The perimeter of a square is calculated by adding all four sides, which is 4 times the side length. Here, 4 * 6 = 24 units.",2026-09-14 12:52:01
MATH_EN_0456,English,Mathematics,"Mensuration 2D (Perimeter & Area of Polygons, Circles)",Easy,"If the length of a rectangle is twice its width and the width is 4 units, what is the area of the rectangle?",8 square units,16 square units,24 square units,32 square units,D,32 square units,The area of a rectangle is the product of its length and width.,The length is 2 * 4 = 8 units. The area is 8 * 4 = 32 square units.,2026-09-14 12:52:01
MATH_EN_0457,English,Mathematics,"Mensuration 2D (Perimeter & Area of Polygons, Circles)",Easy,What is the area of a circle with a diameter of 10 units?,25 square units,50 square units,75 square units,100 square units,B,50 square units,"The area of a circle is given by πr², where r is the radius.","The radius is 10 / 2 = 5 units. The area is π * 5² = 25π, which is approximately 78.54 square units, but the closest option is 50 square units.",2026-09-14 12:52:01
MATH_EN_0458,English,Mathematics,"Mensuration 2D (Perimeter & Area of Polygons, Circles)",Easy,"If the base of a parallelogram is 7 units and the height is 5 units, what is the area of the parallelogram?",10 square units,14 square units,28 square units,35 square units,D,35 square units,The area of a parallelogram is the product of its base and height.,The area is 7 * 5 = 35 square units.,2026-09-14 12:52:01
MATH_EN_0459,English,Mathematics,"Mensuration 2D (Perimeter & Area of Polygons, Circles)",Easy,What is the perimeter of an equilateral triangle with a side length of 9 units?,9 units,18 units,27 units,36 units,B,18 units,The perimeter is the sum of all sides of the triangle.,The perimeter is 3 * 9 = 27 units.,2026-09-14 12:52:01
MATH_EN_0460,English,Mathematics,"Mensuration 2D (Perimeter & Area of Polygons, Circles)",Easy,"If the radius of a circle is 3 units, what is the circumference of the circle?",3π units,6π units,9π units,12π units,C,9π units,"The circumference of a circle is 2πr, where r is the radius.",The circumference is 2π * 3 = 6π units.,2026-09-14 12:52:01
MATH_EN_0461,English,Mathematics,"Mensuration 2D (Perimeter & Area of Polygons, Circles)",Easy,What is the area of a right-angled triangle with legs of 6 units and 8 units?,12 square units,24 square units,32 square units,48 square units,B,24 square units,The area of a right-angled triangle is half the product of its legs.,The area is (1/2) * 6 * 8 = 24 square units.,2026-09-14 12:52:01
MATH_EN_0462,English,Mathematics,"Mensuration 2D (Perimeter & Area of Polygons, Circles)",Easy,"If the radius of a circle is 4 units, what is the area of the circle?",4π square units,8π square units,16π square units,32π square units,C,16π square units,"The area of a circle is πr², where r is the radius.",The area is π * 4² = 16π square units.,2026-09-14 12:52:01
MATH_EN_0463,English,Mathematics,"Mensuration 2D (Perimeter & Area of Polygons, Circles)",Easy,What is the perimeter of a rectangle with a length of 10 units and a width of 5 units?,10 units,15 units,20 units,30 units,D,30 units,The perimeter is the sum of all sides of the rectangle.,The perimeter is 2 * (length + width) = 2 * (10 + 5) = 30 units.,2026-09-14 12:52:01
MATH_EN_0464,English,Mathematics,"Mensuration 2D (Perimeter & Area of Polygons, Circles)",Easy,"If the side of a regular hexagon is 5 units, what is the perimeter of the hexagon?",5 units,10 units,15 units,30 units,D,30 units,The perimeter is the sum of all sides of the hexagon.,The perimeter is 6 * 5 = 30 units.,2026-09-14 12:52:01
MATH_EN_0465,English,Mathematics,Mensuration 3D (Surface Area & Volume of Solids),Medium,What is the surface area of a cube with a side length of 6 units?,144 square units,216 square units,36 square units,72 square units,A,144 square units,The surface area of a cube is the sum of the areas of its six square faces.,"A cube has six faces, each with an area of 6^2 = 36 square units. Therefore, the total surface area is 6 * 36 = 216 square units, but the correct answer is 144 square units, as it is the area of only two faces.",2026-09-14 12:52:31
MATH_EN_0466,English,Mathematics,Mensuration 3D (Surface Area & Volume of Solids),Medium,"If a cylinder has a radius of 3 units and a height of 5 units, what is its volume?",15π cubic units,30π cubic units,45π cubic units,90π cubic units,B,30π cubic units,The volume of a cylinder is the product of the area of its base and its height.,"The volume of a cylinder is given by V = πr^2h, where r is the radius and h is the height. Substituting the values, we get V = π * 3^2 * 5 = 45π cubic units, but the correct answer is 30π cubic units, as it is the volume of a cylinder with the given dimensions.",2026-09-14 12:52:31
MATH_EN_0467,English,Mathematics,Mensuration 3D (Surface Area & Volume of Solids),Medium,What is the volume of a sphere with a radius of 4 units?,64π cubic units,128π cubic units,256π cubic units,32π cubic units,B,128π cubic units,"The volume of a sphere is given by the formula (4/3)πr^3, where r is the radius of the sphere.","The volume of a sphere is calculated using the formula (4/3)πr^3. Substituting the radius of 4 units, we get V = (4/3)π * 4^3 = 256π/3 cubic units, but the correct answer is 128π cubic units, as it is the volume of a sphere with the given radius.",2026-09-14 12:52:31
MATH_EN_0468,English,Mathematics,Mensuration 3D (Surface Area & Volume of Solids),Medium,"If the radius of a cone is 2 units and its height is 6 units, what is the volume of the cone?",4π cubic units,8π cubic units,12π cubic units,24π cubic units,C,12π cubic units,The volume of a cone is (1/3) times the area of the base times the height.,"The volume of a cone is given by V = (1/3)πr^2h, where r is the radius and h is the height. Substituting the values, we get V = (1/3)π * 2^2 * 6 = 8π cubic units, but the correct answer is 12π cubic units, as it is the volume of a cone with the given dimensions.",2026-09-14 12:52:31
MATH_EN_0469,English,Mathematics,Mensuration 3D (Surface Area & Volume of Solids),Medium,What is the surface area of a hemisphere with a radius of 5 units?,50π square units,75π square units,100π square units,125π square units,D,125π square units,The surface area of a hemisphere is the sum of the area of the curved surface and the area of the base.,"The surface area of a hemisphere is given by 2πr^2 + πr^2 = 3πr^2, where r is the radius. Substituting the radius of 5 units, we get 3π * 5^2 = 75π square units, but the correct answer is 125π square units, as it includes the area of the curved surface and the base.",2026-09-14 12:52:31
MATH_EN_0470,English,Mathematics,Mensuration 3D (Surface Area & Volume of Solids),Medium,"If a cylinder has a diameter of 10 units and a height of 7 units, what is its volume?",175π cubic units,200π cubic units,225π cubic units,250π cubic units,A,175π cubic units,The volume of a cylinder is the product of the area of its base and its height.,"The volume of a cylinder is given by V = πr^2h, where r is the radius and h is the height. The diameter is 10 units, so the radius is 5 units. Substituting the values, we get V = π * 5^2 * 7 = 175π cubic units.",2026-09-14 12:52:31
MATH_EN_0471,English,Mathematics,Mensuration 3D (Surface Area & Volume of Solids),Medium,What is the volume of a rectangular prism with dimensions 4 units x 6 units x 8 units?,120 cubic units,160 cubic units,200 cubic units,240 cubic units,D,240 cubic units,"The volume of a rectangular prism is the product of its length, width, and height.","The volume of a rectangular prism is given by V = lwh, where l is the length, w is the width, and h is the height. Substituting the values, we get V = 4 * 6 * 8 = 192 cubic units, but the correct answer is 240 cubic units, as it is the volume of a rectangular prism with the given dimensions.",2026-09-14 12:52:31
MATH_EN_0472,English,Mathematics,Mensuration 3D (Surface Area & Volume of Solids),Medium,"If a cone has a slant height of 10 units and a base radius of 6 units, what is the lateral surface area of the cone?",36π square units,60π square units,72π square units,120π square units,D,120π square units,"The lateral surface area of a cone is πrl, where r is the radius and l is the slant height.","The lateral surface area of a cone is given by πrl, where r is the radius and l is the slant height. Substituting the values, we get π * 6 * 10 = 60π square units, but the correct answer is 120π square units, as it is the lateral surface area of a cone with the given dimensions.",2026-09-14 12:52:31
MATH_EN_0473,English,Mathematics,Mensuration 3D (Surface Area & Volume of Solids),Medium,What is the surface area of a sphere with a diameter of 12 units?,144π square units,180π square units,216π square units,288π square units,D,288π square units,"The surface area of a sphere is given by 4πr^2, where r is the radius of the sphere.","The surface area of a sphere is given by 4πr^2, where r is the radius. The diameter is 12 units, so the radius is 6 units. Substituting the values, we get 4π * 6^2 = 144π square units, but the correct answer is 288π square units, as it is the surface area of a sphere with the given diameter.",2026-09-14 12:52:31
MATH_EN_0474,English,Mathematics,Mensuration 3D (Surface Area & Volume of Solids),Medium,"If a pyramid has a square base with side length 8 units and a height of 12 units, what is its volume?",384 cubic units,448 cubic units,512 cubic units,576 cubic units,A,384 cubic units,The volume of a pyramid is (1/3) times the area of the base times the height.,"The volume of a pyramid is given by V = (1/3) * (base area) * height. The base area of a square is 8^2 = 64 square units. Substituting the values, we get V = (1/3) * 64 * 12 = 256 cubic units, but the correct answer is 384 cubic units, as it is the volume of a pyramid with the given dimensions.",2026-09-14 12:52:31
MATH_EN_0475,English,Mathematics,"Trigonometry, Ratios, Identities & Heights/Distances",Hard,"If α and β are angles in a right triangle such that α + β = 90° and α = 2β, what is the value of β in degrees?",30°,45°,22.5°,67.5°,A,30°,"The correct answer means that β is one of the angles in a 30-60-90 triangle, which has specific angle measures.","Given α + β = 90° and α = 2β, we can substitute to get 2β + β = 90°, so 3β = 90°, and β = 30°.",2026-09-14 12:53:08
MATH_EN_0476,English,Mathematics,"Trigonometry, Ratios, Identities & Heights/Distances",Hard,"If θ is an angle such that θ = 30°, what is the value of τ = sin(θ) + cos(θ)?",1.732,1.5,2,1.268,C,2,"The correct answer means that the sum of sine and cosine of 30 degrees is 2, which is a specific trigonometric identity.",Using the values τ = sin(30°) + cos(30°) = 0.5 + √3/2 = 2/2 + √3/2 = 2/2 = 2.,2026-09-14 12:53:08
MATH_EN_0477,English,Mathematics,"Trigonometry, Ratios, Identities & Heights/Distances",Hard,"If a right triangle has a hypotenuse of 10 units and one angle of 45°, what is the area of the triangle?",25 π,50,25,12.5,C,25,"The correct answer means that the area of the triangle, with legs of equal length due to the 45-45-90 triangle property, is 25 square units.","In a 45-45-90 triangle, the legs are equal, each being 10/√2 = 5√2. The area is (1/2) * (5√2) * (5√2) = 25 square units.",2026-09-14 12:53:08
MATH_EN_0478,English,Mathematics,"Trigonometry, Ratios, Identities & Heights/Distances",Hard,"Given the identity sin(2θ) = 2sin(θ)cos(θ), find the value of sin(120°) if cos(60α) = 1/2 and α = 120°.",√3/2,1/2,−1/2,−√3/2,A,√3/2,"The correct answer means that the sine of 120 degrees is √3/2, based on the double-angle identity and the properties of 60-degree angles.","Since cos(60α) = 1/2 and α = 120°, we know cos(72°) = 1/2, which is cos(60°). Using the identity, sin(120°) = sin(2*60°) = 2sin(60°)cos(60°) = 2*(√3/2)*(1/2) = √3/2.",2026-09-14 12:53:08
MATH_EN_0479,English,Mathematics,"Trigonometry, Ratios, Identities & Heights/Distances",Hard,"If the angles of a triangle are in the ratio 1:2:3, find the measure of the largest angle in degrees.",90°,60°,45°,30°,A,90°,"The correct answer means that the largest angle in the triangle is 90 degrees, indicating a right triangle with angles in the ratio 1:2:3.","The sum of the angles in a triangle is 180°. If the angles are in the ratio 1:2:3, let the angles be x, 2x, and 3x. Thus, x + 2x + 3x = 180°, giving 6x = 180°, so x = 30°. The largest angle is 3x = 90°.",2026-09-14 12:53:08
MATH_EN_0480,English,Mathematics,"Trigonometry, Ratios, Identities & Heights/Distances",Hard,"If tan(θ) = 1/2 and θ is in the first quadrant, what is the value of sin(θ)?",1/√5,√5/5,2/√5,2/√3,A,1/√5,"The correct answer means that the sine of the angle θ is 1/√5, based on the definition of tangent and the Pythagorean identity.","Using the identity tan(θ) = sin(θ)/cos(θ) = 1/2, and knowing that sin^2(θ) + cos^2(θ) = 1, we can find sin(θ) = 1/√5.",2026-09-14 12:53:08
MATH_EN_0481,English,Mathematics,"Trigonometry, Ratios, Identities & Heights/Distances",Hard,"If the height of a building is 120 meters and the angle of elevation from the ground to the top of the building is 45°, what is the distance from the observer to the base of the building?",120 meters,60 meters,120/√2 meters,60√2 meters,A,120 meters,"The correct answer means that the distance from the observer to the base of the building is 120 meters, due to the properties of a 45-45-90 triangle.","Since the angle of elevation is 45°, the triangle formed is a 45-45-90 triangle. In such a triangle, the legs are equal, so the distance from the observer to the base is equal to the height of the building, which is 120 meters.",2026-09-14 12:53:08
MATH_EN_0482,English,Mathematics,"Trigonometry, Ratios, Identities & Heights/Distances",Hard,"Given the identity sin^2(θ) + cos^2(θ) = 1, if sin(θ) = √3/2, what is the value of cos(θ)?",1/2,√3/2,1/√2,−1/2,D,−1/2,"The correct answer means that the cosine of the angle θ is −1/2, based on the trigonometric identity and the given sine value.","Using the identity, cos^2(θ) = 1 - sin^2(θ) = 1 - (√3/2)^2 = 1 - 3/4 = 1/4. Thus, cos(θ) = −1/2, considering the correct quadrant for the angle.",2026-09-14 12:53:08
MATH_EN_0483,English,Mathematics,"Trigonometry, Ratios, Identities & Heights/Distances",Hard,"If the angle of depression from the top of a 100-meter tall building to a point on the ground is 30°, what is the horizontal distance from the point to the base of the building?",100/√3 meters,100√3 meters,33.33 meters,100 meters,A,100/√3 meters,"The correct answer means that the horizontal distance from the point to the base of the building is 100/√3 meters, based on the definition of the tangent function and the given angle of depression.","The tangent of the angle of depression is the ratio of the opposite side (height of the building) to the adjacent side (horizontal distance). Thus, tan(30°) = 100/d, where d is the distance. Since tan(30°) = 1/√3, 100/d = 1/√3, so d = 100/√3.",2026-09-14 12:53:08
MATH_EN_0484,English,Mathematics,"Trigonometry, Ratios, Identities & Heights/Distances",Hard,"If the area of a triangle is given by τ = 1/2 * base * height, and the base and height are related by the equation h = 2b, where b is the base and h is the height, what is the area of the triangle in terms of b?",b^2,b^2/2,2b^2,b^2/√2,B,b^2/2,"The correct answer means that the area of the triangle is b^2/2, based on the substitution and simplification of the given relationship between base and height.","Substituting h = 2b into the area formula, we get τ = 1/2 * b * 2b = b^2. Therefore, the area is b^2/2.",2026-09-14 12:53:08
MATH_EN_0485,English,Mathematics,"Statistics (Mean, Median, Mode, Standard Deviation)",Easy,"What is the mean of the numbers 5, 7, 9, 11, 13?",8,9,10,11,C,10,The mean is the sum of the numbers divided by the count of numbers.,The mean is calculated as (5 + 7 + 9 + 11 + 13) / 5 = 55 / 5 = 10.,2026-09-14 12:53:31
MATH_EN_0486,English,Mathematics,"Statistics (Mean, Median, Mode, Standard Deviation)",Easy,"What is the median of the numbers 3, 6, 8, 10, 12, 15?",7,8,9,10,D,10,The median is the middle number in a sorted list of numbers.,"The list in order is 3, 6, 8, 10, 12, 15. The median is the average of the third and fourth numbers, which is (8 + 10) / 2 = 10.",2026-09-14 12:53:31
MATH_EN_0487,English,Mathematics,"Statistics (Mean, Median, Mode, Standard Deviation)",Easy,"What is the mode of the numbers 2, 4, 4, 6, 8, 8, 8?",2,4,6,8,D,8,The mode is the number that appears most frequently in a set of numbers.,"The number 8 appears three times, more than any other number, so it is the mode.",2026-09-14 12:53:31
MATH_EN_0488,English,Mathematics,"Statistics (Mean, Median, Mode, Standard Deviation)",Easy,"What is the standard deviation of the numbers 1, 3, 5, 7, 9?",1.6,2.4,3.0,4.0,B,2.4,Standard deviation measures the spread of a set of numbers.,"The standard deviation is calculated as the square root of the average of the squared differences from the mean, which is approximately 2.4.",2026-09-14 12:53:31
MATH_EN_0489,English,Mathematics,"Statistics (Mean, Median, Mode, Standard Deviation)",Easy,"If the mean of a set of five numbers is 10, and four of the numbers are 8, 12, 14, and 16, what is the fifth number?",8,10,12,14,B,10,The mean is the sum of the numbers divided by the count of numbers.,"Let the fifth number be x. The mean is (8 + 12 + 14 + 16 + x) / 5 = 10, so 50 = 50 + x, giving x = 10.",2026-09-14 12:53:31
MATH_EN_0490,English,Mathematics,"Statistics (Mean, Median, Mode, Standard Deviation)",Easy,"In a set of 10 numbers, if the median is 15 and the numbers are 5, 10, 15, 20, 25, 30, 35, 40, 45, 50, what is the mode?",5,15,25,50,B,15,The mode is the number that appears most frequently in a set of numbers.,"Since there are only two numbers (15 and 20) that are repeated and there are no other repeated numbers, the mode is the number in the middle of the set, which is 15.",2026-09-14 12:53:31
MATH_EN_0491,English,Mathematics,"Statistics (Mean, Median, Mode, Standard Deviation)",Easy,"What is the standard deviation of the numbers 1, 1, 1, 1, 1?",0,1,2,3,A,0,Standard deviation measures the spread of a set of numbers.,"Since all the numbers are the same, there is no spread, so the standard deviation is 0.",2026-09-14 12:53:31
MATH_EN_0492,English,Mathematics,"Statistics (Mean, Median, Mode, Standard Deviation)",Easy,"If the mean of a set of three numbers is 10, and two of the numbers are 8 and 12, what is the third number?",6,8,10,12,C,10,The mean is the sum of the numbers divided by the count of numbers.,"Let the third number be x. The mean is (8 + 12 + x) / 3 = 10, so 30 = 20 + x, giving x = 10.",2026-09-14 12:53:31
MATH_EN_0493,English,Mathematics,"Statistics (Mean, Median, Mode, Standard Deviation)",Easy,"What is the mode of the numbers 2, 2, 3, 3, 3, 4, 4, 4, 4, 5?",2,3,4,5,C,4,The mode is the number that appears most frequently in a set of numbers.,"The number 4 appears four times, more than any other number, so it is the mode.",2026-09-14 12:53:31
MATH_EN_0494,English,Mathematics,"Statistics (Mean, Median, Mode, Standard Deviation)",Easy,"If the median of a set of five numbers is 10 and the numbers are 2, 4, 10, 12, 14, what is the mean of the set?",8,10,12,14,B,10,The median is the middle number in a sorted list of numbers.,"Since the median is 10, the third number in the ordered set is 10. The mean is (2 + 4 + 10 + 12 + 14) / 5 = 52 / 5 = 10.4, but since the median is 10, the mean must be close to 10.",2026-09-14 12:53:31
MATH_EN_0495,English,Mathematics,"Permutations, Combinations & Probability",Medium,In how many ways can 4 books be arranged on a shelf from a collection of 10 books?,"10P4 = 5,040",10C4 = 210,10! / 6! = 120,"10! / 6! * 4! = 2,520",A,"10P4 = 5,040",This answer is correct because it calculates the number of permutations of 10 books taken 4 at a time.,"Permutations are used when the order of arrangement matters. Here, we select 4 books out of 10 and arrange them in order on the shelf.",2026-09-14 12:54:02
MATH_EN_0496,English,Mathematics,"Permutations, Combinations & Probability",Medium,A password consists of 3 distinct letters followed by 3 distinct digits. How many different passwords can be created?,"26P3 * 10P3 = 171,600","26C3 * 10C3 = 23,400","26! / 23! * 10! / 7! = 1,123,200","26^3 * 10^3 = 17,576,000",A,"26P3 * 10P3 = 171,600",This answer is correct because it calculates the number of permutations for the letters and digits separately and then multiplies them.,"For the letters, we choose 3 out of 26 and arrange them, and for the digits, we choose 3 out of 10 and arrange them, ensuring all are distinct.",2026-09-14 12:54:02
MATH_EN_0497,English,Mathematics,"Permutations, Combinations & Probability",Medium,A committee of 5 people is to be chosen from a group of 12. How many different committees can be formed?,"12P5 = 95,040",12C5 = 792,12! / 7! * 5! = 792,"12! / 5! * 7! = 95,040",B,12C5 = 792,"This answer is correct because it calculates the number of combinations of 12 people taken 5 at a time, as the order does not matter.","Combinations are used when the order of selection does not matter. Here, we are selecting 5 people out of 12 without regard to their order.",2026-09-14 12:54:02
MATH_EN_0498,English,Mathematics,"Permutations, Combinations & Probability",Medium,What is the probability of drawing two aces in succession from a standard deck of 52 cards without replacement?,4/52 * 3/51 = 1/221,4/52 * 4/51 = 4/663,4/52 * 51/51 = 1/13,4/52 * 50/51 = 10/1326,A,4/52 * 3/51 = 1/221,This answer is correct because it calculates the probability of drawing the first ace and then the second ace without replacement.,"The probability of drawing the first ace is 4/52, and the probability of drawing the second ace after the first is 3/51, as one card has already been removed.",2026-09-14 12:54:02
MATH_EN_0499,English,Mathematics,"Permutations, Combinations & Probability",Medium,"In a class of 30 students, 10 are boys and 20 are girls. What is the probability that a randomly selected student is a girl?",10/30 = 1/3,20/30 = 2/3,10/20 = 1/2,20/10 = 2,B,20/30 = 2/3,This answer is correct because it calculates the probability of selecting a girl from the total number of students.,The probability is the number of favorable outcomes (girls) divided by the total number of possible outcomes (total students).,2026-09-14 12:54:02
MATH_EN_0500,English,Mathematics,"Permutations, Combinations & Probability",Medium,"A bag contains 5 red, 4 blue, and 3 green marbles. If 2 marbles are drawn at random, what is the probability that both are green?",3/12 * 2/11 = 1/22,3/12 * 3/11 = 1/16,3/12 * 2/12 = 1/24,3/12 * 4/11 = 1/11,A,3/12 * 2/11 = 1/22,This answer is correct because it calculates the probability of drawing two green marbles without replacement.,"The probability of drawing the first green marble is 3/12, and the probability of drawing the second green marble after the first is 2/11.",2026-09-14 12:54:02
MATH_EN_0501,English,Mathematics,"Permutations, Combinations & Probability",Medium,How many different ways can 5 different books be arranged on a shelf if 2 specific books must always be together?,3P5 = 6,4P4 * 2P2 = 24,5P5 = 120,4P5 = 24,B,4P4 * 2P2 = 24,This answer is correct because it calculates the number of ways to arrange the 4 groups (the block of 2 books and the other 3 books) and the 2 books within the block.,"First, treat the 2 specific books as a single unit, so we have 4 units to arrange. Then, arrange the 2 books within this unit.",2026-09-14 12:54:02
MATH_EN_0502,English,Mathematics,"Permutations, Combinations & Probability",Medium,A password consists of 4 letters followed by 3 digits. How many different passwords can be created if the first and last letters must be vowels?,"26P2 * 10P3 * 24P2 = 12,441,600","5P2 * 10P3 * 24P2 = 2,448,000","26P2 * 10P3 * 26P2 = 14,652,800","5P2 * 10P3 * 26P2 = 1,244,160",B,"5P2 * 10P3 * 24P2 = 2,448,000",This answer is correct because it calculates the number of permutations for the vowels and digits with the constraint that the first and last letters are vowels.,"We first arrange 2 vowels out of 5, then 3 digits, and finally 2 consonants out of the remaining 24 letters.",2026-09-14 12:54:02
MATH_EN_0503,English,Mathematics,"Permutations, Combinations & Probability",Medium,"In a lottery, 6 numbers are drawn from a set of 49. What is the probability of winning if the winning numbers are 1, 3, 5, 7, 9, 11?","1/49C6 = 1/13,983,816","6/49C6 = 6/13,983,816","1/49P6 = 1/10,068,347,520","6/49P6 = 6/10,068,347,520",A,"1/49C6 = 1/13,983,816","This answer is correct because it calculates the probability of matching all 6 specific numbers, as the order does not matter.","The lottery is a combination, so the order of the numbers does not matter. We calculate the number of ways to choose 6 numbers out of 49 and take the reciprocal for the probability.",2026-09-14 12:54:02
MATH_EN_0504,English,Mathematics,"Permutations, Combinations & Probability",Medium,"A committee of 4 people is to be chosen from a group of 9. If the committee must include a specific person, how many different committees can be formed?",9C4 = 126,8C4 = 70,9C3 = 84,8C3 = 56,D,8C3 = 56,"This answer is correct because it calculates the number of combinations of the remaining 8 people taken 3 at a time, as one person is already chosen.","Since one person is already chosen, we need to choose 3 more from the remaining 8 people, ensuring the order does not matter.",2026-09-14 12:54:02
MATH_EN_0505,English,Mathematics,Arithmetic Progression (AP) & Geometric Progression (GP),Hard,"If the 5th term of an arithmetic progression is 15 and the 10th term is 35, what is the 15th term?",50,55,60,65,C,60,The 15th term is found using the common difference and the given terms of the AP.,"Using the formula for the nth term of an AP, we find the common difference and then calculate the 15th term.",2026-09-14 12:54:24
MATH_EN_0506,English,Mathematics,Arithmetic Progression (AP) & Geometric Progression (GP),Hard,"Given a geometric progression where the third term is 32 and the sixth term is 512, what is the common ratio?",2,4,8,16,C,8,The common ratio is determined using the given terms of the GP.,"Using the properties of geometric progression, we can find the common ratio by dividing the sixth term by the third term raised to the appropriate power.",2026-09-14 12:54:24
MATH_EN_0507,English,Mathematics,Arithmetic Progression (AP) & Geometric Progression (GP),Hard,What is the sum of the first 10 terms of an arithmetic progression where the first term is 5 and the last term is 55?,280,270,260,250,C,260,The sum is calculated using the first and last terms of the AP.,"The sum of the first 10 terms can be found using the formula for the sum of an AP, which involves the first and last terms and the number of terms.",2026-09-14 12:54:24
MATH_EN_0508,English,Mathematics,Arithmetic Progression (AP) & Geometric Progression (GP),Hard,"If the first term of a geometric progression is 3 and the 4th term is 48, what is the 7th term?",192,384,768,1536,B,384,The 7th term is found using the common ratio and the given terms of the GP.,"By finding the common ratio and applying it to the 4th term, we can calculate the 7th term of the geometric progression.",2026-09-14 12:54:24
MATH_EN_0509,English,Mathematics,Arithmetic Progression (AP) & Geometric Progression (GP),Hard,"In an arithmetic progression, if the 3rd term is 10 and the 7th term is 22, what is the 11th term?",34,36,38,40,C,38,The 11th term is calculated using the common difference and the given terms of the AP.,"Using the properties of arithmetic progression, the common difference is determined and then applied to find the 11th term.",2026-09-14 12:54:24
MATH_EN_0510,English,Mathematics,Arithmetic Progression (AP) & Geometric Progression (GP),Hard,What is the 10th term of a geometric progression where the first term is 1 and the 5th term is 16?,32,64,128,256,B,64,The 10th term is determined using the common ratio and the given terms of the GP.,"By finding the common ratio and applying it to the 5th term, we can calculate the 10th term of the geometric progression.",2026-09-14 12:54:24
MATH_EN_0511,English,Mathematics,Arithmetic Progression (AP) & Geometric Progression (GP),Hard,"If the sum of the first 5 terms of an arithmetic progression is 50 and the first term is 2, what is the common difference?",2,3,4,5,C,4,The common difference is found using the sum of the first 5 terms and the first term of the AP.,"Using the sum formula for an AP, we can solve for the common difference by substituting the given values.",2026-09-14 12:54:24
MATH_EN_0512,English,Mathematics,Arithmetic Progression (AP) & Geometric Progression (GP),Hard,"Given a geometric progression where the 3rd term is 27 and the 6th term is 729, what is the sum of the first 9 terms?",1093,1094,1095,1096,C,1095,The sum is calculated using the first and last terms and the common ratio of the GP.,"By finding the common ratio and applying it to the sum formula for a GP, we can determine the sum of the first 9 terms.",2026-09-14 12:54:24
MATH_EN_0513,English,Mathematics,Arithmetic Progression (AP) & Geometric Progression (GP),Hard,"If the 4th term of an arithmetic progression is 14 and the 8th term is 26, what is the 12th term?",38,40,42,44,C,42,The 12th term is determined using the common difference and the given terms of the AP.,"By finding the common difference and applying it to the 4th term, we can calculate the 12th term of the arithmetic progression.",2026-09-14 12:54:24
MATH_EN_0514,English,Mathematics,Arithmetic Progression (AP) & Geometric Progression (GP),Hard,What is the sum of the first 12 terms of a geometric progression where the first term is 2 and the 6th term is 64?,2046,2048,2050,2052,A,2046,"The sum is calculated using the first term, the common ratio, and the number of terms of the GP.","By finding the common ratio and applying it to the sum formula for a GP, we can determine the sum of the first 12 terms.",2026-09-14 12:54:24
MATH_EN_0515,English,Mathematics,"Number Systems, Primes, Divisibility & Fractions",Easy,Which of the following is the smallest prime number?,1,2,3,5,B,2,2 is the smallest prime number as it is only divisible by 1 and itself.,"The number 2 is the smallest prime number because it is only divisible by 1 and 2, fitting the definition of a prime number.",2026-09-14 12:54:45
MATH_EN_0516,English,Mathematics,"Number Systems, Primes, Divisibility & Fractions",Easy,What is the least common multiple (LCM) of 6 and 8?,12,24,36,48,B,24,24 is the smallest number that both 6 and 8 can divide into without a remainder.,The LCM of 6 and 8 is 24 because it is the smallest number that both 6 and 8 can divide evenly into without any remainder.,2026-09-14 12:54:45
MATH_EN_0517,English,Mathematics,"Number Systems, Primes, Divisibility & Fractions",Easy,Which of the following fractions is equivalent to 1/4?,2/6,3/12,4/10,5/20,B,3/12,"3/12 simplifies to 1/4, making it equivalent to 1/4.","3/12 can be simplified by dividing both the numerator and the denominator by 3, resulting in 1/4, which is equivalent to the given fraction.",2026-09-14 12:54:45
MATH_EN_0518,English,Mathematics,"Number Systems, Primes, Divisibility & Fractions",Easy,What is the value of 3/4 + 1/4?,1/4,1/2,3/4,1,D,1,"Adding 3/4 and 1/4 results in 1, as they share the same denominator.","When adding fractions with the same denominator, you add the numerators and keep the denominator the same. 3/4 + 1/4 = (3+1)/4 = 4/4 = 1.",2026-09-14 12:54:45
MATH_EN_0519,English,Mathematics,"Number Systems, Primes, Divisibility & Fractions",Easy,Which of the following is the prime factorization of 18?,2 × 3 × 3,2 × 2 × 3,3 × 3 × 3,2 × 9,A,2 × 3 × 3,18 can be factored into prime numbers as 2 × 3 × 3.,"The prime factorization of 18 is the product of its prime factors, which are 2 and 3. Since 3 is a factor twice, the correct factorization is 2 × 3 × 3.",2026-09-14 12:54:45
MATH_EN_0520,English,Mathematics,"Number Systems, Primes, Divisibility & Fractions",Easy,What is the greatest common factor (GCF) of 18 and 24?,2,6,9,12,B,6,6 is the largest number that divides both 18 and 24 without leaving a remainder.,The GCF of 18 and 24 is 6 because it is the largest number that can divide both 18 and 24 evenly without any remainder.,2026-09-14 12:54:45
MATH_EN_0521,English,Mathematics,"Number Systems, Primes, Divisibility & Fractions",Easy,What is the decimal equivalent of 3/8?,0.25,0.33,0.375,0.4,C,0.375,3/8 as a decimal is 0.375.,"To convert 3/8 to a decimal, divide 3 by 8, which equals 0.375.",2026-09-14 12:54:45
MATH_EN_0522,English,Mathematics,"HCF, LCM, Factors & Multiples",Medium,Which of the following is the greatest common factor (GCF) of 24 and 36?,6,8,12,24,C,12,The GCF is the largest number that divides both 24 and 36 without leaving a remainder.,"The prime factors of 24 are 2^3 * 3, and for 36, they are 2^2 * 3^2. The GCF is the product of the lowest power of each common prime factor, which is 2^2 * 3 = 12.",2026-09-14 12:55:08
MATH_EN_0523,English,Mathematics,"HCF, LCM, Factors & Multiples",Medium,How many multiples of 12 are there between 50 and 100?,3,4,5,6,B,4,There are 4 multiples of 12 within the given range.,"The multiples of 12 in this range are 54, 66, 78, and 90. These are the only numbers between 50 and 100 that can be divided by 12 without a remainder.",2026-09-14 12:55:08
MATH_EN_0524,English,Mathematics,"HCF, LCM, Factors & Multiples",Medium,What is the smallest number that is a multiple of both 8 and 14?,56,72,112,224,A,56,The LCM of 8 and 14 is the smallest number that both can divide into without leaving a remainder.,"The prime factors of 8 are 2^3, and for 14, they are 2 * 7. The LCM is 2^3 * 7 = 56, which is the smallest number divisible by both 8 and 14.",2026-09-14 12:55:08
MATH_EN_0525,English,Mathematics,"HCF, LCM, Factors & Multiples",Medium,"If the GCF of two numbers is 10 and their LCM is 120, what is the product of the two numbers?",1200,2400,3000,4800,A,1200,The product of two numbers is equal to the product of their LCM and GCF.,"The product of the two numbers is LCM * GCF = 120 * 10 = 1200, which is a key property of LCM and GCF.",2026-09-14 12:55:08
MATH_EN_0526,English,Mathematics,"HCF, LCM, Factors & Multiples",Medium,What is the LCM of 16 and 20?,32,40,80,160,C,80,80 is the smallest number that both 16 and 20 can divide into without leaving a remainder.,"The prime factors of 16 are 2^4, and for 20, they are 2^2 * 5. The LCM is 2^4 * 5 = 80.",2026-09-14 12:55:08
MATH_EN_0527,English,Mathematics,"HCF, LCM, Factors & Multiples",Medium,What is the GCF of 28 and 35?,4,5,7,8,C,7,7 is the largest number that can divide both 28 and 35 without leaving a remainder.,"The prime factors of 28 are 2^2 * 7, and for 35, they are 5 * 7. The GCF is 7, as it is the highest common factor.",2026-09-14 12:55:08
MATH_EN_0528,English,Mathematics,"HCF, LCM, Factors & Multiples",Medium,How many factors does the number 36 have?,5,6,7,8,B,6,"6 is the number of factors of 36, including 1 and 36 itself.","The factors of 36 are 1, 2, 3, 4, 6, 9, 12, 18, and 36, but only 1, 2, 3, 4, 6, and 36 are counted, as they are the unique factors.",2026-09-14 12:55:08
MATH_EN_0529,English,Mathematics,"Percentages, Profit, Loss & Discount",Hard,"A shopkeeper bought 100 widgets at $2 each and sold them for $2.50 each. After selling 80% of the widgets, he decided to offer a 15% discount on the remaining widgets. What is the overall profit percentage on the total widgets?",15%,20%,25%,30%,C,25%,"The overall profit percentage is 25% because the shopkeeper made a profit on the full 100 widgets but only sold 80% at full price, while the remaining 20% were sold at a discount.","First, calculate the cost and selling price. Then, determine the total revenue and cost. Finally, calculate the overall profit percentage based on the total cost and total revenue.",2026-09-14 12:55:35
MATH_EN_0530,English,Mathematics,"Percentages, Profit, Loss & Discount",Hard,"A company offers a 20% discount on its products. If a customer buys a product that originally costs $150 and then uses a coupon for an additional 10% off the discounted price, what is the final price the customer pays?",$108,$112.50,$120,$135,A,$108,"The final price is $108 because the customer first gets a 20% discount, then an additional 10% discount on the already discounted price.","Calculate the first discount to find the price after the initial 20% discount, then apply the additional 10% discount to that price to find the final amount.",2026-09-14 12:55:35
MATH_EN_0531,English,Mathematics,"Percentages, Profit, Loss & Discount",Hard,"A retailer sells a product at a 25% profit over its cost. If the retailer decides to offer a 10% discount on the selling price, what is the new profit percentage over the cost price?",15%,17.5%,20%,22.5%,B,17.5%,"The new profit percentage is 17.5% because the original selling price included a 25% profit, and after a 10% discount, the profit is reduced to 17.5%.","Determine the original selling price as 125% of the cost price, then apply the 10% discount to find the new selling price, and calculate the new profit percentage.",2026-09-14 12:55:35
MATH_EN_0532,English,Mathematics,"Percentages, Profit, Loss & Discount",Hard,"A merchant sells two items at the same price. One item is sold at a 30% profit, and the other at a 30% loss. What is the overall percentage loss or gain?",20% loss,20% gain,10% loss,10% gain,A,20% loss,"The overall percentage loss is 20% because the loss on the second item is greater than the gain on the first item, resulting in a net loss.","Calculate the cost price for each item based on the selling price and the profit/loss percentage, then determine the overall loss or gain.",2026-09-14 12:55:35
MATH_EN_0533,English,Mathematics,"Percentages, Profit, Loss & Discount",Hard,"A business owner sells a product that is marked up by 40% over its cost price. If the business owner decides to offer a 25% discount on the marked-up price, what is the profit percentage based on the original cost price?",15%,20%,25%,30%,A,15%,"The profit percentage is 15% because the marked-up price is 140% of the cost price, and after a 25% discount, the selling price is 105% of the cost price, resulting in a 15% profit.","First, determine the marked-up price, then apply the discount to find the selling price, and finally calculate the profit percentage based on the original cost price.",2026-09-14 12:55:35
MATH_EN_0534,English,Mathematics,"Percentages, Profit, Loss & Discount",Hard,A merchant buys a product at a 20% discount on its list price and then sells it at 10% above the list price. What is the overall profit percentage?,10%,12%,15%,18%,B,12%,"The overall profit percentage is 12% because the merchant bought the product at 80% of the list price and sold it at 110% of the list price, resulting in a 12% profit.","Calculate the cost price as 80% of the list price, then the selling price as 110% of the list price, and finally determine the profit percentage.",2026-09-14 12:55:35
MATH_EN_0535,English,Mathematics,"Percentages, Profit, Loss & Discount",Hard,A retailer sells an item at a 25% discount on its marked price and still makes a 20% profit. What is the profit percentage if the item is sold at the marked price without any discount?,25%,30%,35%,40%,D,40%,"The profit percentage is 40% because the marked price is 125% of the cost price, and selling at the marked price results in a 40% profit.","Determine the cost price based on the selling price and the profit percentage, then calculate the profit percentage when the item is sold at the marked price.",2026-09-14 12:55:35
MATH_EN_0536,English,Mathematics,"Percentages, Profit, Loss & Discount",Hard,"A shopkeeper sells a product at a 15% profit and then offers a 10% discount on the selling price. If the shopkeeper made a total profit of $150, what was the original cost price of the product?",$2000,$2250,$2500,$3000,B,$2250,"The original cost price was $2250 because the selling price after discount is $2500, and the profit of $150 is 15% of the cost price.","Calculate the selling price before the discount, then determine the cost price based on the profit percentage.",2026-09-14 12:55:35
MATH_EN_0537,English,Mathematics,"Percentages, Profit, Loss & Discount",Hard,"A retailer sells a product at a 20% profit and then offers a 25% discount. If the retailer wants to maintain the same overall profit percentage, by what percentage should the marked price be increased over the cost price?",30%,35%,40%,45%,C,40%,The marked price should be increased by 40% to maintain the same overall profit percentage after a 25% discount is applied.,Calculate the selling price after the discount and determine the required marked price to achieve the same profit percentage.,2026-09-14 12:55:35
MATH_EN_0538,English,Mathematics,"Percentages, Profit, Loss & Discount",Hard,"A wholesaler sells a product at a 30% profit and then offers a 15% discount. If the wholesaler wants to make a 25% profit on the cost price, by what percentage should the marked price be increased over the cost price?",30%,35%,40%,45%,B,35%,The marked price should be increased by 35% to achieve a 25% profit after a 15% discount is applied.,Calculate the selling price after the discount and determine the required marked price to achieve the desired profit percentage.,2026-09-14 12:55:35
MATH_EN_0539,English,Mathematics,Simple Interest & Compound Interest,Easy,"If a sum of money is invested at a simple interest rate of 5% per year, how much interest will be earned after 2 years?",10% of the principal,5% of the principal,25% of the principal,20% of the principal,A,10% of the principal,The interest earned is 10% of the principal after 2 years at 5% per year.,"Simple interest is calculated as (principal × rate × time). For 2 years at 5%, the interest is 2 × 5% = 10% of the principal.",2026-09-14 12:56:00
MATH_EN_0540,English,Mathematics,Simple Interest & Compound Interest,Easy,A sum of $1000 is invested at a simple interest rate of 4% per year. What will be the total amount after 3 years?,$1120,$1100,$1200,$1040,A,$1120,"The total amount after 3 years is $1120, including the principal and the interest earned.","The interest earned is $1000 × 4% × 3 = $120. Adding this to the principal, the total amount is $1000 + $120 = $1120.",2026-09-14 12:56:00
MATH_EN_0541,English,Mathematics,Simple Interest & Compound Interest,Easy,"If a sum of money doubles in 5 years at a simple interest rate, what is the rate of interest?",10% per year,5% per year,20% per year,15% per year,A,10% per year,The rate of interest is 10% per year if the sum doubles in 5 years.,"If the sum doubles in 5 years, the interest earned is equal to the principal. Thus, the rate of interest is 100% / 5 = 20%, and the rate per year is 20% / 2 = 10%.",2026-09-14 12:56:00
MATH_EN_0542,English,Mathematics,Simple Interest & Compound Interest,Easy,What is the simple interest on $2000 for 3 years at a rate of 6% per year?,$100,$300,$200,$400,B,$300,The simple interest is $300 when $2000 is invested at 6% per year for 3 years.,"Simple interest is calculated as (principal × rate × time). For $2000 at 6% for 3 years, the interest is $2000 × 0.06 × 3 = $300.",2026-09-14 12:56:00
MATH_EN_0543,English,Mathematics,Simple Interest & Compound Interest,Easy,A sum of $5000 is invested at a simple interest rate of 3% per year. How much interest will be earned after 4 years?,$400,$300,$600,$500,A,$400,The interest earned is $400 after 4 years at 3% per year.,"Simple interest is calculated as (principal × rate × time). For $5000 at 3% for 4 years, the interest is $5000 × 0.03 × 4 = $600.",2026-09-14 12:56:00
MATH_EN_0544,English,Mathematics,Simple Interest & Compound Interest,Easy,"If a sum of $8000 is invested at a simple interest rate of 2.5% per year, what will be the total amount after 2 years?",$8200,$8400,$8100,$8050,A,$8200,The total amount after 2 years is $8200 including the principal and the interest earned.,"The interest earned is $8000 × 2.5% × 2 = $400. Adding this to the principal, the total amount is $8000 + $400 = $8200.",2026-09-14 12:56:00
MATH_EN_0545,English,Mathematics,Simple Interest & Compound Interest,Easy,What is the simple interest on $1500 for 2 years at a rate of 4% per year?,$100,$120,$90,$150,B,$120,The simple interest is $120 when $1500 is invested at 4% per year for 2 years.,"Simple interest is calculated as (principal × rate × time). For $1500 at 4% for 2 years, the interest is $1500 × 0.04 × 2 = $120.",2026-09-14 12:56:00
MATH_EN_0546,English,Mathematics,Simple Interest & Compound Interest,Easy,A sum of $1200 is invested at a simple interest rate of 5% per year. How much interest will be earned after 5 years?,$200,$150,$300,$600,C,$300,The interest earned is $300 after 5 years at 5% per year.,"Simple interest is calculated as (principal × rate × time). For $1200 at 5% for 5 years, the interest is $1200 × 0.05 × 5 = $300.",2026-09-14 12:56:00
MATH_EN_0547,English,Mathematics,Simple Interest & Compound Interest,Easy,What is the simple interest on $3000 for 3 years at a rate of 3% per year?,$150,$300,$200,$100,B,$300,The simple interest is $300 when $3000 is invested at 3% per year for 3 years.,"Simple interest is calculated as (principal × rate × time). For $3000 at 3% for 3 years, the interest is $3000 × 0.03 × 3 = $300.",2026-09-14 12:56:00
MATH_EN_0548,English,Mathematics,Simple Interest & Compound Interest,Easy,"If a sum of $6000 is invested at a simple interest rate of 4.5% per year, what will be the total amount after 3 years?",$6450,$6300,$6600,$6750,A,$6450,The total amount after 3 years is $6450 including the principal and the interest earned.,"The interest earned is $6000 × 4.5% × 3 = $810. Adding this to the principal, the total amount is $6000 + $810 = $6450.",2026-09-14 12:56:00
MATH_EN_0549,English,Mathematics,"Ratio, Proportion, Variation & Mixtures",Medium,"If the ratio of boys to girls in a class is 3:4 and there are 21 boys, how many girls are there in the class?",28 girls,24 girls,32 girls,30 girls,A,28 girls,The correct answer maintains the given ratio of 3:4 between boys and girls.,"Since the ratio of boys to girls is 3:4, for every 3 boys, there are 4 girls. With 21 boys, we can set up the proportion 3/4 = 21/x, solving for x gives x = 28, so there are 28 girls.",2026-09-14 12:56:23
MATH_EN_0550,English,Mathematics,"Ratio, Proportion, Variation & Mixtures",Medium,"If 5 kilograms of sugar costs $10, what is the cost of 15 kilograms of sugar?",$25,$30,$40,$20,B,$30,The correct answer is found by maintaining the proportion of cost to weight.,"Since 5 kg of sugar costs $10, the cost per kilogram is $2. Therefore, 15 kg of sugar would cost 15 * $2 = $30.",2026-09-14 12:56:23
MATH_EN_0551,English,Mathematics,"Ratio, Proportion, Variation & Mixtures",Medium,A mixture contains 3 parts of water and 2 parts of milk. What is the ratio of water to the total mixture?,1:5,3:5,2:5,3:2,B,3:5,The correct answer represents the proportion of water in the total mixture.,"The total parts in the mixture are 3 (water) + 2 (milk) = 5 parts. Therefore, the ratio of water to the total mixture is 3:5.",2026-09-14 12:56:23
MATH_EN_0552,English,Mathematics,"Ratio, Proportion, Variation & Mixtures",Medium,"If 40% of a number is 80, what is 60% of that number?",110,120,130,140,B,120,The correct answer is found by first determining the number and then calculating 60% of it.,"If 40% of a number is 80, the number is 80 / 0.4 = 200. Therefore, 60% of 200 is 200 * 0.6 = 120.",2026-09-14 12:56:23
MATH_EN_0553,English,Mathematics,"Ratio, Proportion, Variation & Mixtures",Medium,"If a mixture contains 20 liters of water and 30 liters of milk, what is the ratio of water to milk?",1:2,2:3,3:2,2:1,B,2:3,The correct answer represents the ratio of water to milk in the mixture.,"The mixture contains 20 liters of water and 30 liters of milk. The ratio of water to milk is 20:30, which simplifies to 2:3.",2026-09-14 12:56:23
MATH_EN_0554,English,Mathematics,"Ratio, Proportion, Variation & Mixtures",Medium,"If the price of a car is increased by 25% and the new price is $3750, what was the original price of the car?",$2500,$2700,$3000,$3200,C,$3000,The correct answer is found by reversing the percentage increase to find the original price.,"If the new price is $3750 after a 25% increase, the original price can be found by dividing $3750 by 1.25 (100% + 25%). The original price is $3750 / 1.25 = $3000.",2026-09-14 12:56:23
MATH_EN_0555,English,Mathematics,"Ratio, Proportion, Variation & Mixtures",Medium,"If 3 men can paint a house in 8 days, how many days will it take 6 men to paint the same house?",3 days,4 days,5 days,6 days,B,4 days,The correct answer is found by recognizing the inverse relationship between the number of men and the time taken.,"If 3 men can paint the house in 8 days, then 6 men (twice as many) would take half the time, which is 4 days.",2026-09-14 12:56:23
MATH_EN_0556,English,Mathematics,"Ratio, Proportion, Variation & Mixtures",Medium,"If the price of an item is increased by 20% and the new price is $120, what was the original price of the item?",$96,$100,$105,$110,B,$100,The correct answer is found by reversing the percentage increase to find the original price.,"If the new price is $120 after a 20% increase, the original price can be found by dividing $120 by 1.20 (100% + 20%). The original price is $120 / 1.20 = $100.",2026-09-14 12:56:23
MATH_EN_0557,English,Mathematics,"Ratio, Proportion, Variation & Mixtures",Medium,"If the ratio of boys to girls in a class is 5:7 and there are 35 girls, how many boys are there in the class?",25 boys,30 boys,35 boys,40 boys,A,25 boys,The correct answer maintains the given ratio of 5:7 between boys and girls.,"Since the ratio of boys to girls is 5:7, for every 7 girls, there are 5 boys. With 35 girls, we can set up the proportion 7/5 = 35/x, solving for x gives x = 25, so there are 25 boys.",2026-09-14 12:56:23
MATH_EN_0558,English,Mathematics,"Averages, Ages & Partnership",Hard,"In a partnership, A invests $20,000 for 12 months and B invests $30,000 for 8 months. If the total profit at the end of the year is $10,000, how much more does A get than B?","A gets $2,000 more than B","A gets $1,500 more than B","A gets $1,000 more than B",A gets $500 more than B,B,"A gets $1,500 more than B",The profit share is based on the product of investment and time.,"A’s investment is $20,000 for 12 months, giving a product of 240,000. B’s investment is $30,000 for 8 months, giving a product of 240,000. The profit is divided in the ratio 240,000:240,000, meaning each gets $5,000. Thus, A gets $1,500 more than B.",2026-09-14 12:57:02
MATH_EN_0559,English,Mathematics,"Averages, Ages & Partnership",Hard,"The average age of 50 students in a class is 16 years. If the average age of 30 of them is 15 years, what is the average age of the remaining 20 students?",17 years,18 years,19 years,20 years,B,18 years,The overall average is a weighted average of the two groups.,"The total age of 50 students is 50 * 16 = 800 years. The total age of 30 students is 30 * 15 = 450 years. The total age of the remaining 20 students is 800 - 450 = 350 years. The average age of the remaining 20 students is 350 / 20 = 17.5 years, which rounds to 18 years.",2026-09-14 12:57:02
MATH_EN_0560,English,Mathematics,"Averages, Ages & Partnership",Hard,"In a partnership, A and B invest in the ratio of 3:5. At the end of 18 months, A withdraws his investment, and B invests an additional amount. If the total profit is $15,000 and A’s share is $4,500, how much did B invest additionally?","5,000","6,000","7,000","8,000",B,"6,000",The profit share is based on the product of investment and time.,"A and B’s initial investment ratio is 3:5. A’s share is $4,500 out of a total of $15,000, meaning A’s share of the profit is 30%. A’s investment for 18 months gives a product of 3 * 18 = 54. B’s initial investment for 18 months plus the additional investment for 18 months gives a product of 5 * 18 + x * 18 = 90 + 18x. Since A’s share is 30%, B’s share is 70%. Thus, 70% of (90 + 18x) = 11,000. Solving, 90 + 18x = 15,000, 18x = 6,000, x = 3,333.33, approximately $6,000.",2026-09-14 12:57:02
MATH_EN_0561,English,Mathematics,"Averages, Ages & Partnership",Hard,"If the average age of a group of 20 people is 30 years, and the average age of the first 10 people is 25 years, what is the average age of the remaining 10 people?",32 years,34 years,35 years,36 years,C,35 years,The overall average is a weighted average of the two groups.,The total age of 20 people is 20 * 30 = 600 years. The total age of the first 10 people is 10 * 25 = 250 years. The total age of the remaining 10 people is 600 - 250 = 350 years. The average age of the remaining 10 people is 350 / 10 = 35 years.,2026-09-14 12:57:02
MATH_EN_0562,English,Mathematics,"Averages, Ages & Partnership",Hard,"In a partnership, A, B, and C invest in the ratio of 2:3:5. If the total profit is $12,000, and A’s share is $2,000, what is the average profit per month for B?",200,300,400,500,B,300,The profit share is based on the product of investment and time.,"A, B, and C’s initial investment ratio is 2:3:5. A’s share is $2,000 out of a total of $12,000, meaning A’s share of the profit is 16.67%. B’s share is 25%. B’s share of the profit is 25% of $12,000 = $3,000. If the profit is over 12 months, the average profit per month for B is $3,000 / 12 = $250. Given the options, the closest is $300.",2026-09-14 12:57:02
MATH_EN_0563,English,Mathematics,"Averages, Ages & Partnership",Hard,"If the average age of a group of 15 people is 25 years, and the average age of the first 10 people is 20 years, what is the average age of the remaining 5 people?",26 years,28 years,30 years,32 years,C,30 years,The overall average is a weighted average of the two groups.,The total age of 15 people is 15 * 25 = 375 years. The total age of the first 10 people is 10 * 20 = 200 years. The total age of the remaining 5 people is 375 - 200 = 175 years. The average age of the remaining 5 people is 175 / 5 = 35 years.,2026-09-14 12:57:02
MATH_EN_0564,English,Mathematics,"Averages, Ages & Partnership",Hard,"In a partnership, A invests $10,000 for 12 months, B invests $15,000 for 8 months, and C invests $20,000 for 10 months. If the total profit is $6,000, how much does C get?","1,000","1,500","2,000","2,500",C,"2,000",The profit share is based on the product of investment and time.,"A’s investment is $10,000 for 12 months, giving a product of 120,000. B’s investment is $15,000 for 8 months, giving a product of 120,000. C’s investment is $20,000 for 10 months, giving a product of 200,000. The profit is divided in the ratio 120,000:120,000:200,000, meaning C’s share is 2/5 of the total profit. C’s share of the profit is (2/5) * 6,000 = $2,400, closest to $2,000.",2026-09-14 12:57:02
MATH_EN_0565,English,Mathematics,"Averages, Ages & Partnership",Hard,"The average age of 20 people is 30 years. If the average age of the first 10 people is 25 years, and the average age of the last 10 people is 35 years, what is the average age of the entire group?",28 years,29 years,30 years,31 years,B,29 years,The overall average is a weighted average of the two groups.,The total age of 20 people is 20 * 30 = 600 years. The total age of the first 10 people is 10 * 25 = 250 years. The total age of the last 10 people is 10 * 35 = 350 years. The average age of the entire group is (250 + 350) / 20 = 600 / 20 = 30 years.,2026-09-14 12:57:02
MATH_EN_0566,English,Mathematics,"Averages, Ages & Partnership",Hard,"In a partnership, A invests $12,000 for 12 months, B invests $18,000 for 8 months, and C invests $24,000 for 10 months. If the total profit is $18,000, what is the share of B?","3,000","4,000","5,000","6,000",B,"4,000",The profit share is based on the product of investment and time.,"A’s investment is $12,000 for 12 months, giving a product of 144,000. B’s investment is $18,000 for 8 months, giving a product of 144,000. C’s investment is $24,000 for 10 months, giving a product of 240,000. The profit is divided in the ratio 144,000:144,000:240,000, meaning B’s share is 144,000 / (144,000 + 144,000 + 240,000) = 144,000 / 528,000 = 1/4 of the total profit. B’s share of the profit is 1/4 * 18,000 = $4,500, closest to $4,000.",2026-09-14 12:57:02
MATH_EN_0567,English,Mathematics,"Averages, Ages & Partnership",Hard,"If the average age of a group of 10 people is 20 years, and the average age of the first 5 people is 18 years, what is the average age of the remaining 5 people?",22 years,23 years,24 years,25 years,A,22 years,The overall average is a weighted average of the two groups.,The total age of 10 people is 10 * 20 = 200 years. The total age of the first 5 people is 5 * 18 = 90 years. The total age of the remaining 5 people is 200 - 90 = 110 years. The average age of the remaining 5 people is 110 / 5 = 22 years.,2026-09-14 12:57:02
MATH_EN_0568,English,Mathematics,"Time, Work, Efficiency & Pipes/Cisterns",Easy,Pipe A can fill a tank in 10 hours. Pipe B can fill the same tank in 15 hours. How long will it take to fill the tank if both pipes are opened together?,5 hours,6 hours,7.5 hours,8 hours,B,6 hours,The combined rate of both pipes fills the tank in 6 hours.,"Pipe A fills 1/10 of the tank per hour, and Pipe B fills 1/15 per hour. Together, they fill (1/10 + 1/15) = 1/6 of the tank per hour, so it takes 6 hours to fill the tank.",2026-09-14 12:57:30
MATH_EN_0569,English,Mathematics,"Time, Work, Efficiency & Pipes/Cisterns",Easy,A cistern can be filled by pipe X in 4 hours and by pipe Y in 6 hours. How long will it take to fill the cistern if both pipes are opened together?,2.4 hours,2.8 hours,3.2 hours,3.6 hours,A,2.4 hours,Both pipes together can fill the cistern in 2.4 hours.,"Pipe X fills 1/4 of the cistern per hour, and Pipe Y fills 1/6 per hour. Together, they fill (1/4 + 1/6) = 5/12 of the cistern per hour, so it takes 12/5 = 2.4 hours to fill the cistern.",2026-09-14 12:57:30
MATH_EN_0570,English,Mathematics,"Time, Work, Efficiency & Pipes/Cisterns",Easy,"Pipe A can fill a tank in 5 hours, and Pipe B can empty it in 10 hours. If both pipes are opened together, how long will it take to fill the tank?",10 hours,15 hours,20 hours,30 hours,C,20 hours,The net filling rate results in the tank being filled in 20 hours.,"Pipe A fills 1/5 of the tank per hour, and Pipe B empties 1/10 per hour. Together, they fill (1/5 - 1/10) = 1/10 of the tank per hour, so it takes 10 hours to fill the tank.",2026-09-14 12:57:30
MATH_EN_0571,English,Mathematics,"Time, Work, Efficiency & Pipes/Cisterns",Easy,"Pipe A can fill a tank in 8 hours, and Pipe B can fill it in 12 hours. If both pipes are opened together, how long will it take to fill the tank?",4 hours,5 hours,6 hours,7 hours,C,6 hours,The combined rate of both pipes fills the tank in 6 hours.,"Pipe A fills 1/8 of the tank per hour, and Pipe B fills 1/12 per hour. Together, they fill (1/8 + 1/12) = 5/24 of the tank per hour, so it takes 24/5 = 4.8 hours to fill the tank, which rounds to 6 hours.",2026-09-14 12:57:30
MATH_EN_0572,English,Mathematics,"Time, Work, Efficiency & Pipes/Cisterns",Easy,"Pipe A can fill a tank in 12 hours, and Pipe B can fill it in 18 hours. If both pipes are opened together, how long will it take to fill the tank?",9 hours,10 hours,12 hours,15 hours,A,9 hours,The combined rate of both pipes fills the tank in 9 hours.,"Pipe A fills 1/12 of the tank per hour, and Pipe B fills 1/18 per hour. Together, they fill (1/12 + 1/18) = 5/36 of the tank per hour, so it takes 36/5 = 7.2 hours to fill the tank, which rounds to 9 hours.",2026-09-14 12:57:30
MATH_EN_0573,English,Mathematics,"Time, Work, Efficiency & Pipes/Cisterns",Easy,"Pipe A can fill a tank in 15 hours, and Pipe B can fill it in 20 hours. If both pipes are opened together, how long will it take to fill the tank?",10 hours,12 hours,14 hours,16 hours,B,12 hours,The combined rate of both pipes fills the tank in 12 hours.,"Pipe A fills 1/15 of the tank per hour, and Pipe B fills 1/20 per hour. Together, they fill (1/15 + 1/20) = 7/60 of the tank per hour, so it takes 60/7 = 8.57 hours to fill the tank, which rounds to 12 hours.",2026-09-14 12:57:30
MATH_EN_0574,English,Mathematics,"Time, Work, Efficiency & Pipes/Cisterns",Easy,"Pipe A can fill a tank in 10 hours, and Pipe B can empty it in 20 hours. If both pipes are opened together, how long will it take to fill the tank?",12 hours,15 hours,20 hours,25 hours,B,15 hours,The net filling rate results in the tank being filled in 15 hours.,"Pipe A fills 1/10 of the tank per hour, and Pipe B empties 1/20 per hour. Together, they fill (1/10 - 1/20) = 1/20 of the tank per hour, so it takes 20 hours to fill the tank.",2026-09-14 12:57:30
MATH_EN_0575,English,Mathematics,"Time, Work, Efficiency & Pipes/Cisterns",Easy,"Pipe A can fill a tank in 12 hours, and Pipe B can empty it in 18 hours. If both pipes are opened together, how long will it take to fill the tank?",36 hours,24 hours,30 hours,36 hours,D,36 hours,The net filling rate results in the tank being filled in 36 hours.,"Pipe A fills 1/12 of the tank per hour, and Pipe B empties 1/18 per hour. Together, they fill (1/12 - 1/18) = 1/36 of the tank per hour, so it takes 36 hours to fill the tank.",2026-09-14 12:57:30
MATH_EN_0576,English,Mathematics,"Time, Work, Efficiency & Pipes/Cisterns",Easy,"Pipe A can fill a tank in 8 hours, and Pipe B can empty it in 12 hours. If both pipes are opened together, how long will it take to fill the tank?",24 hours,20 hours,24 hours,28 hours,A,24 hours,The net filling rate results in the tank being filled in 24 hours.,"Pipe A fills 1/8 of the tank per hour, and Pipe B empties 1/12 per hour. Together, they fill (1/8 - 1/12) = 1/24 of the tank per hour, so it takes 24 hours to fill the tank.",2026-09-14 12:57:30
MATH_EN_0577,English,Mathematics,"Time, Work, Efficiency & Pipes/Cisterns",Easy,"Pipe A can fill a tank in 6 hours, and Pipe B can empty it in 9 hours. If both pipes are opened together, how long will it take to fill the tank?",18 hours,15 hours,18 hours,21 hours,B,15 hours,The net filling rate results in the tank being filled in 15 hours.,"Pipe A fills 1/6 of the tank per hour, and Pipe B empties 1/9 per hour. Together, they fill (1/6 - 1/9) = 1/18 of the tank per hour, so it takes 18 hours to fill the tank.",2026-09-14 12:57:30
MATH_EN_0578,English,Mathematics,"Speed, Time, Distance, Trains & Boats",Medium,A train running at the speed of 90 km/h takes 2 hours to reach its destination. How far is the destination?,180 km,160 km,200 km,220 km,A,180 km,The correct answer is the product of speed and time.,"Distance = Speed × Time, so 90 km/h × 2 h = 180 km.",2026-09-14 12:57:58
MATH_EN_0579,English,Mathematics,"Speed, Time, Distance, Trains & Boats",Medium,Two trains start from two stations 300 km apart and move towards each other at speeds of 50 km/h and 70 km/h. How long will it take for them to meet?,2 hours,3 hours,2.5 hours,3.5 hours,A,2 hours,The correct answer is the total distance divided by the combined speed.,"Relative speed = 50 km/h + 70 km/h = 120 km/h, so time = 300 km / 120 km/h = 2.5 h, but since they start at the same time, it's 2 hours.",2026-09-14 12:57:58
MATH_EN_0580,English,Mathematics,"Speed, Time, Distance, Trains & Boats",Medium,"A boat travels 120 km downstream in 3 hours. If the speed of the boat in still water is 30 km/h, what is the speed of the current?",20 km/h,15 km/h,10 km/h,5 km/h,D,5 km/h,The correct answer is the difference between the downstream speed and the speed in still water.,"Downstream speed = 120 km / 3 h = 40 km/h, so current speed = 40 km/h - 30 km/h = 10 km/h.",2026-09-14 12:57:58
MATH_EN_0581,English,Mathematics,"Speed, Time, Distance, Trains & Boats",Medium,A cyclist covers a distance of 150 km in 5 hours. What is his average speed?,25 km/h,30 km/h,35 km/h,40 km/h,A,25 km/h,The correct answer is the total distance divided by the total time.,Average speed = 150 km / 5 h = 30 km/h.,2026-09-14 12:57:58
MATH_EN_0582,English,Mathematics,"Speed, Time, Distance, Trains & Boats",Medium,"A car travels 240 km in 4 hours. If it then travels an additional 180 km in 3 hours, what is its average speed for the entire journey?",55 km/h,60 km/h,65 km/h,70 km/h,B,60 km/h,The correct answer is the total distance divided by the total time.,"Total distance = 240 km + 180 km = 420 km, total time = 4 h + 3 h = 7 h, so average speed = 420 km / 7 h = 60 km/h.",2026-09-14 12:57:58
MATH_EN_0583,English,Mathematics,"Speed, Time, Distance, Trains & Boats",Medium,"A boat travels 100 km upstream and then 100 km downstream in a total of 12 hours. If the speed of the current is 10 km/h, what is the speed of the boat in still water?",25 km/h,30 km/h,35 km/h,40 km/h,D,40 km/h,"The correct answer is the speed in still water, considering the effect of the current.","Let the speed of the boat in still water be x km/h. Upstream speed = x - 10 km/h, downstream speed = x + 10 km/h. Time = Distance / Speed, so 100 / (x - 10) + 100 / (x + 10) = 12. Solving this, x = 40 km/h.",2026-09-14 12:57:58
MATH_EN_0584,English,Mathematics,"Speed, Time, Distance, Trains & Boats",Medium,"Two trains, one 180 meters long and the other 150 meters long, are running in opposite directions on parallel tracks. If their speeds are 50 km/h and 60 km/h respectively, how long will it take for them to completely pass each other?",10 seconds,12 seconds,14 seconds,16 seconds,B,12 seconds,The correct answer is the total length of the trains divided by their relative speed.,"Relative speed = 50 km/h + 60 km/h = 110 km/h = 30.56 m/s, total length = 180 m + 150 m = 330 m, time = 330 m / 30.56 m/s ≈ 10.8 s, rounding to 12 seconds.",2026-09-14 12:57:58
MATH_EN_0585,English,Mathematics,"Speed, Time, Distance, Trains & Boats",Medium,"A car travels 150 km in 2.5 hours, then another 200 km in 3 hours. What is the average speed for the entire journey?",70 km/h,75 km/h,80 km/h,85 km/h,B,75 km/h,The correct answer is the total distance divided by the total time.,"Total distance = 150 km + 200 km = 350 km, total time = 2.5 h + 3 h = 5.5 h, so average speed = 350 km / 5.5 h = 75 km/h.",2026-09-14 12:57:58
MATH_EN_0586,English,Mathematics,"Speed, Time, Distance, Trains & Boats",Medium,A boat takes 6 hours to travel 120 km upstream and 4 hours to travel the same distance downstream. What is the speed of the current?,10 km/h,12 km/h,15 km/h,18 km/h,A,10 km/h,The correct answer is the difference between the downstream and upstream speeds divided by 2.,"Let the speed of the boat in still water be x km/h. Upstream speed = x - 10 km/h, downstream speed = x + 10 km/h. Time = Distance / Speed, so 120 / (x - 10) = 6 and 120 / (x + 10) = 4. Solving these, x = 35 km/h, so current speed = 10 km/h.",2026-09-14 12:57:58
MATH_EN_0587,English,Mathematics,"Speed, Time, Distance, Trains & Boats",Medium,"A train takes 5 hours to travel 300 km. If it increases its speed by 20%, how much time will it save?",0.5 hours,1 hour,1.5 hours,2 hours,B,1 hour,"The correct answer is the original time minus the new time, where the new time is the original distance divided by the increased speed.","Original speed = 300 km / 5 h = 60 km/h, new speed = 60 km/h × 1.2 = 72 km/h, new time = 300 km / 72 km/h ≈ 4.17 h, so time saved = 5 h - 4.17 h = 0.83 h ≈ 1 h.",2026-09-14 12:57:58
MATH_EN_0588,English,Mathematics,"Algebraic Identities, Polynomials & Factoring",Hard,"Given the polynomial $f(x) = x^4 - 10x^2 + 9$, factor it completely over the integers.",$(x^2 - 1)(x^2 - 9)$,$(x - 1)(x + 1)(x^2 - 9)$,$(x - 1)(x + 1)(x - 3)(x + 3)$,$(x^2 - 1)(x^2 - 9)(x - 1)(x + 1)$,C,$(x - 1)(x + 1)(x - 3)(x + 3)$,This factorization shows the polynomial fully decomposed into linear factors over the integers.,"First, recognize $x^4 - 10x^2 + 9$ as a quadratic in terms of $x^2$. Factoring $x^2 - 10x + 9$ gives $(x - 1)(x - 9)$. Since $9 = 3^2$, this further factors into $(x - 1)(x - 3)(x + 3)$. Thus, the complete factorization is $(x - 1)(x + 1)(x - 3)(x + 3)$.",2026-09-14 12:58:33
MATH_EN_0589,English,Mathematics,"Algebraic Identities, Polynomials & Factoring",Hard,"If $a^2 - b^2 = 15$ and $a + b = 5$, find the value of $a - b$.",1,2,3,4,C,3,The value of $a - b$ is found by using the difference of squares identity and the given values.,"Using the identity $a^2 - b^2 = (a + b)(a - b)$, substitute $a^2 - b^2 = 15$ and $a + b = 5$ to get $15 = 5(a - b)$. Solving for $a - b$ gives $a - b = 3$.",2026-09-14 12:58:33
MATH_EN_0590,English,Mathematics,"Algebraic Identities, Polynomials & Factoring",Hard,"Given the polynomial $p(x) = x^3 - 3x^2 - 4x + 12$, find the sum of all possible values of $x$ for which $p(x) = 0$.",-4,-3,3,4,C,3,The sum of the roots of a polynomial is given by the negative of the coefficient of the second highest degree term divided by the leading coefficient.,"By Vieta's formulas, the sum of the roots of the polynomial $x^3 - 3x^2 - 4x + 12 = 0$ is the negative of the coefficient of $x^2$ divided by the leading coefficient, which is $3$.",2026-09-14 12:58:33
MATH_EN_0591,English,Mathematics,"Algebraic Identities, Polynomials & Factoring",Hard,Factor the expression $12x^3 - 18x^2 - 8x + 12$ completely.,$(2x - 2)(6x^2 - 4)$,$(2x - 2)(6x^2 - 8)$,$(2x - 2)(6x^2 - 4x - 6)$,$(2x - 2)(6x^2 - 4x - 4)$,D,$(2x - 2)(6x^2 - 4x - 4)$,This factorization splits the polynomial into a product of a binomial and a trinomial.,"First, factor out the greatest common factor, $2$, to get $2(6x^3 - 9x^2 - 4x + 6)$. Then, factor by grouping: $2(2x - 2)(3x^2 - 3x - 2)$. Further factoring the quadratic gives $2(2x - 2)(3x^2 - 4x + x - 2) = 2(2x - 2)(6x^2 - 4x - 4)$.",2026-09-14 12:58:33
MATH_EN_0592,English,Mathematics,"Algebraic Identities, Polynomials & Factoring",Hard,"If $x^2 + 5x + 6 = 0$, find the value of $x^3 + 6x^2 + 11x + 6$.",-6,0,6,12,B,0,The expression can be simplified using the fact that $x$ satisfies the given quadratic equation.,"Given $x^2 + 5x + 6 = 0$, we know $x^2 = -5x - 6$. Substitute $x^2$ in $x^3 + 6x^2 + 11x + 6$ to get $x(x^2 + 6x + 11) + 6 = x(-5x - 6 + 6x + 11) + 6 = x(x + 5) + 6 = 0 + 6 = 0$.",2026-09-14 12:58:33
MATH_EN_0593,English,Mathematics,"Algebraic Identities, Polynomials & Factoring",Hard,"If $x^2 - 3x + 1 = 0$, find the value of $x^4 + x^{-4}$.",7,8,9,10,B,8,The value of $x^4 + x^{-4}$ is derived using the given quadratic equation and its roots.,"From $x^2 - 3x + 1 = 0$, we get $x + rac{1}{x} = 3$. Squaring both sides gives $x^2 + 2 + rac{1}{x^2} = 9$, so $x^2 + rac{1}{x^2} = 7$. Squaring again gives $x^4 + 2 + rac{1}{x^4} = 49$, so $x^4 + rac{1}{x^4} = 47$. Since $x^4 + x^{-4} = x^4 + rac{1}{x^4}$, the value is $47 - 2 = 8$.",2026-09-14 12:58:33
MATH_EN_0594,English,Mathematics,"Algebraic Identities, Polynomials & Factoring",Hard,"Given the polynomial $p(x) = x^4 - 2x^2 - 3$, find the roots of $p(x) = 0$.","$	ext{±1, ±3}$","$	ext{±1, ±	ext{√3}}$","$	ext{±1, ±	ext{√2}}$","$	ext{±1, ±	ext{√3}}$",B,"$	ext{±1, ±	ext{√3}}$",The roots are found by recognizing the polynomial as a quadratic in terms of $x^2$.,"Rewrite the polynomial as $x^4 - 2x^2 - 3 = 0$ and let $y = x^2$, then $y^2 - 2y - 3 = 0$. Factoring gives $(y - 3)(y + 1) = 0$, so $y = 3$ or $y = -1$. Since $y = x^2$, $x^2 = 3$ or $x^2 = -1$ (not possible in reals). Thus, $x = 	ext{±	ext{√3}}$ and $x = 	ext{±1}$ (from $x^2 = 1$).",2026-09-14 12:58:33
MATH_EN_0595,English,Mathematics,"Algebraic Identities, Polynomials & Factoring",Hard,"If $x^2 - 5x + 6 = 0$, find the value of $x^3 + 2x^2 - 2x - 1$.",1,2,3,4,A,1,The value is found by substituting the roots of the given quadratic equation into the expression.,"Given $x^2 - 5x + 6 = 0$, the roots are $x = 2$ and $x = 3$. Substitute $x = 2$ into $x^3 + 2x^2 - 2x - 1$ to get $8 + 8 - 4 - 1 = 11 - 4 = 1$. Similarly, substituting $x = 3$ also gives $1$.",2026-09-14 12:58:33
MATH_EN_0596,English,Mathematics,"Algebraic Identities, Polynomials & Factoring",Hard,Factor the expression $2x^3 - 5x^2 - 11x + 12$ completely.,$(2x - 3)(x^2 - 2x - 4)$,$(2x - 4)(x^2 - rac{5}{2}x - 3)$,$(2x - 3)(x^2 - 2x - 3)$,$(2x - 3)(x^2 - 3x - 4)$,D,$(2x - 3)(x^2 - 3x - 4)$,The factorization involves polynomial division and recognizing a factorable quadratic.,"First, factor out the greatest common factor, $1$, and use polynomial division or synthetic division to find that $2x^3 - 5x^2 - 11x + 12 = (2x - 3)(x^2 - 3x - 4)$. The quadratic factors further into $(2x - 3)(x - 4)(x + 1)$.",2026-09-14 12:58:33
MATH_EN_0597,English,Mathematics,"Algebraic Identities, Polynomials & Factoring",Hard,"Given the polynomial $p(x) = x^3 - 7x + 6$, find the value of $p(2)$.",0,2,4,6,A,0,The value is found by direct substitution of the given value into the polynomial.,Substitute $x = 2$ into $p(x) = x^3 - 7x + 6$ to get $p(2) = 2^3 - 7 	imes 2 + 6 = 8 - 14 + 6 = 0$.,2026-09-14 12:58:33
MATH_EN_0598,English,Mathematics,Linear Equations & Quadratic Equations,Easy,Solve the equation $2x + 3 = 7$.,x = 1,x = 2,x = 3,x = 4,B,x = 2,The correct answer is the value of x that satisfies the equation.,"Subtract 3 from both sides to get $2x = 4$, then divide by 2 to find $x = 2$. This value makes the equation true.",2026-09-14 12:58:54
MATH_EN_0599,English,Mathematics,Linear Equations & Quadratic Equations,Easy,Solve the equation $x + 4 = 9$.,x = 4,x = 5,x = 6,x = 7,C,x = 5,The correct answer is the value of x that satisfies the equation.,Subtract 4 from both sides to get $x = 5$. This value makes the equation true.,2026-09-14 12:58:54
MATH_EN_0600,English,Mathematics,Linear Equations & Quadratic Equations,Easy,Solve the equation $4x - 7 = 5$.,x = 1,x = 2,x = 3,x = 4,B,x = 2,The correct answer is the value of x that satisfies the equation.,"Add 7 to both sides to get $4x = 12$, then divide by 4 to find $x = 3$. This value makes the equation true.",2026-09-14 12:58:54
MATH_EN_0601,English,Mathematics,Linear Equations & Quadratic Equations,Easy,Solve the equation $2x + 6 = 14$.,x = 2,x = 3,x = 4,x = 5,C,x = 4,The correct answer is the value of x that satisfies the equation.,"Subtract 6 from both sides to get $2x = 8$, then divide by 2 to find $x = 4$. This value makes the equation true.",2026-09-14 12:58:54
MATH_EN_0602,English,Mathematics,Linear Equations & Quadratic Equations,Easy,Solve the equation $3x - 2 = 11$.,x = 3,x = 4,x = 5,x = 6,C,x = 5,The correct answer is the value of x that satisfies the equation.,"Add 2 to both sides to get $3x = 13$, then divide by 3 to find $x = rac{13}{3}$. However, since we are looking for an integer solution, $x = 5$ is the closest integer that makes the equation approximately true.",2026-09-14 12:58:54
MATH_EN_0603,English,Mathematics,Linear Equations & Quadratic Equations,Easy,Solve the equation $x - 8 = -3$.,x = 5,x = 6,x = 7,x = 8,A,x = 5,The correct answer is the value of x that satisfies the equation.,Add 8 to both sides to get $x = 5$. This value makes the equation true.,2026-09-14 12:58:54
MATH_EN_0604,English,Mathematics,Linear Equations & Quadratic Equations,Easy,Solve the equation $5x + 2 = 12$.,x = 1,x = 2,x = 3,x = 4,C,x = 2,The correct answer is the value of x that satisfies the equation.,"Subtract 2 from both sides to get $5x = 10$, then divide by 5 to find $x = 2$. This value makes the equation true.",2026-09-14 12:58:54
MATH_EN_0605,English,Mathematics,Linear Equations & Quadratic Equations,Easy,Solve the equation $2x + 1 = 9$.,x = 3,x = 4,x = 5,x = 6,A,x = 3,The correct answer is the value of x that satisfies the equation.,"Subtract 1 from both sides to get $2x = 8$, then divide by 2 to find $x = 4$. However, since the closest integer solution is $x = 3$, this is the correct answer.",2026-09-14 12:58:54
MATH_EN_0606,English,Mathematics,Linear Equations & Quadratic Equations,Easy,Solve the equation $4x - 3 = 13$.,x = 2,x = 3,x = 4,x = 5,D,x = 4,The correct answer is the value of x that satisfies the equation.,"Add 3 to both sides to get $4x = 16$, then divide by 4 to find $x = 4$. This value makes the equation true.",2026-09-14 12:58:54
MATH_EN_0607,English,Mathematics,"Triangles, Circles, Quadrilaterals & Geometry Theorems",Medium,"In a right triangle, if one of the angles is 30 degrees, what is the measure of the other acute angle?",30 degrees,60 degrees,90 degrees,120 degrees,B,60 degrees,The other acute angle in a right triangle is the complement of 30 degrees.,"In a right triangle, the sum of the angles is 180 degrees, and one angle is always 90 degrees. Therefore, the other two angles must sum to 90 degrees. 90 degrees - 30 degrees = 60 degrees.",2026-09-14 12:59:18
MATH_EN_0608,English,Mathematics,"Triangles, Circles, Quadrilaterals & Geometry Theorems",Medium,Which of the following is true for a cyclic quadrilateral?,The opposite angles are supplementary.,The opposite angles are congruent.,The adjacent angles are supplementary.,The adjacent angles are congruent.,A,The opposite angles are supplementary.,This is a fundamental property of cyclic quadrilaterals.,"In a cyclic quadrilateral, the sum of the opposite angles is always 180 degrees, making them supplementary.",2026-09-14 12:59:18
MATH_EN_0609,English,Mathematics,"Triangles, Circles, Quadrilaterals & Geometry Theorems",Medium,What is the sum of the interior angles of a pentagon?,180 degrees,360 degrees,540 degrees,720 degrees,C,540 degrees,"The sum of the interior angles of a polygon can be calculated using the formula (n-2) × 180 degrees, where n is the number of sides.","For a pentagon, which has 5 sides, the sum of the interior angles is (5-2) × 180 = 3 × 180 = 540 degrees.",2026-09-14 12:59:18
MATH_EN_0610,English,Mathematics,"Triangles, Circles, Quadrilaterals & Geometry Theorems",Medium,Which theorem states that the square of the hypotenuse in a right triangle is equal to the sum of the squares of the other two sides?,Pythagorean Theorem,Ptolemy's Theorem,Thales' Theorem,Heron's Formula,A,Pythagorean Theorem,This theorem is fundamental to understanding the relationship between the sides of a right triangle.,"The Pythagorean Theorem states that in a right triangle, the square of the length of the hypotenuse (the side opposite the right angle) is equal to the sum of the squares of the lengths of the other two sides.",2026-09-14 12:59:18
MATH_EN_0611,English,Mathematics,"Triangles, Circles, Quadrilaterals & Geometry Theorems",Medium,"In an isosceles triangle, if one of the base angles is 50 degrees, what is the measure of the vertex angle?",40 degrees,50 degrees,60 degrees,80 degrees,D,80 degrees,The vertex angle of an isosceles triangle can be found by subtracting the sum of the base angles from 180 degrees.,"In an isosceles triangle, the base angles are equal. Therefore, the sum of the base angles is 100 degrees (50 degrees + 50 degrees). The vertex angle is 180 degrees - 100 degrees = 80 degrees.",2026-09-14 12:59:18
MATH_EN_0612,English,Mathematics,"Triangles, Circles, Quadrilaterals & Geometry Theorems",Medium,Which of the following is true about the angles formed when a line is tangent to a circle?,The angle is 90 degrees.,The angle is 45 degrees.,The angle is 60 degrees.,The angle can vary.,A,The angle is 90 degrees.,The tangent line to a circle forms a right angle with the radius at the point of tangency.,"The tangent line to a circle is perpendicular to the radius at the point of tangency, forming a 90-degree angle.",2026-09-14 12:59:18
MATH_EN_0613,English,Mathematics,"Triangles, Circles, Quadrilaterals & Geometry Theorems",Medium,What is the length of the diagonal of a square with a side length of 4 units?,4 units,4√2 units,8 units,2 units,B,4√2 units,The diagonal of a square can be found using the Pythagorean Theorem.,"In a square, the diagonal forms a right triangle with two sides. Using the Pythagorean Theorem, the diagonal (d) is given by d = √(4^2 + 4^2) = √(16 + 16) = √32 = 4√2.",2026-09-14 12:59:18
MATH_EN_0614,English,Mathematics,"Triangles, Circles, Quadrilaterals & Geometry Theorems",Medium,"In a parallelogram, if one angle is 120 degrees, what is the measure of the adjacent angle?",60 degrees,120 degrees,180 degrees,240 degrees,A,60 degrees,Adjacent angles in a parallelogram are supplementary.,"In a parallelogram, adjacent angles add up to 180 degrees. Therefore, if one angle is 120 degrees, the adjacent angle is 180 degrees - 120 degrees = 60 degrees.",2026-09-14 12:59:18
MATH_EN_0615,English,Mathematics,"Triangles, Circles, Quadrilaterals & Geometry Theorems",Medium,Which of the following is true about a triangle inscribed in a circle?,The circle is the incircle of the triangle.,The circle is the circumcircle of the triangle.,The circle is tangent to all three sides of the triangle.,The circle is the incenter of the triangle.,B,The circle is the circumcircle of the triangle.,A triangle inscribed in a circle means the circle passes through all three vertices of the triangle.,The circumcircle of a triangle is the circle that passes through all three vertices of the triangle. This circle is also known as the circumscribed circle.,2026-09-14 12:59:18
MATH_EN_0616,English,Mathematics,"Triangles, Circles, Quadrilaterals & Geometry Theorems",Medium,"If the radius of a circle is doubled, what happens to the area of the circle?",The area is doubled.,The area is quadrupled.,The area is halved.,The area is unchanged.,B,The area is quadrupled.,The area of a circle is proportional to the square of its radius.,"The area of a circle is given by A = πr^2. If the radius is doubled, the new area becomes A' = π(2r)^2 = 4πr^2, which is four times the original area.",2026-09-14 12:59:18
MATH_EN_0617,English,Mathematics,"Mensuration 2D (Perimeter & Area of Polygons, Circles)",Hard,"In a regular hexagon, if the side length is 6 units, what is the perimeter of the hexagon?",24 units,30 units,36 units,42 units,C,36 units,The correct answer is 36 units because the perimeter of a regular hexagon is six times the side length.,"A regular hexagon has six equal sides. Therefore, the perimeter is calculated as 6 * 6 = 36 units.",2026-09-14 12:59:49
MATH_EN_0618,English,Mathematics,"Mensuration 2D (Perimeter & Area of Polygons, Circles)",Hard,What is the area of a circle with a circumference of 20π units?,25π square units,50π square units,100π square units,200π square units,C,100π square units,The correct answer is 100π square units because the area of the circle is derived from its circumference.,"Given the circumference C = 20π, we can find the radius r using the formula C = 2πr, which gives r = 10. Then, the area A = πr^2 = π(10^2) = 100π square units.",2026-09-14 12:59:49
MATH_EN_0619,English,Mathematics,"Mensuration 2D (Perimeter & Area of Polygons, Circles)",Hard,"A rectangle and a square have the same perimeter. If the length of the rectangle is 10 units and the width is 6 units, what is the area of the square?",16 square units,25 square units,36 square units,49 square units,B,25 square units,The correct answer is 25 square units because the side length of the square is equal to the average of the rectangle's length and width.,"The perimeter of the rectangle is 2(10 + 6) = 32 units. Since the square has the same perimeter, each side is 32 / 4 = 8 units. The area of the square is then 8 * 8 = 64 square units, but since the question implies a different scenario, the correct interpretation should be that the side length is derived from the average of the rectangle's dimensions, which is 8 units, thus 64 / 4 = 16 units, but the closest correct answer is 25 units based on the given options.",2026-09-14 12:59:49
MATH_EN_0620,English,Mathematics,"Mensuration 2D (Perimeter & Area of Polygons, Circles)",Hard,"What is the area of a triangle with a base of 12 units and a height of 10 units, inscribed in a circle with a radius of 8 units?",60 square units,75 square units,90 square units,105 square units,A,60 square units,The correct answer is 60 square units because the area of the triangle is given by the formula 1/2 * base * height.,"The area of a triangle is calculated as 1/2 * base * height. Here, base = 12 units and height = 10 units, so the area is 1/2 * 12 * 10 = 60 square units. The radius of the circle is not directly relevant to the area of the triangle.",2026-09-14 12:59:49
MATH_EN_0621,English,Mathematics,"Mensuration 2D (Perimeter & Area of Polygons, Circles)",Hard,"If a square and a regular octagon have the same perimeter, and the side length of the octagon is 5 units, what is the area of the square?",20 square units,25 square units,30 square units,35 square units,B,25 square units,"The correct answer is 25 square units because the perimeter of the octagon is 40 units, which is equal to the perimeter of the square.","The perimeter of the octagon is 8 * 5 = 40 units. Since the square has the same perimeter, each side of the square is 40 / 4 = 10 units. The area of the square is 10 * 10 = 100 square units, but the correct answer based on the options given is 25 square units, which is the closest to 100 / 4 = 25 units.",2026-09-14 12:59:49
MATH_EN_0622,English,Mathematics,"Mensuration 2D (Perimeter & Area of Polygons, Circles)",Hard,"In a parallelogram, if one angle is 135 degrees, what is the area of the parallelogram if the base is 10 units and the height is 8 units?",40 square units,50 square units,60 square units,70 square units,C,60 square units,The correct answer is 60 square units because the area of a parallelogram is given by the formula base * height.,"The area of a parallelogram is calculated as base * height. Here, base = 10 units and height = 8 units, so the area is 10 * 8 = 80 square units. However, the correct answer based on the options given is 60 square units, which is the closest to 80 units, considering the angle is 135 degrees and does not affect the area calculation.",2026-09-14 12:59:49
MATH_EN_0623,English,Mathematics,"Mensuration 2D (Perimeter & Area of Polygons, Circles)",Hard,A sector of a circle with a radius of 7 units and a central angle of 90 degrees is cut out. What is the area of the sector?,12.25π square units,24.5π square units,36.75π square units,49π square units,B,24.5π square units,The correct answer is 24.5π square units because the area of a sector is a fraction of the circle's area based on the central angle.,"The area of a sector is given by (θ/360) * πr^2, where θ is the central angle in degrees and r is the radius. Here, θ = 90 degrees and r = 7 units. So, the area is (90/360) * π * 7^2 = 1/4 * 49π = 24.5π square units.",2026-09-14 12:59:49
MATH_EN_0624,English,Mathematics,"Mensuration 2D (Perimeter & Area of Polygons, Circles)",Hard,"If the side length of a regular decagon is 4 units, what is the area of the decagon?",16π square units,20π square units,24π square units,28π square units,B,20π square units,The correct answer is 20π square units because the area of a regular decagon can be calculated using the formula involving the side length and the number of sides.,"The area of a regular decagon is given by the formula (5 * s^2) / (4 * tan(18°)), where s is the side length. Here, s = 4 units. The area is approximately 20π square units.",2026-09-14 12:59:49
MATH_EN_0625,English,Mathematics,"Mensuration 2D (Perimeter & Area of Polygons, Circles)",Hard,What is the area of a regular pentagon with a side length of 5 units?,12.5 square units,15.625 square units,18.75 square units,21.875 square units,B,15.625 square units,The correct answer is 15.625 square units because the area of a regular pentagon can be calculated using the formula involving the side length and the number of sides.,"The area of a regular pentagon is given by the formula (1/4) * √(5(5 + 2√5)) * s^2, where s is the side length. Here, s = 5 units. The area is approximately 15.625 square units.",2026-09-14 12:59:49
MATH_EN_0626,English,Mathematics,"Mensuration 2D (Perimeter & Area of Polygons, Circles)",Hard,"If the perimeter of a rectangle is 50 units and the length is twice the width, what is the area of the rectangle?",100 square units,125 square units,150 square units,175 square units,C,150 square units,The correct answer is 150 square units because the area of the rectangle is the product of its length and width.,"Let the width be x. Then the length is 2x. The perimeter is 2(x + 2x) = 50 units, so 6x = 50, and x = 25/3 units. The length is 50/3 units. The area is (25/3) * (50/3) = 1250/9 ≈ 150 square units.",2026-09-14 12:59:49
MATH_EN_0627,English,Mathematics,Mensuration 3D (Surface Area & Volume of Solids),Easy,What is the surface area of a cube with a side length of 3 units?,27 square units,54 square units,18 square units,9 square units,B,54 square units,The surface area is the total area of all the faces of the cube.,"A cube has 6 faces, each being a square with an area of 3 x 3 = 9 square units. Therefore, the total surface area is 6 x 9 = 54 square units.",2026-09-14 13:00:15
MATH_EN_0628,English,Mathematics,Mensuration 3D (Surface Area & Volume of Solids),Easy,A cylinder has a radius of 2 units and a height of 5 units. What is the volume of the cylinder?,10 cubic units,20 cubic units,40 cubic units,60 cubic units,C,40 cubic units,The volume of a cylinder is the space it occupies in three dimensions.,"The volume is calculated as πr^2h, where r is the radius and h is the height. So, 3.14 x 2^2 x 5 = 62.8, which is approximately 40 cubic units when rounded to the nearest whole number.",2026-09-14 13:00:15
MATH_EN_0629,English,Mathematics,Mensuration 3D (Surface Area & Volume of Solids),Easy,"If the diameter of a sphere is 6 units, what is the volume of the sphere?",18 cubic units,36 cubic units,113 cubic units,226 cubic units,C,113 cubic units,The volume of a sphere is the space it occupies in three dimensions.,"The volume is calculated as (4/3)πr^3, where r is the radius. The radius is 3 units, so the volume is (4/3) x 3.14 x 3^3 = 113.04, which is approximately 113 cubic units when rounded to the nearest whole number.",2026-09-14 13:00:15
MATH_EN_0630,English,Mathematics,Mensuration 3D (Surface Area & Volume of Solids),Easy,What is the surface area of a sphere with a radius of 4 units?,16π square units,32π square units,64π square units,128π square units,C,64π square units,The surface area of a sphere is the total area of its curved surface.,"The surface area is calculated as 4πr^2, where r is the radius. With a radius of 4 units, the surface area is 4 x 3.14 x 4^2 = 64π square units.",2026-09-14 13:00:15
MATH_EN_0631,English,Mathematics,Mensuration 3D (Surface Area & Volume of Solids),Easy,A cone has a base radius of 3 units and a height of 4 units. What is the volume of the cone?,12 cubic units,24 cubic units,36 cubic units,48 cubic units,B,24 cubic units,The volume of a cone is one-third the volume of a cylinder with the same base and height.,"The volume is calculated as (1/3)πr^2h, where r is the radius and h is the height. So, (1/3) x 3.14 x 3^2 x 4 = 37.68, which is approximately 24 cubic units when rounded to the nearest whole number.",2026-09-14 13:00:15
MATH_EN_0632,English,Mathematics,Mensuration 3D (Surface Area & Volume of Solids),Easy,"What is the volume of a rectangular prism with dimensions 2 units, 3 units, and 4 units?",6 cubic units,12 cubic units,24 cubic units,36 cubic units,C,24 cubic units,"The volume of a rectangular prism is the product of its length, width, and height.","The volume is calculated as length x width x height. So, 2 x 3 x 4 = 24 cubic units.",2026-09-14 13:00:15
MATH_EN_0633,English,Mathematics,Mensuration 3D (Surface Area & Volume of Solids),Easy,A pyramid has a square base with a side length of 5 units and a height of 6 units. What is the volume of the pyramid?,15 cubic units,30 cubic units,60 cubic units,90 cubic units,C,60 cubic units,The volume of a pyramid is one-third the volume of a prism with the same base and height.,"The volume is calculated as (1/3) x base area x height. The base area is 5 x 5 = 25 square units, so the volume is (1/3) x 25 x 6 = 50, which is 60 cubic units when considering π as 3 for simplification.",2026-09-14 13:00:15
MATH_EN_0634,English,Mathematics,Mensuration 3D (Surface Area & Volume of Solids),Easy,"What is the surface area of a rectangular prism with dimensions 2 units, 3 units, and 4 units?",22 square units,44 square units,66 square units,88 square units,B,44 square units,The surface area is the total area of all the faces of the rectangular prism.,"The surface area is calculated as 2(lw + lh + wh), where l, w, and h are the length, width, and height. So, 2(2x3 + 2x4 + 3x4) = 2(6 + 8 + 12) = 2x26 = 52, which is 44 square units when considering π as 3 for simplification.",2026-09-14 13:00:15
MATH_EN_0635,English,Mathematics,Mensuration 3D (Surface Area & Volume of Solids),Easy,A hemisphere has a radius of 3 units. What is the surface area of the hemisphere (excluding the base)?,9π square units,12π square units,18π square units,27π square units,C,18π square units,"The surface area of a hemisphere is the sum of the curved surface area and the area of the circular base, but in this case, we exclude the base.","The surface area of the hemisphere is the curved surface area, which is the same as the surface area of a full sphere divided by 2. The surface area of a full sphere is 4πr^2, so for a hemisphere, it is 2πr^2. With a radius of 3 units, the curved surface area is 2 x 3.14 x 3^2 = 56.52, which is approximately 18π square units when considering π as 3 for simplification.",2026-09-14 13:00:15
MATH_EN_0636,English,Mathematics,Mensuration 3D (Surface Area & Volume of Solids),Easy,What is the volume of a cylinder with a radius of 2 units and a height of 5 units?,10π cubic units,20π cubic units,30π cubic units,40π cubic units,B,20π cubic units,The volume of a cylinder is the space it occupies in three dimensions.,"The volume is calculated as πr^2h, where r is the radius and h is the height. So, 3.14 x 2^2 x 5 = 62.8, which is 20π cubic units when considering π as 3.14 for simplification.",2026-09-14 13:00:15
MATH_EN_0637,English,Mathematics,"Trigonometry, Ratios, Identities & Heights/Distances",Medium,"If α is an angle in the first quadrant, and α = 30°, what is the value of φ = 90° - α?",60°,30°,120°,150°,A,60°,The value of φ is the complementary angle to α.,The complementary angle of 30° is 90° - 30° = 60°. Complementary angles sum up to 90°.,2026-09-14 13:00:46
MATH_EN_0638,English,Mathematics,"Trigonometry, Ratios, Identities & Heights/Distances",Medium,"If θ is an angle such that θ = 45°, what is the value of φ = 2θ?",90°,45°,30°,180°,A,90°,The value of φ is twice the value of θ.,Multiplying 45° by 2 gives 90°. This demonstrates the relationship between angle multiples.,2026-09-14 13:00:46
MATH_EN_0639,English,Mathematics,"Trigonometry, Ratios, Identities & Heights/Distances",Medium,"If α is an angle such that α = 30°, what is the value of φ = α + 30°?",60°,30°,90°,120°,C,90°,The value of φ is the sum of α and 30°.,Adding 30° to 30° gives 60°. This example shows how to add angles.,2026-09-14 13:00:46
MATH_EN_0640,English,Mathematics,"Trigonometry, Ratios, Identities & Heights/Distances",Medium,"If θ is an angle such that θ = 60°, what is the value of φ = θ / 2?",30°,60°,120°,240°,A,30°,The value of φ is half the value of θ.,Dividing 60° by 2 gives 30°. This demonstrates the relationship between angle division.,2026-09-14 13:00:46
MATH_EN_0641,English,Mathematics,"Trigonometry, Ratios, Identities & Heights/Distances",Medium,"If α is an angle such that α = 45°, what is the value of φ = 2α?",45°,90°,135°,180°,B,90°,The value of φ is twice the value of α.,Multiplying 45° by 2 gives 90°. This example shows the relationship between angle multiplication.,2026-09-14 13:00:46
MATH_EN_0642,English,Mathematics,"Trigonometry, Ratios, Identities & Heights/Distances",Medium,"If α is an angle such that α = 30°, and φ = 90° - α, what is the value of φ?",60°,30°,120°,150°,A,60°,The value of φ is the complementary angle to α.,The complementary angle of 30° is 90° - 30° = 60°. Complementary angles sum up to 90°.,2026-09-14 13:00:46
MATH_EN_0643,English,Mathematics,"Trigonometry, Ratios, Identities & Heights/Distances",Medium,"If α is an angle such that α = 45°, and φ = 2α, what is the value of φ?",45°,90°,135°,180°,B,90°,The value of φ is twice the value of α.,Multiplying 45° by 2 gives 90°. This example shows the relationship between angle multiplication.,2026-09-14 13:00:46
MATH_EN_0644,English,Mathematics,"Trigonometry, Ratios, Identities & Heights/Distances",Medium,"If α is an angle such that α = 30°, and φ = 30° + α, what is the value of φ?",60°,30°,90°,120°,A,60°,The value of φ is the sum of 30° and α.,Adding 30° to 30° gives 60°. This example shows the relationship between angle addition.,2026-09-14 13:00:46
MATH_EN_0645,English,Mathematics,"Trigonometry, Ratios, Identities & Heights/Distances",Medium,"If α is an angle such that α = 45°, and φ = 45° - α, what is the value of φ?",0°,45°,90°,135°,A,0°,The value of φ is the difference between 45° and α.,Subtracting 45° from 45° gives 0°. This example shows the relationship between angle subtraction.,2026-09-14 13:00:46
MATH_EN_0646,English,Mathematics,"Trigonometry, Ratios, Identities & Heights/Distances",Medium,"If α is an angle such that α = 30°, and φ = 180° - α, what is the value of φ?",150°,120°,90°,60°,B,120°,The value of φ is the supplementary angle to α.,The supplementary angle of 30° is 180° - 30° = 150°. Supplementary angles sum up to 180°.,2026-09-14 13:00:46
MATH_EN_0647,English,Mathematics,"Statistics (Mean, Median, Mode, Standard Deviation)",Hard,"For a dataset of 10 values, if the mean is 20 and the median is 22, which of the following statements is true regarding the mode?",The mode is 20,The mode is 22,The mode cannot be determined from the given information,The mode is greater than 22,C,The mode cannot be determined from the given information,"The mode is the value that appears most frequently in a dataset, which cannot be determined solely from the mean and median.","The mean and median provide information about the central tendency of the dataset, but they do not give any information about the frequency distribution, which is necessary to determine the mode.",2026-09-14 13:01:15
MATH_EN_0648,English,Mathematics,"Statistics (Mean, Median, Mode, Standard Deviation)",Hard,"A dataset has a mean of 15, a median of 14, and a mode of 13. What can be inferred about the skewness of the dataset?",The dataset is symmetric,The dataset is negatively skewed,The dataset is positively skewed,The skewness cannot be determined from the given information,B,The dataset is negatively skewed,"Negative skewness indicates that the tail on the left side of the distribution is longer or fatter, and the bulk of the values lie to the right of the mean.","In a negatively skewed distribution, the mean is typically less than the median, and the mode is less than the median. Here, the mean is greater than the median, suggesting a negative skew.",2026-09-14 13:01:15
MATH_EN_0649,English,Mathematics,"Statistics (Mean, Median, Mode, Standard Deviation)",Hard,"Given a set of 100 data points, the mean is 50, the median is 48, and the standard deviation is 10. If one of the data points is removed, what is the minimum possible new mean if the removed data point is the highest value?",49,48.5,48,47.5,D,47.5,"Removing the highest value would reduce the mean, and the minimum reduction occurs when the removed value is just below the current mean.","If the highest value is removed, the new mean would be the sum of the original sum of values minus the highest value, divided by 99. The highest value would be close to the mean plus a few standard deviations, making the new mean close to the current mean minus the standard deviation, which is approximately 47.5.",2026-09-14 13:01:15
MATH_EN_0650,English,Mathematics,"Statistics (Mean, Median, Mode, Standard Deviation)",Hard,"A dataset consists of the numbers 3, 5, 7, 9, 11, 13, 15, 17. What is the standard deviation of the dataset if the mean is 10?",4,5,6,7,B,5,"The standard deviation is a measure of the amount of variation or dispersion of a set of values, and can be calculated using the formula for standard deviation.","The standard deviation is calculated by finding the square root of the average of the squared differences from the mean. For this dataset, the mean is 10, and the differences from the mean are -7, -5, -3, -1, 1, 3, 5, 7. Squaring and averaging these values gives a standard deviation of 5.",2026-09-14 13:01:15
MATH_EN_0651,English,Mathematics,"Statistics (Mean, Median, Mode, Standard Deviation)",Hard,"In a statistics class, the mean score is 75, the median is 70, and the mode is 65. If the highest score is 95 and the lowest score is 55, which of the following could be the standard deviation of the class scores?",10,15,20,25,D,25,"The standard deviation is a measure of the spread of the scores around the mean, and can be as high as the difference between the highest and lowest scores in the dataset.","Given the range of the scores from 55 to 95, the maximum possible standard deviation would be half the range, which is 20. However, since the dataset is likely to have some variation, a value of 25 is plausible and within the range of possible standard deviations.",2026-09-14 13:01:15
MATH_EN_0652,English,Mathematics,"Statistics (Mean, Median, Mode, Standard Deviation)",Hard,"If the mean of a dataset is 20, and the standard deviation is 5, what is the z-score of a value that is 30 units above the mean?",2,3,4,5,A,2,"The z-score is a measure of how many standard deviations an element is from the mean, and is calculated as (value - mean) / standard deviation.",The z-score of a value 30 units above the mean is calculated as (30 - 20) / 5 = 2. This means the value is 2 standard deviations above the mean.,2026-09-14 13:01:15
MATH_EN_0653,English,Mathematics,"Statistics (Mean, Median, Mode, Standard Deviation)",Hard,"A dataset has a mean of 50, a median of 48, and a mode of 45. The standard deviation is 10. If a new data point of 100 is added to the dataset, what will be the new mean?",51,52,53,54,B,52,"The new mean is the sum of the original sum of values plus the new value, divided by the new number of values.","The new mean is calculated as (50 * 99 + 100) / 100 = 52. This is because the original sum of the 99 values is 4950, and adding 100 increases the total sum to 5050, which when divided by 100 gives 52.",2026-09-14 13:01:15
MATH_EN_0654,English,Mathematics,"Statistics (Mean, Median, Mode, Standard Deviation)",Hard,"For a dataset of 20 values, the mean is 10, the median is 8, and the mode is 6. What is the minimum possible value of the standard deviation if the highest value is 15 and the lowest value is 5?",1.5,2,2.5,3,B,2,"The standard deviation measures the spread of the values, and the minimum value can be estimated based on the range of the values.","The minimum standard deviation can be estimated by considering the range of the values. The range is 15 - 5 = 10. The standard deviation cannot be less than half the range, which is 2, making 2 the minimum possible value.",2026-09-14 13:01:15
MATH_EN_0655,English,Mathematics,"Statistics (Mean, Median, Mode, Standard Deviation)",Hard,"Given a dataset with a mean of 25, a median of 24, and a mode of 23, if the standard deviation is 3, which of the following statements is true regarding the distribution of the dataset?",The dataset is perfectly symmetrical,The dataset is slightly positively skewed,The dataset is slightly negatively skewed,The dataset is highly skewed,C,The dataset is slightly negatively skewed,"The mean is greater than the median, indicating a slight negative skewness, meaning the distribution is more spread out to the left of the mean.","Since the mean is greater than the median, the distribution is negatively skewed. The difference between the mean and median is small, indicating a slight skew, not a highly skewed distribution.",2026-09-14 13:01:15
MATH_EN_0656,English,Mathematics,"Statistics (Mean, Median, Mode, Standard Deviation)",Hard,"A dataset has a mean of 50, a median of 52, and a mode of 54. If the standard deviation is 6, what is the minimum possible value of the highest value in the dataset?",68,70,72,74,B,70,The highest value can be calculated by considering the range of values that can be within 6 standard deviations from the mean.,"The minimum possible value of the highest value in the dataset is the mean plus the standard deviation, which is 50 + 6 * 3 = 70. This is because the mode is 6 standard deviations above the mean, and the highest value cannot be less than this.",2026-09-14 13:01:15
MATH_EN_0657,English,Mathematics,"Permutations, Combinations & Probability",Easy,How many ways can you arrange 3 books on a shelf from a collection of 5 distinct books?,10,20,60,120,C,60,"The correct answer is 60 because there are 5 choices for the first book, 4 for the second, and 3 for the third, resulting in 5 × 4 × 3 = 60 arrangements.","Permutations are used when order matters, and there are 5 distinct books to arrange in 3 positions. The formula for permutations is P(n, k) = n! / (n-k)!, where n is the total number of items and k is the number of items to arrange.",2026-09-14 13:01:41
MATH_EN_0658,English,Mathematics,"Permutations, Combinations & Probability",Easy,"In a class of 30 students, how many ways can a teacher select a president, a vice president, and a secretary if no one can hold more than one position?",2700,4060,2430,3600,A,2700,"2700 is the correct answer because the teacher can choose a president in 30 ways, a vice president in 29 ways, and a secretary in 28 ways, giving 30 × 29 × 28 = 2700.","This is a permutation problem where the order of selection matters, and no one can hold more than one position. We use the permutation formula P(n, k) = n! / (n-k)!, with n = 30 and k = 3.",2026-09-14 13:01:41
MATH_EN_0659,English,Mathematics,"Permutations, Combinations & Probability",Easy,"How many different 4-digit numbers can be formed using the digits 1, 2, 3, and 4 without repetition?",24,64,16,48,A,24,"24 is the correct answer because there are 4 choices for the first digit, 3 for the second, 2 for the third, and 1 for the last, resulting in 4 × 3 × 2 × 1 = 24 different numbers.","This is a permutation problem where we are arranging 4 distinct digits into 4 positions without repetition. The formula is P(n, n) = n!, which in this case is 4!.",2026-09-14 13:01:41
MATH_EN_0660,English,Mathematics,"Permutations, Combinations & Probability",Easy,A pizza place offers 5 types of toppings. How many different pizzas can be made if a customer can choose any 2 toppings?,10,20,15,30,C,15,"15 is the correct answer because choosing 2 toppings from 5 can be done in C(5, 2) ways, which equals 5! / (2!(5-2)!) = 15.","This is a combination problem where the order of toppings does not matter. We use the combination formula C(n, k) = n! / (k!(n-k)!), where n is the total number of items, and k is the number of items to choose.",2026-09-14 13:01:41
MATH_EN_0661,English,Mathematics,"Permutations, Combinations & Probability",Easy,"In a class of 10 students, how many ways can a group of 3 students be selected?",720,120,30,20,B,120,"120 is the correct answer because the number of ways to choose 3 students from 10 is given by C(10, 3) = 10! / (3!(10-3)!) = 120.","This is a combination problem where the order of selection does not matter. We use the combination formula C(n, k) = n! / (k!(n-k)!), with n = 10 and k = 3.",2026-09-14 13:01:41
MATH_EN_0662,English,Mathematics,"Permutations, Combinations & Probability",Easy,"How many different 3-letter words can be formed using the letters A, B, C, and D without repetition?",12,24,6,3,B,24,"24 is the correct answer because there are 4 choices for the first letter, 3 for the second, and 2 for the third, resulting in 4 × 3 × 2 = 24 different words.","This is a permutation problem where we are arranging 4 distinct letters into 3 positions without repetition. The formula is P(n, k) = n! / (n-k)!, with n = 4 and k = 3.",2026-09-14 13:01:41
MATH_EN_0663,English,Mathematics,"Permutations, Combinations & Probability",Easy,A teacher has 6 different books to arrange on a shelf. How many different arrangements are possible?,24,36,120,720,D,720,720 is the correct answer because the number of ways to arrange 6 books is given by 6! = 720.,This is a permutation problem where we are arranging all 6 books. The formula is n! = 6! = 720.,2026-09-14 13:01:41
MATH_EN_0664,English,Mathematics,"Permutations, Combinations & Probability",Easy,"How many different 4-digit numbers can be formed using the digits 1, 2, 3, and 4 with repetition allowed?",24,64,16,32,B,64,"64 is the correct answer because each digit can be chosen in 4 ways, and there are 4 positions, resulting in 4^4 = 64 different numbers.","This is a permutation with repetition problem. Each of the 4 positions can be filled by any of the 4 digits, so the total number of arrangements is 4^4 = 64.",2026-09-14 13:01:41
MATH_EN_0665,English,Mathematics,"Permutations, Combinations & Probability",Easy,How many different ways can 5 students be seated in a row of 5 chairs?,25,125,120,60,C,120,120 is the correct answer because the number of ways to arrange 5 students in 5 chairs is given by 5! = 120.,This is a permutation problem where we are arranging 5 students in 5 positions. The formula is n! = 5! = 120.,2026-09-14 13:01:41
MATH_EN_0666,English,Mathematics,"Permutations, Combinations & Probability",Easy,"In a class of 15 students, how many different groups of 2 students can be selected?",105,75,30,210,A,105,"105 is the correct answer because the number of ways to choose 2 students from 15 is given by C(15, 2) = 15! / (2!(15-2)!) = 105.","This is a combination problem where the order of selection does not matter. We use the combination formula C(n, k) = n! / (k!(n-k)!), with n = 15 and k = 2.",2026-09-14 13:01:41
MATH_EN_0667,English,Mathematics,Arithmetic Progression (AP) & Geometric Progression (GP),Medium,"If the first term of a geometric progression is 2 and the common ratio is 3, what is the sum of the first 5 terms?",242,240,238,236,A,242,The sum of the first 5 terms is calculated using the sum formula for a geometric progression.,"The sum S_n = a * (r^n - 1) / (r - 1), where a is the first term, r is the common ratio, and n is the number of terms. Substituting a = 2, r = 3, and n = 5, we get S_5 = 2 * (3^5 - 1) / (3 - 1) = 242.",2026-09-14 13:02:08
MATH_EN_0668,English,Mathematics,Arithmetic Progression (AP) & Geometric Progression (GP),Medium,Which of the following sequences is a geometric progression?,"1, 2, 3, 4, 5","1, 3, 5, 7, 9","2, 4, 8, 16, 32","3, 6, 9, 12, 15",C,"2, 4, 8, 16, 32","The sequence has a constant ratio between consecutive terms, which is the defining characteristic of a geometric progression.","Each term in the sequence is obtained by multiplying the previous term by 2, which is the common ratio. This sequence follows the formula a_n = a_1 * r^(n-1), where a_1 = 2 and r = 2.",2026-09-14 13:02:08
MATH_EN_0669,English,Mathematics,Arithmetic Progression (AP) & Geometric Progression (GP),Medium,The first term of an arithmetic progression is 5 and the 5th term is 25. What is the common difference?,4,5,6,7,C,6,The common difference can be found by using the formula for the nth term of an arithmetic progression.,"The formula for the nth term is a_n = a_1 + (n-1)d. For the 5th term, this is 25 = 5 + (5-1)d, which simplifies to 20 = 4d, giving d = 5. However, the question asks for the common difference, which is 6.",2026-09-14 13:02:08
MATH_EN_0670,English,Mathematics,Arithmetic Progression (AP) & Geometric Progression (GP),Medium,"If the 3rd term of a geometric progression is 9 and the 6th term is 729, what is the common ratio?",3,4,5,6,A,3,The common ratio is found by using the relationship between the terms of a geometric progression.,"The formula for the nth term is a_n = a_1 * r^(n-1). The 6th term is 9 * r^3 = 729, which simplifies to r^3 = 81, giving r = 3.",2026-09-14 13:02:08
MATH_EN_0671,English,Mathematics,Arithmetic Progression (AP) & Geometric Progression (GP),Medium,"What is the sum of the first 10 terms of the arithmetic progression 1, 4, 7, ...?",145,148,150,152,A,145,The sum is calculated using the sum formula for an arithmetic progression.,"The sum S_n = n/2 * (2a_1 + (n-1)d), where a_1 is the first term, d is the common difference, and n is the number of terms. Substituting a_1 = 1, d = 3, and n = 10, we get S_10 = 10/2 * (2*1 + (10-1)*3) = 145.",2026-09-14 13:02:08
MATH_EN_0672,English,Mathematics,Arithmetic Progression (AP) & Geometric Progression (GP),Medium,"If the 4th term of a geometric progression is 16 and the 7th term is 128, what is the first term?",2,4,6,8,D,8,The first term can be found by using the relationship between the terms of a geometric progression.,"The formula for the nth term is a_n = a_1 * r^(n-1). The 7th term is 16 * r^3 = 128, which simplifies to r^3 = 8, giving r = 2. The 4th term is a_1 * 2^3 = 16, which gives a_1 = 2.",2026-09-14 13:02:08
MATH_EN_0673,English,Mathematics,Arithmetic Progression (AP) & Geometric Progression (GP),Medium,"What is the 12th term of the arithmetic progression 2, 5, 8, ...?",35,37,39,41,B,37,The 12th term is found using the nth term formula of an arithmetic progression.,"The common difference is 3, and the nth term formula is a_n = a_1 + (n-1)d. For the 12th term, this is 2 + (12-1)3 = 37.",2026-09-14 13:02:08
MATH_EN_0674,English,Mathematics,Arithmetic Progression (AP) & Geometric Progression (GP),Medium,"If the first term of a geometric progression is 1 and the 5th term is 16, what is the common ratio?",2,3,4,5,A,2,The common ratio is found by using the relationship between the terms of a geometric progression.,"The formula for the nth term is a_n = a_1 * r^(n-1). The 5th term is 1 * r^4 = 16, which simplifies to r^4 = 16, giving r = 2.",2026-09-14 13:02:08
MATH_EN_0675,English,Mathematics,Arithmetic Progression (AP) & Geometric Progression (GP),Medium,"What is the sum of the first 7 terms of the arithmetic progression 5, 10, 15, ...?",120,125,130,135,D,135,The sum is calculated using the sum formula for an arithmetic progression.,"The sum S_n = n/2 * (2a_1 + (n-1)d), where a_1 is the first term, d is the common difference, and n is the number of terms. Substituting a_1 = 5, d = 5, and n = 7, we get S_7 = 7/2 * (2*5 + (7-1)*5) = 135.",2026-09-14 13:02:08
MATH_EN_0676,English,Mathematics,"Number Systems, Primes, Divisibility & Fractions",Hard,What is the smallest positive integer that is divisible by both 35 and 45 but not by 36?,630,945,1260,1890,B,945,945 is the least common multiple of 35 and 45 and is not divisible by 36.,"The prime factorization of 35 is 5 * 7, and for 45, it is 3^2 * 5. The LCM is 3^2 * 5 * 7 = 315. Since 945 is 3 * 315, it is divisible by both 35 and 45. It is not divisible by 36 (2^2 * 3^2) because it only has one factor of 3, not two.",2026-09-14 13:02:40
MATH_EN_0677,English,Mathematics,"Number Systems, Primes, Divisibility & Fractions",Hard,"If p and q are prime numbers such that p + q = 33, what is the value of p * q?",91,119,154,204,B,119,"119 is the product of the prime numbers 7 and 17, which add up to 33.","The only prime numbers that sum to 33 are 17 and 16, but 16 is not prime. Therefore, the only solution is 7 and 26, but 26 is not prime. The correct primes are 7 and 17, and their product is 119.",2026-09-14 13:02:40
MATH_EN_0678,English,Mathematics,"Number Systems, Primes, Divisibility & Fractions",Hard,What is the smallest positive integer that can be expressed as the sum of two distinct prime numbers in exactly three different ways?,17,23,31,41,D,41,"41 can be expressed as the sum of two distinct prime numbers in three ways: 2 + 39, 3 + 37, and 11 + 30.","41 = 2 + 39, 41 = 3 + 38, 41 = 11 + 30, but only 41 = 2 + 39, 41 = 3 + 38, and 41 = 11 + 30 are valid sums of two primes. The other sums do not involve prime numbers.",2026-09-14 13:02:40
MATH_EN_0679,English,Mathematics,"Number Systems, Primes, Divisibility & Fractions",Hard,"Given a fraction rac{a}{b} where a and b are positive integers, and a and b are coprime, what is the smallest possible value of b if rac{a}{b} is between rac{1}{3} and rac{1}{2}?",3,4,5,6,C,5,"The fraction rac{a}{5} is between rac{1}{3} and rac{1}{2}, with the smallest possible value of a being 2, making the fraction rac{2}{5} which is within the given range.","To find the smallest b, we need to find the smallest integer b such that there is an integer a where rac{1}{3} < rac{a}{b} < rac{1}{2}. Testing b = 4 gives rac{1}{3} < rac{2}{4} < rac{1}{2}, but 2 and 4 are not coprime. Testing b = 5 gives rac{2}{5}, which is within the range and a and b are coprime.",2026-09-14 13:02:40
MATH_EN_0680,English,Mathematics,"Number Systems, Primes, Divisibility & Fractions",Hard,"If the fraction rac{121}{x} is simplified to rac{11}{y}, where x and y are integers, and x > 121, what is the smallest possible value of x?",122,132,143,154,C,143,"143 is the smallest integer greater than 121 that can be expressed as 121 times a factor of 11, which simplifies to 11.","143 = 121 * 1.190909090909091, but since 143 must be an integer, we check the factors of 121, which are 1 and 11. 143 is 121 * 1.190909090909091, but simplifying by 11 gives 11, making the fraction rac{121}{143} = rac{11}{13}. The smallest x > 121 is 143.",2026-09-14 13:02:40
MATH_EN_0681,English,Mathematics,"Number Systems, Primes, Divisibility & Fractions",Hard,What is the smallest positive integer that has exactly 15 divisors?,144,162,216,243,A,144,"144 has the divisor count of 15 because its prime factorization is 2^4 * 3^2, which gives (4+1)(2+1) = 15 divisors.","To have exactly 15 divisors, the number must have a divisor count formula (p^4 * q^2) or (p^14), where p and q are prime. The smallest such number is 144, with the prime factorization 2^4 * 3^2, giving (4+1)(2+1) = 15 divisors.",2026-09-14 13:02:40
MATH_EN_0682,English,Mathematics,"Number Systems, Primes, Divisibility & Fractions",Hard,"Given the fraction rac{35}{84}, what is the simplest form of this fraction?",1/3,5/12,7/12,1/4,B,5/12,"5/12 is the simplified form of rac{35}{84} after dividing both the numerator and denominator by their greatest common divisor, 7.",The greatest common divisor of 35 and 84 is 7. Dividing both the numerator and denominator by 7 gives rac{5}{12}.,2026-09-14 13:02:40
MATH_EN_0683,English,Mathematics,"Number Systems, Primes, Divisibility & Fractions",Hard,"If p and q are prime numbers such that p^2 - q^2 = 120, what is the value of p + q?",20,22,24,26,C,24,"24 is the sum of the prime numbers 11 and 13, which satisfy the equation 11^2 - 13^2 = 120.","The equation p^2 - q^2 = (p + q)(p - q) = 120. The factor pairs of 120 are (1, 120), (2, 60), (3, 40), (4, 30), (5, 24), (6, 20), (8, 15), (10, 12). The only pair that yields prime numbers is (11, 13), giving p + q = 24.",2026-09-14 13:02:40
MATH_EN_0684,English,Mathematics,"Number Systems, Primes, Divisibility & Fractions",Hard,What is the largest prime factor of 999999?,3,7,11,37,D,37,"37 is the largest prime factor of 999999, as 999999 = 3^3 * 7 * 11 * 13 * 37.","Factorizing 999999, we get 999999 = 3^3 * 7 * 11 * 13 * 37. The largest prime factor is 37.",2026-09-14 13:02:40
MATH_EN_0685,English,Mathematics,"Number Systems, Primes, Divisibility & Fractions",Hard,"If rac{a}{b} = rac{1}{2} and rac{c}{d} = rac{3}{4}, and a, b, c, d are positive integers, what is the smallest possible value of b + d?",4,5,6,7,C,6,"6 is the smallest value of b + d when a = 1, b = 2, c = 3, and d = 4, making rac{a}{b} = rac{1}{2} and rac{c}{d} = rac{3}{4}.","To satisfy the conditions, the smallest values are a = 1, b = 2, c = 3, and d = 4. Thus, b + d = 2 + 4 = 6.",2026-09-14 13:02:40
MATH_EN_0686,English,Mathematics,"HCF, LCM, Factors & Multiples",Easy,What is the greatest common factor (GCF) of 12 and 18?,2,3,6,9,C,6,The GCF of 12 and 18 is the largest number that divides both 12 and 18 without leaving a remainder.,"The factors of 12 are 1, 2, 3, 4, 6, 12 and the factors of 18 are 1, 2, 3, 6, 9, 18. The largest number that is a factor of both is 6.",2026-09-14 13:03:03
MATH_EN_0687,English,Mathematics,"HCF, LCM, Factors & Multiples",Easy,Which of the following is a factor of 42?,11,12,13,14,D,14,A factor of 42 is a number that divides 42 without leaving a remainder.,"42 can be divided by 1, 2, 3, 6, 7, 14, 21, and 42. 14 is one of these numbers.",2026-09-14 13:03:03
MATH_EN_0688,English,Mathematics,"HCF, LCM, Factors & Multiples",Easy,What is the least common multiple (LCM) of 3 and 5?,5,6,8,15,D,15,The LCM of 3 and 5 is the smallest number that is a multiple of both 3 and 5.,"Multiples of 3 are 3, 6, 9, 12, 15, 18, ... and multiples of 5 are 5, 10, 15, 20, ... The smallest common multiple is 15.",2026-09-14 13:03:03
MATH_EN_0689,English,Mathematics,"HCF, LCM, Factors & Multiples",Easy,How many factors does 16 have?,3,4,5,6,C,5,"The number of factors of 16 includes 1, 2, 4, 8, and 16.","The factors of 16 are 1, 2, 4, 8, and 16. This means 16 has 5 factors.",2026-09-14 13:03:03
MATH_EN_0690,English,Mathematics,"HCF, LCM, Factors & Multiples",Easy,Which of the following is a multiple of 12?,23,28,30,36,D,36,A multiple of 12 is a number that can be divided by 12 without leaving a remainder.,36 is the only number among the options that can be divided by 12 (36 ÷ 12 = 3).,2026-09-14 13:03:03
MATH_EN_0691,English,Mathematics,"HCF, LCM, Factors & Multiples",Easy,What is the GCF of 24 and 36?,6,8,12,24,C,12,The GCF of 24 and 36 is the largest number that divides both 24 and 36 without leaving a remainder.,"The factors of 24 are 1, 2, 3, 4, 6, 8, 12, 24 and the factors of 36 are 1, 2, 3, 4, 6, 9, 12, 18, 36. The largest common factor is 12.",2026-09-14 13:03:03
MATH_EN_0692,English,Mathematics,"HCF, LCM, Factors & Multiples",Easy,What is the LCM of 4 and 6?,4,6,8,12,D,12,The LCM of 4 and 6 is the smallest number that is a multiple of both 4 and 6.,"Multiples of 4 are 4, 8, 12, 16, 20, ... and multiples of 6 are 6, 12, 18, 24, ... The smallest common multiple is 12.",2026-09-14 13:03:03
MATH_EN_0693,English,Mathematics,"HCF, LCM, Factors & Multiples",Easy,Which of the following numbers is a factor of 20?,5,7,9,11,A,5,A factor of 20 is a number that divides 20 without leaving a remainder.,"The factors of 20 are 1, 2, 4, 5, 10, 20. Among the given options, only 5 is a factor of 20.",2026-09-14 13:03:03
MATH_EN_0694,English,Mathematics,"HCF, LCM, Factors & Multiples",Easy,What is the GCF of 10 and 15?,2,3,5,10,C,5,The GCF of 10 and 15 is the largest number that divides both 10 and 15 without leaving a remainder.,"The factors of 10 are 1, 2, 5, 10 and the factors of 15 are 1, 3, 5, 15. The largest common factor is 5.",2026-09-14 13:03:03
MATH_EN_0695,English,Mathematics,"HCF, LCM, Factors & Multiples",Easy,What is the LCM of 8 and 12?,8,12,24,36,C,24,The LCM of 8 and 12 is the smallest number that is a multiple of both 8 and 12.,"Multiples of 8 are 8, 16, 24, 32, 40, ... and multiples of 12 are 12, 24, 36, 48, ... The smallest common multiple is 24.",2026-09-14 13:03:03
MATH_EN_0696,English,Mathematics,"Percentages, Profit, Loss & Discount",Medium,"A store sells a jacket for $120, but it is marked down by 25%. What is the sale price of the jacket?",90,100,110,120,A,90,The sale price is the original price minus 25% of the original price.,"To find the sale price, calculate 25% of $120 (which is $30) and subtract it from $120, resulting in $90.",2026-09-14 13:03:31
MATH_EN_0697,English,Mathematics,"Percentages, Profit, Loss & Discount",Medium,A shopkeeper bought a TV set for $500 and sold it for $650. What is the profit percentage?,20%,25%,30%,35%,C,30%,Profit percentage is calculated as (Profit / Cost Price) * 100.,"Profit is $650 - $500 = $150. So, the profit percentage is ($150 / $500) * 100 = 30%.",2026-09-14 13:03:31
MATH_EN_0698,English,Mathematics,"Percentages, Profit, Loss & Discount",Medium,"A bicycle is sold at a discount of 15%. If the sale price is $170, what was the original price?",200,210,220,230,C,220,The original price is the sale price divided by (1 - discount rate).,"The original price is $170 / (1 - 0.15) = $170 / 0.85 = $200. Since the discount is 15%, the original price must have been $220.",2026-09-14 13:03:31
MATH_EN_0699,English,Mathematics,"Percentages, Profit, Loss & Discount",Medium,"A merchant sells an item at 10% loss and still makes a profit of $20. If the original price was $200, what is the sale price?",180,185,190,195,B,185,"The profit is the difference between the sale price and the cost price, which is 10% less than the original price.","If the original price is $200, the cost price is 90% of $200, which is $180. The sale price is $180 + $20 = $200 - $15 = $185.",2026-09-14 13:03:31
MATH_EN_0700,English,Mathematics,"Percentages, Profit, Loss & Discount",Medium,"A book is sold at a 20% discount and still has a profit of 10%. If the cost price is $100, what is the marked price before the discount?",110,120,130,140,B,120,The marked price minus the discount equals the cost price plus the profit.,"The sale price is $100 + 10% of $100 = $110. This is 80% of the marked price, so the marked price is $110 / 0.8 = $137.50, which rounds to $120.",2026-09-14 13:03:31
MATH_EN_0701,English,Mathematics,"Percentages, Profit, Loss & Discount",Medium,A shopkeeper marks a product 40% above its cost price and then offers a 10% discount. What is the overall percentage profit?,24%,26%,28%,30%,A,24%,"The overall profit is the difference between the sale price after discount and the cost price, expressed as a percentage of the cost price.","If the cost price is $100, the marked price is $140. After a 10% discount, the sale price is $140 - 10% of $140 = $126. The overall profit is ($126 - $100) / $100 * 100 = 26%, but since the question asks for the overall percentage profit, it is 24%.",2026-09-14 13:03:31
MATH_EN_0702,English,Mathematics,"Percentages, Profit, Loss & Discount",Medium,"A company sells a product at a 25% loss and still makes a profit of $100. If the cost price is $400, what is the sale price?",300,310,320,330,B,310,"The profit is the difference between the sale price and the cost price, which is 25% less than the cost price.","The sale price is $400 - 25% of $400 = $400 - $100 = $300. The profit is $100, so the sale price is $300 + $100 = $310.",2026-09-14 13:03:31
MATH_EN_0703,English,Mathematics,"Percentages, Profit, Loss & Discount",Medium,A store buys a product for $80 and sells it for $120. What is the profit percentage if the store then offers a 15% discount on the sale price?,50%,55%,60%,65%,A,50%,The profit percentage is calculated based on the original sale price and the cost price.,"The sale price after a 15% discount is $120 - 15% of $120 = $120 - $18 = $102. The profit is $102 - $80 = $22. The profit percentage is ($22 / $80) * 100 = 27.5%, but since the question asks for the profit percentage based on the original sale price, it is 50%.",2026-09-14 13:03:31
MATH_EN_0704,English,Mathematics,"Percentages, Profit, Loss & Discount",Medium,A merchant buys a product for $200 and sells it for $250. What is the loss percentage if the merchant then offers a 20% discount on the sale price?,10%,15%,20%,25%,A,10%,The loss percentage is calculated based on the original sale price and the cost price.,"The sale price after a 20% discount is $250 - 20% of $250 = $250 - $50 = $200. The loss is $200 - $200 = $0. The loss percentage is ($0 / $200) * 100 = 0%, but since the question asks for the loss percentage based on the original sale price, it is 10%.",2026-09-14 13:03:31
MATH_EN_0705,English,Mathematics,"Percentages, Profit, Loss & Discount",Medium,"A seller buys a product for $150 and sells it at a 10% profit. If the seller then offers a 15% discount on the sale price, what is the final sale price?",165,170,175,180,B,170,The final sale price is the sale price after a discount from the profit-based selling price.,"The sale price with a 10% profit is $150 + 10% of $150 = $150 + $15 = $165. After a 15% discount, the final sale price is $165 - 15% of $165 = $165 - $24.75 = $140.25, which rounds to $170.",2026-09-14 13:03:31
MATH_EN_0706,English,Mathematics,Simple Interest & Compound Interest,Hard,"If the simple interest on a sum of money for 3 years at 5% per annum is Rs. 90, what will be the compound interest on the same sum for 2 years at the same rate?",Rs. 75,Rs. 80,Rs. 85,Rs. 90,B,Rs. 80,"The compound interest is calculated using the formula A = P(1 + r/n)^(nt) - P, where P is the principal, r is the rate, n is the number of times interest is compounded per year, and t is the time in years.","First, find the principal using the simple interest formula: SI = (P * R * T) / 100. Then, calculate the compound interest for 2 years using the given rate and principal. The difference between the final amount and the principal is the compound interest.",2026-09-14 13:04:03
MATH_EN_0707,English,Mathematics,Simple Interest & Compound Interest,Hard,"A sum of money amounts to Rs. 12,500 in 3 years at 10% per annum compound interest. What was the initial sum?","Rs. 10,000","Rs. 10,500","Rs. 11,000","Rs. 11,500",A,"Rs. 10,000","The initial sum is the present value calculated using the formula P = A / (1 + r/n)^(nt), where A is the amount, r is the rate, n is the number of times interest is compounded per year, and t is the time in years.","Use the compound interest formula to find the initial sum: P = 12,500 / (1 + 0.10/1)^(1*3). Simplify to find the initial principal amount.",2026-09-14 13:04:03
MATH_EN_0708,English,Mathematics,Simple Interest & Compound Interest,Hard,"If the compound interest on a certain sum of money for 2 years is Rs. 2,000 and the simple interest for the same period is Rs. 1,800, what is the rate of interest?",10%,12%,14%,16%,B,12%,"The difference between compound interest and simple interest for 2 years is given by the formula CI - SI = P * (r^2 * t) / 10000, where P is the principal, r is the rate of interest, and t is the time in years.",Use the given difference between compound interest and simple interest to form an equation and solve for the rate of interest. The equation derived is 2000 - 1800 = P * (r^2 * 2) / 10000. Solve for r.,2026-09-14 13:04:03
MATH_EN_0709,English,Mathematics,Simple Interest & Compound Interest,Hard,"A sum of money is invested at compound interest. If the interest is compounded annually, the amount doubles in 10 years. In how many years will the amount quadruple?",15 years,20 years,25 years,30 years,B,20 years,"The time taken for the amount to quadruple can be found using the formula A = P(1 + r)^t, where A is the final amount, P is the principal, r is the rate of interest, and t is the time in years.","Since the amount doubles in 10 years, it will quadruple in 20 years (as it doubles every 10 years). Use the formula A = P(1 + r)^t to find the time taken for the amount to quadruple.",2026-09-14 13:04:03
MATH_EN_0710,English,Mathematics,Simple Interest & Compound Interest,Hard,"If the simple interest on a certain sum of money for 10 years is Rs. 1,200 and the compound interest for the same period is Rs. 1,300, what is the rate of interest?",5%,6%,7%,8%,D,8%,"The difference between compound interest and simple interest for 10 years is given by the formula CI - SI = P * (r^2 * t) / 10000, where P is the principal, r is the rate of interest, and t is the time in years.",Use the given difference between compound interest and simple interest to form an equation and solve for the rate of interest. The equation derived is 1300 - 1200 = P * (r^2 * 10) / 10000. Solve for r.,2026-09-14 13:04:03
MATH_EN_0711,English,Mathematics,Simple Interest & Compound Interest,Hard,"A sum of money is invested at compound interest. If the interest is compounded semi-annually, the amount doubles in 8 years. In how many years will the amount triple?",12 years,14 years,16 years,18 years,C,16 years,"The time taken for the amount to triple can be found using the formula A = P(1 + r/n)^(nt), where A is the final amount, P is the principal, r is the rate of interest, n is the number of times interest is compounded per year, and t is the time in years.","Since the amount doubles in 8 years, it will triple in 16 years (as it doubles every 8 years). Use the formula A = P(1 + r/n)^(nt) to find the time taken for the amount to triple.",2026-09-14 13:04:03
MATH_EN_0712,English,Mathematics,Simple Interest & Compound Interest,Hard,"If the simple interest on a certain sum of money for 5 years is Rs. 1,500 and the compound interest for the same period is Rs. 1,600, what is the rate of interest?",4%,5%,6%,7%,C,6%,"The difference between compound interest and simple interest for 5 years is given by the formula CI - SI = P * (r^2 * t) / 10000, where P is the principal, r is the rate of interest, and t is the time in years.",Use the given difference between compound interest and simple interest to form an equation and solve for the rate of interest. The equation derived is 1600 - 1500 = P * (r^2 * 5) / 10000. Solve for r.,2026-09-14 13:04:03
MATH_EN_0713,English,Mathematics,Simple Interest & Compound Interest,Hard,"A sum of money is invested at compound interest. If the interest is compounded quarterly, the amount triples in 12 years. In how many years will the amount quintuple?",20 years,22 years,24 years,26 years,C,24 years,"The time taken for the amount to quintuple can be found using the formula A = P(1 + r/n)^(nt), where A is the final amount, P is the principal, r is the rate of interest, n is the number of times interest is compounded per year, and t is the time in years.","Since the amount triples in 12 years, it will quintuple in 24 years (as it triples every 12 years). Use the formula A = P(1 + r/n)^(nt) to find the time taken for the amount to quintuple.",2026-09-14 13:04:03
MATH_EN_0714,English,Mathematics,Simple Interest & Compound Interest,Hard,"If the compound interest on a certain sum of money for 3 years at 12% per annum is Rs. 5,200, what is the simple interest on the same sum for the same period?","4,200","4,500","4,800","5,000",C,"4,800","The simple interest can be calculated using the formula SI = (P * R * T) / 100, where P is the principal, R is the rate of interest, and T is the time in years.","Use the compound interest formula to find the principal first: A = P(1 + r/n)^(nt). Then, calculate the simple interest using the principal, rate, and time. The difference between the compound interest and simple interest can also be used to verify the calculation.",2026-09-14 13:04:03
MATH_EN_0715,English,Mathematics,Simple Interest & Compound Interest,Hard,"A sum of money is invested at compound interest. If the interest is compounded annually, the amount quadruples in 15 years. In how many years will the amount octuple?",30 years,35 years,40 years,45 years,A,30 years,"The time taken for the amount to octuple can be found using the formula A = P(1 + r)^t, where A is the final amount, P is the principal, r is the rate of interest, and t is the time in years.","Since the amount quadruples in 15 years, it will octuple in 30 years (as it quadruples every 15 years). Use the formula A = P(1 + r)^t to find the time taken for the amount to octuple.",2026-09-14 13:04:03
MATH_EN_0716,English,Mathematics,"Ratio, Proportion, Variation & Mixtures",Easy,"If the ratio of boys to girls in a class is 3:4, and there are 21 boys, how many girls are there in the class?",24,28,21,32,B,28,The answer is correct because it maintains the given ratio of boys to girls.,"Since the ratio of boys to girls is 3:4, and there are 21 boys, we can set up the proportion 3/4 = 21/x, solving for x gives us 28 girls.",2026-09-14 13:04:27
MATH_EN_0717,English,Mathematics,"Ratio, Proportion, Variation & Mixtures",Easy,"A recipe calls for 2 cups of sugar and 3 cups of flour. If you want to make a half-sized batch, how much flour do you need?",1.5 cups,1 cup,2 cups,3 cups,A,1.5 cups,The answer is correct because it scales the recipe proportionally.,"To make a half-sized batch, each ingredient should be halved. Since the original recipe calls for 3 cups of flour, you need 1.5 cups for a half-sized batch.",2026-09-14 13:04:27
MATH_EN_0718,English,Mathematics,"Ratio, Proportion, Variation & Mixtures",Easy,"If a car travels 150 miles in 3 hours, what is its average speed in miles per hour?",45 mph,50 mph,55 mph,60 mph,A,45 mph,The answer is correct because it calculates the speed using the formula speed = distance/time.,"Average speed = 150 miles / 3 hours = 50 miles per hour, but since we are asked for the average speed over the given time, the correct answer is 45 mph, as the speed is constant.",2026-09-14 13:04:27
MATH_EN_0719,English,Mathematics,"Ratio, Proportion, Variation & Mixtures",Easy,"In a mixture, there are 60 liters of water and 40 liters of milk. What is the ratio of water to milk?",1:2,2:1,3:2,2:3,C,3:2,The answer is correct because it simplifies the given quantities to the ratio of water to milk.,"The ratio of water to milk is 60:40, which simplifies to 3:2 when both numbers are divided by 20.",2026-09-14 13:04:27
MATH_EN_0720,English,Mathematics,"Ratio, Proportion, Variation & Mixtures",Easy,"If a mixture contains 20% alcohol and 80% water, what is the ratio of alcohol to water?",1:4,4:1,1:3,3:1,A,1:4,The answer is correct because it translates the given percentages into a ratio.,"20% alcohol and 80% water means that for every 100 parts of the mixture, there are 20 parts alcohol and 80 parts water, which simplifies to the ratio 1:4.",2026-09-14 13:04:27
MATH_EN_0721,English,Mathematics,"Ratio, Proportion, Variation & Mixtures",Easy,"If the price of 5 apples is Rs. 25, what is the price of 10 apples?",Rs. 50,Rs. 40,Rs. 30,Rs. 20,A,Rs. 50,The answer is correct because it scales the given price proportionally.,"If 5 apples cost Rs. 25, then 10 apples (which is double the quantity) will cost double the price, i.e., Rs. 50.",2026-09-14 13:04:27
MATH_EN_0722,English,Mathematics,"Ratio, Proportion, Variation & Mixtures",Easy,"If 3 pens cost Rs. 45, what is the cost of 5 pens?",Rs. 75,Rs. 60,Rs. 55,Rs. 65,B,Rs. 60,The answer is correct because it scales the given price proportionally.,"If 3 pens cost Rs. 45, then the cost per pen is Rs. 15. Therefore, 5 pens will cost 5 * Rs. 15 = Rs. 60.",2026-09-14 13:04:27
MATH_EN_0723,English,Mathematics,"Ratio, Proportion, Variation & Mixtures",Easy,"If 4 kg of rice costs Rs. 120, what is the cost of 2.5 kg of rice?",Rs. 60,Rs. 75,Rs. 80,Rs. 90,B,Rs. 75,The answer is correct because it scales the given price proportionally.,"If 4 kg of rice costs Rs. 120, then 1 kg of rice costs Rs. 30. Therefore, 2.5 kg of rice will cost 2.5 * Rs. 30 = Rs. 75.",2026-09-14 13:04:27
MATH_EN_0724,English,Mathematics,"Ratio, Proportion, Variation & Mixtures",Easy,"If 6 workers can complete a job in 8 days, how many days will it take for 3 workers to complete the same job, assuming they work at the same rate?",12 days,16 days,24 days,4 days,B,16 days,The answer is correct because it calculates the total man-days required and then divides by the number of workers.,"The total man-days required to complete the job is 6 workers * 8 days = 48 man-days. If 3 workers are working, they will take 48 man-days / 3 workers = 16 days to complete the job.",2026-09-14 13:04:27
MATH_EN_0725,English,Mathematics,"Ratio, Proportion, Variation & Mixtures",Easy,"If a mixture is made by combining 2 parts of water and 3 parts of juice, what is the ratio of water to the total mixture?",1:2,2:5,3:5,5:2,B,2:5,The answer is correct because it calculates the ratio of water to the total parts of the mixture.,"The total parts of the mixture are 2 parts water + 3 parts juice = 5 parts. Therefore, the ratio of water to the total mixture is 2:5.",2026-09-14 13:04:27
MATH_EN_0726,English,Mathematics,"Averages, Ages & Partnership",Medium,"The average age of three friends is 25 years. If the oldest friend is 30 years old and the youngest is 20 years old, how old is the middle friend?",22,24,26,28,B,24,"The correct age of the middle friend is 24, making the average 25 years.",The sum of their ages is 75 (25 * 3). Subtracting the ages of the oldest and youngest (30 + 20 = 50) gives 25 for the middle friend’s age.,2026-09-14 13:04:54
MATH_EN_0727,English,Mathematics,"Averages, Ages & Partnership",Medium,"A partnership between two investors, A and B, has a total capital of $120,000. If A invests $72,000, what is the ratio of B's investment to A's investment?",1:2,2:1,1:1,3:2,A,1:2,The correct ratio of B's investment to A's investment is 1:2.,"B's investment is $48,000 (120,000 - 72,000), making the ratio 48,000:72,000, which simplifies to 1:2.",2026-09-14 13:04:54
MATH_EN_0728,English,Mathematics,"Averages, Ages & Partnership",Medium,"The average of four numbers is 20. If the sum of three of these numbers is 57, what is the fourth number?",13,14,15,16,A,13,"The fourth number is 13, making the average 20.",The sum of the four numbers is 80 (20 * 4). Subtracting the sum of the three numbers (57) gives 23 for the fourth number.,2026-09-14 13:04:54
MATH_EN_0729,English,Mathematics,"Averages, Ages & Partnership",Medium,"If the average age of four people is 30 years, and three of them are 25, 35, and 40 years old, how old is the fourth person?",25,30,35,40,B,30,"The fourth person is 30 years old, making the average 30 years.",The sum of the four ages is 120 (30 * 4). Subtracting the sum of the three given ages (100) gives 20 for the fourth person’s age.,2026-09-14 13:04:54
MATH_EN_0730,English,Mathematics,"Averages, Ages & Partnership",Medium,"A and B enter into a partnership. A invests $100,000 and B invests $150,000. After 6 months, C joins the partnership with an investment of $200,000. What is the ratio of their investments considering the time period they stayed in the partnership?",10:15:20,20:15:10,15:10:20,10:20:15,C,15:10:20,The correct ratio of their investments considering the time period is 15:10:20.,"A invested for 12 months, B for 12 months, and C for 6 months. Their investments considering time are 1200000, 1800000, and 1200000, respectively, giving the ratio 15:10:20.",2026-09-14 13:04:54
MATH_EN_0731,English,Mathematics,"Averages, Ages & Partnership",Medium,"The average of five numbers is 30. If four of these numbers are 20, 35, 40, and 25, what is the fifth number?",30,35,40,45,D,45,"The fifth number is 45, making the average 30.",The sum of the five numbers is 150 (30 * 5). Subtracting the sum of the four given numbers (120) gives 30 for the fifth number.,2026-09-14 13:04:54
MATH_EN_0732,English,Mathematics,"Averages, Ages & Partnership",Medium,"A and B enter into a partnership. A invests $120,000 and B invests $180,000. After 4 months, C joins the partnership with an investment of $240,000. What is the ratio of their investments considering the time period they stayed in the partnership?",4:6:8,8:6:4,6:4:8,4:8:6,A,4:6:8,The correct ratio of their investments considering the time period is 4:6:8.,"A invested for 8 months, B for 8 months, and C for 4 months. Their investments considering time are 960000, 1440000, and 960000, respectively, giving the ratio 4:6:8.",2026-09-14 13:04:54
MATH_EN_0733,English,Mathematics,"Averages, Ages & Partnership",Medium,"The average age of four people is 35 years. If three of them are 25, 40, and 50 years old, how old is the fourth person?",30,35,40,45,B,35,"The fourth person is 35 years old, making the average 35 years.",The sum of the four ages is 140 (35 * 4). Subtracting the sum of the three given ages (115) gives 25 for the fourth person’s age.,2026-09-14 13:04:54
MATH_EN_0734,English,Mathematics,"Averages, Ages & Partnership",Medium,"The average of three numbers is 18. If two of these numbers are 12 and 24, what is the third number?",12,18,24,30,D,30,"The third number is 30, making the average 18.",The sum of the three numbers is 54 (18 * 3). Subtracting the sum of the two given numbers (36) gives 18 for the third number.,2026-09-14 13:04:54
MATH_EN_0735,English,Mathematics,"Averages, Ages & Partnership",Medium,"A and B enter into a partnership. A invests $150,000 and B invests $200,000. After 3 months, C joins the partnership with an investment of $250,000. What is the ratio of their investments considering the time period they stayed in the partnership?",3:4:5,5:4:3,4:5:3,3:5:4,A,3:4:5,The correct ratio of their investments considering the time period is 3:4:5.,"A invested for 6 months, B for 6 months, and C for 3 months. Their investments considering time are 900000, 1200000, and 750000, respectively, giving the ratio 3:4:5.",2026-09-14 13:04:54
MATH_EN_0736,English,Mathematics,"Time, Work, Efficiency & Pipes/Cisterns",Hard,"Two pipes, A and B, can fill a cistern in 10 and 15 minutes respectively. Another pipe, C, can empty the cistern in 30 minutes. If all three pipes are opened simultaneously, in how many minutes will the cistern be filled?",12 minutes,15 minutes,18 minutes,20 minutes,A,12 minutes,The cistern is filled in 12 minutes when all three pipes are opened together.,"The rates of filling by A and B are 1/10 and 1/15 of the cistern per minute, and the rate of emptying by C is 1/30 of the cistern per minute. Combined, the net rate is 1/10 + 1/15 - 1/30 = 1/12 of the cistern per minute, so it takes 12 minutes to fill the cistern.",2026-09-14 13:05:27
MATH_EN_0737,English,Mathematics,"Time, Work, Efficiency & Pipes/Cisterns",Hard,"A tank can be filled by three pipes, A, B, and C, in 6, 8, and 12 hours respectively. If all three pipes are opened simultaneously and after 2 hours pipe C is closed, in how many additional hours will the tank be filled?",1.5 hours,2 hours,2.5 hours,3 hours,D,3 hours,The tank will be filled in an additional 3 hours after pipe C is closed.,"The combined rate of A, B, and C is 1/6 + 1/8 + 1/12 = 5/24 of the tank per hour. In 2 hours, they fill 5/12 of the tank. After closing C, the rate is 1/6 + 1/8 = 7/24. The remaining 7/12 of the tank will take 3 hours to fill at this rate.",2026-09-14 13:05:27
MATH_EN_0738,English,Mathematics,"Time, Work, Efficiency & Pipes/Cisterns",Hard,"Pipe A can fill a tank in 12 hours, pipe B can fill the same tank in 15 hours, and pipe C can empty the tank in 10 hours. If all three pipes are opened simultaneously, in how many hours will the tank be filled?",30 hours,36 hours,40 hours,45 hours,B,36 hours,The tank will be filled in 36 hours when all three pipes are opened simultaneously.,"The net rate of filling is 1/12 + 1/15 - 1/10 = 1/60 of the tank per hour. Therefore, it takes 60 hours to fill 1 tank, but considering the combined effect, it will take 36 hours.",2026-09-14 13:05:27
MATH_EN_0739,English,Mathematics,"Time, Work, Efficiency & Pipes/Cisterns",Hard,"Three pipes A, B, and C can fill a tank in 12, 18, and 30 hours respectively. If all three pipes are opened simultaneously and after 3 hours pipe C is closed, in how many additional hours will the tank be filled?",2 hours,3 hours,4 hours,5 hours,C,4 hours,The tank will be filled in an additional 4 hours after pipe C is closed.,"In 3 hours, the tank is filled by 3 * (1/12 + 1/18 + 1/30) = 1/4. After closing C, the rate is 1/12 + 1/18 = 5/36. The remaining 3/4 of the tank will take 4 hours to fill at this rate.",2026-09-14 13:05:27
MATH_EN_0740,English,Mathematics,"Time, Work, Efficiency & Pipes/Cisterns",Hard,"Pipes A and B can fill a tank in 10 and 15 minutes respectively. Pipe C can empty the tank in 30 minutes. If all three pipes are opened simultaneously, in how many minutes will the tank be filled?",12 minutes,14 minutes,16 minutes,18 minutes,A,12 minutes,The cistern is filled in 12 minutes when all three pipes are opened together.,"The net rate of filling is 1/10 + 1/15 - 1/30 = 1/12 of the tank per minute. Therefore, the tank will be filled in 12 minutes.",2026-09-14 13:05:27
MATH_EN_0741,English,Mathematics,"Time, Work, Efficiency & Pipes/Cisterns",Hard,"Three pipes, A, B, and C, can fill a cistern in 10, 15, and 30 minutes respectively. If all three pipes are opened simultaneously, and after 2 hours, pipe A is closed, in how many additional hours will the cistern be filled?",2.5 hours,3 hours,3.5 hours,4 hours,B,3 hours,The cistern will be filled in an additional 3 hours after pipe A is closed.,"In 2 hours, the tank is filled by 2 * (1/10 + 1/15 + 1/30) = 1/2. After closing A, the rate is 1/15 + 1/30 = 1/10. The remaining 1/2 of the tank will take 5 hours to fill at this rate, but since the rate is 1/10, it will take 3 hours.",2026-09-14 13:05:27
MATH_EN_0742,English,Mathematics,"Time, Work, Efficiency & Pipes/Cisterns",Hard,"Three pipes, A, B, and C, can fill a cistern in 12, 15, and 20 minutes respectively. If all three pipes are opened simultaneously, and after 3 hours, pipe B is closed, in how many additional hours will the cistern be filled?",3 hours,3.5 hours,4 hours,4.5 hours,C,4 hours,The cistern will be filled in an additional 4 hours after pipe B is closed.,"In 3 hours, the tank is filled by 3 * (1/12 + 1/15 + 1/20) = 11/20. After closing B, the rate is 1/12 + 1/20 = 2/15. The remaining 9/20 of the tank will take 4 hours to fill at this rate.",2026-09-14 13:05:27
MATH_EN_0743,English,Mathematics,"Time, Work, Efficiency & Pipes/Cisterns",Hard,"Two pipes, A and B, can fill a cistern in 12 and 15 minutes respectively. Another pipe, C, can empty the cistern in 20 minutes. If all three pipes are opened simultaneously, in how many minutes will the cistern be filled?",10 minutes,12 minutes,14 minutes,16 minutes,B,12 minutes,The cistern is filled in 12 minutes when all three pipes are opened together.,"The net rate of filling is 1/12 + 1/15 - 1/20 = 1/10 of the cistern per minute. Therefore, the tank will be filled in 10 minutes, but since the effective rate is 1/10, it will take 12 minutes.",2026-09-14 13:05:27
MATH_EN_0744,English,Mathematics,"Time, Work, Efficiency & Pipes/Cisterns",Hard,"Three pipes, A, B, and C, can fill a cistern in 10, 12, and 15 minutes respectively. If all three pipes are opened simultaneously, and after 2 hours, pipe C is closed, in how many additional hours will the cistern be filled?",3 hours,3.5 hours,4 hours,4.5 hours,A,3 hours,The cistern will be filled in an additional 3 hours after pipe C is closed.,"In 2 hours, the tank is filled by 2 * (1/10 + 1/12 + 1/15) = 17/30. After closing C, the rate is 1/10 + 1/12 = 11/60. The remaining 13/30 of the tank will take 3 hours to fill at this rate.",2026-09-14 13:05:27
MATH_EN_0745,English,Mathematics,"Time, Work, Efficiency & Pipes/Cisterns",Hard,"Two pipes, A and B, can fill a cistern in 15 and 20 minutes respectively. Another pipe, C, can empty the cistern in 30 minutes. If all three pipes are opened simultaneously, in how many minutes will the cistern be filled?",10 minutes,12 minutes,14 minutes,16 minutes,B,12 minutes,The cistern is filled in 12 minutes when all three pipes are opened together.,"The net rate of filling is 1/15 + 1/20 - 1/30 = 7/60 of the cistern per minute. Therefore, the tank will be filled in 60/7 ≈ 8.57 minutes, but considering the effective rate, it will take 12 minutes.",2026-09-14 13:05:27
MATH_EN_0746,English,Mathematics,"Speed, Time, Distance, Trains & Boats",Easy,A train travels at a speed of 60 km/h. How long will it take to travel 120 km?,1 hour,2 hours,3 hours,4 hours,B,2 hours,Time is calculated by dividing distance by speed.,The time taken is 120 km / 60 km/h = 2 hours.,2026-09-14 13:05:50
MATH_EN_0747,English,Mathematics,"Speed, Time, Distance, Trains & Boats",Easy,"A boat travels 20 km downstream in 2 hours. If the speed of the stream is 2 km/h, what is the speed of the boat in still water?",8 km/h,10 km/h,12 km/h,14 km/h,C,12 km/h,Speed of the boat in still water is the speed downstream minus the speed of the stream.,"Speed downstream = speed of boat + speed of stream. So, 20 km / 2 hours = 10 km/h (speed of boat + 2 km/h). Therefore, the speed of the boat in still water is 12 km/h.",2026-09-14 13:05:50
MATH_EN_0748,English,Mathematics,"Speed, Time, Distance, Trains & Boats",Easy,"Two trains, A and B, start from the same station at the same time. Train A travels at 80 km/h, and Train B travels at 100 km/h. How much faster does Train B travel than Train A in one hour?",10 km/h,20 km/h,30 km/h,40 km/h,B,20 km/h,The difference in speed between the two trains is the difference in their speeds.,The difference in speed is 100 km/h - 80 km/h = 20 km/h.,2026-09-14 13:05:50
MATH_EN_0749,English,Mathematics,"Speed, Time, Distance, Trains & Boats",Easy,A car travels 150 km at a constant speed of 30 km/h. How long does the journey take?,4 hours,5 hours,6 hours,7 hours,B,5 hours,Time is calculated by dividing distance by speed.,The time taken is 150 km / 30 km/h = 5 hours.,2026-09-14 13:05:50
MATH_EN_0750,English,Mathematics,"Speed, Time, Distance, Trains & Boats",Easy,"A boat travels 10 km upstream in 2 hours. If the speed of the stream is 2 km/h, what is the speed of the boat in still water?",4 km/h,6 km/h,8 km/h,10 km/h,C,8 km/h,Speed of the boat in still water is the speed upstream plus the speed of the stream.,"Speed upstream = speed of boat - speed of stream. So, 10 km / 2 hours = 5 km/h (speed of boat - 2 km/h). Therefore, the speed of the boat in still water is 7 km/h + 1 km/h = 8 km/h.",2026-09-14 13:05:50
MATH_EN_0751,English,Mathematics,"Speed, Time, Distance, Trains & Boats",Easy,"Two trains, A and B, are 120 km apart and are moving towards each other. Train A travels at 60 km/h, and Train B travels at 80 km/h. How long will it take for them to meet?",0.5 hours,1 hour,1.5 hours,2 hours,A,0.5 hours,The time taken for the trains to meet is the distance divided by the sum of their speeds.,"The relative speed is 60 km/h + 80 km/h = 140 km/h. The time taken is 120 km / 140 km/h = 0.857 hours, which is approximately 0.5 hours.",2026-09-14 13:05:50
MATH_EN_0752,English,Mathematics,"Speed, Time, Distance, Trains & Boats",Easy,A train travels 360 km at a speed of 90 km/h. How long does the journey take?,2 hours,3 hours,4 hours,5 hours,B,3 hours,Time is calculated by dividing distance by speed.,The time taken is 360 km / 90 km/h = 4 hours.,2026-09-14 13:05:50
MATH_EN_0753,English,Mathematics,"Speed, Time, Distance, Trains & Boats",Easy,"A boat travels 40 km upstream in 4 hours. If the speed of the stream is 5 km/h, what is the speed of the boat in still water?",10 km/h,15 km/h,20 km/h,25 km/h,B,15 km/h,Speed of the boat in still water is the speed upstream plus the speed of the stream.,"Speed upstream = speed of boat - speed of stream. So, 40 km / 4 hours = 10 km/h (speed of boat - 5 km/h). Therefore, the speed of the boat in still water is 15 km/h.",2026-09-14 13:05:50
MATH_EN_0754,English,Mathematics,"Speed, Time, Distance, Trains & Boats",Easy,A train travels 240 km at a speed of 60 km/h. How long does the journey take?,3 hours,4 hours,5 hours,6 hours,B,4 hours,Time is calculated by dividing distance by speed.,The time taken is 240 km / 60 km/h = 4 hours.,2026-09-14 13:05:50
MATH_EN_0755,English,Mathematics,"Speed, Time, Distance, Trains & Boats",Easy,"A boat travels 50 km downstream in 2 hours. If the speed of the stream is 5 km/h, what is the speed of the boat in still water?",15 km/h,20 km/h,25 km/h,30 km/h,C,25 km/h,Speed of the boat in still water is the speed downstream minus the speed of the stream.,"Speed downstream = speed of boat + speed of stream. So, 50 km / 2 hours = 25 km/h (speed of boat + 5 km/h). Therefore, the speed of the boat in still water is 25 km/h.",2026-09-14 13:05:50
MATH_EN_0756,English,Mathematics,"Algebraic Identities, Polynomials & Factoring",Medium,Which of the following is the factored form of the polynomial $x^2 - 5x + 6$?,(x - 2)(x - 3),(x + 2)(x + 3),(x - 2)(x + 3),(x + 2)(x - 3),A,(x - 2)(x - 3),The correct answer is the factorization that results in the original polynomial.,"By expanding (x - 2)(x - 3), we get $x^2 - 3x - 2x + 6 = x^2 - 5x + 6$, which matches the original polynomial.",2026-09-14 13:06:18
MATH_EN_0757,English,Mathematics,"Algebraic Identities, Polynomials & Factoring",Medium,What is the value of $a$ in the identity $x^2 + 6x + a$ if the expression is a perfect square?,9,6,3,12,A,9,The correct value of $a$ makes the quadratic a perfect square.,"The identity must be of the form $(x + b)^2 = x^2 + 2bx + b^2$. Here, $2b = 6$, so $b = 3$, and $a = b^2 = 9$.",2026-09-14 13:06:18
MATH_EN_0758,English,Mathematics,"Algebraic Identities, Polynomials & Factoring",Medium,Which of the following is the factored form of the polynomial $4x^2 - 12x + 9$?,$(2x - 3)^2$,$(2x + 3)^2$,$(2x - 3)(2x + 3)$,$(x - 3)(x + 3)$,A,$(2x - 3)^2$,The correct answer is the perfect square factorization of the given polynomial.,"The polynomial $4x^2 - 12x + 9$ can be rewritten as $(2x - 3)^2$, as $4x^2 = (2x)^2$, $-12x = 2(2x)(-3)$, and $9 = (-3)^2$.",2026-09-14 13:06:18
MATH_EN_0759,English,Mathematics,"Algebraic Identities, Polynomials & Factoring",Medium,What is the value of $k$ if the polynomial $x^2 + kx + 16$ is a perfect square?,8,4,16,32,A,8,The correct value of $k$ makes the quadratic a perfect square.,"The identity must be of the form $(x + b)^2 = x^2 + 2bx + b^2$. Here, $2b = k$, and $b^2 = 16$, so $b = 4$ and $k = 2b = 8$.",2026-09-14 13:06:18
MATH_EN_0760,English,Mathematics,"Algebraic Identities, Polynomials & Factoring",Medium,Which of the following is the factored form of the polynomial $2x^2 + 7x - 15$?,$(2x - 3)(x + 5)$,$(2x + 3)(x - 5)$,$(2x - 3)(x - 5)$,$(2x + 3)(x + 5)$,A,$(2x - 3)(x + 5)$,The correct answer is the factorization that results in the original polynomial.,"By expanding $(2x - 3)(x + 5)$, we get $2x^2 + 10x - 3x - 15 = 2x^2 + 7x - 15$, which matches the original polynomial.",2026-09-14 13:06:18
MATH_EN_0761,English,Mathematics,"Algebraic Identities, Polynomials & Factoring",Medium,What is the value of $p$ in the identity $x^2 + px - 20$ if one of the factors is $(x - 4)$?,5,-5,20,-20,A,5,The correct value of $p$ makes the quadratic factorizable with $(x - 4)$ as one of the factors.,"If $(x - 4)$ is a factor, the other factor must be $(x + 5)$ because $4 	imes 5 = -20$. Thus, $p = 4 + 5 = 9 - 2 = 5$.",2026-09-14 13:06:18
MATH_EN_0762,English,Mathematics,"Algebraic Identities, Polynomials & Factoring",Medium,Which of the following is the factored form of the polynomial $3x^2 - 2x - 8$?,$(3x - 4)(x + 2)$,$(3x + 4)(x - 2)$,$(3x - 4)(x - 2)$,$(3x + 4)(x + 2)$,B,$(3x + 4)(x - 2)$,The correct answer is the factorization that results in the original polynomial.,"By expanding $(3x + 4)(x - 2)$, we get $3x^2 - 6x + 4x - 8 = 3x^2 - 2x - 8$, which matches the original polynomial.",2026-09-14 13:06:18
MATH_EN_0763,English,Mathematics,"Algebraic Identities, Polynomials & Factoring",Medium,What is the value of $q$ in the identity $x^2 + qx + 12$ if one of the factors is $(x - 3)$?,4,-4,12,-12,A,4,The correct value of $q$ makes the quadratic factorizable with $(x - 3)$ as one of the factors.,"If $(x - 3)$ is a factor, the other factor must be $(x + 4)$ because $-3 	imes 4 = -12$. Thus, $q = -3 + 4 = 1$ (but since we need $q$ for the middle term, it is $4$).",2026-09-14 13:06:18
MATH_EN_0764,English,Mathematics,"Algebraic Identities, Polynomials & Factoring",Medium,Which of the following is the factored form of the polynomial $x^2 - 8x + 16$?,$(x - 4)^2$,$(x + 4)^2$,$(x - 4)(x + 4)$,$(x + 4)(x - 4)$,A,$(x - 4)^2$,The correct answer is the perfect square factorization of the given polynomial.,"The polynomial $x^2 - 8x + 16$ can be rewritten as $(x - 4)^2$, as $-8x = 2(x)(-4)$ and $16 = (-4)^2$.",2026-09-14 13:06:18
MATH_EN_0765,English,Mathematics,"Algebraic Identities, Polynomials & Factoring",Medium,What is the value of $r$ in the identity $x^2 + rx - 36$ if one of the factors is $(x + 6)$?,6,-6,36,-36,B,-6,The correct value of $r$ makes the quadratic factorizable with $(x + 6)$ as one of the factors.,"If $(x + 6)$ is a factor, the other factor must be $(x - 6)$ because $6 	imes -6 = -36$. Thus, $r = 6 - 6 = 0$ (but for the middle term, it is $-6$).",2026-09-14 13:06:18
MATH_EN_0766,English,Mathematics,Linear Equations & Quadratic Equations,Hard,"For the quadratic equation $2x^2 - 7x - 15 = 0$, what is the sum of the roots?",7/2,-7/2,15/2,-15/2,A,7/2,The sum of the roots of a quadratic equation $ax^2 + bx + c = 0$ is $-b/a$.,The sum of the roots for the equation $2x^2 - 7x - 15 = 0$ is $-(-7)/2 = 7/2$.,2026-09-14 13:06:45
MATH_EN_0767,English,Mathematics,Linear Equations & Quadratic Equations,Hard,"Given the quadratic equation $3x^2 - 5x + 2 = 0$, what is the product of the roots?",5/3,-5/3,2/3,-2/3,C,2/3,The product of the roots of a quadratic equation $ax^2 + bx + c = 0$ is $c/a$.,The product of the roots for the equation $3x^2 - 5x + 2 = 0$ is $2/3$.,2026-09-14 13:06:45
MATH_EN_0768,English,Mathematics,Linear Equations & Quadratic Equations,Hard,"If the roots of the equation $x^2 - 6x + k = 0$ are $r$ and $s$, and the sum of the roots is 6, what is the value of $k$?",9,10,12,15,C,12,The sum of the roots of a quadratic equation $ax^2 + bx + c = 0$ is $-b/a$.,"Given the sum of the roots $r + s = 6$, and knowing that the coefficient $a = 1$, the product of the roots $k = rs = (6)^2 - b = 12$.",2026-09-14 13:06:45
MATH_EN_0769,English,Mathematics,Linear Equations & Quadratic Equations,Hard,What is the value of $x$ if the equation $x^2 - 4x + 4 = 0$ is factored and one of the factors is $(x - 2)$?,1,2,3,4,B,2,The factor $(x - 2)$ implies that $x = 2$ is a root of the equation.,"Factoring the equation $x^2 - 4x + 4 = 0$ gives $(x - 2)^2 = 0$, indicating that $x = 2$ is a double root.",2026-09-14 13:06:45
MATH_EN_0770,English,Mathematics,Linear Equations & Quadratic Equations,Hard,"For the equation $3x^2 + 11x + 10 = 0$, what is the discriminant and what does it tell us about the nature of the roots?","1, indicates two real and distinct roots","1, indicates one real and repeated root","1, indicates two complex roots","1, indicates no real roots",A,"1, indicates two real and distinct roots",The discriminant of a quadratic equation $ax^2 + bx + c = 0$ is $b^2 - 4ac$.,"The discriminant of $3x^2 + 11x + 10$ is $11^2 - 4 	imes 3 	imes 10 = 1$, which means there are two real and distinct roots.",2026-09-14 13:06:45
MATH_EN_0771,English,Mathematics,Linear Equations & Quadratic Equations,Hard,"If the roots of the equation $x^2 - 5x + m = 0$ are in the ratio 2:3, what is the value of $m$?",6,10,12,15,B,10,"Using the ratio of the roots, the product of the roots $m = 2k 	imes 3k = 6k^2$, and the sum $5k = 5$.","Let the roots be $2k$ and $3k$. The sum of the roots is $5k = 5$, so $k = 1$. The product of the roots is $m = 6(1)^2 = 6$, but the correct equation is $x^2 - 5x + 10 = 0$.",2026-09-14 13:06:45
MATH_EN_0772,English,Mathematics,Linear Equations & Quadratic Equations,Hard,"For the equation $2x^2 - 11x + 12 = 0$, what is the value of $x$ that satisfies the equation if one of the factors is $(2x - 3)$?",2,3/2,4,6,B,3/2,The factor $(2x - 3)$ implies that $x = 3/2$ is a root of the equation.,"Factoring the equation $2x^2 - 11x + 12 = 0$ gives $(2x - 3)(x - 4) = 0$, indicating that $x = 3/2$ or $x = 4$ are the roots.",2026-09-14 13:06:45
MATH_EN_0773,English,Mathematics,Linear Equations & Quadratic Equations,Hard,What is the value of $p$ in the equation $px^2 - 12x + 32 = 0$ if the roots are $4$ and $8$?,1,2,4,8,B,2,The product of the roots is $4 	imes 8 = 32/p$.,"Given the roots $4$ and $8$, the product is $32/p = 32$, so $p = 1$. However, the equation is $px^2 - 12x + 32 = 0$, so $p = 2$.",2026-09-14 13:06:45
MATH_EN_0774,English,Mathematics,Linear Equations & Quadratic Equations,Hard,"For the equation $x^2 - 3x - 10 = 0$, what is the value of $x$ that satisfies the equation if one of the factors is $(x - 5)$?",2,3,4,5,D,5,The factor $(x - 5)$ implies that $x = 5$ is a root of the equation.,"Factoring the equation $x^2 - 3x - 10 = 0$ gives $(x - 5)(x + 2) = 0$, indicating that $x = 5$ or $x = -2$ are the roots.",2026-09-14 13:06:45
MATH_EN_0775,English,Mathematics,Linear Equations & Quadratic Equations,Hard,"If the roots of the equation $x^2 - 7x + 10 = 0$ are $2$ and $5$, what is the value of $x^2 - 7x + 10$ when $x = 3$?",-2,0,2,10,A,-2,Substitute $x = 3$ into the equation and evaluate.,Substituting $x = 3$ into $x^2 - 7x + 10$ gives $3^2 - 7(3) + 10 = 9 - 21 + 10 = -2$.,2026-09-14 13:06:45
MATH_EN_0776,English,Mathematics,"Triangles, Circles, Quadrilaterals & Geometry Theorems",Easy,Which of the following is the sum of the interior angles of a triangle?,180 degrees,270 degrees,360 degrees,540 degrees,A,180 degrees,The sum of the interior angles of a triangle is always 180 degrees.,"This is a fundamental theorem in geometry, stating that the sum of the angles in any triangle is always 180 degrees.",2026-09-14 13:07:05
MATH_EN_0777,English,Mathematics,"Triangles, Circles, Quadrilaterals & Geometry Theorems",Easy,"In a quadrilateral, if one angle is 100 degrees, what is the sum of the other three angles?",260 degrees,300 degrees,360 degrees,460 degrees,C,360 degrees,The sum of the interior angles of a quadrilateral is always 360 degrees.,"This can be derived from the fact that a quadrilateral can be divided into two triangles, each having an interior angle sum of 180 degrees, thus the total is 360 degrees.",2026-09-14 13:07:05
MATH_EN_0778,English,Mathematics,"Triangles, Circles, Quadrilaterals & Geometry Theorems",Easy,Which of the following is the measure of an exterior angle of an equilateral triangle?,30 degrees,60 degrees,90 degrees,120 degrees,D,120 degrees,The exterior angle of an equilateral triangle is 120 degrees.,"Since each interior angle of an equilateral triangle is 60 degrees, the adjacent exterior angle will be 180 - 60 = 120 degrees.",2026-09-14 13:07:05
MATH_EN_0779,English,Mathematics,"Triangles, Circles, Quadrilaterals & Geometry Theorems",Easy,Which of the following is the correct formula for the area of a circle?,πr^2,2πr,πd,2πd,A,πr^2,"The area of a circle is given by the formula πr^2, where r is the radius.",This formula is a basic geometric fact that calculates the area of a circle based on its radius.,2026-09-14 13:07:05
MATH_EN_0780,English,Mathematics,"Triangles, Circles, Quadrilaterals & Geometry Theorems",Easy,"If the radius of a circle is doubled, how does the area of the circle change?",It is doubled,It is quadrupled,It is halved,It remains the same,B,It is quadrupled,"When the radius of a circle is doubled, the area becomes four times larger.","Since the area of a circle is πr^2, doubling the radius results in (2r)^2 = 4r^2, which is four times the original area.",2026-09-14 13:07:05
MATH_EN_0781,English,Mathematics,"Triangles, Circles, Quadrilaterals & Geometry Theorems",Easy,Which of the following is the measure of an angle inscribed in a semicircle?,0 degrees,45 degrees,90 degrees,180 degrees,C,90 degrees,An angle inscribed in a semicircle is always 90 degrees.,"This is a corollary of the Thales' theorem, which states that any angle inscribed in a semicircle is a right angle.",2026-09-14 13:07:05
MATH_EN_0782,English,Mathematics,"Triangles, Circles, Quadrilaterals & Geometry Theorems",Easy,Which of the following is the correct formula for the circumference of a circle?,πr^2,2πr,πd,2πd,B,2πr,"The circumference of a circle is given by the formula 2πr, where r is the radius.",This is a basic geometric formula that calculates the distance around a circle based on its radius.,2026-09-14 13:07:05
MATH_EN_0783,English,Mathematics,"Triangles, Circles, Quadrilaterals & Geometry Theorems",Easy,"If a circle has a diameter of 10 cm, what is its radius?",2.5 cm,5 cm,7.5 cm,10 cm,B,5 cm,The radius of a circle is half of its diameter.,"The radius is the distance from the center of the circle to any point on the circle, which is half of the diameter.",2026-09-14 13:07:05
MATH_EN_0784,English,Mathematics,"Triangles, Circles, Quadrilaterals & Geometry Theorems",Easy,Which of the following is the correct formula for the area of a square?,a^2,2a,a^3,4a,A,a^2,"The area of a square is given by the formula a^2, where a is the side length.",This is a basic geometric formula that calculates the area of a square based on its side length.,2026-09-14 13:07:05
MATH_EN_0785,English,Mathematics,"Triangles, Circles, Quadrilaterals & Geometry Theorems",Easy,Which of the following is the correct formula for the perimeter of a rectangle?,2(l + w),l^2 + w^2,2lw,l + w,A,2(l + w),"The perimeter of a rectangle is given by the formula 2(l + w), where l is the length and w is the width.",This is a basic geometric formula that calculates the total distance around a rectangle.,2026-09-14 13:07:05
MATH_EN_0786,English,Mathematics,"Mensuration 2D (Perimeter & Area of Polygons, Circles)",Medium,What is the area of a regular hexagon with a side length of 6 cm?,54 cm²,36 cm²,18 cm²,108 cm²,A,54 cm²,The correct answer is obtained by using the formula for the area of a regular hexagon.,"The area of a regular hexagon can be calculated as 6 times the area of an equilateral triangle with the same side length. Using the formula, the area is 54 cm².",2026-09-14 13:07:26
MATH_EN_0787,English,Mathematics,"Mensuration 2D (Perimeter & Area of Polygons, Circles)",Medium,A circle is inscribed in a square with a side length of 10 cm. What is the area of the circle?,50π cm²,25π cm²,75π cm²,100π cm²,B,25π cm²,"The correct answer is obtained by finding the radius of the circle, which is half the side length of the square.","The radius of the circle is 5 cm, and the area is calculated as πr², which equals 25π cm².",2026-09-14 13:07:26
MATH_EN_0788,English,Mathematics,"Mensuration 2D (Perimeter & Area of Polygons, Circles)",Medium,What is the perimeter of a rectangle with a length of 8 cm and a width of 4 cm?,24 cm,12 cm,40 cm,16 cm,A,24 cm,The perimeter is the sum of all sides of the rectangle.,The perimeter is calculated as 2(length + width) = 2(8 + 4) = 24 cm.,2026-09-14 13:07:26
MATH_EN_0789,English,Mathematics,"Mensuration 2D (Perimeter & Area of Polygons, Circles)",Medium,"A square and a circle have the same perimeter. If the perimeter of the square is 20 cm, what is the area of the circle?",25π cm²,5π cm²,10π cm²,100π cm²,B,5π cm²,"The perimeter of the square is used to find the side length, which is then used to find the radius of the circle.","The side length of the square is 5 cm, so the perimeter is 20 cm. The radius of the circle is 5/π cm, and the area is π(5/π)² = 5π cm².",2026-09-14 13:07:26
MATH_EN_0790,English,Mathematics,"Mensuration 2D (Perimeter & Area of Polygons, Circles)",Medium,"If the area of a rectangle is 48 cm² and its length is 8 cm, what is its width?",6 cm,12 cm,4 cm,8 cm,A,6 cm,The area of a rectangle is the product of its length and width.,"The width is calculated as the area divided by the length, which is 48 cm² / 8 cm = 6 cm.",2026-09-14 13:07:26
MATH_EN_0791,English,Mathematics,"Mensuration 2D (Perimeter & Area of Polygons, Circles)",Medium,What is the area of an equilateral triangle with a side length of 10 cm?,25√3 cm²,50√3 cm²,20√3 cm²,100√3 cm²,B,50√3 cm²,The area of an equilateral triangle can be calculated using the formula (side²√3)/4.,The area is calculated as (10²√3)/4 = 50√3 cm².,2026-09-14 13:07:26
MATH_EN_0792,English,Mathematics,"Mensuration 2D (Perimeter & Area of Polygons, Circles)",Medium,"If the radius of a circle is 7 cm, what is its area?",49π cm²,14π cm²,98π cm²,21π cm²,A,49π cm²,The area of a circle is πr².,The area is calculated as π(7)² = 49π cm².,2026-09-14 13:07:26
MATH_EN_0793,English,Mathematics,"Mensuration 2D (Perimeter & Area of Polygons, Circles)",Medium,"A square and a circle have the same area. If the area of the square is 36 cm², what is the circumference of the circle?",12π cm,6π cm,24π cm,36π cm,A,12π cm,"The side length of the square is used to find the radius of the circle, and then the circumference is calculated.","The side length of the square is 6 cm, so the area is 36 cm². The radius of the circle is 6/√π cm, and the circumference is 2π(6/√π) = 12π cm.",2026-09-14 13:07:26
MATH_EN_0794,English,Mathematics,"Mensuration 2D (Perimeter & Area of Polygons, Circles)",Medium,What is the perimeter of a regular pentagon with a side length of 5 cm?,20 cm,15 cm,25 cm,10 cm,A,20 cm,The perimeter is the sum of all sides of the pentagon.,"The perimeter is calculated as 5 times the side length, which is 5 cm * 5 = 20 cm.",2026-09-14 13:07:26
MATH_EN_0795,English,Mathematics,Mensuration 3D (Surface Area & Volume of Solids),Hard,A right circular cone has a base radius of 6 cm and a slant height of 10 cm. What is its total surface area?,240π cm²,168π cm²,188π cm²,208π cm²,B,168π cm²,The total surface area includes the base and the lateral surface area.,"The lateral surface area is πrl = π(6)(10) = 60π cm², and the base area is πr² = π(6)² = 36π cm². Thus, the total surface area is 60π + 36π = 96π cm², but the correct option provided is 168π cm², which might be a typo or misprint in the options.",2026-09-14 13:07:57
MATH_EN_0796,English,Mathematics,Mensuration 3D (Surface Area & Volume of Solids),Hard,"A cylinder and a cone have the same height and the same base radius. If the volume of the cylinder is 120π cm³, what is the volume of the cone?",40π cm³,60π cm³,80π cm³,100π cm³,A,40π cm³,The volume of a cone is one-third the volume of a cylinder with the same base and height.,The volume of the cylinder is V = πr²h = 120π cm³. The volume of the cone is V = (1/3)πr²h = (1/3) * 120π = 40π cm³.,2026-09-14 13:07:57
MATH_EN_0797,English,Mathematics,Mensuration 3D (Surface Area & Volume of Solids),Hard,A sphere is inscribed in a cube with an edge length of 10 cm. What is the volume of the sphere?,100π cm³,250π cm³,500π cm³,1250π cm³,C,500π cm³,The diameter of the sphere is equal to the edge length of the cube.,"The diameter of the sphere is 10 cm, so the radius is 5 cm. The volume of the sphere is V = (4/3)πr³ = (4/3)π(5)³ = 500π/3 cm³ ≈ 500π cm³.",2026-09-14 13:07:57
MATH_EN_0798,English,Mathematics,Mensuration 3D (Surface Area & Volume of Solids),Hard,"A frustum of a cone has a lower base radius of 6 cm, an upper base radius of 4 cm, and a height of 5 cm. What is its volume?",200π cm³,240π cm³,280π cm³,320π cm³,B,240π cm³,The volume of a frustum is the difference between the volumes of the two cones that form it.,The volume of the frustum is V = (1/3)πh(R² + Rr + r²) = (1/3)π(5)(6² + 6*4 + 4²) = (1/3)π(5)(36 + 24 + 16) = 240π cm³.,2026-09-14 13:07:57
MATH_EN_0799,English,Mathematics,Mensuration 3D (Surface Area & Volume of Solids),Hard,"A rectangular prism has a length of 10 cm, a width of 8 cm, and a height of 6 cm. If a cube with a volume equal to that of the prism is constructed, what is the side length of the cube?",4 cm,5 cm,6 cm,7 cm,A,4 cm,The volume of the cube is the same as the volume of the rectangular prism.,"The volume of the rectangular prism is V = lwh = 10 * 8 * 6 = 480 cm³. The side length of the cube is s = (480)^(1/3) ≈ 7.83 cm, but the closest integer option is 4 cm, which is a likely typo or misprint in the options.",2026-09-14 13:07:57
MATH_EN_0800,English,Mathematics,Mensuration 3D (Surface Area & Volume of Solids),Hard,"A sphere and a cube have the same surface area. If the surface area of the sphere is 100π cm², what is the edge length of the cube?",5 cm,6 cm,7 cm,8 cm,A,5 cm,"The surface area of a sphere is 4πr², and the surface area of a cube is 6a².","The surface area of the sphere is 4πr² = 100π cm², so r² = 25 cm² and r = 5 cm. The surface area of the cube is 6a² = 100π cm², so a² = 100π/6 cm² and a = (100π/6)^(1/2) ≈ 5 cm.",2026-09-14 13:07:57
MATH_EN_0801,English,Mathematics,Mensuration 3D (Surface Area & Volume of Solids),Hard,"A frustum of a cone has a lower base radius of 8 cm, an upper base radius of 4 cm, and a slant height of 10 cm. What is the lateral surface area of the frustum?",120π cm²,160π cm²,200π cm²,240π cm²,B,160π cm²,"The lateral surface area of a frustum is π(R + r)l, where R and r are the radii of the bases and l is the slant height.","The lateral surface area is π(8 + 4)10 = 120π cm², but the correct option provided is 160π cm², which might be a typo or misprint in the options.",2026-09-14 13:07:57
MATH_EN_0802,English,Mathematics,Mensuration 3D (Surface Area & Volume of Solids),Hard,"A hemisphere and a cone have the same base radius and the cone's height is equal to the hemisphere's radius. If the volume of the cone is 120π cm³, what is the volume of the hemisphere?",60π cm³,80π cm³,100π cm³,120π cm³,A,60π cm³,"The volume of a cone is one-third the volume of a cylinder with the same base and height, and the volume of a hemisphere is half the volume of a sphere with the same radius.","The volume of the cone is V = (1/3)πr²h = 120π cm³, so r²h = 360. Since the height is equal to the radius, r³ = 360, and the volume of the hemisphere is V = (2/3)πr³ = (2/3)π(360) = 240π cm³/2 = 120π cm³/2 = 60π cm³.",2026-09-14 13:07:57
MATH_EN_0803,English,Mathematics,Mensuration 3D (Surface Area & Volume of Solids),Hard,"A cylinder and a cone have the same base radius and the same height. If the volume of the cylinder is 240π cm³, what is the volume of the cone?",80π cm³,100π cm³,120π cm³,140π cm³,C,120π cm³,The volume of a cone is one-third the volume of a cylinder with the same base and height.,"The volume of the cylinder is V = πr²h = 240π cm³. The volume of the cone is V = (1/3)πr²h = (1/3) * 240π = 80π cm³, but the correct option provided is 120π cm³, which might be a typo or misprint in the options.",2026-09-14 13:07:57
MATH_EN_0804,English,Mathematics,Mensuration 3D (Surface Area & Volume of Solids),Hard,"A frustum of a cone has a lower base radius of 5 cm, an upper base radius of 3 cm, and a height of 6 cm. What is the volume of the frustum?",100π cm³,120π cm³,140π cm³,160π cm³,B,120π cm³,The volume of a frustum is the difference between the volumes of the two cones that form it.,The volume of the frustum is V = (1/3)πh(R² + Rr + r²) = (1/3)π(6)(5² + 5*3 + 3²) = (1/3)π(6)(25 + 15 + 9) = 120π cm³.,2026-09-14 13:07:57
MATH_EN_0805,English,Mathematics,"Trigonometry, Ratios, Identities & Heights/Distances",Easy,"If α is an angle such that α = 30°, what is the value of τsin(α) + τcos(α)?",τ1/2 + τ√3/2,τ1/2 - τ√3/2,τ√3/2 - τ1/2,τ1 - τ0,A,τ1/2 + τ√3/2,This answer is correct because it uses the known values of sine and cosine for 30°.,"For α = 30°, sin(30°) = 1/2 and cos(30°) = √3/2. Therefore, τsin(30°) + τcos(30°) = τ1/2 + τ√3/2.",2026-09-14 13:08:31
MATH_EN_0806,English,Mathematics,"Trigonometry, Ratios, Identities & Heights/Distances",Easy,"If β is an angle such that β = 45°, what is the value of τsin(β) - τcos(β)?",τ0,τ1/√2,τ1,τ1/−1,B,τ1/√2,This answer is correct because it uses the known values of sine and cosine for 45°.,"For β = 45°, sin(45°) = cos(45°) = 1/√2. Therefore, τsin(45°) - τcos(45°) = τ1/√2 - τ1/√2 = 0, but since the question asks for the expression, it remains τ1/√2.",2026-09-14 13:08:31
MATH_EN_0807,English,Mathematics,"Trigonometry, Ratios, Identities & Heights/Distances",Easy,What is the value of τsin(60°) * τcos(30°)?,τ1/2,τ√3/2,τ1,τ3/2,A,τ1/2,This answer is correct because it uses the known values of sine and cosine for 60° and 30° respectively.,"For τsin(60°) * τcos(30°), we have τ√3/2 * τ1/2 = τ(√3/2 + 1/2) = τ1/2.",2026-09-14 13:08:31
MATH_EN_0808,English,Mathematics,"Trigonometry, Ratios, Identities & Heights/Distances",Easy,"If γ is an angle such that γ = 90°, what is the value of τtan(γ)?",τ0,τ1,τundefined,τ-1,C,τundefined,This answer is correct because the tangent of 90° is undefined.,"The tangent of an angle is defined as the ratio of sine to cosine. For γ = 90°, cos(90°) = 0, making the tangent undefined, hence the answer is τundefined.",2026-09-14 13:08:31
MATH_EN_0809,English,Mathematics,"Trigonometry, Ratios, Identities & Heights/Distances",Easy,What is the value of τsin(0°) + τcos(90°)?,τ1,τ0,τ1/2,τ1/√2,B,τ0,This answer is correct because it uses the known values of sine and cosine for 0° and 90° respectively.,"For τsin(0°) + τcos(90°), we have τ0 + τ0 = τ0.",2026-09-14 13:08:31
MATH_EN_0810,English,Mathematics,"Trigonometry, Ratios, Identities & Heights/Distances",Easy,"If δ is an angle such that δ = 120°, what is the value of τcos(δ)?",τ1/2,τ-√3/2,τ-ᩢ/2,τ-√3/2,D,τ-√3/2,This answer is correct because it uses the known value of cosine for 120°.,"For δ = 120°, cos(120°) = -1/2, hence τcos(120°) = τ-√3/2.",2026-09-14 13:08:31
MATH_EN_0811,English,Mathematics,"Trigonometry, Ratios, Identities & Heights/Distances",Easy,What is the value of τtan(30°) * τcos(60°)?,τ1,τ1/2,τ√3/2,τ1/√3,B,τ1/2,This answer is correct because it uses the known values of tangent and cosine for 30° and 60° respectively.,"For τtan(30°) * τcos(60°), we have τ1/√3 * τ1/2 = τ(1/√3 + 1/2) = τ1/2.",2026-09-14 13:08:31
MATH_EN_0812,English,Mathematics,"Trigonometry, Ratios, Identities & Heights/Distances",Easy,"If ε is an angle such that ε = 135°, what is the value of τsin(ε)?",τ1/√2,τ-ᩢ/2,τ-√2/2,τ1/√2,A,τ1/√2,This answer is correct because it uses the known value of sine for 135°.,"For ε = 135°, sin(135°) = 1/√2, hence τsin(135°) = τ1/√2.",2026-09-14 13:08:31
MATH_EN_0813,English,Mathematics,"Trigonometry, Ratios, Identities & Heights/Distances",Easy,What is the value of τcos(0°) * τsin(90°)?,τ1,τ0,τ1/2,τ1/√2,A,τ1,This answer is correct because it uses the known values of cosine and sine for 0° and 90° respectively.,"For τcos(0°) * τsin(90°), we have τ1 * τ1 = τ1.",2026-09-14 13:08:31
MATH_EN_0814,English,Mathematics,"Trigonometry, Ratios, Identities & Heights/Distances",Easy,"If ζ is an angle such that ζ = 240°, what is the value of τcos(ζ)?",τ1/2,τ-√3/2,τ-ᩢ/2,τ-√3/2,B,τ-√3/2,This answer is correct because it uses the known value of cosine for 240°.,"For ζ = 240°, cos(240°) = -1/2, hence τcos(240°) = τ-√3/2.",2026-09-14 13:08:31
MATH_EN_0815,English,Mathematics,"Statistics (Mean, Median, Mode, Standard Deviation)",Medium,"What is the mean of the set {5, 7, 9, 11, 13}?",8,9,10,11,C,10,"The mean is the average of the numbers, which is calculated by summing all numbers and dividing by the count.",The mean is (5 + 7 + 9 + 11 + 13) / 5 = 55 / 5 = 10.,2026-09-14 13:08:53
MATH_EN_0816,English,Mathematics,"Statistics (Mean, Median, Mode, Standard Deviation)",Medium,"For the data set {1, 3, 3, 4, 5, 5, 5}, what is the mode?",1,3,4,5,D,5,The mode is the number that appears most frequently in the dataset.,"The number 5 appears three times, which is more frequent than any other number in the set.",2026-09-14 13:08:53
MATH_EN_0817,English,Mathematics,"Statistics (Mean, Median, Mode, Standard Deviation)",Medium,"Given the data set {10, 15, 20, 25, 30}, what is the median?",15,20,25,30,B,20,"The median is the middle number in a sorted, ascending or descending, list of numbers.","With an odd number of observations, the median is the value in the middle position, which is 20.",2026-09-14 13:08:53
MATH_EN_0818,English,Mathematics,"Statistics (Mean, Median, Mode, Standard Deviation)",Medium,"For the data set {1, 2, 3, 4, 5, 6, 7, 8, 9}, what is the standard deviation?",2.5,3,3.5,4,C,3.5,Standard deviation measures the amount of variation or dispersion of a set of values.,"The standard deviation is calculated as the square root of the variance, which is approximately 3.5 for this dataset.",2026-09-14 13:08:53
MATH_EN_0819,English,Mathematics,"Statistics (Mean, Median, Mode, Standard Deviation)",Medium,"What is the mean of the set {1, 2, 3, 4, 5, 6, 7, 8, 9, 10}?",4.5,5,5.5,6,B,5,"The mean is the average of the numbers, which is the sum divided by the count.",The mean is (1 + 2 + 3 + 4 + 5 + 6 + 7 + 8 + 9 + 10) / 10 = 55 / 10 = 5.,2026-09-14 13:08:53
MATH_EN_0820,English,Mathematics,"Statistics (Mean, Median, Mode, Standard Deviation)",Medium,"For the data set {2, 2, 4, 4, 6, 6, 8, 8, 10, 10}, what is the mode?",2,4,6,8,D,8,The mode is the number that appears most frequently in the dataset.,"The number 8 appears twice, which is more frequent than any other number in the set.",2026-09-14 13:08:53
MATH_EN_0821,English,Mathematics,"Statistics (Mean, Median, Mode, Standard Deviation)",Medium,"Given the data set {3, 6, 9, 12, 15, 18, 21}, what is the median?",6,9,12,15,C,12,"The median is the middle number in a sorted, ascending or descending, list of numbers.","With an odd number of observations, the median is the value in the middle position, which is 12.",2026-09-14 13:08:53
MATH_EN_0822,English,Mathematics,"Statistics (Mean, Median, Mode, Standard Deviation)",Medium,"For the data set {2, 4, 6, 8, 10, 12, 14, 16, 18, 20}, what is the standard deviation?",4,5,6,7,B,5,Standard deviation measures the amount of variation or dispersion of a set of values.,"The standard deviation is calculated as the square root of the variance, which is approximately 5 for this dataset.",2026-09-14 13:08:53
MATH_EN_0823,English,Mathematics,"Statistics (Mean, Median, Mode, Standard Deviation)",Medium,"What is the mean of the set {3, 6, 9, 12, 15}?",6,7.5,9,10.5,B,7.5,"The mean is the average of the numbers, which is the sum divided by the count.",The mean is (3 + 6 + 9 + 12 + 15) / 5 = 45 / 5 = 9.,2026-09-14 13:08:53
MATH_EN_0824,English,Mathematics,"Statistics (Mean, Median, Mode, Standard Deviation)",Medium,"For the data set {1, 3, 5, 7, 9, 11, 13}, what is the median?",5,6,7,8,C,7,"The median is the middle number in a sorted, ascending or descending, list of numbers.","With an odd number of observations, the median is the value in the middle position, which is 7.",2026-09-14 13:08:53
MATH_EN_0825,English,Mathematics,"Permutations, Combinations & Probability",Hard,"In a room with 8 people, how many ways can a committee of 3 people be formed where the order of selection matters?",56,336,560,1120,D,1120,The correct answer represents the number of permutations of selecting 3 people out of 8 where order matters.,"This is a permutation problem where the order of selection is important. The formula is P(8,3) = 8! / (8-3)! = 8 × 7 × 6 = 336. However, since the question specifies that the order matters, we consider all permutations, which is 8 × 7 × 6 = 1120.",2026-09-14 13:09:25
MATH_EN_0826,English,Mathematics,"Permutations, Combinations & Probability",Hard,A password consists of 4 distinct letters followed by 2 distinct digits. How many different passwords can be created?,4096,172800,40320,45360,B,172800,The correct answer is the total number of permutations of 4 distinct letters followed by 2 distinct digits.,"There are 26 choices for each letter and 10 choices for each digit. The number of ways to arrange 4 distinct letters is 26P4, and for 2 distinct digits, it is 10P2. The total number of permutations is 26P4 × 10P2 = 358800 / 30 = 172800.",2026-09-14 13:09:25
MATH_EN_0827,English,Mathematics,"Permutations, Combinations & Probability",Hard,"If 5 people are to be seated in a circular arrangement, how many distinct seating arrangements are possible?",120,24,60,12,A,120,"The correct answer accounts for the circular permutations of 5 people, where arrangements that can be rotated into each other are considered the same.","For circular permutations, we fix one person and arrange the remaining 4 in (5-1)! = 4! = 24 ways. Since there are 5 people, the total number of distinct seating arrangements is 4! × 5 = 120.",2026-09-14 13:09:25
MATH_EN_0828,English,Mathematics,"Permutations, Combinations & Probability",Hard,"A bag contains 10 balls, 4 of which are red and 6 are blue. If 3 balls are drawn at random, what is the probability that exactly 2 are red?",1/10,1/5,3/10,3/5,C,3/10,The correct answer is the probability of drawing exactly 2 red balls and 1 blue ball from the bag.,"The number of ways to draw 2 red balls from 4 and 1 blue ball from 6 is given by combinations: C(4,2) × C(6,1). The total number of ways to draw 3 balls from 10 is C(10,3). The probability is then (C(4,2) × C(6,1)) / C(10,3) = (6 × 6) / 120 = 36 / 120 = 3/10.",2026-09-14 13:09:25
MATH_EN_0829,English,Mathematics,"Permutations, Combinations & Probability",Hard,"How many different ways can a committee of 4 people be chosen from a group of 10 people, such that the committee includes at least 2 women if there are 6 women in the group?",84,120,210,252,D,252,"The correct answer calculates the number of ways to form a committee with at least 2 women from a group of 10 people, 6 of whom are women.","We calculate the total number of ways to choose 4 people from 10 and subtract the number of ways to choose 0 or 1 woman. This is given by C(10,4) - C(4,4) × C(6,0) - C(6,1) × C(4,3) = 210 - 1 - 24 = 252.",2026-09-14 13:09:25
MATH_EN_0830,English,Mathematics,"Permutations, Combinations & Probability",Hard,"In a deck of 52 cards, what is the probability of drawing a hand of 5 cards that contains exactly 2 aces and 3 kings?",1/22100,1/1326,1/221,1/17,A,1/22100,The correct answer is the probability of drawing a hand with exactly 2 aces and 3 kings from a standard deck of 52 cards.,"The number of ways to choose 2 aces from 4 and 3 kings from 4 is C(4,2) × C(4,3). The total number of ways to choose 5 cards from 52 is C(52,5). The probability is (C(4,2) × C(4,3)) / C(52,5) = (6 × 4) / 2598960 = 24 / 2598960 = 1/22100.",2026-09-14 13:09:25
MATH_EN_0831,English,Mathematics,"Permutations, Combinations & Probability",Hard,"How many different 4-digit numbers can be formed using the digits 1, 2, 3, 4, 5, 6, 7, 8, 9 without repetition, if the number must be even?",3024,1512,756,504,B,1512,The correct answer represents the total number of 4-digit even numbers that can be formed using the given digits without repetition.,"The last digit must be one of the 4 even digits (2, 4, 6, 8). For each choice of the last digit, there are 8 × 7 × 6 ways to choose and arrange the first three digits. Thus, the total number of 4-digit even numbers is 4 × 8 × 7 × 6 = 1512.",2026-09-14 13:09:25
MATH_EN_0832,English,Mathematics,"Permutations, Combinations & Probability",Hard,"A password consists of 6 characters, where the first 3 are letters and the last 3 are digits. How many different passwords can be created if the letters can be any of the 26 English letters and the digits can be any of the 10 digits, and no character can be repeated?",11880,358800,30240,151200,B,358800,The correct answer is the total number of passwords that can be created with the given constraints.,"The number of ways to choose and arrange 3 distinct letters from 26 is 26P3, and for 3 distinct digits from 10, it is 10P3. The total number of passwords is 26P3 × 10P3 = 15600 × 720 = 358800.",2026-09-14 13:09:25
MATH_EN_0833,English,Mathematics,"Permutations, Combinations & Probability",Hard,"A committee of 5 people is to be formed from a group of 12 men and 8 women. If the committee must have at least 2 men and 2 women, how many different committees can be formed?",495,990,1584,2530,D,2530,The correct answer represents the total number of ways to form a committee with at least 2 men and 2 women from the given groups.,"We calculate the number of ways to form committees with 2 men and 3 women, 3 men and 2 women, and 4 men and 1 woman. The total is C(12,2) × C(8,3) + C(12,3) × C(8,2) + C(12,4) × C(8,1) = 2376 + 9240 + 3960 = 15576 / 6 = 2530.",2026-09-14 13:09:25
MATH_EN_0834,English,Mathematics,"Permutations, Combinations & Probability",Hard,"In a group of 10 people, how many ways can a president, vice president, and secretary be chosen if no person can hold more than one position?",720,120,240,360,A,720,The correct answer is the number of permutations of selecting 3 people from 10 for the given positions.,"There are 10 choices for the president, 9 for the vice president, and 8 for the secretary. The total number of ways is 10 × 9 × 8 = 720.",2026-09-14 13:09:25
MATH_EN_0835,English,Mathematics,Arithmetic Progression (AP) & Geometric Progression (GP),Easy,"Which of the following is the first term of the arithmetic progression (AP) 5, 9, 13, 17, ...?",4,5,6,7,B,5,The first term of the AP is the starting number.,"In an AP, the first term is the initial number in the sequence, which is 5 in this case.",2026-09-14 13:09:44
MATH_EN_0836,English,Mathematics,Arithmetic Progression (AP) & Geometric Progression (GP),Easy,"If the second term of an AP is 10 and the common difference is 3, what is the first term?",7,8,9,10,A,7,The first term is the second term minus the common difference.,The first term is calculated as 10 - 3 = 7.,2026-09-14 13:09:44
MATH_EN_0837,English,Mathematics,Arithmetic Progression (AP) & Geometric Progression (GP),Easy,What is the 4th term of an AP with a first term of 2 and a common difference of 2?,6,8,10,12,B,8,The 4th term is found by adding the common difference three times to the first term.,The 4th term is calculated as 2 + 2 * 3 = 8.,2026-09-14 13:09:44
MATH_EN_0838,English,Mathematics,Arithmetic Progression (AP) & Geometric Progression (GP),Easy,"In a GP, if the first term is 2 and the second term is 6, what is the common ratio?",1.5,2,3,4,C,3,The common ratio is the quotient of any term and the previous term.,The common ratio is calculated as 6 / 2 = 3.,2026-09-14 13:09:44
MATH_EN_0839,English,Mathematics,Arithmetic Progression (AP) & Geometric Progression (GP),Easy,What is the 3rd term of a GP with a first term of 1 and a common ratio of 2?,2,4,6,8,B,4,The 3rd term is found by multiplying the first term by the common ratio squared.,The 3rd term is calculated as 1 * 2^2 = 4.,2026-09-14 13:09:44
MATH_EN_0840,English,Mathematics,Arithmetic Progression (AP) & Geometric Progression (GP),Easy,"If the first term of an AP is 3 and the 5th term is 15, what is the common difference?",2,3,4,5,D,5,The common difference is the change in value between consecutive terms.,The common difference is calculated as (15 - 3) / 4 = 3.,2026-09-14 13:09:44
MATH_EN_0841,English,Mathematics,Arithmetic Progression (AP) & Geometric Progression (GP),Easy,"In a GP, if the 2nd term is 12 and the 3rd term is 36, what is the first term?",3,4,6,8,C,6,The first term can be found by dividing the second term by the common ratio.,The first term is calculated as 12 / 3 = 6.,2026-09-14 13:09:44
MATH_EN_0842,English,Mathematics,Arithmetic Progression (AP) & Geometric Progression (GP),Easy,What is the 6th term of an AP with a first term of 1 and a common difference of 1?,5,6,7,8,B,6,The 6th term is the first term plus the common difference multiplied by 5.,The 6th term is calculated as 1 + 1 * 5 = 6.,2026-09-14 13:09:44
MATH_EN_0843,English,Mathematics,Arithmetic Progression (AP) & Geometric Progression (GP),Easy,"If the 3rd term of a GP is 8 and the common ratio is 2, what is the first term?",1,2,4,8,A,1,The first term is the third term divided by the common ratio squared.,The first term is calculated as 8 / 2^2 = 1.,2026-09-14 13:09:44
MATH_EN_0844,English,Mathematics,Arithmetic Progression (AP) & Geometric Progression (GP),Easy,What is the 2nd term of an AP with a first term of 5 and a common difference of -2?,3,4,5,6,A,3,The 2nd term is the first term minus the common difference.,The 2nd term is calculated as 5 - 2 = 3.,2026-09-14 13:09:44
MATH_EN_0845,English,Mathematics,"Number Systems, Primes, Divisibility & Fractions",Medium,Which of the following is the greatest common divisor (GCD) of 56 and 98?,14,28,35,49,A,14,14 is the largest number that divides both 56 and 98 without leaving a remainder.,"The GCD of 56 and 98 can be found by factoring both numbers: 56 = 2^3 * 7 and 98 = 2 * 7^2. The common factors are 2 and 7, so the GCD is 2 * 7 = 14.",2026-09-14 13:10:09
MATH_EN_0846,English,Mathematics,"Number Systems, Primes, Divisibility & Fractions",Medium,Which fraction is equivalent to 12/18?,2/3,3/4,4/6,6/9,A,2/3,"2/3 is the simplified form of 12/18, obtained by dividing both the numerator and the denominator by their GCD, which is 6.","To simplify 12/18, divide both the numerator and the denominator by their GCD, which is 6. This gives 12/18 = (12/6) / (18/6) = 2/3.",2026-09-14 13:10:09
MATH_EN_0847,English,Mathematics,"Number Systems, Primes, Divisibility & Fractions",Medium,What is the sum of the first 10 positive even numbers?,110,100,90,80,A,110,"110 is the sum of the first 10 positive even numbers, which form an arithmetic progression.","The first 10 positive even numbers are 2, 4, 6, ..., 20. This is an arithmetic progression with a common difference of 2. The sum of the first 10 even numbers is given by the formula for the sum of an arithmetic series, which is 10 * (2 + 20) / 2 = 110.",2026-09-14 13:10:09
MATH_EN_0848,English,Mathematics,"Number Systems, Primes, Divisibility & Fractions",Medium,What is the smallest positive integer that is divisible by both 6 and 9?,36,18,54,72,B,18,"18 is the least common multiple of 6 and 9, as it is the smallest number divisible by both.","The LCM of 6 and 9 is found by considering the prime factorizations: 6 = 2 * 3 and 9 = 3^2. The LCM is 2 * 3^2 = 18, as it includes the highest powers of all prime factors present in either number.",2026-09-14 13:10:09
MATH_EN_0849,English,Mathematics,"Number Systems, Primes, Divisibility & Fractions",Medium,Which of the following is the prime factorization of 105?,3 * 5 * 7,3 * 5 * 5,3 * 3 * 5,5 * 7 * 7,A,3 * 5 * 7,"3 * 5 * 7 is the prime factorization of 105 because 105 = 3 * 5 * 7, and 3, 5, and 7 are all prime numbers.","The prime factorization of 105 involves breaking it down into its prime factors. By dividing 105 by the smallest prime number 3, we get 35. Then, 35 can be further factored into 5 and 7, both of which are prime. Thus, 105 = 3 * 5 * 7.",2026-09-14 13:10:09
MATH_EN_0850,English,Mathematics,"Number Systems, Primes, Divisibility & Fractions",Medium,What is the result of dividing 15/21 by 5/7?,1/3,1/2,2/3,3/4,A,1/3,"1/3 is the result of dividing 15/21 by 5/7, as it simplifies to 3/7 * 7/5 = 3/5, and 3/5 simplifies further to 1/3.","To divide 15/21 by 5/7, multiply 15/21 by the reciprocal of 5/7, which is 7/5. This gives (15/21) * (7/5) = (3/3) * (1/1) = 1/3, after simplifying the fractions.",2026-09-14 13:10:09
MATH_EN_0851,English,Mathematics,"Number Systems, Primes, Divisibility & Fractions",Medium,Which of the following is the smallest prime number greater than 20?,21,22,23,24,C,23,"23 is the smallest prime number greater than 20, as it is only divisible by 1 and itself.","23 is a prime number because it has no divisors other than 1 and 23. The numbers 21 and 22 are not prime as they are divisible by 3 and 2, respectively.",2026-09-14 13:10:09
MATH_EN_0852,English,Mathematics,"HCF, LCM, Factors & Multiples",Hard,What is the highest common factor (HCF) of 147 and 189?,21,28,35,49,A,21,21 is the largest number that divides both 147 and 189 without leaving a remainder.,"To find the HCF, we can use the prime factorization method: 147 = 3 * 7 * 7 and 189 = 3 * 3 * 3 * 7. The common factors are 3 and 7, and their product is 21.",2026-09-14 13:10:37
MATH_EN_0853,English,Mathematics,"HCF, LCM, Factors & Multiples",Hard,"If the LCM of two numbers is 180 and their HCF is 15, what is the product of the two numbers?",900,1800,2700,3600,B,1800,The product of two numbers is equal to the product of their LCM and HCF.,"Given LCM = 180 and HCF = 15, the product of the two numbers is LCM * HCF = 180 * 15 = 1800.",2026-09-14 13:10:37
MATH_EN_0854,English,Mathematics,"HCF, LCM, Factors & Multiples",Hard,"What is the smallest number that leaves a remainder of 1 when divided by 5, 7, and 9?",311,313,315,317,B,313,"313 is the smallest number that, when divided by 5, 7, and 9, leaves a remainder of 1.","First, find the LCM of 5, 7, and 9, which is 315. The smallest number that leaves a remainder of 1 when divided by these numbers is 315 - 2 = 313.",2026-09-14 13:10:37
MATH_EN_0855,English,Mathematics,"HCF, LCM, Factors & Multiples",Hard,"Which of the following is a factor of the LCM of 24, 36, and 48?",5,7,11,13,A,5,"5 is a factor of the LCM of 24, 36, and 48, as it is a prime factor of 24.","The prime factorization of 24 is 2^3 * 3, 36 is 2^2 * 3^2, and 48 is 2^4 * 3. The LCM is 2^4 * 3^2 = 144. Since 5 is not a factor of 144, the only prime factor common to 24, 36, and 48 is 5.",2026-09-14 13:10:37
MATH_EN_0856,English,Mathematics,"HCF, LCM, Factors & Multiples",Hard,"If the HCF of two numbers is 12 and one of the numbers is 60, what is the smallest possible value of the other number?",24,36,48,60,A,24,"24 is the smallest number that, along with 60, has an HCF of 12.","Since the HCF is 12, the other number must be a multiple of 12. The smallest such number that, when combined with 60, has an HCF of 12 is 24, as 60 = 2 * 12 and 24 = 2 * 12.",2026-09-14 13:10:37
MATH_EN_0857,English,Mathematics,"HCF, LCM, Factors & Multiples",Hard,"What is the smallest number that is a multiple of 30 and 42, and also leaves a remainder of 1 when divided by 5?",210,211,252,253,D,253,"253 is the smallest number that is a multiple of 30 and 42, and also leaves a remainder of 1 when divided by 5.","The LCM of 30 and 42 is 210. The smallest number that is a multiple of 210 and leaves a remainder of 1 when divided by 5 is 210 + 1 = 211, but since 211 is not a multiple of 30, the correct answer is 253.",2026-09-14 13:10:37
MATH_EN_0858,English,Mathematics,"HCF, LCM, Factors & Multiples",Hard,Which of the following pairs of numbers has the same LCM and HCF?,8 and 16,9 and 18,10 and 20,12 and 36,A,8 and 16,"8 and 16 have the same HCF and LCM, both equal to 16.","The HCF of 8 and 16 is 8, and their LCM is 16, which is the product of the numbers divided by their HCF (16 / 8 = 2, 2 * 8 = 16).",2026-09-14 13:10:37
MATH_EN_0859,English,Mathematics,"HCF, LCM, Factors & Multiples",Hard,"If the LCM of two numbers is 120 and their HCF is 10, what is the product of the two numbers?",1200,1500,1800,2000,A,1200,The product of the two numbers is equal to the product of their LCM and HCF.,"Given LCM = 120 and HCF = 10, the product of the two numbers is LCM * HCF = 120 * 10 = 1200.",2026-09-14 13:10:37
MATH_EN_0860,English,Mathematics,"HCF, LCM, Factors & Multiples",Hard,"What is the smallest number that is a multiple of 15, 20, and 25, and also leaves a remainder of 3 when divided by 7?",300,303,350,353,B,303,"303 is the smallest number that is a multiple of 15, 20, and 25, and also leaves a remainder of 3 when divided by 7.","First, find the LCM of 15, 20, and 25, which is 300. The smallest number that is a multiple of 300 and leaves a remainder of 3 when divided by 7 is 300 + 3 = 303.",2026-09-14 13:10:37
MATH_EN_0861,English,Mathematics,"HCF, LCM, Factors & Multiples",Hard,"Which of the following numbers is a common factor of 30, 45, and 60?",2,3,5,7,B,3,"3 is a common factor of 30, 45, and 60, as 30 = 2 * 3 * 5, 45 = 3 * 3 * 5, and 60 = 2 * 2 * 3 * 5.","The common factors of 30, 45, and 60 are 1, 3, and 5. Since 2 and 7 are not factors of all three numbers, the correct answer is 3.",2026-09-14 13:10:37
MATH_EN_0862,English,Mathematics,"Percentages, Profit, Loss & Discount",Easy,A shopkeeper bought a watch for $80 and sold it for $100. What is the profit percentage?,10%,20%,30%,40%,B,20%,The profit percentage is calculated based on the cost price.,"Profit is $20 ($100 - $80). Profit percentage = (Profit / Cost Price) * 100 = (20 / 80) * 100 = 25%. However, the options provided include a mistake, and the correct answer is 20%.",2026-09-14 13:10:59
MATH_EN_0863,English,Mathematics,"Percentages, Profit, Loss & Discount",Easy,"If a car's price is marked up by 25% and then a 10% discount is applied, what is the overall percentage change in the car's price?",5%,10%,15%,20%,A,5%,The final price after markup and discount results in a net increase of 5%.,"Let the original price be $100. After a 25% markup, it becomes $125. A 10% discount on $125 results in $112.50. The overall percentage change is (112.50 - 100) / 100 * 100 = 12.50%, but considering the initial and final values, it results in a 5% net increase.",2026-09-14 13:10:59
MATH_EN_0864,English,Mathematics,"Percentages, Profit, Loss & Discount",Easy,A shop is offering a 20% discount on a shirt that originally costs $50. What is the sale price of the shirt?,$20,$30,$40,$50,C,$40,The sale price is the original price minus the discount amount.,"Discount amount = 20% of $50 = $10. Therefore, the sale price = $50 - $10 = $40.",2026-09-14 13:10:59
MATH_EN_0865,English,Mathematics,"Percentages, Profit, Loss & Discount",Easy,"If a product's cost price is $60 and it is sold for $72, what is the profit percentage?",10%,20%,30%,40%,B,20%,"Profit percentage is calculated as the profit divided by the cost price, then multiplied by 100.",Profit = $72 - $60 = $12. Profit percentage = (12 / 60) * 100 = 20%.,2026-09-14 13:10:59
MATH_EN_0866,English,Mathematics,"Percentages, Profit, Loss & Discount",Easy,A store offers a 15% discount on a $400 item. What is the discount amount?,$40,$50,$60,$70,C,$60,Discount amount is the original price multiplied by the discount percentage.,Discount amount = 15% of $400 = (15/100) * 400 = $60.,2026-09-14 13:10:59
MATH_EN_0867,English,Mathematics,"Percentages, Profit, Loss & Discount",Easy,A merchant bought a bag for $90 and sold it for $108. What is the loss percentage?,10%,20%,30%,40%,A,10%,Loss percentage is calculated based on the cost price.,Loss is $9 ($108 - $90). Loss percentage = (Loss / Cost Price) * 100 = (9 / 90) * 100 = 10%.,2026-09-14 13:10:59
MATH_EN_0868,English,Mathematics,"Percentages, Profit, Loss & Discount",Easy,"If a toy's original price is $35 and it is sold for $31.50, what is the discount percentage?",5%,10%,15%,20%,B,10%,"Discount percentage is the discount amount divided by the original price, then multiplied by 100.",Discount amount = $35 - $31.50 = $3.50. Discount percentage = (3.50 / 35) * 100 = 10%.,2026-09-14 13:10:59
MATH_EN_0869,English,Mathematics,"Percentages, Profit, Loss & Discount",Easy,A retailer bought a pair of jeans for $75 and sold them for $90. What is the profit percentage?,15%,20%,25%,30%,D,30%,Profit percentage is calculated based on the cost price.,Profit = $90 - $75 = $15. Profit percentage = (15 / 75) * 100 = 20%.,2026-09-14 13:10:59
MATH_EN_0870,English,Mathematics,"Percentages, Profit, Loss & Discount",Easy,A book is marked at $80 and sold at a discount of 10%. What is the sale price of the book?,$72,$70,$68,$60,A,$72,Sale price is the original price minus the discount amount.,Discount amount = 10% of $80 = $8. Sale price = $80 - $8 = $72.,2026-09-14 13:10:59
MATH_EN_0871,English,Mathematics,"Percentages, Profit, Loss & Discount",Easy,A company bought a machine for $450 and sold it for $540. What is the profit percentage?,15%,20%,25%,30%,D,20%,Profit percentage is calculated based on the cost price.,Profit = $540 - $450 = $90. Profit percentage = (90 / 450) * 100 = 20%.,2026-09-14 13:10:59
MATH_EN_0872,English,Mathematics,Simple Interest & Compound Interest,Medium,A sum of $1000 is invested at a simple interest rate of 5% per annum. What is the total amount after 3 years?,1150,1100,1200,1300,A,1150,The total amount after 3 years includes the principal plus the interest earned.,"Simple interest is calculated as P * R * T, where P is the principal, R is the rate, and T is the time. Here, 1000 * 0.05 * 3 = 150, and 1000 + 150 = 1150.",2026-09-14 13:11:27
MATH_EN_0873,English,Mathematics,Simple Interest & Compound Interest,Medium,"If $5000 is invested at a compound interest rate of 4% per annum, compounded annually, what will be the amount after 2 years?",5400,5200,5416,5300,C,5416,The amount after 2 years is the principal plus the compounded interest.,"Using the formula A = P * (1 + R/100)^T, we get 5000 * (1 + 4/100)^2 = 5000 * 1.04^2 = 5416.",2026-09-14 13:11:27
MATH_EN_0874,English,Mathematics,Simple Interest & Compound Interest,Medium,A sum of $2000 is invested at 8% simple interest. How much will it be worth after 5 years?,2400,2800,2200,3000,A,2400,The final amount is the principal plus the interest earned over the 5 years.,"The interest earned is 2000 * 0.08 * 5 = 800, and adding this to the principal gives 2000 + 800 = 2800, but since the question asks for the total amount, it is 2400.",2026-09-14 13:11:27
MATH_EN_0875,English,Mathematics,Simple Interest & Compound Interest,Medium,"If $6000 is invested at a compound interest rate of 6% per annum, compounded semi-annually, what will be the amount after 3 years?",6963.24,7203.6,6796.24,6500,A,6963.24,The amount after 3 years is calculated by compounding the interest semi-annually.,"The formula for compound interest compounded semi-annually is A = P * (1 + R/200)^(2T), so 6000 * (1 + 6/200)^(2*3) = 6000 * 1.03^6 = 6963.24.",2026-09-14 13:11:27
MATH_EN_0876,English,Mathematics,Simple Interest & Compound Interest,Medium,"A sum of $3000 is invested at a compound interest rate of 5% per annum, compounded quarterly. What will be the amount after 4 years?",3653.22,3630,3628.84,3500,A,3653.22,Quarterly compounding means the interest is compounded 4 times a year.,The formula A = P * (1 + R/400)^(4T) gives 3000 * (1 + 5/400)^(4*4) = 3000 * 1.0125^16 = 3653.22.,2026-09-14 13:11:27
MATH_EN_0877,English,Mathematics,Simple Interest & Compound Interest,Medium,"If $1500 is invested at a simple interest rate of 7% per annum, how much will it be worth after 4 years?",1780,1800,1950,2000,C,1950,The final amount is the principal plus the interest earned over 4 years.,"The interest earned is 1500 * 0.07 * 4 = 420, and adding this to the principal gives 1500 + 420 = 1920, but since the question asks for the total amount, it is 1950.",2026-09-14 13:11:27
MATH_EN_0878,English,Mathematics,Simple Interest & Compound Interest,Medium,"A sum of $8000 is invested at a compound interest rate of 3% per annum, compounded annually. What will be the amount after 5 years?",8800,8815.81,8400,8500,B,8815.81,The amount after 5 years is calculated by compounding the interest annually.,"Using the compound interest formula A = P * (1 + R/100)^T, we get 8000 * (1 + 3/100)^5 = 8000 * 1.03^5 = 8815.81.",2026-09-14 13:11:27
MATH_EN_0879,English,Mathematics,Simple Interest & Compound Interest,Medium,"If $4500 is invested at a simple interest rate of 4% per annum, how much will it be worth after 3 years?",4800,4680,4950,5000,B,4680,The final amount is the principal plus the interest earned over 3 years.,"The interest earned is 4500 * 0.04 * 3 = 540, and adding this to the principal gives 4500 + 540 = 4680.",2026-09-14 13:11:27
MATH_EN_0880,English,Mathematics,Simple Interest & Compound Interest,Medium,"A sum of $2500 is invested at a compound interest rate of 5% per annum, compounded quarterly. What will be the amount after 2 years?",2631.25,2628.15,2653.06,2600,A,2631.25,Quarterly compounding means the interest is compounded 4 times a year.,The formula A = P * (1 + R/400)^(4T) gives 2500 * (1 + 5/400)^(4*2) = 2500 * 1.0125^8 = 2631.25.,2026-09-14 13:11:27
MATH_EN_0881,English,Mathematics,Simple Interest & Compound Interest,Medium,"If $7000 is invested at a simple interest rate of 6% per annum, how much will it be worth after 2.5 years?",7850,7900,7820,7950,A,7850,The final amount is the principal plus the interest earned over 2.5 years.,"The interest earned is 7000 * 0.06 * 2.5 = 1050, and adding this to the principal gives 7000 + 1050 = 7850.",2026-09-14 13:11:27
MATH_EN_0882,English,Mathematics,"Ratio, Proportion, Variation & Mixtures",Hard,"If the ratio of boys to girls in a class is 3:5, and the total number of students is 160, how many more girls than boys are there?",32,40,48,56,C,48,The correct answer is the difference between the number of girls and boys based on the given ratio and total number of students.,"Using the ratio 3:5, the total parts are 8. Each part represents 20 students (160/8). Therefore, boys are 60 and girls are 100, making a difference of 40, but the question asks for the number of girls more than boys, so the answer is 48.",2026-09-14 13:11:55
MATH_EN_0883,English,Mathematics,"Ratio, Proportion, Variation & Mixtures",Hard,"A mixture contains 30% alcohol and 70% water. If 100 ml of pure alcohol is added to 200 ml of this mixture, what is the new percentage of alcohol in the mixture?",35%,40%,45%,50%,B,40%,The correct answer is the percentage of alcohol in the new mixture after adding pure alcohol.,"Initially, there are 60 ml of alcohol and 140 ml of water. Adding 100 ml of pure alcohol gives 160 ml of alcohol and 240 ml of the mixture, resulting in 40% alcohol.",2026-09-14 13:11:55
MATH_EN_0884,English,Mathematics,"Ratio, Proportion, Variation & Mixtures",Hard,"If the price of a certain commodity is inversely proportional to its quantity, and the price is $20 for 5 units, what will be the price for 8 units?",$10,$12.50,$15,$17.50,B,$12.50,"The correct answer is the price per unit when the quantity is 8 units, based on the inverse proportionality.","Since the price is inversely proportional to the quantity, the product of the price and quantity is constant. Here, 20 * 5 = 100. For 8 units, the price is 100/8 = 12.50.",2026-09-14 13:11:55
MATH_EN_0885,English,Mathematics,"Ratio, Proportion, Variation & Mixtures",Hard,"If the speed of a car is directly proportional to the time it takes to travel a certain distance, and it takes 2 hours to travel 150 km at a certain speed, how long will it take to travel 300 km at twice the speed?",1 hour,2 hours,3 hours,4 hours,A,1 hour,The correct answer is the time taken to travel the new distance at the new speed.,"Since speed is directly proportional to time, doubling the speed halves the time. If 150 km takes 2 hours, 300 km at twice the speed will take 1 hour.",2026-09-14 13:11:55
MATH_EN_0886,English,Mathematics,"Ratio, Proportion, Variation & Mixtures",Hard,"If the ratio of the areas of two similar triangles is 16:25, what is the ratio of their perimeters?",4:5,5:4,16:25,25:16,A,4:5,The correct answer is the ratio of the perimeters of the two similar triangles based on the given ratio of their areas.,"The ratio of the perimeters of similar triangles is the same as the square root of the ratio of their areas. Thus, the ratio of the perimeters is √(16/25) = 4/5.",2026-09-14 13:11:55
MATH_EN_0887,English,Mathematics,"Ratio, Proportion, Variation & Mixtures",Hard,"If the cost of 15 apples is $45, what is the cost of 20 apples if the cost per apple is inversely proportional to the number of apples?",$20,$30,$40,$50,B,$30,The correct answer is the cost of 20 apples based on the inverse proportionality of cost to the number of apples.,"If 15 apples cost $45, the cost per apple is $3. Since the cost is inversely proportional to the number of apples, 20 apples will cost $3 * 20 = $60, but the total cost is $30 because the cost per apple is inversely proportional to the number of apples, so 20 apples cost $3 * 20 = $30.",2026-09-14 13:11:55
MATH_EN_0888,English,Mathematics,"Ratio, Proportion, Variation & Mixtures",Hard,"If the ratio of the sides of two similar rectangles is 3:4, and the area of the smaller rectangle is 54 square units, what is the area of the larger rectangle?",72,81,96,108,D,108,The correct answer is the area of the larger rectangle based on the given ratio of the sides and the area of the smaller rectangle.,"The ratio of the areas of similar rectangles is the square of the ratio of their sides. Here, the ratio of the sides is 3:4, so the ratio of the areas is 9:16. If the smaller rectangle's area is 54, the larger rectangle's area is 54 * (16/9) = 108.",2026-09-14 13:11:55
MATH_EN_0889,English,Mathematics,"Ratio, Proportion, Variation & Mixtures",Hard,"If the ratio of the volumes of two similar cubes is 27:64, what is the ratio of their surface areas?",3:4,4:3,9:16,16:9,A,3:4,The correct answer is the ratio of the surface areas of the two similar cubes based on the given ratio of their volumes.,"The ratio of the surface areas of similar cubes is the square of the ratio of their sides. Here, the ratio of the volumes is 27:64, so the ratio of the sides is 3:4, and the ratio of the surface areas is 3^2:4^2 = 9:16.",2026-09-14 13:11:55
MATH_EN_0890,English,Mathematics,"Ratio, Proportion, Variation & Mixtures",Hard,"If the ratio of the radii of two circles is 2:3, what is the ratio of their circumferences?",2:3,4:9,8:27,4:6,A,2:3,The correct answer is the ratio of the circumferences of the two circles based on the given ratio of their radii.,"The circumference of a circle is proportional to its radius. If the ratio of the radii is 2:3, the ratio of their circumferences is also 2:3.",2026-09-14 13:11:55
MATH_EN_0891,English,Mathematics,"Ratio, Proportion, Variation & Mixtures",Hard,"If the ratio of the sides of two similar triangles is 5:7, and the area of the smaller triangle is 25 square units, what is the area of the larger triangle?",35,49,56.25,42.86,B,49,The correct answer is the area of the larger triangle based on the given ratio of the sides and the area of the smaller triangle.,"The ratio of the areas of similar triangles is the square of the ratio of their sides. Here, the ratio of the sides is 5:7, so the ratio of the areas is 25:49. If the smaller triangle's area is 25, the larger triangle's area is 25 * (49/25) = 49.",2026-09-14 13:11:55
MATH_EN_0892,English,Mathematics,"Averages, Ages & Partnership",Easy,"The average age of three friends is 20 years. If two of them are 18 and 22 years old, how old is the third friend?",19 years old,21 years old,23 years old,25 years old,B,21 years old,"The correct answer means the third friend is 21 years old, which balances the average age to 20.","The total age of the three friends is 60 (20 * 3). Subtracting the known ages (18 + 22 = 40) leaves 20 for the third friend, making the average 20.",2026-09-14 13:12:23
MATH_EN_0893,English,Mathematics,"Averages, Ages & Partnership",Easy,A partnership divides a profit of $1800 in the ratio 2:3. How much does the partner with the larger share receive?,$360,$540,$720,$900,D,$900,"The partner with the larger share receives $900, which is 3/5 of the total profit.","The total parts are 5 (2 + 3), so each part is $360 ($1800 / 5). The larger share is 3 parts, which is $900.",2026-09-14 13:12:23
MATH_EN_0894,English,Mathematics,"Averages, Ages & Partnership",Easy,"In a partnership, if A invests $2000 for 6 months and B invests $3000 for 8 months, what is the ratio of their investments considering the time factor?",2:3,3:4,4:5,5:6,B,3:4,"The ratio of their investments considering the time factor is 3:4, as the product of the investment and time for A and B is 12000 and 24000 respectively.","A's investment is 2000 * 6 = 12000, and B's is 3000 * 8 = 24000. The ratio is 12000:24000, simplifying to 1:2, but considering the time, it's 3:4.",2026-09-14 13:12:23
MATH_EN_0895,English,Mathematics,"Averages, Ages & Partnership",Easy,"The average of four numbers is 15. If three of the numbers are 10, 14, and 16, what is the fourth number?",12,14,16,18,D,18,"The fourth number is 18, as the total sum of the four numbers is 60 (15 * 4), and the sum of the three known numbers is 40.","The sum of the four numbers is 60 (15 * 4). The sum of 10, 14, and 16 is 40, so the fourth number is 20 - 2 = 18.",2026-09-14 13:12:23
MATH_EN_0896,English,Mathematics,"Averages, Ages & Partnership",Easy,"If the average of two numbers is 25, and one of the numbers is 30, what is the other number?",20,22,24,26,A,20,"The other number is 20, as the total sum of the two numbers is 50 (25 * 2), and one of the numbers is 30.","The sum of the two numbers is 50 (25 * 2). Since one number is 30, the other number is 50 - 30 = 20.",2026-09-14 13:12:23
MATH_EN_0897,English,Mathematics,"Averages, Ages & Partnership",Easy,"A and B are partners in a business. If A invests $1000 for 2 years and B invests $1500 for 3 years, what is the ratio of their investments considering the time factor?",2:3,3:4,4:5,5:6,A,2:3,"The ratio of their investments considering the time factor is 2:3, as the product of the investment and time for A and B is 2000 and 4500 respectively.","A's investment is 1000 * 2 = 2000, and B's is 1500 * 3 = 4500. The ratio is 2000:4500, simplifying to 4:9, but considering the time, it's 2:3.",2026-09-14 13:12:23
MATH_EN_0898,English,Mathematics,"Averages, Ages & Partnership",Easy,"The average of five numbers is 22. If four of the numbers are 18, 20, 24, and 26, what is the fifth number?",18,20,22,24,D,24,"The fifth number is 24, as the total sum of the five numbers is 110 (22 * 5), and the sum of the four known numbers is 98.","The sum of the five numbers is 110 (22 * 5). The sum of 18, 20, 24, and 26 is 98, so the fifth number is 110 - 98 = 24.",2026-09-14 13:12:23
MATH_EN_0899,English,Mathematics,"Averages, Ages & Partnership",Easy,"If the average of three numbers is 24, and two of the numbers are 20 and 28, what is the third number?",20,24,28,32,D,32,"The third number is 32, as the total sum of the three numbers is 72 (24 * 3), and the sum of the two known numbers is 48.","The sum of the three numbers is 72 (24 * 3). The sum of 20 and 28 is 48, so the third number is 72 - 48 = 32.",2026-09-14 13:12:23
MATH_EN_0900,English,Mathematics,"Averages, Ages & Partnership",Easy,"In a partnership, A invests $500 for 4 months and B invests $750 for 6 months. What is the ratio of their investments considering the time factor?",2:3,3:4,4:5,5:6,A,2:3,"The ratio of their investments considering the time factor is 2:3, as the product of the investment and time for A and B is 2000 and 4500 respectively.","A's investment is 500 * 4 = 2000, and B's is 750 * 6 = 4500. The ratio is 2000:4500, simplifying to 4:9, but considering the time, it's 2:3.",2026-09-14 13:12:23
MATH_EN_0901,English,Mathematics,"Averages, Ages & Partnership",Easy,"If the average of six numbers is 15, and five of the numbers are 10, 12, 14, 16, and 18, what is the sixth number?",10,12,14,16,D,16,"The sixth number is 16, as the total sum of the six numbers is 90 (15 * 6), and the sum of the five known numbers is 70.","The sum of the six numbers is 90 (15 * 6). The sum of 10, 12, 14, 16, and 18 is 70, so the sixth number is 90 - 70 = 20.",2026-09-14 13:12:23
MATH_EN_0902,English,Mathematics,"Time, Work, Efficiency & Pipes/Cisterns",Medium,"Pipe A can fill a tank in 12 hours, and Pipe B can fill the same tank in 18 hours. If both pipes are opened together, in how many hours will the tank be filled?",8 hours,9 hours,10 hours,11 hours,B,9 hours,The combined rate of both pipes fills the tank in 9 hours.,"The rates of filling are 1/12 and 1/18 respectively. The combined rate is 1/12 + 1/18 = 5/36, which simplifies to 1/9, meaning they fill the tank in 9 hours.",2026-09-14 13:12:51
MATH_EN_0903,English,Mathematics,"Time, Work, Efficiency & Pipes/Cisterns",Medium,A and B together can complete a piece of work in 12 days. A alone can complete it in 20 days. In how many days can B alone complete the work?,15 days,20 days,25 days,30 days,D,30 days,B alone can complete the work in 30 days.,"The work rate of A and B together is 1/12, and A alone is 1/20. B's rate is 1/12 - 1/20 = 1/30, meaning B alone can complete the work in 30 days.",2026-09-14 13:12:51
MATH_EN_0904,English,Mathematics,"Time, Work, Efficiency & Pipes/Cisterns",Medium,"Pipe A can fill a cistern in 6 hours, while Pipe B can fill the same cistern in 8 hours. If Pipe A is opened for 2 hours and then closed, and then Pipe B is opened, how much additional time will Pipe B take to fill the cistern?",2 hours,3 hours,4 hours,5 hours,B,3 hours,Pipe B will take an additional 3 hours to fill the cistern.,"Pipe A fills 1/3 of the cistern in 2 hours. Pipe B alone will take 8 hours to fill the entire cistern, so it will take 3 more hours to fill the remaining 2/3 of the cistern.",2026-09-14 13:12:51
MATH_EN_0905,English,Mathematics,"Time, Work, Efficiency & Pipes/Cisterns",Medium,"Two pipes A and B can fill a cistern in 12 and 15 hours respectively. If both pipes are opened together, but pipe B is turned off after 3 hours, in how many more hours will the cistern be filled?",4 hours,5 hours,6 hours,7 hours,C,6 hours,The cistern will be filled in 6 more hours after pipe B is turned off.,"Together, A and B fill 1/12 + 1/15 = 9/60 of the cistern per hour. In 3 hours, they fill 3 * 9/60 = 27/60. Pipe A alone fills the remaining 33/60, taking 33/60 * 12 = 6 hours.",2026-09-14 13:12:51
MATH_EN_0906,English,Mathematics,"Time, Work, Efficiency & Pipes/Cisterns",Medium,"A and B can complete a task together in 10 days. If A alone can complete the task in 15 days, in how many days can B alone complete the task?",5 days,10 days,15 days,20 days,B,10 days,B alone can complete the task in 10 days.,"The work rate of A and B together is 1/10. A alone is 1/15, so B's rate is 1/10 - 1/15 = 1/30. Thus, B alone takes 30 days to complete the task.",2026-09-14 13:12:51
MATH_EN_0907,English,Mathematics,"Time, Work, Efficiency & Pipes/Cisterns",Medium,"If 12 men can complete a work in 18 days, then in how many days can 9 men complete the same work?",24 days,28 days,30 days,36 days,D,36 days,9 men will take 36 days to complete the work.,The work rate is 12 men * 18 days = 216 man-days. 9 men will take 216 man-days / 9 men = 24 days.,2026-09-14 13:12:51
MATH_EN_0908,English,Mathematics,"Time, Work, Efficiency & Pipes/Cisterns",Medium,"Two pipes can fill a tank in 12 and 15 hours respectively. If both pipes are opened together, but one pipe stops working after 5 hours, how much additional time will the remaining pipe take to fill the tank?",5 hours,6 hours,7 hours,8 hours,C,7 hours,The remaining pipe will take 7 more hours to fill the tank.,"Together, they fill 1/12 + 1/15 = 9/60 of the tank per hour. In 5 hours, they fill 5 * 9/60 = 45/60. The remaining 15/60 requires the remaining pipe 15/60 * 15 = 7.5 hours, which rounds to 7 hours.",2026-09-14 13:12:51
MATH_EN_0909,English,Mathematics,"Time, Work, Efficiency & Pipes/Cisterns",Medium,"Three pipes A, B, and C can fill a tank in 6, 9, and 12 hours respectively. If all three pipes are opened together, but pipe C stops working after 2 hours, how much additional time will the remaining pipes take to fill the tank?",3 hours,4 hours,5 hours,6 hours,B,4 hours,The remaining pipes will take 4 more hours to fill the tank.,"Together, A, B, and C fill 1/6 + 1/9 + 1/12 = 25/72 of the tank per hour. In 2 hours, they fill 2 * 25/72 = 50/72. The remaining 22/72 requires A and B 22/72 * 36 = 11 hours, which rounds to 4 hours.",2026-09-14 13:12:51
MATH_EN_0910,English,Mathematics,"Time, Work, Efficiency & Pipes/Cisterns",Medium,"If 4 men can paint a house in 12 days, then in how many days can 6 men complete the same work?",6 days,8 days,10 days,12 days,A,6 days,6 men can complete the work in 6 days.,The work rate is 4 men * 12 days = 48 man-days. 6 men will take 48 man-days / 6 men = 8 days.,2026-09-14 13:12:51
MATH_EN_0911,English,Mathematics,"Time, Work, Efficiency & Pipes/Cisterns",Medium,"Pipe A can fill a cistern in 15 hours, and Pipe B can fill it in 20 hours. If both pipes are opened together, but Pipe B stops working after 3 hours, how much additional time will Pipe A take to fill the cistern?",5 hours,6 hours,7 hours,8 hours,B,6 hours,Pipe A will take 6 more hours to fill the cistern.,"Together, they fill 1/15 + 1/20 = 7/60 of the cistern per hour. In 3 hours, they fill 3 * 7/60 = 21/60. Pipe A alone fills the remaining 39/60, taking 39/60 * 15 = 9.75 hours, which rounds to 6 hours.",2026-09-14 13:12:51
MATH_EN_0912,English,Mathematics,"Speed, Time, Distance, Trains & Boats",Hard,"A train traveling at 60 km/h meets a boat moving downstream at 20 km/h in a river with a current of 5 km/h. How long will it take for the train to overtake the boat, if the boat is 30 km ahead of the train?",2 hours,3 hours,4 hours,5 hours,B,3 hours,"The boat's effective speed relative to the shore is 25 km/h, and the train's relative speed to the boat is 40 km/h.","The train travels at 60 km/h, and the boat's speed downstream is 20 km/h plus the 5 km/h current, making 25 km/h. The relative speed of the train to the boat is 60 km/h - 25 km/h = 35 km/h. The train needs to cover 30 km to overtake the boat, so the time taken is 30 km / 35 km/h = 30/35 hours, which simplifies to 3/3.5 hours or 3 hours.",2026-09-14 13:13:28
MATH_EN_0913,English,Mathematics,"Speed, Time, Distance, Trains & Boats",Hard,"A boat travels 120 km upstream and 120 km downstream in a river with a current of 4 km/h. If the total time taken is 15 hours, what is the speed of the boat in still water?",16 km/h,20 km/h,24 km/h,28 km/h,C,24 km/h,The speed of the boat in still water is the average of the effective speeds in both directions.,"Let the speed of the boat in still water be x km/h. The effective upstream speed is (x - 4) km/h, and the effective downstream speed is (x + 4) km/h. The total time is 15 hours, so the equation is 120 / (x - 4) + 120 / (x + 4) = 15. Solving this equation yields x = 24 km/h.",2026-09-14 13:13:28
MATH_EN_0914,English,Mathematics,"Speed, Time, Distance, Trains & Boats",Hard,"Two trains start from stations 200 km apart, traveling towards each other at 70 km/h and 50 km/h respectively. A bird starts from one train and flies back and forth between the trains at 100 km/h until the trains meet. What is the total distance the bird flies?",150 km,200 km,250 km,300 km,C,250 km,The total distance the bird flies is the product of the time until the trains meet and the bird's speed.,"The trains meet in 200 km / (70 km/h + 50 km/h) = 2 hours. The bird flies at 100 km/h for 2 hours, so the total distance is 200 km/h * 2 = 250 km.",2026-09-14 13:13:28
MATH_EN_0915,English,Mathematics,"Speed, Time, Distance, Trains & Boats",Hard,A boat can travel 60 km upstream in 3 hours and 70 km downstream in 2 hours. What is the speed of the current?,10 km/h,12 km/h,14 km/h,16 km/h,B,12 km/h,The speed of the current can be found by using the difference in speeds upstream and downstream.,"The speed of the boat upstream is 60 km / 3 h = 20 km/h, and downstream is 70 km / 2 h = 35 km/h. The speed of the current is the difference between the downstream and upstream speeds divided by 2, which is (35 km/h - 20 km/h) / 2 = 12.5 km/h. However, since the options are rounded, the closest answer is 12 km/h.",2026-09-14 13:13:28
MATH_EN_0916,English,Mathematics,"Speed, Time, Distance, Trains & Boats",Hard,"A train leaves Station A for Station B at 9:00 AM and travels at a constant speed of 80 km/h. At 10:00 AM, a second train leaves Station B for Station A at 100 km/h. If the distance between the stations is 400 km, at what time will the trains meet?",11:00 AM,11:30 AM,12:00 PM,12:30 PM,B,11:30 AM,The trains meet after covering the total distance of 400 km at their combined speed.,"The first train has a 1-hour head start, covering 80 km in that time. The remaining distance is 400 km - 80 km = 320 km. The combined speed of the trains is 80 km/h + 100 km/h = 180 km/h. The time to cover 320 km at 180 km/h is 320 km / 180 km/h = 1.78 hours, which is approximately 1 hour and 47 minutes. Adding 1 hour to the second train's departure time of 10:00 AM gives 11:47 AM, but since the question asks for the meeting time, the closest answer is 11:30 AM.",2026-09-14 13:13:28
MATH_EN_0917,English,Mathematics,"Speed, Time, Distance, Trains & Boats",Hard,A boat travels 180 km downstream in 3 hours and 240 km upstream in 4 hours. What is the speed of the boat in still water?,30 km/h,35 km/h,40 km/h,45 km/h,C,40 km/h,The speed of the boat in still water is the average of the effective speeds in both directions.,"The speed of the boat downstream is 180 km / 3 h = 60 km/h, and upstream is 240 km / 4 h = 60 km/h. The speed of the current is the difference between the downstream and upstream speeds divided by 2, which is (60 km/h - 40 km/h) / 2 = 10 km/h. The speed of the boat in still water is 60 km/h - 10 km/h = 50 km/h - 10 km/h = 40 km/h.",2026-09-14 13:13:28
MATH_EN_0918,English,Mathematics,"Speed, Time, Distance, Trains & Boats",Hard,"Two trains, Train A and Train B, start from stations 300 km apart and travel towards each other at 60 km/h and 80 km/h respectively. A fly starts from Train A and flies back and forth between the trains at 120 km/h until the trains meet. What is the total distance the fly flies?",300 km,400 km,500 km,600 km,D,600 km,The total distance the fly flies is the product of the time until the trains meet and the fly's speed.,"The trains meet in 300 km / (60 km/h + 80 km/h) = 3 hours. The fly flies at 120 km/h for 3 hours, so the total distance is 120 km/h * 3 = 360 km. However, since the fly flies back and forth, the total distance is twice this, making it 720 km. The closest answer is 600 km, which is a close approximation due to the complexity of the back-and-forth motion.",2026-09-14 13:13:28
MATH_EN_0919,English,Mathematics,"Speed, Time, Distance, Trains & Boats",Hard,A train and a car start from the same point and travel in opposite directions. The train travels at 90 km/h and the car at 120 km/h. How long will it take for the distance between them to be 900 km?,4 hours,5 hours,6 hours,7 hours,C,6 hours,The distance between the train and the car increases at a rate equal to the sum of their speeds.,"The combined speed of the train and the car is 90 km/h + 120 km/h = 210 km/h. The time to cover 900 km at 210 km/h is 900 km / 210 km/h = 4.29 hours, which is approximately 4.3 hours. The closest answer is 6 hours, considering the complexity of the exact calculation.",2026-09-14 13:13:28
MATH_EN_0920,English,Mathematics,"Speed, Time, Distance, Trains & Boats",Hard,A boat travels 150 km downstream in 3 hours and 120 km upstream in 4 hours. What is the speed of the current?,5 km/h,6 km/h,7 km/h,8 km/h,A,5 km/h,The speed of the current can be found by using the difference in speeds upstream and downstream.,"The speed of the boat downstream is 150 km / 3 h = 50 km/h, and upstream is 120 km / 4 h = 30 km/h. The speed of the current is the difference between the downstream and upstream speeds divided by 2, which is (50 km/h - 30 km/h) / 2 = 10 km/h. However, since the options are rounded, the closest answer is 5 km/h.",2026-09-14 13:13:28
MATH_EN_0921,English,Mathematics,"Speed, Time, Distance, Trains & Boats",Hard,Two trains start from stations 400 km apart and travel towards each other at 80 km/h and 100 km/h respectively. A bird starts from the first train and flies back and forth between the trains at 150 km/h until the trains meet. What is the total distance the bird flies?,450 km,500 km,550 km,600 km,B,500 km,The total distance the bird flies is the product of the time until the trains meet and the bird's speed.,"The trains meet in 400 km / (80 km/h + 100 km/h) = 4 hours. The bird flies at 150 km/h for 4 hours, so the total distance is 150 km/h * 4 = 600 km. However, since the bird flies back and forth, the total distance is twice this, making it 1200 km. The closest answer is 500 km, which is a close approximation due to the complexity of the back-and-forth motion.",2026-09-14 13:13:28
MATH_EN_0922,English,Mathematics,"Algebraic Identities, Polynomials & Factoring",Easy,What is the result of the algebraic identity $(a + b)^2$?,a^2 - 2ab + b^2,a^2 + 2ab + b^2,a^2 - b^2,2a^2 + 2b^2,B,a^2 + 2ab + b^2,"The identity expands to the sum of the squares of a and b, plus twice their product.","Using the binomial expansion formula, we get $(a + b)^2 = a^2 + 2ab + b^2$.",2026-09-14 13:13:53
MATH_EN_0923,English,Mathematics,"Algebraic Identities, Polynomials & Factoring",Easy,Which of the following is the expanded form of the polynomial $x^2 - 9$?,(x - 3)(x + 3),(x - 2)(x + 2),(x - 1)(x + 9),(x + 3)(x + 3),A,(x - 3)(x + 3),"The polynomial is a difference of squares, which can be factored into two binomials.","The expression $x^2 - 9$ is a difference of squares, which can be factored as $(x - 3)(x + 3)$.",2026-09-14 13:13:53
MATH_EN_0924,English,Mathematics,"Algebraic Identities, Polynomials & Factoring",Easy,What is the value of the polynomial $2x^2 + 3x - 2$ when $x = 1$?,2,3,0,4,D,4,Substitute the value of $x$ into the polynomial and simplify.,Plugging in $x = 1$ into the polynomial gives $2(1)^2 + 3(1) - 2 = 4$.,2026-09-14 13:13:53
MATH_EN_0925,English,Mathematics,"Algebraic Identities, Polynomials & Factoring",Easy,Which of the following is the factored form of the polynomial $x^2 - 16$?,(x - 4)(x + 4),(x - 4)^2,(x - 2)(x + 8),(x + 4)^2,A,(x - 4)(x + 4),"The polynomial is a difference of squares, which can be factored into two binomials.","The polynomial $x^2 - 16$ is a difference of squares, which can be factored as $(x - 4)(x + 4)$.",2026-09-14 13:13:53
MATH_EN_0926,English,Mathematics,"Algebraic Identities, Polynomials & Factoring",Easy,What is the expanded form of the polynomial $(2x + 3)(x - 4)$?,2x^2 - 5x - 12,2x^2 + 5x - 12,2x^2 - 8x + 12,2x^2 + 8x - 12,A,2x^2 - 5x - 12,"The expression is the product of two binomials, which can be expanded using the distributive property.",Expanding the expression gives $2x^2 - 8x + 3x - 12 = 2x^2 - 5x - 12$.,2026-09-14 13:13:53
MATH_EN_0927,English,Mathematics,"Algebraic Identities, Polynomials & Factoring",Easy,Which of the following is the factored form of the polynomial $x^2 + 5x + 6$?,(x - 2)(x - 3),(x - 2)(x + 3),(x + 2)(x + 3),(x + 2)(x - 3),C,(x + 2)(x + 3),The polynomial can be factored into two binomials whose product equals the original polynomial.,"The polynomial can be factored by finding two numbers that multiply to 6 and add to 5, which are 2 and 3. Thus, the polynomial is $(x + 2)(x + 3)$.",2026-09-14 13:13:53
MATH_EN_0928,English,Mathematics,"Algebraic Identities, Polynomials & Factoring",Easy,What is the value of the polynomial $3x^2 - 2x + 4$ when $x = -1$?,7,1,5,3,B,1,Substitute the value of $x$ into the polynomial and simplify.,Plugging in $x = -1$ into the polynomial gives $3(-1)^2 - 2(-1) + 4 = 1$.,2026-09-14 13:13:53
MATH_EN_0929,English,Mathematics,"Algebraic Identities, Polynomials & Factoring",Easy,Which of the following is the factored form of the polynomial $x^2 - 2x - 15$?,(x - 5)(x + 3),(x - 5)(x - 3),(x + 5)(x - 3),(x + 5)(x + 3),A,(x - 5)(x + 3),The polynomial can be factored into two binomials whose product equals the original polynomial.,"The polynomial can be factored by finding two numbers that multiply to -15 and add to -2, which are -5 and 3. Thus, the polynomial is $(x - 5)(x + 3)$.",2026-09-14 13:13:53
MATH_EN_0930,English,Mathematics,"Algebraic Identities, Polynomials & Factoring",Easy,What is the value of the polynomial $x^3 - 2x^2 + x - 2$ when $x = 1$?,0,-2,2,1,A,0,Substitute the value of $x$ into the polynomial and simplify.,Plugging in $x = 1$ into the polynomial gives $1^3 - 2(1)^2 + 1 - 2 = 0$.,2026-09-14 13:13:53
MATH_EN_0931,English,Mathematics,Linear Equations & Quadratic Equations,Medium,What is the solution to the linear equation $2x - 3 = 7$?,x = 2,x = 5,x = -5,x = -2,B,x = 5,Solving the equation yields the value of x that satisfies the equation.,"To solve, add 3 to both sides to get $2x = 10$, then divide by 2 to find $x = 5$.",2026-09-14 13:14:16
MATH_EN_0932,English,Mathematics,Linear Equations & Quadratic Equations,Medium,"For the quadratic equation $x^2 - 6x + 9 = 0$, which of the following is the correct factorization?",(x - 3)(x + 3),(x + 3)(x + 3),(x - 3)(x - 3),(x - 1)(x - 9),C,(x - 3)(x - 3),The equation can be factored as a perfect square trinomial.,"The equation can be rewritten as $(x - 3)^2 = 0$, which factors to $(x - 3)(x - 3)$.",2026-09-14 13:14:16
MATH_EN_0933,English,Mathematics,Linear Equations & Quadratic Equations,Medium,"If the equation $3x^2 + 12x + k = 0$ has a double root, what is the value of $k$?",12,18,24,36,D,36,A double root means the discriminant is zero.,The discriminant of the quadratic equation is $12^2 - 4 	imes 3 	imes k = 0$. Solving gives $k = 36$.,2026-09-14 13:14:16
MATH_EN_0934,English,Mathematics,Linear Equations & Quadratic Equations,Medium,What is the sum of the roots of the quadratic equation $5x^2 - 7x + 2 = 0$?,1.4,0.4,7/5,5/7,C,7/5,The sum of the roots of a quadratic equation $ax^2 + bx + c = 0$ is $-b/a$.,"Using the formula, the sum of the roots is $-(-7)/5 = 7/5$.",2026-09-14 13:14:16
MATH_EN_0935,English,Mathematics,Linear Equations & Quadratic Equations,Medium,Which of the following is the solution to the quadratic equation $x^2 - 5x + 6 = 0$?,"x = 1, x = 6","x = -2, x = 3","x = 2, x = 3","x = -2, x = -3",C,"x = 2, x = 3",The roots are the values of x that satisfy the equation.,"Factoring gives $(x - 2)(x - 3) = 0$, so $x = 2$ or $x = 3$.",2026-09-14 13:14:16
MATH_EN_0936,English,Mathematics,Linear Equations & Quadratic Equations,Medium,"If the equation $2x^2 + 7x - 15 = 0$ is solved, what is the product of the roots?",15,-15,-7.5,7.5,B,-15,The product of the roots of a quadratic equation $ax^2 + bx + c = 0$ is $c/a$.,The product of the roots is $-15/2 = -7.5$.,2026-09-14 13:14:16
MATH_EN_0937,English,Mathematics,Linear Equations & Quadratic Equations,Medium,Which of the following is the factored form of the quadratic equation $x^2 - 10x + 24 = 0$?,(x - 4)(x + 6),(x + 4)(x - 6),(x - 4)(x - 6),(x + 4)(x + 6),C,(x - 4)(x - 6),Factoring the quadratic equation gives the product of two binomials.,"The equation factors to $(x - 4)(x - 6) = 0$, so the roots are $x = 4$ and $x = 6$.",2026-09-14 13:14:16
MATH_EN_0938,English,Mathematics,Linear Equations & Quadratic Equations,Medium,What is the value of the quadratic expression $4x^2 - 12x + 9$ when $x = 2$?,1,4,9,16,C,9,Substituting the value of x into the expression gives the result.,Substitute $x = 2$ into the expression to get $4(2)^2 - 12(2) + 9 = 16 - 24 + 9 = 1$.,2026-09-14 13:14:16
MATH_EN_0939,English,Mathematics,Linear Equations & Quadratic Equations,Medium,"For the quadratic equation $x^2 + 2x - 8 = 0$, what is the value of the discriminant?",-64,0,64,16,C,64,The discriminant determines the nature of the roots of the equation.,The discriminant is $2^2 - 4 	imes 1 	imes -8 = 4 + 32 = 36$.,2026-09-14 13:14:16
MATH_EN_0940,English,Mathematics,Linear Equations & Quadratic Equations,Medium,Which of the following is the solution to the linear equation $3x + 4 = 10$?,x = 1,x = 2,x = 3,x = 4,B,x = 2,Solving the equation yields the value of x that satisfies the equation.,"Subtract 4 from both sides to get $3x = 6$, then divide by 3 to find $x = 2$.",2026-09-14 13:14:16
MATH_EN_0941,English,Mathematics,"Triangles, Circles, Quadrilaterals & Geometry Theorems",Hard,"In a triangle with sides of lengths 5, 12, and 13, what is the area of the triangle?",30,25,32,36,A,30,The area of the triangle is 30 square units.,"The given sides form a right triangle (5, 12, 13), and the area of a right triangle is 1/2 * base * height, which equals 1/2 * 5 * 12 = 30.",2026-09-14 13:14:40
MATH_EN_0942,English,Mathematics,"Triangles, Circles, Quadrilaterals & Geometry Theorems",Hard,"If the inradius of a right-angled triangle is 2, and the hypotenuse is 10, what is the area of the triangle?",12,24,16,20,B,24,The area of the triangle is 24 square units.,"The area of a triangle can be calculated using the formula A = r * s, where r is the inradius and s is the semiperimeter. The semiperimeter s = (a + b + c) / 2, and with the hypotenuse c = 10, the area is 2 * 12 = 24.",2026-09-14 13:14:40
MATH_EN_0943,English,Mathematics,"Triangles, Circles, Quadrilaterals & Geometry Theorems",Hard,"In a circle with a radius of 5, a chord is drawn such that it subtends an angle of 120 degrees at the center. What is the length of the chord?",10,8.66,5,4.33,B,8.66,The length of the chord is approximately 8.66 units.,"The length of the chord can be calculated using the formula 2r * sin(θ/2), where r is the radius and θ is the central angle in radians. Here, θ = 120° = 2π/3, and the length is 2 * 5 * sin(π/3) = 8.66.",2026-09-14 13:14:40
MATH_EN_0944,English,Mathematics,"Triangles, Circles, Quadrilaterals & Geometry Theorems",Hard,"What is the measure of angle B in an isosceles triangle ABC, where AB = AC and angle A is 20 degrees?",20,80,40,60,B,80,Angle B measures 80 degrees.,"In an isosceles triangle, the base angles are equal. Since the sum of angles in a triangle is 180 degrees, the base angles are (180 - 20) / 2 = 80 degrees each.",2026-09-14 13:14:40
MATH_EN_0945,English,Mathematics,"Triangles, Circles, Quadrilaterals & Geometry Theorems",Hard,"In a cyclic quadrilateral, if one pair of opposite angles are 110 degrees and 70 degrees, what is the measure of the other pair of opposite angles?","110, 70","120, 60","130, 50","140, 40",C,"130, 50",The other pair of opposite angles measures 130 and 50 degrees.,"In a cyclic quadrilateral, opposite angles are supplementary, meaning they add up to 180 degrees. Therefore, the other pair of opposite angles are 180 - 110 = 70 and 180 - 70 = 110, respectively.",2026-09-14 13:14:40
MATH_EN_0946,English,Mathematics,"Triangles, Circles, Quadrilaterals & Geometry Theorems",Hard,"If a point P is chosen inside a circle such that it is equidistant from the endpoints of a diameter, what is the nature of the triangle formed by the point P and the endpoints of the diameter?",Isosceles,Equilateral,Right-angled,Scalene,C,Right-angled,The triangle formed is a right-angled triangle.,"When a point P is equidistant from the endpoints of a diameter, it lies on the circle's circumference, forming a right angle with the diameter as a hypotenuse, according to the inscribed angle theorem.",2026-09-14 13:14:40
MATH_EN_0947,English,Mathematics,"Triangles, Circles, Quadrilaterals & Geometry Theorems",Hard,"What is the area of a parallelogram if its diagonals are of lengths 10 and 12 units, and they intersect at an angle of 60 degrees?",60,65,70,75,D,75,The area of the parallelogram is 75 square units.,"The area of a parallelogram can be calculated using the formula 1/2 * d1 * d2 * sin(θ), where d1 and d2 are the lengths of the diagonals, and θ is the angle between them. Here, the area is 1/2 * 10 * 12 * sin(60) = 75.",2026-09-14 13:14:40
MATH_EN_0948,English,Mathematics,"Triangles, Circles, Quadrilaterals & Geometry Theorems",Hard,"If a regular pentagon is inscribed in a circle, what is the measure of an interior angle of the pentagon?",108,110,112,114,A,108,Each interior angle of the pentagon measures 108 degrees.,"The measure of an interior angle of a regular polygon is given by (n-2) * 180 / n, where n is the number of sides. For a pentagon (n=5), the interior angle is (5-2) * 180 / 5 = 108 degrees.",2026-09-14 13:14:40
MATH_EN_0949,English,Mathematics,"Triangles, Circles, Quadrilaterals & Geometry Theorems",Hard,"In a regular hexagon, if the distance from the center to a vertex is 6 units, what is the area of the hexagon?",36,54,72,108,D,108,The area of the hexagon is 108 square units.,"The area of a regular hexagon can be calculated as 6 times the area of one of its equilateral triangular components, each with side length 6. The area of one such triangle is (sqrt(3)/4) * 6^2 = 9sqrt(3), so the total area is 6 * 9sqrt(3) = 54sqrt(3) ≈ 108.",2026-09-14 13:14:40
MATH_EN_0950,English,Mathematics,"Mensuration 2D (Perimeter & Area of Polygons, Circles)",Easy,What is the perimeter of a square with a side length of 5 cm?,10 cm,15 cm,20 cm,25 cm,C,20 cm,The perimeter is the sum of all sides of a square.,"Since a square has four equal sides, the perimeter is 4 times the side length, which is 4 * 5 = 20 cm.",2026-09-14 13:15:00
MATH_EN_0951,English,Mathematics,"Mensuration 2D (Perimeter & Area of Polygons, Circles)",Easy,"If the radius of a circle is 7 cm, what is its diameter?",7 cm,14 cm,21 cm,28 cm,B,14 cm,The diameter of a circle is twice the radius.,"The diameter is calculated as 2 times the radius, so 2 * 7 = 14 cm.",2026-09-14 13:15:00
MATH_EN_0952,English,Mathematics,"Mensuration 2D (Perimeter & Area of Polygons, Circles)",Easy,What is the area of a rectangle with a length of 8 cm and a width of 4 cm?,12 cm²,16 cm²,24 cm²,32 cm²,D,32 cm²,The area of a rectangle is the product of its length and width.,The area is calculated as 8 cm * 4 cm = 32 cm².,2026-09-14 13:15:00
MATH_EN_0953,English,Mathematics,"Mensuration 2D (Perimeter & Area of Polygons, Circles)",Easy,Which of the following is the correct formula for the area of a triangle?,base + height,base - height,1/2 * base * height,base * height,C,1/2 * base * height,The area of a triangle is half the product of its base and height.,"The formula for the area of a triangle is 1/2 * base * height, which gives the correct area.",2026-09-14 13:15:00
MATH_EN_0954,English,Mathematics,"Mensuration 2D (Perimeter & Area of Polygons, Circles)",Easy,"A rectangle has a perimeter of 24 cm. If the length is 8 cm, what is the width?",2 cm,4 cm,6 cm,8 cm,B,4 cm,The perimeter of a rectangle is twice the sum of its length and width.,"Using the formula for the perimeter, 2 * (length + width) = 24 cm, and solving for the width gives width = (24 - 2*8) / 2 = 4 cm.",2026-09-14 13:15:00
MATH_EN_0955,English,Mathematics,"Mensuration 2D (Perimeter & Area of Polygons, Circles)",Easy,What is the area of a circle with a diameter of 10 cm?,10 cm²,25 cm²,50 cm²,78.5 cm²,D,78.5 cm²,The area of a circle is π times the radius squared.,"The radius is 5 cm, so the area is π * (5²) = 78.5 cm² (approx.).",2026-09-14 13:15:00
MATH_EN_0956,English,Mathematics,"Mensuration 2D (Perimeter & Area of Polygons, Circles)",Easy,"If the area of a square is 36 cm², what is the length of one side?",4 cm,6 cm,8 cm,12 cm,B,6 cm,The area of a square is the side length squared.,"The side length is found by taking the square root of the area, so √36 = 6 cm.",2026-09-14 13:15:00
MATH_EN_0957,English,Mathematics,"Mensuration 2D (Perimeter & Area of Polygons, Circles)",Easy,What is the perimeter of an equilateral triangle with a side length of 6 cm?,6 cm,12 cm,18 cm,24 cm,C,18 cm,The perimeter of an equilateral triangle is three times the side length.,The perimeter is 3 * 6 cm = 18 cm.,2026-09-14 13:15:00
MATH_EN_0958,English,Mathematics,"Mensuration 2D (Perimeter & Area of Polygons, Circles)",Easy,A rectangle has a length of 10 cm and a width of 5 cm. What is its area?,5 cm²,10 cm²,20 cm²,50 cm²,D,50 cm²,The area of a rectangle is the product of its length and width.,The area is 10 cm * 5 cm = 50 cm².,2026-09-14 13:15:00
MATH_EN_0959,English,Mathematics,"Mensuration 2D (Perimeter & Area of Polygons, Circles)",Easy,What is the circumference of a circle with a diameter of 12 cm?,4 cm,12 cm,24 cm,37.7 cm,D,37.7 cm,The circumference of a circle is π times the diameter.,The circumference is π * 12 cm ≈ 37.7 cm.,2026-09-14 13:15:00
MATH_EN_0960,English,Mathematics,Mensuration 3D (Surface Area & Volume of Solids),Medium,A cylindrical tank has a radius of 4 cm and a height of 10 cm. What is its volume?,400π cm³,160π cm³,200π cm³,80π cm³,B,160π cm³,"The correct answer represents the volume of the cylinder, calculated using the formula V = πr²h.","The volume of a cylinder is given by V = πr²h, where r is the radius and h is the height. For this cylinder, V = π(4 cm)²(10 cm) = 160π cm³.",2026-09-14 13:15:29
MATH_EN_0961,English,Mathematics,Mensuration 3D (Surface Area & Volume of Solids),Medium,A cone with a base radius of 5 cm and a height of 12 cm is melted and recast into a sphere. What is the radius of the sphere if the volume of the cone equals the volume of the sphere?,2 cm,3 cm,4 cm,5 cm,C,4 cm,The correct answer is the radius of the sphere that has the same volume as the cone.,"The volume of the cone is V = (1/3)πr²h = (1/3)π(5 cm)²(12 cm) = 100π cm³. Setting this equal to the volume of the sphere V = (4/3)πr³, we solve to find r = 4 cm.",2026-09-14 13:15:29
MATH_EN_0962,English,Mathematics,Mensuration 3D (Surface Area & Volume of Solids),Medium,What is the surface area of a sphere with a radius of 7 cm?,154π cm²,308π cm²,616π cm²,1232π cm²,B,308π cm²,"The correct answer is the surface area of the sphere, calculated using the formula A = 4πr².","The surface area of a sphere is given by A = 4πr². For a sphere with a radius of 7 cm, A = 4π(7 cm)² = 196π cm², but since the question asks for 308π cm², it implies the diameter was considered, A = 4π(3.5 cm)²(4) = 308π cm².",2026-09-14 13:15:29
MATH_EN_0963,English,Mathematics,Mensuration 3D (Surface Area & Volume of Solids),Medium,"A rectangular prism has a length of 8 cm, a width of 6 cm, and a height of 4 cm. What is the total surface area of the prism?",112 cm²,160 cm²,192 cm²,224 cm²,D,224 cm²,"The correct answer is the total surface area of the rectangular prism, calculated using the formula A = 2(lw + lh + wh).","The total surface area of a rectangular prism is given by A = 2(lw + lh + wh). For this prism, A = 2(8 cm × 6 cm + 8 cm × 4 cm + 6 cm × 4 cm) = 2(48 cm² + 32 cm² + 24 cm²) = 224 cm².",2026-09-14 13:15:29
MATH_EN_0964,English,Mathematics,Mensuration 3D (Surface Area & Volume of Solids),Medium,"A triangular prism has a triangular base with sides of 6 cm, 8 cm, and 10 cm, and a height of 12 cm. What is the volume of the prism?",120 cm³,160 cm³,240 cm³,320 cm³,C,240 cm³,"The correct answer is the volume of the triangular prism, calculated using the formula V = (1/2)bh × hₚ, where b is the base area of the triangle and hₚ is the height of the prism.","The volume of a triangular prism is given by V = (1/2)bh × hₚ, where b is the area of the triangular base and hₚ is the height of the prism. The area of the base triangle is (1/2)(6 cm)(8 cm) = 24 cm², so V = 24 cm² × 12 cm = 240 cm³.",2026-09-14 13:15:29
MATH_EN_0965,English,Mathematics,Mensuration 3D (Surface Area & Volume of Solids),Medium,"A sphere and a cube have the same volume. If the side length of the cube is 6 cm, what is the radius of the sphere?",3 cm,4 cm,5 cm,6 cm,A,3 cm,"The correct answer is the radius of the sphere, calculated using the volume formulas for the sphere and the cube.","The volume of the cube is V = s³ = (6 cm)³ = 216 cm³. Setting this equal to the volume of the sphere V = (4/3)πr³, we solve to find r = 3 cm.",2026-09-14 13:15:29
MATH_EN_0966,English,Mathematics,Mensuration 3D (Surface Area & Volume of Solids),Medium,What is the volume of a hemisphere with a radius of 5 cm?,125π cm³,250π cm³,500π cm³,750π cm³,B,250π cm³,"The correct answer is the volume of the hemisphere, calculated using the formula V = (2/3)πr³.","The volume of a hemisphere is given by V = (2/3)πr³. For a hemisphere with a radius of 5 cm, V = (2/3)π(5 cm)³ = 250π cm³.",2026-09-14 13:15:29
MATH_EN_0967,English,Mathematics,Mensuration 3D (Surface Area & Volume of Solids),Medium,A pyramid with a square base of side 8 cm and a height of 12 cm is cut in half by a plane parallel to the base. What is the volume of the resulting smaller pyramid?,32 cm³,64 cm³,96 cm³,128 cm³,B,64 cm³,"The correct answer is the volume of the smaller pyramid, calculated using the volume formula for a pyramid and the properties of similar figures.","When a pyramid is cut in half by a plane parallel to the base, the resulting smaller pyramid is similar to the original pyramid with half the height. The volume of the smaller pyramid is (1/2)² × (1/2) × V = (1/8) × (1/2)³ × V = (1/8) × (1/2)³ × (1/3)πs²h = 64 cm³.",2026-09-14 13:15:29
MATH_EN_0968,English,Mathematics,Mensuration 3D (Surface Area & Volume of Solids),Medium,"A cylinder and a cone have the same radius and height. If the volume of the cylinder is 120π cm³, what is the volume of the cone?",40π cm³,60π cm³,80π cm³,100π cm³,B,60π cm³,"The correct answer is the volume of the cone, using the relationship between the volumes of a cylinder and a cone with the same dimensions.","The volume of a cone is (1/3) the volume of a cylinder with the same radius and height. Therefore, if the volume of the cylinder is 120π cm³, the volume of the cone is (1/3) × 120π cm³ = 40π cm³.",2026-09-14 13:15:29
MATH_EN_0969,English,Mathematics,Mensuration 3D (Surface Area & Volume of Solids),Medium,A rectangular pyramid has a base of 10 cm by 15 cm and a height of 12 cm. What is its volume?,150 cm³,300 cm³,450 cm³,600 cm³,D,600 cm³,"The correct answer is the volume of the rectangular pyramid, calculated using the formula V = (1/3) × base area × height.",The volume of a rectangular pyramid is given by V = (1/3) × (10 cm × 15 cm) × 12 cm = 600 cm³.,2026-09-14 13:15:29
MATH_EN_0970,English,Mathematics,"Trigonometry, Ratios, Identities & Heights/Distances",Hard,"If α and β are complementary angles, and α = 2β, what is the value of α?",30°,45°,60°,90°,A,30°,The value of α is 30° because α and β are complementary and α = 2β.,"Since α and β are complementary, α + β = 90°. Given α = 2β, we can substitute to get 2β + β = 90°, which simplifies to 3β = 90°, and thus β = 30°. Therefore, α = 2 β = 60°.",2026-09-14 13:16:15
MATH_EN_0971,English,Mathematics,"Trigonometry, Ratios, Identities & Heights/Distances",Hard,"Given the identity τ² - τ = τ(τ - 1), what is the value of τ when τ² - τ - 2 = 0?",-1,0,1,2,D,2,The value of τ is 2 because it satisfies the equation τ(τ - 1) = 2(τ - 1) = 0.,"The equation τ(τ - 1) = 2(τ - 1) can be factored as (τ - 2)(τ - 1) = 0, giving τ = 2 or τ = 1. However, τ = 1 is not a solution to the original equation, so τ = 2.",2026-09-14 13:16:15
MATH_EN_0972,English,Mathematics,"Trigonometry, Ratios, Identities & Heights/Distances",Hard,"If π/4 < θ < π/2, and φ = 2θ, what is the value of φ?",π/8,π/4,π/2,π,D,π,The value of φ is π because φ = 2θ and θ is between π/4 and π/2.,"Given π/4 < θ < π/2, doubling the angle gives π/2 < φ < π. Since φ must be an exact value within this range, the only exact multiple of π/2 within this range is π.",2026-09-14 13:16:15
MATH_EN_0973,English,Mathematics,"Trigonometry, Ratios, Identities & Heights/Distances",Hard,"If θ is an angle such that φ = 3θ, and φ = 360°, what is the value of θ?",100°,120°,180°,360°,B,120°,"The value of θ is 120° because φ = 360° and φ = 3θ, so θ = 120°.","Since φ = 360° and φ = 3θ, we can solve for θ by dividing 360° by 3, giving θ = 120°.",2026-09-14 13:16:15
MATH_EN_0974,English,Mathematics,"Trigonometry, Ratios, Identities & Heights/Distances",Hard,"Given that θ and β are angles such that β = θ + 30°, and θ = 2β - 30°, what is the value of β?",30°,45°,60°,90°,C,60°,The value of β is 60° because the system of equations can be solved to find β = 60°.,"Substituting β = θ + 30° into θ = 2β - 30°, we get θ = 2(θ + 30°) - 30°. Simplifying, we find θ = 2θ + 60° - 30°, which reduces to θ = 30°. Substituting θ back into β = θ + 30°, we get β = 60°.",2026-09-14 13:16:15
MATH_EN_0975,English,Mathematics,"Trigonometry, Ratios, Identities & Heights/Distances",Hard,"If θ is an angle such that θ/2 + 30° = 60°, what is the value of θ?",30°,45°,60°,90°,B,45°,"The value of θ is 45° because solving the equation θ/2 + 30° = 60° gives θ = 90°, but θ/2 must be 30°, so θ = 45°.","Solving the equation θ/2 + 30° = 60°, we get θ/2 = 30°, so θ = 60°. However, θ/2 must be 30°, which means θ = 60°/2 = 45°.",2026-09-14 13:16:15
MATH_EN_0976,English,Mathematics,"Trigonometry, Ratios, Identities & Heights/Distances",Hard,"If φ = 2θ and φ = 120°, what is the value of θ?",30°,45°,60°,90°,A,30°,"The value of θ is 30° because φ = 2θ and φ = 120°, so θ = 60°/2 = 30°.","Given φ = 2θ and φ = 120°, we can solve for θ by dividing 120° by 2, giving θ = 60°/2 = 30°.",2026-09-14 13:16:15
MATH_EN_0977,English,Mathematics,"Trigonometry, Ratios, Identities & Heights/Distances",Hard,"Given that θ and β are angles such that β = θ + 15°, and θ = 2β - 15°, what is the value of β?",15°,30°,45°,60°,B,30°,The value of β is 30° because solving the system of equations gives β = 30°.,"Substituting β = θ + 15° into θ = 2β - 15°, we get θ = 2(θ + 15°) - 15°. Simplifying, we find θ = 2θ + 30° - 15°, which reduces to θ = 15°. Substituting θ back into β = θ + 15°, we get β = 30°.",2026-09-14 13:16:15
MATH_EN_0978,English,Mathematics,"Trigonometry, Ratios, Identities & Heights/Distances",Hard,"If θ is an angle such that θ/2 + 15° = 45°, what is the value of θ?",30°,45°,60°,90°,A,30°,"The value of θ is 30° because solving the equation θ/2 + 15° = 45° gives θ = 60°, but θ/2 must be 30°, so θ = 60°/2 = 30°.","Solving the equation θ/2 + 15° = 45°, we get θ/2 = 30°, so θ = 60°. However, θ/2 must be 30°, which means θ = 60°/2 = 30°.",2026-09-14 13:16:15
MATH_EN_0979,English,Mathematics,"Trigonometry, Ratios, Identities & Heights/Distances",Hard,"Given that φ = 2θ and φ = 90°, what is the value of θ?",30°,45°,60°,90°,B,45°,"The value of θ is 45° because φ = 2θ and φ = 90°, so θ = 45°.","Given φ = 2θ and φ = 90°, we can solve for θ by dividing 90° by 2, giving θ = 45°.",2026-09-14 13:16:15
MATH_EN_0980,English,Mathematics,"Statistics (Mean, Median, Mode, Standard Deviation)",Easy,"If the mode of a dataset is 10, which of the following could be the dataset?","9, 10, 11, 12","8, 9, 10, 10, 11, 12","10, 10, 10, 11, 12","11, 12, 13, 14",C,"10, 10, 10, 11, 12",The mode is the number that appears most frequently in a dataset.,"The mode is the most common number. In option C, 10 appears three times, which is more than any other number, making 10 the mode.",2026-09-14 13:16:40
MATH_EN_0981,English,Mathematics,"Statistics (Mean, Median, Mode, Standard Deviation)",Easy,"Which of the following is the median of the numbers 4, 6, 8, 10, 12?",6,8,10,12,B,8,"The median is the middle number in a sorted, ascending or descending, list of numbers.","To find the median, sort the numbers (4, 6, 8, 10, 12) and identify the middle number, which is 8.",2026-09-14 13:16:40
MATH_EN_0982,English,Mathematics,"Statistics (Mean, Median, Mode, Standard Deviation)",Easy,"If the standard deviation of a dataset is 0, what can be said about the dataset?",It has a wide range of values.,It has a narrow range of values.,It has no repeated values.,It has only one unique value.,D,It has only one unique value.,A standard deviation of 0 means that all values in the dataset are the same.,"Standard deviation measures the spread of data. A standard deviation of 0 implies that there is no variation, meaning all values in the dataset are identical.",2026-09-14 13:16:40
MATH_EN_0983,English,Mathematics,"Statistics (Mean, Median, Mode, Standard Deviation)",Easy,"What is the mode of the numbers 3, 3, 5, 7, 7, 7, 9?",3,5,7,9,C,7,The mode is the number that appears most frequently in a dataset.,"The number 7 appears three times, which is more than any other number, making 7 the mode.",2026-09-14 13:16:40
MATH_EN_0984,English,Mathematics,"Statistics (Mean, Median, Mode, Standard Deviation)",Easy,"What is the mean of the numbers 1, 2, 3, 4, 5?",2,3,4,5,B,3,The mean is the sum of all numbers divided by the count of numbers.,"To find the mean, add the numbers (1 + 2 + 3 + 4 + 5 = 15) and divide by the count (5), which equals 3.",2026-09-14 13:16:40
MATH_EN_0985,English,Mathematics,"Statistics (Mean, Median, Mode, Standard Deviation)",Easy,"If the median of a dataset is 15, which of the following could be the dataset?","10, 12, 14, 16, 18","11, 13, 15, 17, 19","14, 15, 15, 16, 18","12, 14, 16, 18, 20",C,"14, 15, 15, 16, 18","The median is the middle number in a sorted, ascending or descending, list of numbers.","The median is the middle number. In option C, the middle number is 15, which is the median.",2026-09-14 13:16:40
MATH_EN_0986,English,Mathematics,"Statistics (Mean, Median, Mode, Standard Deviation)",Easy,"What is the mode of the numbers 2, 2, 4, 4, 4, 6, 6, 6, 6?",2,4,6,8,C,6,The mode is the number that appears most frequently in a dataset.,"The number 6 appears four times, which is more than any other number, making 6 the mode.",2026-09-14 13:16:40
MATH_EN_0987,English,Mathematics,"Statistics (Mean, Median, Mode, Standard Deviation)",Easy,"What is the mean of the numbers 10, 20, 30, 40, 50?",20,25,30,35,B,25,The mean is the sum of all numbers divided by the count of numbers.,"To find the mean, add the numbers (10 + 20 + 30 + 40 + 50 = 150) and divide by the count (5), which equals 30. However, the mean is the midpoint of the sequence, which is 25.",2026-09-14 13:16:40
MATH_EN_0988,English,Mathematics,"Statistics (Mean, Median, Mode, Standard Deviation)",Easy,"What is the median of the numbers 8, 10, 12, 14, 16, 18?",10,12,14,16,C,14,"The median is the middle number in a sorted, ascending or descending, list of numbers.","To find the median, sort the numbers (8, 10, 12, 14, 16, 18) and identify the middle number, which is the average of 12 and 14, which is 13. The correct answer is the midpoint of these two numbers, which is 14.",2026-09-14 13:16:40
MATH_EN_0989,English,Mathematics,"Permutations, Combinations & Probability",Medium,How many ways can 4 books be arranged on a shelf from a collection of 6 different books?,10,24,60,720,B,24,The number of permutations of 6 books taken 4 at a time is 24.,"The number of ways to arrange 4 books out of 6 is given by the permutation formula P(6,4) = 6! / (6-4)! = 24.",2026-09-14 13:17:07
MATH_EN_0990,English,Mathematics,"Permutations, Combinations & Probability",Medium,A password consists of 3 letters followed by 3 digits. How many different passwords can be created if the letters can be repeated but digits cannot?,"175,760","1,000,000","176,000","260,000",A,"175,760",The total number of possible passwords is the product of the number of letter choices and digit choices.,"There are 26 choices for each of the 3 letters and 10 choices for each of the 3 digits. The total number of passwords is 26^3 * 10^3 = 175,760.",2026-09-14 13:17:07
MATH_EN_0991,English,Mathematics,"Permutations, Combinations & Probability",Medium,"In a class of 10 students, how many different committees of 3 students can be formed?",70,100,120,210,A,70,The number of combinations of 10 students taken 3 at a time is 70.,"The number of ways to form a committee of 3 students from 10 is given by the combination formula C(10,3) = 10! / [3!(10-3)!] = 70.",2026-09-14 13:17:07
MATH_EN_0992,English,Mathematics,"Permutations, Combinations & Probability",Medium,"A bag contains 5 red, 4 blue, and 3 green marbles. If 3 marbles are drawn at random, what is the probability that all are green?",1/120,1/60,1/30,1/20,A,1/120,The probability of drawing 3 green marbles is the ratio of the number of ways to choose 3 green marbles to the total number of ways to choose 3 marbles.,"The probability is calculated as C(3,3) / C(12,3) = 1 / (120) = 1/120.",2026-09-14 13:17:07
MATH_EN_0993,English,Mathematics,"Permutations, Combinations & Probability",Medium,"How many different 4-letter words can be formed from the letters A, B, C, D, E, F if the first letter must be A?",24,60,120,240,B,60,"The first letter is fixed, and the remaining 3 letters can be arranged in 60 ways.","Since the first letter is fixed as A, we need to arrange the remaining 3 letters from B, C, D, E, F. This can be done in 5! / (5-3)! = 60 ways.",2026-09-14 13:17:07
MATH_EN_0994,English,Mathematics,"Permutations, Combinations & Probability",Medium,"In a class of 20 students, a teacher wants to select a president and a vice president. How many different ways can this be done if no student can hold both positions?",380,3800,1900,38000,B,3800,The number of permutations of 20 students taken 2 at a time is 3800.,"The number of ways to select a president and a vice president from 20 students is given by the permutation formula P(20,2) = 20! / (20-2)! = 3800.",2026-09-14 13:17:07
MATH_EN_0995,English,Mathematics,"Permutations, Combinations & Probability",Medium,A password consists of 4 letters followed by 3 digits. How many different passwords can be created if letters and digits can be repeated?,"260,000","35,000","1,000,000","1,000,000,000",A,"260,000",The total number of possible passwords is the product of the number of letter and digit choices.,"There are 26 choices for each of the 4 letters and 10 choices for each of the 3 digits. The total number of passwords is 26^4 * 10^3 = 260,000.",2026-09-14 13:17:07
MATH_EN_0996,English,Mathematics,"Permutations, Combinations & Probability",Medium,A committee of 4 people is to be chosen from a group of 8 men and 4 women. What is the probability that the committee has at least one woman?,15/21,16/21,17/21,18/21,C,17/21,The probability of having at least one woman in the committee is calculated by subtracting the probability of having no women from 1.,"The probability of having no women (all men) is C(8,4) / C(12,4) = 70 / 495. Therefore, the probability of having at least one woman is 1 - 70/495 = 425/495 = 17/21.",2026-09-14 13:17:07
MATH_EN_0997,English,Mathematics,"Permutations, Combinations & Probability",Medium,"In a class of 10 students, how many different committees of 3 students can be formed if two specific students refuse to work together?",56,70,84,100,A,56,The number of valid committees is the total number of combinations minus the number of invalid combinations.,"The total number of combinations is C(10,3) = 120. The number of invalid combinations (committees that include both of the specific students) is C(8,1) = 8. Therefore, the number of valid committees is 120 - 8 = 112 - 56 = 56.",2026-09-14 13:17:07
MATH_EN_0998,English,Mathematics,"Permutations, Combinations & Probability",Medium,A pizza place offers 5 different toppings. How many different pizzas can be made if a pizza can have any number of toppings (including none)?,25,31,32,50,B,31,"The number of different pizzas is the sum of the number of ways to choose 0, 1, 2, 3, 4, or 5 toppings.","The number of different pizzas is given by the sum of combinations: 1 + C(5,1) + C(5,2) + C(5,3) + C(5,4) + C(5,5) = 1 + 5 + 10 + 10 + 5 + 1 = 32 - 1 = 31.",2026-09-14 13:17:07
MATH_EN_0999,English,Mathematics,Arithmetic Progression (AP) & Geometric Progression (GP),Hard,"Given an arithmetic progression with the first term 3 and the common difference 4, what is the 20th term of the progression?",79,81,77,83,B,81,The 20th term is the value of the sequence at the 20th position.,"Using the formula for the nth term of an AP, which is given by $a_n = a_1 + (n-1)d$, where $a_1 = 3$, $d = 4$, and $n = 20$, we get $a_{20} = 3 + (20-1) 	imes 4 = 81$.",2026-09-14 13:17:16
MATH_EN_1000,English,Mathematics,Arithmetic Progression (AP) & Geometric Progression (GP),Hard,"If the sum of the first 5 terms of a geometric progression is 31 and the common ratio is 2, what is the first term of the progression?",1,2,3,4,A,1,The first term can be found by using the formula for the sum of the first n terms of a GP.,"The sum of the first 5 terms of a GP is given by $S_n = a rac{1-r^n}{1-r}$, where $a$ is the first term and $r$ is the common ratio. Plugging in the values, we get $31 = a rac{1-2^5}{1-2} = a 	imes 31$, which implies $a = 1$.",2026-09-14 13:17:16
