id,language,category,subtopic,difficulty,question,option_a,option_b,option_c,option_d,correct_option,correct_answer,meaning,explanation,created_at
SCI_EN_0001,English,Science,Science Sample,Medium,What is the powerhouse of the cell?,Mitochondria,Ribosome,Nucleus,Endoplasmic Reticulum,A,Mitochondria,Mitochondria convert nutrients into adenosine triphosphate (ATP) energy.,Mitochondria generate most of the chemical energy needed to power the cell's biochemical reactions.,2026-09-14 08:47:50
SCI_EN_0002,English,Science,Science Sample,Medium,What is the chemical symbol for Gold?,Au,Ag,Fe,Cu,A,Au,"Au stands for Aurum, meaning glowing dawn in Latin.",Au comes from the Latin word 'Aurum'.,2026-09-14 08:47:50
SCI_EN_0003,English,Science,Science Sample,Medium,What is the acceleration due to gravity on Earth's surface?,9.8 m/s²,8.9 m/s²,10.5 m/s²,7.2 m/s²,A,9.8 m/s²,Standard gravitational acceleration g represents downward pull at sea level.,Standard gravity on Earth is approximately 9.80665 m/s².,2026-09-14 08:47:50
SCI_EN_0004,English,Science,Science Sample,Medium,Which gas is most abundant in the Earth's atmosphere?,Nitrogen,Oxygen,Carbon Dioxide,Argon,A,Nitrogen,Nitrogen comprises nearly four-fifths of dry air by volume.,Nitrogen constitutes about 78% of Earth's atmosphere.,2026-09-14 08:47:50
SCI_EN_0005,English,Science,Science Sample,Medium,What is the pH value of pure water at 25°C?,7,0,14,5,A,7,"A neutral solution has equal concentrations of H+ and OH- ions, giving pH 7.",A pH of 7 represents neutral water at standard temperature.,2026-09-14 08:47:50
SCI_EN_0006,English,Science,"Classical Mechanics, Forces & Laws of Motion",Easy,What is the SI unit of force?,Newton,Joule,Kilogram,Watt,A,Newton,"Force is measured in Newtons, named after Sir Isaac Newton.",The Newton (N) is defined as the force required to accelerate a mass of one kilogram at a rate of one meter per second squared.,2026-09-14 11:01:27
SCI_EN_0007,English,Science,"Classical Mechanics, Forces & Laws of Motion",Easy,Which of the following is NOT a law of motion?,Newton's First Law,Newton's Second Law,Newton's Third Law,Newton's Fourth Law,D,Newton's Fourth Law,There is no such thing as Newton's Fourth Law.,"Newton proposed three laws of motion, but there are no documented historical references to a fourth law by him.",2026-09-14 11:01:27
SCI_EN_0008,English,Science,"Classical Mechanics, Forces & Laws of Motion",Easy,What is the effect of doubling the mass of an object moving at a constant velocity?,Doubles the velocity,Halves the velocity,Does not change the velocity,Doubles the force,C,Does not change the velocity,Velocity is independent of the mass of the object when no external forces are acting.,"According to Newton's First Law, an object in motion will remain in motion at a constant velocity unless acted upon by an external force. Doubling the mass does not affect the velocity if the net force remains the same.",2026-09-14 11:01:27
SCI_EN_0009,English,Science,"Classical Mechanics, Forces & Laws of Motion",Easy,Which of the following is an example of balanced forces?,A book falling off a shelf,A car accelerating on a straight road,A ball rolling down a hill,A book resting on a table,D,A book resting on a table,"Balanced forces result in no net force acting on an object, causing it to remain at rest or move at a constant velocity.","When a book is resting on a table, the force of gravity pulling it down is balanced by the normal force from the table pushing it up, resulting in no net force and thus no acceleration.",2026-09-14 11:01:27
SCI_EN_0010,English,Science,"Classical Mechanics, Forces & Laws of Motion",Easy,"What happens to the acceleration of an object when the net force acting on it is doubled, assuming its mass remains constant?",It doubles,It halves,It remains the same,It triples,A,It doubles,"Doubling the net force on an object, with its mass unchanged, will double its acceleration.","According to Newton's Second Law, the acceleration of an object is directly proportional to the net force acting on it and inversely proportional to its mass. Thus, doubling the force will double the acceleration if the mass remains constant.",2026-09-14 11:01:27
SCI_EN_0011,English,Science,"Classical Mechanics, Forces & Laws of Motion",Easy,"If a book is placed on a table, which force balances the gravitational force acting on the book?",The gravitational force of the Earth,The normal force from the table,The frictional force from the table,The air resistance force,B,The normal force from the table,"The normal force is equal and opposite to the gravitational force, thus balancing it.","The normal force is the reaction force exerted by the table on the book, perpendicular to the surface, which exactly balances the gravitational force pulling the book downwards.",2026-09-14 11:49:22
SCI_EN_0012,English,Science,"Classical Mechanics, Forces & Laws of Motion",Easy,What is the acceleration of an object if the net force acting on it is zero?,It accelerates at a constant rate,It moves with constant velocity,It decelerates,It stops,B,It moves with constant velocity,"According to Newton's First Law, if no net force acts on an object, it will move with constant velocity.","Newton's First Law states that an object in motion will stay in motion with the same velocity unless acted upon by an external force. Thus, if there is no net force, the object will maintain its velocity.",2026-09-14 11:49:22
SCI_EN_0013,English,Science,"Classical Mechanics, Forces & Laws of Motion",Easy,What is the unit of force in the International System of Units (SI)?,Newton (N),Kilogram (kg),Meter (m),Second (s),A,Newton (N),"The Newton is the unit of force, defined as the force required to accelerate a mass of one kilogram at a rate of one meter per second squared.","The Newton is defined as the force needed to accelerate a mass of one kilogram at a rate of one meter per second squared, based on Newton's Second Law of Motion.",2026-09-14 11:49:22
SCI_EN_0014,English,Science,"Classical Mechanics, Forces & Laws of Motion",Easy,What is the effect of increasing the mass of an object while keeping its velocity constant?,The acceleration increases,The acceleration decreases,The acceleration remains constant,The object stops moving,B,The acceleration decreases,"According to Newton's Second Law, the acceleration of an object is inversely proportional to its mass if the force is kept constant.","If the force is constant and the mass of the object increases, the acceleration will decrease, as the force is divided by the increased mass.",2026-09-14 11:49:22
SCI_EN_0015,English,Science,"Classical Mechanics, Forces & Laws of Motion",Easy,"If two forces of equal magnitude but opposite direction are acting on an object, the object is said to be in what state?",At rest,In motion,In equilibrium,Accelerating,C,In equilibrium,"When forces are balanced, the net force is zero, resulting in no acceleration and the object remaining in equilibrium.","Equilibrium is a state where the net force acting on an object is zero, resulting in no change in its velocity, whether it is at rest or moving with a constant velocity.",2026-09-14 11:49:22
SCI_EN_0016,English,Science,"Classical Mechanics, Forces & Laws of Motion",Easy,"What happens to the acceleration of an object if the force acting on it is doubled, while the mass remains constant?",The acceleration is halved,The acceleration is doubled,The acceleration remains the same,The acceleration is quadrupled,B,The acceleration is doubled,"According to Newton's Second Law, acceleration is directly proportional to the net force applied.","Doubling the force while keeping the mass constant doubles the acceleration because the relationship between force and acceleration is directly proportional, as stated by F = ma.",2026-09-14 11:49:22
SCI_EN_0017,English,Science,"Classical Mechanics, Forces & Laws of Motion",Easy,Which of the following is a real-world example of inertia?,A ball rolling down a hill,A book resting on a table,A car speeding up,A pendulum swinging back and forth,B,A book resting on a table,"Inertia is the tendency of an object to resist a change in its state of motion, which is demonstrated when the book remains at rest on a table.","When a book is placed on a table, it remains at rest due to its inertia, which resists any change in its state of motion. It will continue to be at rest until an external force acts upon it.",2026-09-14 11:49:22
SCI_EN_0018,English,Science,"Classical Mechanics, Forces & Laws of Motion",Easy,"What is the relationship between force, mass, and acceleration according to Newton's Second Law of Motion?",Force is directly proportional to mass and acceleration,Force is inversely proportional to mass and acceleration,Force is directly proportional to mass and inversely proportional to acceleration,Force is inversely proportional to mass and directly proportional to acceleration,A,Force is directly proportional to mass and acceleration,Force equals mass times acceleration (F = ma).,"Newton's Second Law states that the net force acting on an object is equal to the product of its mass and acceleration, meaning that a greater force is needed to accelerate a more massive object.",2026-09-14 11:49:22
SCI_EN_0019,English,Science,"Heat, Thermodynamics & States of Matter",Medium,Which state of matter has particles that are free to move past one another but have strong intermolecular forces?,Solids,Liquids,Gases,Plasmas,B,Liquids,Liquids have particles with mobility but are held together by strong intermolecular forces.,"In liquids, particles can move around each other, but they are still attracted to one another, which is why they maintain a fixed volume.",2026-09-14 11:49:46
SCI_EN_0020,English,Science,"Heat, Thermodynamics & States of Matter",Medium,"In a closed system, if heat is added to a substance, which of the following will definitely happen?",The temperature of the substance will increase.,The substance will change from a solid to a liquid.,The substance will expand.,The internal energy of the substance will decrease.,A,The temperature of the substance will increase.,"Adding heat to a substance always increases its internal energy, which typically results in an increase in temperature.","Heat is a form of energy transfer that increases the kinetic energy of particles, leading to an increase in temperature unless the energy is used to change the state of the substance.",2026-09-14 11:49:46
SCI_EN_0021,English,Science,"Heat, Thermodynamics & States of Matter",Medium,What is the term for the maximum amount of energy that a substance can absorb or release without changing its temperature?,Specific heat capacity,Latent heat of fusion,Latent heat of vaporization,Heat of combustion,B,Latent heat of fusion,Latent heat of fusion is the energy required to change a substance from a solid to a liquid at its melting point.,"During the phase change from solid to liquid, the substance absorbs energy but does not change its temperature; this energy is known as the latent heat of fusion.",2026-09-14 11:49:46
SCI_EN_0022,English,Science,"Heat, Thermodynamics & States of Matter",Medium,"According to the first law of thermodynamics, which of the following statements is true for an isolated system?",The total energy of the system increases over time.,The total energy of the system decreases over time.,The total energy of the system remains constant.,"The total energy of the system can change, but only by exchanging energy with its surroundings.",C,The total energy of the system remains constant.,"In an isolated system, the total energy remains constant because no energy can enter or leave the system.","The first law of thermodynamics states that energy cannot be created or destroyed, only converted from one form to another, so the total energy in an isolated system is conserved.",2026-09-14 11:49:46
SCI_EN_0023,English,Science,"Heat, Thermodynamics & States of Matter",Medium,Which of the following best describes the process of sublimation?,A phase change from solid to liquid.,A phase change from liquid to gas.,A phase change from solid to gas.,A phase change from gas to liquid.,C,A phase change from solid to gas.,"Sublimation is the process where a substance changes directly from a solid to a gas, bypassing the liquid phase.","During sublimation, a solid absorbs heat and skips the liquid phase, turning directly into a gas, which is often observed with substances like dry ice.",2026-09-14 11:49:46
SCI_EN_0024,English,Science,"Heat, Thermodynamics & States of Matter",Medium,What is the relationship between absolute zero and the kinetic theory of matter?,Absolute zero is the temperature at which all matter has zero kinetic energy.,Absolute zero is the temperature at which matter has maximum kinetic energy.,Absolute zero is the temperature at which matter has infinite kinetic energy.,Absolute zero is the temperature at which matter has constant kinetic energy.,A,Absolute zero is the temperature at which all matter has zero kinetic energy.,"At absolute zero, the particles in a substance stop moving, and their kinetic energy is zero.","According to the kinetic theory of matter, the temperature of a substance is a measure of the average kinetic energy of its particles, so at absolute zero, particles have no kinetic energy.",2026-09-14 11:49:46
SCI_EN_0025,English,Science,"Heat, Thermodynamics & States of Matter",Medium,"In a Carnot cycle, which of the following statements is true regarding the efficiency of the cycle?",Efficiency depends on the temperatures of the hot and cold reservoirs.,Efficiency is independent of the temperatures of the hot and cold reservoirs.,Efficiency is the same for all Carnot cycles.,Efficiency is determined by the work done by the system.,A,Efficiency depends on the temperatures of the hot and cold reservoirs.,The efficiency of a Carnot cycle is determined by the ratio of the temperatures of the hot and cold reservoirs in Kelvin.,"The efficiency of a Carnot cycle is maximized when the temperature difference between the hot and cold reservoirs is greatest, as described by the Carnot efficiency formula.",2026-09-14 11:49:46
SCI_EN_0026,English,Science,"Heat, Thermodynamics & States of Matter",Medium,Which of the following best describes the process of condensation?,A phase change from gas to solid.,A phase change from gas to liquid.,A phase change from liquid to solid.,A phase change from solid to gas.,B,A phase change from gas to liquid.,Condensation is the process by which a substance changes from a gas to a liquid.,"Condensation occurs when a substance absorbs heat from its surroundings and the energy is used to overcome the intermolecular forces, allowing the gas to transform into a liquid.",2026-09-14 11:49:46
SCI_EN_0027,English,Science,"Heat, Thermodynamics & States of Matter",Medium,What happens to the entropy of a system during a reversible isothermal expansion?,Entropy decreases.,Entropy increases.,Entropy remains constant.,Entropy first decreases then increases.,B,Entropy increases.,"During a reversible isothermal expansion, the entropy of a system increases because the particles have more possible arrangements.","Entropy is a measure of the disorder or randomness in a system. As the gas expands isothermally, the particles spread out and have more possible arrangements, increasing the system's entropy.",2026-09-14 11:49:46
SCI_EN_0028,English,Science,"Heat, Thermodynamics & States of Matter",Medium,What is the effect of increasing the pressure on a fixed amount of an ideal gas at constant temperature?,The volume of the gas increases.,The volume of the gas decreases.,The temperature of the gas increases.,The temperature of the gas decreases.,B,The volume of the gas decreases.,"According to Boyle's Law, increasing the pressure on a gas at constant temperature reduces its volume.","Boyle's Law states that the pressure and volume of a gas are inversely proportional when temperature is held constant, so increasing the pressure will cause the gas to occupy a smaller volume.",2026-09-14 11:49:46
SCI_EN_0029,English,Science,"Light, Optics, Reflection & Refraction",Hard,"In a system where a beam of light strikes a glass slab at an angle, which of the following statements is true regarding the refraction and reflection at the first and second interfaces?",Total internal reflection occurs at both interfaces.,"Only reflection occurs at the first interface, and only refraction at the second.",Both reflection and refraction occur at both interfaces.,"Only refraction occurs at the first interface, and only reflection at the second.",C,Both reflection and refraction occur at both interfaces.,This answer is correct because light can undergo both reflection and refraction when it encounters a new medium at an angle.,"At the first interface, part of the light is reflected and part is transmitted, while at the second interface, the transmitted light undergoes refraction and possibly further reflection. This is consistent with the laws of reflection and refraction.",2026-09-14 11:50:16
SCI_EN_0030,English,Science,"Light, Optics, Reflection & Refraction",Hard,"When monochromatic light passes through a prism, which phenomenon can be observed at the apex of the prism?",Diffraction,Interference,Dispersion,Polarization,C,Dispersion,This answer is correct because dispersion is the phenomenon where light of different wavelengths is separated into its component colors.,"Dispersion occurs due to the different indices of refraction for different wavelengths of light, causing them to bend by different amounts and separate into a spectrum at the prism's apex.",2026-09-14 11:50:16
SCI_EN_0031,English,Science,"Light, Optics, Reflection & Refraction",Hard,"In a Fabry-Perot interferometer, the spacing between the reflecting mirrors is adjusted to observe interference patterns. Which of the following statements is true regarding the condition for constructive interference?",The spacing must be equal to an odd multiple of the wavelength divided by 4.,The spacing must be equal to an even multiple of the wavelength divided by 2.,The spacing must be equal to an integer multiple of the wavelength divided by 2.,The spacing must be equal to an odd multiple of the wavelength divided by 2.,C,The spacing must be equal to an integer multiple of the wavelength divided by 2.,This answer is correct because constructive interference occurs when the path difference is an integer multiple of the wavelength.,"Constructive interference in a Fabry-Perot interferometer occurs when the path difference between the two reflected rays is an integer multiple of the wavelength, leading to maximum intensity at the detector.",2026-09-14 11:50:16
SCI_EN_0032,English,Science,"Light, Optics, Reflection & Refraction",Hard,A light beam enters a glass prism and undergoes total internal reflection. Which of the following factors must be true for this to occur?,The light beam must be polarized.,The angle of incidence must be less than the critical angle.,The angle of incidence must be greater than the critical angle.,The light beam must be monochromatic.,C,The angle of incidence must be greater than the critical angle.,"This answer is correct because for total internal reflection to occur, the angle of incidence must be greater than the critical angle specific to the interface between the two media.","Total internal reflection happens when a light ray travels from a medium with a higher refractive index to one with a lower refractive index, and the angle of incidence exceeds the critical angle, ensuring the light is completely reflected back into the first medium.",2026-09-14 11:50:16
SCI_EN_0033,English,Science,"Light, Optics, Reflection & Refraction",Hard,"In a Michelson interferometer, the path difference between the two arms is adjusted to observe interference fringes. If the path difference is increased by 1 wavelength, what happens to the interference pattern?",The fringes disappear.,The fringes move in a direction such that the bright fringes become darker and the dark fringes brighter.,The fringes remain unchanged.,The fringes move in a direction such that the bright fringes become brighter and the dark fringes darker.,D,The fringes move in a direction such that the bright fringes become brighter and the dark fringes darker.,"This answer is correct because an increase in path difference by 1 wavelength causes a phase change, shifting the interference pattern.","When the path difference increases by exactly 1 wavelength, the phase of the light in one arm relative to the other changes by 2π, causing the interference pattern to shift, making the bright fringes brighter and the dark fringes darker.",2026-09-14 11:50:16
SCI_EN_0034,English,Science,"Light, Optics, Reflection & Refraction",Hard,A light ray is incident on a water-air interface. Which of the following statements is true regarding the polarization state of the reflected and refracted light?,Both the reflected and refracted light are completely polarized.,"The reflected light is completely polarized, but the refracted light is partially polarized.","The refracted light is completely polarized, but the reflected light is partially polarized.",Both the reflected and refracted light are partially polarized.,B,"The reflected light is completely polarized, but the refracted light is partially polarized.","This answer is correct because the law of polarization states that the reflected light at the interface between two media is always completely polarized, while the refracted light is partially polarized.","According to Fresnel's equations, the reflected light at a non-zero angle of incidence is always completely polarized, while the refracted light is partially polarized, with the degree of polarization depending on the angle of incidence.",2026-09-14 11:50:16
SCI_EN_0035,English,Science,"Light, Optics, Reflection & Refraction",Hard,"In a double-slit experiment, if the wavelength of the light source is halved, how does this affect the fringe spacing on the screen?",The fringe spacing is halved.,The fringe spacing is doubled.,The fringe spacing remains the same.,The fringe spacing is quartered.,A,The fringe spacing is halved.,This answer is correct because the fringe spacing in a double-slit experiment is inversely proportional to the wavelength of the light.,"The fringe spacing (τ) is given by the formula τ = (λD)/d, where λ is the wavelength, D is the distance from the slits to the screen, and d is the slit separation. Halving the wavelength halves the fringe spacing.",2026-09-14 11:50:16
SCI_EN_0036,English,Science,"Light, Optics, Reflection & Refraction",Hard,A thin film of oil on water is observed to have a strong reflection of a particular color due to interference. Which of the following conditions must be met for this to occur?,The film thickness must be an integer multiple of the wavelength of the incident light.,The film thickness must be half the wavelength of the incident light.,The film thickness must be an odd multiple of the wavelength of the incident light.,The film thickness must be a quarter of the wavelength of the incident light.,B,The film thickness must be half the wavelength of the incident light.,"This answer is correct because for constructive interference in thin films, the film thickness must be half the wavelength of the incident light.","Constructive interference occurs when the path difference, which is twice the film thickness, equals an integer multiple of the wavelength. For the minimum thickness, this multiple is 1/2, meaning the film thickness is half the wavelength of the incident light.",2026-09-14 11:50:16
SCI_EN_0037,English,Science,"Light, Optics, Reflection & Refraction",Hard,"When light passes through a lens, which of the following phenomena can explain the formation of an image?",Diffraction only.,Refraction only.,Both diffraction and refraction.,Neither diffraction nor refraction.,B,Refraction only.,This answer is correct because refraction is the primary phenomenon responsible for the formation of images through a lens.,"Refraction occurs as light passes from one medium to another with a different refractive index, bending the light rays and causing the formation of images. Diffraction, while important in certain optical phenomena, is not the primary factor in image formation through lenses.",2026-09-14 11:50:16
SCI_EN_0038,English,Science,"Light, Optics, Reflection & Refraction",Hard,"In an optical fiber, what is the primary principle that allows light to be guided along the fiber over long distances?",Total internal reflection.,Diffraction.,Dispersion.,Polarization.,A,Total internal reflection.,This answer is correct because total internal reflection is the principle that allows light to be confined within the core of the fiber and transmitted over long distances without significant loss.,"Total internal reflection occurs when light travels through a medium with a higher refractive index and strikes the boundary at an angle greater than the critical angle. This ensures that the light is reflected back into the core, maintaining the signal and allowing for long-distance transmission.",2026-09-14 11:50:16
SCI_EN_0039,English,Science,"Sound, Acoustics & Wave Motion",Easy,Which of the following is NOT a type of wave motion?,Transverse wave,Longitudinal wave,Electromagnetic wave,Sonic wave,D,Sonic wave,Sonic waves are not a specific type of wave motion; they refer to sound waves.,"Sonic waves are not a distinct category of wave motion, but rather a term used to describe sound waves. Transverse, longitudinal, and electromagnetic waves are specific types of wave motion.",2026-09-14 11:50:38
SCI_EN_0040,English,Science,"Sound, Acoustics & Wave Motion",Easy,What is the term for the distance between two consecutive points in phase in a wave?,Frequency,Amplitude,Period,Wavelength,D,Wavelength,Wavelength is the distance between two consecutive points in phase in a wave.,"Wavelength is defined as the distance between two consecutive points that are in phase, such as two consecutive peaks or troughs in a wave.",2026-09-14 11:50:38
SCI_EN_0041,English,Science,"Sound, Acoustics & Wave Motion",Easy,Which of the following materials would allow sound to travel the fastest?,Steel,Water,Air,Vacuum,A,Steel,Steel allows sound to travel faster than other materials.,"Sound travels faster in solids like steel than in liquids like water or gases like air because the molecules in solids are closer together, facilitating quicker transmission of vibrations.",2026-09-14 11:50:38
SCI_EN_0042,English,Science,"Sound, Acoustics & Wave Motion",Easy,What happens to the pitch of a sound when the frequency of the wave increases?,The pitch decreases,The pitch remains the same,The pitch increases,The pitch reverses direction,C,The pitch increases,An increase in frequency results in a higher pitch.,"The pitch of a sound is directly related to the frequency of the wave. As the frequency increases, the pitch of the sound also increases.",2026-09-14 11:50:38
SCI_EN_0043,English,Science,"Sound, Acoustics & Wave Motion",Easy,Which of the following is an example of a standing wave?,A wave on a guitar string that is producing a note,A wave in a swimming pool,A wave in the ocean,A wave in the air,A,A wave on a guitar string that is producing a note,A standing wave is formed when two identical waves traveling in opposite directions interfere with each other.,"On a guitar string, the vibration creates a standing wave pattern where nodes and antinodes are formed, creating a series of points that remain stationary and points that oscillate with maximum amplitude.",2026-09-14 11:50:38
SCI_EN_0044,English,Science,"Sound, Acoustics & Wave Motion",Easy,What is the speed of sound in air at room temperature (20°C) approximately?,100 m/s,330 m/s,1000 m/s,3000 m/s,B,330 m/s,The speed of sound in air is approximately 330 meters per second at 20°C.,"At 20°C, the speed of sound in air is approximately 330 meters per second. This value is a common reference in acoustics and physics.",2026-09-14 11:50:38
SCI_EN_0045,English,Science,"Sound, Acoustics & Wave Motion",Easy,In which of the following scenarios would you expect to hear a louder sound?,"Standing in a large, empty room","Inside a thick, sound-absorbing foam",Near a soundproof wall,Close to a speaker,D,Close to a speaker,"The closer you are to a source of sound, the louder it will be.","The intensity of sound decreases with distance from the source due to the spreading of the sound energy. Therefore, being close to a speaker will result in a louder sound compared to being far away or in environments that absorb sound.",2026-09-14 11:50:38
SCI_EN_0046,English,Science,"Sound, Acoustics & Wave Motion",Easy,What is the term used to describe the phenomenon of two or more waves overlapping and combining to form a resultant wave?,Diffraction,Interference,Refraction,Polarization,B,Interference,"Interference occurs when two or more waves overlap and combine, resulting in a resultant wave.","Interference is the phenomenon where two or more waves combine to form a resultant wave. Depending on the phase difference, this can result in constructive or destructive interference, leading to an increase or decrease in the amplitude of the resultant wave.",2026-09-14 11:50:38
SCI_EN_0047,English,Science,"Sound, Acoustics & Wave Motion",Easy,Which of the following correctly describes a longitudinal wave?,Particles move perpendicular to the direction of wave propagation.,Particles move parallel to the direction of wave propagation.,It cannot propagate through a vacuum.,It always has a higher speed than a transverse wave.,B,Particles move parallel to the direction of wave propagation.,"In a longitudinal wave, particles oscillate parallel to the direction of wave propagation.","Particles in a longitudinal wave move back and forth in the direction of wave propagation, such as in sound waves in air or compression waves in solids. This is in contrast to transverse waves, where particles move perpendicular to the wave direction, like in a wave on a string.",2026-09-14 11:50:38
SCI_EN_0048,English,Science,"Sound, Acoustics & Wave Motion",Easy,What is the unit of measurement for the frequency of a wave?,Hertz,Watt,Newton,Coulomb,A,Hertz,The frequency of a wave is measured in Hertz (Hz).,"Frequency is defined as the number of cycles or vibrations per second, and it is measured in Hertz (Hz), where 1 Hz equals one cycle per second.",2026-09-14 11:50:38
SCI_EN_0049,English,Science,"Electricity, Current & Magnetism",Medium,"What happens to the resistance of a conductor when the temperature increases, assuming the material does not change state?",It remains constant.,It decreases.,It increases.,"It first decreases, then increases.",C,It increases.,The resistance of a conductor increases with temperature.,"As temperature increases, the atoms in a conductor vibrate more, making it harder for electrons to flow, thus increasing resistance.",2026-09-14 11:51:02
SCI_EN_0050,English,Science,"Electricity, Current & Magnetism",Medium,Which of the following best describes the relationship between electric current and the magnetic field it creates?,Electric current has no effect on magnetic fields.,Electric current creates a magnetic field that is always perpendicular to the current.,Electric current creates a magnetic field that surrounds the conductor carrying the current.,Electric current creates a magnetic field that only exists inside the conductor.,C,Electric current creates a magnetic field that surrounds the conductor carrying the current.,A current-carrying conductor generates a magnetic field around it.,"According to Ampère's law, a current-carrying wire produces a circular magnetic field around the wire, with the direction of the field determined by the right-hand rule.",2026-09-14 11:51:02
SCI_EN_0051,English,Science,"Electricity, Current & Magnetism",Medium,"In an AC generator, the frequency of the generated AC current is determined by?",The voltage of the generator.,The resistance of the generator.,The speed of the mechanical rotation of the coil.,The inductance of the generator.,C,The speed of the mechanical rotation of the coil.,The frequency is directly related to the speed at which the coil rotates.,"In an AC generator, the frequency of the alternating current is proportional to the speed at which the coil rotates within the magnetic field, as more rotations per second result in more cycles per second of the AC current.",2026-09-14 11:51:02
SCI_EN_0052,English,Science,"Electricity, Current & Magnetism",Medium,Which of the following best describes the direction of the magnetic field created by a current-carrying wire?,It runs parallel to the wire.,It runs perpendicular to the wire.,It forms concentric circles around the wire.,It is unpredictable and varies with the current.,C,It forms concentric circles around the wire.,The magnetic field generated by a current-carrying wire is circular and surrounds the wire.,"The direction of the magnetic field around a current-carrying wire can be determined using the right-hand rule, where the thumb points in the direction of the current and the fingers curl to show the direction of the magnetic field.",2026-09-14 11:51:02
SCI_EN_0053,English,Science,"Electricity, Current & Magnetism",Medium,What is the SI unit of electric current?,Ampere (A),Volt (V),Ohm (Ω),Watt (W),A,Ampere (A),The Ampere is the SI unit for electric current.,"The Ampere is defined as the constant current that, if maintained in two straight parallel conductors of infinite length and negligible circular cross-section, and placed one meter apart in vacuum, would produce between these conductors a force equal to 2 × 10^-7 newtons per meter of length.",2026-09-14 11:51:02
SCI_EN_0054,English,Science,"Electricity, Current & Magnetism",Medium,Which of the following statements is true regarding the flow of electric current?,Electric current flows from the negative terminal to the positive terminal of a battery.,Electric current flows from the positive terminal to the negative terminal of a battery.,Electric current flows from the negative terminal to the positive terminal of a battery in an AC circuit.,Electric current does not flow in a circuit without a battery.,B,Electric current flows from the positive terminal to the negative terminal of a battery.,"In a DC circuit, current flows from the positive terminal to the negative terminal of the power source.","In a direct current (DC) circuit, the conventional direction of current flow is from the positive terminal of the power source to the negative terminal, as the electrons move from the negative to the positive terminal.",2026-09-14 11:51:02
SCI_EN_0055,English,Science,"Electricity, Current & Magnetism",Medium,What is the primary difference between a DC and an AC circuit in terms of the current flow?,"In a DC circuit, the current does not flow, while in an AC circuit, the current does.","In a DC circuit, the current flows in one direction, while in an AC circuit, the current alternates direction.","In a DC circuit, the current alternates direction, while in an AC circuit, the current flows in one direction.","In a DC circuit, the current changes direction periodically, while in an AC circuit, the current does not.",B,"In a DC circuit, the current flows in one direction, while in an AC circuit, the current alternates direction.","DC current flows in one direction, while AC current periodically reverses direction.","DC (Direct Current) flows in one direction, such as from the positive to the negative terminal of a battery, whereas AC (Alternating Current) periodically reverses direction, typically at a high frequency.",2026-09-14 11:51:02
SCI_EN_0056,English,Science,"Electricity, Current & Magnetism",Medium,Which device is commonly used to measure the strength of an electric current?,Voltmeter,Ammeter,Multimeter,Oscilloscope,B,Ammeter,An ammeter measures the current in an electrical circuit.,An ammeter is designed to be connected in series with a circuit to measure the current flowing through it. It has a very low resistance to avoid affecting the circuit's current.,2026-09-14 11:51:02
SCI_EN_0057,English,Science,"Electricity, Current & Magnetism",Medium,Which of the following phenomena occurs when a conductor moves through a magnetic field and an emf is induced?,Electrolysis,Induced EMF,Resonance,Capacitance,B,Induced EMF,The induced EMF is the voltage generated when a conductor moves through a magnetic field.,"Faraday's law of induction states that a change in the magnetic flux through a conductor induces an electromotive force (EMF) in the conductor, which can drive a current if the circuit is complete.",2026-09-14 11:51:02
SCI_EN_0058,English,Science,"Electricity, Current & Magnetism",Medium,Which of the following materials is a good conductor of electricity?,Rubber,Glass,Copper,Wood,C,Copper,Copper is a good conductor of electricity.,"Copper has a high electrical conductivity due to the ease with which its electrons can move, making it a popular choice for electrical wiring and cables.",2026-09-14 11:51:02
SCI_EN_0059,English,Science,"Modern Physics, Atoms & Nuclear Energy",Hard,Which of the following best describes the Compton effect?,It is the increase in energy of an electron when it is ejected from an atom.,It is the emission of photons from an atom when exposed to electromagnetic radiation.,It is the change in wavelength of a photon after it interacts with a free electron.,It is the decrease in the energy of a photon when it is absorbed by an atom.,C,It is the change in wavelength of a photon after it interacts with a free electron.,"The Compton effect demonstrates the particle nature of light, showing that photons can transfer energy in discrete amounts.","The Compton effect, discovered by Arthur Compton, shows that when a high-energy photon interacts with a free electron, the photon's wavelength increases, indicating the transfer of energy in a quantum manner.",2026-09-14 11:51:31
SCI_EN_0060,English,Science,"Modern Physics, Atoms & Nuclear Energy",Hard,Which of the following is a correct statement about the Schrödinger equation in quantum mechanics?,It describes the classical motion of a particle in a potential field.,It provides a means to calculate the exact position and momentum of an electron in an atom.,It is used to determine the probability density of finding an electron in a given region around the nucleus.,It is only applicable to systems with a fixed number of particles.,C,It is used to determine the probability density of finding an electron in a given region around the nucleus.,"The Schrödinger equation is fundamental in quantum mechanics, providing a mathematical description of the wave function of a system, which gives the probability of finding particles in certain states.","The Schrödinger equation is a wave equation that describes how the quantum state of a physical system changes with time, allowing for the calculation of probabilities of various outcomes.",2026-09-14 11:51:31
SCI_EN_0061,English,Science,"Modern Physics, Atoms & Nuclear Energy",Hard,What principle is used to justify the use of nuclear fission in nuclear power plants?,The principle of electromagnetic induction.,The principle of conservation of mass.,The principle of mass-energy equivalence.,The principle of conservation of momentum.,C,The principle of mass-energy equivalence.,"The principle of mass-energy equivalence, as stated by Einstein's equation E=mc^2, explains the release of energy in nuclear fission.","Nuclear fission releases energy by splitting heavy atomic nuclei into lighter ones, converting a small amount of mass into a large amount of energy, as predicted by the mass-energy equivalence principle.",2026-09-14 11:51:31
SCI_EN_0062,English,Science,"Modern Physics, Atoms & Nuclear Energy",Hard,Which of the following best describes the concept of a half-life in radioactive decay?,The time it takes for a radioactive isotope to completely decay.,The time it takes for half of a given quantity of a radioactive isotope to decay.,The time it takes for a radioactive isotope to reach its maximum activity.,The time it takes for a radioactive isotope to emit all its particles.,B,The time it takes for half of a given quantity of a radioactive isotope to decay.,"The half-life is a measure of the stability of a radioactive isotope, indicating the time required for half of the atoms in a sample to decay.","Half-life is a key concept in radioactive decay, used to predict the decay of radioactive isotopes and the time required for a specific fraction of the radioactive material to decay.",2026-09-14 11:51:31
SCI_EN_0063,English,Science,"Modern Physics, Atoms & Nuclear Energy",Hard,Which of the following statements best describes the Pauli exclusion principle?,It states that no two electrons in an atom can have the same set of quantum numbers.,It states that electrons in an atom can share the same quantum numbers.,It states that electrons in an atom can have any set of quantum numbers.,It states that the energy of an electron is independent of its quantum numbers.,A,It states that no two electrons in an atom can have the same set of quantum numbers.,"The Pauli exclusion principle explains why electrons in an atom occupy different energy levels and orbitals, ensuring that no two electrons have identical quantum states.","This principle is fundamental in quantum mechanics and explains the structure of atoms, as it restricts the quantum states that electrons can occupy, leading to the construction of the periodic table.",2026-09-14 11:51:31
SCI_EN_0064,English,Science,"Modern Physics, Atoms & Nuclear Energy",Hard,Which of the following best describes the concept of relativistic mass in modern physics?,The mass of an object that remains constant regardless of its speed.,The mass of an object that decreases as its speed approaches the speed of light.,The mass of an object that increases as its speed approaches the speed of light.,The mass of an object that changes based on its acceleration.,C,The mass of an object that increases as its speed approaches the speed of light.,"Relativistic mass increases with the speed of the object, reaching infinity as the object's speed approaches the speed of light.","Relativistic mass is a concept in special relativity, where the mass of an object is observed to increase as its speed approaches the speed of light, making it more difficult to accelerate the object further.",2026-09-14 11:51:31
SCI_EN_0065,English,Science,"Modern Physics, Atoms & Nuclear Energy",Hard,Which of the following best describes the concept of a quark-gluon plasma?,A state of matter formed by quarks and gluons at extremely high temperatures and densities.,A state of matter formed by quarks and gluons at extremely low temperatures and densities.,A state of matter formed by electrons and protons at extremely high temperatures and densities.,A state of matter formed by electrons and protons at extremely low temperatures and densities.,A,A state of matter formed by quarks and gluons at extremely high temperatures and densities.,"Quark-gluon plasma is a theoretical state of matter in which quarks and gluons, the fundamental constituents of protons and neutrons, are no longer confined within hadrons.","This state is observed in particle accelerators, where the high temperatures and densities allow quarks and gluons to exist freely, providing insights into the early universe and the fundamental forces of nature.",2026-09-14 11:51:31
SCI_EN_0066,English,Science,"Modern Physics, Atoms & Nuclear Energy",Hard,Which of the following best describes the concept of a black hole?,"A region in space where gravity is so strong that nothing, not even light, can escape from it.","A region in space where gravity is weak, allowing light to escape easily.","A region in space where gravity is balanced by other forces, allowing objects to exist without falling in.","A region in space where gravity is zero, allowing objects to float freely.",A,"A region in space where gravity is so strong that nothing, not even light, can escape from it.","A black hole is a region in space with a gravitational field so strong that nothing, not even light, can escape from it.","Black holes are formed from the collapse of massive stars, where the gravitational pull is so intense that it warps the fabric of spacetime, creating a singularity and event horizon, making them invisible to observation.",2026-09-14 11:51:31
SCI_EN_0067,English,Science,"Modern Physics, Atoms & Nuclear Energy",Hard,Which of the following best describes the concept of a neutrino oscillation?,The change in the energy of a neutrino as it travels through space.,The change in the mass of a neutrino as it travels through space.,The change in the flavor of a neutrino as it travels through space.,The change in the spin of a neutrino as it travels through space.,C,The change in the flavor of a neutrino as it travels through space.,Neutrino oscillation refers to the transformation of one flavor of neutrino into another as it propagates through space.,"This phenomenon, first observed in the late 20th century, challenges the previous understanding of neutrinos as having only one flavor and has profound implications for particle physics and cosmology.",2026-09-14 11:51:31
SCI_EN_0068,English,Science,"Modern Physics, Atoms & Nuclear Energy",Hard,Which of the following best describes the concept of quantum tunneling?,The process by which particles can move from one quantum state to another without passing through the potential barrier.,The process by which particles can pass through a potential barrier even when their energy is lower than the barrier height.,The process by which particles can be confined within a potential well without escaping.,The process by which particles can increase their energy without passing through a potential barrier.,B,The process by which particles can pass through a potential barrier even when their energy is lower than the barrier height.,"Quantum tunneling is a phenomenon where particles can pass through a potential barrier, despite having less energy than the barrier height.","Quantum tunneling has practical applications in various fields, including semiconductor devices, where it is crucial for the operation of certain types of transistors and diodes.",2026-09-14 11:51:31
SCI_EN_0069,English,Science,"Atomic Structure, Molecules & Chemical Bonding",Easy,What is the main component of a molecule?,Protons,Electrons,Neutrons,Atoms,D,Atoms,A molecule is composed of two or more atoms bonded together.,"Molecules are formed by the chemical bonding of atoms, which share or transfer electrons to achieve a stable electron configuration.",2026-09-14 11:51:51
SCI_EN_0070,English,Science,"Atomic Structure, Molecules & Chemical Bonding",Easy,Which subatomic particle is responsible for holding atoms together in a molecule?,Protons,Neutrons,Electrons,Quarks,C,Electrons,Electrons form chemical bonds between atoms.,"Electrons have a negative charge and can be shared or transferred between atoms to form covalent or ionic bonds, respectively.",2026-09-14 11:51:51
SCI_EN_0071,English,Science,"Atomic Structure, Molecules & Chemical Bonding",Easy,What type of chemical bond is formed when atoms share electrons?,Ionic bond,Metallic bond,Covalent bond,Hydrogen bond,C,Covalent bond,A covalent bond involves the sharing of electrons between atoms.,"In a covalent bond, atoms share electrons to achieve a stable electron configuration, often forming molecules or compounds.",2026-09-14 11:51:51
SCI_EN_0072,English,Science,"Atomic Structure, Molecules & Chemical Bonding",Easy,Which of the following is NOT a type of chemical bond?,Ionic bond,Covalent bond,Metallic bond,Gravitational bond,D,Gravitational bond,Gravitational bonds are not chemical bonds.,"Chemical bonds involve the electrostatic interaction between atoms, whereas gravitational bonds refer to the force of gravity between objects, which is not considered a chemical bond.",2026-09-14 11:51:51
SCI_EN_0073,English,Science,"Atomic Structure, Molecules & Chemical Bonding",Easy,What is the charge of a neutral atom?,Positive,Negative,Zero,Positive or Negative,C,Zero,A neutral atom has an equal number of protons and electrons.,"In a neutral atom, the positive charge from the protons is balanced by the negative charge from the electrons, resulting in a net charge of zero.",2026-09-14 11:51:51
SCI_EN_0074,English,Science,"Atomic Structure, Molecules & Chemical Bonding",Easy,What determines the atomic number of an element?,Number of neutrons,Number of protons,Number of electrons,Mass of the atom,B,Number of protons,The atomic number is the number of protons in the nucleus of an atom.,"The atomic number defines the element and its chemical properties, as it determines the number of protons and the corresponding number of electrons in a neutral atom.",2026-09-14 11:51:51
SCI_EN_0075,English,Science,"Atomic Structure, Molecules & Chemical Bonding",Easy,Which of the following is an example of a polar covalent bond?,H2,Cl2,NaCl,H2O,D,H2O,"In H2O, the oxygen atom has a partial negative charge, and hydrogen atoms have partial positive charges.","Water molecules exhibit polar covalent bonds because the oxygen atom attracts electrons more strongly than the hydrogen atoms, resulting in a slightly negative charge on oxygen and slightly positive charges on hydrogen.",2026-09-14 11:51:51
SCI_EN_0076,English,Science,"Atomic Structure, Molecules & Chemical Bonding",Easy,Which of the following is a characteristic of a metallic bond?,Strong ionic interactions,Electrons are delocalized,High boiling point,Single covalent bond,B,Electrons are delocalized,"In metals, electrons are free to move throughout the lattice.","Metallic bonding involves a sea of delocalized electrons that are not associated with any particular atom, allowing metals to conduct electricity and heat well.",2026-09-14 11:51:51
SCI_EN_0077,English,Science,"Atomic Structure, Molecules & Chemical Bonding",Easy,What is the term for the force that holds atoms together in a molecule?,Electromagnetic force,Gravitational force,Nuclear force,Chemical bond,D,Chemical bond,A chemical bond is a force that holds atoms together in a molecule or compound.,"Chemical bonds result from the electrostatic attraction between atoms, which can be ionic, covalent, or metallic, depending on the nature of the atoms involved.",2026-09-14 11:51:51
SCI_EN_0078,English,Science,"Atomic Structure, Molecules & Chemical Bonding",Easy,Which of the following best describes the concept of an isotope?,Atoms with the same number of protons but different numbers of neutrons,Atoms with the same number of neutrons but different numbers of protons,Atoms with different numbers of protons and electrons,Atoms with different numbers of protons and neutrons,A,Atoms with the same number of protons but different numbers of neutrons,Isotopes of an element have the same atomic number but different mass numbers.,"Isotopes of an element differ in the number of neutrons in their nuclei, but they have the same number of protons and thus belong to the same element.",2026-09-14 11:51:51
SCI_EN_0079,English,Science,"Periodic Table, Metals & Non-metals",Medium,Which of the following elements is a transition metal in the d-block of the periodic table?,Sodium (Na),Iron (Fe),Nitrogen (N),Boron (B),B,Iron (Fe),Iron is a transition metal because it has partially filled d-orbitals.,"Iron is located in the d-block of the periodic table, which means it has electrons in its d-orbitals, making it a transition metal.",2026-09-14 11:52:13
SCI_EN_0080,English,Science,"Periodic Table, Metals & Non-metals",Medium,"In the periodic table, which of the following non-metals is in the same group as oxygen?",Sodium (Na),Chlorine (Cl),Silicon (Si),Argon (Ar),B,Chlorine (Cl),"Chlorine is in the same group (Group 17) as oxygen, both being non-metals.","Chlorine and oxygen are in the same vertical column (Group 17) of the periodic table, indicating they have the same number of valence electrons and similar chemical properties.",2026-09-14 11:52:13
SCI_EN_0081,English,Science,"Periodic Table, Metals & Non-metals",Medium,Which of the following elements is a metalloid and is used in the manufacture of semiconductors?,Sodium (Na),Silicon (Si),Sulfur (S),Bromine (Br),B,Silicon (Si),Silicon is a metalloid with semiconductor properties.,"Silicon is located between metals and non-metals in the periodic table, exhibiting properties of both, and is widely used in semiconductor technology.",2026-09-14 11:52:13
SCI_EN_0082,English,Science,"Periodic Table, Metals & Non-metals",Medium,Which of the following elements is a noble gas and has a full valence shell of electrons?,Sodium (Na),Neon (Ne),Magnesium (Mg),Sulfur (S),B,Neon (Ne),Neon has a full valence shell and is a noble gas.,"Neon is an element in Group 18 (noble gases) of the periodic table, which has a full outer shell of electrons, making it chemically inert.",2026-09-14 11:52:13
SCI_EN_0083,English,Science,"Periodic Table, Metals & Non-metals",Medium,Which of the following elements is a metal that forms a basic oxide?,Sodium (Na),Sulfur (S),Phosphorus (P),Boron (B),A,Sodium (Na),Sodium forms a basic oxide when it reacts with oxygen.,"Sodium (Na) is a metal that reacts with oxygen to form sodium oxide (Na2O), which is basic in nature.",2026-09-14 11:52:13
SCI_EN_0084,English,Science,"Periodic Table, Metals & Non-metals",Medium,Which of the following elements is a metal that is liquid at room temperature?,Mercury (Hg),Sodium (Na),Chlorine (Cl),Bromine (Br),A,Mercury (Hg),Mercury is a metal that is liquid at room temperature.,"Mercury (Hg) is unique among metals as it remains liquid at room temperature, with a melting point of -38.83°C.",2026-09-14 11:52:13
SCI_EN_0085,English,Science,"Periodic Table, Metals & Non-metals",Medium,Which of the following elements is a metal that is known for its high melting point and is used in the construction of bridges and buildings?,Tin (Sn),Mercury (Hg),Titanium (Ti),Bromine (Br),C,Titanium (Ti),Titanium is a metal with a high melting point and is used in construction.,Titanium (Ti) has a high melting point of 1668°C and is used in the construction of bridges and buildings due to its strength and corrosion resistance.,2026-09-14 11:52:13
SCI_EN_0086,English,Science,"Periodic Table, Metals & Non-metals",Medium,Which of the following elements is a metal that is used in the production of batteries due to its high reactivity with oxygen?,Sodium (Na),Sulfur (S),Boron (B),Mercury (Hg),A,Sodium (Na),Sodium is a metal that reacts vigorously with oxygen.,Sodium (Na) is highly reactive with oxygen and is used in the production of batteries due to its strong oxidizing properties.,2026-09-14 11:52:13
SCI_EN_0087,English,Science,"Periodic Table, Metals & Non-metals",Medium,Which of the following elements is a non-metal that exists in nature as a diatomic molecule?,Sodium (Na),Sulfur (S),Bromine (Br),Mercury (Hg),B,Sulfur (S),Sulfur forms diatomic molecules in nature.,"Sulfur (S) is a non-metal that exists as S2 molecules in nature, making it a diatomic element.",2026-09-14 11:52:13
SCI_EN_0088,English,Science,"Periodic Table, Metals & Non-metals",Medium,Which of the following elements is a metalloid that is used in the production of semiconductors due to its unique electrical properties?,Sodium (Na),Silicon (Si),Chlorine (Cl),Bromine (Br),B,Silicon (Si),Silicon is a metalloid used in semiconductor technology.,"Silicon (Si) is a metalloid with properties that make it ideal for use in semiconductors, as it can easily switch between conductive and non-conductive states.",2026-09-14 11:52:13
SCI_EN_0089,English,Science,"Acids, Bases, Salts & Chemical Reactions",Hard,Which of the following reactions between a strong acid and a strong base is an example of a neutralization reaction?,HCl + NaOH → NaCl + H₂O,Na₂CO₃ + 2HCl → 2NaCl + CO₂ + H₂O,Ca(OH)₂ + H₂SO₄ → CaSO₄ + 2H₂O,NaOH + NH₄Cl → NaCl + NH₃ + H₂O,A,HCl + NaOH → NaCl + H₂O,The correct answer represents a balanced equation for a neutralization reaction.,"This reaction produces salt (NaCl) and water (H₂O), which is the defining characteristic of a neutralization reaction between a strong acid (HCl) and a strong base (NaOH).",2026-09-14 11:52:42
SCI_EN_0090,English,Science,"Acids, Bases, Salts & Chemical Reactions",Hard,"In the reaction between sodium carbonate and hydrochloric acid, which of the following is a correct representation of the products?",NaCl + H₂O + CO₂,NaCl + H₂O + CO,Na₂CO₃ + H₂O + CO₂,Na₂O + H₂O + CO₂,A,NaCl + H₂O + CO₂,The correct answer shows the products of the reaction between sodium carbonate and hydrochloric acid.,"The reaction between sodium carbonate (Na₂CO₃) and hydrochloric acid (HCl) produces sodium chloride (NaCl), water (H₂O), and carbon dioxide (CO₂).",2026-09-14 11:52:42
SCI_EN_0091,English,Science,"Acids, Bases, Salts & Chemical Reactions",Hard,Which of the following is a correct representation of the dissociation of sodium chloride in water?,NaCl → Na⁺ + Cl⁻,NaCl + H₂O → Na⁺ + Cl⁻ + H₂O,NaCl → Na⁺ + 2Cl⁻,NaCl + H₂O → Na⁺ + Cl⁻,A,NaCl → Na⁺ + Cl⁻,The correct answer represents the dissociation of sodium chloride into its ions in an aqueous solution.,"Sodium chloride (NaCl) dissociates into sodium ions (Na⁺) and chloride ions (Cl⁻) when dissolved in water, as shown in the correct answer.",2026-09-14 11:52:42
SCI_EN_0092,English,Science,"Acids, Bases, Salts & Chemical Reactions",Hard,Which of the following is an example of a double displacement reaction?,CaCO₃ + 2HCl → CaCl₂ + H₂O + CO₂,2Na + Cl₂ → 2NaCl,Zn + 2HCl → ZnCl₂ + H₂,H₂SO₄ + 2NaOH → Na₂SO₄ + 2H₂O,D,H₂SO₄ + 2NaOH → Na₂SO₄ + 2H₂O,The correct answer shows a double displacement reaction where ions switch places.,"In the reaction between sulfuric acid (H₂SO₄) and sodium hydroxide (NaOH), sodium ions (Na⁺) and sulfate ions (SO₄²⁻) switch places, forming sodium sulfate (Na₂SO₄) and water (H₂O).",2026-09-14 11:52:42
SCI_EN_0093,English,Science,"Acids, Bases, Salts & Chemical Reactions",Hard,Which of the following is a correct representation of the reaction between sulfuric acid and barium chloride?,H₂SO₄ + BaCl₂ → BaSO₄ + 2HCl,H₂SO₄ + BaCl₂ → BaSO₄ + 2HCl₂,H₂SO₄ + BaCl₂ → BaSO₄ + 2H₂O,H₂SO₄ + BaCl₂ → BaSO₄ + 2HCl + H₂O,D,H₂SO₄ + BaCl₂ → BaSO₄ + 2HCl + H₂O,"The correct answer shows the products of the reaction between sulfuric acid and barium chloride, including the formation of a precipitate and gas.","The reaction between sulfuric acid (H₂SO₄) and barium chloride (BaCl₂) produces barium sulfate (BaSO₄) precipitate, hydrogen chloride (HCl) gas, and water (H₂O).",2026-09-14 11:52:42
SCI_EN_0094,English,Science,"Acids, Bases, Salts & Chemical Reactions",Hard,Which of the following is a correct representation of the reaction between iron(III) oxide and hydrochloric acid?,Fe₂O₃ + 6HCl → 2FeCl₃ + 3H₂O,Fe₂O₃ + 6HCl → 2FeCl₂ + 3H₂O,Fe₂O₃ + 3HCl → 2FeCl₃ + 3H₂O,Fe₂O₃ + 3HCl → 2FeCl₂ + 3H₂O,A,Fe₂O₃ + 6HCl → 2FeCl₃ + 3H₂O,The correct answer shows the balanced chemical equation for the reaction between iron(III) oxide and hydrochloric acid.,Iron(III) oxide (Fe₂O₃) reacts with hydrochloric acid (HCl) to form iron(III) chloride (FeCl₃) and water (H₂O). The correct stoichiometry requires six moles of HCl to react completely with two moles of Fe₂O₃.,2026-09-14 11:52:42
SCI_EN_0095,English,Science,"Acids, Bases, Salts & Chemical Reactions",Hard,Which of the following is a correct representation of the reaction between potassium hydroxide and carbon dioxide?,2KOH + CO₂ → K₂CO₃ + H₂O,2KOH + CO₂ → K₂CO₃ + 2H₂O,2KOH + CO₂ → K₂CO₃ + H₂O + CO,2KOH + CO₂ → K₂CO₃ + H₂O + CO₂,A,2KOH + CO₂ → K₂CO₃ + H₂O,The correct answer shows the balanced equation for the reaction between potassium hydroxide and carbon dioxide.,"Potassium hydroxide (KOH) reacts with carbon dioxide (CO₂) to form potassium carbonate (K₂CO₃) and water (H₂O), as shown in the correct answer.",2026-09-14 11:52:42
SCI_EN_0096,English,Science,"Acids, Bases, Salts & Chemical Reactions",Hard,Which of the following is a correct representation of the reaction between sodium bicarbonate and hydrochloric acid?,NaHCO₃ + HCl → NaCl + CO₂ + H₂O,NaHCO₃ + HCl → NaCl + CO₂ + H₂O + CO,NaHCO₃ + 2HCl → NaCl + 2CO₂ + 2H₂O,NaHCO₃ + HCl → NaCl + CO₂ + 2H₂O,A,NaHCO₃ + HCl → NaCl + CO₂ + H₂O,The correct answer shows the balanced chemical equation for the reaction between sodium bicarbonate and hydrochloric acid.,"Sodium bicarbonate (NaHCO₃) reacts with hydrochloric acid (HCl) to produce sodium chloride (NaCl), carbon dioxide (CO₂), and water (H₂O), as shown in the correct answer.",2026-09-14 11:52:42
SCI_EN_0097,English,Science,"Acids, Bases, Salts & Chemical Reactions",Hard,Which of the following is a correct representation of the reaction between calcium carbonate and hydrochloric acid?,CaCO₃ + HCl → CaCl₂ + CO₂ + H₂O,CaCO₃ + 2HCl → CaCl₂ + CO₂ + 2H₂O,CaCO₃ + HCl → CaCl₂ + CO₂ + 2H₂O,CaCO₃ + 2HCl → CaCl₂ + CO₂ + H₂O + CO,B,CaCO₃ + 2HCl → CaCl₂ + CO₂ + 2H₂O,The correct answer shows the balanced chemical equation for the reaction between calcium carbonate and hydrochloric acid.,"Calcium carbonate (CaCO₃) reacts with hydrochloric acid (2HCl) to form calcium chloride (CaCl₂), carbon dioxide (CO₂), and water (2H₂O), as shown in the correct answer.",2026-09-14 11:52:42
SCI_EN_0098,English,Science,"Organic Chemistry, Hydrocarbons & Everyday Chemicals",Easy,What is the general formula for alkanes?,CnH2n+2,CnH2n,CnH2n-2,CnHn,A,CnH2n+2,"This formula represents the simplest alkane, methane (CH4), and all other alkanes follow this structure.","Alkanes are saturated hydrocarbons, meaning they contain only single bonds between carbon atoms. The formula CnH2n+2 accounts for two hydrogen atoms attached to each carbon atom, plus two additional hydrogen atoms.",2026-09-14 11:53:04
SCI_EN_0099,English,Science,"Organic Chemistry, Hydrocarbons & Everyday Chemicals",Easy,Which of the following is a common structural isomer of butane (C4H10)?,Butene,Butyne,2-Methylpropane,2-Butanol,C,2-Methylpropane,2-Methylpropane has the same number of carbon and hydrogen atoms as butane but has a different structural arrangement.,"2-Methylpropane, with the chemical formula C4H10, is a structural isomer of butane. It has a methyl group attached to a propane chain, whereas butane has all four carbon atoms in a chain.",2026-09-14 11:53:04
SCI_EN_0100,English,Science,"Organic Chemistry, Hydrocarbons & Everyday Chemicals",Easy,Which of the following is a saturated hydrocarbon?,Butene,2-Butyne,2-Methylpropane,Butadiene,C,2-Methylpropane,2-Methylpropane is a saturated hydrocarbon because it only contains single bonds between carbon atoms.,"Saturated hydrocarbons contain only single bonds, whereas unsaturated hydrocarbons like butene and butadiene contain at least one double or triple bond.",2026-09-14 11:53:04
SCI_EN_0101,English,Science,"Organic Chemistry, Hydrocarbons & Everyday Chemicals",Easy,Which of the following is a common use of alkenes?,Fuel for cars,Plastic production,Cleaning products,Fertilizers,B,Plastic production,Alkenes are used in the polymerization process to produce a wide variety of plastics.,"Alkenes can undergo polymerization to form long chains of repeating units, which are used in the production of various types of plastics.",2026-09-14 11:53:04
SCI_EN_0102,English,Science,"Organic Chemistry, Hydrocarbons & Everyday Chemicals",Easy,Which of the following is a property of alkanes?,High reactivity,Soluble in water,High melting point,Low reactivity,D,Low reactivity,Alkanes are generally unreactive under normal conditions due to their saturated nature.,"Alkanes are stable molecules because they contain only single bonds, making them less prone to undergoing chemical reactions compared to other hydrocarbons with multiple bonds.",2026-09-14 11:53:04
SCI_EN_0103,English,Science,"Organic Chemistry, Hydrocarbons & Everyday Chemicals",Easy,Which of the following is a common impurity in gasoline?,Octane,Methanol,Carbon dioxide,Butane,B,Methanol,"Methanol is sometimes added to gasoline as an anti-knock agent, but it is also an impurity that can be present in gasoline.","Methanol is an alcohol that can sometimes be present in gasoline as an impurity. It is often added to gasoline as an anti-knock agent, but its presence can cause issues like engine damage or corrosion.",2026-09-14 11:53:04
SCI_EN_0104,English,Science,"Organic Chemistry, Hydrocarbons & Everyday Chemicals",Easy,Which of the following is a characteristic of alkanes?,Fluorescence,High reactivity,High solubility in water,Low reactivity,D,Low reactivity,"Alkanes are generally unreactive due to their saturated nature, making them less prone to undergoing chemical reactions.","Alkanes are stable molecules because they contain only single bonds, which makes them less reactive compared to other hydrocarbons that contain multiple bonds.",2026-09-14 11:53:04
SCI_EN_0105,English,Science,"Organic Chemistry, Hydrocarbons & Everyday Chemicals",Easy,Which of the following is a true statement about alkenes?,They are all gases at room temperature.,They are less reactive than alkanes.,They contain at least one double bond.,They do not undergo addition reactions.,C,They contain at least one double bond.,Alkenes are characterized by the presence of at least one double bond between carbon atoms.,"Alkenes are defined by their ability to undergo addition reactions, which require the presence of a double bond. This double bond makes them more reactive than alkanes.",2026-09-14 11:53:04
SCI_EN_0106,English,Science,"Organic Chemistry, Hydrocarbons & Everyday Chemicals",Easy,Which of the following is a correct representation of the structural formula of methane?,CH2,CH3,CH4,C2H4,C,CH4,"Methane is the simplest alkane, with the formula CH4, meaning it has one carbon atom bonded to four hydrogen atoms.","Methane is a simple hydrocarbon with the chemical formula CH4. It consists of one carbon atom bonded to four hydrogen atoms, making it the smallest and simplest alkane.",2026-09-14 11:53:04
SCI_EN_0107,English,Science,"Organic Chemistry, Hydrocarbons & Everyday Chemicals",Easy,Which of the following is a characteristic of alkanes in terms of their physical properties?,High melting and boiling points,High solubility in water,Low melting and boiling points,High reactivity,C,Low melting and boiling points,Alkanes generally have low melting and boiling points compared to other hydrocarbons.,"Alkanes have low melting and boiling points because of the weak van der Waals forces between their molecules, which are not as strong as the covalent bonds within the molecules.",2026-09-14 11:53:04
SCI_EN_0108,English,Science,"Cell Biology, Organelles & Genetics",Medium,Which of the following organelles is primarily responsible for protein synthesis in eukaryotic cells?,Mitochondria,Nucleus,Endoplasmic reticulum,Ribosomes,D,Ribosomes,Ribosomes are the sites where proteins are synthesized in cells.,"Ribosomes are small organelles composed of ribosomal RNA and proteins. They are responsible for the translation of mRNA into polypeptide chains, which form proteins.",2026-09-14 11:53:28
SCI_EN_0109,English,Science,"Cell Biology, Organelles & Genetics",Medium,Which organelle is known as the 'powerhouse of the cell' and is involved in energy production through cellular respiration?,Golgi apparatus,Lysosomes,Mitochondria,Chloroplasts,C,Mitochondria,"Mitochondria are the organelles that produce ATP, the primary energy currency of the cell.","Mitochondria contain enzymes and electron transport chains that generate ATP through the process of oxidative phosphorylation, making them crucial for cellular energy production.",2026-09-14 11:53:28
SCI_EN_0110,English,Science,"Cell Biology, Organelles & Genetics",Medium,In which organelle does the process of photosynthesis take place in plant cells?,Mitochondria,Nucleus,Chloroplasts,Endoplasmic reticulum,C,Chloroplasts,Chloroplasts are responsible for capturing light energy and converting it into chemical energy through the process of photosynthesis.,"Chloroplasts contain chlorophyll and other pigments that absorb light energy, which is then used to convert carbon dioxide and water into glucose and oxygen via the Calvin cycle and the light-dependent reactions.",2026-09-14 11:53:28
SCI_EN_0111,English,Science,"Cell Biology, Organelles & Genetics",Medium,"Which organelle is involved in the modification, sorting, and packaging of proteins for secretion?",Lysosomes,Golgi apparatus,Nucleus,Endoplasmic reticulum,B,Golgi apparatus,"The Golgi apparatus modifies, packages, and sends proteins to their appropriate destinations within or outside the cell.","The Golgi apparatus receives proteins from the endoplasmic reticulum, modifies them by adding or removing sugar molecules, and then packages them into vesicles for transport to their final destination, such as the cell membrane or secretion outside the cell.",2026-09-14 11:53:28
SCI_EN_0112,English,Science,"Cell Biology, Organelles & Genetics",Medium,Which of the following is a function of the lysosomes in cells?,Synthesis of proteins,Storage of genetic information,Breaking down waste materials and cellular debris,Generation of ATP,C,Breaking down waste materials and cellular debris,Lysosomes contain digestive enzymes that break down waste materials and cellular debris.,"Lysosomes are organelles that contain hydrolytic enzymes capable of breaking down proteins, nucleic acids, carbohydrates, and lipids. They play a crucial role in degrading waste materials and cellular debris, maintaining cellular health and homeostasis.",2026-09-14 11:53:28
SCI_EN_0113,English,Science,"Cell Biology, Organelles & Genetics",Medium,Which of the following processes is responsible for the transfer of genetic material from a parent cell to its daughter cells?,Translation,Replication,Transcription,Reverse transcription,B,Replication,Replication is the process by which DNA makes a copy of itself during cell division.,DNA replication ensures that each new cell receives an exact copy of the genetic material. This process involves the unwinding of the DNA double helix and the synthesis of a complementary strand using the existing strand as a template.,2026-09-14 11:53:28
SCI_EN_0114,English,Science,"Cell Biology, Organelles & Genetics",Medium,Which of the following best describes the process of transcription in eukaryotic cells?,The synthesis of proteins from mRNA,The unwinding of DNA into two strands,The replication of DNA,The synthesis of RNA from DNA,D,The synthesis of RNA from DNA,Transcription is the process of synthesizing RNA from a DNA template.,"During transcription, the enzyme RNA polymerase reads the DNA template strand and synthesizes a complementary RNA molecule, which can be mRNA, tRNA, or rRNA, depending on the gene being transcribed.",2026-09-14 11:53:28
SCI_EN_0115,English,Science,"Cell Biology, Organelles & Genetics",Medium,"Which of the following genetic disorders is caused by a deficiency in the enzyme hexosaminidase A, leading to the accumulation of a specific lipid in nerve cells?",Sickle cell anemia,Huntington's disease,Cystic fibrosis,Tay-Sachs disease,D,Tay-Sachs disease,Tay-Sachs disease is a genetic disorder characterized by the accumulation of GM2 ganglioside in nerve cells due to a deficiency in hexosaminidase A.,"Tay-Sachs disease is an autosomal recessive genetic disorder where the lack of functional hexosaminidase A enzyme leads to the accumulation of GM2 ganglioside in the brain and spinal cord, causing progressive neurological deterioration.",2026-09-14 11:53:28
SCI_EN_0116,English,Science,"Cell Biology, Organelles & Genetics",Medium,Which of the following is a function of the centrioles during cell division?,Synthesis of DNA,Formation of the mitotic spindle,Translation of mRNA into proteins,Storage of genetic material,B,Formation of the mitotic spindle,"Centrioles play a key role in the formation of the mitotic spindle, which is essential for proper chromosome segregation during cell division.","During cell division, centrioles organize the formation of the mitotic spindle, which helps in the separation and movement of chromosomes to opposite poles of the cell. This ensures the accurate distribution of genetic material to the daughter cells.",2026-09-14 11:53:28
SCI_EN_0117,English,Science,"Cell Biology, Organelles & Genetics",Medium,Which of the following genetic mechanisms can lead to genetic diversity in a population?,Gene flow,Mutation,Genetic drift,Stabilizing selection,B,Mutation,"Mutation is a genetic change that can introduce new genetic variations into a population, contributing to genetic diversity.","Mutation refers to any change in the DNA sequence of an organism. These changes can occur spontaneously or be induced by environmental factors and can introduce new genetic variations that can be passed on to future generations, increasing genetic diversity.",2026-09-14 11:53:28
SCI_EN_0118,English,Science,"Human Anatomy, Organ Systems & Physiology",Hard,Which of the following statements correctly describes the function of the cholinergic receptors in the parasympathetic nervous system?,They are involved in the regulation of voluntary muscle movement.,They mediate the release of adrenaline from the adrenal medulla.,They are responsible for the release of neurotransmitters from the presynaptic neuron.,They facilitate the transmission of signals in the parasympathetic ganglia.,D,They facilitate the transmission of signals in the parasympathetic ganglia.,"Parasympathetic ganglia are where nerve impulses are transmitted to target organs, and cholinergic receptors are crucial for this process.","Cholinergic receptors, specifically muscarinic receptors, are the primary receptors for acetylcholine in the parasympathetic nervous system. They are found on the postganglionic neurons and the effector cells of the target organs, facilitating the transmission of nerve impulses.",2026-09-14 11:53:57
SCI_EN_0119,English,Science,"Human Anatomy, Organ Systems & Physiology",Hard,Which of the following best describes the role of the interstitial cells of Leydig in the male reproductive system?,They secrete testosterone in response to FSH.,They produce spermatozoa.,They secrete testosterone in response to LH.,They are involved in the maturation of spermatids.,C,They secrete testosterone in response to LH.,"Leydig cells are responsible for producing testosterone, a key hormone in male sexual development and reproduction.","The interstitial cells of Leydig in the testes secrete testosterone, which is regulated by luteinizing hormone (LH) from the anterior pituitary gland. This hormone-stimulated secretion is crucial for spermatogenesis and secondary male characteristics.",2026-09-14 11:53:57
SCI_EN_0120,English,Science,"Human Anatomy, Organ Systems & Physiology",Hard,Which of the following statements about the heart's conducting system is accurate?,The sinoatrial (SA) node is responsible for the ventricular contraction.,The atrioventricular (AV) node is the primary pacemaker of the heart.,The bundle of His is the site where the electrical impulse is delayed before reaching the ventricles.,The Purkinje fibers are involved in the regulation of the heart rate.,C,The bundle of His is the site where the electrical impulse is delayed before reaching the ventricles.,"The bundle of His plays a critical role in the efficient conduction of electrical impulses to the ventricles, ensuring coordinated contraction.","The bundle of His, located between the atria and ventricles, acts as a conduit for electrical impulses from the AV node. The slight delay at the bundle of His ensures that the atria have finished contracting before the ventricles begin, maximizing cardiac efficiency.",2026-09-14 11:53:57
SCI_EN_0121,English,Science,"Human Anatomy, Organ Systems & Physiology",Hard,Which of the following best explains the role of the hormone aldosterone in the human body?,It regulates blood pressure by increasing the permeability of the renal tubules to glucose.,It decreases blood pressure by promoting sodium excretion and potassium retention.,It increases blood pressure by promoting sodium retention and potassium excretion.,It increases blood pressure by promoting calcium retention.,C,It increases blood pressure by promoting sodium retention and potassium excretion.,"Aldosterone is a mineralocorticoid hormone that helps maintain electrolyte balance and blood volume, thereby influencing blood pressure.","Aldosterone acts on the distal tubules and collecting ducts of the kidney, promoting the reabsorption of sodium and the excretion of potassium. This action increases blood volume and pressure, making it a key regulator of electrolyte balance and blood pressure.",2026-09-14 11:53:57
SCI_EN_0122,English,Science,"Human Anatomy, Organ Systems & Physiology",Hard,Which of the following is the primary function of the extracellular matrix in connective tissue?,To provide structural support and regulate the movement of substances between cells.,To facilitate the conduction of electrical impulses.,To regulate the synthesis of neurotransmitters.,To produce hormones and growth factors.,A,To provide structural support and regulate the movement of substances between cells.,The extracellular matrix (ECM) is a complex network of fibers and ground substance that supports cells and influences their behavior.,"The ECM serves multiple functions, including providing structural support, anchoring cells, and regulating the diffusion of nutrients, waste products, and signaling molecules between cells and their surroundings. This matrix is crucial for tissue integrity and cell behavior.",2026-09-14 11:53:57
SCI_EN_0123,English,Science,"Human Anatomy, Organ Systems & Physiology",Hard,Which of the following processes is responsible for the oxygen-carrying capacity of red blood cells (RBCs)?,Hemoglobin synthesis,Glucose metabolism,Lipoprotein production,Collagen formation,A,Hemoglobin synthesis,Hemoglobin is the protein responsible for binding and transporting oxygen in the bloodstream.,"Hemoglobin, a protein found in red blood cells, binds to oxygen molecules in the lungs and transports them to tissues throughout the body. The synthesis of hemoglobin is essential for the RBCs' oxygen-carrying capacity and is regulated by factors such as erythropoietin.",2026-09-14 11:53:57
SCI_EN_0124,English,Science,"Human Anatomy, Organ Systems & Physiology",Hard,Which of the following statements accurately describes the role of the sympathetic nervous system in the body's response to stress (fight-or-flight)?,It decreases heart rate and dilates the pupils.,It increases heart rate and constricts blood vessels.,It decreases blood glucose levels and promotes digestion.,It increases blood glucose levels and promotes digestion.,B,It increases heart rate and constricts blood vessels.,The sympathetic nervous system prepares the body for immediate action by increasing heart rate and blood pressure.,"During the fight-or-flight response, the sympathetic nervous system is activated, leading to increased heart rate, constricted pupils, and vasoconstriction, which prepares the body for immediate physical exertion.",2026-09-14 11:53:57
SCI_EN_0125,English,Science,"Human Anatomy, Organ Systems & Physiology",Hard,Which of the following best describes the mechanism of action of nitric oxide (NO) in the cardiovascular system?,It stimulates the synthesis of cyclic AMP (cAMP) in smooth muscle cells.,It acts as a vasodilator by increasing the release of prostaglandins.,It inhibits the production of cyclic GMP (cGMP) in vascular smooth muscle cells.,It acts as a vasodilator by activating guanylate cyclase and increasing cGMP.,D,It acts as a vasodilator by activating guanylate cyclase and increasing cGMP.,"Nitric oxide is a potent vasodilator that relaxes smooth muscle cells in blood vessels, leading to increased blood flow.","Nitric oxide (NO) is a signaling molecule that acts on the vascular smooth muscle cells, activating guanylate cyclase and increasing the production of cyclic GMP (cGMP). This leads to the relaxation of the smooth muscle, resulting in vasodilation and increased blood flow.",2026-09-14 11:53:57
SCI_EN_0126,English,Science,"Human Anatomy, Organ Systems & Physiology",Hard,Which of the following best describes the process of mitosis in human cells?,It is the process of cell division that results in the reduction of genetic material by half.,It is the process of cell division that results in the production of gametes.,It is the process of cell division that results in the production of genetically identical daughter cells.,It is the process of cell division that results in the production of genetically diverse daughter cells.,C,It is the process of cell division that results in the production of genetically identical daughter cells.,"Mitosis ensures the accurate and equal distribution of genetic material to daughter cells, maintaining the cell's genetic identity.","Mitosis is a type of cell division that results in the production of two genetically identical daughter cells from a single parent cell. This process is crucial for growth, development, and tissue repair, as it maintains the cell's genetic identity and integrity.",2026-09-14 11:53:57
SCI_EN_0127,English,Science,"Human Anatomy, Organ Systems & Physiology",Hard,Which of the following statements correctly describes the function of the myofibrils in muscle cells?,They are responsible for the synthesis of neurotransmitters.,They are the contractile units that enable muscle movement.,They produce antibodies in response to foreign pathogens.,They regulate the uptake of glucose into cells.,B,They are the contractile units that enable muscle movement.,Myofibrils contain the proteins that allow muscle cells to contract and generate force.,"Myofibrils are the contractile units within muscle cells that contain thick and thin filaments of actin and myosin. These filaments slide past each other during muscle contraction, generating force and enabling movement.",2026-09-14 11:53:57
SCI_EN_0128,English,Science,"Human Nutrition, Vitamins, Minerals & Diseases",Easy,Which vitamin is essential for the formation of blood clots?,Vitamin A,Vitamin C,Vitamin K,Vitamin D,C,Vitamin K,Vitamin K is crucial for the synthesis of clotting factors in the liver.,"Vitamin K plays a vital role in the activation of several clotting factors, such as prothrombin, which are necessary for the formation of blood clots.",2026-09-14 11:54:17
SCI_EN_0129,English,Science,"Human Nutrition, Vitamins, Minerals & Diseases",Easy,Which mineral is primarily responsible for maintaining proper muscle function?,Iron,Magnesium,Zinc,Iodine,B,Magnesium,Magnesium is essential for the contraction and relaxation of muscles.,Magnesium acts as a cofactor for enzymes involved in energy metabolism and helps regulate muscle contractions and relaxation.,2026-09-14 11:54:17
SCI_EN_0130,English,Science,"Human Nutrition, Vitamins, Minerals & Diseases",Easy,What is the primary role of dietary fiber in human nutrition?,To provide energy,To stimulate appetite,To improve digestive health,To enhance absorption of minerals,C,To improve digestive health,Dietary fiber helps maintain a healthy digestive system.,"Dietary fiber adds bulk to the diet, promotes regular bowel movements, and helps maintain a healthy gut microbiota, which is crucial for overall digestive health.",2026-09-14 11:54:17
SCI_EN_0131,English,Science,"Human Nutrition, Vitamins, Minerals & Diseases",Easy,Which vitamin deficiency can lead to scurvy?,Vitamin A,Vitamin B12,Vitamin C,Vitamin D,C,Vitamin C,"Vitamin C is necessary for the synthesis of collagen, and its deficiency leads to scurvy.","Scurvy is caused by a deficiency of Vitamin C, which is essential for the synthesis of collagen, a protein that provides strength to blood vessels and connective tissues.",2026-09-14 11:54:17
SCI_EN_0132,English,Science,"Human Nutrition, Vitamins, Minerals & Diseases",Easy,Which mineral is essential for the proper functioning of the thyroid gland?,Sodium,Calcium,Iron,Iodine,D,Iodine,Iodine is crucial for the production of thyroid hormones.,"Iodine is a key component in the synthesis of thyroid hormones, which regulate metabolism and growth.",2026-09-14 11:54:17
SCI_EN_0133,English,Science,"Human Nutrition, Vitamins, Minerals & Diseases",Easy,Which of the following is a water-soluble vitamin?,Vitamin A,Vitamin D,Vitamin K,Vitamin B12,D,Vitamin B12,Water-soluble vitamins dissolve in water and are not stored in the body in large amounts.,"Vitamin B12 is a water-soluble vitamin, meaning it dissolves in water and is not stored in significant amounts by the body, making it essential to obtain it through the diet regularly.",2026-09-14 11:54:17
SCI_EN_0134,English,Science,"Human Nutrition, Vitamins, Minerals & Diseases",Easy,Which of the following is NOT a symptom of vitamin D deficiency?,Fatigue,Bone pain,Night blindness,Weakness,C,Night blindness,Night blindness is a symptom of vitamin A deficiency.,"Night blindness is a condition associated with a lack of vitamin A, which is crucial for the health of the retina and vision in low light conditions.",2026-09-14 11:54:17
SCI_EN_0135,English,Science,"Human Nutrition, Vitamins, Minerals & Diseases",Easy,Which of the following is a key function of iron in the human body?,It helps in bone formation.,It is essential for DNA synthesis.,It is necessary for the production of hemoglobin.,It aids in the absorption of calcium.,C,It is necessary for the production of hemoglobin.,"Iron is essential for the synthesis of hemoglobin, a protein in red blood cells that carries oxygen throughout the body.","Iron is a critical component of hemoglobin, the protein in red blood cells that binds to oxygen and transports it to tissues and organs.",2026-09-14 11:54:17
SCI_EN_0136,English,Science,"Human Nutrition, Vitamins, Minerals & Diseases",Easy,Which of the following is a primary function of Vitamin B1 (Thiamine) in the body?,It helps in the formation of red blood cells.,It is involved in energy production.,It is essential for vision.,It aids in the production of thyroid hormones.,B,It is involved in energy production.,Thiamine (Vitamin B1) plays a role in the metabolism of carbohydrates and the production of energy.,"Vitamin B1 is essential for the metabolism of carbohydrates, which is crucial for energy production in cells.",2026-09-14 11:54:17
SCI_EN_0137,English,Science,"Human Nutrition, Vitamins, Minerals & Diseases",Easy,Which of the following minerals is important for bone health and is also involved in the regulation of parathyroid hormone?,Calcium,Potassium,Magnesium,Sodium,A,Calcium,Calcium is essential for bone structure and plays a role in the function of the parathyroid gland.,"Calcium is a key component of bone structure and is also involved in the regulation of parathyroid hormone, which helps maintain calcium levels in the blood.",2026-09-14 11:54:17
SCI_EN_0138,English,Science,"Botany, Plant Physiology & Photosynthesis",Medium,"In the light-dependent reactions of photosynthesis, which pigment primarily absorbs blue and red light?",Chlorophyll b,Carotenoids,Chlorophyll a,Phycocyanin,C,Chlorophyll a,Chlorophyll a is the primary pigment that absorbs light for the light-dependent reactions of photosynthesis.,"Chlorophyll a is crucial for photosynthesis as it directly participates in the light reactions, using absorbed light energy to generate ATP and NADPH.",2026-09-14 11:54:38
SCI_EN_0139,English,Science,"Botany, Plant Physiology & Photosynthesis",Medium,Which of the following best describes the role of the Calvin cycle in photosynthesis?,It captures light energy and converts it into chemical energy.,It produces glucose from carbon dioxide and water.,It splits water molecules to release oxygen.,It generates ATP and NADPH.,B,It produces glucose from carbon dioxide and water.,"The Calvin cycle is responsible for carbon fixation, converting CO2 into glucose.","The Calvin cycle uses ATP and NADPH produced in the light-dependent reactions to convert CO2 into glucose, which is used by the plant for energy and growth.",2026-09-14 11:54:38
SCI_EN_0140,English,Science,"Botany, Plant Physiology & Photosynthesis",Medium,Which environmental factor has the most significant effect on the rate of photosynthesis in plants?,Temperature,Water availability,Light intensity,CO2 concentration,C,Light intensity,Light intensity is a key environmental factor that directly affects the rate of photosynthesis.,"Photosynthesis rates increase with light intensity up to a certain point, after which the rate levels off due to other limiting factors such as enzyme availability and substrate concentration.",2026-09-14 11:54:38
SCI_EN_0141,English,Science,"Botany, Plant Physiology & Photosynthesis",Medium,"During photosynthesis, what is the role of NADP+?",It acts as a primary electron donor.,It acts as a primary electron acceptor.,It is used to split water molecules.,It is used to reduce NADP+ to NADPH.,D,It is used to reduce NADP+ to NADPH.,NADP+ is reduced to NADPH during the light-dependent reactions of photosynthesis.,"NADP+ is a crucial electron carrier that is reduced to NADPH during the light-dependent reactions, providing the reducing power needed for carbon fixation in the Calvin cycle.",2026-09-14 11:54:38
SCI_EN_0142,English,Science,"Botany, Plant Physiology & Photosynthesis",Medium,Which of the following best describes the concept of photoprotectants in plants?,They are enzymes that catalyze the light reactions.,They are pigments that protect plants from excessive light.,They are proteins that fix carbon dioxide.,They are hormones that regulate plant growth.,B,They are pigments that protect plants from excessive light.,Photoprotectants protect plants from the damaging effects of excessive light by absorbing excess energy.,"Carotenoids and other photoprotectants absorb excess light energy to prevent damage to the photosynthetic apparatus, ensuring that the light energy is used efficiently.",2026-09-14 11:54:38
SCI_EN_0143,English,Science,"Botany, Plant Physiology & Photosynthesis",Medium,Which of the following is NOT a function of the thylakoid membrane in photosynthesis?,Holding the light-absorbing pigments.,Producing ATP.,Producing glucose.,Generating NADPH.,C,Producing glucose.,"Glucose is produced in the stroma, not in the thylakoid membrane.","The thylakoid membrane is involved in the light-dependent reactions, producing ATP and NADPH. Glucose is synthesized in the Calvin cycle, which occurs in the stroma of the chloroplasts.",2026-09-14 11:54:38
SCI_EN_0144,English,Science,"Botany, Plant Physiology & Photosynthesis",Medium,What is the primary reason for the necessity of water in photosynthesis?,Water acts as a solvent for photosynthetic pigments.,Water is a substrate in the Calvin cycle.,Water is used to produce ATP.,Water is necessary for the splitting of water molecules to release oxygen.,D,Water is necessary for the splitting of water molecules to release oxygen.,"Water is essential for the light-dependent reactions, where it is split to release oxygen.","During the light-dependent reactions, water molecules are split to produce oxygen, protons, and electrons, which are used in the synthesis of ATP and NADPH.",2026-09-14 11:54:38
SCI_EN_0145,English,Science,"Botany, Plant Physiology & Photosynthesis",Medium,Which of the following is a key factor that can limit the rate of photosynthesis in a high-light environment?,Low light intensity,High temperature,Excess water,Excess carbon dioxide,B,High temperature,High temperature can denature enzymes and inhibit the function of photosynthetic pigments.,"High temperatures can denature enzymes involved in photosynthesis and affect the function of photosynthetic pigments, thus limiting the rate of photosynthesis.",2026-09-14 11:54:38
SCI_EN_0146,English,Science,"Botany, Plant Physiology & Photosynthesis",Medium,Which of the following is NOT a product of the light-dependent reactions of photosynthesis?,Oxygen,ATP,NADPH,Glucose,D,Glucose,"Glucose is produced in the Calvin cycle, not in the light-dependent reactions.","The light-dependent reactions produce ATP and NADPH, which are used in the Calvin cycle to produce glucose. Oxygen is released as a byproduct of water splitting during the light-dependent reactions.",2026-09-14 11:54:38
SCI_EN_0147,English,Science,"Ecology, Ecosystems & Conservation",Hard,"In a marine ecosystem, which of the following would most likely serve as a keystone species, significantly influencing the structure of the ecosystem?","A small, plankton-eating fish","A large, predatory shark",A coral polyp,A type of algae,B,"A large, predatory shark","A large, predatory shark, by controlling populations of other species, can maintain biodiversity and ecosystem health.","Predatory sharks play a crucial role in regulating prey populations, which can affect the entire food web. Their presence prevents any one species from dominating, thus maintaining a balanced and diverse ecosystem.",2026-09-14 11:55:06
SCI_EN_0148,English,Science,"Ecology, Ecosystems & Conservation",Hard,Which of the following best explains the concept of trophic cascades in an ecosystem?,The movement of organisms from one trophic level to another,The decline in primary producers when secondary consumers are removed,The increase in biomass at higher trophic levels due to the energy stored in lower levels,The effect of top predators on prey species and subsequent lower trophic levels,D,The effect of top predators on prey species and subsequent lower trophic levels,"Trophic cascades describe how the removal of a top predator can lead to a series of changes throughout the ecosystem, affecting lower trophic levels.","When a top predator is removed, prey populations may increase, leading to overgrazing and a decline in primary producers. This can have far-reaching effects, impacting the entire ecosystem's structure and function.",2026-09-14 11:55:06
SCI_EN_0149,English,Science,"Ecology, Ecosystems & Conservation",Hard,Which of the following best describes the role of invasive species in ecosystem disruption?,"Invasive species are typically outcompeted by native species, causing minimal disruption.",Invasive species usually have a beneficial impact on ecosystem balance.,"Invasive species often outcompete native species, leading to a loss of biodiversity.",Invasive species are generally easier to control and manage than native species.,C,"Invasive species often outcompete native species, leading to a loss of biodiversity.","Invasive species can displace native species, leading to a decrease in biodiversity and potential disruption of ecosystem processes.","Invasive species often have no natural predators in their new environment, allowing them to outcompete native species for resources. This can lead to a decline in native species diversity and alter the overall ecosystem dynamics.",2026-09-14 11:55:06
SCI_EN_0150,English,Science,"Ecology, Ecosystems & Conservation",Hard,Which of the following best explains the concept of a biocultural approach to conservation?,Conservation efforts should focus solely on the genetic diversity of species.,Conservation should prioritize the protection of habitats over the cultural practices of local communities.,Conservation strategies should integrate traditional knowledge and practices with scientific approaches to protect both biodiversity and cultural heritage.,Conservation efforts are most effective when they disregard the cultural context of local communities.,C,Conservation strategies should integrate traditional knowledge and practices with scientific approaches to protect both biodiversity and cultural heritage.,"A biocultural approach recognizes the interdependence of biological and cultural diversity, advocating for holistic conservation strategies that respect local knowledge and practices.",This approach acknowledges that local communities often have extensive knowledge about their environment and can play a crucial role in sustainable conservation efforts. Integrating this knowledge with scientific methods can lead to more effective and culturally sensitive conservation outcomes.,2026-09-14 11:55:06
SCI_EN_0151,English,Science,"Ecology, Ecosystems & Conservation",Hard,Which of the following best describes the concept of a keystone disturbance in an ecosystem?,A disturbance that occurs too frequently and disrupts the ecosystem's natural balance.,A disturbance that only affects a single species within the ecosystem.,A disturbance that has minimal impact on the overall structure and function of the ecosystem.,"A disturbance that, despite its intensity, has a disproportionate effect on the ecosystem's structure and function.",D,"A disturbance that, despite its intensity, has a disproportionate effect on the ecosystem's structure and function.","A keystone disturbance is one that, despite its intensity, has a significant impact on the ecosystem's structure and function, often influencing the dynamics of multiple species.","Keystone disturbances, such as a major wildfire or a severe flood, can dramatically alter the landscape and ecosystem, affecting the survival and distribution of species. These disturbances can trigger shifts in ecosystem structure and function, sometimes leading to the dominance of certain species and the decline of others.",2026-09-14 11:55:06
SCI_EN_0152,English,Science,"Ecology, Ecosystems & Conservation",Hard,Which of the following best describes the concept of habitat fragmentation in the context of conservation biology?,The intentional creation of new habitats to support endangered species.,The process of connecting isolated habitats to enhance species movement and gene flow.,"The division of a habitat into smaller, isolated areas, often resulting in decreased biodiversity and increased risk of local extinction.","The practice of preserving large, undisturbed areas of land to protect biodiversity.",C,"The division of a habitat into smaller, isolated areas, often resulting in decreased biodiversity and increased risk of local extinction.","Habitat fragmentation leads to smaller, isolated patches of habitat that can reduce biodiversity and increase the risk of extinction for species dependent on that habitat.","Fragmentation can disrupt the movement of species, limit gene flow, and reduce the availability of resources, all of which can lead to declines in species diversity and increased vulnerability to local extinction events.",2026-09-14 11:55:06
SCI_EN_0153,English,Science,"Ecology, Ecosystems & Conservation",Hard,Which of the following best describes the concept of ecosystem services in relation to human well-being?,"The economic value of goods and services derived from the natural environment, such as timber and water purification.","The total value of all living organisms in an ecosystem, including plants, animals, and microorganisms.","The regulatory functions of ecosystems, such as the maintenance of air quality and soil fertility.","The aesthetic and recreational values that humans derive from nature, such as hiking and bird-watching.",A,"The economic value of goods and services derived from the natural environment, such as timber and water purification.","Ecosystem services refer to the benefits that humans receive from ecosystems, which can be quantified in economic terms.","Ecosystem services include provisioning services (like food and water), regulating services (such as climate regulation and disease control), supporting services (like nutrient cycling), and cultural services (like recreation and cultural identity). Understanding and valuing these services helps in making informed decisions about conservation and management of natural resources.",2026-09-14 11:55:06
SCI_EN_0154,English,Science,"Ecology, Ecosystems & Conservation",Hard,Which of the following best describes the concept of species invasiveness and its impact on ecosystems?,Species invasiveness is determined solely by their native range and cannot be predicted by other factors.,Invasive species are always harmful and should be eradicated from all ecosystems.,"Invasiveness is a complex trait that can be influenced by a species' characteristics, environmental conditions, and interactions with native species.",Invasive species are not a significant concern in ecosystems as they are typically outcompeted by native species.,C,"Invasiveness is a complex trait that can be influenced by a species' characteristics, environmental conditions, and interactions with native species.","Invasiveness is a multifaceted concept that depends on a combination of a species' traits, the environment, and its interactions with native species.","A species' invasiveness can be influenced by various factors, such as its reproductive rate, dispersal ability, and the presence of natural enemies. Understanding these factors can help predict and manage the impact of invasive species on ecosystems, informing effective conservation strategies.",2026-09-14 11:55:06
SCI_EN_0155,English,Science,"Ecology, Ecosystems & Conservation",Hard,Which of the following best describes the concept of ecological resilience in the context of conservation biology?,"The capacity of an ecosystem to remain stable despite disturbances, without changing its structure and function.",The ability of a species to adapt to rapid environmental changes and maintain its population size.,The rate at which an ecosystem returns to its original state after a disturbance.,The degree to which an ecosystem can resist and recover from disturbances while maintaining its structure and function.,D,The degree to which an ecosystem can resist and recover from disturbances while maintaining its structure and function.,Ecological resilience measures an ecosystem's ability to withstand and recover from disturbances without significant changes in its structure and function.,Ecological resilience is crucial for assessing the health and stability of ecosystems. Understanding resilience helps in developing strategies to protect ecosystems from environmental stressors and promote their recovery after disturbances.,2026-09-14 11:55:06
SCI_EN_0156,English,Science,"Astronomy, Stars, Planets & Space Missions",Easy,What is the primary function of a solar sail in space missions?,To collect sunlight for energy,To provide propulsion using solar radiation pressure,To shield the spacecraft from cosmic rays,To communicate with Earth,B,To provide propulsion using solar radiation pressure,Solar sails use the pressure of sunlight to propel a spacecraft.,"Solar sails use the pressure of sunlight to accelerate a spacecraft, providing a continuous and gentle force that can be used for long-distance travel.",2026-09-14 11:55:27
SCI_EN_0157,English,Science,"Astronomy, Stars, Planets & Space Missions",Easy,Which planet has the most moons in our solar system?,Mars,Jupiter,Neptune,Saturn,D,Saturn,"Saturn has the most moons in the solar system, with over 82 confirmed moons.",Saturn's numerous moons are a result of its strong gravitational field and the conditions in its surrounding ring system.,2026-09-14 11:55:27
SCI_EN_0158,English,Science,"Astronomy, Stars, Planets & Space Missions",Easy,What is the name of the star at the center of our solar system?,Sirius,Alpha Centauri,Rigel,The Sun,D,The Sun,The Sun is the star that provides light and energy to the Earth and the other planets in the solar system.,"The Sun is a G-type main-sequence star, also known as a G dwarf, and is the closest star to Earth.",2026-09-14 11:55:27
SCI_EN_0159,English,Science,"Astronomy, Stars, Planets & Space Missions",Easy,Which of the following is a type of asteroid?,Comet,Meteor,Ceres,Mars,C,Ceres,Ceres is a dwarf planet and the largest object in the asteroid belt.,"Ceres, discovered in 1801, is the largest body in the asteroid belt and was reclassified as a dwarf planet in 2006.",2026-09-14 11:55:27
SCI_EN_0160,English,Science,"Astronomy, Stars, Planets & Space Missions",Easy,What is the largest planet in our solar system?,Venus,Earth,Mars,Jupiter,D,Jupiter,"Jupiter is the largest planet in our solar system, with a diameter about 11 times that of Earth.","Jupiter is known for its massive size, strong gravitational pull, and prominent Great Red Spot, a giant storm larger than Earth.",2026-09-14 11:55:27
SCI_EN_0161,English,Science,"Astronomy, Stars, Planets & Space Missions",Easy,Which of the following space missions was the first to land on the Moon?,Apollo 11,Viking 1,Mariner 4,Luna 2,D,Luna 2,Luna 2 was the first human-made object to reach the Moon and impact its surface.,"Luna 2, launched by the Soviet Union, was the first spacecraft to impact the Moon on September 14, 1959.",2026-09-14 11:55:27
SCI_EN_0162,English,Science,"Astronomy, Stars, Planets & Space Missions",Easy,What is the term for the apparent path that the Sun appears to follow across the sky over the course of a year?,Ecliptic,Celestial sphere,Zenith,Equator,A,Ecliptic,The ecliptic is the apparent path of the Sun on the celestial sphere over the course of a year.,"The ecliptic is an imaginary line that represents the plane of Earth's orbit around the Sun, which is used in celestial navigation and astronomy.",2026-09-14 11:55:27
SCI_EN_0163,English,Science,"Astronomy, Stars, Planets & Space Missions",Easy,Which of the following is a known exoplanet around the star TRAPPIST-1?,Mars,Saturn,TRAPPIST-1b,Jupiter,C,TRAPPIST-1b,TRAPPIST-1b is one of the seven Earth-sized planets discovered orbiting the star TRAPPIST-1.,"TRAPPIST-1b is the innermost of the seven planets discovered around the star TRAPPIST-1 in 2017, known for its potential to have liquid water on its surface.",2026-09-14 11:55:27
SCI_EN_0164,English,Science,"Astronomy, Stars, Planets & Space Missions",Easy,What is the process by which stars convert hydrogen into helium called?,Fission,Nuclear fusion,Radioactive decay,Combustion,B,Nuclear fusion,Nuclear fusion is the process by which stars generate energy by combining hydrogen nuclei into helium.,"In the core of stars, hydrogen nuclei collide and fuse to form helium, releasing a vast amount of energy in the process.",2026-09-14 11:55:27
SCI_EN_0165,English,Science,"Classical Mechanics, Forces & Laws of Motion",Medium,A 2 kg object is acted upon by two forces: 5 N to the east and 3 N to the west. What is the net force acting on the object?,2 N to the east,2 N to the west,8 N to the east,8 N to the west,A,2 N to the east,The net force is the vector sum of the individual forces.,The forces in the east (5 N) and west (3 N) directions are subtracted. 5 N - 3 N = 2 N to the east.,2026-09-14 11:55:50
SCI_EN_0166,English,Science,"Classical Mechanics, Forces & Laws of Motion",Medium,"According to Newton's Second Law of Motion, if a 5 kg object experiences a net force of 10 N, what is its acceleration?",0.5 m/s²,2 m/s²,5 m/s²,15 m/s²,B,2 m/s²,Acceleration is directly proportional to the net force and inversely proportional to the mass.,"Using F = ma, we get a = F/m = 10 N / 5 kg = 2 m/s².",2026-09-14 11:55:50
SCI_EN_0167,English,Science,"Classical Mechanics, Forces & Laws of Motion",Medium,"A ball is thrown vertically upwards with an initial velocity of 20 m/s. Ignoring air resistance, what is the maximum height reached by the ball?",10 m,20 m,40 m,60 m,C,40 m,"The maximum height can be calculated using the formula h = (v² / 2g), where v is the initial velocity and g is the acceleration due to gravity.","Using the formula h = (v² / 2g) = (20² / (2 * 9.8)) = 40 m, where g = 9.8 m/s².",2026-09-14 11:55:50
SCI_EN_0168,English,Science,"Classical Mechanics, Forces & Laws of Motion",Medium,A block is sliding on a frictionless horizontal surface. A constant force is applied to the block. Which of the following is true about the block's motion?,It will stop after some time.,It will move with constant speed.,It will accelerate but eventually stop.,It will accelerate continuously.,D,It will accelerate continuously.,"According to Newton's Second Law, a constant force results in a constant acceleration.","Since the surface is frictionless, no external force will stop the block. The block will continue to accelerate as long as the force is applied.",2026-09-14 11:55:50
SCI_EN_0169,English,Science,"Classical Mechanics, Forces & Laws of Motion",Medium,"If a car travels with a constant velocity, which of the following forces is acting on it?",Only the gravitational force.,Only the frictional force.,No net force.,The net force is equal to the applied force.,C,No net force.,A constant velocity implies that the net force is zero.,"According to Newton's First Law, if the velocity is constant, the net force acting on the car must be zero.",2026-09-14 11:55:50
SCI_EN_0170,English,Science,"Classical Mechanics, Forces & Laws of Motion",Medium,A 10 kg object is hanging from a string attached to the ceiling. What is the tension in the string?,0 N,10 N,100 N,98 N,D,98 N,The tension in the string is equal to the weight of the object.,"The weight of the object is given by mg, where m = 10 kg and g = 9.8 m/s². Therefore, T = 10 * 9.8 = 98 N.",2026-09-14 11:55:50
SCI_EN_0171,English,Science,"Classical Mechanics, Forces & Laws of Motion",Medium,A 3 kg block is at rest on a frictionless horizontal surface. A 4 N force is applied to the block for 2 seconds. What is the final velocity of the block?,0.5 m/s,2 m/s,4 m/s,6 m/s,B,2 m/s,"The final velocity can be calculated using the formula v = F * t / m, where F is the force, t is the time, and m is the mass.",Using v = (F * t) / m = (4 N * 2 s) / 3 kg = 2.67 m/s ≈ 2 m/s.,2026-09-14 11:55:50
SCI_EN_0172,English,Science,"Classical Mechanics, Forces & Laws of Motion",Medium,A car travels 100 meters in 10 seconds. What is the average speed of the car?,5 m/s,10 m/s,20 m/s,50 m/s,B,10 m/s,Average speed is the total distance divided by the total time.,Average speed = total distance / total time = 100 m / 10 s = 10 m/s.,2026-09-14 11:55:50
SCI_EN_0173,English,Science,"Classical Mechanics, Forces & Laws of Motion",Medium,A 5 kg block is pushed against a vertical wall with a force of 20 N. The block does not slide down. What is the normal force exerted by the wall on the block?,5 N,20 N,25 N,100 N,B,20 N,The normal force is equal to the applied force since the block is not moving.,"Since the block is not moving, the normal force exerted by the wall must balance the applied force of 20 N.",2026-09-14 11:55:50
SCI_EN_0174,English,Science,"Classical Mechanics, Forces & Laws of Motion",Medium,A 2 kg mass is attached to a spring with a spring constant of 100 N/m. What is the period of the resulting simple harmonic motion?,0.2 s,0.4 s,0.6 s,0.8 s,A,0.2 s,"The period of a mass-spring system is given by T = 2π√(m/k), where m is the mass and k is the spring constant.",Using T = 2π√(m/k) = 2π√(2/100) = 2π√(0.02) ≈ 0.2 s.,2026-09-14 11:55:50
SCI_EN_0175,English,Science,"Heat, Thermodynamics & States of Matter",Hard,"A sealed container of an ideal gas is heated from 300 K to 450 K. Assuming no change in volume, by what factor does the pressure increase?",1.5,1.0,2.0,0.5,A,1.5,The pressure increases by the ratio of the final temperature to the initial temperature due to the ideal gas law.,"According to the ideal gas law, PV=nRT, where P is pressure, V is volume, n is the number of moles, R is the gas constant, and T is temperature. Since the volume is constant, the pressure is directly proportional to temperature. The factor of increase is (450 K / 300 K) = 1.5.",2026-09-14 11:56:22
SCI_EN_0176,English,Science,"Heat, Thermodynamics & States of Matter",Hard,Which of the following statements is true regarding the entropy change in a phase transition from liquid to gas at the triple point of water?,The entropy change is zero.,The entropy change is positive.,The entropy change is negative.,The entropy change cannot be determined.,B,The entropy change is positive.,"Entropy is a measure of disorder, and the transition from liquid to gas increases disorder.","During a phase transition from liquid to gas, the molecules gain more kinetic energy and can occupy a larger volume, leading to an increase in entropy. The triple point is a unique condition where three phases coexist, but the entropy change during the transition is still positive.",2026-09-14 11:56:22
SCI_EN_0177,English,Science,"Heat, Thermodynamics & States of Matter",Hard,"A Carnot engine operates between two temperatures, T1 and T2, with T1 being the higher temperature. If T1 is doubled while T2 remains constant, by what factor does the efficiency of the engine change?",2,1,0.5,0.25,B,1,The efficiency of a Carnot engine is independent of the initial temperatures as long as the ratio T1/T2 remains the same.,"The efficiency of a Carnot engine is given by 1 - (T2/T1). If T1 is doubled, the efficiency becomes 1 - (T2/(2T1)). The ratio T1/T2 remains the same, so the efficiency does not change.",2026-09-14 11:56:22
SCI_EN_0178,English,Science,"Heat, Thermodynamics & States of Matter",Hard,A 1 kg block of ice at 0°C is completely melted into water at 0°C. How much heat is absorbed by the ice during this process?,334 kJ,33.4 kJ,3.34 kJ,0.334 kJ,A,334 kJ,"The heat of fusion for ice is 334 kJ/kg, which is the energy required to change the phase from solid to liquid without a change in temperature.","The heat absorbed by the ice to melt it is given by the heat of fusion, which is 334 kJ per kilogram. Therefore, for 1 kg of ice, the heat absorbed is 334 kJ.",2026-09-14 11:56:22
SCI_EN_0179,English,Science,"Heat, Thermodynamics & States of Matter",Hard,"In a reversible adiabatic process, the relationship between pressure (P) and volume (V) for an ideal gas is given by PV^γ = constant, where γ is the adiabatic index. For a monatomic ideal gas, what is the value of γ?",1.0,1.25,1.4,1.67,C,1.4,"The adiabatic index for a monatomic ideal gas is 1.4, which reflects the specific heat capacities at constant pressure and volume.","For a monatomic ideal gas, the adiabatic index γ is given by the ratio of the specific heat at constant pressure (Cp) to the specific heat at constant volume (Cv). For a monatomic gas, γ = 5/3 = 1.67 for a diatomic gas, and for a monatomic gas, it is 5/3 - 2/3 = 1.4.",2026-09-14 11:56:22
SCI_EN_0180,English,Science,"Heat, Thermodynamics & States of Matter",Hard,"A refrigerator operates between a cold reservoir at 273 K and a hot reservoir at 300 K. If the refrigerator absorbs 100 kJ of heat from the cold reservoir, what is the minimum work input required to achieve this?",20 kJ,30 kJ,40 kJ,50 kJ,B,30 kJ,"The coefficient of performance (COP) of a refrigerator is the ratio of the heat absorbed from the cold reservoir to the work input, and it is limited by the Carnot efficiency.","The COP of a refrigerator is given by COP = T_c / (T_h - T_c), where T_c is the temperature of the cold reservoir and T_h is the temperature of the hot reservoir. The minimum work input W = Q_c / COP, where Q_c is the heat absorbed from the cold reservoir. Plugging in the values, COP = 273 / (300 - 273) = 9.1, so W = 100 / 9.1 = 10.99, which is approximately 30 kJ.",2026-09-14 11:56:22
SCI_EN_0181,English,Science,"Heat, Thermodynamics & States of Matter",Hard,"Two identical containers of an ideal gas are separated by a thermally insulating wall. One container is at 300 K and the other at 400 K. After the wall is removed, what is the final temperature of the gas in both containers?",350 K,300 K,400 K,100 K,A,350 K,The final temperature is the average of the initial temperatures of the two containers because the system will reach thermal equilibrium.,"In an isolated system, the final temperature of the gas will be the average of the initial temperatures of the two containers due to the law of conservation of energy. The average temperature is (300 K + 400 K) / 2 = 350 K.",2026-09-14 11:56:22
SCI_EN_0182,English,Science,"Heat, Thermodynamics & States of Matter",Hard,"A 100 g block of ice at -10°C is added to 200 g of water at 20°C in an insulated container. Assuming no heat loss to the surroundings, what is the final temperature of the system when thermal equilibrium is reached?",0°C,5°C,10°C,15°C,A,0°C,The final temperature will be 0°C because the ice will absorb heat to melt and the water will release heat to the ice until thermal equilibrium is reached.,"Since the ice is at -10°C and the water is at 20°C, the ice will absorb heat to reach 0°C, melt, and then further absorb heat to reach the final equilibrium temperature. The water will release heat to the ice and will cool down. The final temperature will be 0°C because the ice will absorb enough heat to melt and the water will cool down to the freezing point of ice.",2026-09-14 11:56:22
SCI_EN_0183,English,Science,"Heat, Thermodynamics & States of Matter",Hard,"In a closed system, 200 J of heat is added to 1 mole of an ideal gas at a constant volume. If the molar heat capacity at constant volume (C_v) for the gas is 20 J/(mol·K), by how much does the temperature of the gas increase?",10 K,5 K,2 K,1 K,A,10 K,The temperature change is calculated by dividing the heat added by the molar heat capacity at constant volume.,"The temperature change ΔT is given by ΔT = Q / (n * C_v), where Q is the heat added, n is the number of moles, and C_v is the molar heat capacity at constant volume. Plugging in the values, ΔT = 200 J / (1 mol * 20 J/(mol·K)) = 10 K.",2026-09-14 11:56:22
SCI_EN_0184,English,Science,"Heat, Thermodynamics & States of Matter",Hard,"A 2 kg block of copper at 100°C is placed in a large insulated tank containing 5 kg of water at 20°C. Assuming no heat loss, what is the final temperature of the copper block and water after thermal equilibrium is reached?",20°C,25°C,30°C,35°C,B,25°C,"The final temperature is the weighted average of the initial temperatures of the copper and water, based on their specific heats and masses.","The final temperature is determined by the heat lost by the copper block and the heat gained by the water. The final temperature can be found using the equation m1 * c1 * (T1 - Tf) = m2 * c2 * (Tf - T2), where m1 and m2 are the masses, c1 and c2 are the specific heats, and T1 and T2 are the initial temperatures. Solving for Tf, we get Tf = (m1 * c1 * T1 + m2 * c2 * T2) / (m1 * c1 + m2 * c2). Plugging in the values, we find that the final temperature is approximately 25°C.",2026-09-14 11:56:22
SCI_EN_0185,English,Science,"Light, Optics, Reflection & Refraction",Easy,What happens when light strikes a perfectly reflective surface?,The light is absorbed by the surface.,The light is transmitted through the surface.,The light is scattered in all directions.,The light is reflected back in the same direction it came from.,D,The light is reflected back in the same direction it came from.,Perfect reflection means the light bounces off the surface without being absorbed or scattered.,"In a perfect mirror, all the incoming light rays are reflected at the same angle they arrived, maintaining their direction.",2026-09-14 11:56:45
SCI_EN_0186,English,Science,"Light, Optics, Reflection & Refraction",Easy,Which of the following best describes refraction?,The bending of light as it passes through a vacuum.,The change in speed of light as it passes from one medium to another.,The absorption of light by a medium.,The scattering of light in all directions.,B,The change in speed of light as it passes from one medium to another.,Refraction occurs due to the change in the speed of light when it enters a different medium.,"When light enters a medium with a different refractive index, its speed changes, causing it to bend, which is the phenomenon of refraction.",2026-09-14 11:56:45
SCI_EN_0187,English,Science,"Light, Optics, Reflection & Refraction",Easy,"If light is incident at an angle of 30 degrees to a mirror, what is the angle of reflection?",30 degrees,60 degrees,90 degrees,0 degrees,A,30 degrees,The angle of reflection is equal to the angle of incidence.,"According to the law of reflection, the angle at which light hits the surface (incidence) is equal to the angle at which it bounces off (reflection).",2026-09-14 11:56:45
SCI_EN_0188,English,Science,"Light, Optics, Reflection & Refraction",Easy,Which of the following is true about diffuse reflection?,"Light is reflected at a single, well-defined angle.",Light is scattered in many directions.,Light is transmitted through the surface.,Light is absorbed by the surface.,B,Light is scattered in many directions.,Diffuse reflection occurs when light is reflected in many directions from a rough surface.,"In diffuse reflection, light bounces off a rough surface in many directions, not in a single, well-defined angle as in specular reflection.",2026-09-14 11:56:45
SCI_EN_0189,English,Science,"Light, Optics, Reflection & Refraction",Easy,What is the minimum angle of incidence for total internal reflection to occur in water to air interface?,0 degrees,48.75 degrees,90 degrees,180 degrees,B,48.75 degrees,The critical angle for water to air is 48.75 degrees.,"Total internal reflection occurs when light travels from a medium with a higher refractive index to one with a lower refractive index, and the angle of incidence exceeds the critical angle.",2026-09-14 11:56:45
SCI_EN_0190,English,Science,"Light, Optics, Reflection & Refraction",Easy,Which of the following statements is true about a concave mirror?,It always forms a virtual image.,It always forms a real image.,It can form both real and virtual images depending on the object distance.,It does not form any images.,C,It can form both real and virtual images depending on the object distance.,A concave mirror can form both real and virtual images depending on the position of the object relative to the focal point.,"The type of image (real or virtual) formed by a concave mirror depends on the object's position. When the object is beyond the focal point, a real image is formed; when it is between the focal point and the mirror, a virtual image is formed.",2026-09-14 11:56:45
SCI_EN_0191,English,Science,"Light, Optics, Reflection & Refraction",Easy,What is the focal length of a converging lens when the object is placed at infinity?,0,The focal length of the lens,The radius of curvature of the lens,Infinite,B,The focal length of the lens,"When an object is placed at infinity, the image is formed at the focal point of the lens.","For a converging lens, when the object is at infinity, the image is formed at the focal point, which is the focal length of the lens.",2026-09-14 11:56:45
SCI_EN_0192,English,Science,"Light, Optics, Reflection & Refraction",Easy,Which of the following is an example of refraction?,A mirror reflecting a car behind you.,A pencil appearing bent when placed in a glass of water.,A shadow being cast by a tree.,A ball bouncing off a wall.,B,A pencil appearing bent when placed in a glass of water.,Refraction occurs when light passes from one medium to another and changes direction.,"When a pencil is placed in water, light from the pencil bends as it enters the water, making the pencil appear bent from the air side.",2026-09-14 11:56:45
SCI_EN_0193,English,Science,"Light, Optics, Reflection & Refraction",Easy,What is the primary factor that determines the focal length of a lens?,The color of the light,The shape of the lens,The material the lens is made of,The temperature of the lens,B,The shape of the lens,The shape of the lens is the primary factor that determines its focal length.,"The focal length of a lens is determined by its curvature and the material it is made of. The more curved the lens, the shorter its focal length.",2026-09-14 11:56:45
SCI_EN_0194,English,Science,"Light, Optics, Reflection & Refraction",Easy,Which of the following is true about a convex mirror?,It always forms a real image.,It always forms a virtual image.,It can form both real and virtual images depending on the object distance.,It does not form any images.,B,It always forms a virtual image.,A convex mirror always forms a virtual image of the object.,"A convex mirror always forms virtual, upright, and diminished images regardless of the object’s position.",2026-09-14 11:56:45
SCI_EN_0195,English,Science,"Sound, Acoustics & Wave Motion",Medium,What is the primary difference between longitudinal and transverse waves?,Longitudinal waves propagate faster than transverse waves.,"Longitudinal waves travel through solids only, while transverse waves travel through liquids and gases.","Longitudinal waves involve particle displacement parallel to the wave's direction, while transverse waves involve displacement perpendicular to the wave's direction.","Longitudinal waves can only be heard by humans, while transverse waves cannot.",C,"Longitudinal waves involve particle displacement parallel to the wave's direction, while transverse waves involve displacement perpendicular to the wave's direction.",This answer is correct because it accurately describes the nature of the two types of waves.,"Longitudinal waves, such as sound waves, involve particles oscillating back and forth in the same direction as the wave travels. Transverse waves, like light waves, involve particles oscillating perpendicular to the wave's direction of travel.",2026-09-14 11:57:12
SCI_EN_0196,English,Science,"Sound, Acoustics & Wave Motion",Medium,Which of the following is true about the speed of sound in air?,The speed of sound increases as the temperature decreases.,The speed of sound is independent of the frequency of the sound wave.,The speed of sound decreases as the humidity of the air increases.,The speed of sound is slower in solids than in gases.,B,The speed of sound is independent of the frequency of the sound wave.,"This answer is correct because the speed of sound in a medium is determined by the properties of the medium, not by the frequency of the wave.","The speed of sound in a medium depends on the medium's density and elasticity, not on the frequency of the sound wave. Frequency only affects the pitch of the sound.",2026-09-14 11:57:12
SCI_EN_0197,English,Science,"Sound, Acoustics & Wave Motion",Medium,What is the principle behind the operation of a speaker?,"It converts electrical energy into mechanical energy, producing sound waves.","It uses a magnetic field to produce light, which is then modulated to create sound.",It amplifies the sound using a microphone and a loudspeaker.,It converts sound waves directly into electrical energy.,A,"It converts electrical energy into mechanical energy, producing sound waves.",This answer is correct because a speaker operates by converting electrical signals into mechanical vibrations that produce sound waves.,"A speaker contains a coil of wire that moves back and forth when an electrical current passes through it. The movement of the coil produces vibrations, which are then transmitted to the air as sound waves.",2026-09-14 11:57:12
SCI_EN_0198,English,Science,"Sound, Acoustics & Wave Motion",Medium,What is the role of the ossicles in the ear?,They convert sound waves into electrical signals.,They amplify and transmit vibrations from the eardrum to the cochlea.,They detect the direction of sound sources.,They filter out low-frequency sounds.,B,They amplify and transmit vibrations from the eardrum to the cochlea.,This answer is correct because the ossicles play a crucial role in amplifying and transmitting sound vibrations to the inner ear.,"The ossicles, consisting of the malleus, incus, and stapes, form a mechanical system that amplifies the vibrations from the eardrum and transmits them to the cochlea, where they are converted into electrical signals.",2026-09-14 11:57:12
SCI_EN_0199,English,Science,"Sound, Acoustics & Wave Motion",Medium,Which of the following best describes the phenomenon of resonance?,It is the process by which sound waves are absorbed by a material.,It is the phenomenon where a material vibrates at its natural frequency when a driving force of the same frequency is applied.,It is the reduction of sound intensity when two waves interfere destructively.,It is the transfer of sound energy through a medium without any vibration.,B,It is the phenomenon where a material vibrates at its natural frequency when a driving force of the same frequency is applied.,This answer is correct because it accurately describes the concept of resonance.,"Resonance occurs when a system is driven by an external force at its natural frequency, causing it to vibrate with maximum amplitude. This phenomenon is observed in various contexts, including musical instruments and structural engineering.",2026-09-14 11:57:12
SCI_EN_0200,English,Science,"Sound, Acoustics & Wave Motion",Medium,What is the function of a megaphone in terms of wave motion?,It creates sound waves from an electrical source.,It amplifies sound waves by focusing them in a specific direction.,It changes the frequency of the sound waves.,It converts sound waves into light waves.,B,It amplifies sound waves by focusing them in a specific direction.,This answer is correct because a megaphone increases the volume and directionality of sound waves.,"A megaphone is designed to collect and amplify sound waves, directing them in a focused beam. This allows the user to project their voice over greater distances.",2026-09-14 11:57:12
SCI_EN_0201,English,Science,"Sound, Acoustics & Wave Motion",Medium,What is the Doppler effect?,It is the phenomenon where the frequency of a wave changes due to the motion of the source or the observer.,It is the decrease in sound intensity due to the interference of waves.,It is the reflection of sound waves off a hard surface.,It is the absorption of sound waves by a material.,A,It is the phenomenon where the frequency of a wave changes due to the motion of the source or the observer.,This answer is correct because it accurately describes the Doppler effect.,"The Doppler effect occurs when the frequency of a wave changes as the source and/or the observer moves relative to each other. This effect is observed in various phenomena, including the changing pitch of a siren as it approaches and then moves away from an observer.",2026-09-14 11:57:12
SCI_EN_0202,English,Science,"Sound, Acoustics & Wave Motion",Medium,What is the significance of the wavelength in the context of sound waves?,It determines the loudness of the sound.,It determines the pitch of the sound.,It determines the speed of the sound wave in air.,It determines the color of the sound wave.,B,It determines the pitch of the sound.,"This answer is correct because the wavelength of a sound wave is inversely related to its frequency, which determines the pitch of the sound.","The pitch of a sound is directly related to its frequency, which is the number of wave cycles per second. A higher frequency corresponds to a higher pitch, while a lower frequency corresponds to a lower pitch.",2026-09-14 11:57:12
SCI_EN_0203,English,Science,"Sound, Acoustics & Wave Motion",Medium,What is the role of the cochlea in the ear?,It converts sound waves into electrical signals.,It filters out different frequencies of sound.,It amplifies the sound waves.,It transmits the sound waves to the brain.,A,It converts sound waves into electrical signals.,This answer is correct because the cochlea plays a crucial role in converting mechanical vibrations into electrical impulses that the brain can interpret.,"The cochlea contains hair cells that convert the mechanical vibrations from the ossicles into electrical signals. These signals are then transmitted to the brain via the auditory nerve, allowing the brain to interpret the sound.",2026-09-14 11:57:12
SCI_EN_0204,English,Science,"Sound, Acoustics & Wave Motion",Medium,What is the purpose of a loudspeaker in a sound system?,It converts electrical signals into mechanical vibrations.,It amplifies the electrical signals.,It filters the incoming sound signals.,It converts mechanical vibrations into electrical signals.,A,It converts electrical signals into mechanical vibrations.,This answer is correct because a loudspeaker is responsible for converting the electrical signals from an amplifier into mechanical vibrations that produce sound waves.,"A loudspeaker contains a diaphragm that moves back and forth when an electrical current passes through it. The movement of the diaphragm produces vibrations, which are then transmitted to the air as sound waves.",2026-09-14 11:57:12
SCI_EN_0205,English,Science,"Electricity, Current & Magnetism",Hard,"In a transformer, if the number of turns in the secondary coil is greater than that in the primary coil, what is the nature of the voltage transformation?",The primary voltage is higher than the secondary voltage.,The primary voltage is equal to the secondary voltage.,The primary voltage is lower than the secondary voltage.,The relationship between the primary and secondary voltages cannot be determined.,C,The primary voltage is lower than the secondary voltage.,This is because the voltage is inversely proportional to the number of turns in the coil.,"In a transformer, the voltage transformation is directly proportional to the ratio of the turns in the secondary coil to the turns in the primary coil. When the secondary coil has more turns, it results in a higher voltage output.",2026-09-14 11:57:39
SCI_EN_0206,English,Science,"Electricity, Current & Magnetism",Hard,Which of the following statements is true regarding the magnetic field lines around a straight current-carrying conductor?,The field lines are parallel to the conductor.,The field lines form concentric circles around the conductor.,The field lines are random and do not form any specific pattern.,The field lines are perpendicular to the conductor at all points.,B,The field lines form concentric circles around the conductor.,This is a result of the right-hand rule for currents in conductors.,"According to Ampère's circuital law, the magnetic field lines form concentric circles around the conductor, with the direction determined by the right-hand rule: if you point the thumb of your right hand in the direction of the current, the curled fingers indicate the direction of the magnetic field.",2026-09-14 11:57:39
SCI_EN_0207,English,Science,"Electricity, Current & Magnetism",Hard,"In an alternating current (AC) circuit, what is the phase difference between the voltage and current in a purely inductive circuit?",0 degrees,90 degrees,180 degrees,270 degrees,B,90 degrees,This phase difference results from the inductive reactance of the circuit.,"In a purely inductive circuit, the current lags the voltage by 90 degrees because the inductor resists changes in current, causing a phase delay.",2026-09-14 11:57:39
SCI_EN_0208,English,Science,"Electricity, Current & Magnetism",Hard,What happens to the resistance of a superconductor when it is cooled below its critical temperature?,It increases significantly.,It remains constant.,It decreases slightly.,It becomes zero.,D,It becomes zero.,This is a defining characteristic of superconductors.,"At temperatures below the critical temperature, a superconductor exhibits zero electrical resistance, allowing current to flow without any energy loss.",2026-09-14 11:57:39
SCI_EN_0209,English,Science,"Electricity, Current & Magnetism",Hard,Which of the following best describes the Faraday's law of electromagnetic induction?,The voltage induced in a conductor is directly proportional to the resistance of the conductor.,The voltage induced in a conductor is directly proportional to the magnetic flux through the conductor.,The voltage induced in a conductor is directly proportional to the current flowing through the conductor.,The voltage induced in a conductor is directly proportional to the change in magnetic flux through the conductor.,D,The voltage induced in a conductor is directly proportional to the change in magnetic flux through the conductor.,This law relates the induced electromotive force (EMF) to the rate of change of magnetic flux.,"Faraday's law states that the induced EMF in a circuit is proportional to the rate of change of magnetic flux through the circuit. This means that a change in magnetic flux, whether due to a change in magnetic field or the area of the coil, will induce a voltage in the conductor.",2026-09-14 11:57:39
SCI_EN_0210,English,Science,"Electricity, Current & Magnetism",Hard,What is the relationship between the permeability (μ) and magnetic susceptibility (μr) of a material in terms of its magnetic field behavior?,μr = μ - 1,μr = μ + 1,μr = 1/μ,μr = μ - 1/μ,A,μr = μ - 1,This relationship defines the magnetic susceptibility in terms of the material's permeability.,"Magnetic susceptibility (μr) is defined as the ratio of the relative permeability (μ) of a material to the permeability of free space. Therefore, μr = μ - 1, where μ is the relative permeability of the material.",2026-09-14 11:57:39
SCI_EN_0211,English,Science,"Electricity, Current & Magnetism",Hard,"In a circuit containing a resistor, an inductor, and a capacitor in series, what happens to the current when the frequency of the AC source is increased, assuming the circuit is initially at resonance?",The current decreases significantly.,The current remains constant.,The current increases significantly.,The current fluctuates unpredictably.,A,The current decreases significantly.,This is due to the increased capacitive and inductive reactance at higher frequencies.,"At resonance, the circuit behaves ideally, but as the frequency increases, the capacitive and inductive reactances increase, reducing the overall current in the circuit. This is because the inductor and capacitor start to dominate the circuit's impedance, limiting the current flow.",2026-09-14 11:57:39
SCI_EN_0212,English,Science,"Electricity, Current & Magnetism",Hard,What is the effect of a magnetic field on a moving charged particle in the direction of the field?,The particle experiences a force perpendicular to the field and its velocity.,The particle experiences a force in the direction of the field.,The particle experiences a force in the direction opposite to the field.,The particle experiences no force.,D,The particle experiences no force.,This is due to the nature of the Lorentz force in the direction of the magnetic field.,"According to the Lorentz force law, a charged particle moving in a magnetic field experiences a force that is perpendicular to both the velocity of the particle and the magnetic field. When the velocity is parallel to the magnetic field, the force is zero, meaning the particle experiences no force.",2026-09-14 11:57:39
SCI_EN_0213,English,Science,"Electricity, Current & Magnetism",Hard,Which of the following materials is most likely to be used in the core of an electromagnet to increase its magnetic field strength?,Copper,Iron,Glass,Plastic,B,Iron,"Iron has high magnetic permeability, enhancing the magnetic field.","Iron is a ferromagnetic material with high magnetic permeability, meaning it can significantly increase the magnetic field strength when used in the core of an electromagnet. Copper, glass, and plastic are not magnetic and do not enhance the magnetic field.",2026-09-14 11:57:39
SCI_EN_0214,English,Science,"Electricity, Current & Magnetism",Hard,"In a full-wave rectifier circuit, what component is primarily responsible for ensuring that the output voltage is always positive, regardless of the input voltage polarity?",Resistor,Capacitor,Diode,Transformer,C,Diode,"Diodes allow current to flow in one direction only, thus rectifying the alternating current.","Diodes in a full-wave rectifier circuit are configured to conduct current in only one direction, effectively converting the alternating current (AC) input into a pulsating direct current (DC) output. This ensures that the output voltage is always positive, regardless of the input voltage polarity.",2026-09-14 11:57:39
SCI_EN_0215,English,Science,"Modern Physics, Atoms & Nuclear Energy",Easy,Which scientist proposed the nuclear model of the atom?,J. J. Thomson,Niels Bohr,Ernest Rutherford,Louis de Broglie,C,Ernest Rutherford,Ernest Rutherford's gold foil experiment led to the discovery of the atomic nucleus.,"Rutherford's experiment showed that atoms have a small, dense, positively charged nucleus surrounded by negatively charged electrons. This model replaced the plum pudding model proposed by J. J. Thomson.",2026-09-14 11:58:03
SCI_EN_0216,English,Science,"Modern Physics, Atoms & Nuclear Energy",Easy,What is the unit of radioactivity?,Ampere,Volt,Curie,Ohm,C,Curie,The Curie is a unit used to measure the activity of a radioactive substance.,"The Curie is defined as the activity of a quantity of a radioactive substance that decays at a rate of 37 billion decays per second, which was named after Marie and Pierre Curie for their work with radioactive materials.",2026-09-14 11:58:03
SCI_EN_0217,English,Science,"Modern Physics, Atoms & Nuclear Energy",Easy,What is the primary role of a moderator in a nuclear reactor?,To absorb neutrons and control the fission reaction,To convert nuclear energy into electrical energy,To produce fissionable material,To cool the reactor core,A,To absorb neutrons and control the fission reaction,"Moderators slow down neutrons, making them more likely to be captured by fissile nuclei, thus controlling the rate of the fission reaction.","Moderators like graphite, water, or heavy water are used to slow down fast neutrons, increasing the likelihood of them being captured by fissile nuclei and initiating more fissions, which helps control the reactor's output.",2026-09-14 11:58:03
SCI_EN_0218,English,Science,"Modern Physics, Atoms & Nuclear Energy",Easy,Which of the following best describes the concept of nuclear fission?,The spontaneous decay of a radioactive element into a more stable form,The splitting of a heavy nucleus into two or more lighter nuclei,The fusion of two light nuclei to form a heavier nucleus,The emission of alpha particles from a nucleus,B,The splitting of a heavy nucleus into two or more lighter nuclei,"Nuclear fission is the process where a heavy atomic nucleus splits into two or more smaller nuclei, releasing energy in the form of radiation and kinetic energy.","Fission is a fundamental process in nuclear reactors and atomic bombs. When a heavy nucleus absorbs a neutron, it can split into smaller nuclei, releasing a significant amount of energy and additional neutrons.",2026-09-14 11:58:03
SCI_EN_0219,English,Science,"Modern Physics, Atoms & Nuclear Energy",Easy,Which of the following particles is not involved in beta decay?,Electron,Proton,Neutrino,Antineutrino,B,Proton,"Protons do not participate in beta decay, which involves the conversion of a neutron into a proton, an electron, and an antineutrino.","During beta decay, a neutron in the nucleus is transformed into a proton, releasing an electron (beta particle) and an antineutrino. Protons, on the other hand, are not involved in this process.",2026-09-14 11:58:03
SCI_EN_0220,English,Science,"Modern Physics, Atoms & Nuclear Energy",Easy,What is the mass defect in nuclear physics?,The total mass of a nucleus,The difference between the mass of a nucleus and the sum of the masses of its constituent protons and neutrons,The mass of a single nucleon,The mass of the electron cloud around the nucleus,B,The difference between the mass of a nucleus and the sum of the masses of its constituent protons and neutrons,The mass defect is the amount of mass that is converted into energy to hold the nucleus together.,"The mass defect arises because the binding energy of the nucleus is released when nucleons come together to form a nucleus, resulting in a mass that is less than the sum of the individual masses of the free nucleons.",2026-09-14 11:58:03
SCI_EN_0221,English,Science,"Modern Physics, Atoms & Nuclear Energy",Easy,Which of the following is not a product of the alpha decay of a nucleus?,An alpha particle,A proton,A helium nucleus,Energy,B,A proton,"In alpha decay, a helium nucleus (alpha particle) is emitted, not a single proton.","During alpha decay, a nucleus with a high atomic number emits an alpha particle, which consists of two protons and two neutrons. It does not emit a single proton.",2026-09-14 11:58:03
SCI_EN_0222,English,Science,"Modern Physics, Atoms & Nuclear Energy",Easy,What is the primary purpose of a shielding material in nuclear physics?,To generate heat,To protect against radiation,To produce electricity,To absorb gamma rays,B,To protect against radiation,Shielding materials are used to reduce the intensity of radiation that can reach a person or equipment.,"Materials like lead, concrete, or water are used as shielding to block or reduce the amount of radiation that can pass through them, thereby protecting people and equipment from harmful radiation exposure.",2026-09-14 11:58:03
SCI_EN_0223,English,Science,"Modern Physics, Atoms & Nuclear Energy",Easy,What is the term used to describe the energy released during the conversion of mass into energy in a nuclear reaction?,Potential energy,Kinetic energy,Binding energy,Nuclear energy,C,Binding energy,Binding energy is the energy released when nucleons come together to form a nucleus.,"In nuclear reactions, the mass of the reactants is slightly greater than the mass of the products, and the difference in mass is converted into energy, which is the binding energy. This energy is released in the form of gamma rays or other particles.",2026-09-14 11:58:03
SCI_EN_0224,English,Science,"Modern Physics, Atoms & Nuclear Energy",Easy,What is the SI unit of nuclear binding energy per nucleon?,Joule,Kilowatt,Electronvolt,Watt,C,Electronvolt,Binding energy per nucleon is often expressed in electronvolts (eV).,"The binding energy per nucleon is a measure of the stability of a nucleus and is typically expressed in electronvolts (eV). This unit is commonly used because the energy released in nuclear reactions is small compared to macroscopic energies, making eV more practical for such calculations.",2026-09-14 11:58:03
SCI_EN_0225,English,Science,"Atomic Structure, Molecules & Chemical Bonding",Medium,Which type of chemical bond involves the sharing of electrons between atoms?,Ionic bond,Metallic bond,Covalent bond,Hydrogen bond,C,Covalent bond,"Covalent bonds involve the sharing of electrons, which is common in molecules where nonmetals bond with each other.","In covalent bonds, atoms share electrons to achieve a stable electron configuration, forming molecules. This type of bonding is essential for understanding the structure of organic molecules and most compounds.",2026-09-14 11:58:31
SCI_EN_0226,English,Science,"Atomic Structure, Molecules & Chemical Bonding",Medium,What is the primary difference between ionic and covalent bonds?,"Ionic bonds involve the transfer of electrons, while covalent bonds do not.","Covalent bonds involve the transfer of electrons, while ionic bonds do not.",Ionic bonds are stronger than covalent bonds.,Covalent bonds are stronger than ionic bonds.,A,"Ionic bonds involve the transfer of electrons, while covalent bonds do not.","Ionic bonds involve the complete transfer of electrons between atoms, creating oppositely charged ions, while covalent bonds involve the sharing of electrons.","Ionic bonds are typically found between metals and nonmetals, leading to the formation of ions, whereas covalent bonds are usually between nonmetals, leading to the sharing of electrons to achieve stable electron configurations.",2026-09-14 11:58:31
SCI_EN_0227,English,Science,"Atomic Structure, Molecules & Chemical Bonding",Medium,Which of the following best describes a molecule?,A single atom of an element.,Two or more atoms of the same element bonded together.,Two or more atoms of different elements bonded together.,A free electron.,C,Two or more atoms of different elements bonded together.,"A molecule is a group of two or more atoms bonded together, which can consist of atoms of the same or different elements.","Molecules represent the smallest fundamental unit of a chemical compound that retains the chemical properties of that compound. They can be composed of identical atoms (molecular compounds) or different atoms (molecular compounds), depending on the elements involved.",2026-09-14 11:58:31
SCI_EN_0228,English,Science,"Atomic Structure, Molecules & Chemical Bonding",Medium,Which statement best describes the concept of valence electrons?,Electrons that are involved in chemical bonding and determine the atom's chemical properties.,Electrons that are not involved in chemical bonding.,Electrons that are in the innermost shell.,Electrons that are in the outermost shell and can be easily removed.,A,Electrons that are involved in chemical bonding and determine the atom's chemical properties.,Valence electrons are the electrons in the outermost shell of an atom that participate in chemical bonding and influence the atom’s reactivity and bonding behavior.,"Valence electrons play a crucial role in determining an atom's chemical behavior. They are the electrons that are most likely to be involved in chemical reactions, either by being shared, transferred, or gained or lost to form ionic or covalent bonds.",2026-09-14 11:58:31
SCI_EN_0229,English,Science,"Atomic Structure, Molecules & Chemical Bonding",Medium,What is the role of a Lewis dot structure in representing a molecule?,It shows the three-dimensional shape of the molecule.,It depicts the relative positions of atoms and the shared or unshared pairs of electrons.,It represents the molecular weight of the compound.,It illustrates the nuclear structure of the atoms.,B,It depicts the relative positions of atoms and the shared or unshared pairs of electrons.,A Lewis dot structure shows the arrangement of valence electrons around atoms and indicates the potential for bonding in a molecule.,"Lewis dot structures are valuable tools in predicting the structure and bonding of molecules, allowing chemists to understand the electron distribution and potential for covalent bonding, which is crucial for understanding molecular structure and reactivity.",2026-09-14 11:58:31
SCI_EN_0230,English,Science,"Atomic Structure, Molecules & Chemical Bonding",Medium,Which of the following best describes a diatomic molecule?,A molecule consisting of a single atom.,A molecule consisting of two atoms of the same element.,A molecule consisting of two atoms of different elements.,A molecule consisting of more than two atoms.,B,A molecule consisting of two atoms of the same element.,"Diatomic molecules are those composed of two atoms of the same element, often representing the simplest form of a stable molecule.","Examples of diatomic molecules include hydrogen (H₂), oxygen (O₂), nitrogen (N₂), and chlorine (Cl₂). These molecules are fundamental in understanding the composition of many gases and the behavior of elements in their elemental state.",2026-09-14 11:58:31
SCI_EN_0231,English,Science,"Atomic Structure, Molecules & Chemical Bonding",Medium,Which of the following best describes the concept of an electron dot diagram?,A diagram showing the electron cloud around an atom.,A diagram showing the electron configuration of an atom or molecule.,A diagram showing the ionic structure of a compound.,A diagram showing the molecular shape of a molecule.,B,A diagram showing the electron configuration of an atom or molecule.,"An electron dot diagram, or Lewis dot structure, visually represents the valence electrons of an atom or molecule.","These diagrams are useful for understanding chemical bonding and the distribution of electrons in molecules, providing insights into the potential for forming covalent or ionic bonds between atoms.",2026-09-14 11:58:31
SCI_EN_0232,English,Science,"Atomic Structure, Molecules & Chemical Bonding",Medium,Which of the following is true about the octet rule in chemical bonding?,It states that atoms will gain or lose electrons to achieve a full outer shell of 8 electrons.,It states that atoms will share electrons to achieve a full outer shell of 8 electrons.,It states that atoms will share or gain/lose electrons to achieve a full outer shell of 8 electrons.,It states that atoms will always have 8 electrons in their outer shell.,C,It states that atoms will share or gain/lose electrons to achieve a full outer shell of 8 electrons.,"The octet rule suggests that atoms tend to gain, lose, or share electrons to achieve a stable electron configuration, usually involving 8 electrons in the outer shell.","This rule helps explain the formation of chemical bonds and the structure of molecules. It is based on the observation that most elements, especially those in the second and third periods of the periodic table, tend to form bonds that result in a full outer shell of electrons, which is a more stable configuration.",2026-09-14 11:58:31
SCI_EN_0233,English,Science,"Atomic Structure, Molecules & Chemical Bonding",Medium,Which of the following best describes the concept of a resonance structure?,A structure that shows the exact positions of all atoms in a molecule.,A structure that represents the delocalization of electrons among atoms in a molecule.,A structure that indicates the ionic nature of a molecule.,A structure that shows the electron configuration of an atom in a molecule.,B,A structure that represents the delocalization of electrons among atoms in a molecule.,"Resonance structures are used to describe the distribution of electrons in molecules where delocalization occurs, providing a more accurate representation of the molecule’s true structure.","Resonance structures are essential in understanding the true structure of molecules with delocalized electrons, such as aromatic compounds, as they can better represent the stability of the molecule by showing the possible arrangements of electrons that contribute to its overall stability.",2026-09-14 11:58:31
SCI_EN_0234,English,Science,"Atomic Structure, Molecules & Chemical Bonding",Medium,Which of the following best describes the concept of electronegativity?,The ability of an atom to donate electrons to form positive ions.,The ability of an atom to attract electrons in a chemical bond.,The ability of an atom to repel electrons in a chemical bond.,The ability of an atom to lose electrons to form negative ions.,B,The ability of an atom to attract electrons in a chemical bond.,Electronegativity is a measure of an atom's ability to attract electrons towards itself in a chemical bond.,"Electronegativity differences between atoms in a bond can lead to polar bonds, where one atom has a stronger pull on the shared electrons, affecting the bond's polarity and the molecule's overall properties.",2026-09-14 11:58:31
SCI_EN_0235,English,Science,"Periodic Table, Metals & Non-metals",Hard,Which of the following statements is true regarding the metallic character of an element in the periodic table?,It decreases from left to right within a period and increases from top to bottom within a group.,It increases from left to right within a period and decreases from top to bottom within a group.,It decreases from left to right within a period and decreases from top to bottom within a group.,It increases from left to right within a period and increases from top to bottom within a group.,A,It decreases from left to right within a period and increases from top to bottom within a group.,"The metallic character of an element is highest in the leftmost elements and lowest in the rightmost elements within a group, and highest at the bottom of a group and lowest at the top.","Metallic character is determined by the ease with which an element can lose electrons. Elements in the left side of the periodic table, and the bottom of a group, have a lower positive charge on their valence electrons, making them more likely to lose electrons and thus exhibit greater metallic character.",2026-09-14 11:58:56
SCI_EN_0236,English,Science,"Periodic Table, Metals & Non-metals",Hard,Which of the following elements is most likely to form a +3 ion?,Sodium (Na),Aluminum (Al),Potassium (K),Magnesium (Mg),B,Aluminum (Al),"Aluminum has three valence electrons, making it likely to lose three electrons to form an Al^3+ ion.","Aluminum is in group 13 and typically loses its three valence electrons to achieve a stable electron configuration, forming a +3 ion.",2026-09-14 11:58:56
SCI_EN_0237,English,Science,"Periodic Table, Metals & Non-metals",Hard,Which of the following best describes the position of the transition metals in the periodic table?,They are located in the s-block.,They are located in the p-block.,They are located in the d-block.,They are located in the f-block.,C,They are located in the d-block.,"Transition metals occupy the d-block of the periodic table, which includes elements with partially filled d-orbitals.","Transition metals are characterized by the filling of d-orbitals, which occurs between the s and p block elements, placing them in the d-block of the periodic table.",2026-09-14 11:58:56
SCI_EN_0238,English,Science,"Periodic Table, Metals & Non-metals",Hard,Which of the following elements is most likely to exhibit non-metallic properties?,Sodium (Na),Chlorine (Cl),Calcium (Ca),Iron (Fe),B,Chlorine (Cl),"Chlorine has a high electronegativity and is located in the halogen group, which are non-metallic elements.","Chlorine is in group 17 of the periodic table and has a high electronegativity, meaning it readily attracts electrons and is characterized by non-metallic properties such as forming covalent bonds and having high ionization energy.",2026-09-14 11:58:56
SCI_EN_0239,English,Science,"Periodic Table, Metals & Non-metals",Hard,Which of the following statements is true regarding the electronic configuration of transition metals?,The 4s electrons are always filled before the 3d electrons.,The 3d electrons are always filled before the 4s electrons.,The 4s and 3d electrons are always filled simultaneously.,The 4s and 3d electrons are filled in a way that depends on the specific element.,D,The 4s and 3d electrons are filled in a way that depends on the specific element.,"The filling order of 4s and 3d electrons varies among transition metals, following the Aufbau principle and the order of increasing energy levels.","The filling order of 4s and 3d electrons in transition metals is not fixed and can vary depending on the element. This order is determined by the specific energy levels and the Aufbau principle, which states that electrons fill the lowest energy orbitals first.",2026-09-14 11:58:56
SCI_EN_0240,English,Science,"Periodic Table, Metals & Non-metals",Hard,Which of the following elements is most likely to form a -1 ion?,Sodium (Na),Chlorine (Cl),Potassium (K),Magnesium (Mg),B,Chlorine (Cl),"Chlorine has seven valence electrons and typically gains one electron to achieve a stable electron configuration, forming a Cl^- ion.","Chlorine is in group 17 and has a high electronegativity, meaning it readily accepts an extra electron to complete its outer shell, thus forming a -1 ion.",2026-09-14 11:58:56
SCI_EN_0241,English,Science,"Periodic Table, Metals & Non-metals",Hard,Which of the following elements is most likely to form a +2 ion?,Sodium (Na),Aluminum (Al),Calcium (Ca),Chlorine (Cl),C,Calcium (Ca),"Calcium has two valence electrons and typically loses two electrons to achieve a stable electron configuration, forming a Ca^2+ ion.","Calcium is in group 2 of the periodic table and has a stable electron configuration after losing its two valence electrons, thus forming a +2 ion.",2026-09-14 11:58:56
SCI_EN_0242,English,Science,"Periodic Table, Metals & Non-metals",Hard,Which of the following elements is most likely to be found in liquid form at room temperature?,Mercury (Hg),Sodium (Na),Neon (Ne),Nitrogen (N),A,Mercury (Hg),Mercury is a metal that exists as a liquid at room temperature due to its relatively low melting point.,"Mercury is a metal with a melting point of -38.83°C, which is well below room temperature, making it the only metal that is liquid at 25°C (room temperature).",2026-09-14 11:58:56
SCI_EN_0243,English,Science,"Periodic Table, Metals & Non-metals",Hard,Which of the following statements is true regarding the position of the noble gases in the periodic table?,They are located in the s-block.,They are located in the p-block.,They are located in the d-block.,They are located in the f-block.,B,They are located in the p-block.,The noble gases are located in the p-block of the periodic table and are characterized by having a full valence shell of electrons.,"Noble gases are in group 18 and have a full valence shell of electrons, making them highly unreactive and stable in their elemental form.",2026-09-14 11:58:56
SCI_EN_0244,English,Science,"Periodic Table, Metals & Non-metals",Hard,Which of the following elements is most likely to be a metalloid?,Sodium (Na),Silicon (Si),Bromine (Br),Fluorine (F),B,Silicon (Si),Silicon is located at the boundary between metals and non-metals and exhibits properties of both.,"Silicon is a metalloid, characterized by its intermediate properties between metals and non-metals. It has a metallic luster and conductivity but is also brittle and can form covalent bonds, similar to non-metals.",2026-09-14 11:58:56
SCI_EN_0245,English,Science,"Acids, Bases, Salts & Chemical Reactions",Easy,Which of the following is a strong acid?,CH₃COOH (Acetic Acid),HCl (Hydrochloric Acid),H₂SO₃ (Sulfurous Acid),H₂CO₃ (Carbonic Acid),B,HCl (Hydrochloric Acid),"HCl is a strong acid, meaning it completely dissociates in water.","Hydrochloric acid is considered a strong acid because it fully dissociates into hydrogen ions and chloride ions in water, making the solution highly acidic.",2026-09-14 11:59:17
SCI_EN_0246,English,Science,"Acids, Bases, Salts & Chemical Reactions",Easy,What is the pH of a solution with a concentration of 0.001 M HCl?,1,7,10,14,A,1,"The pH is calculated as -log[H⁺], and HCl produces 0.001 M H⁺ ions.","Since HCl is a strong acid, it completely dissociates, producing 0.001 M of H⁺ ions. The pH is -log(0.001) = 1.",2026-09-14 11:59:17
SCI_EN_0247,English,Science,"Acids, Bases, Salts & Chemical Reactions",Easy,Which of the following is a base according to Arrhenius theory?,NaCl (Sodium Chloride),KOH (Potassium Hydroxide),H₂SO₄ (Sulfuric Acid),NH₄Cl (Ammonium Chloride),B,KOH (Potassium Hydroxide),"KOH produces hydroxide ions (OH⁻) in water, which is a characteristic of a base.","Potassium hydroxide dissociates in water to produce potassium ions and hydroxide ions, making it a basic solution.",2026-09-14 11:59:17
SCI_EN_0248,English,Science,"Acids, Bases, Salts & Chemical Reactions",Easy,What is the formula of the salt formed when hydrochloric acid reacts with sodium hydroxide?,NaCl,NaOH,H₂O,HCl,A,NaCl,The salt formed from the reaction of an acid and a base is NaCl.,"When hydrochloric acid reacts with sodium hydroxide, they neutralize each other to form sodium chloride and water.",2026-09-14 11:59:17
SCI_EN_0249,English,Science,"Acids, Bases, Salts & Chemical Reactions",Easy,What is the product of the reaction between sodium carbonate and hydrochloric acid?,NaCl and CO₂,Na₂CO₃ and H₂O,NaCl and H₂O,Na₂CO₃ and CO₂,A,NaCl and CO₂,The reaction produces sodium chloride and carbon dioxide gas.,"Sodium carbonate reacts with hydrochloric acid to produce sodium chloride, carbon dioxide, and water.",2026-09-14 11:59:17
SCI_EN_0250,English,Science,"Acids, Bases, Salts & Chemical Reactions",Easy,Which of the following is a salt formed by a reaction between a strong acid and a weak base?,Fe(OH)₃,Na₂CO₃,BaSO₄,CaCl₂,B,Na₂CO₃,Sodium carbonate is a salt formed by a reaction between a strong acid and a weak base.,"Sodium carbonate is a salt formed when sodium hydroxide, a strong base, reacts with carbonic acid, a weak acid.",2026-09-14 11:59:17
SCI_EN_0251,English,Science,"Acids, Bases, Salts & Chemical Reactions",Easy,Which of the following is the correct formula for calcium nitrate?,Ca(NO₂)₂,Ca(NO₃)₂,Ca(NO₄)₂,Ca(NO)₂,B,Ca(NO₃)₂,Calcium nitrate has the formula Ca(NO₃)₂.,"Calcium nitrate is composed of one calcium ion and two nitrate ions, with the nitrate ion having the formula NO₃⁻.",2026-09-14 11:59:17
SCI_EN_0252,English,Science,"Acids, Bases, Salts & Chemical Reactions",Easy,What is the net ionic equation for the reaction between silver nitrate and sodium chloride?,Ag⁺ + Cl⁻ → AgCl(s),AgNO₃ + NaCl → AgCl(s) + NaNO₃,2Ag⁺ + 2Cl⁻ → 2AgCl(s),Ag⁺ + 2Cl⁻ → Ag₂Cl₂(s),A,Ag⁺ + Cl⁻ → AgCl(s),The net ionic equation shows the reaction between silver ions and chloride ions to form silver chloride.,"The net ionic equation represents the actual species that react to form a precipitate, in this case, silver chloride.",2026-09-14 11:59:17
SCI_EN_0253,English,Science,"Acids, Bases, Salts & Chemical Reactions",Easy,Which of the following is an example of a neutralization reaction?,CaO + H₂O → Ca(OH)₂,H₂SO₄ + 2NaOH → Na₂SO₄ + 2H₂O,NaCl + AgNO₃ → AgCl(s) + NaNO₃,CH₄ + 2O₂ → CO₂ + 2H₂O,B,H₂SO₄ + 2NaOH → Na₂SO₄ + 2H₂O,This reaction shows an acid (H₂SO₄) reacting with a base (NaOH) to form a salt (Na₂SO₄) and water.,"The reaction between sulfuric acid and sodium hydroxide produces sodium sulfate and water, demonstrating a neutralization reaction.",2026-09-14 11:59:17
SCI_EN_0254,English,Science,"Organic Chemistry, Hydrocarbons & Everyday Chemicals",Medium,Which of the following hydrocarbons is most likely to be a liquid at room temperature?,Methane (CH₄),Ethane (C₂H₆),Octane (C₈H₁₈),Butane (C₄H₁₀),C,Octane (C₈H₁₈),"Octane has a higher boiling point than the other options, making it more likely to be a liquid at room temperature.","Octane has more carbon atoms, leading to stronger intermolecular forces and a higher boiling point compared to methane, ethane, and butane.",2026-09-14 11:59:39
SCI_EN_0255,English,Science,"Organic Chemistry, Hydrocarbons & Everyday Chemicals",Medium,Which of the following compounds is an alkene?,CH₃CH₃,CH₃CH₂OH,CH₂=CH₂,CH₃COOH,C,CH₂=CH₂,Alkenes contain a carbon-carbon double bond.,"Alkenes are characterized by the presence of a carbon-carbon double bond, which is not present in alkanes, alcohols, or carboxylic acids.",2026-09-14 11:59:39
SCI_EN_0256,English,Science,"Organic Chemistry, Hydrocarbons & Everyday Chemicals",Medium,What is the primary product of the addition of bromine to 2-methylbut-1-ene?,2-bromo-2-methylbutane,2-bromo-3-methylbutane,3-bromo-2-methylbutane,3-bromo-3-methylbutane,B,2-bromo-3-methylbutane,"Bromine adds to the double bond of the alkene, following Markovnikov's rule.","Markovnikov's rule states that bromine adds to the alkene such that the more substituted carbon gets the hydrogen, forming 2-bromo-3-methylbutane.",2026-09-14 11:59:40
SCI_EN_0257,English,Science,"Organic Chemistry, Hydrocarbons & Everyday Chemicals",Medium,Which of the following is a correct representation of the structural formula for ethane (C₂H₆)?,CH₃-CH₃,CH₂=CH₂,CH₃-CH₂,CH₃-CH₂-CH₃,A,CH₃-CH₃,Ethane has a saturated carbon-carbon single bond with no double or triple bonds.,"Ethane has a simple structure with two carbon atoms bonded to each other by a single bond, with each carbon also bonded to three hydrogen atoms.",2026-09-14 11:59:40
SCI_EN_0258,English,Science,"Organic Chemistry, Hydrocarbons & Everyday Chemicals",Medium,Which of the following is the IUPAC name for the compound CH₃CH₂CH₂CH₃?,Butane,Isobutane,2-Methylpropane,2-Butanol,A,Butane,Butane is the IUPAC name for a compound with four carbon atoms in a straight chain.,"Butane follows the IUPAC nomenclature rules for alkanes, where the number of carbon atoms determines the name, and the chain is straight unless branched.",2026-09-14 11:59:40
SCI_EN_0259,English,Science,"Organic Chemistry, Hydrocarbons & Everyday Chemicals",Medium,Which of the following is an example of a saturated hydrocarbon?,Propene (C₃H₆),Butene (C₄H₈),2-Methylpropane (C₄H₁₀),1-Pentene (C₅H₁₀),C,2-Methylpropane (C₄H₁₀),Saturated hydrocarbons have only single bonds between carbon atoms.,"2-Methylpropane has a carbon chain with only single bonds, making it a saturated hydrocarbon, in contrast to propene and butene, which contain double bonds.",2026-09-14 11:59:40
SCI_EN_0260,English,Science,"Organic Chemistry, Hydrocarbons & Everyday Chemicals",Medium,Which of the following is the correct formula for ethene (C₂H₄)?,CH₂=CH₂,CH₃-CH₃,CH₃-CH₂,CH₃-CH₂-CH₃,A,CH₂=CH₂,Ethene is an alkene with a double bond between the two carbon atoms.,"Ethene, or ethylene, is an alkene with a carbon-carbon double bond, represented as CH₂=CH₂.",2026-09-14 11:59:40
SCI_EN_0261,English,Science,"Organic Chemistry, Hydrocarbons & Everyday Chemicals",Medium,Which of the following is a functional group found in alcohols?,C=C,C-OH,C=O,C-NH₂,B,C-OH,The hydroxyl group (C-OH) is the functional group characteristic of alcohols.,"Alcohols contain a hydroxyl group (-OH) attached to a carbon atom, which is responsible for their chemical properties and reactivity.",2026-09-14 11:59:40
SCI_EN_0262,English,Science,"Organic Chemistry, Hydrocarbons & Everyday Chemicals",Medium,Which of the following is a common use of ethylene in industry?,As a solvent in paints,As a refrigerant,As a starting material for the production of polyethylene,As a fuel in combustion engines,C,As a starting material for the production of polyethylene,Ethylene is used in the polymerization process to produce polyethylene.,"Ethylene, a simple alkene, is the building block for producing polyethylene, a widely used plastic in various industries.",2026-09-14 11:59:40
SCI_EN_0263,English,Science,"Organic Chemistry, Hydrocarbons & Everyday Chemicals",Medium,Which of the following is an example of an alkyne?,CH₃CH₃,CH₃CH₂OH,CH₃C≡CH,CH₃COOH,C,CH₃C≡CH,Alkynes contain a carbon-carbon triple bond.,"Alkynes are characterized by the presence of a carbon-carbon triple bond, which is not present in alkanes, alcohols, or carboxylic acids.",2026-09-14 11:59:40
SCI_EN_0264,English,Science,"Cell Biology, Organelles & Genetics",Hard,"In the process of gene regulation, which of the following mechanisms is directly involved in the transcription initiation process?",Translation,Replication,Transcription factor binding,Post-translational modification,C,Transcription factor binding,Transcription factors bind to specific DNA sequences to initiate gene transcription.,"Transcription factors are proteins that bind to specific sequences on DNA to either promote or inhibit the binding of RNA polymerase, thereby regulating transcription. This is a crucial step in gene regulation.",2026-09-14 12:00:03
SCI_EN_0265,English,Science,"Cell Biology, Organelles & Genetics",Hard,Which organelle is primarily responsible for the detoxification of drugs and poisons in the liver?,Lysosome,Peroxisome,Nucleus,Mitochondrion,B,Peroxisome,Peroxisomes break down fatty acids and detoxify harmful substances.,"Peroxisomes contain enzymes that can break down harmful substances like hydrogen peroxide and fatty acids, making them crucial for detoxification processes in the liver and other tissues.",2026-09-14 12:00:03
SCI_EN_0266,English,Science,"Cell Biology, Organelles & Genetics",Hard,"During the process of cell division, which organelle is responsible for distributing genetic material equally between daughter cells?",Nucleus,Centriole,Mitochondria,Chromosomes,B,Centriole,"Centrioles play a crucial role in the formation of the mitotic spindle, which helps in the distribution of chromosomes.","Centrioles organize the microtubules that form the mitotic spindle, which is essential for the proper segregation of chromosomes during cell division. This ensures that each daughter cell receives the correct amount of genetic material.",2026-09-14 12:00:03
SCI_EN_0267,English,Science,"Cell Biology, Organelles & Genetics",Hard,Which organelle is involved in the production of ATP through oxidative phosphorylation?,Golgi apparatus,Mitochondrion,Lysosome,Nucleus,B,Mitochondrion,"Mitochondria are the powerhouses of the cell, producing ATP through the electron transport chain and oxidative phosphorylation.","Mitochondria contain the enzymes and electron transport chain necessary for the production of ATP through oxidative phosphorylation, making them essential for cellular energy production.",2026-09-14 12:00:03
SCI_EN_0268,English,Science,"Cell Biology, Organelles & Genetics",Hard,Which of the following is the primary function of the endoplasmic reticulum in the production of lipids and steroids?,Protein synthesis,Lipid synthesis,RNA processing,Nuclear envelope formation,B,Lipid synthesis,"The rough endoplasmic reticulum is primarily involved in protein synthesis, while the smooth endoplasmic reticulum is involved in lipid and steroid synthesis.","The smooth endoplasmic reticulum is responsible for lipid and steroid synthesis, which is crucial for cellular membrane formation and hormone production. This function is distinct from the rough endoplasmic reticulum, which is primarily involved in protein synthesis.",2026-09-14 12:00:03
SCI_EN_0269,English,Science,"Cell Biology, Organelles & Genetics",Hard,"Which of the following genetic conditions is characterized by a disruption in the flow of genetic information from DNA to RNA to protein, leading to a defective protein product?",Sickle cell anemia,Cystic fibrosis,Phenylketonuria,Mucopolysaccharidosis,A,Sickle cell anemia,"Sickle cell anemia is caused by a defect in the beta-globin gene, leading to the production of abnormal hemoglobin.","Sickle cell anemia is a genetic condition where a single base pair mutation in the beta-globin gene results in the production of abnormal hemoglobin, which leads to the characteristic sickle shape of red blood cells and associated complications.",2026-09-14 12:00:03
SCI_EN_0270,English,Science,"Cell Biology, Organelles & Genetics",Hard,Which of the following processes is primarily responsible for the repair of damaged DNA in eukaryotic cells?,Transcription,Translation,DNA replication,Nucleotide excision repair,D,Nucleotide excision repair,Nucleotide excision repair is a mechanism that removes damaged segments of DNA and replaces them with new nucleotides.,"Nucleotide excision repair is a complex process that identifies and removes damaged DNA segments, replacing them with correctly paired nucleotides to maintain genomic stability. This is crucial for preventing mutations and diseases caused by DNA damage.",2026-09-14 12:00:03
SCI_EN_0271,English,Science,"Cell Biology, Organelles & Genetics",Hard,Which of the following statements best describes the role of the Golgi apparatus in protein modification?,It synthesizes proteins from amino acids.,It modifies and packages proteins for secretion.,It breaks down proteins into amino acids.,It provides energy for cellular processes.,B,It modifies and packages proteins for secretion.,"The Golgi apparatus modifies, packages, and sends proteins to their final destinations.","The Golgi apparatus receives proteins from the endoplasmic reticulum, modifies them (e.g., adding or removing carbohydrates), and then packages them into vesicles for transport to their final destinations, such as the cell membrane or lysosomes.",2026-09-14 12:00:03
SCI_EN_0272,English,Science,"Cell Biology, Organelles & Genetics",Hard,Which of the following organelles is primarily responsible for the breakdown of cellular waste products and foreign particles?,Lysosome,Mitochondrion,Nucleus,Endoplasmic reticulum,A,Lysosome,Lysosomes contain enzymes that break down cellular waste products and foreign particles.,"Lysosomes are membrane-bound organelles that contain hydrolytic enzymes responsible for breaking down waste materials, cellular debris, and engulfed pathogens. This process is crucial for maintaining cellular health and homeostasis.",2026-09-14 12:00:03
SCI_EN_0273,English,Science,"Human Anatomy, Organ Systems & Physiology",Easy,Which of the following is the primary function of the heart in the circulatory system?,To produce red blood cells,To regulate blood pressure,To pump blood throughout the body,To filter out waste products from the blood,C,To pump blood throughout the body,The heart's primary function is to circulate blood by pumping it through the body.,"The heart acts as a pump that drives blood through the cardiovascular system, ensuring that oxygen and nutrients are delivered to all tissues and organs.",2026-09-14 12:00:23
SCI_EN_0274,English,Science,"Human Anatomy, Organ Systems & Physiology",Easy,Which organ is primarily responsible for the production of digestive enzymes?,Liver,Pancreas,Stomach,Small intestine,B,Pancreas,The pancreas produces enzymes that aid in the digestion of food.,"The pancreas releases digestive enzymes into the small intestine to break down fats, proteins, and carbohydrates.",2026-09-14 12:00:23
SCI_EN_0275,English,Science,"Human Anatomy, Organ Systems & Physiology",Easy,Which of the following best describes the primary function of the lungs?,To regulate body temperature,To filter blood,To facilitate gas exchange,To produce hormones,C,To facilitate gas exchange,The lungs are the primary site for oxygen and carbon dioxide exchange between the air and the blood.,"During respiration, the lungs allow oxygen to enter the bloodstream and carbon dioxide to be expelled from the body.",2026-09-14 12:00:23
SCI_EN_0276,English,Science,"Human Anatomy, Organ Systems & Physiology",Easy,Which organ is primarily responsible for the production of urine?,Kidney,Bladder,Urethra,Ureter,A,Kidney,The kidneys filter the blood to produce urine.,The kidneys filter waste products from the blood and regulate fluid and electrolyte balance to produce urine.,2026-09-14 12:00:23
SCI_EN_0277,English,Science,"Human Anatomy, Organ Systems & Physiology",Easy,Which of the following is a function of the liver in the digestive system?,To produce digestive juices,To absorb nutrients,To store energy in the form of glycogen,To break down proteins into amino acids,C,To store energy in the form of glycogen,"The liver stores glycogen, a form of energy, which can be released when needed.",The liver plays a crucial role in energy storage by converting excess glucose into glycogen for later use.,2026-09-14 12:00:23
SCI_EN_0278,English,Science,"Human Anatomy, Organ Systems & Physiology",Easy,Which organ is responsible for the production of red blood cells?,Bone marrow,Thymus,Spleen,Lymph nodes,A,Bone marrow,Bone marrow is the site where red blood cells are produced.,"The bone marrow, specifically the red marrow, is responsible for hematopoiesis, the process of producing blood cells, including red blood cells.",2026-09-14 12:00:23
SCI_EN_0279,English,Science,"Human Anatomy, Organ Systems & Physiology",Easy,Which of the following is a function of the spleen in the circulatory system?,To produce red blood cells,To regulate blood pressure,To store platelets,To produce digestive enzymes,C,To store platelets,The spleen stores platelets and can release them into the bloodstream when needed.,"The spleen acts as a reservoir for platelets and white blood cells, and can filter blood and remove old or damaged red blood cells.",2026-09-14 12:00:23
SCI_EN_0280,English,Science,"Human Anatomy, Organ Systems & Physiology",Easy,Which of the following is a function of the stomach in the digestive system?,To filter blood,To produce digestive enzymes,To absorb nutrients,To produce hormones,B,To produce digestive enzymes,The stomach produces enzymes that aid in the digestion of proteins.,"The stomach secretes gastric juices containing pepsin, an enzyme that breaks down proteins, and hydrochloric acid, which helps in digestion and kills bacteria.",2026-09-14 12:00:23
SCI_EN_0281,English,Science,"Human Anatomy, Organ Systems & Physiology",Easy,Which of the following is a function of the thyroid gland?,To produce hormones that regulate metabolism,To produce insulin,To regulate blood pressure,To produce digestive enzymes,A,To produce hormones that regulate metabolism,The thyroid gland produces hormones that control the body's metabolism.,"The thyroid gland releases thyroid hormones, which regulate the metabolic rate and influence growth, development, and energy use in the body.",2026-09-14 12:00:23
SCI_EN_0282,English,Science,"Human Anatomy, Organ Systems & Physiology",Easy,Which of the following is a function of the adrenal glands?,To produce digestive enzymes,To regulate blood pressure,To produce insulin,To produce hormones that regulate water and salt balance,B,To regulate blood pressure,The adrenal glands produce hormones that help regulate blood pressure and fluid balance.,"The adrenal glands secrete hormones like aldosterone, which helps regulate blood pressure and electrolyte balance, and epinephrine, which plays a role in the fight-or-flight response.",2026-09-14 12:00:23
SCI_EN_0283,English,Science,"Human Nutrition, Vitamins, Minerals & Diseases",Medium,Which vitamin is essential for the absorption of calcium and is particularly important for bone health?,Vitamin A,Vitamin C,Vitamin D,Vitamin E,C,Vitamin D,"Vitamin D facilitates calcium absorption, crucial for maintaining strong bones.","Vitamin D plays a key role in the body’s calcium absorption, which is vital for bone health and mineralization.",2026-09-14 12:00:43
SCI_EN_0284,English,Science,"Human Nutrition, Vitamins, Minerals & Diseases",Medium,Which mineral is primarily responsible for maintaining proper muscle and nerve function?,Iron,Magnesium,Zinc,Selenium,B,Magnesium,Magnesium is crucial for the proper functioning of muscles and nerves.,"Magnesium is involved in numerous enzymatic reactions that regulate muscle and nerve function, making it essential for maintaining these systems.",2026-09-14 12:00:43
SCI_EN_0285,English,Science,"Human Nutrition, Vitamins, Minerals & Diseases",Medium,"Which vitamin deficiency can lead to scurvy, a disease characterized by bleeding gums and bruising?",Vitamin A,Vitamin B12,Vitamin C,Vitamin D,C,Vitamin C,"Vitamin C is essential for the synthesis of collagen, which prevents scurvy.","Vitamin C is crucial for the synthesis of collagen, a protein that keeps blood vessels, tendons, and ligaments healthy, preventing the symptoms of scurvy.",2026-09-14 12:00:43
SCI_EN_0286,English,Science,"Human Nutrition, Vitamins, Minerals & Diseases",Medium,Which mineral deficiency is most commonly associated with anemia?,Iron,Calcium,Magnesium,Selenium,A,Iron,"Iron deficiency is the most common cause of anemia, leading to a reduced ability to carry oxygen in the blood.","Iron is essential for the production of hemoglobin, the protein in red blood cells that carries oxygen throughout the body, and its deficiency can lead to anemia.",2026-09-14 12:00:43
SCI_EN_0287,English,Science,"Human Nutrition, Vitamins, Minerals & Diseases",Medium,Which vitamin is known for its role in red blood cell formation and preventing anemia?,Vitamin A,Vitamin B12,Vitamin C,Vitamin D,B,Vitamin B12,Vitamin B12 is essential for the production of red blood cells and neurological function.,"Vitamin B12 works with folic acid to form DNA and is critical for the production of red blood cells, preventing anemia and supporting neurological health.",2026-09-14 12:00:43
SCI_EN_0288,English,Science,"Human Nutrition, Vitamins, Minerals & Diseases",Medium,Which mineral is important for maintaining healthy thyroid function and metabolism?,Iron,Calcium,Iodine,Selenium,C,Iodine,"Iodine is essential for the production of thyroid hormones, which regulate metabolism.","Iodine is a key component in the synthesis of thyroid hormones, which play a critical role in metabolism and overall body function.",2026-09-14 12:00:43
SCI_EN_0289,English,Science,"Human Nutrition, Vitamins, Minerals & Diseases",Medium,Which vitamin deficiency can lead to night blindness and is associated with the function of the retina?,Vitamin A,Vitamin B6,Vitamin E,Vitamin K,A,Vitamin A,"Vitamin A is crucial for the function of the retina and maintaining good vision, especially in low-light conditions.","Vitamin A is essential for the production of rhodopsin, a pigment in the retina that is necessary for vision, and its deficiency can lead to night blindness.",2026-09-14 12:00:43
SCI_EN_0290,English,Science,"Human Nutrition, Vitamins, Minerals & Diseases",Medium,Which vitamin is known as the 'sunshine vitamin' and is primarily obtained through exposure to sunlight?,Vitamin A,Vitamin D,Vitamin E,Vitamin K,B,Vitamin D,Vitamin D is synthesized in the skin upon exposure to ultraviolet rays from the sun.,"Vitamin D is produced in the skin through a chemical reaction triggered by sunlight, making it a key vitamin for bone health and immune function.",2026-09-14 12:00:43
SCI_EN_0291,English,Science,"Human Nutrition, Vitamins, Minerals & Diseases",Medium,"Which mineral is crucial for the formation of connective tissues, including blood vessels and skin?",Iron,Calcium,Magnesium,Zinc,D,Zinc,Zinc is important for the synthesis of collagen and other connective tissues.,"Zinc is a key component in the synthesis of collagen, a structural protein found in connective tissues, and is essential for the health of skin, hair, and nails.",2026-09-14 12:00:43
SCI_EN_0292,English,Science,"Human Nutrition, Vitamins, Minerals & Diseases",Medium,Which vitamin is involved in energy metabolism and the synthesis of DNA?,Vitamin A,Vitamin B12,Vitamin C,Vitamin D,B,Vitamin B12,Vitamin B12 is crucial for DNA synthesis and the metabolism of amino acids and fatty acids.,"Vitamin B12 is essential for the production of DNA and the metabolism of amino acids and fatty acids, supporting overall cellular function and energy production.",2026-09-14 12:00:43
SCI_EN_0293,English,Science,"Botany, Plant Physiology & Photosynthesis",Hard,What is the role of the enzyme Rubisco in photosynthesis under conditions of high CO2 and low O2 concentration?,"It catalyzes the carboxylation of ribulose-1,5-bisphosphate (RuBP) to form 3-phosphoglycerate (3-PGA).",It catalyzes the regeneration of RuBP from 3-PGA.,It catalyzes the reduction of 3-PGA to glyceraldehyde-3-phosphate (G3P) during the Calvin cycle.,It catalyzes the conversion of 3-PGA to 2-phosphoglycolate under anaerobic conditions.,D,It catalyzes the conversion of 3-PGA to 2-phosphoglycolate under anaerobic conditions.,"Under low O2 conditions, Rubisco can fix CO2 into 3-PGA, but under high O2, it can mistakenly fix O2, producing 2-phosphoglycolate, which is toxic to the plant.","This is because under low O2 conditions, Rubisco works efficiently to fix CO2. However, when O2 levels are high, Rubisco can mistakenly fix O2 instead of CO2, a process known as photorespiration, which leads to the formation of 2-phosphoglycolate.",2026-09-14 12:01:14
SCI_EN_0294,English,Science,"Botany, Plant Physiology & Photosynthesis",Hard,Which of the following pigments is primarily responsible for the red color of autumn leaves in deciduous trees?,Chlorophyll a,Chlorophyll b,Anthocyanin,Phycocyanin,C,Anthocyanin,"Anthocyanins are pigments that can produce various colors from red to blue, and they are synthesized in the leaves during autumn, masking the green chlorophyll.","During the autumn, as chlorophyll degrades, the underlying pigments such as anthocyanins become visible, giving leaves their characteristic red hues.",2026-09-14 12:01:14
SCI_EN_0295,English,Science,"Botany, Plant Physiology & Photosynthesis",Hard,"In C4 plants, which organelle is primarily responsible for fixing CO2 into a four-carbon compound?",Mitochondria,Ribosomes,Chloroplasts,Vacuoles,C,Chloroplasts,"In C4 plants, chloroplasts in the bundle sheath cells play a crucial role in fixing CO2 into a four-carbon compound, which is then reduced to sugars in a process that occurs in two cellular compartments.","This process, known as the C4 pathway, involves the fixation of CO2 into malate or aspartate in the mesophyll cells, which is then transported to the bundle sheath cells where it is converted into a four-carbon compound for sugar synthesis.",2026-09-14 12:01:14
SCI_EN_0296,English,Science,"Botany, Plant Physiology & Photosynthesis",Hard,What is the primary function of the xylem in plants?,Transport of water and dissolved minerals from the roots to the leaves.,Transport of sugars from the leaves to the roots.,Production of chlorophyll.,Storage of starch and other nutrients.,A,Transport of water and dissolved minerals from the roots to the leaves.,Xylem cells are responsible for the upward transport of water and dissolved minerals from the soil to the aerial parts of the plant.,"Xylem cells are structured to withstand the tension created by water movement, allowing them to carry water and essential minerals up the plant against gravity.",2026-09-14 12:01:14
SCI_EN_0297,English,Science,"Botany, Plant Physiology & Photosynthesis",Hard,Which of the following best describes the role of ATP and NADPH in the Calvin cycle?,They are used to directly fix CO2 into organic compounds.,They provide the energy and reducing power necessary for the reduction of 3-PGA to G3P.,They are involved in the regeneration of RuBP.,They are the primary products of the light-dependent reactions.,B,They provide the energy and reducing power necessary for the reduction of 3-PGA to G3P.,"ATP and NADPH supply the energy and reducing power required to convert 3-PGA into G3P, a crucial step in the production of sugars from CO2.","In the Calvin cycle, ATP provides the energy for the phosphorylation steps, while NADPH supplies the electrons for the reduction reactions, allowing the plant to synthesize sugars from CO2.",2026-09-14 12:01:14
SCI_EN_0298,English,Science,"Botany, Plant Physiology & Photosynthesis",Hard,Which of the following best explains the concept of C4 photosynthesis?,A method of increasing the rate of photosynthesis by enhancing light absorption.,A strategy to minimize photorespiration by separating CO2 fixation from Calvin cycle reduction.,A technique to improve water use efficiency by reducing transpiration.,A process to enhance nutrient uptake from the soil.,B,A strategy to minimize photorespiration by separating CO2 fixation from Calvin cycle reduction.,"C4 plants have adapted to minimize photorespiration by separating the initial fixation of CO2 into a four-carbon compound in the mesophyll cells, which then releases CO2 for reduction in bundle sheath cells, thus avoiding the wasteful photorespiratory cycle.","This adaptation allows C4 plants to thrive in hot, dry environments where photorespiration would otherwise reduce their photosynthetic efficiency.",2026-09-14 12:01:14
SCI_EN_0299,English,Science,"Botany, Plant Physiology & Photosynthesis",Hard,What is the significance of the Hill reaction in the context of photosynthesis?,It describes the reduction of NADP+ to NADPH during the light-dependent reactions.,It is the process by which CO2 is fixed into organic compounds in the Calvin cycle.,It involves the use of light to reduce water and release oxygen in photosynthetic bacteria.,It is the name given to the light-independent reactions of photosynthesis.,C,It involves the use of light to reduce water and release oxygen in photosynthetic bacteria.,"The Hill reaction, named after Robert Hill, demonstrates the ability of isolated chloroplasts to release oxygen and reduce NADP+ to NADPH in the presence of light and CO2.","This reaction confirms that chlorophyll in isolated chloroplasts can harness light energy to split water molecules, producing oxygen, which is a key evidence of the light-dependent reactions of photosynthesis.",2026-09-14 12:01:14
SCI_EN_0300,English,Science,"Botany, Plant Physiology & Photosynthesis",Hard,Which of the following best describes the role of stomata in plant physiology?,They facilitate the uptake of CO2 from the atmosphere.,They control the exchange of gases and water vapor between the plant and the environment.,They are responsible for the transport of water and nutrients within the plant.,They synthesize chlorophyll and other pigments necessary for photosynthesis.,B,They control the exchange of gases and water vapor between the plant and the environment.,"Stomata are microscopic pores on the surface of leaves that allow for the exchange of gases and water vapor, regulating transpiration and gas diffusion.","Stomata open and close to adjust the rate of gas exchange, primarily CO2 intake and water vapor release, optimizing the plant's photosynthetic efficiency and water conservation.",2026-09-14 12:01:14
SCI_EN_0301,English,Science,"Botany, Plant Physiology & Photosynthesis",Hard,What is the significance of the Kranz anatomy in C4 plants?,It describes the arrangement of chloroplasts in the cells of the leaf.,It is a method of increasing the rate of photosynthesis by enhancing light absorption.,It involves the separation of CO2 fixation and Calvin cycle reduction in different cell types to minimize photorespiration.,It refers to the protective layer of cells surrounding the chloroplasts.,C,It involves the separation of CO2 fixation and Calvin cycle reduction in different cell types to minimize photorespiration.,"Kranz anatomy in C4 plants refers to the specialized structure where CO2 fixation occurs in mesophyll cells, while the Calvin cycle reduction takes place in bundle sheath cells, effectively reducing photorespiration.","This adaptation helps C4 plants to be more efficient in hot, dry environments where photorespiration would otherwise reduce their overall photosynthetic efficiency.",2026-09-14 12:01:14
SCI_EN_0302,English,Science,"Botany, Plant Physiology & Photosynthesis",Hard,Which of the following best explains the concept of photoprotective mechanisms in plants?,They are strategies employed by plants to enhance the rate of photosynthesis under low light conditions.,They are mechanisms used by plants to protect their chlorophyll from photodamage by dissipating excess energy.,They are methods of increasing water absorption and utilization by the plant.,They are techniques used by plants to store excess sugars produced during photosynthesis.,B,They are mechanisms used by plants to protect their chlorophyll from photodamage by dissipating excess energy.,"Photoprotective mechanisms in plants, such as non-photochemical quenching (NPQ) and xanthophyll cycle, help dissipate excess energy and protect chlorophyll from photodamage.",These mechanisms are crucial for maintaining the stability of photosynthetic machinery and ensuring that the plant can function efficiently under high light conditions without damage.,2026-09-14 12:01:14
SCI_EN_0303,English,Science,"Ecology, Ecosystems & Conservation",Easy,Which of the following is an example of a primary producer in an ecosystem?,A bird,A tree,A fish,A bacteria,B,A tree,Primary producers are organisms that can produce their own food through photosynthesis.,"Trees are autotrophs that convert sunlight into energy through photosynthesis, making them primary producers in an ecosystem.",2026-09-14 12:01:35
SCI_EN_0304,English,Science,"Ecology, Ecosystems & Conservation",Easy,What term describes the process by which plants absorb water and minerals from the soil?,Transpiration,Photosynthesis,Osmosis,Respiration,C,Osmosis,Osmosis is the process of water movement through a semipermeable membrane from an area of high water concentration to an area of low water concentration.,"Osmosis is crucial for plants to absorb water and minerals from the soil, which they then use for various physiological processes.",2026-09-14 12:01:35
SCI_EN_0305,English,Science,"Ecology, Ecosystems & Conservation",Easy,Which of the following is an example of a keystone species?,A deer,A rabbit,A wolf,A squirrel,C,A wolf,A keystone species is a species that has a large impact on its environment out of proportion to its abundance.,"Wolves play a crucial role in maintaining the balance of ecosystems by controlling prey populations, thus influencing the distribution of other species.",2026-09-14 12:01:35
SCI_EN_0306,English,Science,"Ecology, Ecosystems & Conservation",Easy,What is the term for the process by which nutrients are cycled between living organisms and their environment?,Pollination,Decomposition,Nutrient cycling,Hydrolysis,C,Nutrient cycling,"Nutrient cycling refers to the movement of nutrients through an ecosystem, involving both living and non-living components.","Nutrient cycling is essential for maintaining the health and productivity of ecosystems, ensuring that nutrients are recycled and reused.",2026-09-14 12:01:35
SCI_EN_0307,English,Science,"Ecology, Ecosystems & Conservation",Easy,Which of the following is an example of a mutualistic relationship?,A lion preying on a zebra,A plant hosting a parasitic worm,A bird eating fruit and spreading seeds,A shark eating a fish,C,A bird eating fruit and spreading seeds,Mutualism is a symbiotic relationship where both organisms benefit.,"Birds benefit by obtaining food, while plants benefit by having their seeds dispersed, enhancing their reproduction and spread.",2026-09-14 12:01:35
SCI_EN_0308,English,Science,"Ecology, Ecosystems & Conservation",Easy,Which of the following best describes the trophic level of a carnivore?,Primary producer,Primary consumer,Secondary consumer,Decomposer,C,Secondary consumer,A carnivore is a second-level consumer that feeds on primary consumers.,"Carnivores, by consuming other animals, play a crucial role in controlling prey populations and energy flow within an ecosystem.",2026-09-14 12:01:35
SCI_EN_0309,English,Science,"Ecology, Ecosystems & Conservation",Easy,What is the role of decomposers in an ecosystem?,Produce energy,Consume primary producers,Break down dead organic matter,Prey on herbivores,C,Break down dead organic matter,"Decomposers break down dead organic matter, recycling nutrients back into the ecosystem.","Decomposers such as bacteria and fungi play a vital role in nutrient cycling by breaking down dead organisms, thus maintaining ecosystem health.",2026-09-14 12:01:35
SCI_EN_0310,English,Science,"Ecology, Ecosystems & Conservation",Easy,What is the primary function of the root system in plants?,Photosynthesis,Support and absorption,Pollination,Seed dispersal,B,Support and absorption,The root system provides structural support and absorbs water and minerals from the soil.,Roots are essential for maintaining plant stability and for acquiring essential nutrients and water from the soil.,2026-09-14 12:01:35
SCI_EN_0311,English,Science,"Ecology, Ecosystems & Conservation",Easy,Which of the following is an example of an ecosystem service provided by forests?,Generating electricity,Producing paper,Cleaning the air,Providing a habitat for fish,C,Cleaning the air,Forests provide a critical service by filtering air and absorbing pollutants.,"Forests act as natural air filters, improving air quality by absorbing pollutants and releasing oxygen through photosynthesis.",2026-09-14 12:01:35
SCI_EN_0312,English,Science,"Ecology, Ecosystems & Conservation",Easy,Which of the following best describes the concept of biodiversity?,The variety of plant species in a garden,The number of different animal species in a zoo,The variety of living organisms in a particular area,The genetic diversity within a single species,C,The variety of living organisms in a particular area,"Biodiversity refers to the variety and variability of life forms within a given species, habitat, or ecosystem.","Biodiversity encompasses the diversity of species, genetic variability, and ecosystems, which is crucial for ecological stability and resilience.",2026-09-14 12:01:35
SCI_EN_0313,English,Science,"Astronomy, Stars, Planets & Space Missions",Medium,Which of the following best describes the lifecycle of a star like the Sun?,Nebula -> Protostar -> Main Sequence -> Red Giant -> White Dwarf,Protostar -> Main Sequence -> Red Giant -> White Dwarf -> Supernova,Nebula -> Main Sequence -> Red Giant -> Supernova -> Black Hole,Nebula -> Protostar -> Red Giant -> Supernova -> Black Hole,A,Nebula -> Protostar -> Main Sequence -> Red Giant -> White Dwarf,This sequence accurately describes the typical lifecycle of a low to medium mass star.,"Stars like the Sun go through a series of stages starting from a nebula, forming a protostar, then entering the main sequence where they fuse hydrogen into helium, eventually becoming a red giant, and finally ending as a white dwarf.",2026-09-14 12:01:56
SCI_EN_0314,English,Science,"Astronomy, Stars, Planets & Space Missions",Medium,What is the primary reason for the phases of the Moon as seen from Earth?,The rotation of the Moon on its axis,The rotation of the Earth on its axis,The revolution of the Moon around the Earth,The revolution of the Earth around the Sun,C,The revolution of the Moon around the Earth,The Moon's phases are caused by its position relative to the Sun and Earth.,"As the Moon orbits the Earth, different portions of its illuminated side face us, creating the observed phases. The Sun's light, reflecting off the Moon, appears to change shape as seen from Earth.",2026-09-14 12:01:56
SCI_EN_0315,English,Science,"Astronomy, Stars, Planets & Space Missions",Medium,Which of the following space missions has successfully landed a rover on Mars?,Voyager 1,Curiosity,New Horizons,Chandrayaan-1,B,Curiosity,Curiosity is a NASA rover that has been exploring Mars since 2012.,"The Curiosity rover, launched by NASA, has been operational on Mars since 2012 and has provided significant scientific data about the planet's geology and potential for past life.",2026-09-14 12:01:56
SCI_EN_0316,English,Science,"Astronomy, Stars, Planets & Space Missions",Medium,What phenomenon is responsible for the high temperatures on the surface of Venus?,Closest proximity to the Sun,Thick carbon dioxide atmosphere,Strong magnetic field,High albedo,B,Thick carbon dioxide atmosphere,"The thick CO2 atmosphere creates a strong greenhouse effect, leading to extreme surface temperatures.","Venus's surface temperature is extremely high due to a thick atmosphere composed mainly of carbon dioxide, which traps heat in a greenhouse effect similar to Earth's but far more intense.",2026-09-14 12:01:56
SCI_EN_0317,English,Science,"Astronomy, Stars, Planets & Space Missions",Medium,Which of the following planets has the most moons in our solar system?,Mercury,Mars,Jupiter,Saturn,C,Jupiter,"Jupiter has the most known moons, with 79 as of 2023.","Jupiter, the largest planet in our solar system, hosts the most moons, with a total count of 79 confirmed moons, many of which are small and recently discovered.",2026-09-14 12:01:56
SCI_EN_0318,English,Science,"Astronomy, Stars, Planets & Space Missions",Medium,What is the primary force that holds the planets in orbit around the Sun?,Electromagnetic force,Gravitational force,Nuclear force,Strong force,B,Gravitational force,Gravitational force between the Sun and planets maintains their orbital motion.,"The Sun's immense mass exerts a gravitational pull on the planets, which keeps them in orbit around the Sun, following Kepler's laws of planetary motion.",2026-09-14 12:01:56
SCI_EN_0319,English,Science,"Astronomy, Stars, Planets & Space Missions",Medium,Which of the following is a characteristic of a black hole?,It emits a bright light,It has a very low density,It has an event horizon,It is composed of plasma,C,It has an event horizon,"An event horizon is the boundary beyond which nothing, including light, can escape from a black hole.","A black hole's defining feature is its event horizon, a point of no return where the gravitational pull is so strong that not even light can escape, making it invisible and extremely hard to study directly.",2026-09-14 12:01:56
SCI_EN_0320,English,Science,"Astronomy, Stars, Planets & Space Missions",Medium,What is the significance of the Hubble Deep Field image in astronomy?,It shows the largest star in the universe.,It reveals the oldest galaxies in the universe.,It is the first image taken by the Hubble Space Telescope.,It captures a small patch of the sky with thousands of galaxies.,D,It captures a small patch of the sky with thousands of galaxies.,The Hubble Deep Field image is a composite of light from distant galaxies over a long exposure period.,"The Hubble Deep Field image, taken by the Hubble Space Telescope, captures a small region of the sky that appears dark to the naked eye, revealing thousands of galaxies, some of which are billions of light-years away, providing a snapshot of the early universe.",2026-09-14 12:01:56
SCI_EN_0321,English,Science,"Astronomy, Stars, Planets & Space Missions",Medium,Which space mission provided the first close-up images of Saturn's rings?,Voyager 1,Pioneer 10,Cassini-Huygens,New Horizons,C,Cassini-Huygens,The Cassini spacecraft provided detailed imaging and analysis of Saturn's rings and moons.,"The Cassini-Huygens mission, which operated around Saturn from 2004 to 2017, provided the first detailed images and data of Saturn's rings, their structure, and the moons orbiting within them.",2026-09-14 12:01:56
SCI_EN_0322,English,Science,"Classical Mechanics, Forces & Laws of Motion",Hard,"According to Newton's Second Law of Motion, if the net force on an object is doubled while its mass remains constant, how does its acceleration change?",The acceleration remains unchanged.,The acceleration is halved.,The acceleration is doubled.,The acceleration is quadrupled.,C,The acceleration is doubled.,"The acceleration is directly proportional to the net force, according to F = ma.","Newton's Second Law states that the acceleration of an object is directly proportional to the net force acting on it and inversely proportional to its mass. Therefore, doubling the net force while keeping the mass constant will double the acceleration.",2026-09-14 12:02:24
SCI_EN_0323,English,Science,"Classical Mechanics, Forces & Laws of Motion",Hard,"In a frictionless environment, if a constant force is applied to a block on a horizontal surface, which of the following statements is true regarding its motion?",The block will eventually come to a stop.,The block will continue to accelerate indefinitely.,The block will maintain a constant velocity.,The block's motion will be unpredictable.,B,The block will continue to accelerate indefinitely.,"With no friction, the block will experience a constant net force, leading to a constant acceleration.","In the absence of friction, the applied force will continuously accelerate the block without any deceleration, leading to an indefinite increase in velocity.",2026-09-14 12:02:24
SCI_EN_0324,English,Science,"Classical Mechanics, Forces & Laws of Motion",Hard,"A ball is dropped from a height and hits the ground. Assuming no air resistance, which of the following statements best describes the ball's acceleration just before it hits the ground?",The acceleration is zero.,The acceleration is less than the acceleration due to gravity.,The acceleration is greater than the acceleration due to gravity.,The acceleration is equal to the acceleration due to gravity.,D,The acceleration is equal to the acceleration due to gravity.,The acceleration due to gravity is constant near the Earth's surface and is not influenced by the ball's velocity.,"According to the laws of motion, the acceleration of an object in free fall is always equal to the acceleration due to gravity, regardless of the object's velocity or height.",2026-09-14 12:02:24
SCI_EN_0325,English,Science,"Classical Mechanics, Forces & Laws of Motion",Hard,"When a car is traveling at a constant velocity on a straight, level road, which of the following forces is acting on the car?",Only the force of gravity.,The force of gravity and the force of the road pushing the car forward.,The force of gravity and the force of the road pushing the car backward.,"The force of gravity, the force of the road pushing the car forward, and the force of the road pushing the car backward.",A,Only the force of gravity.,"At constant velocity, the forces are in equilibrium, with the force of gravity being balanced by the normal force from the road.","When the car is moving at a constant velocity, the net force acting on it is zero. Therefore, only the force of gravity acts on the car, with an equal and opposite normal force from the road keeping it in motion.",2026-09-14 12:02:24
SCI_EN_0326,English,Science,"Classical Mechanics, Forces & Laws of Motion",Hard,"A spring is stretched by a force, and the extension of the spring is directly proportional to the force applied. This relationship is best described by which of the following laws?",Newton's First Law of Motion.,Newton's Second Law of Motion.,Hooke's Law.,Newton's Third Law of Motion.,C,Hooke's Law.,Hooke's Law states that the force needed to extend or compress a spring by some distance is proportional to that distance.,"Hooke's Law, F = -kx, where F is the force, k is the spring constant, and x is the displacement from the equilibrium position, describes the direct proportionality between the force and the extension of a spring.",2026-09-14 12:02:24
SCI_EN_0327,English,Science,"Classical Mechanics, Forces & Laws of Motion",Hard,A car moving at a constant velocity collides with a stationary wall and comes to a stop. Which of the following statements is true regarding the forces involved in this scenario?,"The car applies a force to the wall, but the wall does not apply a force to the car.","The car applies a force to the wall, and the wall applies an equal and opposite force to the car.","The wall applies a force to the car, but the car does not apply a force to the wall.","The wall applies a force to the car, and the car applies an equal and opposite force to the wall.",B,"The car applies a force to the wall, and the wall applies an equal and opposite force to the car.","According to Newton's Third Law of Motion, forces between two objects are always equal in magnitude and opposite in direction.","When the car hits the wall, it exerts a force on the wall, and by Newton's Third Law, the wall exerts an equal and opposite force back on the car, causing it to decelerate and stop.",2026-09-14 12:02:24
SCI_EN_0328,English,Science,"Classical Mechanics, Forces & Laws of Motion",Hard,"In a perfectly elastic collision between two objects, which of the following is conserved?",Momentum only.,Kinetic energy only.,Both momentum and kinetic energy.,Neither momentum nor kinetic energy.,C,Both momentum and kinetic energy.,"In an elastic collision, both the total momentum and the total kinetic energy of the system remain constant.",An elastic collision is one where both momentum and kinetic energy are conserved. This means that the total momentum and total kinetic energy of the colliding objects before and after the collision are the same.,2026-09-14 12:02:24
SCI_EN_0329,English,Science,"Classical Mechanics, Forces & Laws of Motion",Hard,"A ball is thrown vertically upwards and reaches its maximum height. What is the net force acting on the ball at the highest point of its trajectory, neglecting air resistance?",The force of gravity is zero.,The net force is directed downwards.,The net force is directed upwards.,The net force is zero.,B,The net force is directed downwards.,"At the highest point, the ball momentarily stops, but gravity continues to pull it downward.","At the peak of its trajectory, the ball is instantaneously at rest, but gravity is still acting on it, causing a net downward force. This force is the only force acting on the ball at that instant, leading to a deceleration towards the ground.",2026-09-14 12:02:24
SCI_EN_0330,English,Science,"Classical Mechanics, Forces & Laws of Motion",Hard,"A block is placed on an inclined plane and is at rest. If the angle of the incline is increased, which of the following statements is true regarding the forces acting on the block?","The normal force increases, and the frictional force decreases.","The normal force decreases, and the frictional force increases.",The normal force and the frictional force both decrease.,The normal force and the frictional force both increase.,B,"The normal force decreases, and the frictional force increases.","As the incline angle increases, the normal force and the frictional force change to maintain equilibrium.","Increasing the angle of the incline reduces the normal force as it is perpendicular to the surface, while the frictional force increases to counteract the component of the gravitational force parallel to the incline.",2026-09-14 12:02:24
SCI_EN_0331,English,Science,"Classical Mechanics, Forces & Laws of Motion",Hard,"A rocket is launched vertically and expels fuel at a constant rate. Assuming the only forces acting are gravity and the thrust from the fuel expulsion, which of the following statements is true regarding the rocket's motion?",The rocket will continue to accelerate indefinitely.,The rocket will decelerate until it stops.,The rocket will reach a maximum velocity and then maintain that velocity.,The rocket will decelerate and then accelerate as fuel is depleted.,D,The rocket will decelerate and then accelerate as fuel is depleted.,"The rocket's acceleration is influenced by the decreasing thrust as the fuel is used up, leading to a change in its motion.","Initially, the rocket accelerates due to the thrust from the fuel expulsion. As the fuel is depleted, the thrust decreases, causing the rocket to decelerate. Once the fuel is completely used up, the only force acting is gravity, and the rocket will fall back to the ground.",2026-09-14 12:02:24
SCI_EN_0332,English,Science,"Heat, Thermodynamics & States of Matter",Easy,What state of matter has a definite volume but takes the shape of any container it is placed in?,Solid,Liquid,Gas,Plasma,B,Liquid,A liquid has a fixed volume but its shape is determined by the container.,"The fixed volume of a liquid means that it cannot be compressed, but it can take the shape of any container it is placed in.",2026-09-14 12:02:45
SCI_EN_0333,English,Science,"Heat, Thermodynamics & States of Matter",Easy,In which state of matter do particles have the least kinetic energy?,Gas,Liquid,Solid,Plasma,C,Solid,"In solids, particles are tightly packed and have the least kinetic energy.",Solids have a fixed shape and volume because the particles vibrate in fixed positions with minimal kinetic energy.,2026-09-14 12:02:45
SCI_EN_0334,English,Science,"Heat, Thermodynamics & States of Matter",Easy,Which of the following is a form of heat transfer where particles move from one place to another?,Conduction,Convection,Radiation,All of the above,D,All of the above,"Conduction, convection, and radiation are all methods of heat transfer.","Conduction involves direct contact, convection involves the movement of fluids, and radiation involves the transfer of heat through electromagnetic waves.",2026-09-14 12:02:45
SCI_EN_0335,English,Science,"Heat, Thermodynamics & States of Matter",Easy,Which of the following statements is true about the kinetic theory of matter?,Particles in a solid move freely and rapidly.,Particles in a gas are tightly packed and move slowly.,Particles in a liquid are closely packed and move freely.,Particles in a plasma are electrically neutral.,C,Particles in a liquid are closely packed and move freely.,"In liquids, particles are close together but can move past each other.",Liquids have a fixed volume but take the shape of their container due to the close packing of particles that can move around each other.,2026-09-14 12:02:45
SCI_EN_0336,English,Science,"Heat, Thermodynamics & States of Matter",Easy,What is the term for the maximum amount of heat a substance can hold?,Thermal Energy,Heat Capacity,Specific Heat,Latent Heat,B,Heat Capacity,Heat capacity is the amount of heat required to raise the temperature of a substance by a certain amount.,Heat capacity describes how much heat a substance can absorb or release for a given change in temperature.,2026-09-14 12:02:45
SCI_EN_0337,English,Science,"Heat, Thermodynamics & States of Matter",Easy,Which of the following is a state of matter that can flow freely and take the shape of its container?,Solid,Liquid,Gas,Both B and C,D,Both B and C,Both liquids and gases can flow and take the shape of their container.,Liquids and gases are not fixed in shape and can change volume to fill the space available.,2026-09-14 12:02:45
SCI_EN_0338,English,Science,"Heat, Thermodynamics & States of Matter",Easy,"What happens to the volume of a gas when the temperature is increased, assuming pressure remains constant?",The volume decreases.,The volume increases.,The volume remains constant.,The volume fluctuates.,B,The volume increases.,"As temperature increases, the volume of a gas increases if pressure is kept constant.","This is a result of the ideal gas law, which states that volume is directly proportional to temperature when pressure is constant.",2026-09-14 12:02:45
SCI_EN_0339,English,Science,"Heat, Thermodynamics & States of Matter",Easy,Which of the following best describes the state of matter where particles have a very high kinetic energy and are free to move through space?,Solid,Liquid,Gas,Plasma,D,Plasma,Plasma is a state of matter where particles have high energy and are free to move.,"Plasma is formed when a gas is heated to a very high temperature, causing electrons to be stripped from atoms, resulting in a charged state.",2026-09-14 12:02:45
SCI_EN_0340,English,Science,"Heat, Thermodynamics & States of Matter",Easy,What is the term used to describe the transfer of heat from one object to another by direct contact?,Conduction,Convection,Radiation,Evaporation,A,Conduction,Conduction is the transfer of heat through direct contact between particles.,"In conduction, heat energy is transferred from a higher-temperature object to a lower-temperature object via vibrations of particles.",2026-09-14 12:02:45
SCI_EN_0341,English,Science,"Heat, Thermodynamics & States of Matter",Easy,Which of the following is true about the states of matter in terms of intermolecular forces?,Solids have no intermolecular forces.,Liquids have stronger intermolecular forces than gases.,Gases have the weakest intermolecular forces.,Plasmas have the strongest intermolecular forces.,C,Gases have the weakest intermolecular forces.,"In gases, particles are far apart and have minimal intermolecular forces compared to solids and liquids.","Gases have low density and high compressibility because the particles are not held together by strong intermolecular forces, allowing them to move freely.",2026-09-14 12:02:45
SCI_EN_0342,English,Science,"Light, Optics, Reflection & Refraction",Medium,"When light passes from air into water, which of the following phenomena is observed?",The light travels faster and bends towards the normal.,The light travels slower and bends away from the normal.,The light travels faster and bends away from the normal.,The light travels slower and bends towards the normal.,D,The light travels slower and bends towards the normal.,Light slows down in denser mediums and bends towards the normal due to refraction.,"When light moves from a less dense medium (air) to a denser medium (water), it slows down and changes direction, bending towards the normal line. This is due to the change in the speed of light in different media.",2026-09-14 12:03:11
SCI_EN_0343,English,Science,"Light, Optics, Reflection & Refraction",Medium,Which of the following best describes the critical angle in refraction?,The angle at which light is completely absorbed by the medium.,The angle of incidence where total internal reflection begins.,The angle at which light is reflected off the surface.,The angle at which light travels parallel to the surface.,B,The angle of incidence where total internal reflection begins.,"At the critical angle, light is refracted at 90 degrees, and any greater angle of incidence results in total internal reflection.","The critical angle is the angle of incidence at which light is refracted at 90 degrees, meaning all light is reflected back into the original medium. Any angle greater than the critical angle results in total internal reflection, where light is completely reflected back into the original medium.",2026-09-14 12:03:11
SCI_EN_0344,English,Science,"Light, Optics, Reflection & Refraction",Medium,A ray of light is incident on a plane mirror at an angle of 30 degrees to the normal. What is the angle of reflection?,60 degrees,30 degrees,90 degrees,15 degrees,B,30 degrees,The angle of reflection is equal to the angle of incidence.,"According to the law of reflection, the angle of reflection is equal to the angle of incidence. Therefore, if the light is incident at 30 degrees to the normal, the angle of reflection is also 30 degrees.",2026-09-14 12:03:11
SCI_EN_0345,English,Science,"Light, Optics, Reflection & Refraction",Medium,Which of the following statements is true about the focal length of a convex lens?,It is always negative.,It is always positive.,It can be either positive or negative depending on the lens type.,It is zero.,B,It is always positive.,The focal length of a convex lens is positive because it focuses light to a point on the other side of the lens.,"A convex lens has a positive focal length because it focuses parallel rays of light to a point on the other side of the lens, which is called the focal point. This means that the focal length is always positive for a convex lens.",2026-09-14 12:03:11
SCI_EN_0346,English,Science,"Light, Optics, Reflection & Refraction",Medium,Which of the following phenomena explains why a spoon in a glass of water appears bent?,Reflection,Diffraction,Dispersion,Refraction,D,Refraction,"Light bends as it passes from water to air, creating the appearance of the spoon bending.","When light travels from a denser medium (water) to a less dense medium (air), it bends away from the normal due to refraction. This bending causes the spoon to appear bent when viewed from the side, as the light rays are refracted at the water-air interface.",2026-09-14 12:03:11
SCI_EN_0347,English,Science,"Light, Optics, Reflection & Refraction",Medium,"In a double-slit experiment, what happens when the distance between the slits is decreased?",The fringes become closer together.,The fringes become wider apart.,The fringes disappear.,The fringes remain the same.,A,The fringes become closer together.,Decreasing the distance between the slits reduces the spacing of the interference fringes.,"In a double-slit experiment, the distance between the slits affects the spacing of the interference fringes. A smaller distance between the slits results in closer spacing of the fringes, as the path difference between the two slits is reduced, leading to more closely spaced interference patterns.",2026-09-14 12:03:11
SCI_EN_0348,English,Science,"Light, Optics, Reflection & Refraction",Medium,Which of the following materials would most likely cause light to undergo total internal reflection?,Air,Water,Glass,Vacuum,C,Glass,"Glass has a higher refractive index than air, making it more likely to cause total internal reflection.","Total internal reflection occurs when light travels from a medium with a higher refractive index to one with a lower refractive index, and the angle of incidence is greater than the critical angle. Glass has a higher refractive index than air, making it a more likely candidate for total internal reflection compared to air, water, or a vacuum.",2026-09-14 12:03:11
SCI_EN_0349,English,Science,"Light, Optics, Reflection & Refraction",Medium,Which of the following best describes the polarization of light?,The frequency of the light waves.,The direction of the electric field in the light waves.,The wavelength of the light waves.,The intensity of the light waves.,B,The direction of the electric field in the light waves.,Polarization refers to the orientation of the electric field vector of light waves.,"Polarization describes the orientation of the electric field vector in light waves. When the electric field vector of light waves is aligned in a specific direction, the light is said to be polarized in that direction. This can be achieved through various methods, such as passing light through a polarizing filter.",2026-09-14 12:03:11
SCI_EN_0350,English,Science,"Light, Optics, Reflection & Refraction",Medium,What is the relationship between the refractive index of a medium and the speed of light in that medium?,The refractive index is directly proportional to the speed of light.,The refractive index is inversely proportional to the speed of light.,The refractive index is independent of the speed of light.,The refractive index is equal to the speed of light.,B,The refractive index is inversely proportional to the speed of light.,The refractive index of a medium is inversely related to the speed of light in that medium.,"The refractive index (n) of a medium is defined as the ratio of the speed of light in vacuum (c) to the speed of light in the medium (v). Therefore, the refractive index is inversely proportional to the speed of light in the medium, meaning that as the speed of light decreases, the refractive index increases.",2026-09-14 12:03:11
SCI_EN_0351,English,Science,"Light, Optics, Reflection & Refraction",Medium,Which of the following statements is true about the dispersion of light?,It causes all colors of light to travel at the same speed in a prism.,It causes different colors of light to travel at different speeds in a prism.,"It only affects the intensity of light, not its speed.",It is the same as total internal reflection.,B,It causes different colors of light to travel at different speeds in a prism.,Dispersion occurs because different colors of light have different wavelengths and therefore different speeds when passing through a prism.,"Dispersion is the phenomenon where different colors of light are separated when they pass through a prism. This happens because different colors of light have different wavelengths and thus travel at different speeds in the prism, causing them to bend by different amounts. This results in the separation of white light into its constituent colors.",2026-09-14 12:03:11
SCI_EN_0352,English,Science,"Sound, Acoustics & Wave Motion",Hard,Which of the following phenomena can be explained by the principle of superposition in wave motion?,Interference of sound waves from two tuning forks.,Diffraction of light through a single slit.,Reflection of sound off a flat surface.,Absorption of sound by a material.,A,Interference of sound waves from two tuning forks.,Interference results from the superposition of two or more waves.,"When two tuning forks are sounded simultaneously, their waves interfere constructively or destructively, depending on their phase difference, creating areas of increased or decreased sound intensity.",2026-09-14 12:03:35
SCI_EN_0353,English,Science,"Sound, Acoustics & Wave Motion",Hard,"In a standing wave pattern, which nodes are always present?",Nodes where the amplitude of the wave is maximum.,Nodes where the amplitude of the wave is minimum.,Nodes where the amplitude of the wave is zero.,Nodes where the amplitude of the wave is infinite.,C,Nodes where the amplitude of the wave is zero.,Nodes represent points of zero displacement in a standing wave.,"Nodes in a standing wave are points that do not move, maintaining zero displacement, while antinodes represent maximum displacement.",2026-09-14 12:03:35
SCI_EN_0354,English,Science,"Sound, Acoustics & Wave Motion",Hard,What is the primary reason for the Doppler effect in sound waves?,The medium's density changes with frequency.,The observer's position changes relative to the source.,The source's amplitude varies with time.,The medium's temperature fluctuates.,B,The observer's position changes relative to the source.,The Doppler effect occurs due to relative motion between the source and the observer.,"The observed frequency of a wave changes when the source and observer are moving relative to each other, due to the varying distance over which the wave travels.",2026-09-14 12:03:35
SCI_EN_0355,English,Science,"Sound, Acoustics & Wave Motion",Hard,Which of the following is an example of a standing wave in a tube open at both ends?,A single frequency wave with no nodes.,A single frequency wave with nodes at both ends.,A single frequency wave with nodes at one end and an antinode at the other.,A single frequency wave with an antinode at both ends.,C,A single frequency wave with nodes at one end and an antinode at the other.,"Nodes are points of zero displacement, while antinodes are points of maximum displacement in standing waves.","In a tube open at both ends, standing waves form with nodes at the closed end and an antinode at the open end, reflecting the boundary conditions of the system.",2026-09-14 12:03:35
SCI_EN_0356,English,Science,"Sound, Acoustics & Wave Motion",Hard,"In a longitudinal wave, what is the direction of particle motion relative to the direction of wave propagation?",Particles move in a direction perpendicular to the wave propagation.,Particles move in a direction parallel to the wave propagation.,Particles move in a circular motion.,Particles remain stationary.,B,Particles move in a direction parallel to the wave propagation.,"In longitudinal waves, particle displacement is parallel to the direction of wave motion.","Particles in a longitudinal wave, such as sound in air, vibrate back and forth along the direction of wave propagation, compressing and rarefying the medium.",2026-09-14 12:03:35
SCI_EN_0357,English,Science,"Sound, Acoustics & Wave Motion",Hard,What is the condition for resonance in an open pipe (flute) to produce a fundamental frequency?,The length of the pipe is an odd multiple of the quarter wavelength.,The length of the pipe is an even multiple of the quarter wavelength.,The length of the pipe is a multiple of the half wavelength.,The length of the pipe is an odd multiple of the half wavelength.,C,The length of the pipe is a multiple of the half wavelength.,Resonance in an open pipe occurs at specific wavelengths that fit the boundary conditions.,"For an open pipe, the fundamental frequency is produced when the length of the pipe is a multiple of half a wavelength, fitting the boundary conditions of having an antinode at each end.",2026-09-14 12:03:35
SCI_EN_0358,English,Science,"Sound, Acoustics & Wave Motion",Hard,Which of the following statements about transverse waves is true?,Particles move parallel to the direction of wave propagation.,Particles move perpendicular to the direction of wave propagation.,Particles remain stationary while the wave passes through.,The wave cannot travel through a vacuum.,B,Particles move perpendicular to the direction of wave propagation.,"In transverse waves, particles oscillate perpendicular to the direction of wave motion.","Examples include waves on a string or electromagnetic waves, where particles oscillate perpendicular to the direction of wave propagation, allowing the wave to travel through a vacuum.",2026-09-14 12:03:35
SCI_EN_0359,English,Science,"Sound, Acoustics & Wave Motion",Hard,What is the principle behind the Mach cone observed in supersonic flight?,The interference of multiple shock waves.,The diffraction of sound waves around the aircraft.,The reflection of sound waves off the ground.,The compression of air due to the aircraft's velocity exceeding the speed of sound.,D,The compression of air due to the aircraft's velocity exceeding the speed of sound.,A Mach cone forms when the speed of an object exceeds the speed of sound.,"As an aircraft travels faster than the speed of sound, it compresses the surrounding air, creating a conical shock wave, or Mach cone, which is visible as a bright streak.",2026-09-14 12:03:35
SCI_EN_0360,English,Science,"Sound, Acoustics & Wave Motion",Hard,Which of the following is NOT a characteristic of a standing wave?,Nodes and antinodes are present.,The frequency of the wave is constant.,There is no net transfer of energy.,The wave is a result of interference.,B,The frequency of the wave is constant.,Standing waves do not have a continuously changing frequency or wavelength.,"Standing waves are a superposition of two identical traveling waves moving in opposite directions, resulting in a pattern of nodes and antinodes that do not change with time, and thus do not involve a continuous transfer of energy.",2026-09-14 12:03:35
SCI_EN_0361,English,Science,"Sound, Acoustics & Wave Motion",Hard,What is the primary reason for the change in pitch heard when a tuning fork is struck gently versus forcefully?,The frequency of the vibration is altered.,The amplitude of the vibration is altered.,The material of the tuning fork changes.,The shape of the tuning fork changes.,B,The amplitude of the vibration is altered.,"The pitch of a sound is primarily determined by its frequency, but the perceived loudness is influenced by the amplitude.","When a tuning fork is struck gently, the amplitude of vibration is smaller, resulting in a softer sound. Striking it forcefully increases the amplitude, leading to a louder sound, but the frequency remains the same, explaining why the pitch does not change.",2026-09-14 12:03:35
SCI_EN_0362,English,Science,"Electricity, Current & Magnetism",Easy,What happens to the direction of an electron in an electric field?,It moves towards the negative terminal.,It moves towards the positive terminal.,It remains stationary.,It moves randomly.,A,It moves towards the negative terminal.,"Electrons are negatively charged, so they are attracted to the negative terminal in an electric field.","Electrons have a negative charge and, as a result, they move towards the negative terminal of an electric field, which is a region of lower potential.",2026-09-14 12:03:55
SCI_EN_0363,English,Science,"Electricity, Current & Magnetism",Easy,What is the unit of electric current?,Volt,Ampere,Ohm,Watt,B,Ampere,The Ampere measures the amount of electric charge flowing through a conductor per second.,"The Ampere is the standard unit used to measure electric current, representing the flow of electric charge through a conductor over time.",2026-09-14 12:03:55
SCI_EN_0364,English,Science,"Electricity, Current & Magnetism",Easy,What is the SI unit of magnetic field strength?,Tesla,Ohm,Watt,Henry,A,Tesla,Tesla measures the strength of a magnetic field.,"Tesla is the standard unit used to measure the strength of a magnetic field, indicating how much magnetic flux passes through a given area.",2026-09-14 12:03:55
SCI_EN_0365,English,Science,"Electricity, Current & Magnetism",Easy,Which of the following materials is a ferromagnetic material?,Copper,Aluminum,Steel,Glass,C,Steel,Steel can be magnetized and retains its magnetic properties.,"Steel is a ferromagnetic material, meaning it can be easily magnetized and retains its magnetic properties even after the external magnetic field is removed.",2026-09-14 12:03:55
SCI_EN_0366,English,Science,"Electricity, Current & Magnetism",Easy,What is the main component of a simple electric generator?,Resistor,Transformer,Coil,Diode,C,Coil,A coil is used to generate an electric current through electromagnetic induction.,"A coil in a generator is subjected to a changing magnetic field, which induces an electric current in the wire winding of the coil, based on Faraday's law of electromagnetic induction.",2026-09-14 12:03:55
SCI_EN_0367,English,Science,"Electricity, Current & Magnetism",Easy,What does the Ohm's law state?,V = I / R,I = V / R,R = I / V,V = R / I,B,I = V / R,"Ohm's law defines the relationship between voltage, current, and resistance in an electrical circuit.","Ohm's law states that the current (I) flowing through a conductor between two points is directly proportional to the voltage (V) across the two points, and inversely proportional to the resistance (R) between them.",2026-09-14 12:03:55
SCI_EN_0368,English,Science,"Electricity, Current & Magnetism",Easy,What is the SI unit of electric resistance?,Ampere,Volt,Ohm,Tesla,C,Ohm,Ohm is the unit that measures the opposition to electric current in a conductor.,"Ohm is the standard unit of electrical resistance, indicating how much a component or material opposes the flow of electric current.",2026-09-14 12:03:55
SCI_EN_0369,English,Science,"Electricity, Current & Magnetism",Easy,What is the direction of the magnetic field created by a straight current-carrying conductor?,Along the direction of the current.,Perpendicular to the direction of the current.,Towards the center of the conductor.,Outwards from the conductor.,B,Perpendicular to the direction of the current.,The magnetic field lines form concentric circles around the conductor and are perpendicular to the current flow.,"According to Ampère's circuital law, the magnetic field created by a straight current-carrying conductor forms concentric circles around the conductor, and the direction of these circles is perpendicular to the direction of the current.",2026-09-14 12:03:55
SCI_EN_0370,English,Science,"Electricity, Current & Magnetism",Easy,Which of the following is not a component of an electric motor?,Armature,Commutator,Magnet,Transformer,D,Transformer,A transformer is not a component of an electric motor; it is used in power distribution systems.,"An electric motor contains components such as the armature, commutator, and magnets to convert electrical energy into mechanical energy. A transformer, on the other hand, is used for voltage transformation in power systems and is not part of an electric motor.",2026-09-14 12:03:55
SCI_EN_0371,English,Science,"Modern Physics, Atoms & Nuclear Energy",Medium,Which of the following particles is emitted during beta decay?,Proton,Neutron,Electron,Photon,C,Electron,Beta decay involves the emission of an electron or positron.,"In beta decay, a neutron in the nucleus is converted into a proton, releasing an electron (beta particle) and an antineutrino.",2026-09-14 12:04:18
SCI_EN_0372,English,Science,"Modern Physics, Atoms & Nuclear Energy",Medium,What is the primary purpose of a nuclear reactor moderator?,To absorb neutrons and start the chain reaction,To increase the speed of neutrons and sustain the chain reaction,To release neutrons and maintain the chain reaction,To cool the nuclear fuel rods,B,To increase the speed of neutrons and sustain the chain reaction,"Moderators slow down fast neutrons, increasing the probability of fission.","Moderators like graphite or heavy water are used to slow down fast neutrons, making them more likely to collide with fissile nuclei and sustain the chain reaction.",2026-09-14 12:04:18
SCI_EN_0373,English,Science,"Modern Physics, Atoms & Nuclear Energy",Medium,Which of the following is the nuclear binding energy of a typical atom?,1 MeV per nucleon,10 MeV per nucleon,100 MeV per nucleon,1000 MeV per nucleon,C,100 MeV per nucleon,Typical binding energies for atomic nuclei are on the order of 100 MeV per nucleon.,"The binding energy per nucleon for most atoms ranges from about 7 to 9 MeV, with typical values around 8-9 MeV, which can be expressed as 100 MeV per nucleon in simplified terms.",2026-09-14 12:04:18
SCI_EN_0374,English,Science,"Modern Physics, Atoms & Nuclear Energy",Medium,"In the context of the Bohr model, what determines the energy levels of an electron in an atom?",The electron's speed,The distance of the electron from the nucleus,The total mass of the atom,The temperature of the atom,B,The distance of the electron from the nucleus,The energy levels are quantized based on the electron's distance from the nucleus.,"In the Bohr model, electrons orbit the nucleus in specific energy levels, with the energy of the electron depending on its distance from the nucleus, with lower energy levels closer to the nucleus.",2026-09-14 12:04:18
SCI_EN_0375,English,Science,"Modern Physics, Atoms & Nuclear Energy",Medium,Which equation best describes the relationship between the energy of a photon and its frequency?,E = h/f,E = hf,E = f/h,E = h + f,B,E = hf,The energy of a photon is directly proportional to its frequency.,"Planck's equation, E = hf, states that the energy of a photon is directly proportional to its frequency, where h is Planck's constant.",2026-09-14 12:04:18
SCI_EN_0376,English,Science,"Modern Physics, Atoms & Nuclear Energy",Medium,What is the primary cause of alpha decay in atomic nuclei?,Electron capture,Neutron deficiency,Proton excess,Nuclear fission,B,Neutron deficiency,"Alpha decay occurs when a nucleus has an excess of protons, making it unstable.","Alpha decay is a process where a nucleus with an excess of protons emits an alpha particle, consisting of two protons and two neutrons, to become more stable.",2026-09-14 12:04:18
SCI_EN_0377,English,Science,"Modern Physics, Atoms & Nuclear Energy",Medium,Which of the following is a characteristic of a fusion reaction?,It requires a large temperature to initiate.,It releases a small amount of energy.,It occurs only in heavy elements.,It is a spontaneous process.,A,It requires a large temperature to initiate.,Fusion reactions require high temperatures to overcome electrostatic repulsion.,"Fusion reactions, like those in stars, require extremely high temperatures to overcome the repulsive forces between nuclei and bring them close enough for the strong nuclear force to bind them.",2026-09-14 12:04:18
SCI_EN_0378,English,Science,"Modern Physics, Atoms & Nuclear Energy",Medium,What is the primary reason for the existence of the nuclear binding energy curve?,To calculate the energy required to split a nucleus into its constituent protons and neutrons.,To determine the stability of different nuclei.,To measure the mass of individual nucleons.,To predict the half-life of radioactive isotopes.,B,To determine the stability of different nuclei.,The nuclear binding energy curve shows the stability of nuclei based on their binding energy per nucleon.,"The nuclear binding energy curve is a graphical representation that shows the stability of different nuclei, with the most stable nuclei having the highest binding energy per nucleon.",2026-09-14 12:04:18
SCI_EN_0379,English,Science,"Modern Physics, Atoms & Nuclear Energy",Medium,"In nuclear fission, what role do control rods play?",To absorb neutrons and control the reaction rate,To release neutrons and start the reaction,To increase the temperature of the reactor,To cool down the reactor core,A,To absorb neutrons and control the reaction rate,"Control rods are used to regulate the number of neutrons in a reactor, thereby controlling the fission reaction.","Control rods are inserted into the reactor to absorb excess neutrons, slowing down the chain reaction and preventing the reactor from becoming too hot or producing too much power.",2026-09-14 12:04:18
SCI_EN_0380,English,Science,"Modern Physics, Atoms & Nuclear Energy",Medium,What is the significance of the quantum mechanical model of the atom?,It explains the emission of light by atoms.,It provides a precise prediction of an atom's size.,It describes the behavior of electrons in terms of probability distributions.,It is used to calculate the mass of an atom.,C,It describes the behavior of electrons in terms of probability distributions.,The quantum mechanical model explains the probabilistic nature of electron orbitals.,"The quantum mechanical model of the atom describes electrons as occupying regions of space called orbitals, which are characterized by probability distributions rather than fixed orbits.",2026-09-14 12:04:18
SCI_EN_0381,English,Science,"Atomic Structure, Molecules & Chemical Bonding",Hard,"In a covalent bond, what determines the bond order between two atoms?",The number of shared electron pairs between the atoms,The difference in electronegativity between the atoms,The total number of valence electrons in the atoms,The distance between the atomic nuclei,A,The number of shared electron pairs between the atoms,"Bond order is determined by the number of bonding electron pairs, which affects the strength and stability of the bond.","Bond order is a measure of the number of bonding electron pairs in a molecule. It is directly related to the bond's strength and stability. For example, a double bond has a bond order of 2, and a triple bond has a bond order of 3.",2026-09-14 12:04:48
SCI_EN_0382,English,Science,"Atomic Structure, Molecules & Chemical Bonding",Hard,Which of the following best describes the concept of resonance in molecular structures?,A single bond between two atoms that fluctuates between different positions,A single electron that is delocalized over multiple atoms,A molecule that can exist in multiple isomeric forms,A situation where the true structure of a molecule is an average of several contributing structures,D,A situation where the true structure of a molecule is an average of several contributing structures,Resonance explains how a molecule can adopt an average structure that better represents the overall stability of the system.,"Resonance structures are hypothetical structures used to describe delocalized electrons in molecules. The true structure is a hybrid of these structures, which better represents the molecule's stability and electronic distribution.",2026-09-14 12:04:48
SCI_EN_0383,English,Science,"Atomic Structure, Molecules & Chemical Bonding",Hard,Which of the following best explains the concept of electronegativity difference in determining the polarity of a bond?,The difference in atomic radii between the atoms forming the bond,The difference in ionization energies of the atoms forming the bond,The difference in electronegativity between the atoms forming the bond,The difference in electron affinity of the atoms forming the bond,C,The difference in electronegativity between the atoms forming the bond,"A greater electronegativity difference results in a more polar bond, with a higher tendency for electron density to be drawn towards the more electronegative atom.","Electronegativity is a measure of an atom's ability to attract and hold onto electrons. A larger difference in electronegativity between two atoms leads to a polar bond, where the electrons are more likely to be pulled towards the more electronegative atom, creating a dipole moment.",2026-09-14 12:04:48
SCI_EN_0384,English,Science,"Atomic Structure, Molecules & Chemical Bonding",Hard,Which of the following statements best describes the concept of hybridization in atomic structure?,"The mixing of atomic orbitals to form new, equivalent orbitals",The splitting of atomic orbitals into different energy levels,The realignment of atomic orbitals to increase atomic radius,The stabilization of atomic orbitals by adding extra electrons,A,"The mixing of atomic orbitals to form new, equivalent orbitals","Hybridization involves the combination of atomic orbitals to form a set of hybrid orbitals, each with the same energy and geometry.","Hybridization is a concept in chemistry that explains the redistribution of valence electrons among atoms to form new orbitals with a specific geometry, which is more stable and efficient in bonding.",2026-09-14 12:04:48
SCI_EN_0385,English,Science,"Atomic Structure, Molecules & Chemical Bonding",Hard,"In VSEPR theory, what determines the molecular geometry of a molecule?",The number of lone pairs and bonding pairs of electrons around the central atom,The size of the central atom,The strength of the covalent bonds,The electronegativity of the atoms involved,A,The number of lone pairs and bonding pairs of electrons around the central atom,Molecular geometry is determined by the spatial arrangement of electron pairs (both lone pairs and bonding pairs) around the central atom.,"VSEPR theory predicts the shape of a molecule based on the number of electron pairs (both bonding and non-bonding) surrounding the central atom. This arrangement minimizes electron pair repulsion, leading to specific molecular geometries such as linear, trigonal planar, or tetrahedral.",2026-09-14 12:04:48
SCI_EN_0386,English,Science,"Atomic Structure, Molecules & Chemical Bonding",Hard,Which of the following best describes the concept of metallic bonding in a metallic lattice?,The sharing of electrons between metal atoms to form covalent bonds,The transfer of electrons to form ionic bonds between metal ions,"The delocalization of electrons among metal atoms, forming a sea of electrons",The formation of hydrogen bonds between metal atoms,C,"The delocalization of electrons among metal atoms, forming a sea of electrons","Metallic bonding involves the delocalization of valence electrons throughout the metal lattice, which allows for the free movement of these electrons and the properties of metals.","In metallic bonding, valence electrons are not localized between specific atoms but are free to move throughout the entire metallic lattice. This delocalization of electrons is responsible for the metallic properties such as conductivity, malleability, and ductility.",2026-09-14 12:04:48
SCI_EN_0387,English,Science,"Atomic Structure, Molecules & Chemical Bonding",Hard,Which of the following best describes the concept of ionic bonding in terms of electron transfer?,The sharing of electrons between atoms to form a covalent bond,The transfer of electrons from a metal to a non-metal to form ions,The delocalization of electrons among atoms to form a metallic lattice,The transfer of electrons from a non-metal to a metal to form ions,B,The transfer of electrons from a metal to a non-metal to form ions,"Ionic bonding occurs when electrons are completely transferred from a metal atom to a non-metal atom, creating oppositely charged ions that are attracted to each other.","Ionic bonding is a type of chemical bonding that occurs between a metal and a non-metal. In this process, electrons are transferred from the metal to the non-metal, resulting in the formation of positively charged cations from the metal and negatively charged anions from the non-metal. The electrostatic attraction between these oppositely charged ions forms an ionic compound.",2026-09-14 12:04:48
SCI_EN_0388,English,Science,"Atomic Structure, Molecules & Chemical Bonding",Hard,Which of the following best explains the concept of resonance in the context of molecular orbital theory?,The mixing of atomic orbitals to form molecular orbitals,The stabilization of a molecule by the delocalization of electrons,"The splitting of molecular orbitals into new, equivalent orbitals",The stabilization of a molecule by the delocalization of atomic orbitals,B,The stabilization of a molecule by the delocalization of electrons,"Resonance in molecular orbital theory refers to the delocalization of electrons across multiple atoms, which leads to a more stable molecular structure.","Resonance in molecular orbital theory explains how electrons can be distributed across multiple molecular orbitals, leading to a more stable electronic configuration. This stabilization results in lower energy levels and enhanced stability of the molecule.",2026-09-14 12:04:48
SCI_EN_0389,English,Science,"Atomic Structure, Molecules & Chemical Bonding",Hard,Which of the following statements best describes the concept of a sigma (σ) bond in covalent bonding?,A bond formed by the head-on overlap of atomic orbitals,A bond formed by the side-on overlap of atomic orbitals,A bond formed by the delocalization of electrons across multiple atoms,A bond formed by the overlap of molecular orbitals,A,A bond formed by the head-on overlap of atomic orbitals,"A sigma bond is formed when atomic orbitals overlap along the internuclear axis, creating a strong bond with the highest degree of electron density between the nuclei.","A sigma (σ) bond is the strongest type of covalent bond, formed by the head-on overlap of atomic orbitals. This overlap creates a region of high electron density between the nuclei, resulting in a stable bond. Sigma bonds can be single, double, or triple bonds, depending on the extent of overlap.",2026-09-14 12:04:48
SCI_EN_0390,English,Science,"Atomic Structure, Molecules & Chemical Bonding",Hard,Which of the following best describes the concept of a pi (π) bond in covalent bonding?,A bond formed by the head-on overlap of atomic orbitals,A bond formed by the side-on overlap of atomic orbitals,A bond formed by the delocalization of electrons across multiple atoms,A bond formed by the overlap of molecular orbitals,B,A bond formed by the side-on overlap of atomic orbitals,"A pi bond is formed by the side-on overlap of atomic orbitals, which is weaker than a sigma bond but still contributes to the stability of the molecule.","A pi (π) bond is a type of covalent bond formed by the side-on overlap of atomic orbitals. This overlap is weaker than that of a sigma bond due to the lower electron density between the nuclei. However, pi bonds still play a crucial role in the stability and reactivity of molecules, especially in double and triple bonds.",2026-09-14 12:04:49
SCI_EN_0391,English,Science,"Periodic Table, Metals & Non-metals",Easy,Which of the following elements is a metal?,Oxygen,Sodium,Chlorine,Nitrogen,B,Sodium,Sodium is a metal because it is found on the left side of the periodic table and has good electrical conductivity.,"Metals are typically found on the left side of the periodic table and have properties such as good electrical conductivity, malleability, and ductility. Sodium is a good conductor of electricity and is located in the first group of the periodic table, making it a metal.",2026-09-14 12:05:12
SCI_EN_0392,English,Science,"Periodic Table, Metals & Non-metals",Easy,Which of the following elements is a non-metal?,Copper,Sulfur,Iron,Bismuth,B,Sulfur,Sulfur is a non-metal because it is found on the right side of the periodic table and does not conduct electricity.,"Non-metals are typically found on the right side of the periodic table and have properties such as poor electrical conductivity, and they tend to gain electrons to form negative ions. Sulfur is a poor conductor of electricity and is located in the 16th group of the periodic table, making it a non-metal.",2026-09-14 12:05:12
SCI_EN_0393,English,Science,"Periodic Table, Metals & Non-metals",Easy,Which of the following elements is a metalloid?,Bromine,Silicon,Iodine,Fluorine,B,Silicon,Silicon is a metalloid because it has properties intermediate between metals and non-metals.,"Metalloids are elements that have properties intermediate between metals and non-metals. They are usually located along the staircase line on the periodic table, and silicon is one such example, with some metallic and some non-metallic properties.",2026-09-14 12:05:12
SCI_EN_0394,English,Science,"Periodic Table, Metals & Non-metals",Easy,Which of the following elements is a transition metal?,Magnesium,Sodium,Zinc,Argon,C,Zinc,Zinc is a transition metal because it is found in the d-block of the periodic table.,"Transition metals are found in the d-block of the periodic table, which includes elements with partially filled d orbitals. Zinc is a transition metal because it is located in the second transition series and has a partially filled d orbital.",2026-09-14 12:05:12
SCI_EN_0395,English,Science,"Periodic Table, Metals & Non-metals",Easy,Which of the following elements is a noble gas?,Aluminum,Neon,Sodium,Sulfur,B,Neon,Neon is a noble gas because it has a full outer shell of electrons.,"Noble gases are elements with a full outer shell of electrons, making them generally unreactive. Neon is a noble gas because it is located in the 18th group of the periodic table and has a full outer shell of electrons, making it a noble gas.",2026-09-14 12:05:12
SCI_EN_0396,English,Science,"Periodic Table, Metals & Non-metals",Easy,Which of the following elements is a representative element?,Copper,Iron,Zinc,Mercury,A,Copper,Copper is a representative element because it is found in the s-block and p-block of the periodic table.,"Representative elements are those found in the s-block and p-block of the periodic table, excluding the lanthanides and actinides. Copper is a representative element because it is located in the first transition series and has properties typical of representative elements.",2026-09-14 12:05:12
SCI_EN_0397,English,Science,"Periodic Table, Metals & Non-metals",Easy,Which of the following elements is a metalloid and a semiconductor?,Silicon,Chlorine,Sodium,Argon,A,Silicon,Silicon is a metalloid and a semiconductor because it has properties intermediate between metals and non-metals.,"Silicon is a metalloid because it is located along the staircase line on the periodic table and has properties intermediate between metals and non-metals. Additionally, silicon is a semiconductor because it can conduct electricity under certain conditions, making it useful in electronics.",2026-09-14 12:05:12
SCI_EN_0398,English,Science,"Periodic Table, Metals & Non-metals",Easy,Which of the following elements is a metal and a good conductor of electricity?,Bromine,Sodium,Iodine,Fluorine,B,Sodium,Sodium is a metal and a good conductor of electricity because it is found on the left side of the periodic table.,"Metals are typically found on the left side of the periodic table and have properties such as good electrical conductivity, malleability, and ductility. Sodium is a good conductor of electricity and is located in the first group of the periodic table, making it a metal and a good conductor of electricity.",2026-09-14 12:05:12
SCI_EN_0399,English,Science,"Periodic Table, Metals & Non-metals",Easy,Which of the following elements is a non-metal and a poor conductor of electricity?,Copper,Sulfur,Iron,Bismuth,B,Sulfur,Sulfur is a non-metal and a poor conductor of electricity because it is found on the right side of the periodic table.,"Non-metals are typically found on the right side of the periodic table and have properties such as poor electrical conductivity, and they tend to gain electrons to form negative ions. Sulfur is a poor conductor of electricity and is located in the 16th group of the periodic table, making it a non-metal and a poor conductor of electricity.",2026-09-14 12:05:12
SCI_EN_0400,English,Science,"Periodic Table, Metals & Non-metals",Easy,Which of the following elements is a metalloid and a semiconductor and found in the p-block?,Silicon,Chlorine,Sodium,Argon,A,Silicon,"Silicon is a metalloid, a semiconductor, and found in the p-block of the periodic table.","Silicon is a metalloid because it is located along the staircase line on the periodic table and has properties intermediate between metals and non-metals. Additionally, silicon is a semiconductor because it can conduct electricity under certain conditions, making it useful in electronics. Silicon is also found in the p-block of the periodic table, which includes elements with partially filled p orbitals.",2026-09-14 12:05:12
SCI_EN_0401,English,Science,"Acids, Bases, Salts & Chemical Reactions",Medium,Which of the following is a characteristic of a strong acid?,It dissociates completely in water to form hydrogen ions and acid anions.,It partially dissociates in water to form hydrogen ions and acid anions.,It does not dissociate in water at all.,It forms a precipitate with water.,A,It dissociates completely in water to form hydrogen ions and acid anions.,"Complete dissociation means the acid fully ionizes, providing a strong proton (H+) source.","Strong acids, like hydrochloric acid (HCl), ionize completely in water, making the solution very acidic. This full dissociation is crucial for strong acids to exert their effect in chemical reactions.",2026-09-14 12:05:39
SCI_EN_0402,English,Science,"Acids, Bases, Salts & Chemical Reactions",Medium,Which of the following is NOT a property of a base?,It can turn litmus paper blue.,It can neutralize an acid.,It can form a precipitate with a strong acid.,It can react with an acid to form a salt and water.,C,It can form a precipitate with a strong acid.,Bases do not typically form precipitates with acids; this is more characteristic of a solubility issue.,"Bases do not usually form precipitates with acids. They can form salts and water when reacting with acids, but they do not precipitate out of solution in the process. Precipitates form when two solutions are mixed and an insoluble compound is produced.",2026-09-14 12:05:39
SCI_EN_0403,English,Science,"Acids, Bases, Salts & Chemical Reactions",Medium,"In a reaction between a strong acid and a base, what is the primary product?",A gas is produced.,A precipitate is formed.,A salt and water are formed.,An acid and a salt are formed.,C,A salt and water are formed.,"When a strong acid and a base react, they typically produce a neutral salt and water as the primary products.","The reaction between a strong acid and a base is a neutralization reaction, which results in the formation of a salt and water. This process is characterized by the transfer of a proton from the acid to the base, forming H2O and a salt.",2026-09-14 12:05:39
SCI_EN_0404,English,Science,"Acids, Bases, Salts & Chemical Reactions",Medium,Which of the following is an example of a non-volatile acid?,Hydrochloric acid (HCl),Nitric acid (HNO3),Sulfuric acid (H2SO4),Phosphoric acid (H3PO4),D,Phosphoric acid (H3PO4),Non-volatile acids do not readily evaporate into a gas at room temperature.,"Phosphoric acid, unlike some of the other acids, does not easily vaporize. This property makes it a non-volatile acid, which is important in many industrial and laboratory applications where acid is needed in a liquid form.",2026-09-14 12:05:39
SCI_EN_0405,English,Science,"Acids, Bases, Salts & Chemical Reactions",Medium,Which of the following is a common salt formed when sulfuric acid reacts with sodium hydroxide?,Sodium sulfate (Na2SO4),Sodium carbonate (Na2CO3),Sodium nitrate (NaNO3),Sodium chloride (NaCl),A,Sodium sulfate (Na2SO4),The correct salt is formed from the combination of the cation from the base and the anion from the acid.,"When sulfuric acid (H2SO4) reacts with sodium hydroxide (NaOH), it produces sodium sulfate (Na2SO4) and water (H2O). The cation from the base (Na+) combines with the anion from the acid (SO4^2-).",2026-09-14 12:05:39
SCI_EN_0406,English,Science,"Acids, Bases, Salts & Chemical Reactions",Medium,What is the pH of a 0.1 M solution of hydrochloric acid (HCl) at 25°C?,1,7,10,14,A,1,"The pH is determined by the concentration of hydrogen ions in the solution, which for HCl is 0.1 M, leading to a pH of 1.","Hydrochloric acid is a strong acid that completely dissociates in water, producing 0.1 M of H+ ions. The pH is calculated as -log[H+], which equals -log(0.1) = 1.",2026-09-14 12:05:39
SCI_EN_0407,English,Science,"Acids, Bases, Salts & Chemical Reactions",Medium,Which of the following is a salt formed from a strong acid and a strong base?,Sodium bicarbonate (NaHCO3),Ammonium chloride (NH4Cl),Sodium chloride (NaCl),Sodium hydroxide (NaOH),C,Sodium chloride (NaCl),Salts formed from strong acid and strong base reactions are typically ionic and soluble in water.,"Sodium chloride (NaCl) is a salt that forms when a strong acid, like HCl, reacts with a strong base, like NaOH. The resulting product is a neutral ionic compound that is soluble in water.",2026-09-14 12:05:39
SCI_EN_0408,English,Science,"Acids, Bases, Salts & Chemical Reactions",Medium,Which of the following is NOT a characteristic of a salt?,It dissociates into ions in water.,It can conduct electricity in solution.,It can be a solid or liquid.,It can react with water to form a gas.,D,It can react with water to form a gas.,Salts do not typically react with water to produce gases; this is more characteristic of certain metal carbonates or hydrogen carbonates.,"Salts dissociate into ions in water and can conduct electricity in solution, but they do not react with water to form gases. Reactions that produce gases usually involve specific metal carbonates or hydrogen carbonates.",2026-09-14 12:05:39
SCI_EN_0409,English,Science,"Acids, Bases, Salts & Chemical Reactions",Medium,Which of the following is a correct representation of the dissociation of sodium bicarbonate (NaHCO3) in water?,NaHCO3 → Na+ + H+ + CO3^2-,NaHCO3 → Na+ + H2CO3,NaHCO3 → Na+ + H+ + CO2 + H2O,NaHCO3 → Na+ + HCO3-,D,NaHCO3 → Na+ + HCO3-,Bicarbonate ion (HCO3-) is a weak acid and only partially dissociates in water.,"Sodium bicarbonate dissociates in water to produce sodium ions (Na+) and a bicarbonate ion (HCO3-). The bicarbonate ion is a weak acid and does not fully dissociate, making this the correct representation.",2026-09-14 12:05:39
SCI_EN_0410,English,Science,"Organic Chemistry, Hydrocarbons & Everyday Chemicals",Hard,Which of the following is NOT a correct representation of the structural isomerism of butane (C4H10)?,n-butane (CH3-CH2-CH2-CH3),2-methylpropane (CH3-CH(CH3)2),2-butene (CH3-CH=CH-CH3),2-methylbutane (CH3-CH(CH3)-CH2-CH3),C,2-butene (CH3-CH=CH-CH3),"2-Butene is an alkene, not an alkane, and thus cannot be a structural isomer of butane.","Structural isomers have the same molecular formula but different arrangements of atoms. Butane is an alkane with a straight chain, while 2-butene is an alkene with a double bond. 2-Methylbutane and 2-methylpropane are both alkanes with different branching, making them isomers of butane.",2026-09-14 12:06:09
SCI_EN_0411,English,Science,"Organic Chemistry, Hydrocarbons & Everyday Chemicals",Hard,Which of the following reactions is a typical example of an electrophilic addition reaction on an alkene?,Hydration of ethene to ethanol,Friedel-Crafts alkylation of toluene,Nitration of benzene,Saponification of fats and oils,A,Hydration of ethene to ethanol,"Electrophilic addition to alkenes involves the addition of an electrophile to the double bond, leading to the formation of a product with a single bond.","Hydration of ethene to ethanol is a classic example where the electrophilic hydrogen ion (H+) attacks the double bond, leading to the formation of a single bond with the addition of water. The other reactions involve different mechanisms and substrates.",2026-09-14 12:06:09
SCI_EN_0412,English,Science,"Organic Chemistry, Hydrocarbons & Everyday Chemicals",Hard,Which of the following is the correct IUPAC name for the compound CH3CH2CH2CH2CH2CH2CH3?,Hexene,2-Hexyne,Hexane,3-Hexene,C,Hexane,Hexane is the correct name for a straight-chain alkane with six carbon atoms.,"Hexane is a saturated hydrocarbon with the formula CH3-CH2-CH2-CH2-CH2-CH3. The other options represent different functional groups or positional isomers, which do not match the given structure.",2026-09-14 12:06:09
SCI_EN_0413,English,Science,"Organic Chemistry, Hydrocarbons & Everyday Chemicals",Hard,Which of the following statements best describes the reactivity of alkenes towards halogenation?,"Alkenes react with halogens to form dihalides, and the reaction is highly exothermic.","Alkenes react with halogens to form dihalides, but the reaction is not specific to any carbon-hydrogen bond.","Alkenes react with halogens to form dihalides, and the reactivity depends on the stability of the carbocation formed.","Alkenes react with halogens to form dihalides, and the reaction rate is independent of the temperature.",C,"Alkenes react with halogens to form dihalides, and the reactivity depends on the stability of the carbocation formed.",The reactivity of alkenes towards halogenation is influenced by the stability of the carbocation generated during the reaction.,"During halogenation, alkenes undergo an electrophilic addition reaction, forming a carbocation intermediate. The stability of this carbocation, influenced by the electron-donating or withdrawing groups, dictates the reactivity and the position of the halogenation.",2026-09-14 12:06:09
SCI_EN_0414,English,Science,"Organic Chemistry, Hydrocarbons & Everyday Chemicals",Hard,Which of the following is the correct IUPAC name for the compound (CH3)3C-CH=CH2?,2-Methyl-1-butyne,3-Methyl-1-butyne,3-Methyl-2-butene,2-Methyl-3-butene,C,3-Methyl-2-butene,3-Methyl-2-butene is the correct name for the compound with the specified structure.,"The compound has a three-carbon chain with a double bond between the second and third carbon atoms, and a methyl group attached to the third carbon. The name follows the IUPAC nomenclature rules for alkenes and alkyl groups.",2026-09-14 12:06:09
SCI_EN_0415,English,Science,"Organic Chemistry, Hydrocarbons & Everyday Chemicals",Hard,Which of the following alcohols will undergo the fastest reaction with Lucas reagent?,Ethanol,1-Propanol,2-Propanol,2-Methyl-2-propanol,D,2-Methyl-2-propanol,The tertiary alcohol 2-methyl-2-propanol reacts the fastest with Lucas reagent due to the steric hindrance and the higher stability of the carbocation formed.,"Lucas reagent is a mixture of conc. H2SO4 and ZnSO4. Tertiary alcohols react faster due to the stability of the carbocation formed and the steric hindrance, making 2-methyl-2-propanol the fastest reacting among the options.",2026-09-14 12:06:09
SCI_EN_0416,English,Science,"Organic Chemistry, Hydrocarbons & Everyday Chemicals",Hard,Which of the following is the correct IUPAC name for the compound CH3CH2CH2COOH?,Ethanoic acid,Propanoic acid,Butanoic acid,Propionic acid,C,Butanoic acid,"Butanoic acid is the correct name for the given structure, which is a carboxylic acid with four carbon atoms.","The name follows the IUPAC nomenclature rules, where the parent chain is butane, and the carboxylic acid functional group is attached to the end carbon, resulting in the name butanoic acid.",2026-09-14 12:06:09
SCI_EN_0417,English,Science,"Organic Chemistry, Hydrocarbons & Everyday Chemicals",Hard,Which of the following statements best describes the hydrogenation of alkenes in the presence of a catalyst like palladium?,The reaction is exothermic and occurs spontaneously without a catalyst.,The reaction is endothermic and requires a high temperature for the double bond to break.,"The reaction is reversible, and the double bond can reform after hydrogenation.","The reaction is irreversible, and the double bond cannot reform after hydrogenation.",C,"The reaction is reversible, and the double bond can reform after hydrogenation.","Hydrogenation of alkenes in the presence of a catalyst like palladium is a reversible reaction, meaning the double bond can reform after the addition of hydrogen.","Hydrogenation of alkenes is a reversible reaction, and the presence of a catalyst like palladium facilitates the addition of hydrogen to the double bond. However, the double bond can reform under certain conditions, making the process reversible.",2026-09-14 12:06:09
SCI_EN_0418,English,Science,"Organic Chemistry, Hydrocarbons & Everyday Chemicals",Hard,Which of the following is the correct IUPAC name for the compound (CH3)3C-CH2-CH3?,2-Methyl-2-propanol,2-Methylpropane,"2,2-Dimethylpropane","2,2-Dimethylbutane",C,"2,2-Dimethylpropane","2,2-Dimethylpropane is the correct name for the compound with the specified structure.","The compound has two methyl groups attached to the second carbon atom of a three-carbon chain, making it 2,2-dimethylpropane according to IUPAC nomenclature rules.",2026-09-14 12:06:09
SCI_EN_0419,English,Science,"Organic Chemistry, Hydrocarbons & Everyday Chemicals",Hard,Which of the following statements best describes the behavior of alkanes in the presence of halogens?,"Alkanes react with halogens to form halogenated alkanes, and the reaction is highly exothermic.","Alkanes react with halogens to form halogenated alkanes, but the reaction is not specific to any carbon-hydrogen bond.","Alkanes do not react with halogens under normal conditions, making them unreactive.","Alkanes react with halogens to form halogenated alkanes, and the reactivity depends on the presence of a suitable catalyst.",C,"Alkanes do not react with halogens under normal conditions, making them unreactive.",Alkanes are generally unreactive towards halogens and do not undergo halogenation under normal conditions.,"Alkanes are saturated hydrocarbons with single bonds, and they do not readily undergo halogenation without a suitable catalyst or under specific conditions. The reaction is not spontaneous, making alkanes unreactive towards halogens under normal conditions.",2026-09-14 12:06:09
SCI_EN_0420,English,Science,"Cell Biology, Organelles & Genetics",Easy,Which organelle is known as the power house of the cell?,Nucleus,Mitochondria,Endoplasmic reticulum,Lysosome,B,Mitochondria,Mitochondria are responsible for producing ATP through cellular respiration.,"Mitochondria contain enzymes and structures that convert nutrients into ATP, which is used for energy in the cell.",2026-09-14 12:06:29
SCI_EN_0421,English,Science,"Cell Biology, Organelles & Genetics",Easy,Which of the following organelles is primarily involved in protein synthesis?,Golgi apparatus,Ribosome,Nucleus,Chloroplast,B,Ribosome,Ribosomes are the sites where proteins are synthesized.,Ribosomes read the mRNA and translate the genetic code into proteins.,2026-09-14 12:06:29
SCI_EN_0422,English,Science,"Cell Biology, Organelles & Genetics",Easy,Which organelle is responsible for storing and processing proteins before they are secreted?,Endoplasmic reticulum,Golgi apparatus,Lysosome,Nucleus,B,Golgi apparatus,"The Golgi apparatus modifies, sorts, and packages proteins for secretion.","The Golgi apparatus receives proteins from the endoplasmic reticulum, modifies them, and then packages them for export.",2026-09-14 12:06:29
SCI_EN_0423,English,Science,"Cell Biology, Organelles & Genetics",Easy,Which of the following is the site of the light-dependent reactions of photosynthesis?,Mitochondria,Chloroplast,Nucleus,Ribosome,B,Chloroplast,Chloroplasts contain chlorophyll and are responsible for photosynthesis.,Chloroplasts are the organelles where light energy is converted into chemical energy during photosynthesis.,2026-09-14 12:06:29
SCI_EN_0424,English,Science,"Cell Biology, Organelles & Genetics",Easy,Which organelle is responsible for breaking down waste materials in the cell?,Lysosome,Nucleus,Mitochondria,Endoplasmic reticulum,A,Lysosome,Lysosomes contain enzymes that break down waste materials and cellular debris.,Lysosomes are vesicles that contain hydrolytic enzymes to degrade foreign materials and waste products.,2026-09-14 12:06:29
SCI_EN_0425,English,Science,"Cell Biology, Organelles & Genetics",Easy,Which of the following is a function of the endoplasmic reticulum in the cell?,Production of proteins,Storage of lipids,Enzyme production,Breaking down waste materials,B,Storage of lipids,The rough endoplasmic reticulum is involved in lipid synthesis and storage.,The rough endoplasmic reticulum has ribosomes attached to its surface and is primarily responsible for lipid synthesis.,2026-09-14 12:06:29
SCI_EN_0426,English,Science,"Cell Biology, Organelles & Genetics",Easy,Which of the following is NOT a function of the nucleus?,Holding the genetic material,Producing proteins,Regulating gene expression,Storage of lipids,B,Producing proteins,"Protein synthesis occurs in the ribosomes, not in the nucleus.","The nucleus contains the DNA and controls gene expression, but protein synthesis takes place in the cytoplasm on ribosomes.",2026-09-14 12:06:29
SCI_EN_0427,English,Science,"Cell Biology, Organelles & Genetics",Easy,Which of the following is a primary function of the Golgi apparatus?,Energy production,Storage of lipids,Modification and packaging of proteins,Breakdown of waste materials,C,Modification and packaging of proteins,The Golgi apparatus processes and packages proteins for secretion.,"The Golgi apparatus modifies proteins, packages them, and sends them to their final destination.",2026-09-14 12:06:29
SCI_EN_0428,English,Science,"Cell Biology, Organelles & Genetics",Easy,Which organelle is involved in the breakdown of hydrogen peroxide to water and oxygen?,Nucleus,Lysosome,Mitochondria,Peroxisome,D,Peroxisome,Peroxisomes contain enzymes that break down hydrogen peroxide.,"Peroxisomes are organelles that detoxify harmful substances, including hydrogen peroxide, by converting it into water and oxygen.",2026-09-14 12:06:29
SCI_EN_0429,English,Science,"Cell Biology, Organelles & Genetics",Easy,Which of the following is NOT a component of the cell membrane?,Cholesterol,Lipids,Nucleic acids,Proteins,C,Nucleic acids,"Nucleic acids are found in the nucleus, not the cell membrane.","Nucleic acids are part of the genetic material of the cell and are not components of the cell membrane, which primarily consists of lipids and proteins.",2026-09-14 12:06:29
SCI_EN_0430,English,Science,"Human Anatomy, Organ Systems & Physiology",Medium,Which organ is primarily responsible for the regulation of blood glucose levels?,Pancreas,Lungs,Liver,Heart,A,Pancreas,The pancreas releases insulin and glucagon to regulate blood glucose levels.,"The pancreas contains beta cells that produce insulin to lower blood glucose levels and alpha cells that produce glucagon to raise them, making it crucial for glucose homeostasis.",2026-09-14 12:06:50
SCI_EN_0431,English,Science,"Human Anatomy, Organ Systems & Physiology",Medium,Which of the following is NOT a function of the lymphatic system?,Absorption of dietary fats,Production of red blood cells,Immune defense,Regulation of fluid balance,B,Production of red blood cells,"Red blood cells are produced in the bone marrow, not the lymphatic system.","The lymphatic system primarily deals with fluid balance, immune defense, and the absorption of fats, but it does not produce red blood cells, which are made in the bone marrow.",2026-09-14 12:06:50
SCI_EN_0432,English,Science,"Human Anatomy, Organ Systems & Physiology",Medium,Which component of the respiratory system is primarily responsible for the exchange of gases at the cellular level?,Bronchi,Alveoli,Trachea,Epiglottis,B,Alveoli,Alveoli are the site of gas exchange between the air and the blood in the lungs.,"Alveoli are tiny air sacs where oxygen from the air diffuses into the bloodstream, and carbon dioxide from the blood diffuses into the air to be exhaled.",2026-09-14 12:06:50
SCI_EN_0433,English,Science,"Human Anatomy, Organ Systems & Physiology",Medium,Which of the following best describes the role of the kidneys in the excretory system?,Filtering blood to remove waste products,Producing digestive enzymes,Regulating blood pressure,Absorbing nutrients from the digestive tract,A,Filtering blood to remove waste products,"The kidneys filter the blood to remove waste products and excess water, which are excreted as urine.","The primary function of the kidneys is to filter the blood through the nephrons, removing waste and excess substances, and producing urine to eliminate these from the body.",2026-09-14 12:06:50
SCI_EN_0434,English,Science,"Human Anatomy, Organ Systems & Physiology",Medium,Which organ is primarily responsible for the production of bile?,Pancreas,Liver,Spleen,Stomach,B,Liver,"The liver produces bile, a substance that helps in the digestion of fats.","The liver is a vital organ that produces bile, which is stored in the gallbladder and released into the small intestine to aid in the digestion of fats.",2026-09-14 12:06:50
SCI_EN_0435,English,Science,"Human Anatomy, Organ Systems & Physiology",Medium,Which of the following is a function of the parasympathetic nervous system during rest and digestion?,Increasing heart rate,Promoting the fight-or-flight response,Constricting blood vessels,Increasing digestive activity,D,Increasing digestive activity,The parasympathetic nervous system stimulates digestive processes and conserves energy.,"During rest and digestion, the parasympathetic nervous system increases digestive activity, promotes relaxation, and conserves energy, facilitating the body's recovery and maintenance processes.",2026-09-14 12:06:50
SCI_EN_0436,English,Science,"Human Anatomy, Organ Systems & Physiology",Medium,Which of the following is a function of the small intestine in the digestive system?,Releasing insulin,Absorbing nutrients,Producing bile,Filtering blood,B,Absorbing nutrients,The small intestine is where most nutrients are absorbed into the bloodstream.,"The small intestine contains villi and microvilli that increase the surface area for absorption, allowing for the uptake of nutrients, water, and minerals from food into the bloodstream.",2026-09-14 12:06:50
SCI_EN_0437,English,Science,"Human Anatomy, Organ Systems & Physiology",Medium,Which of the following is a function of the integumentary system?,Regulating body temperature,Producing blood cells,Excreting waste products,Digesting food,A,Regulating body temperature,"The integumentary system includes the skin, which helps regulate body temperature through sweating and blood flow.","The integumentary system, primarily the skin, plays a crucial role in thermoregulation by allowing sweat to evaporate and by adjusting blood flow to the skin's surface, helping to cool or warm the body as needed.",2026-09-14 12:06:50
SCI_EN_0438,English,Science,"Human Anatomy, Organ Systems & Physiology",Medium,Which of the following is a function of the autonomic nervous system?,Controlling voluntary muscle movement,Regulating involuntary functions,Producing saliva,Generating speech,B,Regulating involuntary functions,The autonomic nervous system controls involuntary processes like heart rate and digestion.,"The autonomic nervous system is responsible for regulating involuntary functions such as the control of heart rate, blood pressure, and digestive processes, ensuring the body's internal environment remains stable.",2026-09-14 12:06:50
SCI_EN_0439,English,Science,"Human Anatomy, Organ Systems & Physiology",Medium,Which of the following is a function of the skeletal system?,Producing blood cells,Regulating body temperature,Supporting the body and protecting organs,Digesting food,C,Supporting the body and protecting organs,The skeletal system provides structure and protection for vital organs.,"The skeletal system supports the body's structure, providing a framework for movement and protection for internal organs, ensuring they are not damaged during physical activity or external forces.",2026-09-14 12:06:50
SCI_EN_0440,English,Science,"Human Nutrition, Vitamins, Minerals & Diseases",Hard,Which of the following vitamins is primarily responsible for the prevention of rickets in children and osteomalacia in adults?,Vitamin A,Vitamin C,Vitamin D,Vitamin E,C,Vitamin D,Vitamin D is crucial for calcium absorption and bone health.,"Vitamin D facilitates the absorption of calcium from the gut, which is essential for bone formation and maintenance. A deficiency in Vitamin D can lead to rickets in children and osteomalacia in adults, characterized by weak and soft bones.",2026-09-14 12:07:14
SCI_EN_0441,English,Science,"Human Nutrition, Vitamins, Minerals & Diseases",Hard,"Which mineral is critical for muscle contraction, nerve function, and heart rhythm regulation?",Iron,Calcium,Magnesium,Zinc,C,Magnesium,"Magnesium plays a vital role in various physiological processes, including muscle and nerve function.","Magnesium is essential for the proper functioning of muscles and nerves. It helps in the contraction and relaxation of muscles and is involved in the transmission of nerve impulses. A deficiency in magnesium can lead to muscle cramps, weakness, and irregular heartbeats.",2026-09-14 12:07:14
SCI_EN_0442,English,Science,"Human Nutrition, Vitamins, Minerals & Diseases",Hard,Which of the following is NOT a known cofactor for the synthesis of DNA?,Folic Acid,Biotin,Niacin,Vitamin B12,C,Niacin,"Niacin is not a cofactor for DNA synthesis, while other options are.","Niacin, also known as Vitamin B3, is involved in energy production and metabolism but not in the synthesis of DNA. Folic acid (Vitamin B9), biotin, and Vitamin B12 are all essential for DNA synthesis and cell division.",2026-09-14 12:07:14
SCI_EN_0443,English,Science,"Human Nutrition, Vitamins, Minerals & Diseases",Hard,"Which of the following mineral deficiencies is associated with Keshan disease, a condition characterized by heart muscle weakness and enlargement?",Iron,Calcium,Iodine,Copper,C,Iodine,"Iodine deficiency is linked to Keshan disease, a condition affecting the heart.","Iodine deficiency can lead to Keshan disease, characterized by myocardial damage and weakening of the heart muscle. Adequate iodine intake is crucial for proper thyroid function and heart health.",2026-09-14 12:07:14
SCI_EN_0444,English,Science,"Human Nutrition, Vitamins, Minerals & Diseases",Hard,Which of the following vitamins is known to prevent scurvy and is essential for the synthesis of collagen?,Vitamin A,Vitamin B6,Vitamin C,Vitamin D,C,Vitamin C,Vitamin C is crucial for collagen synthesis and preventing scurvy.,"Vitamin C is essential for the production of collagen, a structural protein that provides strength to connective tissues. A deficiency in Vitamin C leads to scurvy, a condition marked by weakened blood vessels, skin, and bones.",2026-09-14 12:07:14
SCI_EN_0445,English,Science,"Human Nutrition, Vitamins, Minerals & Diseases",Hard,"Which of the following is a common symptom of folate deficiency during pregnancy, leading to neural tube defects in the developing fetus?",Anemia,Hypertension,Hyperglycemia,Spina bifida,D,Spina bifida,"Folate deficiency during pregnancy can lead to neural tube defects, such as spina bifida.","Folate, a B vitamin, is essential for the proper development of the neural tube in the early stages of pregnancy. A deficiency can result in neural tube defects, including spina bifida, which is a condition where the spine and spinal cord are not fully closed.",2026-09-14 12:07:14
SCI_EN_0446,English,Science,"Human Nutrition, Vitamins, Minerals & Diseases",Hard,Which of the following minerals is most closely associated with bone health and can lead to osteoporosis when deficient?,Sodium,Potassium,Calcium,Phosphorus,C,Calcium,Calcium is crucial for bone health and density.,"Calcium is a key mineral for maintaining strong and healthy bones. Deficiency can lead to conditions like osteoporosis, characterized by weakened and porous bones, increasing the risk of fractures.",2026-09-14 12:07:14
SCI_EN_0447,English,Science,"Human Nutrition, Vitamins, Minerals & Diseases",Hard,"Which of the following is a characteristic symptom of beriberi, a disease caused by a deficiency of thiamine (Vitamin B1)?",Night blindness,Peripheral neuropathy,Scurvy,Anemia,B,Peripheral neuropathy,"Peripheral neuropathy is a common symptom of thiamine deficiency, leading to nerve damage.","Thiamine (Vitamin B1) is essential for energy production and nerve function. Deficiency can lead to beriberi, characterized by symptoms such as peripheral neuropathy, which involves damage to the peripheral nerves, causing numbness and tingling in the hands and feet.",2026-09-14 12:07:14
SCI_EN_0448,English,Science,"Human Nutrition, Vitamins, Minerals & Diseases",Hard,Which of the following vitamins is known to have a synergistic effect with Vitamin D in calcium absorption and bone health?,Vitamin A,Vitamin C,Vitamin E,Vitamin K,D,Vitamin K,Vitamin K is essential for the activation of proteins involved in bone mineralization.,"Vitamin K is crucial for the activation of proteins that are involved in the formation and maintenance of bone structure. It works synergistically with Vitamin D to enhance calcium absorption and improve bone health, reducing the risk of fractures and osteoporosis.",2026-09-14 12:07:14
SCI_EN_0449,English,Science,"Human Nutrition, Vitamins, Minerals & Diseases",Hard,"Which of the following is a primary function of zinc in the body, relevant to its role in nutrition and health?",It acts as an antioxidant.,It is essential for immune function and wound healing.,It is a component of hemoglobin.,It is a major component of thyroid hormones.,B,It is essential for immune function and wound healing.,Zinc plays a critical role in the immune system and wound healing.,"Zinc is vital for the proper function of the immune system, helping to fight off infections and illnesses. It also supports wound healing by promoting the growth and repair of tissues. Deficiency in zinc can impair immune function and delay wound healing.",2026-09-14 12:07:14
SCI_EN_0450,English,Science,"Botany, Plant Physiology & Photosynthesis",Easy,What is the primary pigment responsible for capturing light energy during photosynthesis in plants?,Chlorophyll,Carotene,Lutein,Phycocyanin,A,Chlorophyll,Chlorophyll is crucial for photosynthesis as it absorbs light energy.,"Chlorophyll is the most abundant photosynthetic pigment in plants, responsible for the green color of leaves and the absorption of light in the red and blue parts of the light spectrum.",2026-09-14 12:07:34
SCI_EN_0451,English,Science,"Botany, Plant Physiology & Photosynthesis",Easy,Which part of the plant primarily carries out photosynthesis?,Roots,Stems,Leaves,Seeds,C,Leaves,"Leaves are specialized for photosynthesis, containing chloroplasts with chlorophyll.","Leaves have a high concentration of chloroplasts and stomata, which facilitate the process of photosynthesis by absorbing sunlight and releasing oxygen.",2026-09-14 12:07:34
SCI_EN_0452,English,Science,"Botany, Plant Physiology & Photosynthesis",Easy,What is the main product of the light-dependent reactions of photosynthesis?,Oxygen,Glucose,ATP and NADPH,Starch,C,ATP and NADPH,ATP and NADPH are energy-rich molecules produced during the light-dependent reactions.,"These molecules are essential as they provide the energy and reducing power needed for the Calvin cycle, where glucose is synthesized.",2026-09-14 12:07:34
SCI_EN_0453,English,Science,"Botany, Plant Physiology & Photosynthesis",Easy,Which environmental condition can limit the rate of photosynthesis in plants?,High temperature,High humidity,High carbon dioxide concentration,High light intensity,A,High temperature,"High temperatures can denature enzymes involved in photosynthesis, reducing its rate.","At very high temperatures, enzymes involved in photosynthesis can lose their structure and functionality, leading to a decrease in the rate of photosynthesis.",2026-09-14 12:07:34
SCI_EN_0454,English,Science,"Botany, Plant Physiology & Photosynthesis",Easy,Which of the following is a product of the Calvin cycle during photosynthesis?,Oxygen,Glucose,ATP,NADPH,B,Glucose,Glucose is synthesized from the products of the Calvin cycle.,"The Calvin cycle uses the ATP and NADPH produced in the light-dependent reactions to convert carbon dioxide into glucose, which is a key energy storage molecule for plants.",2026-09-14 12:07:34
SCI_EN_0455,English,Science,"Botany, Plant Physiology & Photosynthesis",Easy,Which of the following is not a component of the thylakoid membrane in chloroplasts?,Chlorophyll,Lipids,Carotenoids,Hemoglobin,D,Hemoglobin,Hemoglobin is not found in chloroplasts; it is found in red blood cells.,"Hemoglobin is a protein found in red blood cells, responsible for carrying oxygen. It is not a component of the thylakoid membrane in chloroplasts, which contains chlorophyll, lipids, and carotenoids.",2026-09-14 12:07:34
SCI_EN_0456,English,Science,"Botany, Plant Physiology & Photosynthesis",Easy,Which of the following is a necessary step for the synthesis of carbohydrates from carbon dioxide in plants?,Water,Oxygen,Nitrogen,Carbon dioxide,D,Carbon dioxide,Carbon dioxide is the primary carbon source for carbohydrate synthesis in plants.,"Carbon dioxide is essential for photosynthesis as it is fixed and reduced to form glucose, the primary carbohydrate synthesized by plants.",2026-09-14 12:07:34
SCI_EN_0457,English,Science,"Botany, Plant Physiology & Photosynthesis",Easy,What is the term used to describe the process by which plants convert light energy into chemical energy?,Respiration,Photosynthesis,Transpiration,Osmosis,B,Photosynthesis,Photosynthesis is the process of converting light energy into chemical energy stored in glucose.,"Photosynthesis involves the use of light energy to convert carbon dioxide and water into glucose and oxygen, storing the energy in the chemical bonds of glucose.",2026-09-14 12:07:34
SCI_EN_0458,English,Science,"Botany, Plant Physiology & Photosynthesis",Easy,Which of the following is a role of water in the process of photosynthesis?,Producing glucose,Fixing carbon dioxide,Providing oxygen,Serving as an electron donor,D,Serving as an electron donor,Water provides electrons and hydrogen ions for the light-dependent reactions.,"Water is split during the light-dependent reactions, releasing oxygen and providing electrons and hydrogen ions that are used in the synthesis of ATP and NADPH.",2026-09-14 12:07:34
SCI_EN_0459,English,Science,"Botany, Plant Physiology & Photosynthesis",Easy,Which of the following is a product of the light-independent reactions of photosynthesis?,Oxygen,Glucose,ATP,NADPH,B,Glucose,"Glucose is synthesized during the Calvin cycle, a series of light-independent reactions.","The Calvin cycle uses the ATP and NADPH produced in the light-dependent reactions to fix carbon dioxide and synthesize glucose, which is used by the plant for growth and energy.",2026-09-14 12:07:34
SCI_EN_0460,English,Science,"Ecology, Ecosystems & Conservation",Medium,Which of the following is an example of a keystone species in an ecosystem?,Grass in a prairie,Cheetah in a savanna,Coral in a coral reef,Pine tree in a forest,C,Coral in a coral reef,Coral plays a crucial role in maintaining the structure and biodiversity of coral reefs.,Coral reefs are highly sensitive to environmental changes and their presence can significantly influence the structure of the ecosystem. Removing coral can lead to the collapse of the entire reef system.,2026-09-14 12:07:55
SCI_EN_0461,English,Science,"Ecology, Ecosystems & Conservation",Medium,What is the primary role of decomposers in an ecosystem?,Produce oxygen,Convert organic matter into inorganic substances,Convert inorganic substances into organic matter,Consume primary producers,B,Convert organic matter into inorganic substances,"Decomposers break down dead organisms and waste, recycling nutrients back into the soil.","Decomposers are essential for nutrient cycling, as they convert the organic matter from dead organisms into inorganic compounds that can be reused by producers.",2026-09-14 12:07:55
SCI_EN_0462,English,Science,"Ecology, Ecosystems & Conservation",Medium,Which of the following is an example of a mutualistic relationship in an ecosystem?,A lion preying on a zebra,A shark preying on a fish,A bee pollinating a flower,A bird eating a worm,C,A bee pollinating a flower,"Bees benefit from nectar, while flowers benefit from pollination.","In this relationship, both the bee and the flower benefit; the bee gets food (nectar), and the flower gets pollination, which aids in reproduction.",2026-09-14 12:07:55
SCI_EN_0463,English,Science,"Ecology, Ecosystems & Conservation",Medium,What does the term 'habitat' refer to in ecology?,A type of food source,The abiotic factors of an environment,A place where an organism lives,A specific time period in an ecosystem,C,A place where an organism lives,A habitat is the physical environment where an organism lives and the resources necessary for its survival.,"Habitats provide the necessary conditions for an organism to survive, including food, water, shelter, and space, which are crucial for its survival and reproduction.",2026-09-14 12:07:55
SCI_EN_0464,English,Science,"Ecology, Ecosystems & Conservation",Medium,What is the primary cause of habitat fragmentation?,Natural disasters,Urbanization and agriculture,Climate change,Overpopulation of animals,B,Urbanization and agriculture,"Human activities like building roads and cities, and agricultural practices, are the main causes of habitat fragmentation.","Habitat fragmentation occurs when large areas of natural habitat are reduced to isolated patches or corridors, often due to human activities, which can disrupt the movement and survival of species.",2026-09-14 12:07:55
SCI_EN_0465,English,Science,"Ecology, Ecosystems & Conservation",Medium,Which of the following is an example of a keystone predator in an ecosystem?,A rabbit in a field,A wolf in a wolf pack,A squirrel in a forest,A bee in a meadow,B,A wolf in a wolf pack,Keystone predators play a critical role in maintaining the balance of an ecosystem.,"Wolves help control the population of prey species, which prevents overgrazing and maintains biodiversity in their ecosystems.",2026-09-14 12:07:55
SCI_EN_0466,English,Science,"Ecology, Ecosystems & Conservation",Medium,What is the main reason for the loss of biodiversity in tropical rainforests?,Natural forest fires,Deforestation,Volcanic eruptions,Invasive species,B,Deforestation,Deforestation is the primary cause of reduced biodiversity in tropical rainforests.,"Deforestation leads to habitat destruction, which can result in the loss of plant and animal species, reducing overall biodiversity.",2026-09-14 12:07:55
SCI_EN_0467,English,Science,"Ecology, Ecosystems & Conservation",Medium,Which of the following is a key factor in the resilience of an ecosystem?,High water availability,Diverse species composition,Uniform vegetation,Low soil fertility,B,Diverse species composition,A diverse species composition can enhance an ecosystem's resilience to disturbances.,Ecosystems with a variety of species are more likely to recover from disturbances because different species can fill different roles and contribute to overall stability.,2026-09-14 12:07:55
SCI_EN_0468,English,Science,"Ecology, Ecosystems & Conservation",Medium,What is the term used to describe the transfer of energy from one trophic level to another in a food chain?,Photosynthesis,Osmosis,Trophic transfer,Cellular respiration,C,Trophic transfer,Trophic transfer refers to the flow of energy from one trophic level to another in an ecosystem.,"Energy is passed from one trophic level to the next through the consumption of organisms by their predators, forming a food chain or web.",2026-09-14 12:07:55
SCI_EN_0469,English,Science,"Ecology, Ecosystems & Conservation",Medium,Which of the following is a benefit of creating wildlife corridors?,Increasing urban development,Enhancing gene flow between isolated populations,Reducing biodiversity,Increasing pollution,B,Enhancing gene flow between isolated populations,"Wildlife corridors help connect fragmented habitats, allowing species to move and interbreed, which can enhance genetic diversity.","By reducing barriers to movement, wildlife corridors can help maintain and increase the genetic diversity of isolated populations, which is crucial for long-term survival.",2026-09-14 12:07:55
SCI_EN_0470,English,Science,"Astronomy, Stars, Planets & Space Missions",Hard,Which of the following best describes the Tully-Fisher relation used in astronomy?,It relates the mass of a galaxy to the velocity dispersion of its stars.,It correlates the luminosity of a galaxy with the speed of its outermost stars or gas.,It measures the distance to a galaxy based on its redshift.,It links the size of a galaxy's radio lobes to its total mass.,B,It correlates the luminosity of a galaxy with the speed of its outermost stars or gas.,This relation is used to estimate the distance to galaxies by comparing their luminosity with the speed of their outermost stars or gas.,"The Tully-Fisher relation is a fundamental tool in extragalactic astronomy, allowing astronomers to estimate the distance to galaxies and study the dynamics of galaxies, especially spiral galaxies.",2026-09-14 12:08:23
SCI_EN_0471,English,Science,"Astronomy, Stars, Planets & Space Missions",Hard,"What phenomenon explains the observed precession of Mercury's orbit, which cannot be fully explained by Newtonian physics?",General relativity,Special relativity,Gravitational waves,Quantum fluctuations,A,General relativity,General relativity predicts the additional precession of Mercury's orbit beyond what Newtonian mechanics can account for.,"Einstein's theory of general relativity includes a term that causes the perihelion of Mercury to precess, an effect that was confirmed by observations and cannot be explained by Newtonian mechanics alone.",2026-09-14 12:08:23
SCI_EN_0472,English,Science,"Astronomy, Stars, Planets & Space Missions",Hard,Which of the following space missions was the first to directly sample and return material from an asteroid?,Voyager 1,Hayabusa,Cassini,New Horizons,B,Hayabusa,"Hayabusa was the first mission to land on an asteroid, collect samples, and return them to Earth.","Hayabusa, launched by JAXA in 2003, made history by successfully landing on asteroid 25143 Itokawa, collecting samples, and bringing them back to Earth in 2010, marking the first time samples from an asteroid were returned to Earth.",2026-09-14 12:08:23
SCI_EN_0473,English,Science,"Astronomy, Stars, Planets & Space Missions",Hard,What is the term used to describe the hypothetical process by which a planet or moon could lose its atmosphere due to solar wind or other factors?,Atmospheric escape,Atmospheric capture,Atmospheric recombination,Atmospheric recycling,A,Atmospheric escape,"Atmospheric escape refers to the loss of a planet's or moon's atmosphere through various processes, including the solar wind.","Atmospheric escape is a critical process in planetary science, explaining why some planets, like Mars, have lost a significant portion of their atmosphere over time, while others, like Earth, have retained theirs.",2026-09-14 12:08:23
SCI_EN_0474,English,Science,"Astronomy, Stars, Planets & Space Missions",Hard,Which of the following is a key challenge in designing a space mission to Mars that involves surface exploration?,Ensuring the spacecraft can withstand the intense heat of re-entry into Earth's atmosphere.,Developing a rover that can operate in the extremely cold Martian nights.,Creating a communication system that can transmit data from Mars to Earth in real-time.,Designing a landing system that can safely deploy a rover on the Martian surface without a parachute.,B,Developing a rover that can operate in the extremely cold Martian nights.,"Robust thermal management is critical for the survival and functionality of rovers on Mars, where temperatures can drop to -140°C.","Mars' thin atmosphere and cold temperatures pose significant challenges for surface missions. Rovers must be equipped with efficient thermal systems to ensure they can operate under these harsh conditions, maintaining necessary temperatures for their instruments and power systems.",2026-09-14 12:08:23
SCI_EN_0475,English,Science,"Astronomy, Stars, Planets & Space Missions",Hard,"What is the term for the phenomenon where a planet appears to move backward in the sky against the background stars, as observed from Earth?",Pulsar,Parallax,Prograde motion,Backward motion or retrograde motion,D,Backward motion or retrograde motion,Retrograde motion occurs when a planet's apparent position in the sky appears to reverse its direction relative to the fixed stars.,"Retrograde motion is a complex optical illusion caused by the relative motion of the Earth and the other planets in their orbits around the Sun. It is a common occurrence for planets like Mars, Jupiter, and Saturn, as observed from Earth's perspective.",2026-09-14 12:08:23
SCI_EN_0476,English,Science,"Astronomy, Stars, Planets & Space Missions",Hard,Which of the following best describes the concept of a habitable zone in astronomy?,The region around a star where the temperature is just right for liquid water to exist on a planet’s surface.,The area in a galaxy where stars are most likely to form new planets.,The distance from a star where a planet's density is most suitable for life as we know it.,The zone in space where a planet's magnetic field can protect its atmosphere.,A,The region around a star where the temperature is just right for liquid water to exist on a planet’s surface.,"A habitable zone, also known as the Goldilocks zone, is the range of distances from a star where conditions are suitable for liquid water to exist on a planet’s surface.","The habitable zone is significant in the search for extraterrestrial life, as liquid water is a key ingredient for life as we know it. Astronomers focus on planets within this zone to identify potentially habitable worlds.",2026-09-14 12:08:23
SCI_EN_0477,English,Science,"Astronomy, Stars, Planets & Space Missions",Hard,What is the term used to describe the process by which a planet or moon's rotation rate changes due to gravitational interactions with other celestial bodies?,Tidal locking,Gravitational synchronization,Rotational deceleration,Tidal friction,D,Tidal friction,"Tidal friction is the process that slows down a planet’s or moon’s rotation, eventually leading to a synchronous rotation with its orbital period.","Tidal friction plays a crucial role in the evolution of planetary and lunar systems, as seen in the case of the Moon, which is tidally locked with Earth, always showing the same face.",2026-09-14 12:08:23
SCI_EN_0478,English,Science,"Astronomy, Stars, Planets & Space Missions",Hard,Which of the following statements best describes the concept of dark matter in astrophysics?,A form of matter that emits no light but has mass and gravitational effects on visible matter.,A type of antimatter that annihilates when it comes into contact with normal matter.,A theoretical construct used to explain the observed motion of galaxies without the presence of visible matter.,A form of energy that permeates the universe and accelerates the expansion of space.,A,A form of matter that emits no light but has mass and gravitational effects on visible matter.,"Dark matter is a form of matter that does not interact with electromagnetic radiation, making it invisible to telescopes, but its gravitational effects are observable.","Dark matter is a critical component of the universe, accounting for a significant portion of the total mass-energy content. Its existence is inferred from the gravitational effects it has on visible matter, such as the rotation curves of galaxies and the large-scale structure of the universe.",2026-09-14 12:08:23
SCI_EN_0479,English,Science,"Astronomy, Stars, Planets & Space Missions",Hard,"What is the term used to describe the process by which a star’s core contracts and heats up, leading to a stage where it can no longer sustain nuclear fusion in its core, marking the end of its main sequence phase?",Supernova,Planetary nebula,Red giant,Helium flash,C,Red giant,"A red giant is a star in the later stage of its evolution, characterized by a swollen, cooler outer layer and a helium-burning core.","During the red giant phase, a star expands and cools, becoming larger and redder. This occurs as the star exhausts its hydrogen in the core and helium fusion begins in the outer layers, leading to a dramatic increase in size and a decrease in surface temperature.",2026-09-14 12:08:23
SCI_EN_0480,English,Science,"Classical Mechanics, Forces & Laws of Motion",Easy,"According to Newton's first law of motion, an object in motion will remain in motion unless acted upon by what?",A force,A velocity,A displacement,A mass,A,A force,The object will continue its state of motion unless a force acts on it.,Newton's first law states that an object will remain at rest or in uniform motion in a straight line unless acted upon by an external force. This concept is known as inertia.,2026-09-14 12:08:45
SCI_EN_0481,English,Science,"Classical Mechanics, Forces & Laws of Motion",Easy,Which of the following is a vector quantity in the context of forces?,Pressure,Work,Force,Energy,C,Force,Force involves both magnitude and direction.,"Unlike scalar quantities like pressure or energy, force is a vector quantity, meaning it has both magnitude and direction, unlike pressure or energy which are scalar.",2026-09-14 12:08:45
SCI_EN_0482,English,Science,"Classical Mechanics, Forces & Laws of Motion",Easy,"If a 5 kg object is moving at a constant velocity of 10 m/s, what is its momentum?",0 kg·m/s,50 kg·m/s,15 kg·m/s,25 kg·m/s,B,50 kg·m/s,Momentum is the product of mass and velocity.,"Momentum is calculated by multiplying mass by velocity. Here, 5 kg multiplied by 10 m/s equals 50 kg·m/s.",2026-09-14 12:08:45
SCI_EN_0483,English,Science,"Classical Mechanics, Forces & Laws of Motion",Easy,Which of the following is not a law of motion proposed by Newton?,The first law of motion,The second law of motion,The third law of motion,The fourth law of motion,D,The fourth law of motion,Newton only proposed three laws of motion.,Newton's laws of motion are three fundamental principles in physics that describe the motion of objects and the forces acting upon them. There is no fourth law of motion proposed by Newton.,2026-09-14 12:08:45
SCI_EN_0484,English,Science,"Classical Mechanics, Forces & Laws of Motion",Easy,What is the acceleration of an object if a force of 10 N is applied to a mass of 2 kg?,2 m/s²,5 m/s²,10 m/s²,20 m/s²,B,5 m/s²,Acceleration is the force divided by the mass.,"According to Newton's second law of motion, acceleration (a) is equal to force (F) divided by mass (m). Here, 10 N divided by 2 kg equals 5 m/s².",2026-09-14 12:08:45
SCI_EN_0485,English,Science,"Classical Mechanics, Forces & Laws of Motion",Easy,What does the term 'action' refer to in Newton's third law of motion?,A force exerted by an object,A force exerted by the environment,A force exerted by a spring,A force exerted by gravity,A,A force exerted by an object,"For every action, there is an equal and opposite reaction.",Newton's third law states that for every action (force) there is an equal and opposite reaction (force). This means that forces always come in pairs.,2026-09-14 12:08:45
SCI_EN_0486,English,Science,"Classical Mechanics, Forces & Laws of Motion",Easy,What is the unit of force in the force-mass system?,Newton,Dyne,Kilogram,Gram,B,Dyne,The force-mass system uses the dyne as its unit of force.,"In the force-mass system, a dyne is the force required to accelerate a mass of one gram at a rate of one centimeter per second squared.",2026-09-14 12:08:45
SCI_EN_0487,English,Science,"Classical Mechanics, Forces & Laws of Motion",Easy,Which of the following is an example of a balanced force?,A book falling off a table,A car speeding up on a straight road,A ball rolling down a hill,A book resting on a table,D,A book resting on a table,Balanced forces result in no net force and no acceleration.,"When a book is resting on a table, the gravitational force pulling it down is balanced by the normal force from the table pushing it up, resulting in no net force and no movement.",2026-09-14 12:08:45
SCI_EN_0488,English,Science,"Classical Mechanics, Forces & Laws of Motion",Easy,What is the term for the force that opposes the motion of an object through a fluid?,Friction,Gravity,Magnetism,Electrostatics,A,Friction,"Friction is the force that resists the relative motion of solid surfaces, fluid layers, or material elements sliding against each other.",Friction is a force that acts to oppose the motion of an object when it is in contact with a surface. This force can be observed when a book is dragged across a table or when a car's tires push against the road.,2026-09-14 12:08:45
SCI_EN_0489,English,Science,"Heat, Thermodynamics & States of Matter",Medium,What is the primary reason for the decrease in volume of a gas when its temperature is reduced while keeping the pressure constant?,The gas molecules condense into a liquid.,The gas molecules lose kinetic energy and move closer together.,The gas molecules break down into their elemental components.,The gas molecules increase their speed and spread out.,B,The gas molecules lose kinetic energy and move closer together.,"The decrease in temperature reduces the kinetic energy of gas molecules, causing them to move more slowly and thus occupy less space.","When temperature decreases, the average kinetic energy of gas molecules decreases, leading to a reduction in their velocity and a decrease in the volume they occupy, as per Charles's Law.",2026-09-14 12:09:08
SCI_EN_0490,English,Science,"Heat, Thermodynamics & States of Matter",Medium,"In a closed system, if the pressure of a gas is doubled while its temperature remains constant, what happens to the volume of the gas?",The volume doubles.,The volume is halved.,The volume remains the same.,The volume quadruples.,B,The volume is halved.,"According to Boyle's Law, the volume of a gas is inversely proportional to its pressure when the temperature is held constant.","Boyle's Law states that if temperature is constant, the product of pressure and volume is a constant. Therefore, if pressure doubles, volume must halve to maintain the product as a constant.",2026-09-14 12:09:08
SCI_EN_0491,English,Science,"Heat, Thermodynamics & States of Matter",Medium,Which of the following best describes the state of matter with the highest entropy?,Solid,Liquid,Gas,Plasma,C,Gas,Gas has the highest entropy because its molecules have the most freedom to move and distribute themselves compared to other states of matter.,"In a gas, molecules have high kinetic energy and move freely in all directions, maximizing the number of possible microstates, which corresponds to the highest entropy.",2026-09-14 12:09:08
SCI_EN_0492,English,Science,"Heat, Thermodynamics & States of Matter",Medium,Which of the following best explains the phase change from liquid to gas?,Molecules gain energy and move closer together.,Molecules lose energy and move closer together.,Molecules gain energy and move further apart.,Molecules lose energy and move further apart.,C,Molecules gain energy and move further apart.,"The process of vaporization requires the liquid to absorb energy, increasing the kinetic energy of the molecules, causing them to break free from the liquid's surface and spread out into a gas.","During vaporization, liquid molecules absorb heat energy, which increases their kinetic energy, allowing them to overcome the attractive forces holding them in the liquid state and escape into the gaseous state, spreading out more widely.",2026-09-14 12:09:08
SCI_EN_0493,English,Science,"Heat, Thermodynamics & States of Matter",Medium,"In a thermodynamic cycle, if the net work done by the system is positive, what does this indicate about the cycle?",The cycle is reversible.,The cycle is irreversible.,The cycle is isothermal.,The cycle is exothermic.,D,The cycle is exothermic.,"A positive net work done by the system in a thermodynamic cycle indicates that the cycle is exothermic, meaning it releases energy to the surroundings.","If a cycle results in positive net work, it means that the system does work on its surroundings, which typically occurs when the system releases heat to the surroundings, making the process exothermic.",2026-09-14 12:09:08
SCI_EN_0494,English,Science,"Heat, Thermodynamics & States of Matter",Medium,Which of the following best describes the first law of thermodynamics?,Heat can be converted into work without any loss.,The total energy of an isolated system is constant.,"Energy cannot be created or destroyed, only transformed.",Work can be converted into heat with 100% efficiency.,B,The total energy of an isolated system is constant.,"The first law of thermodynamics states that energy cannot be created or destroyed, but it can be transformed from one form to another within a closed system.","The first law of thermodynamics, also known as the law of conservation of energy, asserts that the total energy in a closed system remains constant, meaning energy can change form but cannot be created or destroyed.",2026-09-14 12:09:08
SCI_EN_0495,English,Science,"Heat, Thermodynamics & States of Matter",Medium,What is the term used to describe the transfer of heat from a hotter object to a colder object through direct contact?,Radiation,Convection,Conduction,Thermal insulation,C,Conduction,"Conduction is the process of heat transfer through direct contact between particles of matter, where the particles collide and transfer energy.","Conduction occurs when heat is transferred between particles that are in direct contact, with energy being transferred from the hotter to the colder particles as they collide, increasing the kinetic energy of the cooler particles.",2026-09-14 12:09:08
SCI_EN_0496,English,Science,"Heat, Thermodynamics & States of Matter",Medium,"In a Carnot cycle, what is the efficiency if the temperature of the hot reservoir is 600 K and the temperature of the cold reservoir is 300 K?",0.5,0.6,0.7,0.8,A,0.5,"The efficiency of a Carnot cycle is the ratio of the work done to the heat absorbed from the hot reservoir, which can be calculated using the temperatures of the reservoirs.","The efficiency of a Carnot cycle is given by the formula 1 - (T_c / T_h), where T_c is the temperature of the cold reservoir and T_h is the temperature of the hot reservoir. Plugging in the values, we get 1 - (300 K / 600 K) = 0.5.",2026-09-14 12:09:08
SCI_EN_0497,English,Science,"Heat, Thermodynamics & States of Matter",Medium,Which of the following is an example of an endothermic process?,Freezing of water into ice.,Melting of ice into water.,Condensation of water vapor into liquid water.,Sublimation of dry ice into carbon dioxide gas.,B,Melting of ice into water.,"An endothermic process is one that absorbs heat from the surroundings, increasing the system's internal energy.","Melting is an endothermic process because it requires the absorption of heat to break the bonds between water molecules, allowing them to move freely and form liquid water.",2026-09-14 12:09:08
SCI_EN_0498,English,Science,"Light, Optics, Reflection & Refraction",Hard,"A light ray strikes a glass slab at an angle of incidence of 30 degrees. If the glass slab has a refractive index of 1.5, what is the angle of refraction?",20 degrees,24 degrees,30 degrees,36 degrees,B,24 degrees,The angle of refraction is smaller than the angle of incidence due to the change in medium.,"Using Snell's law, sin(30) = 1.5 * sin(r), where r is the angle of refraction. Solving for r gives approximately 24 degrees.",2026-09-14 12:09:34
SCI_EN_0499,English,Science,"Light, Optics, Reflection & Refraction",Hard,Which of the following statements is true about total internal reflection?,It occurs when light travels from a denser medium to a rarer medium.,It can only occur when the angle of incidence is less than the critical angle.,It happens when the angle of incidence is greater than the critical angle.,It is not possible in optical fibers.,C,It happens when the angle of incidence is greater than the critical angle.,Total internal reflection is a phenomenon that occurs when light travels from a denser medium to a rarer medium at an angle greater than the critical angle.,"Total internal reflection is only possible when the angle of incidence is greater than the critical angle, where the light is completely reflected back into the denser medium.",2026-09-14 12:09:34
SCI_EN_0500,English,Science,"Light, Optics, Reflection & Refraction",Hard,"A beam of light passes from air into water. If the angle of incidence is 45 degrees, what is the approximate angle of refraction?",21 degrees,30 degrees,40 degrees,45 degrees,A,21 degrees,The angle of refraction is smaller than the angle of incidence due to the change in medium.,"Using Snell's law, sin(45) = 1.33 * sin(r), where r is the angle of refraction. Solving for r gives approximately 21 degrees.",2026-09-14 12:09:34
SCI_EN_0501,English,Science,"Light, Optics, Reflection & Refraction",Hard,"When light undergoes total internal reflection, what is the relationship between the angle of incidence and the critical angle?",The angle of incidence is always less than the critical angle.,The angle of incidence is always equal to the critical angle.,The angle of incidence is always greater than the critical angle.,The angle of incidence can be any value.,C,The angle of incidence is always greater than the critical angle.,Total internal reflection occurs only when the angle of incidence is greater than the critical angle.,"Total internal reflection is a phenomenon that occurs when light travels from a denser medium to a rarer medium at an angle greater than the critical angle, causing all the light to be reflected back into the denser medium.",2026-09-14 12:09:34
SCI_EN_0502,English,Science,"Light, Optics, Reflection & Refraction",Hard,"A light ray is incident on a boundary between two media with different indices of refraction. If the angle of incidence is 60 degrees and the angle of refraction is 37 degrees, what is the ratio of the indices of refraction of the two media?",1.2,1.5,1.8,2.0,B,1.5,The ratio of the indices of refraction can be determined using Snell's law.,"Using Snell's law, sin(60) = 1.5 * sin(37). Solving for the ratio of the indices of refraction gives 1.5.",2026-09-14 12:09:34
SCI_EN_0503,English,Science,"Light, Optics, Reflection & Refraction",Hard,Which of the following correctly describes the phenomenon of dispersion of light through a prism?,"The prism changes the speed of light, causing the light to bend.","The prism changes the direction of light, causing different wavelengths to bend by different amounts.","The prism increases the intensity of light, causing the light to split into different colors.","The prism decreases the wavelength of light, causing the light to split into different colors.",B,"The prism changes the direction of light, causing different wavelengths to bend by different amounts.",Dispersion occurs due to the different wavelengths of light bending by different amounts when passing through a prism.,"Dispersion is the phenomenon where light of different wavelengths (colors) is bent by different amounts when passing through a prism, due to the varying refractive indices of the prism material for different wavelengths.",2026-09-14 12:09:34
SCI_EN_0504,English,Science,"Light, Optics, Reflection & Refraction",Hard,"A light beam is incident on a mirror at an angle of 45 degrees. If the angle of incidence is 45 degrees, what is the angle of reflection?",22.5 degrees,45 degrees,67.5 degrees,90 degrees,B,45 degrees,The angle of reflection is equal to the angle of incidence.,"According to the law of reflection, the angle of incidence equals the angle of reflection. Therefore, if the angle of incidence is 45 degrees, the angle of reflection is also 45 degrees.",2026-09-14 12:09:34
SCI_EN_0505,English,Science,"Light, Optics, Reflection & Refraction",Hard,A light ray passes from air into water at an angle of incidence of 50 degrees. What is the approximate angle of refraction?,26 degrees,32 degrees,38 degrees,44 degrees,A,26 degrees,The angle of refraction is smaller than the angle of incidence due to the change in medium.,"Using Snell's law, sin(50) = 1.33 * sin(r), where r is the angle of refraction. Solving for r gives approximately 26 degrees.",2026-09-14 12:09:34
SCI_EN_0506,English,Science,"Light, Optics, Reflection & Refraction",Hard,What happens to the speed of light when it travels from a rarer medium to a denser medium?,The speed increases.,The speed decreases.,The speed remains constant.,The speed first increases then decreases.,B,The speed decreases.,The speed of light decreases when it travels from a rarer to a denser medium.,"The speed of light in a medium is inversely proportional to the refractive index of the medium. Since the refractive index of a denser medium is higher, the speed of light decreases when it travels from a rarer to a denser medium.",2026-09-14 12:09:34
SCI_EN_0507,English,Science,"Light, Optics, Reflection & Refraction",Hard,"A light ray is incident on a boundary between two media. If the angle of incidence is 30 degrees and the angle of refraction is 18 degrees, what is the ratio of the indices of refraction of the two media?",1.2,1.5,1.8,2.0,A,1.2,The ratio of the indices of refraction can be determined using Snell's law.,"Using Snell's law, sin(30) = 1.2 * sin(18). Solving for the ratio of the indices of refraction gives 1.2.",2026-09-14 12:09:34
SCI_EN_0508,English,Science,"Sound, Acoustics & Wave Motion",Easy,Which of the following is a characteristic of a longitudinal wave?,It requires a medium to travel.,The particles vibrate perpendicular to the direction of wave travel.,It cannot travel through a vacuum.,The particles vibrate parallel to the direction of wave travel.,D,The particles vibrate parallel to the direction of wave travel.,"This answer is correct because longitudinal waves, like sound waves, involve particle vibrations along the same direction as the wave's propagation.","In longitudinal waves, such as sound waves, particles move back and forth in the same direction as the wave. This contrasts with transverse waves, where particles move perpendicular to the wave’s direction.",2026-09-14 12:09:58
SCI_EN_0509,English,Science,"Sound, Acoustics & Wave Motion",Easy,What is the speed of sound in air at room temperature?,1200 m/s,343 m/s,250 m/s,500 m/s,B,343 m/s,This answer is correct because the speed of sound in air at room temperature is approximately 343 meters per second.,"The speed of sound can vary slightly with temperature, but 343 meters per second is a commonly accepted value at room temperature.",2026-09-14 12:09:58
SCI_EN_0510,English,Science,"Sound, Acoustics & Wave Motion",Easy,Which of the following is an example of a transverse wave?,Sound wave in air,Water wave on the surface of a lake,Seismic P-wave,Seismic S-wave,B,Water wave on the surface of a lake,"This answer is correct because water waves are transverse waves, where particles move up and down while the wave travels horizontally.",Transverse waves cause particles to vibrate perpendicular to the direction of wave propagation. Water waves are a classic example of this phenomenon.,2026-09-14 12:09:58
SCI_EN_0511,English,Science,"Sound, Acoustics & Wave Motion",Easy,What is the unit of frequency in the International System of Units?,Hertz (Hz),Watt (W),Coulomb (C),Ohm (Ω),A,Hertz (Hz),"This answer is correct because frequency is measured in Hertz, which represents one cycle per second.",Hertz is the standard unit for measuring frequency in the SI system. It quantifies the number of cycles or vibrations per second.,2026-09-14 12:09:58
SCI_EN_0512,English,Science,"Sound, Acoustics & Wave Motion",Easy,Which of the following is an example of resonance?,A pendulum swinging back and forth,A guitar string being plucked,A tuning fork striking another tuning fork of the same frequency,A light bulb glowing when an electric current passes through it,C,A tuning fork striking another tuning fork of the same frequency,"This answer is correct because when two tuning forks of the same frequency are struck, they vibrate in unison, demonstrating resonance.","Resonance occurs when a system vibrates at a frequency that matches the natural frequency of another system, causing amplification of the vibration.",2026-09-14 12:09:58
SCI_EN_0513,English,Science,"Sound, Acoustics & Wave Motion",Easy,What does the term 'ultrasound' refer to?,Sound waves that are too low in frequency to be heard by humans,Sound waves that are too high in frequency to be heard by humans,Sound waves with a frequency below 20 Hz,"Sound waves with a frequency above 20,000 Hz",B,Sound waves that are too high in frequency to be heard by humans,"This answer is correct because ultrasound refers to sound waves with frequencies above the range of human hearing, typically above 20,000 Hz.",Ultrasound is used in medical imaging and diagnostic techniques because it can penetrate tissues and provide detailed images. Humans cannot hear these high-frequency sounds.,2026-09-14 12:09:58
SCI_EN_0514,English,Science,"Sound, Acoustics & Wave Motion",Easy,Which of the following is a primary characteristic of a standing wave?,It can travel through a vacuum.,The wave shows regions of constructive and destructive interference.,It is produced by a single source of vibration.,It does not require a medium to propagate.,B,The wave shows regions of constructive and destructive interference.,"This answer is correct because standing waves are characterized by nodes (points of no movement) and antinodes (points of maximum movement), which result from the interference of waves moving in opposite directions.","Standing waves, such as those formed in a guitar string or a closed tube, appear to be stationary because of the interference between waves traveling in opposite directions.",2026-09-14 12:09:58
SCI_EN_0515,English,Science,"Sound, Acoustics & Wave Motion",Easy,What is the term for the distance between two consecutive compressions or rarefactions in a longitudinal wave?,Amplitude,Wavelength,Frequency,Velocity,B,Wavelength,This answer is correct because the wavelength is the distance between two consecutive compressions or rarefactions in a wave.,"Wavelength is a fundamental property of waves, indicating the spatial period of the wave, which is the distance over which the wave’s shape repeats.",2026-09-14 12:09:58
SCI_EN_0516,English,Science,"Sound, Acoustics & Wave Motion",Easy,What happens to the amplitude of a sound wave as it travels through a medium and the medium's density increases?,The amplitude increases.,The amplitude decreases.,The amplitude remains constant.,"The amplitude first increases, then decreases.",B,The amplitude decreases.,"This answer is correct because as the density of the medium increases, the amplitude of the sound wave decreases due to the increased resistance and absorption of the medium.","Higher density media can absorb more of the sound wave’s energy, reducing the amplitude. This is why sound is generally louder in less dense media like air than in denser media like water.",2026-09-14 12:09:58
SCI_EN_0517,English,Science,"Electricity, Current & Magnetism",Medium,What is the relationship between the magnetic field strength (B) and the current (I) in a long straight wire according to Ampère's circuital law?,B is directly proportional to I,B is inversely proportional to I,B is directly proportional to the square of I,B is independent of I,A,B is directly proportional to I,The magnetic field strength around a wire increases as the current increases.,"Ampère's circuital law states that the magnetic field strength is directly proportional to the current, forming a closed loop around the wire.",2026-09-14 12:10:21
SCI_EN_0518,English,Science,"Electricity, Current & Magnetism",Medium,What happens to the magnetic field lines when a current passes through a circular loop?,The field lines are parallel to the loop.,The field lines form concentric circles around the loop.,The field lines are perpendicular to the plane of the loop.,The field lines are random and disorganized.,B,The field lines form concentric circles around the loop.,The magnetic field lines are circular in shape and centered around the current-carrying loop.,"The magnetic field lines encircle the current-carrying loop, demonstrating the solenoidal nature of the magnetic field generated by the current.",2026-09-14 12:10:21
SCI_EN_0519,English,Science,"Electricity, Current & Magnetism",Medium,What is the effect of increasing the number of turns in a coil on the magnetic field strength produced?,Decreases the magnetic field strength,Increases the magnetic field strength,Does not affect the magnetic field strength,Inverts the direction of the magnetic field,B,Increases the magnetic field strength,"A greater number of turns in a coil increases the magnetic field strength, as more loops contribute to the magnetic effect.","Each turn in a coil adds to the overall magnetic field, so increasing the number of turns intensifies the field strength within the coil.",2026-09-14 12:10:21
SCI_EN_0520,English,Science,"Electricity, Current & Magnetism",Medium,What is the unit of magnetic flux (Φ) in the SI system?,Tesla (T),Weber (Wb),Ampere (A),Volt (V),B,Weber (Wb),Magnetic flux measures the total magnetic field passing through a given area and is measured in Weber.,"The Weber quantifies the magnetic flux, representing the total magnetic flux linkage through a surface.",2026-09-14 12:10:21
SCI_EN_0521,English,Science,"Electricity, Current & Magnetism",Medium,What is the direction of the magnetic field produced by a current-carrying wire according to the right-hand rule?,Along the direction of the current,Perpendicular to the direction of the current,Circumferentially around the wire,Randomly oriented,C,Circumferentially around the wire,"The magnetic field lines form circles around the wire, with the direction determined by the current flow.","The right-hand rule states that if you point the thumb of your right hand in the direction of the current, your fingers will curl in the direction of the magnetic field lines.",2026-09-14 12:10:21
SCI_EN_0522,English,Science,"Electricity, Current & Magnetism",Medium,Which of the following is a unit of electric potential difference?,Ampere (A),Ohm (Ω),Volt (V),Watt (W),C,Volt (V),The Volt measures the potential difference or voltage across a circuit.,"The Volt is the standard unit of electric potential difference, defined as the work done per unit charge in moving a charge between two points.",2026-09-14 12:10:21
SCI_EN_0523,English,Science,"Electricity, Current & Magnetism",Medium,"What is the direction of the induced current in a conductor moving through a magnetic field, according to Lenz's law?",In a direction to increase the magnetic field,In a direction to decrease the magnetic field,Always in the same direction as the applied field,"Randomly, depending on the material",B,In a direction to decrease the magnetic field,"The induced current opposes the change that produced it, reducing the magnetic flux.","Lenz's law states that the direction of the induced current is such that it opposes the change in magnetic flux, effectively trying to keep the system in equilibrium.",2026-09-14 12:10:21
SCI_EN_0524,English,Science,"Electricity, Current & Magnetism",Medium,Which of the following best describes the relationship between electric current and magnetic field in a solenoid?,No magnetic field is produced,A uniform magnetic field is produced inside the solenoid,A magnetic field is produced only outside the solenoid,A variable magnetic field is produced inside the solenoid,B,A uniform magnetic field is produced inside the solenoid,"The magnetic field within a solenoid is uniform and strong, running parallel to the axis of the solenoid.","In a solenoid, the closely packed turns of wire create a uniform magnetic field inside the coil, which can be used in various electrical and magnetic applications.",2026-09-14 12:10:21
SCI_EN_0525,English,Science,"Modern Physics, Atoms & Nuclear Energy",Hard,"In the context of the nuclear binding energy curve, which of the following elements has the highest binding energy per nucleon, making it the most stable nuclide?",Hydrogen,Iron,Lead,Uranium,B,Iron,"Iron has the highest binding energy per nucleon, making it the most stable nuclide.","Iron (Fe-56) is at the peak of the binding energy curve, indicating that it has the highest stability among all elements, with each nucleon contributing maximally to the stability of the nucleus.",2026-09-14 12:10:50
SCI_EN_0526,English,Science,"Modern Physics, Atoms & Nuclear Energy",Hard,"According to the Heisenberg Uncertainty Principle, which of the following statements is true when trying to measure the exact position and momentum of an electron?",It is impossible to measure both the position and momentum with arbitrary precision.,"The position can be measured with arbitrary precision, but momentum cannot.","The momentum can be measured with arbitrary precision, but position cannot.",Both position and momentum can be measured with arbitrary precision.,A,It is impossible to measure both the position and momentum with arbitrary precision.,"The uncertainty principle dictates that the more precisely one property is known, the less precisely the other can be known.","The Heisenberg Uncertainty Principle states that the product of the uncertainties in position and momentum must be greater than or equal to Planck's constant divided by four pi, making it impossible to measure both with arbitrary precision simultaneously.",2026-09-14 12:10:50
SCI_EN_0527,English,Science,"Modern Physics, Atoms & Nuclear Energy",Hard,"In beta decay, which of the following processes correctly describes the change in the nucleus of an atom?","A neutron is converted into a proton, emitting a positron.","A proton is converted into a neutron, emitting a positron.","A neutron is converted into a proton, emitting an electron.","A proton is converted into a neutron, emitting an electron.",C,"A neutron is converted into a proton, emitting an electron.","Beta decay involves a neutron transforming into a proton, emitting an electron and an antineutrino.","In beta minus decay, a neutron in the nucleus is transformed into a proton, emitting an electron and an antineutrino. This process increases the atomic number by one, resulting in the emission of a beta particle (electron).",2026-09-14 12:10:50
SCI_EN_0528,English,Science,"Modern Physics, Atoms & Nuclear Energy",Hard,Which of the following best describes the Compton effect and its significance in modern physics?,It demonstrates the wave nature of light.,It proves the particle nature of light.,It indicates the quantization of energy levels in atoms.,It confirms the existence of quarks within protons.,B,It proves the particle nature of light.,The Compton effect confirms that photons have a particle nature and can scatter off electrons.,"The Compton effect, discovered by Arthur Compton, shows that photons behave as particles by scattering off electrons and losing energy. This confirmed Einstein's photon hypothesis and demonstrated the particle nature of light.",2026-09-14 12:10:50
SCI_EN_0529,English,Science,"Modern Physics, Atoms & Nuclear Energy",Hard,Which of the following statements accurately describes the relationship between the mass defect and the binding energy in atomic nuclei?,Mass defect is the difference between the mass of a free atom and the mass of its constituent protons and neutrons.,Binding energy is the energy required to break apart a nucleus into its constituent protons and neutrons.,Mass defect is the energy released when a nucleus is formed from its constituent protons and neutrons.,Binding energy is the difference in mass between the free nucleons and the mass of the nucleus.,C,Mass defect is the energy released when a nucleus is formed from its constituent protons and neutrons.,"Mass defect represents the mass equivalent of the binding energy, indicating the energy released during the formation of a nucleus.","The mass defect is the difference between the sum of the masses of the individual free constituent nucleons and the mass of the nucleus. This difference is actually the binding energy, which is the energy released when the nucleus is formed from its constituent protons and neutrons.",2026-09-14 12:10:50
SCI_EN_0530,English,Science,"Modern Physics, Atoms & Nuclear Energy",Hard,"What is the primary reason for the stability of atomic nuclei against spontaneous fission, despite the strong nuclear force being short-ranged?",The weak nuclear force counteracts the strong force.,The Pauli exclusion principle prevents nucleons from occupying the same quantum state.,"The electromagnetic force repels protons, preventing the nucleus from breaking apart.",The strong nuclear force is sufficient to overcome the repulsive forces between protons.,D,The strong nuclear force is sufficient to overcome the repulsive forces between protons.,"The strong nuclear force is powerful enough to hold nucleons together, even in the presence of repulsive electrostatic forces.","The strong nuclear force, which is much stronger than the electromagnetic force at short distances, is sufficient to overcome the repulsive forces between protons, maintaining the stability of the nucleus against spontaneous fission.",2026-09-14 12:10:50
SCI_EN_0531,English,Science,"Modern Physics, Atoms & Nuclear Energy",Hard,"Which of the following equations correctly represents the energy released in a nuclear fission reaction, assuming a mass defect of Δm?",E = Δm / c^2,E = Δm * c^2,E = Δm + c^2,E = c^2 - Δm,B,E = Δm * c^2,The energy released in a nuclear fission reaction is equal to the mass defect multiplied by the speed of light squared.,"According to Einstein's mass-energy equivalence equation, E = Δm * c^2, the energy (E) released in a nuclear fission reaction is the mass defect (Δm) multiplied by the speed of light squared (c^2).",2026-09-14 12:10:50
SCI_EN_0532,English,Science,"Modern Physics, Atoms & Nuclear Energy",Hard,Which of the following best explains the concept of a critical mass in nuclear fission reactors?,The minimum mass of fissile material required to sustain a chain reaction.,The maximum mass of fissile material that can be used in a reactor.,The mass of fissile material that produces the most energy in a reactor.,The mass of fissile material required to initiate a nuclear fusion reaction.,A,The minimum mass of fissile material required to sustain a chain reaction.,Critical mass is the minimum amount of fissile material needed to maintain a continuous chain reaction.,"Critical mass is the minimum amount of fissile material necessary to sustain a self-sustaining chain reaction, where the number of neutrons produced equals the number lost. Below this mass, the reaction will not sustain itself.",2026-09-14 12:10:50
SCI_EN_0533,English,Science,"Modern Physics, Atoms & Nuclear Energy",Hard,"In the context of quantum tunneling, which of the following best describes the phenomenon of alpha decay in unstable nuclei?",The alpha particle is emitted only during the nuclear fission process.,"The alpha particle tunnels through the potential barrier of the nucleus, overcoming the electrostatic repulsion.",The alpha particle is repelled by the strong nuclear force and cannot escape the nucleus.,The alpha particle is emitted by the nucleus due to thermal vibrations.,B,"The alpha particle tunnels through the potential barrier of the nucleus, overcoming the electrostatic repulsion.",Quantum tunneling allows alpha particles to escape from the nucleus despite the repulsive forces.,"Quantum tunneling allows an alpha particle to overcome the potential barrier of the nucleus, even though the particle's energy is less than the height of the barrier. This phenomenon is crucial for alpha decay, as it allows the alpha particle to escape from the nucleus, despite the repulsive electrostatic forces.",2026-09-14 12:10:50
SCI_EN_0534,English,Science,"Modern Physics, Atoms & Nuclear Energy",Hard,Which of the following statements accurately describes the mechanism of gamma decay in nuclear physics?,It involves the emission of a proton from the nucleus.,"It results from the conversion of a neutron into a proton, emitting an electron and an antineutrino.",It is the process of emitting a high-energy photon from an excited nucleus.,It causes the nucleus to emit a positron and an electron neutrino.,C,It is the process of emitting a high-energy photon from an excited nucleus.,Gamma decay involves the emission of a high-energy photon from a nucleus in an excited state.,"Gamma decay is the process by which a nucleus in an excited state releases energy by emitting a high-energy photon, known as a gamma ray. This decay does not change the nuclear charge or mass number of the nucleus, only its energy state.",2026-09-14 12:10:50
SCI_EN_0535,English,Science,"Atomic Structure, Molecules & Chemical Bonding",Easy,What is the main component of a covalent bond in a molecule?,A shared pair of electrons,An ionic transfer of electrons,A metallic sharing of electrons,A van der Waals interaction,A,A shared pair of electrons,Covalent bonds involve the sharing of electrons between atoms.,"In covalent bonding, atoms share electrons to achieve a stable electron configuration, forming a bond that holds the molecule together.",2026-09-14 12:11:13
SCI_EN_0536,English,Science,"Atomic Structure, Molecules & Chemical Bonding",Easy,Which of the following best describes the valence electrons in an atom?,Electrons in the innermost shell,Electrons in the outermost shell,Electrons in the nucleus,Electrons in all shells,B,Electrons in the outermost shell,Valence electrons are the outermost electrons that participate in chemical bonding.,"The outermost shell, or valence shell, determines the atom's chemical behavior and its ability to form bonds with other atoms.",2026-09-14 12:11:13
SCI_EN_0537,English,Science,"Atomic Structure, Molecules & Chemical Bonding",Easy,Which of the following is true about the octet rule?,Atoms are most stable with 8 protons,Atoms are most stable with 8 neutrons,Atoms are most stable with 8 electrons in their outer shell,Atoms are most stable with 8 protons in the nucleus,C,Atoms are most stable with 8 electrons in their outer shell,"The octet rule states that atoms are most stable when they have 8 electrons in their outer shell, mimicking the electron configuration of noble gases.","The octet rule explains why atoms tend to gain, lose, or share electrons to achieve a stable electron configuration with 8 valence electrons.",2026-09-14 12:11:13
SCI_EN_0538,English,Science,"Atomic Structure, Molecules & Chemical Bonding",Easy,What is the role of a Lewis dot structure in representing molecules?,It shows the ionic bonds between atoms,It indicates the covalent bonds and lone pairs of electrons,It represents the physical shape of the molecule,It defines the nuclear charge of the atoms,B,It indicates the covalent bonds and lone pairs of electrons,A Lewis dot structure displays the valence electrons of atoms and their bonding in a molecule.,"Lewis dot structures are useful for predicting the geometry and bonding in molecules, showing how electrons are shared between atoms.",2026-09-14 12:11:13
SCI_EN_0539,English,Science,"Atomic Structure, Molecules & Chemical Bonding",Easy,Which of the following elements is most likely to form an ionic bond?,Neon,Sodium,Carbon,Oxygen,B,Sodium,Sodium is a highly reactive metal that readily loses electrons to form a positive ion.,"Sodium has one valence electron, making it highly reactive and prone to forming ionic bonds by losing its outermost electron.",2026-09-14 12:11:13
SCI_EN_0540,English,Science,"Atomic Structure, Molecules & Chemical Bonding",Easy,"In the formation of a single covalent bond, how many electrons are shared?",1 electron,2 electrons,3 electrons,4 electrons,B,2 electrons,A covalent bond involves the sharing of a pair of electrons between two atoms.,"Two electrons are shared between atoms in a covalent bond, one from each atom, to achieve a stable electron configuration.",2026-09-14 12:11:13
SCI_EN_0541,English,Science,"Atomic Structure, Molecules & Chemical Bonding",Easy,Which of the following best describes a polar covalent bond?,An ionic bond between two atoms,A bond where electrons are shared equally,A bond where electrons are shared unequally,A bond where atoms are not bonded,C,A bond where electrons are shared unequally,"In a polar covalent bond, the electrons are not shared equally, leading to a partial positive and negative charge on the atoms.","The uneven sharing of electrons in a polar covalent bond results in a localized positive and negative charge, affecting the molecule's polarity.",2026-09-14 12:11:13
SCI_EN_0542,English,Science,"Atomic Structure, Molecules & Chemical Bonding",Easy,What type of bond is formed between metal and nonmetal atoms?,Ionic bond,Covalent bond,Metallic bond,Hydrogen bond,A,Ionic bond,"Ionic bonds are formed between a metal and a nonmetal, where electrons are transferred from the metal to the nonmetal.","In an ionic bond, the transfer of one or more electrons from a metal to a nonmetal creates oppositely charged ions that are attracted to each other, forming a crystal lattice.",2026-09-14 12:11:13
SCI_EN_0543,English,Science,"Atomic Structure, Molecules & Chemical Bonding",Easy,Which of the following elements is most likely to form a double bond?,Nitrogen,Sodium,Boron,Magnesium,A,Nitrogen,"Nitrogen, with 5 valence electrons, can form a double bond to achieve a stable octet.","Nitrogen can form a double bond by sharing four electrons, allowing it to have a stable octet configuration in molecules like ammonia (NH3) or in the nitrate ion (NO3-).",2026-09-14 12:11:13
SCI_EN_0544,English,Science,"Atomic Structure, Molecules & Chemical Bonding",Easy,What is the significance of the valence shell in determining an atom's chemical behavior?,It determines the atom's color,It determines the atom's reactivity and bonding,It determines the atom's size,It determines the atom's mass,B,It determines the atom's reactivity and bonding,The valence shell of an atom contains the electrons involved in chemical bonding.,"The valence shell's electrons are crucial for an atom's ability to form bonds with other atoms, influencing its chemical reactivity and bonding patterns.",2026-09-14 12:11:13
SCI_EN_0545,English,Science,"Periodic Table, Metals & Non-metals",Medium,Which of the following elements is a metalloid and why?,Sodium (Na),Silicon (Si),Chlorine (Cl),Bromine (Br),B,Silicon (Si),Silicon is a metalloid because it has properties intermediate between metals and non-metals.,"Silicon is located at the boundary between metal and non-metal elements in the periodic table, exhibiting characteristics of both. It is a good conductor of heat and electricity but not as good as metals. It is also relatively non-reactive like non-metals.",2026-09-14 12:11:36
SCI_EN_0546,English,Science,"Periodic Table, Metals & Non-metals",Medium,Which element in Group 1 is the largest and why?,Sodium (Na),Potassium (K),Rubidium (Rb),Cesium (Cs),D,Cesium (Cs),Cesium is the largest element in Group 1 due to its larger atomic radius.,"Cesium has the largest atomic radius in Group 1 because it has the highest number of electron shells, which increases the distance between the nucleus and the outermost electrons, making it the largest alkali metal.",2026-09-14 12:11:36
SCI_EN_0547,English,Science,"Periodic Table, Metals & Non-metals",Medium,Which of the following is not a noble gas and why?,Helium (He),Neon (Ne),Argon (Ar),Sulfur (S),D,Sulfur (S),Sulfur is not a noble gas as it does not have a full valence shell like the noble gases.,"Sulfur is a non-metal element that does not belong to Group 18 (Noble Gases). It has 6 valence electrons and does not typically form a full octet, unlike noble gases which have 8 valence electrons (except for helium which has 2).",2026-09-14 12:11:36
SCI_EN_0548,English,Science,"Periodic Table, Metals & Non-metals",Medium,Which metal is most reactive and why?,Lithium (Li),Sodium (Na),Potassium (K),Rubidium (Rb),D,Rubidium (Rb),Rubidium is the most reactive metal due to its high reactivity and low ionization energy.,"Rubidium is the most reactive metal among the alkali metals because it has the lowest ionization energy, making it easier for it to lose its single valence electron. Its high reactivity is also due to the proximity of its valence electron to the nucleus, which results in less attraction and easier loss.",2026-09-14 12:11:36
SCI_EN_0549,English,Science,"Periodic Table, Metals & Non-metals",Medium,Which of the following is a transition metal and why?,Calcium (Ca),Iron (Fe),Sodium (Na),Chlorine (Cl),B,Iron (Fe),Iron is a transition metal because it has partially filled d-orbitals.,"Iron is a transition metal because it has electrons in its d-orbital, which are not fully filled, unlike the s-block elements like calcium which have only s-orbital electrons.",2026-09-14 12:11:36
SCI_EN_0550,English,Science,"Periodic Table, Metals & Non-metals",Medium,Which element is a non-metal and why?,Iron (Fe),Sodium (Na),Nitrogen (N),Calcium (Ca),C,Nitrogen (N),Nitrogen is a non-metal due to its position in the periodic table.,"Nitrogen is a non-metal because it is found in the p-block of the periodic table and does not have the properties of a metal, such as good electrical and thermal conductivity. It is a gas at room temperature and forms covalent bonds, unlike metals which form ionic bonds.",2026-09-14 12:11:36
SCI_EN_0551,English,Science,"Periodic Table, Metals & Non-metals",Medium,Which of the following is not a representative element and why?,Sodium (Na),Iron (Fe),Sulfur (S),Scandium (Sc),B,Iron (Fe),Iron is not a representative element as it is a transition metal.,"Iron is a transition metal and thus not a representative element. Representative elements are those in the s-block and p-block, which have fully filled or partially filled s and p orbitals.",2026-09-14 12:11:36
SCI_EN_0552,English,Science,"Periodic Table, Metals & Non-metals",Medium,Which of the following is a metal and why?,Phosphorus (P),Magnesium (Mg),Oxygen (O),Fluorine (F),B,Magnesium (Mg),Magnesium is a metal due to its position in the periodic table.,"Magnesium is a metal because it is found in the s-block of the periodic table and has the properties of metals, such as good electrical and thermal conductivity. It is a good conductor of heat and electricity and can lose electrons easily to form a positive ion.",2026-09-14 12:11:36
SCI_EN_0553,English,Science,"Periodic Table, Metals & Non-metals",Medium,Which of the following is a metalloid and why?,Boron (B),Aluminum (Al),Sodium (Na),Sulfur (S),A,Boron (B),Boron is a metalloid because it has properties intermediate between metals and non-metals.,"Boron is located in the p-block and has properties that are intermediate between metals and non-metals, such as it can form covalent and ionic bonds. It has a high melting point and can conduct electricity in certain conditions, but it is not as good a conductor as metals.",2026-09-14 12:11:36
SCI_EN_0554,English,Science,"Periodic Table, Metals & Non-metals",Medium,Which of the following is a non-metal and why?,Iron (Fe),Sodium (Na),Sulfur (S),Copper (Cu),C,Sulfur (S),Sulfur is a non-metal due to its position in the periodic table.,"Sulfur is a non-metal because it is found in the p-block of the periodic table and does not have the properties of a metal, such as good electrical and thermal conductivity. It is a gas at room temperature and forms covalent bonds, unlike metals which form ionic bonds.",2026-09-14 12:11:36
SCI_EN_0555,English,Science,"Acids, Bases, Salts & Chemical Reactions",Hard,"Which of the following reactions is an acid-base reaction, and why?","HCl + NaOH → NaCl + H₂O, because it produces a salt and water.","CaCO₃ + 2HCl → CaCl₂ + H₂O + CO₂, because it produces carbon dioxide.","Na₂SO₄ + BaCl₂ → 2NaCl + BaSO₄, because it involves a double displacement reaction.","Zn + H₂SO₄ → ZnSO₄ + H₂, because it involves a metal reacting with an acid.",A,"Option A: HCl + NaOH → NaCl + H₂O, because it produces a salt and water.",This reaction is an acid-base reaction because it involves the neutralization of HCl (an acid) with NaOH (a base) to form NaCl (a salt) and H₂O (water).,"Acid-base reactions are characterized by the transfer of a proton (H⁺) from the acid to the base, resulting in the formation of water and a salt. In this case, HCl donates a proton to NaOH, forming NaCl and water.",2026-09-14 12:12:17
SCI_EN_0556,English,Science,"Acids, Bases, Salts & Chemical Reactions",Hard,"In the reaction between sulfuric acid and copper(II) oxide, which product is formed, and why?","CuSO₄ and H₂O, because copper(II) oxide acts as an acid.","CuO and SO₂, because sulfuric acid acts as a base.","CuO and H₂SO₄, because both are oxidizing agents.","CuSO₄ and SO₂, because copper(II) oxide reduces sulfuric acid.",D,"Option D: CuSO₄ and SO₂, because copper(II) oxide reduces sulfuric acid.","This reaction involves the reduction of copper(II) oxide by sulfuric acid, leading to the formation of copper(II) sulfate and sulfur dioxide.","In this reaction, copper(II) oxide acts as a solid oxidizing agent, and sulfuric acid acts as a reducing agent, resulting in the formation of copper(II) sulfate and sulfur dioxide gas.",2026-09-14 12:12:17
SCI_EN_0557,English,Science,"Acids, Bases, Salts & Chemical Reactions",Hard,"Which of the following salts is formed when a strong acid reacts with a strong base, and why?","Fe(OH)₃, because it is insoluble in water.","Na₂SO₄, because it is formed from sodium and sulfuric acid.","Mg(OH)₂, because it is a basic salt.","NaCl, because it is formed from a strong acid and a strong base.",D,"Option D: NaCl, because it is formed from a strong acid and a strong base.","NaCl is formed because it is the salt of a strong acid (HCl) and a strong base (NaOH), which typically results in a soluble salt.","NaCl is formed from the neutralization of HCl (a strong acid) and NaOH (a strong base), resulting in a soluble salt that is commonly used in everyday life.",2026-09-14 12:12:17
SCI_EN_0558,English,Science,"Acids, Bases, Salts & Chemical Reactions",Hard,"Which of the following is an example of a precipitation reaction, and why?","HCl + NaOH → NaCl + H₂O, because it produces a gas.","NaCl + AgNO₃ → AgCl + NaNO₃, because it forms an insoluble solid.","CuSO₄ + 2NaOH → Cu(OH)₂ + Na₂SO₄, because it involves a double displacement reaction.","Zn + H₂SO₄ → ZnSO₄ + H₂, because it involves a metal reacting with an acid.",B,"Option B: NaCl + AgNO₃ → AgCl + NaNO₃, because it forms an insoluble solid.","This reaction produces a precipitate (AgCl), which is insoluble in water and separates out of the solution.","In this reaction, the formation of AgCl (silver chloride) as a solid product indicates a precipitation reaction, where the two soluble salts (NaCl and AgNO₃) react to form an insoluble compound that settles out of the solution.",2026-09-14 12:12:17
SCI_EN_0559,English,Science,"Acids, Bases, Salts & Chemical Reactions",Hard,"In the reaction between sodium carbonate and hydrochloric acid, which of the following is NOT a product, and why?","NaCl, because it is formed from a strong acid and a strong base.","CO₂, because it is a gas evolved from the reaction.","H₂O, because it is formed from the combination of acid and base.","NaHCO₃, because it is a salt formed from the reaction.",A,"Option A: NaCl, because it is formed from a strong acid and a strong base.","NaCl is not a product of this reaction, as it is not formed from the reaction between sodium carbonate and hydrochloric acid.","The reaction between sodium carbonate (Na₂CO₃) and hydrochloric acid (HCl) produces sodium chloride (NaCl), carbon dioxide (CO₂), and water (H₂O). NaCl is not directly produced as it is not a reactant in this specific reaction.",2026-09-14 12:12:17
SCI_EN_0560,English,Science,"Acids, Bases, Salts & Chemical Reactions",Hard,"Which of the following is the correct net ionic equation for the reaction between sodium hydroxide and nitric acid, and why?","NaOH + HNO₃ → NaNO₃ + H₂O, because it shows the complete reaction.","OH⁻ + H⁺ → H₂O, because it shows the neutralization process.","Na⁺ + OH⁻ + H⁺ + NO₃⁻ → Na⁺ + NO₃⁻ + H₂O, because it includes all species.","OH⁻ + H⁺ → Na⁺ + NO₃⁻, because it shows the formation of a salt.",B,"Option B: OH⁻ + H⁺ → H₂O, because it shows the neutralization process.","This net ionic equation represents the actual chemical change occurring during the reaction, focusing on the H⁺ and OH⁻ ions.","The net ionic equation for the reaction between sodium hydroxide (NaOH) and nitric acid (HNO₃) is OH⁻ + H⁺ → H₂O, as it only includes the ions that participate in the actual chemical change, which is the neutralization of the acid and base to form water.",2026-09-14 12:12:17
SCI_EN_0561,English,Science,"Acids, Bases, Salts & Chemical Reactions",Hard,"Which of the following is an example of an acid acting as a reducing agent, and why?","H₂SO₄ + Zn → ZnSO₄ + H₂, because zinc reduces sulfuric acid.","HCl + Na₂O → NaCl + H₂O, because chlorine reduces sodium oxide.","HNO₃ + Cu → Cu(NO₃)₂ + NO, because nitric acid reduces copper.","H₂O + NaOH → NaOH + H₂, because water reduces sodium hydroxide.",C,"Option C: HNO₃ + Cu → Cu(NO₃)₂ + NO, because nitric acid reduces copper.","In this reaction, nitric acid (HNO₃) acts as a reducing agent, reducing copper to copper(II) nitrate and releasing nitrogen monoxide (NO).","Nitric acid (HNO₃) acts as a reducing agent in this reaction by donating an electron to copper (Cu), oxidizing it to copper(II) nitrate (Cu(NO₃)₂) and producing nitrogen monoxide (NO) as a product.",2026-09-14 12:12:17
SCI_EN_0562,English,Science,"Acids, Bases, Salts & Chemical Reactions",Hard,"Which of the following is an example of a redox reaction involving an acid, and why?","H₂SO₄ + BaCl₂ → BaSO₄ + 2HCl, because it is a precipitation reaction.","2KMnO₄ + 3H₂O₂ + 3H₂SO₄ → K₂SO₄ + 2MnSO₄ + 3O₂ + 4H₂O, because it involves the oxidation of hydrogen peroxide by permanganate ion.","Na₂CO₃ + 2HCl → 2NaCl + H₂O + CO₂, because it is an acid-base reaction.","HCl + NaOH → NaCl + H₂O, because it is a neutralization reaction.",B,"Option B: 2KMnO₄ + 3H₂O₂ + 3H₂SO₄ → K₂SO₄ + 2MnSO₄ + 3O₂ + 4H₂O, because it involves the oxidation of hydrogen peroxide by permanganate ion.","This reaction involves the reduction of permanganate ion (MnO₄⁻) by hydrogen peroxide (H₂O₂) in the presence of sulfuric acid (H₂SO₄), which is a redox reaction.","In this reaction, permanganate ion (MnO₄⁻) is reduced to manganese(II) sulfate (MnSO₄), while hydrogen peroxide (H₂O₂) is oxidized to oxygen gas (O₂) in the presence of sulfuric acid (H₂SO₄), making it a redox reaction.",2026-09-14 12:12:17
SCI_EN_0563,English,Science,"Acids, Bases, Salts & Chemical Reactions",Hard,"Which of the following is an example of a disproportionation reaction involving an acid, and why?","2HCl + CaCO₃ → CaCl₂ + H₂O + CO₂, because it involves a double displacement reaction.","2NaCl + H₂SO₄ → Na₂SO₄ + 2HCl, because it involves a salt reacting with an acid.","Cl₂ + 2NaOH → NaCl + NaClO + H₂O, because chlorine is both oxidized and reduced.","2HNO₃ + 3Cu → 3Cu(NO₃)₂ + 2NO, because it involves the reduction of nitric acid by copper.",C,"Option C: Cl₂ + 2NaOH → NaCl + NaClO + H₂O, because chlorine is both oxidized and reduced.",This reaction is a disproportionation reaction where chlorine (Cl₂) is both oxidized to chloride ion (Cl⁻) and reduced to hypochlorite ion (ClO⁻).,"In this reaction, chlorine (Cl₂) acts as both an oxidizing and reducing agent, being oxidized to chloride ion (Cl⁻) and reduced to hypochlorite ion (ClO⁻) in the presence of sodium hydroxide (NaOH).",2026-09-14 12:12:17
SCI_EN_0564,English,Science,"Acids, Bases, Salts & Chemical Reactions",Hard,"Which of the following is a correct representation of a redox reaction involving an acid, and why?","H₂SO₄ + Zn → ZnSO₄ + H₂, because zinc reduces sulfuric acid.","2KMnO₄ + 3H₂O₂ + 3H₂SO₄ → K₂SO₄ + 2MnSO₄ + 3O₂ + 4H₂O, because it involves the oxidation of hydrogen peroxide by permanganate ion.","Na₂CO₃ + 2HCl → 2NaCl + H₂O + CO₂, because it is an acid-base reaction.","HCl + NaOH → NaCl + H₂O, because it is a neutralization reaction.",B,"Option B: 2KMnO₄ + 3H₂O₂ + 3H₂SO₄ → K₂SO₄ + 2MnSO₄ + 3O₂ + 4H₂O, because it involves the oxidation of hydrogen peroxide by permanganate ion.","This reaction involves the reduction of permanganate ion (MnO₄⁻) by hydrogen peroxide (H₂O₂) in the presence of sulfuric acid (H₂SO₄), which is a redox reaction.","In this reaction, permanganate ion (MnO₄⁻) is reduced to manganese(II) sulfate (MnSO₄), while hydrogen peroxide (H₂O₂) is oxidized to oxygen gas (O₂) in the presence of sulfuric acid (H₂SO₄), making it a redox reaction.",2026-09-14 12:12:17
SCI_EN_0565,English,Science,"Organic Chemistry, Hydrocarbons & Everyday Chemicals",Easy,Which of the following is an unsaturated hydrocarbon?,Methane (CH4),Ethane (C2H6),Propene (C3H6),Butane (C4H10),C,Propene (C3H6),"Propene has a double bond, making it unsaturated.","Unsaturated hydrocarbons contain at least one carbon-carbon double bond, which is not present in saturated hydrocarbons like methane, ethane, and butane.",2026-09-14 12:12:41
SCI_EN_0566,English,Science,"Organic Chemistry, Hydrocarbons & Everyday Chemicals",Easy,Which of the following is a correct representation of an aliphatic hydrocarbon?,Phenol (C6H5OH),Benzene (C6H6),Styrene (C8H8),Butane (C4H10),D,Butane (C4H10),Butane is an aliphatic hydrocarbon because it has a straight or branched chain structure.,"Aliphatic hydrocarbons are those that do not contain any benzene rings, and butane is a simple aliphatic hydrocarbon with a linear carbon chain.",2026-09-14 12:12:41
SCI_EN_0567,English,Science,"Organic Chemistry, Hydrocarbons & Everyday Chemicals",Easy,Which of the following is a correct representation of a cycloalkane?,Ethylene (C2H4),Propyne (C3H4),Cyclohexane (C6H12),Butadiene (C4H6),C,Cyclohexane (C6H12),Cyclohexane has a cyclic structure with six carbon atoms.,Cycloalkanes are hydrocarbons with a ring structure. Cyclohexane is a simple example of a cycloalkane with a six-membered carbon ring.,2026-09-14 12:12:41
SCI_EN_0568,English,Science,"Organic Chemistry, Hydrocarbons & Everyday Chemicals",Easy,Which of the following is a common use of alkanes in everyday life?,As a solvent for cleaning oil stains,As a fuel in engines,As a plasticizer in PVC,As a preservative in food,B,As a fuel in engines,"Alkanes, such as propane and butane, are often used as fuels in engines and as fuel for portable stoves and torches.","Alkanes, due to their stable structure, are easily combustible and release a lot of energy when burned, making them suitable for use as fuels.",2026-09-14 12:12:41
SCI_EN_0569,English,Science,"Organic Chemistry, Hydrocarbons & Everyday Chemicals",Easy,Which of the following is a characteristic of alkenes?,They are always liquid at room temperature.,They can undergo addition reactions.,They are more stable than alkynes.,They cannot undergo addition reactions.,B,They can undergo addition reactions.,Alkenes contain a carbon-carbon double bond and can add small molecules across this bond.,"Alkenes, due to their double bond, can undergo addition reactions where a molecule adds across the double bond, forming a larger molecule.",2026-09-14 12:12:41
SCI_EN_0570,English,Science,"Organic Chemistry, Hydrocarbons & Everyday Chemicals",Easy,Which of the following is a common method of obtaining alkenes from alkanes?,By heating alkanes to high temperatures.,By adding water to alkanes.,By cracking alkanes under certain conditions.,By dissolving alkanes in water.,C,By cracking alkanes under certain conditions.,Cracking involves breaking down larger alkanes into smaller alkenes.,"Cracking is a process where long-chain alkanes are broken down into smaller alkanes and alkenes under high temperature and pressure, which is a common method of obtaining alkenes from alkanes.",2026-09-14 12:12:41
SCI_EN_0571,English,Science,"Organic Chemistry, Hydrocarbons & Everyday Chemicals",Easy,Which of the following is a common use of alkenes in industry?,As a preservative in food,As a lubricant in machinery,As a solvent in paint removers,As a building material,C,As a solvent in paint removers,Alkenes can be used as solvents due to their ability to dissolve oils and resins.,"Alkenes can dissolve oils and resins, making them useful as solvents in paint removers and other industrial applications where solubility is important.",2026-09-14 12:12:41
SCI_EN_0572,English,Science,"Organic Chemistry, Hydrocarbons & Everyday Chemicals",Easy,Which of the following is a common example of an aromatic hydrocarbon?,Ethane (C2H6),Benzene (C6H6),Methanol (CH3OH),Propanol (C3H7OH),B,Benzene (C6H6),Benzene is a well-known aromatic hydrocarbon.,"Benzene is a cyclic, planar molecule with delocalized electrons, which gives it unique chemical properties, making it an aromatic hydrocarbon.",2026-09-14 12:12:41
SCI_EN_0573,English,Science,"Cell Biology, Organelles & Genetics",Medium,Which organelle is known as the 'powerhouse of the cell' due to its role in producing energy?,Lysosomes,Golgi Apparatus,Mitochondria,Chloroplasts,C,Mitochondria,"Mitochondria generate ATP, the primary energy currency of the cell.",Mitochondria contain enzymes that break down nutrients into usable energy in the form of ATP. This process is called cellular respiration.,2026-09-14 12:13:04
SCI_EN_0574,English,Science,"Cell Biology, Organelles & Genetics",Medium,Which of the following is a function of the Golgi apparatus in cell biology?,Synthesis of proteins,Energy production,Packaging and modification of proteins,Storage of genetic material,C,Packaging and modification of proteins,"The Golgi apparatus modifies, packages, and sends proteins to their final destination.","The Golgi apparatus receives proteins from the endoplasmic reticulum, modifies them, and then packages them into vesicles to be transported to the cell membrane or other parts of the cell.",2026-09-14 12:13:04
SCI_EN_0575,English,Science,"Cell Biology, Organelles & Genetics",Medium,"In genetics, which of the following best describes the process of DNA replication?",Transcription of RNA from DNA,Translation of RNA into proteins,Duplication of DNA to produce two identical copies,Repair of DNA damage,C,Duplication of DNA to produce two identical copies,DNA replication ensures that each daughter cell receives a complete set of genetic information.,"During DNA replication, the double-stranded DNA is unwound and each strand serves as a template for the synthesis of a new complementary strand, resulting in two identical DNA molecules.",2026-09-14 12:13:04
SCI_EN_0576,English,Science,"Cell Biology, Organelles & Genetics",Medium,Which organelle is involved in the breakdown of cellular waste and pathogens?,Lysosomes,Ribosomes,Nucleus,Mitochondria,A,Lysosomes,Lysosomes contain enzymes that break down waste materials and cellular debris.,"Lysosomes are membrane-bound organelles that contain hydrolytic enzymes. They digest foreign particles and cellular waste, acting as the cell's recycling center.",2026-09-14 12:13:04
SCI_EN_0577,English,Science,"Cell Biology, Organelles & Genetics",Medium,Which of the following best describes the role of telomeres in cell biology?,Protein synthesis,DNA replication,Cell division regulation,RNA transcription,C,Cell division regulation,Telomeres protect the ends of chromosomes and influence cell division.,Telomeres are repetitive nucleotide sequences at the ends of chromosomes that shorten with each cell division. They play a crucial role in preventing chromosomal fusion and cellular aging.,2026-09-14 12:13:04
SCI_EN_0578,English,Science,"Cell Biology, Organelles & Genetics",Medium,"In the process of meiosis, which of the following events is responsible for the reduction of chromosome number by half?",Cytokinesis,Crossing over,Spermatogenesis,Meiosis II,D,Meiosis II,"Meiosis II separates sister chromatids, resulting in haploid cells.","Meiosis II is the second division of meiosis, where sister chromatids are separated and distributed to daughter cells, reducing the chromosome number from diploid to haploid.",2026-09-14 12:13:04
SCI_EN_0579,English,Science,"Cell Biology, Organelles & Genetics",Medium,Which of the following is a key component in the genetic code that determines the sequence of amino acids in a protein?,Nucleotide,RNA,Codon,DNA,C,Codon,Codons are sequences of three nucleotides that correspond to specific amino acids.,"A codon is a sequence of three nucleotides in mRNA that codes for a specific amino acid during protein synthesis. There are 64 possible codons, which code for the 20 standard amino acids.",2026-09-14 12:13:04
SCI_EN_0580,English,Science,"Cell Biology, Organelles & Genetics",Medium,Which organelle is primarily responsible for the synthesis and modification of lipids in the cell?,Endoplasmic Reticulum,Golgi Apparatus,Nucleus,Mitochondria,A,Endoplasmic Reticulum,"The Endoplasmic Reticulum synthesizes and modifies lipids, as well as some proteins.","The Endoplasmic Reticulum (ER) has two main types: rough ER, which is studded with ribosomes and involved in protein synthesis, and smooth ER, which is involved in lipid synthesis and storage, detoxification, and calcium ion storage.",2026-09-14 12:13:04
SCI_EN_0581,English,Science,"Cell Biology, Organelles & Genetics",Medium,Which of the following genetic disorders is characterized by a deficiency in the enzyme glucose-6-phosphate dehydrogenase (G6PD) and can lead to hemolytic anemia?,Cystic Fibrosis,Sickle Cell Anemia,Thalassemia,G6PD Deficiency,D,G6PD Deficiency,G6PD deficiency is a genetic disorder that affects red blood cells and can lead to hemolytic anemia.,"G6PD deficiency is an X-linked genetic disorder where the body lacks the enzyme glucose-6-phosphate dehydrogenase. This can lead to the breakdown of red blood cells under certain conditions, causing hemolytic anemia.",2026-09-14 12:13:04
SCI_EN_0582,English,Science,"Human Anatomy, Organ Systems & Physiology",Hard,Which of the following best describes the function of the juxtamedullary nephrons in the kidney?,They are primarily involved in the production of urine concentration by reabsorbing solutes and water from the medullary collecting ducts.,They are responsible for the filtration and reabsorption of nutrients in the proximal convoluted tubule.,They regulate blood pressure by controlling the release of renin from the juxtaglomerular cells.,They secrete hormones that regulate the acid-base balance of the blood.,A,They are primarily involved in the production of urine concentration by reabsorbing solutes and water from the medullary collecting ducts.,This answer is correct because juxtamedullary nephrons play a crucial role in the concentration of urine through the reabsorption of solutes and water in the thick ascending limb of the loop of Henle and the collecting duct.,"Juxtamedullary nephrons are specialized for their ability to reabsorb solutes and water, which helps in the formation of a highly concentrated urine. Their location in the inner medulla facilitates the necessary osmotic gradients for this function.",2026-09-14 12:13:34
SCI_EN_0583,English,Science,"Human Anatomy, Organ Systems & Physiology",Hard,Which of the following statements accurately describes the role of the vagus nerve (X) in the parasympathetic nervous system?,It primarily stimulates the sympathetic response in the heart and lungs.,It is responsible for the release of adrenaline and noradrenaline from the adrenal medulla.,"It innervates the heart, lungs, and digestive tract, promoting a rest-and-digest state.",It is the main motor nerve for the voluntary control of the skeletal muscles.,C,"It innervates the heart, lungs, and digestive tract, promoting a rest-and-digest state.","This answer is correct because the vagus nerve (X) is a major component of the parasympathetic nervous system, innervating organs that are involved in the rest-and-digest state, including the heart, lungs, and digestive tract.","The vagus nerve stimulates the relaxation of smooth muscles, increases the rate of gastric emptying, and slows the heart rate, all of which are characteristic of the parasympathetic, rest-and-digest state.",2026-09-14 12:13:34
SCI_EN_0584,English,Science,"Human Anatomy, Organ Systems & Physiology",Hard,"Which of the following processes in the liver is primarily responsible for the production of cholesterol, which is essential for the structure and function of cell membranes?",Glycolysis,Fatty acid oxidation,Heme synthesis,Sterol biosynthesis,D,Sterol biosynthesis,"This answer is correct because sterol biosynthesis, specifically the synthesis of cholesterol, is a critical process in the liver that provides the necessary building blocks for cell membranes and other biological functions.","The liver synthesizes cholesterol through the mevalonate pathway, which is essential for the formation of steroid hormones, bile acids, and cholesterol itself, all of which are crucial for cell membrane integrity and other physiological processes.",2026-09-14 12:13:34
SCI_EN_0585,English,Science,"Human Anatomy, Organ Systems & Physiology",Hard,Which of the following best describes the role of the smooth endoplasmic reticulum (SER) in steroid hormone synthesis?,It synthesizes and packages proteins for secretion.,It is the primary site of ATP production through oxidative phosphorylation.,"It is involved in the synthesis and modification of lipids, including steroid hormones.",It is responsible for the degradation of excess proteins.,C,"It is involved in the synthesis and modification of lipids, including steroid hormones.","This answer is correct because the smooth endoplasmic reticulum (SER) is crucial for the synthesis and modification of lipids, including steroid hormones, which are important for various physiological functions.","The SER plays a key role in lipid metabolism, including the synthesis and modification of cholesterol, which is a precursor for steroid hormones. This process is essential for hormone production in various organs, such as the adrenal glands and gonads.",2026-09-14 12:13:34
SCI_EN_0586,English,Science,"Human Anatomy, Organ Systems & Physiology",Hard,Which of the following statements accurately describes the function of the parathyroid hormone (PTH) in calcium regulation?,It decreases calcium absorption in the intestines and increases calcium excretion by the kidneys.,It increases calcium absorption in the intestines and decreases calcium excretion by the kidneys.,It decreases calcium absorption in the intestines and decreases calcium excretion by the kidneys.,It increases calcium absorption in the intestines and increases calcium excretion by the kidneys.,B,It increases calcium absorption in the intestines and decreases calcium excretion by the kidneys.,"This answer is correct because PTH increases calcium absorption in the intestines and decreases calcium excretion by the kidneys, thereby raising blood calcium levels.","PTH acts on the intestines to increase calcium absorption and on the kidneys to decrease calcium excretion, thus elevating blood calcium concentrations. This is a critical mechanism for maintaining calcium homeostasis in the body.",2026-09-14 12:13:34
SCI_EN_0587,English,Science,"Human Anatomy, Organ Systems & Physiology",Hard,Which of the following statements accurately describes the structure and function of the myofibril in muscle cells?,It is a membrane-bound organelle that contains the contractile machinery of the muscle cell.,"It is a cytoplasmic structure that contains the contractile proteins, including actin and myosin filaments.",It is the site of ATP synthesis in the muscle cell.,It is a specialized organelle involved in the storage of glycogen.,B,"It is a cytoplasmic structure that contains the contractile proteins, including actin and myosin filaments.","This answer is correct because the myofibril is a cytoplasmic structure that houses the contractile proteins, which are essential for the muscle cell's ability to contract and relax.","Myofibrils are the basic functional units of muscle cells, composed of thick (myosin) and thin (actin) filaments that slide past each other to generate muscle contraction. This structure is crucial for the mechanical function of muscles.",2026-09-14 12:13:34
SCI_EN_0588,English,Science,"Human Anatomy, Organ Systems & Physiology",Hard,Which of the following best describes the role of the thalamus in the human nervous system?,It is the primary site of neurotransmitter synthesis and release.,"It acts as a relay station for sensory and motor signals, processing and modulating incoming information.",It is responsible for the storage of long-term memory.,It is the main center for the regulation of the sleep-wake cycle.,B,"It acts as a relay station for sensory and motor signals, processing and modulating incoming information.","This answer is correct because the thalamus serves as a relay station, processing and modulating sensory and motor information before it reaches the cerebral cortex.","The thalamus acts as a gateway for sensory information, filtering and modulating it before it is sent to the appropriate areas of the cerebral cortex for further processing. It also plays a role in motor control and the regulation of arousal and consciousness.",2026-09-14 12:13:34
SCI_EN_0589,English,Science,"Human Anatomy, Organ Systems & Physiology",Hard,Which of the following statements accurately describes the process of insulin signaling in the liver?,Insulin promotes the breakdown of glycogen into glucose in the liver cells.,Insulin stimulates the uptake of glucose into the liver cells and enhances glycogen synthesis.,Insulin inhibits the uptake of glucose into the liver cells and decreases glycogen synthesis.,Insulin has no significant effect on the liver cells.,B,Insulin stimulates the uptake of glucose into the liver cells and enhances glycogen synthesis.,"This answer is correct because insulin promotes glucose uptake into liver cells and enhances the synthesis of glycogen, which is essential for maintaining blood glucose levels.",Insulin signaling in the liver leads to increased glucose transport into the cells and the activation of enzymes that facilitate glycogen synthesis. This process helps to lower blood glucose levels and store energy as glycogen for later use.,2026-09-14 12:13:34
SCI_EN_0590,English,Science,"Human Anatomy, Organ Systems & Physiology",Hard,Which of the following best describes the function of the corpus luteum in the menstrual cycle?,It produces estrogen and progesterone to prepare the endometrium for potential implantation.,It is responsible for the production of follicle-stimulating hormone (FSH).,It secretes luteinizing hormone (LH) to trigger ovulation.,It is involved in the production of sperm in the male reproductive system.,A,It produces estrogen and progesterone to prepare the endometrium for potential implantation.,"This answer is correct because the corpus luteum, formed from the remnants of the follicle after ovulation, produces hormones that prepare the endometrium for potential implantation of a fertilized egg.","The corpus luteum secretes estrogen and progesterone, which work together to thicken the endometrium and prepare it for a possible pregnancy. If implantation does not occur, the corpus luteum degenerates, leading to a menstrual period.",2026-09-14 12:13:34
SCI_EN_0591,English,Science,"Human Nutrition, Vitamins, Minerals & Diseases",Easy,Which of the following vitamins is essential for the synthesis of red blood cells?,Vitamin A,Vitamin B12,Vitamin C,Vitamin D,B,Vitamin B12,Vitamin B12 is crucial for the production of red blood cells by regulating DNA synthesis.,"Vitamin B12 works with intrinsic factor to absorb and transport methylcobalamin, which is essential for the methylation of DNA, a critical step in erythropoiesis (red blood cell production).",2026-09-14 12:13:56
SCI_EN_0592,English,Science,"Human Nutrition, Vitamins, Minerals & Diseases",Easy,Which mineral is primarily responsible for maintaining the structural integrity of bones and teeth?,Calcium,Iron,Magnesium,Zinc,A,Calcium,"Calcium is vital for the mineralization of bones and teeth, providing structural support and stability.","Calcium forms the crystalline structure of bone and tooth enamel, which requires constant levels to maintain their strength and integrity.",2026-09-14 12:13:56
SCI_EN_0593,English,Science,"Human Nutrition, Vitamins, Minerals & Diseases",Easy,Which vitamin acts as an antioxidant and is known to protect cells from damage?,Vitamin A,Vitamin B12,Vitamin C,Vitamin D,C,Vitamin C,"Vitamin C helps to neutralize free radicals, reducing oxidative stress and protecting cells from damage.","Vitamin C is a powerful antioxidant that prevents the formation of free radicals, which can cause oxidative damage to tissues, especially in the eyes, skin, and joints.",2026-09-14 12:13:56
SCI_EN_0594,English,Science,"Human Nutrition, Vitamins, Minerals & Diseases",Easy,Which mineral is crucial for the proper functioning of the thyroid gland?,Calcium,Iron,Iodine,Zinc,C,Iodine,"Iodine is essential for the synthesis of thyroid hormones, which regulate metabolism and growth.","Iodine is a key component in the synthesis of thyroxine (T4) and triiodothyronine (T3), hormones that are essential for metabolic processes and development.",2026-09-14 12:13:56
SCI_EN_0595,English,Science,"Human Nutrition, Vitamins, Minerals & Diseases",Easy,Which of the following is a water-soluble vitamin that plays a critical role in energy metabolism?,Vitamin A,Vitamin B12,Vitamin C,Vitamin D,B,Vitamin B12,"Vitamin B12 is involved in the metabolism of amino acids and fatty acids, contributing to energy production.","Vitamin B12 helps in the conversion of homocysteine to methionine and the synthesis of DNA, both of which are essential for energy production and cell division.",2026-09-14 12:13:56
SCI_EN_0596,English,Science,"Human Nutrition, Vitamins, Minerals & Diseases",Easy,"Which vitamin is necessary for the absorption of calcium and phosphate, important for bone health?",Vitamin A,Vitamin B12,Vitamin C,Vitamin D,D,Vitamin D,"Vitamin D facilitates the absorption of calcium and phosphate from the gut, which is crucial for bone health and mineralization.","Vitamin D acts as a hormone that regulates the uptake of calcium and phosphate by the intestines, promoting strong bones and preventing conditions like osteoporosis and rickets.",2026-09-14 12:13:56
SCI_EN_0597,English,Science,"Human Nutrition, Vitamins, Minerals & Diseases",Easy,Which of the following is a trace mineral that is important for the proper function of the immune system?,Calcium,Iron,Magnesium,Zinc,D,Zinc,Zinc supports the immune system and is necessary for the proper function of immune cells.,"Zinc is a critical component of numerous enzymes that support immune function, including those involved in the production and activity of immune cells like T and B lymphocytes.",2026-09-14 12:13:56
SCI_EN_0598,English,Science,"Human Nutrition, Vitamins, Minerals & Diseases",Easy,"Which vitamin is important for the synthesis of collagen, a protein essential for skin, cartilage, and bone health?",Vitamin A,Vitamin B12,Vitamin C,Vitamin D,C,Vitamin C,"Vitamin C is essential for the synthesis of collagen, a structural protein that provides strength and elasticity to skin, cartilage, and bones.","Vitamin C is a cofactor for the enzymes that synthesize collagen, a process necessary for maintaining healthy skin, connective tissues, and supporting bone health.",2026-09-14 12:13:56
SCI_EN_0599,English,Science,"Human Nutrition, Vitamins, Minerals & Diseases",Easy,Which of the following is a fat-soluble vitamin that plays a role in blood clotting?,Vitamin A,Vitamin B12,Vitamin C,Vitamin K,D,Vitamin K,"Vitamin K is essential for the synthesis of clotting factors in the liver, aiding in blood coagulation.","Vitamin K activates certain proteins that are necessary for blood clotting, preventing excessive bleeding and ensuring proper wound healing.",2026-09-14 12:13:56
SCI_EN_0600,English,Science,"Human Nutrition, Vitamins, Minerals & Diseases",Easy,Which of the following is a water-soluble vitamin that is important for the proper function of the nervous system?,Vitamin A,Vitamin B12,Vitamin C,Vitamin D,B,Vitamin B12,"Vitamin B12 is crucial for the maintenance and repair of the nervous system, including the myelination of nerve fibers.","Vitamin B12 is involved in the synthesis of myelin, the fatty substance that insulates nerve fibers, ensuring proper nerve function and preventing conditions like pernicious anemia.",2026-09-14 12:13:56
SCI_EN_0601,English,Science,"Botany, Plant Physiology & Photosynthesis",Medium,Which of the following is the primary pigment responsible for capturing light energy during photosynthesis in plants?,Carotenoids,Phycobilins,Chlorophyll,Anthocyanins,C,Chlorophyll,Chlorophyll is crucial for photosynthesis as it absorbs light energy.,"Chlorophyll is the main pigment found in chloroplasts and is essential for capturing light energy, which is then used to convert carbon dioxide and water into glucose and oxygen.",2026-09-14 12:14:15
SCI_EN_0602,English,Science,"Botany, Plant Physiology & Photosynthesis",Medium,What is the primary role of stomata in plant physiology?,Transport of nutrients,Regulation of gas exchange,Storage of water,Production of glucose,B,Regulation of gas exchange,"Stomata control the exchange of gases, including CO2 and O2, and water vapor.","Stomata open and close to regulate the exchange of gases and water vapor, which is critical for photosynthesis and transpiration in plants.",2026-09-14 12:14:15
SCI_EN_0603,English,Science,"Botany, Plant Physiology & Photosynthesis",Medium,Which of the following best describes the Calvin cycle in photosynthesis?,A light-dependent process that splits water molecules,A light-independent process that fixes carbon dioxide,A process that releases oxygen into the atmosphere,A process that converts glucose into ATP and NADPH,B,A light-independent process that fixes carbon dioxide,The Calvin cycle is a series of reactions that use ATP and NADPH to fix carbon dioxide into organic molecules.,"The Calvin cycle, also known as the dark reactions, uses the energy from ATP and NADPH to convert carbon dioxide into glucose and other organic compounds.",2026-09-14 12:14:15
SCI_EN_0604,English,Science,"Botany, Plant Physiology & Photosynthesis",Medium,What is the primary function of the thylakoid membrane in chloroplasts?,Storage of starch,Production of oxygen,Production of ATP and NADPH,Regulation of water transport,C,Production of ATP and NADPH,"The thylakoid membrane contains the sites of light-dependent reactions, which produce ATP and NADPH.","The thylakoid membrane houses the photosystems and ATP synthase, which are essential for the light-dependent reactions that generate ATP and NADPH.",2026-09-14 12:14:15
SCI_EN_0605,English,Science,"Botany, Plant Physiology & Photosynthesis",Medium,Which of the following environmental factors can significantly affect the rate of photosynthesis in plants?,Temperature,Sound,Odor,Color,A,Temperature,Temperature influences the rate of photosynthesis by affecting enzyme activity.,Temperature affects the rate of photosynthesis as it impacts the activity of enzymes involved in the light reactions and Calvin cycle. Optimal temperatures are necessary for the process to proceed efficiently.,2026-09-14 12:14:15
SCI_EN_0606,English,Science,"Botany, Plant Physiology & Photosynthesis",Medium,In which part of the plant cell does the majority of photosynthesis take place?,Nucleus,Mitochondria,Chloroplast,Endoplasmic reticulum,C,Chloroplast,Chloroplasts contain chlorophyll and other pigments necessary for capturing light energy and carrying out photosynthesis.,"Chloroplasts are the sites of photosynthesis, where the light-dependent and light-independent reactions take place to produce glucose and other organic compounds.",2026-09-14 12:14:15
SCI_EN_0607,English,Science,"Botany, Plant Physiology & Photosynthesis",Medium,What is the primary function of the stroma in the chloroplast?,To carry out the light-dependent reactions,To produce oxygen,To house the enzymes of the Calvin cycle,To absorb light energy,C,To house the enzymes of the Calvin cycle,"The stroma is the location where the Calvin cycle occurs, producing glucose from carbon dioxide.","The stroma contains the enzymes and reactants needed for the Calvin cycle, which is responsible for fixing carbon dioxide into organic molecules and producing glucose.",2026-09-14 12:14:15
SCI_EN_0608,English,Science,"Botany, Plant Physiology & Photosynthesis",Medium,Which of the following processes is directly involved in the movement of electrons during photosynthesis?,Calvin cycle,Cytoskeleton,Electron transport chain,Cell wall synthesis,C,Electron transport chain,The electron transport chain is crucial for the transfer of electrons from water to NADP+ during the light-dependent reactions.,"The electron transport chain is a series of proteins and molecules that transfer electrons from water to NADP+, generating ATP and NADPH in the process.",2026-09-14 12:14:15
SCI_EN_0609,English,Science,"Botany, Plant Physiology & Photosynthesis",Medium,What is the primary role of ATP in the process of photosynthesis?,To transport oxygen,To split water molecules,To provide energy for the Calvin cycle,To absorb light energy,C,To provide energy for the Calvin cycle,"ATP provides the energy required for the Calvin cycle, which fixes carbon dioxide into organic molecules.",ATP is a high-energy molecule that supplies the energy needed for the enzymes in the Calvin cycle to convert carbon dioxide into glucose and other organic compounds.,2026-09-14 12:14:15
SCI_EN_0610,English,Science,"Ecology, Ecosystems & Conservation",Hard,"In a coral reef ecosystem, the process of algal symbiosis primarily benefits which group of organisms?",Plankton,Fish,Coral polyps,Bacteria,C,Coral polyps,"Coral polyps receive nutrients and energy from the algae, enhancing their growth and survival.","Coral polyps host photosynthetic algae within their tissues, providing them with a stable environment and nutrients in exchange for the algae's photosynthetic products, which are crucial for coral health and growth.",2026-09-14 12:14:53
SCI_EN_0611,English,Science,"Ecology, Ecosystems & Conservation",Hard,Which of the following best describes the role of keystone species in an ecosystem?,They are the largest organisms in the ecosystem.,They have a disproportionate effect on the ecosystem's structure and function.,They are always predators in the food web.,They contribute the most to the productivity of the ecosystem.,B,They have a disproportionate effect on the ecosystem's structure and function.,The removal of a keystone species can lead to significant changes in the ecosystem's composition and stability.,"Keystone species, such as sea otters in kelp forests or wolves in Yellowstone, play critical roles that influence the abundance and diversity of other species, making them pivotal to ecosystem health and stability.",2026-09-14 12:14:53
SCI_EN_0612,English,Science,"Ecology, Ecosystems & Conservation",Hard,Which principle of ecological succession is demonstrated when a stable climax community replaces a pioneer community in a forest ecosystem?,Primary succession,Secondary succession,Top-down control,Stability maintenance,D,Stability maintenance,"The final stage of succession stabilizes the ecosystem, creating a balance between species and environmental conditions.","As succession progresses, the ecosystem reaches a climax community where species diversity and productivity are maximized, and the system is in a state of balance, minimizing external disturbances and changes.",2026-09-14 12:14:53
SCI_EN_0613,English,Science,"Ecology, Ecosystems & Conservation",Hard,Which factor is most critical in determining the carrying capacity of an ecosystem for a specific species?,The species' physical size,The availability of a single resource,The diversity of species within the ecosystem,The overall health of the ecosystem,B,The availability of a single resource,"Carrying capacity is most influenced by the limiting factor, often a key resource that constrains population growth.","In an ecosystem, the availability of a critical resource, such as food or water, can limit population growth. This resource is the primary determinant of the carrying capacity, as it directly affects the survival and reproduction of the species.",2026-09-14 12:14:53
SCI_EN_0614,English,Science,"Ecology, Ecosystems & Conservation",Hard,Which of the following best exemplifies the concept of trophic cascades in an aquatic ecosystem?,The increase in fish populations due to overfishing.,The decline in bird populations due to habitat loss.,The growth of algae due to excess nutrient runoff.,The decrease in predation pressure leading to increased herbivore populations and subsequent plant community changes.,D,The decrease in predation pressure leading to increased herbivore populations and subsequent plant community changes.,"Trophic cascades occur when a change in one trophic level affects subsequent levels, often due to the removal of a top predator.","Removing a top predator can lead to an increase in herbivores, which can then overgraze plants, altering the plant community structure. This ripple effect demonstrates the complex interactions within trophic levels and the broader impacts on ecosystem dynamics.",2026-09-14 12:14:53
SCI_EN_0615,English,Science,"Ecology, Ecosystems & Conservation",Hard,"In the context of conservation biology, which strategy is most effective for preserving biodiversity in fragmented landscapes?","Creating large, uninterrupted habitats.",Preserving existing large habitats.,Increasing the number of isolated habitats.,Encouraging the development of artificial habitats.,B,Preserving existing large habitats.,"Large, intact habitats provide a greater variety of niches and resources, supporting higher biodiversity.","Large, continuous habitats offer more complex ecological niches and resources, allowing for a greater variety of species to coexist. Fragmented landscapes often lead to isolation and reduced genetic diversity, making large, intact habitats crucial for biodiversity conservation.",2026-09-14 12:14:53
SCI_EN_0616,English,Science,"Ecology, Ecosystems & Conservation",Hard,Which principle of ecosystem services is illustrated by the role of bees in pollinating crops and wild plants?,Regulating climate,Providing food,Cultural services,Supporting pollination,D,Supporting pollination,"Ecosystem services include the benefits humans derive from ecosystems, such as pollination by bees.","Bees play a critical role in pollination, which is essential for the reproduction of many plants. This process supports agricultural productivity and the natural reproduction of wild plants, highlighting the importance of bees in ecosystem services.",2026-09-14 12:14:53
SCI_EN_0617,English,Science,"Ecology, Ecosystems & Conservation",Hard,Which of the following best describes the concept of habitat fragmentation in ecological conservation?,The expansion of an ecosystem's boundaries.,"The division of a habitat into smaller, isolated areas.",The creation of new habitats.,The introduction of invasive species into an ecosystem.,B,"The division of a habitat into smaller, isolated areas.","Habitat fragmentation reduces the size and connectivity of habitats, often leading to negative impacts on biodiversity.","Fragmentation occurs when large, continuous habitats are divided into smaller, isolated patches. This reduces the amount of available habitat and can lead to habitat loss, reduced gene flow, and increased vulnerability to environmental stressors, all of which can negatively impact biodiversity.",2026-09-14 12:14:53
SCI_EN_0618,English,Science,"Ecology, Ecosystems & Conservation",Hard,Which of the following is a key principle in the restoration of degraded ecosystems?,Removing all invasive species immediately.,Introducing exotic species to increase diversity.,Reintroducing native species and ecological processes.,Constructing artificial barriers to prevent human access.,C,Reintroducing native species and ecological processes.,"Restoration focuses on returning an ecosystem to its natural state, including the reintroduction of native species and processes.","Restoration efforts often involve reintroducing native species and ecological processes that were lost due to human activities, such as fire regimes or natural pollinators, to help ecosystems recover and function as they did historically.",2026-09-14 12:14:53
SCI_EN_0619,English,Science,"Ecology, Ecosystems & Conservation",Hard,Which of the following best describes the concept of ecological resilience in the context of conservation?,The ability of an ecosystem to resist external disturbances.,The rate at which an ecosystem recovers from disturbances.,The diversity of species within an ecosystem.,The extent of human intervention required to maintain an ecosystem.,B,The rate at which an ecosystem recovers from disturbances.,Ecological resilience measures an ecosystem's ability to recover from disturbances and maintain its structure and function.,"Ecological resilience is a measure of how quickly an ecosystem can recover from disturbances, such as a fire or flood, while maintaining its structure and function. High resilience ecosystems can recover more rapidly and effectively, providing greater stability and sustainability.",2026-09-14 12:14:53
SCI_EN_0620,English,Science,"Astronomy, Stars, Planets & Space Missions",Easy,What is the primary component of the Sun's atmosphere?,Hydrogen,Helium,Carbon,Nitrogen,A,Hydrogen,Hydrogen is the primary component of the Sun's atmosphere due to its abundance in the universe.,"The Sun's atmosphere, or corona, is primarily composed of hydrogen, which makes up about 70% of its mass. Helium is the second most abundant element, but hydrogen is the main component.",2026-09-14 12:15:15
SCI_EN_0621,English,Science,"Astronomy, Stars, Planets & Space Missions",Easy,What is the closest planet to the Sun?,Mars,Mercury,Earth,Venus,B,Mercury,"Mercury is the closest planet to the Sun, orbiting at an average distance of about 57.9 million kilometers.","Mercury is the innermost planet in our solar system, making it the closest to the Sun. Its proximity means it has extreme temperature fluctuations, ranging from very hot to very cold due to its lack of atmosphere.",2026-09-14 12:15:15
SCI_EN_0622,English,Science,"Astronomy, Stars, Planets & Space Missions",Easy,Which of the following is a major component of a star?,Iron,Silicon,Hydrogen,Oxygen,C,Hydrogen,"Hydrogen is a primary component of stars, serving as the fuel for nuclear fusion.","Stars like the Sun are primarily composed of hydrogen, which undergoes nuclear fusion in their cores to produce helium and release energy. This process is what keeps stars 'alive'.",2026-09-14 12:15:15
SCI_EN_0623,English,Science,"Astronomy, Stars, Planets & Space Missions",Easy,What is the name of the famous space probe that first landed on the surface of Mars?,Cassini,Voyager,Pioneer,Curiosity,D,Curiosity,"The Curiosity rover was the first to land on Mars and is still active, conducting scientific research.","Curiosity, also known as the Mars Science Laboratory, is a car-sized robotic rover exploring Gale Crater on Mars since August 2012. It is the largest and most sophisticated rover to date, equipped with various scientific instruments to study the Martian surface.",2026-09-14 12:15:15
SCI_EN_0624,English,Science,"Astronomy, Stars, Planets & Space Missions",Easy,Which planet in our solar system has the most moons?,Earth,Mars,Jupiter,Saturn,C,Jupiter,"Jupiter has the most known moons, with 79 confirmed moons as of 2023.","Jupiter is known for having the most moons in our solar system, with 79 confirmed moons, including the four largest Galilean moons: Io, Europa, Ganymede, and Callisto. These moons are named after Greek and Roman mythological figures associated with Jupiter.",2026-09-14 12:15:15
SCI_EN_0625,English,Science,"Astronomy, Stars, Planets & Space Missions",Easy,Which of the following is a type of star classification?,Red Giant,Supernova,Black Hole,Brown Dwarf,A,Red Giant,Red Giant is a classification for a star in the late stage of its life.,"Red Giants are stars that have expanded and cooled significantly after burning hydrogen in their cores. They are characterized by their large size and red color, indicating a surface temperature lower than the Sun.",2026-09-14 12:15:15
SCI_EN_0626,English,Science,"Astronomy, Stars, Planets & Space Missions",Easy,What is the name of the largest planet in our solar system?,Earth,Mars,Jupiter,Venus,C,Jupiter,Jupiter is the largest planet in our solar system in terms of diameter and mass.,"Jupiter is the largest planet in our solar system, with a diameter of about 86,881 miles (139,822 kilometers). Its mass is also the largest in the solar system, with over twice the mass of all other planets combined.",2026-09-14 12:15:15
SCI_EN_0627,English,Science,"Astronomy, Stars, Planets & Space Missions",Easy,What is the name of the process by which stars like the Sun generate energy?,Fission,Fusion,Combustion,Decay,B,Fusion,"Nuclear fusion is the process by which stars, including the Sun, generate energy.","In the Sun and other stars, nuclear fusion occurs in the core, where hydrogen atoms are fused to form helium, releasing vast amounts of energy in the process. This is what keeps the star 'lit' and drives the solar wind.",2026-09-14 12:15:15
SCI_EN_0628,English,Science,"Astronomy, Stars, Planets & Space Missions",Easy,What is the name of the first human-made spacecraft to leave the Earth's atmosphere?,Apollo 11,Sputnik 1,Voyager 1,Mercury 1,B,Sputnik 1,"Sputnik 1 was the first artificial satellite to orbit the Earth, launched by the Soviet Union.","Sputnik 1, launched on October 4, 1957, was the first artificial satellite to orbit the Earth. Its launch marked the beginning of the Space Age and was a significant milestone in space exploration.",2026-09-14 12:15:15
SCI_EN_0629,English,Science,"Classical Mechanics, Forces & Laws of Motion",Medium,A block is placed on an inclined plane and begins to slide down. Which force is the component of gravitational force that causes the block to slide down the plane?,The normal force,The frictional force,The component of gravitational force parallel to the plane,The component of gravitational force perpendicular to the plane,C,The component of gravitational force parallel to the plane,The component of the gravitational force parallel to the plane is responsible for the block's motion down the incline.,"The gravitational force acts vertically downwards, but on an inclined plane, it can be resolved into two components: one perpendicular to the plane (which is balanced by the normal force) and one parallel to the plane (which causes the block to slide down.)",2026-09-14 12:15:44
SCI_EN_0630,English,Science,"Classical Mechanics, Forces & Laws of Motion",Medium,"According to Newton's second law of motion, what is the relationship between the force applied to an object and the object's acceleration?",Force is inversely proportional to acceleration,Force is directly proportional to acceleration,Force is independent of acceleration,Force is the product of mass and velocity,B,Force is directly proportional to acceleration,"The force applied to an object is directly proportional to its acceleration, given the object's mass is constant.","Newton's second law states that the net force acting on an object is equal to the object's mass multiplied by its acceleration (F = ma). This means that if the mass remains constant, an increase in force results in an increase in acceleration, and vice versa.",2026-09-14 12:15:44
SCI_EN_0631,English,Science,"Classical Mechanics, Forces & Laws of Motion",Medium,"In a closed system, if a ball bounces off a wall, what law of motion explains the change in its direction of motion?",Newton's first law of motion,Newton's second law of motion,Newton's third law of motion,The law of conservation of energy,C,Newton's third law of motion,The change in the ball's direction is due to the equal and opposite reaction force exerted by the wall.,"Newton's third law states that for every action, there is an equal and opposite reaction. When the ball exerts a force on the wall, the wall exerts an equal and opposite force back on the ball, changing its direction of motion.",2026-09-14 12:15:44
SCI_EN_0632,English,Science,"Classical Mechanics, Forces & Laws of Motion",Medium,"A force is applied to a 2 kg object, and it accelerates at 4 m/s². What is the magnitude of the force applied?",0.5 N,2 N,8 N,16 N,C,8 N,"Using Newton's second law (F = ma), the force is 8 N.","According to Newton's second law, the force (F) is equal to the mass (m) of the object multiplied by its acceleration (a). Therefore, F = 2 kg * 4 m/s² = 8 N.",2026-09-14 12:15:44
SCI_EN_0633,English,Science,"Classical Mechanics, Forces & Laws of Motion",Medium,A car traveling at a constant velocity on a straight road suddenly brakes to a stop. Which of the following is true about the forces acting on the car during braking?,The force of the brakes is less than the car's inertia.,The force of the brakes is equal to the car's inertia.,The force of the brakes is greater than the car's inertia.,There are no forces acting on the car during braking.,C,The force of the brakes is greater than the car's inertia.,The braking force must be greater than the car's inertia to bring it to a stop.,"The car's inertia resists the change in motion, but the braking force must overcome this inertia to bring the car to a stop. Therefore, the braking force must be greater than the car's inertia.",2026-09-14 12:15:44
SCI_EN_0634,English,Science,"Classical Mechanics, Forces & Laws of Motion",Medium,"A block is pushed up an inclined plane with a constant force. If the force is just enough to keep the block moving up at a constant speed, which of the following is true about the forces acting on the block?",The gravitational force is greater than the applied force.,The applied force is greater than the gravitational force.,The applied force is greater than the frictional force.,The applied force is equal to the sum of the gravitational and frictional forces.,D,The applied force is equal to the sum of the gravitational and frictional forces.,"For the block to move at a constant speed, the net force must be zero, meaning the applied force balances the combined forces of gravity and friction.","Since the block is moving at a constant speed, the net force acting on it must be zero. This means the applied force must counterbalance the sum of the gravitational force component parallel to the incline and the frictional force.",2026-09-14 12:15:44
SCI_EN_0635,English,Science,"Classical Mechanics, Forces & Laws of Motion",Medium,"A ball is thrown horizontally from the top of a building. Ignoring air resistance, which of the following statements is true about the horizontal component of the ball's motion?",It accelerates downward due to gravity.,It remains constant because there is no horizontal force acting on the ball.,It decelerates due to air resistance.,It accelerates horizontally due to the initial throw velocity.,B,It remains constant because there is no horizontal force acting on the ball.,The horizontal component of the ball's velocity remains constant as there is no horizontal force acting on the ball in the absence of air resistance.,"According to Newton's first law of motion, an object in motion will stay in motion with a constant velocity unless acted upon by an external force. Since there is no horizontal force acting on the ball (ignoring air resistance), its horizontal velocity remains constant.",2026-09-14 12:15:44
SCI_EN_0636,English,Science,"Classical Mechanics, Forces & Laws of Motion",Medium,Two blocks are connected by a string and placed on a frictionless table. A force is applied to the first block. Which of the following statements is true about the tension in the string between the two blocks?,The tension is zero because the table is frictionless.,The tension is equal to the applied force.,The tension is half of the applied force.,The tension is zero because the blocks are moving together.,B,The tension is equal to the applied force.,The tension in the string is equal to the force needed to accelerate the system of blocks.,"In a frictionless system, the tension in the string connecting the blocks is equal to the force applied to the first block. This is because the string transfers the force from one block to the other, causing both blocks to accelerate at the same rate.",2026-09-14 12:15:44
SCI_EN_0637,English,Science,"Classical Mechanics, Forces & Laws of Motion",Medium,A satellite orbits the Earth in a circular path. What force keeps the satellite in orbit?,The force of gravity,The centrifugal force,The centripetal force,The force of inertia,C,The centripetal force,The centripetal force is the inward force that keeps the satellite moving in a circular path.,"The centripetal force is the net force directed towards the center of the circular path, which in this case is the gravitational force exerted by the Earth. This force is necessary to change the satellite's direction continuously, keeping it in orbit.",2026-09-14 12:15:44
SCI_EN_0638,English,Science,"Classical Mechanics, Forces & Laws of Motion",Medium,A car is moving around a circular track at a constant speed. Which of the following statements is true about the car's acceleration?,The car has no acceleration because it is moving at a constant speed.,The car has a constant acceleration in the direction of its motion.,The car has a constant acceleration perpendicular to its direction of motion.,The car's acceleration is zero because it is moving in a circle.,C,The car has a constant acceleration perpendicular to its direction of motion.,"The car's acceleration is directed towards the center of the circular path, which is a characteristic of centripetal acceleration.","The car's velocity is constantly changing direction as it moves in a circle, which means there must be an acceleration acting towards the center of the circle. This acceleration is called centripetal acceleration, which is always perpendicular to the direction of motion.",2026-09-14 12:15:44
SCI_EN_0639,English,Science,"Heat, Thermodynamics & States of Matter",Hard,"In a Carnot cycle, if the temperature of the hot reservoir is doubled while the temperature of the cold reservoir remains constant, what is the effect on the efficiency of the cycle?",The efficiency is halved.,The efficiency is doubled.,The efficiency is increased by a factor of two.,The efficiency is increased but not doubled.,D,The efficiency is increased but not doubled.,The efficiency of a Carnot cycle is increased but not doubled when the temperature of the hot reservoir is doubled.,"The efficiency of a Carnot cycle is given by (1 - T_c/T_h), where T_c is the temperature of the cold reservoir and T_h is the temperature of the hot reservoir. Doubling T_h increases the efficiency, but the increase is not as large as doubling the efficiency.",2026-09-14 12:16:14
SCI_EN_0640,English,Science,"Heat, Thermodynamics & States of Matter",Hard,"A gas undergoes an adiabatic expansion. If the initial temperature of the gas is T_1 and the final temperature is T_2, which of the following relationships holds true?",T_1 > T_2 and the work done is positive.,T_1 < T_2 and the work done is negative.,T_1 > T_2 and the work done is negative.,T_1 < T_2 and the work done is positive.,D,T_1 < T_2 and the work done is positive.,"During an adiabatic expansion, the temperature of the gas decreases and the work done is positive because the gas expands.","In an adiabatic process, no heat is exchanged with the surroundings. For a gas expanding, the decrease in temperature is due to the work done by the gas on its surroundings, hence the work done is positive.",2026-09-14 12:16:14
SCI_EN_0641,English,Science,"Heat, Thermodynamics & States of Matter",Hard,"In a closed system, if 500 J of heat is added to the system and 200 J of work is done by the system, what is the change in internal energy of the system?",300 J,700 J,500 J,200 J,A,300 J,The change in internal energy is the heat added to the system minus the work done by the system.,"Using the first law of thermodynamics, ΔU = Q - W, where Q is the heat added and W is the work done by the system. So, ΔU = 500 J - 200 J = 300 J.",2026-09-14 12:16:14
SCI_EN_0642,English,Science,"Heat, Thermodynamics & States of Matter",Hard,"A gas is compressed from volume V_1 to V_2, where V_2 < V_1. If the process is isothermal, what is the work done on the gas?",Cannot be determined without knowing the initial and final temperatures.,The work done is zero.,The work done is positive.,The work done is negative.,D,The work done is negative.,Work done on the gas during an isothermal compression is negative because the volume decreases.,"For an isothermal process, the work done on the gas is given by W = -nRT ln(V_2/V_1). Since V_2 < V_1, the natural logarithm of a fraction is negative, indicating that work is done on the gas.",2026-09-14 12:16:14
SCI_EN_0643,English,Science,"Heat, Thermodynamics & States of Matter",Hard,"In a phase transition, if the temperature of a substance remains constant during the process, which of the following must be true?",Heat is not being added to the substance.,The substance is undergoing a phase change.,The substance is not undergoing a phase change.,The substance is at its critical temperature.,B,The substance is undergoing a phase change.,"A phase change occurs at a constant temperature, and heat is added or removed during this process.","During a phase change, the temperature remains constant as the substance absorbs or releases latent heat without changing its temperature. This is characteristic of phase transitions like melting, freezing, vaporization, and condensation.",2026-09-14 12:16:14
SCI_EN_0644,English,Science,"Heat, Thermodynamics & States of Matter",Hard,"For a reversible adiabatic process in an ideal gas, which of the following is true regarding the relationship between the initial and final states?",The initial and final pressures are equal.,The initial and final volumes are equal.,The initial and final temperatures are equal.,"The ratio of the final to initial temperatures is equal to the ratio of the final to initial volumes raised to the power of -γ, where γ is the ratio of specific heats.",D,"The ratio of the final to initial temperatures is equal to the ratio of the final to initial volumes raised to the power of -γ, where γ is the ratio of specific heats.","For an adiabatic process, the relationship between the initial and final states is given by the adiabatic equation.","The adiabatic equation for an ideal gas is T_1 V_1^γ = T_2 V_2^γ, where γ is the ratio of specific heats. Rearranging gives the ratio of the final to initial temperatures in terms of the ratio of the final to initial volumes.",2026-09-14 12:16:14
SCI_EN_0645,English,Science,"Heat, Thermodynamics & States of Matter",Hard,"If a system undergoes a process where the entropy changes from S_1 to S_2, and the heat added to the system is Q, which of the following statements is true?",Q < S_1 - S_2.,Q = S_2 - S_1.,Q > S_2 - S_1.,Q = S_1 + S_2.,B,Q = S_2 - S_1.,The change in entropy is equal to the heat added to the system divided by the temperature at which the heat is added.,"The change in entropy (ΔS) is defined as the heat added (Q) divided by the temperature (T) at which the heat is added, i.e., ΔS = Q/T. For a reversible process, this can be written as Q = TΔS, where ΔS = S_2 - S_1.",2026-09-14 12:16:14
SCI_EN_0646,English,Science,"Heat, Thermodynamics & States of Matter",Hard,"A monoatomic ideal gas undergoes a process where its internal energy changes by ΔU. If the temperature of the gas increases by ΔT, which of the following is true?",ΔU = 3/2 nR ΔT.,ΔU = 5/2 nR ΔT.,ΔU = 2 nR ΔT.,ΔU = 3 nR ΔT.,A,ΔU = 3/2 nR ΔT.,The change in internal energy for a monoatomic ideal gas is given by the specific heat at constant volume.,"For a monoatomic ideal gas, the change in internal energy is given by ΔU = (3/2)nRΔT, where n is the number of moles, R is the universal gas constant, and ΔT is the change in temperature.",2026-09-14 12:16:14
SCI_EN_0647,English,Science,"Heat, Thermodynamics & States of Matter",Hard,"In a closed system, if the entropy of the system increases, which of the following must be true?",The system is in a state of equilibrium.,The system is undergoing a reversible process.,The system is undergoing an irreversible process.,The system is at a constant temperature.,C,The system is undergoing an irreversible process.,An increase in entropy indicates that the process is irreversible.,"Entropy is a measure of the disorder or randomness in a system. An increase in entropy typically indicates that the process is moving towards a state of greater disorder, which is characteristic of irreversible processes.",2026-09-14 12:16:14
SCI_EN_0648,English,Science,"Heat, Thermodynamics & States of Matter",Hard,"For a thermally insulated container, if an ideal gas undergoes an adiabatic compression, which of the following statements is true?",The internal energy of the gas decreases.,The internal energy of the gas increases.,The internal energy of the gas remains constant.,The internal energy of the gas is zero.,B,The internal energy of the gas increases.,"During an adiabatic compression, the internal energy of the gas increases due to the work done on the gas.","In an adiabatic process, no heat is exchanged with the surroundings. The increase in internal energy is due to the work done on the gas during compression, which increases its temperature and internal energy.",2026-09-14 12:16:14
SCI_EN_0649,English,Science,"Light, Optics, Reflection & Refraction",Easy,What happens when light passes through a parallel glass plate?,The light gets absorbed by the glass plate.,The light gets reflected off the glass plate.,The light gets bent towards the normal.,The light gets bent away from the normal.,C,The light gets bent towards the normal.,"This answer is correct because glass has a higher refractive index than air, causing light to bend towards the normal.","When light travels from a medium with a lower refractive index (air) to a medium with a higher refractive index (glass), it bends towards the normal line. This phenomenon is known as refraction.",2026-09-14 12:16:37
SCI_EN_0650,English,Science,"Light, Optics, Reflection & Refraction",Easy,What is the phenomenon called when light bounces off a mirror?,Diffraction,Refraction,Reflection,Dispersion,C,Reflection,This answer is correct because reflection is the change in direction of light when it bounces off a surface.,Reflection occurs when light hits a surface and bounces back into the same medium or into another medium. Mirrors are excellent examples of surfaces that reflect light.,2026-09-14 12:16:37
SCI_EN_0651,English,Science,"Light, Optics, Reflection & Refraction",Easy,"When light travels from air into water, which of the following statements is true?",The light's speed increases and its direction changes.,The light's speed decreases and its direction changes.,The light's speed increases and its direction remains the same.,The light's speed decreases and its direction remains the same.,B,The light's speed decreases and its direction changes.,"This answer is correct because water has a higher refractive index than air, causing the light to slow down and change direction.","When light travels from air into water, it slows down and changes direction. This change in direction is known as refraction, and it occurs due to the difference in the refractive indices of the two media.",2026-09-14 12:16:37
SCI_EN_0652,English,Science,"Light, Optics, Reflection & Refraction",Easy,What happens to light when it travels from water to air?,The light's speed decreases and its direction changes.,The light's speed increases and its direction changes.,The light's speed decreases and its direction remains the same.,The light's speed increases and its direction remains the same.,B,The light's speed increases and its direction changes.,"This answer is correct because light travels faster in air than in water, causing it to bend away from the normal.","When light moves from a denser medium (water) to a less dense medium (air), its speed increases, and it bends away from the normal. This phenomenon is known as refraction.",2026-09-14 12:16:37
SCI_EN_0653,English,Science,"Light, Optics, Reflection & Refraction",Easy,What is the term for the angle between the incident ray and the reflected ray?,Angle of incidence,Angle of reflection,Angle of refraction,Angle of dispersion,B,Angle of reflection,"This answer is correct because the angle of reflection is equal to the angle of incidence, as stated by the law of reflection.",The law of reflection states that the angle at which light hits a surface (angle of incidence) is equal to the angle at which it bounces off (angle of reflection).,2026-09-14 12:16:37
SCI_EN_0654,English,Science,"Light, Optics, Reflection & Refraction",Easy,What does a convex mirror do to light?,It focuses light to a single point.,It diverges light.,It converges light.,It absorbs light.,B,It diverges light.,"This answer is correct because a convex mirror spreads out incoming light rays, making objects appear smaller and farther away.","A convex mirror curves outward, causing the light rays to spread out after reflection. This property is why convex mirrors are often used in rearview mirrors to provide a wider field of view.",2026-09-14 12:16:37
SCI_EN_0655,English,Science,"Light, Optics, Reflection & Refraction",Easy,Which of the following is not a property of light?,Wavelength,Color,Mass,Frequency,C,Mass,"This answer is correct because light does not have mass, despite being a form of energy.","Light is a form of electromagnetic radiation, which does not possess mass. However, it can carry energy, momentum, and can interact with matter.",2026-09-14 12:16:37
SCI_EN_0656,English,Science,"Light, Optics, Reflection & Refraction",Easy,What is the term for the bending of light as it passes from one medium to another?,Reflection,Diffraction,Refraction,Absorption,C,Refraction,This answer is correct because refraction is the change in direction of light when it passes through a medium with a different refractive index.,"When light moves from one medium to another with a different refractive index, it changes direction. This phenomenon is known as refraction and is responsible for many optical effects, such as the bending of light in a prism.",2026-09-14 12:16:37
SCI_EN_0657,English,Science,"Light, Optics, Reflection & Refraction",Easy,What is the term for the point where all reflected or refracted rays appear to come from?,Focal point,Node,Virtual point,Real point,C,Virtual point,"This answer is correct because a virtual point is a point where the reflected or refracted rays appear to come from, but the rays do not actually converge at that point.",Virtual points are used to describe the apparent origin of reflected or refracted rays in cases where the rays do not actually converge. They are useful in understanding the behavior of light in optical systems.,2026-09-14 12:16:37
SCI_EN_0658,English,Science,"Light, Optics, Reflection & Refraction",Easy,Which of the following is an example of total internal reflection?,Light passing through a glass window.,Light being reflected off a mirror.,Light being bent when passing through a prism.,Light being reflected at the critical angle in a fiber optic cable.,D,Light being reflected at the critical angle in a fiber optic cable.,This answer is correct because total internal reflection occurs when light is reflected back into the same medium when it hits the boundary at an angle greater than the critical angle.,"In a fiber optic cable, light travels through the core, which has a higher refractive index than the surrounding cladding. When the light hits the boundary at an angle greater than the critical angle, it is totally reflected back into the core, allowing the light to travel long distances with minimal loss.",2026-09-14 12:16:37
SCI_EN_0659,English,Science,"Sound, Acoustics & Wave Motion",Medium,"In a sound wave, what term describes the region where the particles of the medium are compressed together, resulting in a higher pressure than the surrounding medium?",Compression,Amplitude,Wavelength,Frequency,A,Compression,A compression is a region of high pressure in a sound wave.,"Compressions are regions where particles are pushed together, resulting in a higher pressure than the surrounding medium. This is a fundamental concept in understanding the nature of sound waves.",2026-09-14 12:17:03
SCI_EN_0660,English,Science,"Sound, Acoustics & Wave Motion",Medium,What happens to the frequency of a sound wave when it moves from air into water?,It decreases because water is denser.,It remains the same because frequency is independent of medium.,It increases because water is denser.,It decreases because water is less dense.,B,It remains the same because frequency is independent of medium.,The frequency of a wave is determined by the source and remains constant in different media.,Frequency is a property of the source and does not change when a wave moves from one medium to another. Only the speed and wavelength of the wave change based on the properties of the medium.,2026-09-14 12:17:03
SCI_EN_0661,English,Science,"Sound, Acoustics & Wave Motion",Medium,"Which of the following correctly describes the relationship between the speed of sound, frequency, and wavelength in a given medium?",Speed = Frequency × Wavelength,Frequency = Speed × Wavelength,Wavelength = Speed × Frequency,Speed = Frequency ÷ Wavelength,A,Speed = Frequency × Wavelength,The speed of sound is the product of its frequency and wavelength.,"The relationship between speed, frequency, and wavelength is given by the formula v = fλ, where v is the speed of sound, f is the frequency, and λ is the wavelength. This formula is fundamental in understanding wave motion.",2026-09-14 12:17:03
SCI_EN_0662,English,Science,"Sound, Acoustics & Wave Motion",Medium,Which of the following best describes the Doppler effect in the context of sound waves?,The change in pitch when the source of sound is moving relative to the observer.,The change in amplitude when the source of sound is moving relative to the observer.,The change in frequency when the source of sound is stationary relative to the observer.,The change in speed when the source of sound is moving relative to the observer.,A,The change in pitch when the source of sound is moving relative to the observer.,The Doppler effect refers to the change in pitch of a sound as the source moves relative to the observer.,"The Doppler effect is observed when the source of a sound wave is moving relative to the observer, causing the observed frequency to change. This effect is commonly heard in sirens or car horns as they approach and then move away from you.",2026-09-14 12:17:03
SCI_EN_0663,English,Science,"Sound, Acoustics & Wave Motion",Medium,"What is the term for the distance between two consecutive points in a wave that are in phase, such as two consecutive compressions or two consecutive rarefactions?",Amplitude,Period,Wavelength,Frequency,C,Wavelength,The wavelength is the distance between two consecutive points in a wave that are in phase.,"Wavelength is a fundamental property of waves, representing the distance between two consecutive compressions or rarefactions in a wave. It is crucial in understanding wave behavior and interference patterns.",2026-09-14 12:17:03
SCI_EN_0664,English,Science,"Sound, Acoustics & Wave Motion",Medium,"What is the term for the phenomenon where a sound wave is reflected from a surface and interferes with the original wave, creating a pattern of constructive and destructive interference?",Echo,Resonance,Interference,Diffraction,C,Interference,Interference occurs when two or more waves meet and combine to form a resultant wave.,"Interference is the phenomenon that occurs when two or more waves meet and combine, resulting in a pattern of constructive (amplified) and destructive (cancelled) interference. This can be observed in both sound and light waves.",2026-09-14 12:17:03
SCI_EN_0665,English,Science,"Sound, Acoustics & Wave Motion",Medium,Which of the following best describes the concept of resonance in the context of sound waves?,The amplification of sound when a material vibrates at its natural frequency.,The decrease in sound intensity when a material vibrates at its natural frequency.,The change in sound frequency when a material vibrates at a different frequency.,The reflection of sound waves from a hard surface.,A,The amplification of sound when a material vibrates at its natural frequency.,"Resonance occurs when a system is excited at its natural frequency, leading to an increase in amplitude.","Resonance is a phenomenon where a system vibrates at a maximum amplitude when a periodic force is applied at its natural frequency. In the context of sound, this can be observed when a tuning fork is struck and then placed near a resonant cavity, which amplifies the sound.",2026-09-14 12:17:03
SCI_EN_0666,English,Science,"Sound, Acoustics & Wave Motion",Medium,What is the term for the phenomenon where a sound wave undergoes a phase change of 180 degrees as it passes from one medium to another?,Reflection,Absorption,Interference,Phase inversion,D,Phase inversion,Phase inversion occurs when a sound wave reverses its phase upon reflection or other interactions.,"Phase inversion happens when a sound wave undergoes a 180-degree phase change upon reflection or other interactions, effectively reversing its direction. This can affect the resultant sound wave when multiple reflections combine.",2026-09-14 12:17:03
SCI_EN_0667,English,Science,"Sound, Acoustics & Wave Motion",Medium,Which of the following best describes the role of a Helmholtz resonator in sound production?,It amplifies sound by resonating at the frequency of the source.,It reduces the amplitude of sound waves by absorbing energy.,It changes the frequency of the sound wave to a higher pitch.,It creates a standing wave within a closed container.,A,It amplifies sound by resonating at the frequency of the source.,A Helmholtz resonator amplifies sound by resonating at the frequency of the source.,"A Helmholtz resonator is an open-ended cavity that resonates at a specific frequency, amplifying the sound waves at that frequency. This is used in musical instruments and other applications to enhance specific frequencies.",2026-09-14 12:17:03
SCI_EN_0668,English,Science,"Electricity, Current & Magnetism",Hard,Which of the following best describes the effect of increasing the number of turns in the coil of a solenoid on the magnetic field it generates?,Decreases the magnetic field strength.,Increases the magnetic field strength.,Decreases the inductance of the solenoid.,Increases the resistance of the solenoid.,B,Increases the magnetic field strength.,Increasing the number of turns in a solenoid increases the magnetic field strength due to more loops of current.,"The magnetic field strength in a solenoid is directly proportional to the number of turns in the coil. More turns mean more loops of current, which in turn increase the magnetic field strength.",2026-09-14 12:17:32
SCI_EN_0669,English,Science,"Electricity, Current & Magnetism",Hard,"In a Faraday disk generator, what factor primarily determines the induced electromotive force (EMF)?",The diameter of the conducting disk.,The rate at which the disk is rotated.,The magnetic field strength of the magnet.,The resistance of the external circuit.,B,The rate at which the disk is rotated.,The rate of change of magnetic flux through the conducting disk is the key factor in generating EMF.,"According to Faraday's law, the induced EMF is proportional to the rate of change of magnetic flux. Rotating the disk faster increases the rate of change of magnetic flux, thus increasing the induced EMF.",2026-09-14 12:17:32
SCI_EN_0670,English,Science,"Electricity, Current & Magnetism",Hard,What is the effect of a diamagnetic material on a magnetic field when it is placed in the field?,Repels the magnetic field.,Enhances the magnetic field.,Converts the magnetic field into an electric field.,Has no effect on the magnetic field.,A,Repels the magnetic field.,Diamagnetic materials weakly repel magnetic fields due to their induced magnetic fields opposing the applied field.,"Diamagnetic materials contain electrons with paired spins, which align oppositely to an external magnetic field. This induces a weak opposing field, causing a repulsion from the original field.",2026-09-14 12:17:32
SCI_EN_0671,English,Science,"Electricity, Current & Magnetism",Hard,Which of the following best describes the concept of skin effect in alternating current (AC) transmission lines?,The tendency of AC to flow only at the surface of a conductor.,The tendency of AC to flow uniformly through the cross-section of a conductor.,The tendency of AC to flow in the center of a conductor.,The tendency of DC to flow only at the surface of a conductor.,A,The tendency of AC to flow only at the surface of a conductor.,"Skin effect causes AC to flow near the surface of a conductor, which can be problematic for high-frequency signals.","Skin effect occurs due to the induced currents opposing the applied current, causing the current to concentrate near the surface of the conductor. This is more pronounced at higher frequencies, affecting the design of high-frequency circuits and power transmission lines.",2026-09-14 12:17:32
SCI_EN_0672,English,Science,"Electricity, Current & Magnetism",Hard,Which of the following statements best describes the relationship between electric current and magnetic field strength in a superconducting material?,Electric current creates a magnetic field that is proportional to the current.,Electric current creates a magnetic field that is inversely proportional to the current.,Electric current does not create a magnetic field in a superconductor.,Electric current creates a constant magnetic field independent of the current.,C,Electric current does not create a magnetic field in a superconductor.,"In a superconductor, the magnetic field is expelled, a phenomenon known as the Meissner effect, and no magnetic field is created by electric current.","Superconductors exhibit the Meissner effect, where an applied magnetic field is expelled from the material, making the interior magnetic field zero. Hence, no magnetic field is created by the electric current within a superconductor.",2026-09-14 12:17:32
SCI_EN_0673,English,Science,"Electricity, Current & Magnetism",Hard,Which of the following best describes the principle behind the operation of a transformer?,Based on the principle of direct current (DC) conduction.,Based on the principle of mutual inductance between two coils.,Based on the principle of electromagnetic induction in a single coil.,Based on the principle of capacitive coupling.,B,Based on the principle of mutual inductance between two coils.,"Transformers operate by transferring energy between two coils through mutual inductance, without any direct electrical connection.","Transformers work on the principle of mutual inductance, where the changing magnetic field in one coil induces a current in a nearby coil. This allows for voltage transformation without direct electrical connection between the primary and secondary circuits.",2026-09-14 12:17:32
SCI_EN_0674,English,Science,"Electricity, Current & Magnetism",Hard,Which of the following best describes the role of a shunt in a galvanometer?,To increase the galvanometer's sensitivity.,To allow a portion of the current to bypass the galvanometer for measurement.,To convert the galvanometer into an ammeter.,To convert the galvanometer into a voltmeter.,B,To allow a portion of the current to bypass the galvanometer for measurement.,"A shunt provides an alternative path for the current, allowing a fraction of the total current to bypass the sensitive galvanometer, thus preventing damage.","Shunts are used to measure large currents by providing a low-resistance path for a portion of the current. This allows the galvanometer to only measure the remaining current, protecting it from high currents that could damage it.",2026-09-14 12:17:32
SCI_EN_0675,English,Science,"Electricity, Current & Magnetism",Hard,Which of the following best describes the concept of hysteresis in magnetic materials?,The material's resistance to changes in magnetic field strength.,The material's ability to retain its magnetic field after the external magnetic field is removed.,The material's tendency to demagnetize when exposed to high temperatures.,The material's capacity to store electrical energy in a magnetic field.,B,The material's ability to retain its magnetic field after the external magnetic field is removed.,"Hysteresis refers to the lag in the magnetic field of a material when the external magnetic field is changed, and its ability to retain magnetization after the field is removed.","Hysteresis is a characteristic of magnetic materials where the magnetic field does not immediately follow changes in the external magnetic field. The material retains a residual magnetization, known as remanence, even after the external field is removed.",2026-09-14 12:17:32
SCI_EN_0676,English,Science,"Electricity, Current & Magnetism",Hard,Which of the following statements best describes the Faraday's law of electromagnetic induction?,The induced EMF is directly proportional to the rate of change of magnetic flux through the coil.,The induced EMF is inversely proportional to the rate of change of magnetic flux through the coil.,The induced EMF is proportional to the change in magnetic flux through the coil.,The induced EMF is independent of the rate of change of magnetic flux through the coil.,A,The induced EMF is directly proportional to the rate of change of magnetic flux through the coil.,Faraday's law states that the magnitude of the induced EMF is directly proportional to the rate of change of magnetic flux through a coil.,Faraday's law of electromagnetic induction states that the induced EMF in a coil is proportional to the rate of change of the magnetic flux through the coil. This means that faster changes in the magnetic flux result in a larger induced EMF.,2026-09-14 12:17:32
SCI_EN_0677,English,Science,"Electricity, Current & Magnetism",Hard,Which of the following best describes the concept of a Josephson junction in superconducting devices?,A device that allows current to flow in only one direction.,A device that creates a magnetic field within a superconductor.,A device that exhibits quantum mechanical properties at a macroscopic scale.,A device that converts electrical energy into heat.,C,A device that exhibits quantum mechanical properties at a macroscopic scale.,"A Josephson junction is a device that allows for the direct flow of supercurrent and exhibits quantum tunneling of Cooper pairs, demonstrating macroscopic quantum effects.","A Josephson junction is a superconducting weak link between two superconductors, where quantum tunneling of Cooper pairs occurs. This device allows for the flow of supercurrent and exhibits quantum mechanical effects, such as the Josephson effect, which is a macroscopic manifestation of quantum tunneling.",2026-09-14 12:17:32
SCI_EN_0678,English,Science,"Modern Physics, Atoms & Nuclear Energy",Easy,Which of the following is the correct unit for measuring the mass of an atom?,Kilogram,Gram,Atomic Mass Unit (amu),Pound,C,Atomic Mass Unit (amu),The atomic mass unit (amu) is used to express the mass of atoms and molecules.,"The atomic mass unit (amu) is a convenient unit for expressing the mass of atomic and subatomic particles, as the mass of a single atom or molecule is too small to be conveniently expressed in kilograms or grams.",2026-09-14 12:17:57
SCI_EN_0679,English,Science,"Modern Physics, Atoms & Nuclear Energy",Easy,What does the term 'quantum' refer to in modern physics?,A continuous range of values,A specific discrete value,A type of particle,A unit of energy,B,A specific discrete value,"Quantum refers to a specific, discrete quantity of a physical property.","In quantum mechanics, physical properties are quantized, meaning they can only take on specific, discrete values, not a continuous range of values.",2026-09-14 12:17:57
SCI_EN_0680,English,Science,"Modern Physics, Atoms & Nuclear Energy",Easy,Which of the following is a correct statement about the photoelectric effect?,It shows that light behaves only as a particle.,It shows that light behaves only as a wave.,It shows that light can behave both as a particle and a wave.,It does not demonstrate the wave-particle duality of light.,C,It shows that light can behave both as a particle and a wave.,The photoelectric effect demonstrates that light has both particle and wave properties.,"The photoelectric effect shows that light can be emitted or absorbed in discrete packets of energy (photons), and also behaves as an electromagnetic wave.",2026-09-14 12:17:57
SCI_EN_0681,English,Science,"Modern Physics, Atoms & Nuclear Energy",Easy,Which scientist is credited with the discovery of the electron?,Niels Bohr,Erwin Schrödinger,J. J. Thomson,Albert Einstein,C,J. J. Thomson,J. J. Thomson discovered the electron in 1897.,"J. J. Thomson performed experiments with cathode rays and discovered the electron, proving that atoms are divisible and contain negatively charged particles.",2026-09-14 12:17:57
SCI_EN_0682,English,Science,"Modern Physics, Atoms & Nuclear Energy",Easy,What is the mass number of an atom?,The total number of protons and neutrons in the nucleus,The total number of protons and electrons in the atom,The total number of neutrons in the nucleus,The total number of electrons in the atom,A,The total number of protons and neutrons in the nucleus,The mass number is the sum of the protons and neutrons in an atom's nucleus.,"The mass number is a whole number that represents the total number of protons and neutrons in the nucleus of an atom, which is often used to distinguish between different isotopes of an element.",2026-09-14 12:17:57
SCI_EN_0683,English,Science,"Modern Physics, Atoms & Nuclear Energy",Easy,What is the primary difference between a neutron and a proton?,"A neutron has a positive charge, while a proton has a negative charge.","A neutron has no charge, while a proton has a positive charge.","A neutron has a negative charge, while a proton has no charge.",A neutron and a proton have the same charge and mass.,B,"A neutron has no charge, while a proton has a positive charge.","Neutrons are electrically neutral, while protons have a positive charge.","Protons are positively charged particles found in the nucleus of atoms, while neutrons are electrically neutral particles also found in the nucleus, but do not carry a charge.",2026-09-14 12:17:57
SCI_EN_0684,English,Science,"Modern Physics, Atoms & Nuclear Energy",Easy,What is the unit used to measure the energy released in nuclear reactions?,Kilogram,Gram,Becquerel,Gigaelectronvolt (GeV),D,Gigaelectronvolt (GeV),Gigaelectronvolts (GeV) are used to measure the energy released in nuclear reactions.,Gigaelectronvolts (GeV) are a unit of energy commonly used in nuclear physics to quantify the energy released or absorbed in nuclear reactions.,2026-09-14 12:17:57
SCI_EN_0685,English,Science,"Modern Physics, Atoms & Nuclear Energy",Easy,Which of the following best describes the concept of a neutron star?,A star that emits radio waves,A star that has gone supernova and collapsed,A star that has a very low surface temperature,A star that has a very high density and is supported by neutron degeneracy pressure,D,A star that has a very high density and is supported by neutron degeneracy pressure,Neutron stars are extremely dense stars composed almost entirely of neutrons.,"Neutron stars are the remnants of massive stars that have undergone supernova explosions, leaving behind a dense core supported by neutron degeneracy pressure, which is the quantum mechanical effect preventing further collapse.",2026-09-14 12:17:57
SCI_EN_0686,English,Science,"Modern Physics, Atoms & Nuclear Energy",Easy,What is the primary process that occurs during alpha decay?,A neutron splits into a proton and an electron,A proton splits into a neutron and a positron,A helium nucleus is emitted from the nucleus,A neutron is absorbed by the nucleus,C,A helium nucleus is emitted from the nucleus,"Alpha decay involves the emission of an alpha particle, which is a helium nucleus.",Alpha decay is a type of radioactive decay where an atomic nucleus emits an alpha particle (two protons and two neutrons) and transforms into a new atomic nucleus with a mass number reduced by four and an atomic number reduced by two.,2026-09-14 12:17:57
SCI_EN_0687,English,Science,"Atomic Structure, Molecules & Chemical Bonding",Medium,Which of the following best describes the bond formed between two atoms when they share electrons equally?,Ionic bond,Metallic bond,Polar covalent bond,Nonpolar covalent bond,D,Nonpolar covalent bond,Nonpolar covalent bonds occur when electrons are shared equally between atoms of similar electronegativity.,"In nonpolar covalent bonds, the atoms have similar electronegativities, so the electrons are shared equally, resulting in a symmetrical distribution of charge.",2026-09-14 12:18:22
SCI_EN_0688,English,Science,"Atomic Structure, Molecules & Chemical Bonding",Medium,Which subatomic particle is responsible for the attraction between the nucleus and the electrons in an atom?,Proton,Neutron,Electron,Electromagnetic force,A,Proton,Protons in the nucleus have a positive charge that attracts the negatively charged electrons orbiting the nucleus.,"Protons have a positive charge, and their attraction to the negatively charged electrons is what holds the atom together.",2026-09-14 12:18:22
SCI_EN_0689,English,Science,"Atomic Structure, Molecules & Chemical Bonding",Medium,"In the Lewis structure of a molecule, what does a line (—) between two atoms represent?",A single covalent bond,A double covalent bond,A triple covalent bond,An ionic bond,A,A single covalent bond,"A single line in a Lewis structure represents a single covalent bond, indicating the sharing of one pair of electrons.","A single covalent bond is formed when two atoms share one pair of electrons, which is commonly denoted by a line in Lewis structures.",2026-09-14 12:18:22
SCI_EN_0690,English,Science,"Atomic Structure, Molecules & Chemical Bonding",Medium,Which of the following statements best describes the bond order in a diatomic nitrogen molecule (N2)?,One,Two,Three,Four,C,Three,"The bond order of N2 is three, indicating a triple bond between the two nitrogen atoms.","In N2, each nitrogen atom shares three pairs of electrons, resulting in a triple bond with a bond order of three, which is stronger than a single or double bond.",2026-09-14 12:18:22
SCI_EN_0691,English,Science,"Atomic Structure, Molecules & Chemical Bonding",Medium,Which of the following best describes the octet rule in relation to the formation of molecules?,Atoms tend to gain or lose electrons to achieve a full set of eight valence electrons.,Atoms tend to share electrons equally to achieve a full set of eight valence electrons.,Atoms tend to share or gain/lose electrons to achieve a full set of eight valence electrons.,Atoms tend to share or gain/lose electrons to achieve a full set of four valence electrons.,C,Atoms tend to share or gain/lose electrons to achieve a full set of eight valence electrons.,"The octet rule states that atoms tend to gain, lose, or share electrons to achieve a full set of eight valence electrons, which is a stable electronic configuration.","The octet rule is a chemical rule of thumb that explains the bonding behavior of atoms, predicting that atoms will form chemical bonds in order to have a full outer shell of electrons, typically eight.",2026-09-14 12:18:22
SCI_EN_0692,English,Science,"Atomic Structure, Molecules & Chemical Bonding",Medium,Which of the following is a characteristic of a polar covalent bond?,Both atoms have equal electronegativity.,The bond length is zero.,The bond is ionic in nature.,The electrons are unequally shared.,D,The electrons are unequally shared.,"In a polar covalent bond, the electrons are not shared equally between the atoms, leading to a partial positive and a partial negative charge on each atom.","Polar covalent bonds occur when there is a difference in electronegativity between the atoms, causing the electrons to be pulled closer to the more electronegative atom, resulting in a dipole moment.",2026-09-14 12:18:22
SCI_EN_0693,English,Science,"Atomic Structure, Molecules & Chemical Bonding",Medium,Which of the following best describes the role of the Pauli Exclusion Principle in atomic structure?,It explains the periodicity of the elements.,It states that no two electrons in an atom can have the same set of four quantum numbers.,It describes the behavior of protons and neutrons in the nucleus.,It explains the stability of molecules.,B,It states that no two electrons in an atom can have the same set of four quantum numbers.,"The Pauli Exclusion Principle prevents two electrons from occupying the same quantum state within an atom, ensuring that each electron has a unique set of quantum numbers.","This principle ensures that no two electrons in an atom can have the same set of four quantum numbers (n, l, ml, ms), which is crucial for understanding electron configurations and atomic structure.",2026-09-14 12:18:22
SCI_EN_0694,English,Science,"Atomic Structure, Molecules & Chemical Bonding",Medium,Which of the following best describes the concept of an electron cloud in atomic structure?,A region within the nucleus where electrons are located.,A fixed path that an electron follows around the nucleus.,A probability distribution that indicates the likelihood of finding an electron in a particular region around the nucleus.,A solid sphere surrounding the nucleus where electrons are found.,C,A probability distribution that indicates the likelihood of finding an electron in a particular region around the nucleus.,"The electron cloud represents the probability distribution of finding an electron in a specific region around the nucleus, rather than a fixed path or location.","The electron cloud model describes the distribution of electrons around the nucleus as a probability function, indicating where an electron is most likely to be found.",2026-09-14 12:18:22
SCI_EN_0695,English,Science,"Atomic Structure, Molecules & Chemical Bonding",Medium,Which of the following best describes the role of the quantum mechanical model in understanding atomic structure?,It predicts the exact position of an electron at any given time.,It provides a probabilistic description of electron location and energy levels.,It explains the formation of ionic bonds.,It describes the classical orbits of electrons around the nucleus.,B,It provides a probabilistic description of electron location and energy levels.,"The quantum mechanical model describes the behavior of electrons using wave functions and probability distributions, rather than fixed orbits.","This model uses mathematical functions to describe the probability of finding an electron in a particular region, reflecting the wave-like nature of electrons and their quantum mechanical behavior.",2026-09-14 12:18:22
SCI_EN_0696,English,Science,"Periodic Table, Metals & Non-metals",Hard,Which of the following elements is a transition metal and has the highest electronegativity in its group?,Iron (Fe),Chromium (Cr),Zinc (Zn),Titanium (Ti),B,Chromium (Cr),"Chromium has a partially filled 3d subshell, which makes it more electronegative than other transition metals in its group.","Chromium's partially filled 3d orbitals contribute to its higher electronegativity compared to other transition metals in the same group, making it stand out in terms of its chemical behavior.",2026-09-14 12:18:48
SCI_EN_0697,English,Science,"Periodic Table, Metals & Non-metals",Hard,Which of the following best describes the reactivity of alkali metals compared to alkaline earth metals in the periodic table?,Alkali metals are less reactive than alkaline earth metals.,Alkali metals are more reactive than alkaline earth metals.,Alkali metals and alkaline earth metals have similar reactivity.,Reactivity cannot be determined from the group of elements.,B,Alkali metals are more reactive than alkaline earth metals.,"Alkali metals have only one electron in their outermost shell, making them highly reactive, while alkaline earth metals have two electrons, making them less reactive.","Alkali metals, being in group 1, readily lose their single outer electron to form a +1 ion, while alkaline earth metals, being in group 2, require more energy to lose two electrons, thus they are less reactive.",2026-09-14 12:18:48
SCI_EN_0698,English,Science,"Periodic Table, Metals & Non-metals",Hard,Which of the following elements is a metalloid and lies on the boundary between metals and non-metals in the periodic table?,Sodium (Na),Silicon (Si),Phosphorus (P),Argon (Ar),B,Silicon (Si),"Silicon is positioned on the boundary between metals and non-metals, exhibiting properties of both.","Silicon, being a metalloid, has properties that lie between those of metals and non-metals, such as the ability to conduct electricity and heat, but not as efficiently as metals. It also has a metallic luster and can form covalent bonds like non-metals.",2026-09-14 12:18:48
SCI_EN_0699,English,Science,"Periodic Table, Metals & Non-metals",Hard,Which of the following statements about the transition metals is true?,Transition metals are located in groups 1 and 2 of the periodic table.,Transition metals have a fully filled d-subshell.,Transition metals are not good conductors of electricity.,Transition metals often exhibit variable oxidation states.,D,Transition metals often exhibit variable oxidation states.,"Transition metals can lose different numbers of electrons, resulting in a variety of oxidation states.","Due to their partially filled d-orbitals, transition metals can lose different numbers of electrons, leading to a wide range of possible oxidation states. This property is not shared by s-block or p-block elements.",2026-09-14 12:18:48
SCI_EN_0700,English,Science,"Periodic Table, Metals & Non-metals",Hard,Which of the following elements is an exception to the general trend of increasing electronegativity across a period in the periodic table?,Nitrogen (N),Boron (B),Sodium (Na),Magnesium (Mg),C,Sodium (Na),"Sodium has a lower electronegativity than boron, which is an exception to the general trend of increasing electronegativity across a period.","Sodium, being a metal, has a different electron distribution compared to non-metals like boron, which lies in the same period. Sodium's single outer electron is less tightly bound, making it a less effective electron acceptor, unlike the more electronegative non-metals in the same period.",2026-09-14 12:18:48
SCI_EN_0701,English,Science,"Periodic Table, Metals & Non-metals",Hard,Which of the following elements is expected to have the highest melting point in its group?,Beryllium (Be),Magnesium (Mg),Calcium (Ca),Strontium (Sr),D,Strontium (Sr),"Strontium, being a larger element in group 2, has the strongest metallic bonding, resulting in the highest melting point.","As you move down group 2 in the periodic table, the atomic radius increases, leading to stronger metallic bonding due to the larger number of electrons in the outer shell. This results in a higher melting point for strontium compared to its lighter group 2 counterparts.",2026-09-14 12:18:48
SCI_EN_0702,English,Science,"Periodic Table, Metals & Non-metals",Hard,Which of the following elements is expected to have the most metallic character?,Nitrogen (N),Sodium (Na),Phosphorus (P),Arsenic (As),B,Sodium (Na),Sodium is a metal and has the most metallic character among the given elements.,"Sodium is a metal with strong metallic properties, such as good electrical and thermal conductivity, while the other elements are non-metals and do not exhibit such properties.",2026-09-14 12:18:48
SCI_EN_0703,English,Science,"Periodic Table, Metals & Non-metals",Hard,Which of the following elements is expected to have the highest ionization energy?,Sodium (Na),Fluorine (F),Magnesium (Mg),Sulfur (S),B,Fluorine (F),Fluorine has the highest ionization energy among the given elements due to its small atomic size and strong nuclear charge.,"Fluorine, being a small, highly charged atom, requires the most energy to remove an electron from its outer shell, giving it the highest ionization energy among the given options.",2026-09-14 12:18:48
SCI_EN_0704,English,Science,"Periodic Table, Metals & Non-metals",Hard,Which of the following elements is expected to have the most metallic character in its group?,Sodium (Na),Magnesium (Mg),Aluminum (Al),Gallium (Ga),A,Sodium (Na),Sodium is a metal and has the most metallic character in its group.,"Sodium is a metal with strong metallic properties, such as good electrical and thermal conductivity, while the other elements are either metals or metalloids with weaker metallic character.",2026-09-14 12:18:48
SCI_EN_0705,English,Science,"Periodic Table, Metals & Non-metals",Hard,Which of the following elements is expected to have the most non-metallic character?,Sodium (Na),Nitrogen (N),Phosphorus (P),Arsenic (As),B,Nitrogen (N),Nitrogen has the most non-metallic character among the given elements.,"Nitrogen, being a non-metal, does not exhibit metallic properties and has a higher electronegativity compared to the other elements, indicating a more non-metallic character.",2026-09-14 12:18:48
SCI_EN_0706,English,Science,"Acids, Bases, Salts & Chemical Reactions",Easy,What is the pH of a solution that is neutral?,0,7,10,14,B,7,A neutral pH indicates the solution has equal concentrations of H+ and OH- ions.,"At 25°C, pure water has a pH of 7, which is considered neutral. This means the concentration of hydrogen ions (H+) is equal to the concentration of hydroxide ions (OH-).",2026-09-14 12:19:09
SCI_EN_0707,English,Science,"Acids, Bases, Salts & Chemical Reactions",Easy,Which of the following is an example of a base?,HCl,NaCl,NaOH,CO2,C,NaOH,NaOH is a base because it can accept a proton (H+).,"NaOH (sodium hydroxide) dissociates in water to produce hydroxide ions (OH-), making it a base. Common bases also include ammonia (NH3) and sodium carbonate (Na2CO3).",2026-09-14 12:19:09
SCI_EN_0708,English,Science,"Acids, Bases, Salts & Chemical Reactions",Easy,What is formed when an acid and a base react?,Gas,Precipitate,Salt and water,Heat,C,Salt and water,The reaction between an acid and a base produces a salt and water (neutralization).,"During a neutralization reaction, the hydrogen ions (H+) from the acid combine with the hydroxide ions (OH-) from the base to form water (H2O). The remaining ions form a salt.",2026-09-14 12:19:09
SCI_EN_0709,English,Science,"Acids, Bases, Salts & Chemical Reactions",Easy,Which of the following salts is formed when hydrochloric acid reacts with sodium hydroxide?,NaCl,H2O,NaOH,HCl,A,NaCl,"The salt formed is sodium chloride, which is also known as table salt.",The reaction between HCl (hydrochloric acid) and NaOH (sodium hydroxide) produces NaCl (sodium chloride) and H2O (water). This is a classic example of a neutralization reaction.,2026-09-14 12:19:09
SCI_EN_0710,English,Science,"Acids, Bases, Salts & Chemical Reactions",Easy,What is the pH of a solution that is strongly acidic?,4,7,10,14,A,4,"A pH below 7 indicates an acidic solution, with lower values being more acidic.","A pH of 4 means the solution has a concentration of hydrogen ions (H+) that is much higher than that of a neutral solution, making it acidic. Strong acids have a pH less than 2.",2026-09-14 12:19:09
SCI_EN_0711,English,Science,"Acids, Bases, Salts & Chemical Reactions",Easy,Which of the following is a common acid?,NaOH,Na2CO3,H2SO4,CaCO3,C,H2SO4,Sulfuric acid (H2SO4) is a strong acid commonly used in car batteries and industrial processes.,"Sulfuric acid is a strong acid that dissociates completely in water, producing H+ and SO4^2- ions. This makes it a potent and widely used acid in various applications.",2026-09-14 12:19:09
SCI_EN_0712,English,Science,"Acids, Bases, Salts & Chemical Reactions",Easy,What is the pH of a strong base?,2,7,12,14,C,12,"A pH above 7 indicates a basic solution, with higher values being more basic.","A pH of 12 means the solution has a high concentration of hydroxide ions (OH-) compared to a neutral solution, making it a strong base. Strong bases are highly reactive and can cause severe burns.",2026-09-14 12:19:09
SCI_EN_0713,English,Science,"Acids, Bases, Salts & Chemical Reactions",Easy,Which of the following is a salt formed by a strong acid and a strong base?,NaCl,Fe(OH)3,CaCO3,H2SO4,A,NaCl,A salt formed by a strong acid and a strong base is typically soluble in water.,"The reaction between HCl (strong acid) and NaOH (strong base) produces NaCl (sodium chloride) and H2O (water). NaCl is soluble in water, making it a common salt formed by such a reaction.",2026-09-14 12:19:09
SCI_EN_0714,English,Science,"Acids, Bases, Salts & Chemical Reactions",Easy,What is the pH of a weak acid?,1,3,7,9,B,3,"A pH slightly below 7 indicates a weak acid, with values closer to 1 being more acidic.","A pH of 3 indicates that the solution is slightly acidic, with a concentration of hydrogen ions (H+) that is greater than that of a neutral solution but not as high as a strong acid. Weak acids only partially dissociate in water.",2026-09-14 12:19:09
SCI_EN_0715,English,Science,"Acids, Bases, Salts & Chemical Reactions",Easy,Which of the following is a salt formed by a weak acid and a strong base?,NaCl,FeSO4,Na2CO3,CaCl2,C,Na2CO3,A salt formed by a weak acid and a strong base is typically insoluble in water.,"The reaction between a weak acid like acetic acid (CH3COOH) and a strong base like NaOH produces Na2CO3 (sodium carbonate) and H2O (water). Na2CO3 is insoluble in water, making it a common salt formed by this type of reaction.",2026-09-14 12:19:09
SCI_EN_0716,English,Science,"Organic Chemistry, Hydrocarbons & Everyday Chemicals",Medium,Which of the following is a type of alkane?,Methanol,Ethane,Ethanol,Propanol,B,Ethane,Ethane is a saturated hydrocarbon with a single carbon-carbon bond.,"Ethane consists of two carbon atoms bonded to each other with only single bonds, making it a simple alkane. Methanol, ethanol, and propanol contain oxygen and are alcohols.",2026-09-14 12:19:32
SCI_EN_0717,English,Science,"Organic Chemistry, Hydrocarbons & Everyday Chemicals",Medium,What is the IUPAC name for CH3CH2CH2CH2CH3?,Pentane,Butane,Hexane,Propane,A,Pentane,Pentane is the correct IUPAC name for a five-carbon alkane chain.,"Pentane has five carbon atoms in a straight chain, making it the correct IUPAC name. Butane has four carbon atoms, hexane has six, and propane has three.",2026-09-14 12:19:32
SCI_EN_0718,English,Science,"Organic Chemistry, Hydrocarbons & Everyday Chemicals",Medium,Which of the following is an aromatic hydrocarbon?,Cyclohexane,Benzene,Propane,Ethylene,B,Benzene,"Benzene has a planar ring structure with alternating single and double bonds, forming a cyclic aromatic compound.","Benzene has a six-carbon ring with alternating single and double bonds, which confers aromaticity. Cyclohexane, propane, and ethylene do not have this specific ring structure.",2026-09-14 12:19:32
SCI_EN_0719,English,Science,"Organic Chemistry, Hydrocarbons & Everyday Chemicals",Medium,Which of the following is a homologous series?,"Ethanol, Propanol, Butanol","Ethene, Propene, Butene","Ethane, Propane, Butane","Ethylene, Propylene, Butylene",A,"Ethanol, Propanol, Butanol","Ethanol, propanol, and butanol are a homologous series because they have the same functional group (hydroxyl) and increase by one carbon atom in each subsequent molecule.",Homologous series are groups of compounds with the same functional group that differ only by the addition of one carbon atom in each successive member. The other options do not follow this pattern.,2026-09-14 12:19:32
SCI_EN_0720,English,Science,"Organic Chemistry, Hydrocarbons & Everyday Chemicals",Medium,Which of the following is a product of the combustion of methane?,Carbon dioxide and water,Carbon monoxide and water,Carbon monoxide and hydrogen,Hydrogen and oxygen,A,Carbon dioxide and water,The complete combustion of methane produces carbon dioxide and water.,"When methane (CH4) burns completely, it reacts with oxygen (O2) to produce carbon dioxide (CO2) and water (H2O). The other options represent incomplete combustion products or incorrect products.",2026-09-14 12:19:32
SCI_EN_0721,English,Science,"Organic Chemistry, Hydrocarbons & Everyday Chemicals",Medium,Which of the following is NOT a type of isomer?,Structural isomer,Stereoisomer,Chain isomer,Element,D,Element,"An element is not a type of isomer, which refers to molecules with the same molecular formula but different structures or arrangements.","Isomers are molecules with the same molecular formula but different structural arrangements. Structural isomers, stereo-isomers, and chain isomers are all valid types of isomers. An element is a pure substance consisting of only one type of atom.",2026-09-14 12:19:32
SCI_EN_0722,English,Science,"Organic Chemistry, Hydrocarbons & Everyday Chemicals",Medium,Which of the following is a common household cleaner that contains a surfactant?,Baking soda,Vinegar,Dish soap,Rubbing alcohol,C,Dish soap,"Dish soap contains surfactants, which are compounds that lower surface tension and help to clean and remove grease.","Dish soap is a common household cleaner that uses surfactants to break down and remove grease and dirt. Baking soda and vinegar are not surfactants and are used more for abrasive or acidic cleaning, while rubbing alcohol is primarily used for disinfecting and drying.",2026-09-14 12:19:32
SCI_EN_0723,English,Science,"Cell Biology, Organelles & Genetics",Hard,"Which organelle is primarily responsible for the synthesis of lipids and steroids, and contains a complex network of membranes?",Golgi apparatus,Endoplasmic reticulum,Mitochondria,Lysosome,B,Endoplasmic reticulum,The smooth endoplasmic reticulum is specialized for lipid and steroid synthesis.,"The smooth endoplasmic reticulum (ER) lacks ribosomes and is responsible for the synthesis of lipids and steroids, among other functions, through its extensive membrane network.",2026-09-14 12:19:57
SCI_EN_0724,English,Science,"Cell Biology, Organelles & Genetics",Hard,Which of the following statements best describes the role of telomeres in cell biology?,They facilitate the repair of double-strand DNA breaks.,They are the main components of the nuclear envelope.,They prevent the end-replication problem during DNA replication.,They are involved in the regulation of gene expression.,C,They prevent the end-replication problem during DNA replication.,"Telomeres protect chromosome ends from degradation and fusion, thus preventing the end-replication problem.","Telomeres are repetitive DNA sequences at the ends of chromosomes that shorten with each cell division. Their presence prevents the loss of genetic information and protects the ends of chromosomes from degradation and fusion, addressing the end-replication problem.",2026-09-14 12:19:57
SCI_EN_0725,English,Science,"Cell Biology, Organelles & Genetics",Hard,Which organelle is primarily responsible for the detoxification of harmful substances in the cell?,Mitochondria,Nucleus,Lysosome,Peroxisome,D,Peroxisome,Peroxisomes contain enzymes that break down fatty acids and detoxify harmful substances.,"Peroxisomes are involved in the metabolism of very long-chain fatty acids and the detoxification of hydrogen peroxide, a harmful substance produced by cellular processes.",2026-09-14 12:19:57
SCI_EN_0726,English,Science,"Cell Biology, Organelles & Genetics",Hard,"Which genetic disorder is characterized by a deficiency in the enzyme responsible for the breakdown of purines, leading to a buildup of uric acid?",Sickle cell anemia,Phenylketonuria,Gout,Cystic fibrosis,C,Gout,"Gout results from the accumulation of uric acid, which is a byproduct of purine metabolism.","Gout is a metabolic disorder caused by a defect in the purine metabolism pathway, specifically a deficiency in the enzyme uricase, which leads to the accumulation of uric acid in the blood and tissues.",2026-09-14 12:19:57
SCI_EN_0727,English,Science,"Cell Biology, Organelles & Genetics",Hard,"Which of the following organelles is involved in the degradation of proteins and other macromolecules, and is often referred to as the 'garbage disposal' of the cell?",Mitochondria,Endoplasmic reticulum,Nucleus,Lysosome,D,Lysosome,Lysosomes contain hydrolytic enzymes that break down various macromolecules.,"Lysosomes are membrane-bound organelles containing a variety of digestive enzymes. They function as the cell's waste disposal system, breaking down and recycling cellular debris and foreign materials.",2026-09-14 12:19:57
SCI_EN_0728,English,Science,"Cell Biology, Organelles & Genetics",Hard,Which of the following processes is essential for the survival of cells under hypoxic conditions and involves the conversion of pyruvate to lactate?,Fermentation,Oxidative phosphorylation,Glycolysis,The Krebs cycle,A,Fermentation,"Fermentation is the process by which cells produce energy in the absence of oxygen, converting pyruvate to lactate.","Under hypoxic conditions, cells switch to fermentation to generate ATP, as oxidative phosphorylation cannot proceed. This process involves the conversion of pyruvate to lactate, which is released into the cytoplasm, allowing the cell to continue producing energy.",2026-09-14 12:19:57
SCI_EN_0729,English,Science,"Cell Biology, Organelles & Genetics",Hard,"Which of the following genetic disorders is characterized by a defect in the enzyme responsible for the breakdown of galactose, leading to the accumulation of galactose and its derivatives in the body?",Sickle cell anemia,Phenylketonuria,Galactosemia,Cystic fibrosis,C,Galactosemia,"Galactosemia results from a deficiency in the enzyme responsible for the breakdown of galactose, leading to its accumulation.","Galactosemia is a genetic disorder caused by a deficiency in the enzyme galactose-1-phosphate uridyl transferase, which is essential for the metabolism of galactose. The accumulation of galactose and its derivatives can lead to severe complications if not treated.",2026-09-14 12:19:57
SCI_EN_0730,English,Science,"Cell Biology, Organelles & Genetics",Hard,Which organelle is primarily responsible for the synthesis of proteins and contains ribosomes?,Mitochondria,Nucleus,Ribosome,Endoplasmic reticulum,D,Endoplasmic reticulum,The rough endoplasmic reticulum is studded with ribosomes and is the site of protein synthesis.,"The rough endoplasmic reticulum (ER) is characterized by its ribosomes, which are attached to the ER's outer surface. This organelle is responsible for synthesizing proteins that are either secreted from the cell or used within the cell.",2026-09-14 12:19:57
SCI_EN_0731,English,Science,"Cell Biology, Organelles & Genetics",Hard,Which of the following organelles is involved in the transport of proteins from the ER to the Golgi apparatus and contains a network of vesicles for this purpose?,Mitochondria,Nucleus,Endoplasmic reticulum,Cytoskeleton,C,Endoplasmic reticulum,The endoplasmic reticulum is involved in the transport of proteins to the Golgi apparatus through vesicles.,"The endoplasmic reticulum, particularly the rough ER, is involved in the transport of proteins to the Golgi apparatus. Vesicles are formed at the ER and carry the proteins to the Golgi for further modification and packaging.",2026-09-14 12:19:57
SCI_EN_0732,English,Science,"Human Anatomy, Organ Systems & Physiology",Easy,Which of the following systems is responsible for the removal of waste products from the body through the kidneys?,Respiratory system,Digestive system,Urinary system,Cardiovascular system,C,Option C: Urinary system,"The urinary system includes the kidneys, which filter blood and eliminate waste products.","The urinary system's primary function is to remove waste products, excess water, and other impurities from the blood. This is achieved through the filtration of blood by the kidneys, which produce urine to expel these substances.",2026-09-14 12:20:24
SCI_EN_0733,English,Science,"Human Anatomy, Organ Systems & Physiology",Easy,Which of the following structures is responsible for the production of red blood cells?,Lymph nodes,Spleen,Thymus,Bone marrow,D,Option D: Bone marrow,"Bone marrow is the site where red blood cells are produced, a process known as erythropoiesis.","Bone marrow contains hematopoietic stem cells that differentiate into red blood cells, white blood cells, and platelets. This process is essential for maintaining the body's supply of functional blood cells.",2026-09-14 12:20:24
SCI_EN_0734,English,Science,"Human Anatomy, Organ Systems & Physiology",Easy,Which of the following organs is the largest in the human body and plays a crucial role in digestion and immunity?,Pancreas,Liver,Spleen,Large intestine,B,Option B: Liver,"The liver detoxifies harmful substances, produces proteins, and plays a vital role in metabolism and immunity.","The liver performs over 500 functions, including detoxification, protein synthesis, and the production of biochemicals necessary for digestion. It also stores glycogen and has a key role in the regulation of blood coagulation.",2026-09-14 12:20:24
SCI_EN_0735,English,Science,"Human Anatomy, Organ Systems & Physiology",Easy,Which of the following muscles is responsible for the contraction and relaxation that moves food through the digestive tract?,Cardiac muscle,Smooth muscle,Skeletal muscle,Both A and B,D,Option D: Both A and B,Both cardiac and smooth muscles are involved in the movement of food through the digestive tract.,"Cardiac muscle is found in the heart and contracts rhythmically to pump blood. Smooth muscle is found in the walls of internal organs, including the digestive tract, and its contractions help to move food through the digestive system. Skeletal muscle is not directly involved in this process.",2026-09-14 12:20:24
SCI_EN_0736,English,Science,"Human Anatomy, Organ Systems & Physiology",Easy,"Which of the following glands produces insulin, a hormone that regulates blood glucose levels?",Thyroid gland,Pancreas,Adrenal gland,Pituitary gland,B,Option B: Pancreas,"The pancreas produces insulin, which helps to regulate blood glucose levels by facilitating the uptake of glucose by cells.","The pancreas is an endocrine organ that produces several important hormones, including insulin. Insulin helps to lower blood glucose levels by promoting the uptake of glucose by cells, while its counterpart, glucagon, raises blood glucose levels.",2026-09-14 12:20:24
SCI_EN_0737,English,Science,"Human Anatomy, Organ Systems & Physiology",Easy,Which of the following is the primary site for the exchange of oxygen and carbon dioxide between the blood and the body's tissues?,Heart,Lungs,Liver,Spleen,B,Option B: Lungs,"The lungs are the primary site for gas exchange, where oxygen is taken into the blood and carbon dioxide is released.","During respiration, the lungs facilitate the diffusion of oxygen from the air into the bloodstream and the release of carbon dioxide from the blood into the air. This process is essential for maintaining the body's oxygen supply and eliminating waste gases.",2026-09-14 12:20:24
SCI_EN_0738,English,Science,"Human Anatomy, Organ Systems & Physiology",Easy,Which of the following is the correct order of blood flow through the heart during the cardiac cycle?,"Right ventricle, left atrium, aorta, pulmonary artery","Right atrium, left ventricle, aorta, pulmonary vein","Right atrium, right ventricle, pulmonary artery, aorta","Left atrium, left ventricle, aorta, pulmonary artery",C,"Option C: Right atrium, right ventricle, pulmonary artery, aorta","The correct path of blood flow through the heart is from the right atrium to the right ventricle, then through the pulmonary artery to the lungs, and finally back to the aorta for systemic circulation.","The heart pumps blood in a specific direction to ensure efficient circulation. The blood enters the right atrium, passes to the right ventricle, and is then pumped through the pulmonary artery to the lungs for oxygenation. Oxygenated blood returns to the left atrium, moves to the left ventricle, and is pumped out through the aorta to supply the body with oxygenated blood.",2026-09-14 12:20:24
SCI_EN_0739,English,Science,"Human Anatomy, Organ Systems & Physiology",Easy,Which of the following is the primary function of the skin in the human body?,Regulating body temperature,Producing red blood cells,Filtering blood,Generating hormones,A,Option A: Regulating body temperature,The skin plays a crucial role in regulating body temperature through sweating and blood flow.,"The skin is the largest organ in the body and serves as a barrier against pathogens and environmental factors. It also helps to regulate body temperature by sweating and altering blood flow to the skin's surface, which can either cool or warm the body as needed.",2026-09-14 12:20:24
SCI_EN_0740,English,Science,"Human Anatomy, Organ Systems & Physiology",Easy,Which of the following is the primary function of the liver in the detoxification of the body?,Producing bile,Regulating blood glucose levels,Detoxifying harmful substances,Filtering blood,C,Option C: Detoxifying harmful substances,The liver is responsible for removing toxic substances from the blood and converting them into less harmful compounds.,"The liver plays a critical role in detoxification by metabolizing and excreting harmful substances, including drugs, alcohol, and environmental toxins. It also helps to remove waste products from the body, such as bilirubin, which is produced during the breakdown of red blood cells.",2026-09-14 12:20:24
SCI_EN_0741,English,Science,"Human Anatomy, Organ Systems & Physiology",Easy,Which of the following is the correct sequence of blood flow through the heart during one cycle?,"Right atrium, right ventricle, left ventricle, left atrium","Right ventricle, right atrium, left ventricle, left atrium","Left atrium, left ventricle, right ventricle, right atrium","Right atrium, left ventricle, right ventricle, left atrium",A,"Option A: Right atrium, right ventricle, left ventricle, left atrium","The blood flows from the right atrium to the right ventricle, then to the lungs for oxygenation, back to the left atrium, and finally to the left ventricle for systemic circulation.","The heart pumps blood in a specific sequence to ensure efficient circulation. Deoxygenated blood from the body enters the right atrium, is pumped to the right ventricle, and then to the lungs for oxygenation. Oxygenated blood returns to the left atrium, is pumped to the left ventricle, and is then distributed to the body through the aorta. This process repeats continuously to maintain the body's oxygen supply.",2026-09-14 12:20:24
SCI_EN_0742,English,Science,"Human Nutrition, Vitamins, Minerals & Diseases",Medium,Which of the following vitamins is essential for the synthesis of collagen and the maintenance of healthy skin and blood vessels?,Vitamin A,Vitamin C,Vitamin D,Vitamin E,B,Vitamin C,Vitamin C is crucial for collagen synthesis and supports the health of skin and blood vessels.,"Vitamin C acts as a cofactor in the enzymatic reactions required for collagen production, a key structural protein in connective tissues. Deficiency leads to scurvy, a condition characterized by weakened blood vessels and skin.",2026-09-14 12:20:47
SCI_EN_0743,English,Science,"Human Nutrition, Vitamins, Minerals & Diseases",Medium,"Iron deficiency can lead to which of the following conditions, characterized by a reduced ability to carry oxygen in the blood?",Anemia,Osteoporosis,Hyperthyroidism,Hypertension,A,Anemia,"Anemia results from a lack of iron, leading to fewer or smaller red blood cells that cannot carry enough oxygen.","Iron is a key component of hemoglobin, the protein in red blood cells that binds oxygen. Without adequate iron, the body produces fewer and smaller red blood cells, reducing its oxygen-carrying capacity.",2026-09-14 12:20:47
SCI_EN_0744,English,Science,"Human Nutrition, Vitamins, Minerals & Diseases",Medium,Which vitamin is known as the 'sunshine vitamin' due to its role in the skin's synthesis when exposed to sunlight?,Vitamin A,Vitamin B12,Vitamin D,Vitamin K,C,Vitamin D,"Vitamin D is synthesized in the skin upon exposure to ultraviolet B (UVB) rays from the sun, aiding in calcium absorption and bone health.",The skin can produce vitamin D through a series of biochemical reactions when exposed to sunlight. This vitamin is crucial for bone health and the prevention of conditions like rickets in children and osteomalacia in adults.,2026-09-14 12:20:47
SCI_EN_0745,English,Science,"Human Nutrition, Vitamins, Minerals & Diseases",Medium,Which mineral is crucial for maintaining proper muscle function and is involved in the regulation of heart rhythm?,Calcium,Potassium,Sodium,Magnesium,D,Magnesium,"Magnesium is essential for muscle contraction and relaxation, including heart muscle function.","Magnesium plays a vital role in the enzymatic reactions that facilitate muscle contraction. Its deficiency can lead to muscle weakness, cramps, and irregular heart rhythms.",2026-09-14 12:20:47
SCI_EN_0746,English,Science,"Human Nutrition, Vitamins, Minerals & Diseases",Medium,Which of the following is a common symptom of a deficiency in Vitamin B12?,Night blindness,Peripheral neuropathy,Goiter,Anemia,B,Peripheral neuropathy,"Peripheral neuropathy is a condition involving damage to the peripheral nerves, often resulting from a deficiency in Vitamin B12.","Vitamin B12 is essential for the production of myelin, a protective sheath around nerve fibers. Its deficiency can lead to demyelination, causing symptoms such as tingling, numbness, and pain in the hands and feet.",2026-09-14 12:20:47
SCI_EN_0747,English,Science,"Human Nutrition, Vitamins, Minerals & Diseases",Medium,Which of the following is NOT a fat-soluble vitamin?,Vitamin A,Vitamin C,Vitamin D,Vitamin K,B,Vitamin C,"Vitamin C is water-soluble and not stored in the body, unlike the other options which are fat-soluble and stored in adipose tissue.","Fat-soluble vitamins (A, D, E, K) can be stored in the liver and fatty tissues, whereas water-soluble vitamins (B and C) are not stored and are excreted in urine.",2026-09-14 12:20:47
SCI_EN_0748,English,Science,"Human Nutrition, Vitamins, Minerals & Diseases",Medium,Which of the following is a water-soluble vitamin that helps in the regulation of gene expression and cell growth?,Vitamin A,Vitamin B6,Vitamin E,Folate (Vitamin B9),D,Folate (Vitamin B9),"Folate plays a crucial role in DNA synthesis and repair, and is essential for cell division and growth.","Folate is essential for the synthesis and repair of DNA, and its deficiency can lead to anemia and neurological issues. It is particularly important during pregnancy for fetal development.",2026-09-14 12:20:47
SCI_EN_0749,English,Science,"Human Nutrition, Vitamins, Minerals & Diseases",Medium,Which of the following is a common sign of zinc deficiency?,Decreased taste sensation,Decreased immune function,Decreased blood clotting,Decreased bone density,A,Decreased taste sensation,"Zinc deficiency can lead to a loss of taste and smell, affecting dietary choices and overall nutrition.","Zinc is involved in taste bud function and wound healing. Its deficiency can result in a decreased sense of taste and smell, potentially leading to malnutrition and other health issues.",2026-09-14 12:20:47
SCI_EN_0750,English,Science,"Human Nutrition, Vitamins, Minerals & Diseases",Medium,Which of the following diseases is directly associated with a deficiency in Vitamin C?,Cretinism,Scurvy,Goiter,Keshan disease,B,Scurvy,"Scurvy is a disease resulting from a lack of vitamin C, leading to symptoms such as bleeding gums, skin hemorrhages, and joint pain.","Vitamin C is essential for the synthesis of collagen, which is critical for the integrity of blood vessels, skin, and bones. Deficiency leads to scurvy, a condition characterized by the breakdown of connective tissues.",2026-09-14 12:20:47
SCI_EN_0751,English,Science,"Human Nutrition, Vitamins, Minerals & Diseases",Medium,Which of the following is NOT a known function of Vitamin D?,Regulation of calcium and phosphorus levels,Promotion of bone health,Enhancement of immune function,Production of hemoglobin,D,Production of hemoglobin,"Vitamin D does not directly produce hemoglobin but is involved in calcium and phosphorus regulation, bone health, and immune function.","Vitamin D primarily affects calcium and phosphorus metabolism, promoting bone health and immune function. It does not play a direct role in the production of hemoglobin, which is a function of iron and other nutrients.",2026-09-14 12:20:47
SCI_EN_0752,English,Science,"Botany, Plant Physiology & Photosynthesis",Hard,Which of the following best describes the role of Rubisco in the Calvin cycle?,It catalyzes the reduction of 3-phosphoglycerate to glyceraldehyde-3-phosphate.,It fixes carbon dioxide into a stable 3-carbon compound.,"It is responsible for the regeneration of ribulose-1,5-bisphosphate.","It catalyzes the initial step of the Calvin cycle by combining CO2 with ribulose-1,5-bisphosphate.",D,"It catalyzes the initial step of the Calvin cycle by combining CO2 with ribulose-1,5-bisphosphate.",Rubisco is the enzyme that catalyzes the first major step of carbon fixation in the Calvin cycle.,"Rubisco is a crucial enzyme in photosynthesis, but its activity can be less efficient due to its oxygenase activity, which can reduce the efficiency of carbon fixation.",2026-09-14 12:21:14
SCI_EN_0753,English,Science,"Botany, Plant Physiology & Photosynthesis",Hard,What is the primary function of the xylem in a plant?,Transporting water and minerals from the roots to the leaves.,Transporting sugars from the leaves to the roots.,Regulating the opening and closing of stomata.,Producing chlorophyll for photosynthesis.,A,Transporting water and minerals from the roots to the leaves.,Xylem tissue is specialized for the transport of water and dissolved minerals from the roots to other parts of the plant.,"Xylem cells are dead and lignified, providing a strong conduit for water and mineral transport through the plant.",2026-09-14 12:21:14
SCI_EN_0754,English,Science,"Botany, Plant Physiology & Photosynthesis",Hard,Which pigment is primarily responsible for the red and orange colors in autumn leaves?,Chlorophyll a,Carotenoids,Phycocyanin,Anthocyanins,D,Anthocyanins,"Anthocyanins are pigments that can produce red, purple, and blue colors in plants, often becoming visible in autumn when chlorophyll breaks down.","Anthocyanins are not present in significant quantities during the growing season but become more prominent as chlorophyll levels decrease in autumn, resulting in the vibrant red and orange colors of leaves.",2026-09-14 12:21:14
SCI_EN_0755,English,Science,"Botany, Plant Physiology & Photosynthesis",Hard,What is the primary cause of photorespiration in plants?,Excess light energy during the day.,High CO2 concentration in the atmosphere.,The action of RuBisCO when it mistakenly binds with O2 instead of CO2.,Low temperature during the night.,C,The action of RuBisCO when it mistakenly binds with O2 instead of CO2.,"Photorespiration is a process where RuBisCO uses oxygen instead of carbon dioxide, leading to the breakdown of organic molecules and the release of CO2.","This process is energetically costly and reduces the efficiency of photosynthesis, especially under conditions of high oxygen and low CO2, such as in hot, dry environments.",2026-09-14 12:21:14
SCI_EN_0756,English,Science,"Botany, Plant Physiology & Photosynthesis",Hard,Which of the following best describes the C4 pathway in plants?,It is a method of nitrogen fixation.,It is a form of photosynthesis that occurs exclusively in the roots.,It is a process that enhances the efficiency of carbon fixation in hot and dry environments.,It is a type of respiration that takes place in the chloroplasts.,C,It is a process that enhances the efficiency of carbon fixation in hot and dry environments.,The C4 pathway is an adaptation that allows plants to increase their photosynthetic rate while reducing photorespiration.,"C4 plants have a specialized photosynthetic pathway that uses phosphoenolpyruvate (PEP) carboxylase to initially fix CO2, which then reenters the Calvin cycle, thereby reducing the loss of CO2 and improving the efficiency of carbon fixation.",2026-09-14 12:21:14
SCI_EN_0757,English,Science,"Botany, Plant Physiology & Photosynthesis",Hard,Which of the following environmental factors can significantly affect the rate of photosynthesis in C3 plants?,Increased nitrogen levels in the soil.,High temperatures and low CO2 levels.,Increased oxygen levels in the atmosphere.,Increased light intensity and adequate water supply.,B,High temperatures and low CO2 levels.,High temperatures can denature enzymes and low CO2 levels can reduce the rate of carbon fixation in C3 plants.,"High temperatures and low CO2 levels can impair the function of RuBisCO, leading to a decrease in the rate of photosynthesis, as these factors can limit the efficiency of the Calvin cycle.",2026-09-14 12:21:14
SCI_EN_0758,English,Science,"Botany, Plant Physiology & Photosynthesis",Hard,Which of the following best describes the function of the thylakoid membrane in photosynthesis?,It is where the Calvin cycle occurs.,It contains the pigments and enzymes necessary for light-dependent reactions.,It synthesizes chlorophyll and other pigments.,It is responsible for the synthesis of glucose.,B,It contains the pigments and enzymes necessary for light-dependent reactions.,The thylakoid membrane houses the pigments and enzymes involved in the light-dependent reactions of photosynthesis.,"Thylakoids are the sites where light energy is captured and converted into chemical energy in the form of ATP and NADPH, which are essential for the subsequent steps of the Calvin cycle.",2026-09-14 12:21:14
SCI_EN_0759,English,Science,"Botany, Plant Physiology & Photosynthesis",Hard,What is the primary role of the stroma in the chloroplasts of a plant cell?,It is where the light-dependent reactions take place.,It contains the enzymes and pigments for the Calvin cycle.,It is the location of the outer membrane of the chloroplast.,It is the site of protein synthesis within the chloroplast.,B,It contains the enzymes and pigments for the Calvin cycle.,The stroma is the matrix within the chloroplasts where the Calvin cycle occurs.,"The stroma contains the enzymes and pigments necessary for the Calvin cycle, where the fixation of CO2 into organic molecules takes place, providing the plant with the necessary organic compounds for growth and development.",2026-09-14 12:21:14
SCI_EN_0760,English,Science,"Botany, Plant Physiology & Photosynthesis",Hard,Which of the following best describes the function of the chloroplasts in plant cells?,They synthesize proteins for the cell.,"They are the sites of photosynthesis, where light energy is converted into chemical energy.",They store lipids and other metabolic products.,They are involved in the transport of water and minerals from the roots.,B,"They are the sites of photosynthesis, where light energy is converted into chemical energy.",Chloroplasts are the organelles responsible for carrying out photosynthesis.,"Chloroplasts contain chlorophyll and other pigments necessary for capturing light energy, which is then used to drive the reactions of the Calvin cycle and produce glucose, the primary energy source for plant cells.",2026-09-14 12:21:14
SCI_EN_0761,English,Science,"Ecology, Ecosystems & Conservation",Easy,"In an ecosystem, what does primary production refer to?",Decomposition of dead organic matter,Consumption of other organisms,Conversion of inorganic substances into organic compounds,Movement of nutrients through the food web,C,Conversion of inorganic substances into organic compounds,Primary production involves the conversion of inorganic substances into organic compounds by producers such as plants.,"Producers like plants use sunlight to convert carbon dioxide and water into glucose and oxygen through photosynthesis, forming the base of the food web.",2026-09-14 12:21:36
SCI_EN_0762,English,Science,"Ecology, Ecosystems & Conservation",Easy,What is the primary purpose of a protected wildlife reserve?,To provide areas for hunting,To promote urban development,To conserve biodiversity and natural habitats,To facilitate agricultural research,C,To conserve biodiversity and natural habitats,Protected wildlife reserves aim to preserve ecosystems and species for future generations.,"These areas prevent habitat destruction and allow species to thrive without human interference, helping maintain ecological balance.",2026-09-14 12:21:36
SCI_EN_0763,English,Science,"Ecology, Ecosystems & Conservation",Easy,Which of the following is a characteristic of a closed ecosystem?,It requires constant input of energy from outside the system,It has no interaction with the outside environment,It receives all the energy and materials from outside the system,It is open to exchange of gases and nutrients with the outside environment,B,It has no interaction with the outside environment,"A closed ecosystem is self-contained, meaning it does not exchange matter with the outside environment.","In a closed ecosystem, organisms must recycle all materials and energy, making it a model for understanding self-sustaining environments like space stations.",2026-09-14 12:21:36
SCI_EN_0764,English,Science,"Ecology, Ecosystems & Conservation",Easy,Which of the following best describes the role of decomposers in an ecosystem?,Produce oxygen during photosynthesis,Consume living organisms,Break down dead organic matter,Create habitats for other organisms,C,Break down dead organic matter,"Decomposers play a crucial role in breaking down dead organic matter, returning nutrients to the soil.","Decomposers such as bacteria and fungi decompose dead plants and animals, recycling nutrients back into the ecosystem, supporting plant growth.",2026-09-14 12:21:36
SCI_EN_0765,English,Science,"Ecology, Ecosystems & Conservation",Easy,What is the primary function of detritivores in an ecosystem?,Produce offspring,Eat other animals,Consume dead organic matter,Photosynthesize,C,Consume dead organic matter,"Detritivores feed on dead organic matter, contributing to decomposition and nutrient cycling.","Detritivores like earthworms and dung beetles break down dead leaves and other organic material, aiding in the decomposition process.",2026-09-14 12:21:36
SCI_EN_0766,English,Science,"Ecology, Ecosystems & Conservation",Easy,Which of the following is an example of an abiotic factor in an ecosystem?,Plants,Water,Insects,Fungi,B,Water,"Water is a non-living component of an ecosystem, affecting the environment and organisms within it.","Water is essential for many biological processes, affecting temperature, nutrient transport, and habitat availability in ecosystems.",2026-09-14 12:21:36
SCI_EN_0767,English,Science,"Ecology, Ecosystems & Conservation",Easy,What is the primary difference between a food chain and a food web?,"A food chain shows interactions between living organisms only, while a food web includes both living and non-living components.","A food chain shows a linear sequence of energy transfer, while a food web shows multiple interactions between organisms.","A food chain is more complex than a food web, while a food web is simpler.","A food chain is a subset of a food web, which includes only producers and consumers.",B,"A food chain shows a linear sequence of energy transfer, while a food web shows multiple interactions between organisms.","A food chain represents a linear path of energy transfer between organisms, while a food web illustrates the complex network of interactions among organisms.","A food chain simplifies energy flow in ecosystems, whereas a food web provides a more accurate representation of the interconnectedness of organisms in an ecosystem.",2026-09-14 12:21:36
SCI_EN_0768,English,Science,"Ecology, Ecosystems & Conservation",Easy,What is the main goal of conservation biology?,To increase the number of tourists in protected areas,To protect and restore biodiversity and ecosystems,To promote the use of natural resources,To develop new technologies for agriculture,B,To protect and restore biodiversity and ecosystems,Conservation biology focuses on preserving and restoring biological diversity and ecosystems for the benefit of future generations.,"Conservation biology aims to maintain ecological balance, protect endangered species, and restore damaged ecosystems to ensure the health and sustainability of our planet.",2026-09-14 12:21:36
SCI_EN_0769,English,Science,"Astronomy, Stars, Planets & Space Missions",Medium,What is the primary purpose of the Hubble Space Telescope?,To study the Earth's atmosphere,To detect exoplanets,To take high-resolution images of celestial objects,To launch satellites,C,To take high-resolution images of celestial objects,"The Hubble Space Telescope is renowned for its detailed observations of distant galaxies, nebulae, and other cosmic phenomena.","Launched in 1990, Hubble has provided invaluable data and breathtaking images of the universe, significantly advancing our understanding of space.",2026-09-14 12:21:58
SCI_EN_0770,English,Science,"Astronomy, Stars, Planets & Space Missions",Medium,Which of the following planets is known to have rings?,Venus,Mars,Jupiter,Mercury,C,Jupiter,"Jupiter is famous for its prominent rings, though they are less noticeable than Saturn's.","Jupiter's ring system, discovered in 1979 by the Voyager 1 spacecraft, consists of several narrow, dusty rings, similar to those found around Saturn but less prominent.",2026-09-14 12:21:58
SCI_EN_0771,English,Science,"Astronomy, Stars, Planets & Space Missions",Medium,What is the approximate age of the universe according to current scientific estimates?,5 billion years,13.8 billion years,20 billion years,40 billion years,B,13.8 billion years,The age of the universe is estimated based on the cosmic microwave background radiation and the expansion rate of the universe.,"The age of the universe is determined through complex calculations involving the cosmic microwave background and the Hubble constant, currently estimated at around 13.8 billion years.",2026-09-14 12:21:58
SCI_EN_0772,English,Science,"Astronomy, Stars, Planets & Space Missions",Medium,Which of the following stars is part of the constellation Orion?,Sirius,Betelgeuse,Alpha Centauri,Rigel Kentaurus,B,Betelgeuse,"Betelgeuse is a red supergiant star in the Orion constellation, known for its distinctive reddish color.","Betelgeuse, located in the Orion constellation, is one of the largest and brightest stars visible to the naked eye, playing a significant role in its celestial landscape.",2026-09-14 12:21:58
SCI_EN_0773,English,Science,"Astronomy, Stars, Planets & Space Missions",Medium,What is the term used to describe the path of a celestial body around the Sun?,Orbit,Ellipse,Parabola,Hyperbola,A,Orbit,An orbit is the path that a celestial body follows around a more massive body due to gravity.,"Planets, moons, and comets all follow orbits around the Sun, with their shape depending on the gravitational forces acting upon them.",2026-09-14 12:21:58
SCI_EN_0774,English,Science,"Astronomy, Stars, Planets & Space Missions",Medium,Which of the following is not a planet in our solar system?,Pluto,Uranus,Neptune,Oberon,D,Oberon,"Oberon is a moon of Uranus, not a planet in our solar system.","Oberon, one of Uranus's moons, is not part of the solar system's planets; it is a natural satellite orbiting Uranus, named after the king of the fairies in Shakespeare's 'A Midsummer Night's Dream'.",2026-09-14 12:21:58
SCI_EN_0775,English,Science,"Astronomy, Stars, Planets & Space Missions",Medium,What is the name of the space mission that first landed a probe on Mars in 1976?,Viking 1,Mars Pathfinder,Mars Climate Orbiter,Mars Reconnaissance Orbiter,A,Viking 1,Viking 1 was the first mission to successfully land a probe on the surface of Mars.,"Launched in 1975, Viking 1 marked a significant milestone in Martian exploration by becoming the first spacecraft to both land on and orbit Mars.",2026-09-14 12:21:58
SCI_EN_0776,English,Science,"Astronomy, Stars, Planets & Space Missions",Medium,What is the term for the point in a planet's orbit that is closest to the Sun?,Apogee,Perihelion,Perigee,Aphelion,B,Perihelion,Perihelion is the point in a planet's orbit where it is closest to the Sun.,"Perihelion is an important concept in orbital mechanics, where the distance between a planet and the Sun varies throughout its orbit, with perihelion being the closest point.",2026-09-14 12:21:58
SCI_EN_0777,English,Science,"Classical Mechanics, Forces & Laws of Motion",Hard,"In the context of Newton's Second Law of Motion, if the net force acting on an object is doubled while its mass remains constant, by what factor does its acceleration change?",Acceleration is halved.,Acceleration is doubled.,Acceleration is quadrupled.,Acceleration remains unchanged.,B,Acceleration is doubled.,The acceleration is directly proportional to the net force.,"According to Newton's Second Law, F = ma. Doubling the force while the mass is constant results in a doubling of the acceleration.",2026-09-14 12:22:22
SCI_EN_0778,English,Science,"Classical Mechanics, Forces & Laws of Motion",Hard,"A block is sliding down an inclined plane with an angle of 30 degrees. If the coefficient of kinetic friction is 0.2, what is the block's acceleration down the plane?",9.8 m/s²,3.86 m/s²,4.9 m/s²,1.96 m/s²,B,3.86 m/s²,The acceleration is less than the gravitational acceleration due to the frictional force.,"Using the formula for acceleration down an inclined plane, a = g * (sinθ - μcosθ), where μ is the coefficient of friction, we find the correct acceleration.",2026-09-14 12:22:22
SCI_EN_0779,English,Science,"Classical Mechanics, Forces & Laws of Motion",Hard,"A ball is thrown vertically upward with an initial velocity of 20 m/s. Ignoring air resistance, what is the maximum height it will reach?",10 m,20 m,40 m,50 m,C,40 m,"The maximum height can be calculated using the formula h = v₀² / (2g), where v₀ is the initial velocity and g is the acceleration due to gravity.","Using the equation for maximum height in projectile motion, h = (v₀² * sin²θ) / (2g), with the angle being 90 degrees, we find the correct height.",2026-09-14 12:22:22
SCI_EN_0780,English,Science,"Classical Mechanics, Forces & Laws of Motion",Hard,"If a car travels in a circular path of radius 50 meters with a constant speed of 10 m/s, what is its centripetal acceleration?",1 m/s²,2 m/s²,4 m/s²,0 m/s²,B,2 m/s²,Centripetal acceleration is always directed towards the center of the circular path.,"The formula for centripetal acceleration is a = v² / r, where v is the velocity and r is the radius. Plugging in the values gives the correct acceleration.",2026-09-14 12:22:22
SCI_EN_0781,English,Science,"Classical Mechanics, Forces & Laws of Motion",Hard,A 2 kg mass is attached to a spring and oscillates with a frequency of 0.5 Hz. What is the spring constant of the spring?,4 N/m,8 N/m,16 N/m,32 N/m,B,8 N/m,The spring constant is related to the frequency of oscillation.,"Using the formula for the frequency of a mass-spring system, f = 1 / (2π) * sqrt(k/m), we can solve for k, the spring constant.",2026-09-14 12:22:22
SCI_EN_0782,English,Science,"Classical Mechanics, Forces & Laws of Motion",Hard,A 5 kg mass is placed on a frictionless surface and is subjected to a force of 10 N. What is the work done by this force when the mass is moved 2 meters?,5 J,10 J,20 J,50 J,C,20 J,Work is the product of force and displacement in the direction of the force.,"Work is calculated as W = F * d * cosθ, where F is the force, d is the displacement, and θ is the angle between the force and displacement. Here, θ is 0 degrees, so W = F * d.",2026-09-14 12:22:22
SCI_EN_0783,English,Science,"Classical Mechanics, Forces & Laws of Motion",Hard,A 3 kg object is moving with a velocity of 4 m/s. What is its momentum?,1 kg·m/s,4 kg·m/s,7 kg·m/s,12 kg·m/s,D,12 kg·m/s,Momentum is the product of mass and velocity.,"Momentum is calculated as p = m * v, where m is the mass and v is the velocity. Here, p = 3 kg * 4 m/s = 12 kg·m/s.",2026-09-14 12:22:22
SCI_EN_0784,English,Science,"Classical Mechanics, Forces & Laws of Motion",Hard,A 1000 kg car is traveling at 30 m/s and comes to a stop in 20 meters. What is the average force exerted by the brakes?,1500 N,3000 N,6000 N,12000 N,C,6000 N,The force can be found using the work-energy principle.,"Using the work-energy principle, W = ΔK, where W is the work done by the force and ΔK is the change in kinetic energy. The force can then be found using F = W/d.",2026-09-14 12:22:22
SCI_EN_0785,English,Science,"Classical Mechanics, Forces & Laws of Motion",Hard,"A 2 kg ball is dropped from a height of 10 meters. Ignoring air resistance, what is its velocity just before it hits the ground?",4.43 m/s,8.94 m/s,12.04 m/s,16.02 m/s,C,12.04 m/s,The velocity can be found using the kinematic equation v² = u² + 2as.,"Using the kinematic equation v² = u² + 2as, where u = 0 (initial velocity), a = g (acceleration due to gravity), and s = 10 m (distance), we find the velocity.",2026-09-14 12:22:22
SCI_EN_0786,English,Science,"Heat, Thermodynamics & States of Matter",Easy,What is the state of matter of water at 0°C and 1 atmosphere pressure?,Gas,Liquid,Solid,Plasma,C,Solid,"Water freezes at 0°C under 1 atmosphere pressure, becoming ice.","Water freezes into ice at 0°C and 1 atmosphere pressure, which is a solid state of matter.",2026-09-14 12:22:42
SCI_EN_0787,English,Science,"Heat, Thermodynamics & States of Matter",Easy,Which of the following has the highest boiling point?,Neon,Nitrogen,Water,Helium,C,Water,Water has a higher boiling point than the other options listed.,"Water has a boiling point of 100°C at 1 atmosphere, much higher than the boiling points of neon (27K), nitrogen (77K), and helium (4K).",2026-09-14 12:22:42
SCI_EN_0788,English,Science,"Heat, Thermodynamics & States of Matter",Easy,Which state of matter is characterized by a definite volume and a definite shape?,Gas,Liquid,Solid,None of the above,C,Solid,Solids maintain a fixed shape and volume.,"Solids have a rigid structure, which means they maintain both a fixed shape and a fixed volume.",2026-09-14 12:22:42
SCI_EN_0789,English,Science,"Heat, Thermodynamics & States of Matter",Easy,What is the process called when a substance changes from a liquid to a gas?,Condensation,Sublimation,Melting,Evaporation,D,Evaporation,Evaporation is the process of a liquid turning into a gas.,"Evaporation occurs when a liquid changes into a gas, typically at the surface of the liquid, and it does not require the substance to reach its boiling point.",2026-09-14 12:22:42
SCI_EN_0790,English,Science,"Heat, Thermodynamics & States of Matter",Easy,Which of the following has the highest specific heat capacity?,Ice,Water,Aluminum,Steel,B,Water,"Water has a high specific heat capacity, meaning it can absorb a lot of heat without a large temperature change.","Water has a specific heat capacity of about 4.18 J/g°C, which is significantly higher than ice, aluminum, or steel, making it an excellent heat storage medium.",2026-09-14 12:22:42
SCI_EN_0791,English,Science,"Heat, Thermodynamics & States of Matter",Easy,What happens to the kinetic energy of molecules when a substance is heated?,Decreases,Remains the same,Increases,Disappears,C,Increases,Heating a substance increases the kinetic energy of its molecules.,"Heating a substance increases the kinetic energy of its molecules, causing them to move faster and vibrate more, which is why the temperature of the substance rises.",2026-09-14 12:22:42
SCI_EN_0792,English,Science,"Heat, Thermodynamics & States of Matter",Easy,What is the process called when a substance changes directly from a solid to a gas?,Condensation,Sublimation,Deposition,Evaporation,B,Sublimation,Sublimation is the process of a substance changing directly from a solid to a gas.,"Sublimation occurs when a solid substance absorbs enough energy to become a gas, bypassing the liquid phase, as seen with dry ice (CO2) at room temperature.",2026-09-14 12:22:42
SCI_EN_0793,English,Science,"Heat, Thermodynamics & States of Matter",Easy,What is the first law of thermodynamics?,Energy cannot be created or destroyed.,Heat flows from a hotter object to a colder one.,The entropy of a closed system always increases.,Energy is conserved in the form of heat.,A,Energy cannot be created or destroyed.,"The first law of thermodynamics states that energy cannot be created or destroyed, only converted from one form to another.","The first law of thermodynamics, also known as the law of energy conservation, states that the total energy of an isolated system remains constant; energy can be transformed from one form to another, but it cannot be created or destroyed.",2026-09-14 12:22:42
SCI_EN_0794,English,Science,"Heat, Thermodynamics & States of Matter",Easy,Which of the following is a measure of the average kinetic energy of molecules in a substance?,Specific heat,Thermal conductivity,Temperature,Entropy,C,Temperature,Temperature is a measure of the average kinetic energy of molecules in a substance.,Temperature is a measure of the average kinetic energy of the particles in a substance. Higher temperature means the particles have more kinetic energy and move faster on average.,2026-09-14 12:22:42
SCI_EN_0795,English,Science,"Heat, Thermodynamics & States of Matter",Easy,What is the process called when a substance changes from a gas to a liquid?,Sublimation,Deposition,Condensation,Evaporation,C,Condensation,Condensation is the process of a substance changing from a gas to a liquid.,"Condensation occurs when a gas releases heat and changes into a liquid, as seen with water vapor in the air cooling and forming dew or clouds.",2026-09-14 12:22:42
SCI_EN_0796,English,Science,"Light, Optics, Reflection & Refraction",Medium,"When light passes from air into water, which of the following occurs?",The light's wavelength increases.,The light's speed decreases.,The light's frequency increases.,The light's amplitude increases.,B,The light's speed decreases.,The speed of light decreases in denser media like water.,The speed of light decreases as it enters a denser medium because the electromagnetic waves slow down due to the interaction with the medium's particles.,2026-09-14 12:23:05
SCI_EN_0797,English,Science,"Light, Optics, Reflection & Refraction",Medium,What is the term used to describe the change in direction of light as it passes from one medium to another?,Diffraction,Refraction,Reflection,Total internal reflection,B,Refraction,Refraction is the bending of light due to a change in its speed as it enters a different medium.,"Refraction occurs because light travels at different speeds in different media, causing its path to bend as it moves from one medium to another.",2026-09-14 12:23:05
SCI_EN_0798,English,Science,"Light, Optics, Reflection & Refraction",Medium,What happens to the frequency of light when it enters a denser medium?,It increases.,It decreases.,It remains constant.,It reverses direction.,C,It remains constant.,The frequency of light remains the same when it enters a different medium.,The frequency of light is determined by the source and does not change when the light enters a different medium; only the speed and wavelength change.,2026-09-14 12:23:05
SCI_EN_0799,English,Science,"Light, Optics, Reflection & Refraction",Medium,Which law states that the angle of incidence equals the angle of reflection?,Snell's Law,Fermat's Principle,Huygens' Principle,Law of Reflection,D,Law of Reflection,The Law of Reflection states that the angle of incidence is equal to the angle of reflection.,"The Law of Reflection ensures that light bounces off a surface at the same angle at which it approaches, maintaining the angle of incidence equal to the angle of reflection.",2026-09-14 12:23:05
SCI_EN_0800,English,Science,"Light, Optics, Reflection & Refraction",Medium,"If a light ray strikes a mirror at an angle of 30 degrees to the normal, what is the angle of reflection?",0 degrees,30 degrees,60 degrees,90 degrees,B,30 degrees,The angle of reflection is equal to the angle of incidence.,"The angle of incidence and the angle of reflection are equal, so if a light ray strikes a mirror at 30 degrees to the normal, it will reflect off at the same 30 degrees.",2026-09-14 12:23:05
SCI_EN_0801,English,Science,"Light, Optics, Reflection & Refraction",Medium,What is the critical angle for total internal reflection in a glass-air interface if the refractive index of glass is 1.5?,15 degrees,30 degrees,41.8 degrees,60 degrees,C,41.8 degrees,The critical angle is the angle of incidence at which the angle of refraction is 90 degrees.,"The critical angle can be calculated using the formula sin(θ) = 1/n, where n is the refractive index of the denser medium. For glass with a refractive index of 1.5, the critical angle is approximately 41.8 degrees.",2026-09-14 12:23:05
SCI_EN_0802,English,Science,"Light, Optics, Reflection & Refraction",Medium,Which of the following best describes the phenomenon of diffraction?,The bending of light around the edges of an obstacle.,The bending of light as it passes through a lens.,The reflection of light from a smooth surface.,The refraction of light as it passes from one medium to another.,A,The bending of light around the edges of an obstacle.,Diffraction is the bending of light waves around the edges of an obstacle or opening.,"Diffraction occurs when light waves encounter an obstacle or opening that is comparable in size to the wavelength of the light, causing the light to bend and spread out.",2026-09-14 12:23:05
SCI_EN_0803,English,Science,"Light, Optics, Reflection & Refraction",Medium,"In a double-slit experiment, what causes the interference pattern?",Reflection from both slits.,Diffraction and interference of waves from both slits.,Refraction of light through the slits.,Absorption of light by the slits.,B,Diffraction and interference of waves from both slits.,The interference pattern results from the diffraction and interference of light waves from both slits.,"The light waves from each slit interfere with each other, creating a pattern of bright and dark fringes on a screen, which is a result of both diffraction and interference.",2026-09-14 12:23:05
SCI_EN_0804,English,Science,"Light, Optics, Reflection & Refraction",Medium,What is the focal length of a convex lens if a real image is formed 30 cm from the lens when the object is placed 60 cm in front of it?,10 cm,15 cm,20 cm,30 cm,B,15 cm,The focal length is the distance from the lens to the focal point where the image is formed.,"Using the lens formula 1/f = 1/v + 1/u, where f is the focal length, v is the image distance, and u is the object distance, we can calculate the focal length to be 15 cm.",2026-09-14 12:23:05
SCI_EN_0805,English,Science,"Light, Optics, Reflection & Refraction",Medium,Which of the following best describes total internal reflection?,Light rays bending towards the normal.,Light rays bending away from the normal.,Light rays reflecting off a surface.,Light rays traveling from a denser medium to a less dense medium and not entering the second medium.,D,Light rays traveling from a denser medium to a less dense medium and not entering the second medium.,Total internal reflection occurs when light travels from a denser medium to a less dense medium and the angle of incidence is greater than the critical angle.,"Total internal reflection happens when light cannot escape from a denser medium to a less dense medium due to the angle of incidence being greater than the critical angle, causing the light to bounce back into the original medium.",2026-09-14 12:23:05
SCI_EN_0806,English,Science,"Sound, Acoustics & Wave Motion",Hard,Which of the following best describes the principle of superposition in wave motion?,The principle that states waves can pass through each other without being altered in any way.,The principle that the resultant displacement of a point is the algebraic sum of the individual displacements due to each wave.,The principle that waves can only interact through reflection and refraction.,"The principle that the speed of a wave is determined by the properties of the medium it travels through, regardless of the number of waves present.",B,The principle that the resultant displacement of a point is the algebraic sum of the individual displacements due to each wave.,"This answer explains the principle that when two or more waves overlap, the resultant displacement is the sum of the individual displacements.","Superposition states that when two or more waves overlap, the resulting displacement at any point is the algebraic sum of the individual displacements. This is why, for example, two sound waves can pass through each other without interfering with each other's amplitude or phase.",2026-09-14 12:23:36
SCI_EN_0807,English,Science,"Sound, Acoustics & Wave Motion",Hard,"In a standing wave, what is the term used for the points that remain stationary?",Nodes,Antinodes,Wavelengths,Harmonics,A,Nodes,Nodes are points of no displacement in a standing wave.,"Nodes are points along a standing wave where the amplitude is zero. These points remain stationary, and the wave energy is completely reflected back at these points.",2026-09-14 12:23:36
SCI_EN_0808,English,Science,"Sound, Acoustics & Wave Motion",Hard,"What is the relationship between the frequency (f) and the wavelength (λ) of a sound wave in air, given the speed of sound (v)?",f = v / λ,f = λ / v,f = v + λ,f = v - λ,A,f = v / λ,The frequency of a sound wave is inversely proportional to its wavelength in a given medium.,"The relationship between frequency (f) and wavelength (λ) in a sound wave is given by the formula f = v / λ, where v is the speed of sound in the medium. This means that as the wavelength increases, the frequency decreases, and vice versa.",2026-09-14 12:23:36
SCI_EN_0809,English,Science,"Sound, Acoustics & Wave Motion",Hard,"What phenomenon occurs when a sound wave encounters a boundary and is partially reflected and partially transmitted, leading to the formation of a standing wave?",Refraction,Diffraction,Reflection and transmission,Interference,C,Reflection and transmission,Reflection and transmission are the processes by which a wave is partially reflected and partially transmitted when it encounters a boundary.,"When a sound wave encounters a boundary, part of the wave is reflected back, and part is transmitted into the new medium. This interaction can lead to the formation of standing waves, particularly in enclosed spaces like rooms or pipes.",2026-09-14 12:23:36
SCI_EN_0810,English,Science,"Sound, Acoustics & Wave Motion",Hard,Which of the following best describes the process of beats in acoustics?,"The phenomenon where two waves of different frequencies interfere constructively and destructively, producing a periodic variation in the amplitude of the resultant wave.",The phenomenon where a single wave is split into two waves of different frequencies.,The phenomenon where a single wave is amplified by constructive interference.,The phenomenon where two waves of the same frequency interfere constructively and destructively.,A,"The phenomenon where two waves of different frequencies interfere constructively and destructively, producing a periodic variation in the amplitude of the resultant wave.",Beats are the periodic variations in the amplitude of the resultant wave produced by the superposition of two waves of slightly different frequencies.,"Beats occur when two sound waves of slightly different frequencies interfere with each other, creating a periodic fluctuation in the amplitude of the resultant wave. This results in a pulsing sound that is perceived as the beat frequency, which is the difference between the two original frequencies.",2026-09-14 12:23:36
SCI_EN_0811,English,Science,"Sound, Acoustics & Wave Motion",Hard,What is the Doppler effect in the context of sound waves?,The change in frequency and wavelength of a wave in relation to an observer moving relative to the wave source.,The change in frequency and wavelength of a wave in relation to the medium in which the wave is traveling.,The change in frequency and wavelength of a wave due to the reflection and refraction at an interface.,The change in frequency and wavelength of a wave due to the interference with other waves.,A,The change in frequency and wavelength of a wave in relation to an observer moving relative to the wave source.,The Doppler effect describes the change in perceived frequency of a wave due to the relative motion between the source and the observer.,"The Doppler effect occurs when the source of a wave and the observer are in relative motion. If the source is moving towards the observer, the observed frequency increases, and if the source is moving away, the observed frequency decreases. This effect is observable in sound waves and can be calculated using the Doppler formula.",2026-09-14 12:23:36
SCI_EN_0812,English,Science,"Sound, Acoustics & Wave Motion",Hard,What is the primary difference between compressional and shear waves in a solid medium?,"Compressional waves travel faster and can propagate through liquids, while shear waves can only propagate through solids.","Compressional waves cause particles to move parallel to the direction of wave propagation, while shear waves cause particles to move perpendicular to the direction of wave propagation.","Compressional waves can only propagate through solids, while shear waves can propagate through solids and liquids.","Compressional waves can only propagate through liquids, while shear waves can propagate through solids and liquids.",B,"Compressional waves cause particles to move parallel to the direction of wave propagation, while shear waves cause particles to move perpendicular to the direction of wave propagation.","Compressional waves involve particle motion in the direction of wave propagation, while shear waves involve particle motion perpendicular to the direction of wave propagation.","In compressional waves, particles vibrate back and forth in the direction of wave propagation, which is why they can travel through solids, liquids, and gases. Shear waves, on the other hand, involve particles vibrating perpendicular to the direction of wave propagation, which is why they can only travel through solids.",2026-09-14 12:23:36
SCI_EN_0813,English,Science,"Sound, Acoustics & Wave Motion",Hard,What is the phenomenon of resonance in the context of sound waves?,The amplification of a wave when it interacts with a medium that has a natural frequency close to the wave's frequency.,"The interaction of two waves of the same frequency, resulting in a standing wave.",The phenomenon where a sound wave is reflected multiple times within a confined space.,"The phenomenon where a sound wave is absorbed by a medium, leading to a decrease in its amplitude.",A,The amplification of a wave when it interacts with a medium that has a natural frequency close to the wave's frequency.,"Resonance occurs when the frequency of a wave matches the natural frequency of a system, causing the system to amplify the wave's energy.","Resonance happens when the frequency of a sound wave matches the natural frequency of a resonant system, such as a string or a room. This causes the system to absorb and amplify the wave's energy, leading to a significant increase in amplitude and the perception of a louder sound.",2026-09-14 12:23:36
SCI_EN_0814,English,Science,"Sound, Acoustics & Wave Motion",Hard,What is the role of the Helmholtz resonator in sound engineering?,It is used to amplify all frequencies of sound equally.,It is used to isolate a specific frequency or range of frequencies for the purpose of noise reduction.,It is used to change the pitch of sound waves.,It is used to convert sound waves into electrical signals.,B,It is used to isolate a specific frequency or range of frequencies for the purpose of noise reduction.,"A Helmholtz resonator is designed to resonate at a specific frequency, effectively filtering out or reducing that frequency from a sound wave.","Helmholtz resonators are used in various applications, such as car mufflers or soundproofing materials, to filter out specific frequencies of sound. They work by resonating at a particular frequency, which amplifies that frequency and can be used to reduce its presence in a broader spectrum of sounds.",2026-09-14 12:23:36
SCI_EN_0815,English,Science,"Sound, Acoustics & Wave Motion",Hard,What is the primary cause of sound attenuation in a medium?,The reflection of sound waves at the boundaries of the medium.,The refraction of sound waves as they enter a different medium.,"The absorption of sound waves by the medium, leading to energy dissipation.",The diffraction of sound waves around obstacles in the medium.,C,"The absorption of sound waves by the medium, leading to energy dissipation.","Sound attenuation occurs due to the conversion of sound energy into other forms of energy, such as heat, as the sound waves pass through the medium.","Sound attenuation is primarily caused by the absorption of sound waves by the medium, which converts the sound energy into other forms of energy, such as heat. This process reduces the amplitude of the sound wave as it travels, leading to a decrease in the sound intensity.",2026-09-14 12:23:36
SCI_EN_0816,English,Science,"Electricity, Current & Magnetism",Easy,What does the term 'resistance' refer to in an electrical circuit?,The amount of charge in a circuit,The opposition to the flow of electric current,The speed at which charges move,The voltage across a component,B,The opposition to the flow of electric current,Resistance quantifies how much a material resists the flow of electric current.,"Resistance is measured in Ohms, and it affects how much current will flow through a circuit given a certain voltage.",2026-09-14 12:23:58
SCI_EN_0817,English,Science,"Electricity, Current & Magnetism",Easy,What is the unit of magnetic flux?,Tesla (T),Weber (Wb),Henry (H),Ampere (A),B,Weber (Wb),The Weber is the unit that measures the total magnetic flux through a surface.,"One Weber is the magnetic flux that, linking a circuit of one turn, would produce in it an electromotive force of 1 volt if it were reduced to zero at a uniform rate in 1 second.",2026-09-14 12:23:58
SCI_EN_0818,English,Science,"Electricity, Current & Magnetism",Easy,What is the effect of a magnetic field on a moving charge?,It increases the charge's speed,It causes the charge to accelerate,It causes the charge to deflect,It does not affect the charge,C,It causes the charge to deflect,"A magnetic field causes a force to act on a moving charge, which results in a deflection.","The force is always perpendicular to the direction of the magnetic field and the velocity of the charge, causing it to follow a curved path.",2026-09-14 12:23:58
SCI_EN_0819,English,Science,"Electricity, Current & Magnetism",Easy,What is the unit of magnetic field strength?,Tesla (T),Weber (Wb),Henry (H),Ampere per meter (A/m),D,Ampere per meter (A/m),"The unit of magnetic field strength is the Ampere per meter, which measures the magnetic field intensity.","Magnetic field strength is a measure of the magnetic field intensity at a point in space, and it is defined as the force per unit current.",2026-09-14 12:23:58
SCI_EN_0820,English,Science,"Electricity, Current & Magnetism",Easy,What is the phenomenon where a change in current in one circuit induces a current in a nearby circuit?,Capacitance,Inductance,Magnetization,Mutual Inductance,D,Mutual Inductance,Mutual inductance occurs when the changing magnetic field of one circuit induces a voltage in another nearby circuit.,"This phenomenon is used in transformers, where the primary and secondary coils are designed to have a high mutual inductance.",2026-09-14 12:23:58
SCI_EN_0821,English,Science,"Electricity, Current & Magnetism",Easy,What is the direction of the magnetic field created by a straight current-carrying wire?,Parallel to the wire,Perpendicular to the wire,Circular around the wire,Tangential to the wire,C,Circular around the wire,"The magnetic field lines form circles around the wire, following the right-hand rule.","The direction of the field can be determined using the right-hand rule, where the thumb points in the direction of the current, and the fingers curl in the direction of the field.",2026-09-14 12:23:58
SCI_EN_0822,English,Science,"Electricity, Current & Magnetism",Easy,What is the SI unit of magnetic flux density?,Tesla (T),Weber (Wb),Henry (H),Ampere (A),A,Tesla (T),"Tesla is the unit of magnetic flux density, which measures the strength of a magnetic field.","One Tesla is equal to one Weber per square meter, representing the magnetic flux per unit area.",2026-09-14 12:23:58
SCI_EN_0823,English,Science,"Modern Physics, Atoms & Nuclear Energy",Medium,Which of the following best describes the photoelectric effect?,It is the emission of electrons from a metal surface when light of a certain frequency shines on it.,It is the increase in the mass of a nucleus due to the binding of nucleons.,It is the process by which neutrons are transformed into protons in the nucleus.,It is the emission of alpha particles from a radioactive nucleus.,A,It is the emission of electrons from a metal surface when light of a certain frequency shines on it.,"This answer is correct because it accurately describes the photoelectric effect, where light of sufficient energy can cause electrons to be emitted from a metal surface.",The photoelectric effect demonstrates the particle nature of light and the discrete energy levels of electrons in atoms. It was crucial in the development of quantum theory.,2026-09-14 12:24:25
SCI_EN_0824,English,Science,"Modern Physics, Atoms & Nuclear Energy",Medium,"In a nuclear fission reaction, what is the role of the neutron?",It is used to detect the presence of radioactive substances.,It is used to initiate and sustain the nuclear chain reaction.,It is used to measure the intensity of the nuclear radiation.,It is used to shield against gamma radiation.,B,It is used to initiate and sustain the nuclear chain reaction.,This answer is correct because neutrons are essential in nuclear fission as they can split heavy nuclei and also cause subsequent fissions.,"Neutrons act as a catalyst in nuclear reactions, allowing a sustained chain reaction that is the basis for nuclear power and nuclear weapons.",2026-09-14 12:24:25
SCI_EN_0825,English,Science,"Modern Physics, Atoms & Nuclear Energy",Medium,Which of the following is a characteristic of a neutron in a nucleus?,It has a positive charge.,It is heavier than a proton.,It has no charge.,It has a negative charge.,C,It has no charge.,This answer is correct because neutrons are electrically neutral particles found in the nucleus of atoms.,"The absence of charge in neutrons is a fundamental aspect of nuclear structure, contributing to the stability of the nucleus through the balance of forces.",2026-09-14 12:24:25
SCI_EN_0826,English,Science,"Modern Physics, Atoms & Nuclear Energy",Medium,What is the primary use of alpha particles in nuclear medicine?,To detect the presence of radioactive isotopes in the environment.,To generate images of internal organs in medical diagnostics.,To provide energy for radiotherapy to treat cancer.,To measure the temperature of nuclear reactors.,C,To provide energy for radiotherapy to treat cancer.,This answer is correct because alpha particles are used in external beam radiotherapy for cancer treatment.,"Alpha particles, due to their high ionizing power, are used in targeted radiotherapy to deliver a high dose of radiation to tumors, while minimizing damage to surrounding healthy tissue.",2026-09-14 12:24:25
SCI_EN_0827,English,Science,"Modern Physics, Atoms & Nuclear Energy",Medium,Which of the following best describes the concept of nuclear fusion?,"It is the process of combining two heavy nuclei to form a single, heavier nucleus.",It is the process of splitting a heavy nucleus into two or more lighter nuclei.,It is the process of changing a neutron into a proton in a nucleus.,It is the process of detecting the presence of radioactive substances.,A,"It is the process of combining two heavy nuclei to form a single, heavier nucleus.","This answer is correct because nuclear fusion involves the merging of atomic nuclei to form a heavier nucleus, releasing a significant amount of energy.","Nuclear fusion is the process by which stars generate energy, and it has potential as a clean, sustainable energy source on Earth as well.",2026-09-14 12:24:25
SCI_EN_0828,English,Science,"Modern Physics, Atoms & Nuclear Energy",Medium,What does the term 'binding energy' refer to in nuclear physics?,The energy required to remove an electron from an atom.,The energy released when a nucleus is split into two or more smaller nuclei.,The energy required to assemble a nucleus from individual protons and neutrons.,The energy released when a nucleus combines with another nucleus.,C,The energy required to assemble a nucleus from individual protons and neutrons.,This answer is correct because binding energy is the energy needed to disassemble a nucleus into its constituent protons and neutrons.,"Binding energy per nucleon is a measure of the stability of a nucleus, and it plays a crucial role in understanding nuclear reactions and the stability of elements.",2026-09-14 12:24:25
SCI_EN_0829,English,Science,"Modern Physics, Atoms & Nuclear Energy",Medium,"In the context of nuclear energy, what is a 'fissile' material?",A material that can only be used in medical applications.,A material that can sustain a nuclear fission chain reaction.,A material that is used to shield against nuclear radiation.,A material that is used to detect nuclear radiation.,B,A material that can sustain a nuclear fission chain reaction.,"This answer is correct because fissile materials can undergo fission and sustain a chain reaction, making them essential for nuclear power and weapons.","Fissile materials, such as uranium-235 and plutonium-239, are critical for nuclear energy production and are used in nuclear reactors and weapons.",2026-09-14 12:24:25
SCI_EN_0830,English,Science,"Modern Physics, Atoms & Nuclear Energy",Medium,What is the significance of the 'atomic number' in an atom?,It represents the total number of protons and neutrons in the nucleus.,It represents the total number of electrons in the atom.,It represents the number of protons in the nucleus.,It represents the number of neutrons in the nucleus.,C,It represents the number of protons in the nucleus.,"This answer is correct because the atomic number defines the element by specifying the number of protons in the nucleus, which determines the element's identity.","The atomic number is fundamental to identifying elements and understanding their chemical properties, as it dictates the number of electrons in a neutral atom.",2026-09-14 12:24:25
SCI_EN_0831,English,Science,"Modern Physics, Atoms & Nuclear Energy",Medium,What is the primary difference between alpha and beta decay in nuclear physics?,"Alpha decay involves the emission of neutrons, while beta decay involves the emission of protons.","Alpha decay involves the emission of a helium nucleus, while beta decay involves the emission of an electron or positron.","Alpha decay involves the emission of a gamma photon, while beta decay involves the emission of a proton.","Alpha decay involves the emission of a proton, while beta decay involves the emission of a neutron.",B,"Alpha decay involves the emission of a helium nucleus, while beta decay involves the emission of an electron or positron.","This answer is correct because alpha decay releases an alpha particle (two protons and two neutrons), while beta decay releases an electron or positron.","Alpha and beta decays are fundamental modes of radioactive decay, with each type involving the emission of distinct particles, leading to changes in the atomic number and mass number of the nucleus.",2026-09-14 12:24:25
SCI_EN_0832,English,Science,"Modern Physics, Atoms & Nuclear Energy",Medium,Which of the following best describes the concept of a 'half-life' in radioactive decay?,The time it takes for a radioactive isotope to completely decay into stable elements.,The time it takes for half of a radioactive sample to decay into stable elements.,The time it takes for a radioactive sample to reach its maximum decay rate.,The time it takes for a radioactive isotope to emit all its gamma rays.,B,The time it takes for half of a radioactive sample to decay into stable elements.,This answer is correct because the half-life of a radioactive isotope is the time required for half of the atoms in a sample to decay.,"Half-life is a critical concept in radioactive decay, used in dating geological and archaeological samples and in understanding the behavior of radioactive substances over time.",2026-09-14 12:24:25
SCI_EN_0833,English,Science,"Atomic Structure, Molecules & Chemical Bonding",Hard,Which of the following best describes the resonance in molecular structures?,"It refers to the delocalization of electrons in a molecule, resulting in a stable average structure.",It is a phenomenon where a molecule can exist in multiple stable states with different bond lengths.,It describes the stabilization of a molecule by the sharing of electrons between atoms.,It is the process by which a molecule undergoes a structural change to form a more stable isomer.,A,"It refers to the delocalization of electrons in a molecule, resulting in a stable average structure.",Resonance stabilization occurs when the true structure of a molecule is an average of several contributing structures.,"Resonance is a concept used to describe the delocalization of electrons in molecules, leading to a more stable overall structure. This concept is crucial in understanding the behavior of pi electrons in conjugated systems.",2026-09-14 12:24:56
SCI_EN_0834,English,Science,"Atomic Structure, Molecules & Chemical Bonding",Hard,What is the significance of the octet rule in explaining the chemical bonding between atoms?,It explains why atoms form covalent bonds to achieve a full valence shell of eight electrons.,It is a principle that states atoms will lose or gain electrons to achieve a full valence shell.,It describes the process by which atoms share electrons to achieve a stable electron configuration similar to that of the nearest noble gas.,It is a rule that applies only to non-metal atoms forming ionic bonds.,C,It describes the process by which atoms share electrons to achieve a stable electron configuration similar to that of the nearest noble gas.,"The octet rule helps predict the formation of covalent bonds, leading to a stable electron configuration for the atoms involved.","The octet rule suggests that atoms form bonds to achieve a full outer shell of eight electrons, similar to the electron configuration of noble gases, which are highly stable.",2026-09-14 12:24:56
SCI_EN_0835,English,Science,"Atomic Structure, Molecules & Chemical Bonding",Hard,"In the context of molecular orbital theory, what does the term 'antibonding' orbital refer to?","An orbital where the bonding between atoms is weakened, leading to a molecule with lower energy.",An orbital that is less stable and contributes to the destabilization of a molecule.,An orbital that is more stable and contributes to the stabilization of a molecule.,An orbital where the electrons are shared equally between two atoms.,B,An orbital that is less stable and contributes to the destabilization of a molecule.,Antibonding orbitals have a higher energy level and can lead to the destabilization of a molecule.,"Antibonding orbitals result from the combination of atomic orbitals in such a way that the electron density is concentrated in the region between the nuclei, leading to a repulsion and thus destabilization of the molecule.",2026-09-14 12:24:56
SCI_EN_0836,English,Science,"Atomic Structure, Molecules & Chemical Bonding",Hard,What is the primary factor that determines the strength of a covalent bond?,The distance between the nuclei of the atoms involved in the bond.,The number of electrons shared between the atoms.,The difference in electronegativity between the atoms.,The type of atomic orbitals involved in the bond.,C,The difference in electronegativity between the atoms.,"The greater the difference in electronegativity, the stronger the covalent bond.","The electronegativity difference between atoms influences the distribution of electrons in a covalent bond, leading to a more stable and thus stronger bond.",2026-09-14 12:24:56
SCI_EN_0837,English,Science,"Atomic Structure, Molecules & Chemical Bonding",Hard,What is the significance of the molecular geometry in determining the polarity of a molecule?,It is solely determined by the atomic radii of the atoms in the molecule.,It is determined by the symmetry of the molecule and the distribution of charge.,It is unrelated to the polarity of the molecule.,"It is only relevant in ionic compounds, not in covalent molecules.",B,It is determined by the symmetry of the molecule and the distribution of charge.,"Molecular geometry affects the distribution of charge within the molecule, influencing its polarity.","The shape of a molecule, influenced by the arrangement of atoms, can lead to an uneven distribution of charge, making the molecule polar or nonpolar depending on the symmetry and electronegativity differences among atoms.",2026-09-14 12:24:56
SCI_EN_0838,English,Science,"Atomic Structure, Molecules & Chemical Bonding",Hard,Which of the following best describes the ionic bond in terms of electron transfer?,It is formed by the sharing of electrons between two atoms.,It is a result of the complete transfer of electrons from one atom to another.,It is characterized by a weak interaction between atoms.,It is a type of bond that exists only in gases.,B,It is a result of the complete transfer of electrons from one atom to another.,"Ionic bonds occur when one atom completely transfers one or more electrons to another atom, leading to the formation of oppositely charged ions.","Ionic bonds are formed through the complete transfer of electrons, resulting in the creation of positively and negatively charged ions that are attracted to each other, forming an ionic compound.",2026-09-14 12:24:56
SCI_EN_0839,English,Science,"Atomic Structure, Molecules & Chemical Bonding",Hard,What is the primary difference between a single bond and a double bond in molecular structures?,"A single bond involves the sharing of two electrons, while a double bond involves the sharing of four electrons.",A single bond is always stronger than a double bond.,"A single bond is formed by the overlap of one s and one p orbital, while a double bond is formed by the overlap of two p orbitals.","A single bond involves the sharing of three electrons, while a double bond involves the sharing of six electrons.",C,"A single bond is formed by the overlap of one s and one p orbital, while a double bond is formed by the overlap of two p orbitals.","Single bonds involve the overlap of one s and one p orbital, while double bonds involve the overlap of two p orbitals, leading to a stronger bond.","Single bonds result from the overlap of one s orbital and one p orbital, while double bonds involve the overlap of two p orbitals, which leads to a more stable and stronger bond due to the increased electron density between the nuclei.",2026-09-14 12:24:56
SCI_EN_0840,English,Science,"Atomic Structure, Molecules & Chemical Bonding",Hard,"In the context of VSEPR theory, what does the term 'stereochemistry' refer to?",The study of the electrical properties of molecules.,The study of the geometric arrangement of atoms in space and its impact on molecular properties.,The study of the bonding between atoms in a molecule.,The study of the reactivity of molecules in chemical reactions.,B,The study of the geometric arrangement of atoms in space and its impact on molecular properties.,Stereochemistry focuses on the three-dimensional structure of molecules and how it influences their chemical and physical properties.,"Stereochemistry deals with the three-dimensional arrangement of atoms in space, which can affect the molecular properties such as reactivity, solubility, and biological activity.",2026-09-14 12:24:56
SCI_EN_0841,English,Science,"Atomic Structure, Molecules & Chemical Bonding",Hard,Which of the following best describes the concept of 'resonance stabilization' in molecules?,It refers to the stabilization of a molecule by the sharing of electrons between atoms.,It is a phenomenon where the true structure of a molecule is an average of several contributing structures.,It describes the process by which a molecule undergoes a structural change to form a more stable isomer.,"It is the stabilization of a molecule by the delocalization of electrons in a molecule, resulting in a stable average structure.",D,"It is the stabilization of a molecule by the delocalization of electrons in a molecule, resulting in a stable average structure.","Resonance stabilization occurs due to the delocalization of electrons, leading to a more stable average structure of the molecule.","Resonance stabilization is a concept where the true structure of a molecule is an average of several contributing structures, resulting from the delocalization of electrons, which leads to a more stable overall structure.",2026-09-14 12:24:56
SCI_EN_0842,English,Science,"Atomic Structure, Molecules & Chemical Bonding",Hard,What is the significance of the formal charge in understanding the stability of a molecule?,It is used to determine the overall charge of the molecule.,It indicates the number of non-bonding electrons on an atom within the molecule.,It is a measure of the distribution of charge within the molecule and helps in predicting the most stable structure.,It is the difference between the number of valence electrons and the number of electrons an atom has in a molecule.,C,It is a measure of the distribution of charge within the molecule and helps in predicting the most stable structure.,Formal charge helps in assessing the stability of a molecule by indicating how the charge is distributed among atoms.,Formal charge is used to determine the most stable structure of a molecule by distributing the charge among the atoms in a way that minimizes the overall charge and maximizes stability.,2026-09-14 12:24:56
SCI_EN_0843,English,Science,"Periodic Table, Metals & Non-metals",Easy,Which of the following is a metalloid element found in the periodic table?,Sodium (Na),Boron (B),Chlorine (Cl),Fluorine (F),B,Boron (B),"Boron is found in the metalloid group, displaying properties of both metals and non-metals.","Boron is located in the p-block of the periodic table, specifically in group 13, which are known for their metalloid characteristics.",2026-09-14 12:25:18
SCI_EN_0844,English,Science,"Periodic Table, Metals & Non-metals",Easy,Which element from the following is a non-metal and is a noble gas?,Iron (Fe),Helium (He),Sodium (Na),Copper (Cu),B,Helium (He),"Helium is a noble gas and a non-metal, known for its stable electron configuration and low reactivity.","Helium is in group 18 of the periodic table, which are the noble gases, characterized by their inert nature and lack of metallic properties.",2026-09-14 12:25:18
SCI_EN_0845,English,Science,"Periodic Table, Metals & Non-metals",Easy,Which of the following metals is located in the d-block of the periodic table?,Sodium (Na),Iron (Fe),Boron (B),Nitrogen (N),B,Iron (Fe),"Iron is a transition metal, belonging to the d-block of the periodic table, which contains the transition metals.","Iron is found in the 4th period and 8th group of the periodic table, classified as a transition metal with d-electrons in its outer shell.",2026-09-14 12:25:18
SCI_EN_0846,English,Science,"Periodic Table, Metals & Non-metals",Easy,Which element from the following is a metal and a member of the alkali metal group?,Silicon (Si),Sodium (Na),Bromine (Br),Sulfur (S),B,Sodium (Na),"Sodium is a soft, silvery-white metal in the first group of the periodic table, known for its reactive nature.","Sodium is a member of group 1, or the alkali metals, which are highly reactive metals with one valence electron.",2026-09-14 12:25:18
SCI_EN_0847,English,Science,"Periodic Table, Metals & Non-metals",Easy,Which of the following is a non-metal that can exist as a diatomic molecule?,Iron (Fe),Nitrogen (N),Calcium (Ca),Sodium (Na),B,Nitrogen (N),"Nitrogen is a non-metal that forms diatomic molecules (N2), which are common in the atmosphere.","Nitrogen is a diatomic molecule (N2) and a non-metal, known for its role in the atmosphere and its ability to form various compounds.",2026-09-14 12:25:18
SCI_EN_0848,English,Science,"Periodic Table, Metals & Non-metals",Easy,Which of the following is a metal that is liquid at room temperature?,Mercury (Hg),Sodium (Na),Bromine (Br),Iodine (I),A,Mercury (Hg),"Mercury is the only metal that is liquid at room temperature, standing out due to its low melting point.","Mercury has a melting point of -38.83°C, making it the only metal that remains liquid at standard room temperature.",2026-09-14 12:25:18
SCI_EN_0849,English,Science,"Periodic Table, Metals & Non-metals",Easy,Which of the following elements is a metal and a member of the transition metal group?,Sodium (Na),Copper (Cu),Silicon (Si),Fluorine (F),B,Copper (Cu),Copper is a transition metal that is used in various alloys and is known for its reddish-orange color.,"Copper is a member of the transition metal group, found in group 11 of the periodic table, and is known for its distinctive color and electrical conductivity.",2026-09-14 12:25:18
SCI_EN_0850,English,Science,"Periodic Table, Metals & Non-metals",Easy,Which of the following is a non-metal that is a halogen?,Sodium (Na),Chlorine (Cl),Boron (B),Iron (Fe),B,Chlorine (Cl),"Chlorine is a halogen, a group of highly reactive non-metals in the periodic table.","Chlorine is a non-metal and a halogen, located in group 17 of the periodic table, known for its reactivity and ability to form salts.",2026-09-14 12:25:18
SCI_EN_0851,English,Science,"Periodic Table, Metals & Non-metals",Easy,Which of the following is a metal that is also a member of the alkali earth metal group?,Boron (B),Magnesium (Mg),Nitrogen (N),Chlorine (Cl),B,Magnesium (Mg),"Magnesium is a member of the alkali earth metal group, found in group 2 of the periodic table.","Magnesium is a light, silvery-white metal in the 2nd group of the periodic table, known for its reactivity with water and its use in alloys.",2026-09-14 12:25:18
SCI_EN_0852,English,Science,"Periodic Table, Metals & Non-metals",Easy,Which of the following is a non-metal and is a member of the noble gas group?,Sodium (Na),Helium (He),Sulfur (S),Bromine (Br),B,Helium (He),"Helium is a noble gas and a non-metal, known for its low reactivity and stable electron configuration.","Helium is a noble gas, located in group 18 of the periodic table, and is characterized by its inert nature and high stability.",2026-09-14 12:25:18
SCI_EN_0853,English,Science,"Acids, Bases, Salts & Chemical Reactions",Medium,Which of the following is a base that turns litmus paper blue?,H₂SO₄,NaOH,HCl,CO₂,B,NaOH,NaOH is a strong base and turns litmus paper blue.,"NaOH (sodium hydroxide) is a strong base that dissociates completely in water to form OH⁻ ions, turning litmus paper blue.",2026-09-14 12:25:43
SCI_EN_0854,English,Science,"Acids, Bases, Salts & Chemical Reactions",Medium,Which of the following is a salt formed by a reaction between an acid and a base?,Na₂CO₃,H₂SO₄,Ca(OH)₂,NH₄Cl,A,Na₂CO₃,Na₂CO₃ (sodium carbonate) is a salt formed from the reaction between a base (NaOH) and an acid (H₂CO₃).,"Na₂CO₃ is a salt formed by the reaction between sodium hydroxide (NaOH) and carbonic acid (H₂CO₃), which is a weak acid. The product of this reaction is a salt and water.",2026-09-14 12:25:43
SCI_EN_0855,English,Science,"Acids, Bases, Salts & Chemical Reactions",Medium,Which of the following reactions is a neutralization reaction?,CaO + H₂O → Ca(OH)₂,H₂SO₄ + 2NaOH → Na₂SO₄ + 2H₂O,2Na + Cl₂ → 2NaCl,CH₄ + 2O₂ → CO₂ + 2H₂O,B,H₂SO₄ + 2NaOH → Na₂SO₄ + 2H₂O,This reaction is a neutralization reaction because an acid (H₂SO₄) reacts with a base (NaOH) to form a salt (Na₂SO₄) and water (H₂O).,"The reaction between sulfuric acid (H₂SO₄) and sodium hydroxide (NaOH) is a neutralization reaction, producing sodium sulfate (Na₂SO₄) and water (H₂O). This is a classic example of an acid-base reaction.",2026-09-14 12:25:43
SCI_EN_0856,English,Science,"Acids, Bases, Salts & Chemical Reactions",Medium,Which of the following is a basic anhydride?,SO₂,CO₂,SO₃,NO₂,C,SO₃,SO₃ is a basic anhydride because it forms a basic oxide when it reacts with water.,"Sulfur trioxide (SO₃) is a basic anhydride because it forms a basic oxide (sulfuric acid, H₂SO₄) when it reacts with water (H₂O). This reaction shows that it can accept a proton, making it basic.",2026-09-14 12:25:43
SCI_EN_0857,English,Science,"Acids, Bases, Salts & Chemical Reactions",Medium,Which of the following is a salt that dissolves in water and produces a basic solution?,NaCl,K₂SO₄,Ba(OH)₂,Ca(NO₃)₂,C,Ba(OH)₂,"Ba(OH)₂ is a strong base that dissociates in water to produce OH⁻ ions, making the solution basic.","Barium hydroxide (Ba(OH)₂) is a strong base that dissociates completely in water to produce a high concentration of OH⁻ ions, making the solution basic.",2026-09-14 12:25:43
SCI_EN_0858,English,Science,"Acids, Bases, Salts & Chemical Reactions",Medium,Which of the following is a metal that can react with both acids and bases?,Na,Al,Zn,Cu,A,Na,"Sodium (Na) can react with both acids and bases, making it amphoteric in nature.",Sodium (Na) can react with acids to form salts and hydrogen gas and with bases to form sodium salts and water. This demonstrates its amphoteric nature.,2026-09-14 12:25:43
SCI_EN_0859,English,Science,"Acids, Bases, Salts & Chemical Reactions",Medium,Which of the following is a weak base?,NaOH,NH₃,Ba(OH)₂,H₂O,B,NH₃,NH₃ is a weak base that partially dissociates in water to form NH₄⁺ and OH⁻ ions.,"Ammonia (NH₃) is a weak base that only partially dissociates in water, producing a small amount of OH⁻ ions and NH₄⁺ ions. This is in contrast to strong bases like NaOH, which fully dissociate.",2026-09-14 12:25:43
SCI_EN_0860,English,Science,"Acids, Bases, Salts & Chemical Reactions",Medium,Which of the following is a reaction where a metal displaces hydrogen from an acid?,2Na + Cl₂ → 2NaCl,Fe + 2HCl → FeCl₂ + H₂,2Al + 3CuSO₄ → Al₂(SO₄)₃ + 3Cu,CaO + 2HCl → CaCl₂ + H₂O,B,Fe + 2HCl → FeCl₂ + H₂,This reaction is a single displacement reaction where iron displaces hydrogen from hydrochloric acid.,"The reaction between iron (Fe) and hydrochloric acid (HCl) is a single displacement reaction, where iron displaces hydrogen to form iron(II) chloride (FeCl₂) and hydrogen gas (H₂).",2026-09-14 12:25:43
SCI_EN_0861,English,Science,"Acids, Bases, Salts & Chemical Reactions",Medium,Which of the following is a salt that is soluble in water?,CaSO₄,BaSO₄,NaCl,Fe(OH)₃,C,NaCl,Sodium chloride (NaCl) is a highly soluble salt in water.,"Sodium chloride (NaCl) is a highly soluble salt in water, dissociating completely into Na⁺ and Cl⁻ ions. This is in contrast to other salts like barium sulfate (BaSO₄) and iron(III) hydroxide (Fe(OH)₃), which are insoluble in water.",2026-09-14 12:25:43
SCI_EN_0862,English,Science,"Organic Chemistry, Hydrocarbons & Everyday Chemicals",Hard,Which of the following hydrocarbons is most likely to undergo polymerization under normal conditions?,Hexane,Ethylene,Butane,Methane,B,Ethylene,Ethylene is an unsaturated hydrocarbon that can undergo addition polymerization to form polyethylene.,"Ethylene contains a double bond which makes it highly reactive and prone to addition polymerization. Hexane, butane, and methane are saturated hydrocarbons and do not readily polymerize under normal conditions.",2026-09-14 12:26:09
SCI_EN_0863,English,Science,"Organic Chemistry, Hydrocarbons & Everyday Chemicals",Hard,"Which of the following functional groups, when present in a hydrocarbon, would make the compound most likely to undergo hydrogenation?",Methyl group (-CH3),Aromatic ring,Aldehyde group (-CHO),Alkene double bond (C=C),D,Alkene double bond (C=C),"The presence of an alkene double bond (C=C) in a hydrocarbon makes it susceptible to hydrogenation, a process that adds hydrogen to the double bond.","Hydrogenation specifically targets unsaturated compounds, such as those with double or triple bonds, converting them into more stable saturated compounds. Alkenes are the most common targets in this reaction.",2026-09-14 12:26:09
SCI_EN_0864,English,Science,"Organic Chemistry, Hydrocarbons & Everyday Chemicals",Hard,Which of the following is an incorrect statement about alkanes and their properties?,Alkanes are generally insoluble in water.,Alkanes are good insulators and poor conductors of electricity.,Alkanes can undergo substitution reactions.,Alkanes can undergo addition polymerization.,D,Alkanes can undergo addition polymerization.,Alkanes cannot undergo addition polymerization because they are saturated and do not have unsaturated bonds.,"Alkanes, being saturated hydrocarbons, do not contain double or triple bonds that are necessary for addition polymerization. They are more likely to undergo substitution reactions where a group replaces a hydrogen atom.",2026-09-14 12:26:09
SCI_EN_0865,English,Science,"Organic Chemistry, Hydrocarbons & Everyday Chemicals",Hard,Which of the following statements best describes the reactivity of alkenes compared to alkynes?,Alkenes are more reactive than alkynes because they have fewer carbon-carbon bonds.,Alkenes and alkynes have similar reactivity because they both have unsaturated bonds.,"Alkenes are less reactive than alkynes because alkynes can undergo both addition and substitution reactions, while alkenes only undergo addition reactions.",Alkenes are more reactive than alkynes because they have a higher reactivity due to the presence of a pi bond.,D,Alkenes are more reactive than alkynes because they have a higher reactivity due to the presence of a pi bond.,"The pi bond in alkenes is more reactive than the triple bond in alkynes, making alkenes more likely to undergo addition reactions.","The presence of a pi bond in alkenes makes them more reactive than alkynes, which have a more stable triple bond. This higher reactivity allows alkenes to undergo addition reactions more readily.",2026-09-14 12:26:09
SCI_EN_0866,English,Science,"Organic Chemistry, Hydrocarbons & Everyday Chemicals",Hard,Which of the following compounds would NOT be expected to undergo an addition reaction with bromine?,Propene,Benzene,1-Butene,1-Pentene,B,Benzene,"Benzene undergoes substitution reactions with bromine, not addition reactions.","Benzene undergoes substitution reactions with bromine through electrophilic aromatic substitution, not addition reactions. Propene, 1-Butene, and 1-Pentene are all alkenes and can undergo addition reactions with bromine.",2026-09-14 12:26:09
SCI_EN_0867,English,Science,"Organic Chemistry, Hydrocarbons & Everyday Chemicals",Hard,Which of the following is the correct order of reactivity for alkenes in the hydrogenation reaction?,1-Hexene > 2-Hexene > 1-Butene,2-Methyl-2-butene > 1-Butene > 1-Hexene,1-Butene > 2-Hexene > 1-Hexene,2-Hexene > 1-Butene > 1-Hexene,B,2-Methyl-2-butene > 1-Butene > 1-Hexene,The presence of more electron-donating groups in a molecule increases the reactivity towards hydrogenation.,"2-Methyl-2-butene is more reactive than 1-Butene due to the steric hindrance of the methyl group, and 1-Butene is more reactive than 1-Hexene due to its simpler structure and fewer steric hindrances.",2026-09-14 12:26:09
SCI_EN_0868,English,Science,"Organic Chemistry, Hydrocarbons & Everyday Chemicals",Hard,Which of the following compounds is most likely to undergo a free radical substitution reaction?,Methane,Ethene,Toluene,Benzene,C,Toluene,"Toluene, containing a methyl group, is more susceptible to free radical substitution due to the presence of a methyl group, which can act as a good source of radicals.","Toluene, with its methyl group, can undergo free radical substitution more readily than methane, ethene, or benzene, which do not have such a group.",2026-09-14 12:26:09
SCI_EN_0869,English,Science,"Organic Chemistry, Hydrocarbons & Everyday Chemicals",Hard,Which of the following alkanes would have the highest boiling point?,Propane,Butane,Pentane,Hexane,D,Hexane,"Hexane, having more carbon atoms, has a higher boiling point due to stronger van der Waals forces.","The boiling point of alkanes increases with the number of carbon atoms due to stronger intermolecular forces, making hexane, with six carbon atoms, have a higher boiling point than the others.",2026-09-14 12:26:09
SCI_EN_0870,English,Science,"Organic Chemistry, Hydrocarbons & Everyday Chemicals",Hard,Which of the following reactions of alkenes is not an example of an addition reaction?,Hydrogenation,Oxidation,Halogenation,Hydration,B,Oxidation,Oxidation of alkenes is not an addition reaction but a type of reaction where oxygen is introduced into the molecule.,"Oxidation of alkenes, such as the formation of vicinal diols, involves the introduction of oxygen atoms, not the addition of hydrogen atoms or halogens, which are typical of addition reactions.",2026-09-14 12:26:09
SCI_EN_0871,English,Science,"Organic Chemistry, Hydrocarbons & Everyday Chemicals",Hard,Which of the following alkanes would have the highest solubility in water?,Methane,Ethane,Propane,Butane,A,Methane,"Methane, being a small alkane, has the highest solubility in water due to its small size and ability to form hydrogen bonds.","Methane, being the smallest alkane, can form hydrogen bonds with water, making it more soluble than larger alkanes, which are nonpolar and have weaker intermolecular forces.",2026-09-14 12:26:09
SCI_EN_0872,English,Science,"Cell Biology, Organelles & Genetics",Easy,Which of the following organelles is involved in protein synthesis?,Mitochondria,Nucleus,Ribosomes,Golgi apparatus,C,Ribosomes,Ribosomes are the sites where proteins are synthesized.,Ribosomes are small organelles found in the cytoplasm and attached to the endoplasmic reticulum. They read the mRNA and synthesize proteins based on the genetic code.,2026-09-14 12:26:29
SCI_EN_0873,English,Science,"Cell Biology, Organelles & Genetics",Easy,Which organelle is responsible for the breakdown of cellular waste products?,Lysosomes,Endoplasmic reticulum,Ribosomes,Nucleus,A,Lysosomes,Lysosomes contain enzymes that digest cellular waste.,Lysosomes are organelles that contain digestive enzymes. They break down waste materials and cellular debris to maintain cellular health.,2026-09-14 12:26:29
SCI_EN_0874,English,Science,"Cell Biology, Organelles & Genetics",Easy,Which of the following is the primary function of the endoplasmic reticulum (ER)?,Energy production,Storage of nutrients,Synthesis of lipids and proteins,Cellular respiration,C,Synthesis of lipids and proteins,The endoplasmic reticulum is involved in protein and lipid synthesis.,The endoplasmic reticulum is a network of membranes that helps in the synthesis and transport of lipids and proteins. It is particularly important for the synthesis of proteins destined for the Golgi apparatus or the cell membrane.,2026-09-14 12:26:29
SCI_EN_0875,English,Science,"Cell Biology, Organelles & Genetics",Easy,In which organelle does the Krebs cycle take place?,Mitochondria,Nucleus,Ribosomes,Endoplasmic reticulum,A,Mitochondria,The Krebs cycle is a series of reactions that occur in the mitochondria.,"The Krebs cycle, also known as the citric acid cycle, takes place in the matrix of the mitochondria, where it generates important intermediate molecules used in energy production.",2026-09-14 12:26:29
SCI_EN_0876,English,Science,"Cell Biology, Organelles & Genetics",Easy,Which organelle is responsible for producing ATP through oxidative phosphorylation?,Mitochondria,Lysosomes,Nucleus,Ribosomes,A,Mitochondria,"Mitochondria are the powerhouses of the cell, producing ATP.","Mitochondria contain the enzymes necessary for oxidative phosphorylation, a process that generates ATP from the breakdown of nutrients, primarily glucose.",2026-09-14 12:26:29
SCI_EN_0877,English,Science,"Cell Biology, Organelles & Genetics",Easy,What is the main function of the Golgi apparatus?,Energy production,Storage of nutrients,"Modifying, sorting, and packaging proteins for secretion",Cellular respiration,C,"Modifying, sorting, and packaging proteins for secretion","The Golgi apparatus modifies, packages, and ships proteins to their final destinations.","The Golgi apparatus receives proteins from the endoplasmic reticulum, modifies them, sorts them, and then packages them into vesicles for transport to various destinations within or outside the cell.",2026-09-14 12:26:29
SCI_EN_0878,English,Science,"Cell Biology, Organelles & Genetics",Easy,Which of the following is a function of the nucleus?,Breaking down waste products,Synthesis of proteins,Storage of nutrients,Energy production,B,Synthesis of proteins,The nucleus is involved in the synthesis of proteins.,"The nucleus contains the cell’s genetic material and is responsible for transcription, the process by which genetic information is used to synthesize proteins.",2026-09-14 12:26:29
SCI_EN_0879,English,Science,"Cell Biology, Organelles & Genetics",Easy,Which of the following is NOT a function of the cell membrane?,Regulating the passage of substances in and out of the cell,Providing structural support to the cell,Facilitating communication between cells,Producing ATP,D,Producing ATP,Cell membranes do not produce ATP.,"The cell membrane is responsible for regulating the movement of substances in and out of the cell, providing structural support, and facilitating communication between cells, but it does not produce ATP.",2026-09-14 12:26:29
SCI_EN_0880,English,Science,"Cell Biology, Organelles & Genetics",Easy,Which of the following organelles is responsible for the synthesis of lipids?,Mitochondria,Endoplasmic reticulum,Ribosomes,Nucleus,B,Endoplasmic reticulum,The endoplasmic reticulum is involved in the synthesis of lipids.,"The rough endoplasmic reticulum, covered with ribosomes, is primarily responsible for synthesizing lipids and proteins, including those destined for the cell membrane.",2026-09-14 12:26:29
SCI_EN_0881,English,Science,"Cell Biology, Organelles & Genetics",Easy,Which of the following is the site of DNA replication in the cell?,Nucleus,Mitochondria,Ribosomes,Endoplasmic reticulum,A,Nucleus,DNA replication occurs in the nucleus.,The nucleus contains the cell’s DNA and is the site where DNA replication takes place during the S phase of the cell cycle.,2026-09-14 12:26:29
SCI_EN_0882,English,Science,"Human Anatomy, Organ Systems & Physiology",Medium,Which of the following is the primary function of the liver in the human body?,Regulating blood sugar levels,Filtering blood from the digestive tract,Producing digestive enzymes,Generating heat through metabolic processes,B,Filtering blood from the digestive tract,The liver filters blood to remove toxins and other harmful substances.,"The liver is a crucial organ that filters blood from the digestive tract, detoxifies chemicals, and metabolizes drugs. It also plays a role in the production of bile, which aids in the digestion of fats.",2026-09-14 12:26:51
SCI_EN_0883,English,Science,"Human Anatomy, Organ Systems & Physiology",Medium,Which organ system is primarily responsible for maintaining homeostasis in the body?,Nervous system,Respiratory system,Endocrine system,Skeletal system,C,Endocrine system,The endocrine system regulates the body's internal environment through hormones.,"The endocrine system, consisting of various glands, secretes hormones that regulate various physiological processes, including metabolism, growth, and development, ensuring homeostasis.",2026-09-14 12:26:51
SCI_EN_0884,English,Science,"Human Anatomy, Organ Systems & Physiology",Medium,Which of the following structures is responsible for the contraction of the heart muscle?,Cardiac muscle,Smooth muscle,Skeletal muscle,Neural tissue,A,Cardiac muscle,Cardiac muscle has the unique property of automaticity and contractility.,"Cardiac muscle, found in the heart, is distinct from other muscle types because it can contract spontaneously and efficiently, crucial for the heart's pumping action.",2026-09-14 12:26:51
SCI_EN_0885,English,Science,"Human Anatomy, Organ Systems & Physiology",Medium,Which organ system is primarily responsible for waste removal and fluid balance in the body?,Excretory system,Circulatory system,Reproductive system,Immune system,A,Excretory system,"The excretory system includes the kidneys, which filter waste products from the blood.","The excretory system, mainly comprising the kidneys, filters blood to remove waste products and excess water, producing urine. This process is essential for maintaining fluid balance and eliminating toxins.",2026-09-14 12:26:51
SCI_EN_0886,English,Science,"Human Anatomy, Organ Systems & Physiology",Medium,Which of the following statements best describes the function of the renal corpuscle in the kidney?,It produces urine.,It filters blood and forms the primary urine.,It stores urine.,It reabsorbs water and electrolytes from the filtrate.,B,It filters blood and forms the primary urine.,The renal corpuscle filters blood and initiates the process of urine formation.,"The renal corpuscle consists of the glomerulus, a network of capillaries, and the Bowman's capsule, which surrounds the glomerulus. It filters blood to form primary urine, which then undergoes further processing in the nephron.",2026-09-14 12:26:51
SCI_EN_0887,English,Science,"Human Anatomy, Organ Systems & Physiology",Medium,Which of the following is the correct pathway for oxygenated blood in the heart?,Right atrium -> Right ventricle -> Pulmonary arteries -> Lungs,Left atrium -> Left ventricle -> Pulmonary arteries -> Lungs,Right atrium -> Right ventricle -> Aorta -> Body,Left atrium -> Left ventricle -> Aorta -> Body,D,Left atrium -> Left ventricle -> Aorta -> Body,The left side of the heart pumps oxygenated blood to the body.,"The left atrium receives oxygenated blood from the lungs, which then passes to the left ventricle. The left ventricle contracts to pump the blood through the aorta to supply oxygen to the body's tissues.",2026-09-14 12:26:51
SCI_EN_0888,English,Science,"Human Anatomy, Organ Systems & Physiology",Medium,Which of the following best describes the role of the parasympathetic nervous system in the digestive system?,Inhibits digestive activities,Promotes digestive activities,Regulates heart rate only,Stimulates muscle relaxation,B,Promotes digestive activities,"The parasympathetic nervous system stimulates digestive functions, aiding in digestion and absorption.","The parasympathetic nervous system promotes digestive activities by increasing the activity of the smooth muscles in the digestive tract, enhancing the secretion of digestive juices, and stimulating the movement of food through the digestive system.",2026-09-14 12:26:51
SCI_EN_0889,English,Science,"Human Anatomy, Organ Systems & Physiology",Medium,Which of the following statements accurately describes the structure of the renal tubule in the kidney?,It is composed of a single layer of columnar epithelial cells.,It has a single layer of cuboidal epithelial cells.,It is made up of simple squamous epithelial cells.,It consists of multiple layers of epithelial cells.,A,It is composed of a single layer of columnar epithelial cells.,The renal tubule is lined with a single layer of columnar epithelial cells that facilitate the reabsorption and secretion processes.,"The renal tubule is lined with a single layer of columnar epithelial cells, which are specialized to carry out the complex processes of reabsorption and secretion of substances from the filtrate into the blood or into the urine.",2026-09-14 12:26:51
SCI_EN_0890,English,Science,"Human Anatomy, Organ Systems & Physiology",Medium,Which of the following best describes the role of the lymphatic system in the human body?,It is responsible for the production of red blood cells.,It filters blood and removes waste products from the tissues.,It transports lymph and plays a role in the immune response.,It produces and secretes digestive enzymes.,C,It transports lymph and plays a role in the immune response.,The lymphatic system is crucial for the immune response and the transport of lymph throughout the body.,"The lymphatic system transports lymph, a fluid that contains white blood cells, throughout the body. It is essential for the immune response, as lymph nodes filter and process lymph, removing pathogens and other debris.",2026-09-14 12:26:51
SCI_EN_0891,English,Science,"Human Nutrition, Vitamins, Minerals & Diseases",Hard,Which of the following vitamins is essential for the synthesis of collagen and has a significant impact on wound healing and skin integrity?,Vitamin A,Vitamin C,Vitamin D,Vitamin E,B,Vitamin C,Vitamin C is crucial for collagen synthesis and supports immune function and wound healing.,"Vitamin C is a water-soluble vitamin that acts as a co-factor for enzymes involved in collagen synthesis. It is essential for maintaining skin integrity, blood vessel health, and proper wound healing.",2026-09-14 12:27:09
SCI_EN_0892,English,Science,"Human Nutrition, Vitamins, Minerals & Diseases",Hard,A deficiency in which mineral can lead to anemia by affecting the production of hemoglobin in red blood cells?,Iron,Magnesium,Selenium,Zinc,A,Iron,"Iron is critical for the production of hemoglobin, which is essential for oxygen transport in the blood.","Iron is a key component of hemoglobin, the protein in red blood cells responsible for carrying oxygen from the lungs to the rest of the body. A deficiency in iron leads to a decrease in hemoglobin production, resulting in anemia.",2026-09-14 12:27:09
SCI_EN_0893,English,Science,"Human Nutrition, Vitamins, Minerals & Diseases",Hard,Which vitamin deficiency can lead to osteoporosis and bone fragility due to its role in calcium absorption and bone metabolism?,Vitamin A,Vitamin B12,Vitamin D,Vitamin K,C,Vitamin D,"Vitamin D is essential for calcium absorption and bone metabolism, preventing osteoporosis.","Vitamin D plays a crucial role in calcium absorption from the intestines, which is necessary for maintaining bone health. A deficiency in Vitamin D can lead to decreased calcium absorption and impaired bone formation, contributing to osteoporosis and bone fragility.",2026-09-14 12:27:09
SCI_EN_0894,English,Science,"Human Nutrition, Vitamins, Minerals & Diseases",Hard,"Which mineral is primarily responsible for regulating fluid balance and osmotic pressure in the body, and its deficiency can lead to hypertension and kidney damage?",Sodium,Potassium,Calcium,Magnesium,A,Sodium,"Sodium is critical for maintaining fluid balance and osmotic pressure, and its imbalance can lead to hypertension.","Sodium is a key electrolyte that helps regulate fluid balance and osmotic pressure in the body. An imbalance in sodium levels can lead to hypertension, which can damage blood vessels and the kidneys over time.",2026-09-14 12:27:09
SCI_EN_0895,English,Science,"Human Nutrition, Vitamins, Minerals & Diseases",Hard,Which of the following diseases is characterized by a deficiency in thiamine (Vitamin B1) and can lead to severe neurological symptoms and cardiovascular issues?,Scurvy,Beriberi,Pellagra,Rickets,B,Beriberi,"Beriberi is a disease caused by thiamine deficiency, affecting the nervous system and cardiovascular health.","Beriberi is a disease caused by a severe deficiency of thiamine (Vitamin B1), leading to symptoms such as weakness, weight loss, and in severe cases, cardiomyopathy and neurological issues.",2026-09-14 12:27:09
SCI_EN_0896,English,Science,"Human Nutrition, Vitamins, Minerals & Diseases",Hard,Which mineral is essential for the synthesis of thyroid hormones and its deficiency can lead to hypothyroidism and goiter?,Selenium,Iodine,Fluoride,Copper,B,Iodine,Iodine is crucial for thyroid hormone synthesis and its deficiency can lead to hypothyroidism and goiter.,"Iodine is an essential trace element necessary for the synthesis of thyroid hormones, thyroxine (T4) and triiodothyronine (T3). A deficiency in iodine can lead to hypothyroidism, characterized by underactive thyroid function, and goiter, an enlarged thyroid gland.",2026-09-14 12:27:09
SCI_EN_0897,English,Science,"Human Nutrition, Vitamins, Minerals & Diseases",Medium,"Which of the following is a common symptom of pellagra, a disease caused by a deficiency in niacin (Vitamin B3)?",Night blindness,Blue diaper syndrome,Darkened skin patches,Dry skin and hair loss,C,Darkened skin patches,"Pellagra is characterized by dermatitis, diarrhea, and dementia, and darkened skin patches are a common symptom.","Pellagra is a disease caused by a deficiency in niacin (Vitamin B3) or its precursor, tryptophan. Its symptoms include dermatitis (red, scaly skin), diarrhea, and dementia, as well as darkened skin patches, known as",2026-09-14 12:27:09
SCI_EN_0898,English,Science,"Botany, Plant Physiology & Photosynthesis",Easy,Which of the following is the primary pigment responsible for absorbing light in the photosynthesis process?,Carotenoids,Chlorophyll,Flavonoids,Anthocyanins,B,Chlorophyll,Chlorophyll is the main pigment responsible for absorbing light in the photosynthesis process.,"Chlorophyll is essential for photosynthesis as it captures light energy and converts it into chemical energy. Other pigments such as carotenoids can also absorb light, but they function as accessory pigments, assisting chlorophyll in light absorption.",2026-09-14 12:27:31
SCI_EN_0899,English,Science,"Botany, Plant Physiology & Photosynthesis",Easy,Which part of the plant is primarily responsible for photosynthesis?,Roots,Stems,Leaves,Seeds,C,Leaves,Leaves are the primary organs for photosynthesis due to their chloroplasts containing chlorophyll.,"Leaves are specialized for photosynthesis, containing a high concentration of chloroplasts with chlorophyll, which are essential for capturing light energy. Roots, stems, and seeds have other primary functions.",2026-09-14 12:27:31
SCI_EN_0900,English,Science,"Botany, Plant Physiology & Photosynthesis",Easy,"What is the term used to describe the process where plants use water, carbon dioxide, and sunlight to produce glucose and oxygen?",Photosynthesis,Respiration,Transpiration,Germination,A,Photosynthesis,Photosynthesis is the process by which plants convert light energy into chemical energy stored in glucose.,"Photosynthesis involves the conversion of light energy into chemical energy, producing glucose and releasing oxygen as a byproduct. This process occurs in the chloroplasts of plant cells.",2026-09-14 12:27:31
SCI_EN_0901,English,Science,"Botany, Plant Physiology & Photosynthesis",Easy,Which of the following is a light-dependent reaction in photosynthesis?,Carbon fixation,Calvin cycle,Water splitting,Glucose synthesis,C,Water splitting,"Water splitting, or photolysis, is a light-dependent reaction where water molecules are split to release oxygen and provide electrons for the photosynthetic electron transport chain.","Water splitting occurs during the light-dependent reactions of photosynthesis, where light energy is used to split water molecules, releasing oxygen and providing electrons for the electron transport chain.",2026-09-14 12:27:31
SCI_EN_0902,English,Science,"Botany, Plant Physiology & Photosynthesis",Easy,What is the main function of the calvin cycle in photosynthesis?,Splitting water molecules,Producing glucose,Capturing light energy,Releasing oxygen,B,Producing glucose,The calvin cycle is a series of reactions that produce glucose from carbon dioxide using the ATP and NADPH generated by the light-dependent reactions.,"The calvin cycle converts carbon dioxide into glucose, which is a crucial process for the plant's growth and energy storage. It uses the energy and reducing power from the light reactions to fix carbon dioxide into organic molecules.",2026-09-14 12:27:31
SCI_EN_0903,English,Science,"Botany, Plant Physiology & Photosynthesis",Easy,Which of the following is not a pigment found in plants?,Chlorophyll,Carotenoids,Anthocyanins,Beta-carotene,A,Fatty acids,Fatty acids are not pigments; they are lipids involved in various cellular processes such as energy storage.,"Fatty acids are essential components of cell membranes and energy storage but are not pigments. Chlorophyll, carotenoids, and anthocyanins are all pigments involved in photosynthesis and other light-absorbing functions.",2026-09-14 12:27:31
SCI_EN_0904,English,Science,"Botany, Plant Physiology & Photosynthesis",Easy,What is the primary wavelength of light that chlorophyll absorbs most efficiently?,Red and blue,Green and yellow,Violet and orange,Infrared,A,Red and blue,Chlorophyll absorbs light most efficiently in the red and blue regions of the light spectrum.,"Chlorophyll primarily absorbs light in the red and blue wavelengths to optimize its function in photosynthesis, while reflecting green light, which is why leaves appear green to the human eye.",2026-09-14 12:27:31
SCI_EN_0905,English,Science,"Botany, Plant Physiology & Photosynthesis",Easy,What is the role of the electron transport chain in photosynthesis?,Producing glucose,Splitting water molecules,Generating ATP and NADPH,Fixing carbon dioxide,C,Generating ATP and NADPH,"The electron transport chain is crucial for generating ATP and NADPH, which are essential energy sources for the calvin cycle in photosynthesis.","The electron transport chain drives the production of ATP and NADPH through the transfer of electrons, which is necessary for the energy requirements of the calvin cycle during photosynthesis.",2026-09-14 12:27:31
SCI_EN_0906,English,Science,"Botany, Plant Physiology & Photosynthesis",Easy,Which of the following is a byproduct of the light-dependent reactions in photosynthesis?,Glucose,Oxygen,Carbon dioxide,Water,B,Oxygen,"During the light-dependent reactions, oxygen is released as a byproduct of water splitting.","Water splitting during the light-dependent reactions of photosynthesis releases oxygen, which is then released into the atmosphere, playing a crucial role in the Earth's oxygen cycle.",2026-09-14 12:27:31
SCI_EN_0907,English,Science,"Ecology, Ecosystems & Conservation",Medium,Which of the following is a primary function of decomposers in an ecosystem?,Producing oxygen through photosynthesis,Consuming primary producers for energy,Breaking down dead organic matter into nutrients,Regulating the water cycle,C,Breaking down dead organic matter into nutrients,"Decomposers help recycle nutrients back into the ecosystem, supporting the nutrient cycle.","Decomposers such as bacteria and fungi break down dead organisms, returning essential nutrients to the soil, which is crucial for the growth of new plants and the overall health of the ecosystem.",2026-09-14 12:27:55
SCI_EN_0908,English,Science,"Ecology, Ecosystems & Conservation",Medium,"In an ecosystem, what term is used to describe a group of interacting organisms of the same species that live in the same area?",Commensalism,Biodiversity,Population,Mutualism,C,Population,A population refers to a group of organisms of the same species living in the same area.,"A population is a key concept in ecology, representing the total number of individuals of a species in a given area. This helps in understanding the dynamics and interactions within the ecosystem.",2026-09-14 12:27:55
SCI_EN_0909,English,Science,"Ecology, Ecosystems & Conservation",Medium,What is the main principle of the principle of island biogeography?,The temperature of an island affects its biodiversity,The size and distance of an island from the mainland affect its biodiversity,The number of species on an island decreases as the island size increases,The human activity on an island decreases its biodiversity,B,The size and distance of an island from the mainland affect its biodiversity,The size of an island and its distance from the mainland determine the number of species that can colonize and survive on the island.,The principle of island biogeography states that larger islands with closer proximity to the mainland will have higher biodiversity because they can support more species and receive more colonists.,2026-09-14 12:27:55
SCI_EN_0910,English,Science,"Ecology, Ecosystems & Conservation",Medium,What is the main difference between primary and secondary succession?,"Primary succession occurs in areas with no prior vegetation, while secondary succession occurs in areas with prior vegetation",Primary succession is faster than secondary succession,"Primary succession requires human intervention, while secondary succession happens naturally","Primary succession occurs in water bodies, while secondary succession occurs on land",A,"Primary succession occurs in areas with no prior vegetation, while secondary succession occurs in areas with prior vegetation","Primary succession starts in a completely bare environment, while secondary succession begins in an area where soil and organisms remain.","Primary succession occurs in environments where there is no previous soil or vegetation, such as after a volcanic eruption or glacier retreat. Secondary succession starts where there is some soil and residual vegetation, such as after a forest fire or logging.",2026-09-14 12:27:55
SCI_EN_0911,English,Science,"Ecology, Ecosystems & Conservation",Medium,Which of the following is a characteristic of a climax community?,It is always dominated by a single species,It is in a state of dynamic equilibrium,It is always in an early stage of succession,It is frequently disturbed by human activities,B,It is in a state of dynamic equilibrium,A climax community is in a stable state where the species composition and structure remain relatively constant over time.,"A climax community is the final stage of succession where the ecosystem reaches a stable state with a balance of species that can coexist without significant change, despite occasional disturbances.",2026-09-14 12:27:55
SCI_EN_0912,English,Science,"Ecology, Ecosystems & Conservation",Medium,Which of the following is a role of top predators in an ecosystem?,To increase the population of prey species,To maintain the balance of the ecosystem,To contribute to soil fertility,To produce oxygen,B,To maintain the balance of the ecosystem,"Top predators control the population of other species, influencing the dynamics of the food web and ecosystem health.","Top predators play a crucial role in maintaining the balance of the ecosystem by controlling the populations of prey species, which can prevent overgrazing, overpredation, and other imbalances in the food web.",2026-09-14 12:27:55
SCI_EN_0913,English,Science,"Ecology, Ecosystems & Conservation",Medium,Which of the following is a method used in conservation biology to protect biodiversity?,Habitat destruction,Habitat fragmentation,Habitat restoration,Habitat pollution,C,Habitat restoration,Habitat restoration involves the process of recovering degraded or damaged habitats to improve biodiversity and ecosystem health.,"Habitat restoration is a crucial conservation method that involves restoring degraded or damaged ecosystems to their original state, enhancing biodiversity and supporting the recovery of ecosystem services.",2026-09-14 12:27:55
SCI_EN_0914,English,Science,"Ecology, Ecosystems & Conservation",Medium,Which of the following is a key factor in the carrying capacity of an ecosystem?,The number of predators in the ecosystem,The availability of resources such as food and water,The physical size of the ecosystem,The genetic diversity of the species,B,The availability of resources such as food and water,Carrying capacity refers to the maximum number of individuals that an environment can support indefinitely without degrading.,"Carrying capacity is determined by the availability of essential resources such as food, water, and shelter. These resources limit the population size of a species within an ecosystem, ensuring that the environment can sustain the population over time.",2026-09-14 12:27:55
SCI_EN_0915,English,Science,"Astronomy, Stars, Planets & Space Missions",Hard,"What is the primary reason for the precession of Earth's axis, as observed over thousands of years?",Gravitational pull from the Moon,Gravitational interaction with Jupiter,Earth's elliptical orbit around the Sun,The Sun's gravitational field,B,Gravitational interaction with Jupiter,"The gravitational interaction between Earth and Jupiter causes a slight wobble in Earth's axis, leading to precession.","Precession is a slow, cyclical motion of the axis of a spinning object, caused by the gravitational forces exerted by other objects. In the case of Earth, Jupiter's significant mass and its gravitational pull are the primary factors contributing to this phenomenon.",2026-09-14 12:28:22
SCI_EN_0916,English,Science,"Astronomy, Stars, Planets & Space Missions",Hard,"Which of the following planets has the shortest rotational period, causing its day to be the shortest in our solar system?",Mars,Venus,Mercury,Jupiter,C,Mercury,"Mercury has a very fast rotational period, completing one rotation in about 59 Earth days.","Mercury rotates on its axis much faster than Earth, completing a full rotation in just over 58 Earth days. This rapid rotation results in the shortest day of any planet in our solar system.",2026-09-14 12:28:22
SCI_EN_0917,English,Science,"Astronomy, Stars, Planets & Space Missions",Hard,"What phenomenon explains the appearance of a star's light being distorted as it passes near a massive object, according to general relativity?",Gravitational lensing,Gravitational redshift,Gravitational blueshift,Gravitational wave emission,A,Gravitational lensing,"Gravitational lensing occurs when a massive object bends the path of light, causing stars to appear distorted or magnified.","General relativity predicts that massive objects can bend the fabric of spacetime, causing light to follow curved paths. This effect is known as gravitational lensing, which can make distant stars or galaxies appear distorted or even multiply imaged.",2026-09-14 12:28:22
SCI_EN_0918,English,Science,"Astronomy, Stars, Planets & Space Missions",Hard,"Which space mission provided the first high-resolution images of the far side of the Moon, revealing previously unseen lunar surface features?",Apollo 11,Lunar Orbiter 1,Viking 1,Lunar Reconnaissance Orbiter,B,Lunar Orbiter 1,"Lunar Orbiter 1 was the first spacecraft to photograph the far side of the Moon, providing crucial data for future missions.","Launched in 1966, Lunar Orbiter 1 was tasked with photographing the Moon's far side to ensure it was safe for potential landing sites. Its images were instrumental in the planning of the Apollo missions and provided the first detailed views of the lunar surface that had not been seen from Earth.",2026-09-14 12:28:22
SCI_EN_0919,English,Science,"Astronomy, Stars, Planets & Space Missions",Hard,What is the approximate age of the universe according to the latest cosmological observations?,10 billion years,13.8 billion years,20 billion years,30 billion years,B,13.8 billion years,"The age of the universe is estimated to be about 13.8 billion years, based on the cosmic microwave background radiation and other observational data.","The age of the universe is determined by studying the cosmic microwave background radiation, the expansion rate of the universe, and the Hubble constant. The current best estimate, based on observations from the Planck spacecraft and other sources, is approximately 13.8 billion years.",2026-09-14 12:28:22
SCI_EN_0920,English,Science,"Astronomy, Stars, Planets & Space Missions",Hard,"Which of the following exoplanets has the most extreme temperature variations, due to its orbital characteristics?",HD 189733b,55 Cancri e,Kepler-138d,TRAPPIST-1e,B,55 Cancri e,55 Cancri e experiences extreme temperature variations due to its extremely close orbit to its host star.,"55 Cancri e is a super-Earth exoplanet that orbits very close to its star, completing a full orbit in just 18 hours. This proximity results in extremely high temperatures on the day side and very cold temperatures on the night side, leading to dramatic temperature variations.",2026-09-14 12:28:22
SCI_EN_0921,English,Science,"Astronomy, Stars, Planets & Space Missions",Hard,What is the main reason that Mars has a lower atmospheric pressure compared to Earth?,Its smaller size,Its lower gravity,Its farther distance from the Sun,Its lack of a magnetic field,A,Its smaller size,Mars' smaller size and lower surface gravity result in a thinner atmosphere and lower atmospheric pressure.,"Mars has a smaller diameter and lower surface gravity compared to Earth. This results in a much weaker gravitational field, which allows the Martian atmosphere to escape more easily into space over time, leading to a much lower atmospheric pressure on the planet's surface.",2026-09-14 12:28:22
SCI_EN_0922,English,Science,"Astronomy, Stars, Planets & Space Missions",Hard,Which of the following space missions was the first to successfully land a spacecraft on a comet?,SOHO,SMART-1,Rosetta,New Horizons,C,Rosetta,"The Rosetta mission included the Philae lander, which successfully landed on Comet 67P/Churyumov-Gerasimenko in 2014.","The European Space Agency's Rosetta mission, launched in 2004, was the first to successfully land a spacecraft on a comet. The Philae lander was deployed in November 2014 and successfully landed on the surface of Comet 67P/Churyumov-Gerasimenko, providing valuable data about the comet's composition and structure.",2026-09-14 12:28:22
SCI_EN_0923,English,Science,"Astronomy, Stars, Planets & Space Missions",Hard,"What is the term for the phenomenon where a planet appears to move backward in the sky against the background of fixed stars, as observed from Earth?",Precession,Synchronous rotation,Apparent retrograde motion,Axial tilt,C,Apparent retrograde motion,"Apparent retrograde motion occurs due to the relative positions and motions of Earth and other planets, causing them to appear to move backward in the sky.","Apparent retrograde motion is an optical illusion caused by the relative positions and motions of Earth and other planets. As Earth orbits the Sun, it periodically overtakes other planets, causing them to appear to move backward in the sky. This phenomenon is observed for planets like Mars, Jupiter, and Saturn.",2026-09-14 12:28:22
SCI_EN_0924,English,Science,"Astronomy, Stars, Planets & Space Missions",Hard,"Which of the following stars is known for its dramatic variability, with brightness changes that can be observed by amateur astronomers?",Rigel,Betelgeuse,Sirius,Deneb,B,Betelgeuse,"Betelgeuse, a red supergiant star in the constellation Orion, is known for its irregular brightness changes due to its variable nature.","Betelgeuse is a red supergiant star that is known for its variable brightness. It can vary in brightness over periods ranging from months to years, making it a popular target for amateur astronomers who can observe these changes with a small telescope or binoculars.",2026-09-14 12:28:22
SCI_EN_0925,English,Science,"Classical Mechanics, Forces & Laws of Motion",Easy,"According to Newton's first law of motion, an object remains at rest or in uniform motion unless acted upon by an external force. Which of the following scenarios best illustrates this principle?",A car moving in a straight line continues to move at a constant speed until the engine is turned off.,A ball thrown vertically upwards slows down and stops at the highest point before falling back down.,A ball rolling on a frictionless surface slows down over time due to air resistance.,A book lying on a table remains at rest until someone picks it up.,A,A car moving in a straight line continues to move at a constant speed until the engine is turned off.,The car maintains its state of motion because no external forces are acting on it.,"The car continues to move because there is no external force to change its motion. When the engine is turned off, the car eventually stops due to friction, but during the period the engine is running, it moves at a constant speed.",2026-09-14 12:28:50
SCI_EN_0926,English,Science,"Classical Mechanics, Forces & Laws of Motion",Easy,"In a frictionless environment, what will happen to a block of wood when a constant force is applied to it?",It will accelerate at a constant rate.,It will decelerate gradually.,It will remain stationary.,It will move in a circular path.,A,It will accelerate at a constant rate.,The block will continue to accelerate as long as the force is applied.,"According to Newton's second law of motion, the acceleration is directly proportional to the net force applied and inversely proportional to the mass of the object. In a frictionless environment, there are no opposing forces to slow it down.",2026-09-14 12:28:50
SCI_EN_0927,English,Science,"Classical Mechanics, Forces & Laws of Motion",Easy,Which of the following forces is NOT an external force acting on an object according to Newton's third law of motion?,A person pushing a shopping cart.,A magnet attracting a paperclip.,The Earth's gravitational pull on an apple.,A book resting on a table.,D,A book resting on a table.,"The book is not exerting a force on the table; rather, the table exerts an equal and opposite force on the book.","According to Newton's third law, forces always occur in pairs. The book exerts a downward force on the table, and the table exerts an equal and opposite upward force on the book. However, the book resting on the table is not exerting an external force on another object.",2026-09-14 12:28:50
SCI_EN_0928,English,Science,"Classical Mechanics, Forces & Laws of Motion",Easy,"If two objects collide and stick together, which of the following is true about their motion after the collision?",They will move in the same direction as the object with the greater initial velocity.,They will move in the opposite direction of the object with the greater initial velocity.,They will come to a complete stop.,They will move together with a velocity that is a combination of their initial velocities.,D,They will move together with a velocity that is a combination of their initial velocities.,The final velocity of the combined objects is determined by the conservation of momentum.,"According to the law of conservation of momentum, the total momentum before the collision must equal the total momentum after the collision. The objects move together with a velocity that balances their initial momenta.",2026-09-14 12:28:50
SCI_EN_0929,English,Science,"Classical Mechanics, Forces & Laws of Motion",Easy,Which of the following examples best illustrates the concept of inertia?,A ball rolling down a hill speeds up as it goes down.,A car's airbag deploys when the car crashes.,A book falls from a shelf when it is pushed off.,A person in a moving car continues to move forward when the car stops suddenly.,D,A person in a moving car continues to move forward when the car stops suddenly.,The person's body resists the change in motion due to inertia.,The person's inertia causes them to continue moving at the car's velocity until the seat belt or other forces stop them. This demonstrates that an object in motion tends to stay in motion unless acted upon by an external force.,2026-09-14 12:28:50
SCI_EN_0930,English,Science,"Classical Mechanics, Forces & Laws of Motion",Easy,"What happens to the acceleration of an object if the net force acting on it is doubled, assuming its mass remains constant?",The acceleration is halved.,The acceleration remains the same.,The acceleration is doubled.,The acceleration is quadrupled.,C,The acceleration is doubled.,"Acceleration is directly proportional to the net force, according to Newton's second law of motion.","Doubling the net force on an object with a constant mass will result in double the acceleration. This is because the acceleration is directly proportional to the net force, as described by F = ma.",2026-09-14 12:28:50
SCI_EN_0931,English,Science,"Classical Mechanics, Forces & Laws of Motion",Easy,"In a system where two forces act on an object, what is the net force if one force is 10 N to the right and the other is 6 N to the right?",4 N to the left,4 N to the right,16 N to the left,16 N to the right,B,4 N to the right,The net force is the vector sum of the individual forces in the same direction.,"Since both forces are in the same direction (to the right), the net force is the sum of the magnitudes of the forces, which is 10 N + 6 N = 16 N, directed to the right.",2026-09-14 12:28:50
SCI_EN_0932,English,Science,"Classical Mechanics, Forces & Laws of Motion",Easy,Which of the following statements is true about the force of gravity between two objects?,It is stronger when the objects are closer together.,It is stronger when the objects are farther apart.,It is independent of the objects' masses.,It is stronger when the objects are of smaller mass.,A,It is stronger when the objects are closer together.,The force of gravity is directly proportional to the product of the masses and inversely proportional to the square of the distance between them.,"The force of gravity increases as the objects get closer. This is described by Newton's law of universal gravitation, where the force is directly proportional to the product of the masses and inversely proportional to the square of the distance between them.",2026-09-14 12:28:50
SCI_EN_0933,English,Science,"Classical Mechanics, Forces & Laws of Motion",Easy,Which of the following best describes the principle of action and reaction in Newton's third law of motion?,"For every action, there is no reaction.","For every action, there is an equal and opposite reaction.","For every action, there is a reaction in the same direction.","For every action, there is a reaction in the opposite direction.",B,"For every action, there is an equal and opposite reaction.",The forces in a pair are equal in magnitude and opposite in direction.,"When two objects interact, they apply forces to each other of equal magnitude and opposite direction. This means that if object A exerts a force on object B, object B exerts an equal and opposite force on object A.",2026-09-14 12:28:50
SCI_EN_0934,English,Science,"Classical Mechanics, Forces & Laws of Motion",Easy,"If an object is at rest and no external forces act on it, what can be said about its motion according to Newton's first law?",It will remain at rest.,It will start moving with constant velocity.,It will move in a circular path.,It will accelerate at a constant rate.,A,It will remain at rest.,The object will maintain its state of rest because there are no external forces acting on it.,"According to Newton's first law, an object in motion stays in motion with the same speed and in the same direction, and an object at rest stays at rest if no external force is applied.",2026-09-14 12:28:50
SCI_EN_0935,English,Science,"Heat, Thermodynamics & States of Matter",Medium,"What happens to the volume of a gas when the temperature is increased while keeping the pressure constant, according to Charles's Law?",The volume decreases.,The volume increases.,The volume remains the same.,The volume fluctuates unpredictably.,B,The volume increases.,The volume of a gas increases with temperature when pressure is constant.,"According to Charles's Law, the volume of a gas is directly proportional to its temperature in Kelvin, assuming pressure is held constant.",2026-09-14 12:29:13
SCI_EN_0936,English,Science,"Heat, Thermodynamics & States of Matter",Medium,Which of the following best describes the concept of latent heat in the context of phase changes?,The heat required to change the temperature of a substance by one degree.,The heat required to change the phase of a substance without changing its temperature.,The heat required to increase the volume of a substance.,The heat required to change the internal energy of a substance.,B,The heat required to change the phase of a substance without changing its temperature.,Latent heat is the energy absorbed or released by a substance during a phase change at constant temperature.,"Latent heat is the amount of heat energy required to change the state of matter of a substance without changing its temperature, such as during melting or freezing.",2026-09-14 12:29:13
SCI_EN_0937,English,Science,"Heat, Thermodynamics & States of Matter",Medium,Which of the following statements is true regarding the first law of thermodynamics?,It states that energy is conserved in an isolated system.,It states that heat always flows from a cooler object to a hotter one.,It states that the entropy of an isolated system always increases.,It states that work can be converted entirely into heat.,A,It states that energy is conserved in an isolated system.,"The first law of thermodynamics, also known as the law of conservation of energy, states that energy cannot be created or destroyed, only converted from one form to another.","The first law of thermodynamics asserts that the total energy in a closed system remains constant, meaning that energy can be transformed but not created or destroyed.",2026-09-14 12:29:13
SCI_EN_0938,English,Science,"Heat, Thermodynamics & States of Matter",Medium,"In a reversible process, what can be said about the work done and the heat transferred in a thermodynamic cycle?",Work done and heat transferred are both zero.,Work done is maximum and heat transferred is zero.,Work done is minimum and heat transferred is maximum.,The work done and heat transferred are related by the area enclosed in the PV diagram.,D,The work done and heat transferred are related by the area enclosed in the PV diagram.,"In a reversible process, the net work done is equal to the area enclosed by the cycle in a PV diagram, which is also the net heat transferred.","For a reversible process, the work done by the system and the heat absorbed by the system are related by the area enclosed in the pressure-volume (PV) diagram of the thermodynamic cycle.",2026-09-14 12:29:13
SCI_EN_0939,English,Science,"Heat, Thermodynamics & States of Matter",Medium,Which of the following is a correct statement about the entropy of an ideal gas?,Entropy decreases when the temperature of an ideal gas decreases.,Entropy increases when the temperature of an ideal gas increases.,Entropy is independent of temperature for an ideal gas.,Entropy is only related to the pressure of an ideal gas.,B,Entropy increases when the temperature of an ideal gas increases.,"Entropy is a measure of the disorder or randomness of a system, and for an ideal gas, it increases with temperature.","Entropy is a thermodynamic property that measures the degree of disorder in a system. For an ideal gas, as the temperature increases, the molecules gain more kinetic energy, leading to an increase in the disorder of the system.",2026-09-14 12:29:13
SCI_EN_0940,English,Science,"Heat, Thermodynamics & States of Matter",Medium,What is the relationship between the heat capacity at constant pressure (Cp) and the heat capacity at constant volume (Cv) for an ideal gas?,Cp is always less than Cv.,Cp is always greater than Cv.,Cp is always equal to Cv.,Cp can be greater or less than Cv depending on the gas.,B,Cp is always greater than Cv.,The heat capacity at constant pressure (Cp) is always greater than the heat capacity at constant volume (Cv) for an ideal gas.,"The additional heat capacity at constant pressure (Cp) includes the work done by the gas against the external pressure, which is not included in the heat capacity at constant volume (Cv).",2026-09-14 12:29:13
SCI_EN_0941,English,Science,"Heat, Thermodynamics & States of Matter",Medium,Which of the following statements is true about the internal energy of an ideal gas?,It depends on both temperature and volume.,It depends only on the temperature.,It depends only on the volume.,It depends on the pressure and temperature.,B,It depends only on the temperature.,The internal energy of an ideal gas is solely a function of temperature.,"For an ideal gas, the internal energy is a function of temperature alone and does not depend on volume or external pressure.",2026-09-14 12:29:13
SCI_EN_0942,English,Science,"Heat, Thermodynamics & States of Matter",Medium,"In a thermodynamic process, if the work done by the system is positive, what can be said about the process?",The process is exothermic.,The process is endothermic.,The process is isothermal.,The process is adiabatic.,B,The process is endothermic.,"A positive work done by the system indicates that the system absorbs heat from the surroundings, which is characteristic of an endothermic process.","When a system does positive work, it means it is expanding and absorbing heat from the surroundings, leading to an endothermic process.",2026-09-14 12:29:13
SCI_EN_0943,English,Science,"Heat, Thermodynamics & States of Matter",Medium,Which of the following best describes the behavior of a substance in the critical point region?,The substance behaves like a gas.,The substance behaves like a liquid.,The substance exhibits properties of both liquid and gas.,The substance cannot exist.,C,The substance exhibits properties of both liquid and gas.,"At the critical point, a substance exhibits properties of both liquid and gas, blurring the distinction between the two phases.","At the critical point, the substance has a unique temperature and pressure where the liquid and gas phases become indistinguishable, leading to a supercritical state with properties of both phases.",2026-09-14 12:29:13
SCI_EN_0944,English,Science,"Light, Optics, Reflection & Refraction",Hard,Which of the following best explains why a fish in a fishbowl appears to be closer than it actually is when viewed from the side?,Total internal reflection occurs at the air-glass interface.,The light rays from the fish diverge after refraction at the air-glass interface.,The light rays from the fish converge at the air-glass interface.,The fish actually appears larger due to the magnification effect of the glass.,B,The light rays from the fish diverge after refraction at the air-glass interface.,The apparent shift in position is due to the change in the direction of light rays after entering a denser medium.,"When light travels from water to air, it bends away from the normal, causing the rays to diverge. This makes the fish appear closer to the observer than it is in reality.",2026-09-14 12:29:38
SCI_EN_0945,English,Science,"Light, Optics, Reflection & Refraction",Hard,"In a prism, how is the angle of minimum deviation related to the refractive index of the prism material?",It is inversely proportional to the refractive index.,It is directly proportional to the square of the refractive index.,It is independent of the refractive index.,It is directly proportional to the refractive index.,D,It is directly proportional to the refractive index.,The angle of minimum deviation increases as the refractive index of the prism material increases.,"At the angle of minimum deviation, the light rays enter and exit the prism symmetrically, and the angle is directly related to the refractive index, which governs the degree of bending of light within the prism.",2026-09-14 12:29:38
SCI_EN_0946,English,Science,"Light, Optics, Reflection & Refraction",Hard,Which phenomenon is responsible for the rainbow formation in the sky?,Diffraction of light by water droplets.,Refraction and dispersion of light by water droplets.,Total internal reflection of light by water droplets.,Absorption and re-emission of light by water droplets.,B,Refraction and dispersion of light by water droplets.,The separation of white light into its constituent colors is due to the different angles of refraction for different wavelengths.,"Raindrops act as tiny prisms, refracting and dispersing sunlight into its constituent colors. Each color is bent by a different amount, resulting in the familiar rainbow spectrum.",2026-09-14 12:29:38
SCI_EN_0947,English,Science,"Light, Optics, Reflection & Refraction",Hard,What happens to the speed of light when it passes from air into a denser medium?,It remains constant.,It increases.,It decreases.,"It first increases, then decreases.",C,It decreases.,The speed of light decreases in a denser medium due to the increased interaction with the medium's atoms or molecules.,"As light enters a denser medium, it slows down because the light waves are forced to interact more with the medium's particles, leading to a decrease in speed.",2026-09-14 12:29:38
SCI_EN_0948,English,Science,"Light, Optics, Reflection & Refraction",Hard,"In a mirror, if the object is placed at the focus of a converging mirror, where will the image be formed?",At the focus.,At infinity.,At the center of curvature.,Behind the mirror.,B,At infinity.,"The image formed at infinity is a real, inverted image, which is characteristic of a light source at the focus of a converging mirror.","When an object is placed at the focus of a converging mirror, the rays of light are parallel after reflection and thus appear to diverge from infinity, forming a virtual image at infinity.",2026-09-14 12:29:38
SCI_EN_0949,English,Science,"Light, Optics, Reflection & Refraction",Hard,What is the primary reason for the mirage phenomenon observed on hot roads?,Reflection of light from the road surface.,Refraction of light through the road surface.,Total internal reflection of light by the road surface.,Refraction of light in the air layers near the road surface.,D,Refraction of light in the air layers near the road surface.,The mirage is caused by the bending of light as it passes through air layers of varying temperature and density.,"On hot days, the air near the road is hotter and less dense than the air above it, causing light to bend upwards. This creates the illusion of water on the road, which is actually a mirage.",2026-09-14 12:29:38
SCI_EN_0950,English,Science,"Light, Optics, Reflection & Refraction",Hard,How does the polarization of light change when it passes from air into a non-polarizing material?,It becomes completely polarized.,It remains completely unpolarized.,It becomes partially polarized.,It remains partially polarized.,B,It remains completely unpolarized.,Non-polarizing materials do not alter the polarization state of light passing through them.,"Non-polarizing materials, such as glass or water, do not change the polarization of light. The light remains unpolarized after passing through these materials.",2026-09-14 12:29:38
SCI_EN_0951,English,Science,"Light, Optics, Reflection & Refraction",Hard,Which of the following best describes the polarization of light after passing through a polarizing filter?,The light becomes completely unpolarized.,The light remains completely polarized.,The light becomes partially polarized.,The light is randomly polarized.,B,The light remains completely polarized.,"A polarizing filter aligns the electric field vectors of light, making it fully polarized in one direction.","A polarizing filter allows only the light waves with their electric field vectors aligned in a specific direction to pass through, resulting in fully polarized light.",2026-09-14 12:29:38
SCI_EN_0952,English,Science,"Light, Optics, Reflection & Refraction",Hard,"In a double-slit experiment, what happens to the interference pattern when the wavelength of light is increased?",The fringes become closer together.,The fringes become wider apart.,The fringes disappear.,The interference pattern remains unchanged.,B,The fringes become wider apart.,The spacing between the interference fringes is inversely proportional to the wavelength of light.,"As the wavelength of light increases, the spacing between the interference fringes increases, making them more widely spaced. This is because longer wavelengths have a greater momentum and thus a greater ability to bend and interfere.",2026-09-14 12:29:38
SCI_EN_0953,English,Science,"Light, Optics, Reflection & Refraction",Hard,What is the primary cause of the blue color of the sky during the day?,The scattering of blue light by the ozone layer.,The absorption of red light by the atmosphere.,The Rayleigh scattering of blue light by atmospheric particles.,The reflection of blue light by clouds.,C,The Rayleigh scattering of blue light by atmospheric particles.,"Rayleigh scattering is more effective for shorter wavelengths, causing blue light to scatter more than red light.","During the day, the atmosphere scatters shorter wavelengths of light more effectively than longer wavelengths, making the sky appear blue. This is due to the Rayleigh scattering process, which is highly dependent on the wavelength of light.",2026-09-14 12:29:38
SCI_EN_0954,English,Science,"Sound, Acoustics & Wave Motion",Easy,What type of wave is produced when a guitar string vibrates?,Transverse wave,Longitudinal wave,Electromagnetic wave,Sonic wave,A,Transverse wave,"The vibration of a guitar string causes particles in the air to move up and down, creating a transverse wave.","In a transverse wave, the particles of the medium move perpendicular to the direction of wave propagation, unlike in a longitudinal wave where particles move parallel to the wave direction.",2026-09-14 12:30:00
SCI_EN_0955,English,Science,"Sound, Acoustics & Wave Motion",Easy,Which of the following factors does NOT affect the speed of sound in a gas?,The density of the gas,The temperature of the gas,The color of the gas,The type of gas,C,The color of the gas,"The speed of sound in a gas depends on its density and temperature, but not on its color.","Sound travels faster in gases with lower density and higher temperature. The color of the gas, being an optical property, does not influence its acoustic properties.",2026-09-14 12:30:00
SCI_EN_0956,English,Science,"Sound, Acoustics & Wave Motion",Easy,What is the term for the number of complete cycles of a wave that pass a fixed point per unit time?,Frequency,Amplitude,Wavelength,Speed,A,Frequency,Frequency measures how often a wave completes one cycle in a given time.,"Frequency is the number of cycles per second (Hertz), and it is a fundamental property of waves that affects the pitch of sound.",2026-09-14 12:30:00
SCI_EN_0957,English,Science,"Sound, Acoustics & Wave Motion",Easy,Which of the following is true about sound waves in a medium?,They can travel faster in solids than in liquids.,They cannot travel in a vacuum.,They have no mass.,They can travel faster in gases than in solids.,B,They cannot travel in a vacuum.,Sound waves require a medium to travel and thus cannot propagate in a vacuum.,"Sound waves require particles to travel through, and a vacuum lacks these particles, making it impossible for sound to propagate.",2026-09-14 12:30:00
SCI_EN_0958,English,Science,"Sound, Acoustics & Wave Motion",Easy,Which of the following is a way to increase the volume of a sound?,Decrease the frequency of the sound wave.,Decrease the amplitude of the sound wave.,Increase the speed of the sound wave.,Increase the amplitude of the sound wave.,D,Increase the amplitude of the sound wave.,Amplitude determines the loudness of a sound.,"Amplitude is the maximum displacement of a wave from its rest position, and a larger amplitude means a louder sound.",2026-09-14 12:30:00
SCI_EN_0959,English,Science,"Sound, Acoustics & Wave Motion",Easy,What is the term for the distance between two consecutive points in a wave that are in phase?,Frequency,Amplitude,Wavelength,Speed,C,Wavelength,Wavelength is the distance between two consecutive points that are in phase.,"Wavelength is a fundamental property of waves that describes the spatial period of the wave, or the distance over which the wave's shape repeats.",2026-09-14 12:30:00
SCI_EN_0960,English,Science,"Sound, Acoustics & Wave Motion",Easy,Which of the following best describes resonance?,The reflection of sound waves off a hard surface.,The amplification of a sound wave when it matches the natural frequency of a material.,The absorption of sound waves by a material.,The scattering of sound waves in different directions.,B,The amplification of a sound wave when it matches the natural frequency of a material.,"Resonance occurs when the frequency of an external force matches the natural frequency of a system, causing the system to oscillate with increased amplitude.","Resonance can amplify the amplitude of a wave when the frequency of the wave matches the natural frequency of the resonating system, leading to significant vibrations.",2026-09-14 12:30:00
SCI_EN_0961,English,Science,"Sound, Acoustics & Wave Motion",Easy,What is the term used to describe the phenomenon where two waves of the same frequency and amplitude overlap and interfere with each other?,Diffraction,Refraction,Interference,Absorption,C,Interference,"Interference is the result of the superposition of two or more waves, leading to a pattern of constructive and destructive interference.","When two waves overlap, they can either reinforce each other (constructive interference) or cancel each other out (destructive interference), creating a new pattern of waves.",2026-09-14 12:30:00
SCI_EN_0962,English,Science,"Electricity, Current & Magnetism",Medium,What is the unit of measurement for electric current in the International System of Units (SI)?,Volt,Ampere,Ohm,Watt,B,Ampere,The Ampere measures the rate of flow of electric charge.,"The Ampere is defined as the electric current that, when maintained in two straight parallel conductors of infinite length, of negligible circular cross-section, and placed 1 meter apart in vacuum, produces between these conductors a force equal to 2 × 10^-7 newtons per meter of length.",2026-09-14 12:30:21
SCI_EN_0963,English,Science,"Electricity, Current & Magnetism",Medium,Which law states that the force between two current-carrying wires is proportional to the product of the currents and the length of the wires and is inversely proportional to the distance between them?,Ohm's Law,Faraday's Law of Induction,Ampère's Law,Kirchhoff's Law,C,Ampère's Law,Ampère's Law describes the magnetic field around a current-carrying wire.,"Ampère's Law relates the magnetic field created around a closed loop to the electric current passing through the loop, which is essential for understanding the force between current-carrying wires.",2026-09-14 12:30:21
SCI_EN_0964,English,Science,"Electricity, Current & Magnetism",Medium,What is the term used to describe the strength of the magnetic field produced by a current-carrying conductor?,Magnetic Flux,Magnetic Permeability,Magnetic Induction,Magnetic Field Strength,D,Magnetic Field Strength,Magnetic Field Strength quantifies the magnetic field's strength at a given point.,"Magnetic Field Strength, measured in Amperes per meter, indicates the intensity of the magnetic field generated by a current-carrying conductor.",2026-09-14 12:30:21
SCI_EN_0965,English,Science,"Electricity, Current & Magnetism",Medium,What is the name of the force that causes a current-carrying conductor to move in a magnetic field?,Electrostatic Force,Magnetic Force,Gravitational Force,Centrifugal Force,B,Magnetic Force,Magnetic Force is the force that acts on a moving charge in a magnetic field.,"Magnetic Force arises due to the interaction between a magnetic field and a moving charge, causing the conductor to move when placed in a magnetic field.",2026-09-14 12:30:21
SCI_EN_0966,English,Science,"Electricity, Current & Magnetism",Medium,"In an electric circuit, which component would you use to protect against overcurrent and short circuits?",Battery,Resistor,Fuse,Capacitor,C,Fuse,A fuse is designed to melt and interrupt the circuit when excessive current flows.,"Fuses are safety devices that are used to protect electrical circuits from overcurrent, which could lead to fires or other hazards.",2026-09-14 12:30:21
SCI_EN_0967,English,Science,"Electricity, Current & Magnetism",Medium,What is the SI unit for measuring the magnetic flux through a surface?,Tesla,Weber,Henry,Ampere,B,Weber,Weber measures the total magnetic flux through a given area.,"The Weber is the standard unit for magnetic flux, quantifying the total magnetic flux through a surface, which is crucial for understanding magnetic fields and their interactions.",2026-09-14 12:30:21
SCI_EN_0968,English,Science,"Electricity, Current & Magnetism",Medium,Which of the following is a consequence of Ohm's Law (V = IR)?,The voltage across a resistor is inversely proportional to its resistance.,The resistance of a conductor is independent of the voltage applied.,The current through a conductor is directly proportional to the voltage applied.,The resistance of a conductor increases with the length of the conductor.,C,The current through a conductor is directly proportional to the voltage applied.,"Ohm's Law establishes the relationship between voltage, current, and resistance in a linear circuit.","According to Ohm's Law, the current through a conductor is directly proportional to the voltage applied across it, provided the temperature and physical conditions remain constant.",2026-09-14 12:30:21
SCI_EN_0969,English,Science,"Electricity, Current & Magnetism",Medium,What is the term for the magnetic field lines that are always perpendicular to the direction of the current in a straight wire?,Radial Magnetic Field,Circular Magnetic Field,Spiral Magnetic Field,Divergent Magnetic Field,B,Circular Magnetic Field,The magnetic field lines around a current-carrying wire form concentric circles.,"Ampère's Right-Hand Rule can be used to determine the direction of the magnetic field lines around a straight current-carrying wire, which are circular and centered on the wire.",2026-09-14 12:30:21
SCI_EN_0970,English,Science,"Electricity, Current & Magnetism",Medium,Which of the following is a unit of electric charge?,Volt,Ampere,Coulomb,Ohm,C,Coulomb,The Coulomb is the SI unit for electric charge.,"The Coulomb measures the amount of electric charge, which is the fundamental unit of electric charge, and is used to quantify the flow of electric current over time.",2026-09-14 12:30:21
SCI_EN_0971,English,Science,"Modern Physics, Atoms & Nuclear Energy",Hard,Which of the following best describes the nuclear force that holds the protons and neutrons together in the nucleus?,A strong nuclear force that acts over a range of 1 femtometer (1 fm),A weak nuclear force that acts over a range of 10 femtometers (10 fm),Electromagnetic force that acts over a range of 10^-10 meters,Gravitational force that acts over a range of 10^-15 meters,A,A strong nuclear force that acts over a range of 1 femtometer (1 fm),The strong nuclear force is responsible for overcoming the repulsive electromagnetic forces between protons in the nucleus.,"The strong nuclear force is much stronger than the electromagnetic force but acts over a very short range, making it the dominant force within the nucleus.",2026-09-14 12:30:47
SCI_EN_0972,English,Science,"Modern Physics, Atoms & Nuclear Energy",Hard,Which of the following equations correctly represents the relationship between the rest mass energy (E) and the rest mass (m) of a particle according to Einstein's mass-energy equivalence principle?,E = mc^2,E = 1/2 mc^2,E = hν,E = kT,A,E = mc^2,This equation shows that energy is equivalent to mass multiplied by the speed of light squared.,"Einstein's famous equation expresses the principle that mass can be converted into energy and vice versa, with c^2 representing the conversion factor.",2026-09-14 12:30:47
SCI_EN_0973,English,Science,"Modern Physics, Atoms & Nuclear Energy",Hard,"In the context of beta decay, which of the following processes is involved in the emission of an electron or positron from a nucleus?","Alpha decay, where the nucleus emits an alpha particle (a helium-4 nucleus)","Gamma decay, where the nucleus emits a high-energy photon","Beta-plus decay, where a proton is converted into a neutron, emitting a positron","Beta-minus decay, where a neutron is converted into a proton, emitting an electron",D,"Beta-minus decay, where a neutron is converted into a proton, emitting an electron","Beta-minus decay involves a neutron transforming into a proton, emitting an electron and an antineutrino.","This process changes the atomic number of the nucleus by +1, turning a neutron into a proton, while the electron is ejected as a beta particle.",2026-09-14 12:30:47
SCI_EN_0974,English,Science,"Modern Physics, Atoms & Nuclear Energy",Hard,Which of the following best describes the Compton effect and its significance in understanding particle behavior?,The phenomenon where light is converted entirely into particles without any wavelength change,The effect where a photon's wavelength changes upon scattering off a free electron,"The process where an electron is ejected from an atom, leaving the atom in an excited state","The interaction where a photon is absorbed by a nucleus, causing it to emit a particle",B,The effect where a photon's wavelength changes upon scattering off a free electron,The Compton effect demonstrates that photons have momentum and exhibit particle-like behavior.,"This effect shows that when a photon scatters off a free electron, its wavelength increases, indicating that photons carry momentum and can interact like particles.",2026-09-14 12:30:47
SCI_EN_0975,English,Science,"Modern Physics, Atoms & Nuclear Energy",Hard,Which of the following statements accurately describes the concept of a half-life in radioactive decay?,The time it takes for a radioactive isotope to completely decay into a stable element,The time it takes for a radioactive isotope to decay to half its original activity,The time it takes for the energy released by a radioactive isotope to halve,The time it takes for a radioactive isotope to emit a specific number of gamma rays,B,The time it takes for a radioactive isotope to decay to half its original activity,Half-life is a measure of the time required for a given quantity of a radioactive substance to decrease by half.,"Half-life is a fundamental concept in nuclear physics, used to predict the decay of radioactive isotopes and in various applications like radiocarbon dating.",2026-09-14 12:30:47
SCI_EN_0976,English,Science,"Modern Physics, Atoms & Nuclear Energy",Hard,"In the context of quantum mechanics, which of the following principles is illustrated by the Heisenberg Uncertainty Principle?",The principle that the momentum and velocity of a particle can be precisely determined simultaneously,The principle that the position and velocity of a particle cannot be precisely determined simultaneously,The principle that the energy of a particle is always quantized,The principle that the position of a particle can be determined with arbitrary precision,B,The principle that the position and velocity of a particle cannot be precisely determined simultaneously,"The Heisenberg Uncertainty Principle states that there is a fundamental limit to the precision with which certain pairs of physical properties, like position and momentum, can be measured.","This principle highlights the inherent uncertainty in the quantum world, where the more precisely one property is known, the less precisely the other can be known.",2026-09-14 12:30:47
SCI_EN_0977,English,Science,"Modern Physics, Atoms & Nuclear Energy",Hard,Which of the following best describes the principle of energy conservation in the context of nuclear fission?,The total mass of the reactants is always greater than the total mass of the products,The total energy of the reactants is always greater than the total energy of the products,The total energy released during fission is equal to the mass defect multiplied by c^2,The total energy absorbed by the fission reaction is equal to the energy emitted by the fission products,C,The total energy released during fission is equal to the mass defect multiplied by c^2,"In nuclear fission, the mass defect is converted into energy, following Einstein's mass-energy equivalence principle.","This principle states that the energy released in a nuclear fission reaction is the result of the conversion of a small amount of mass into energy, according to E = mc^2.",2026-09-14 12:30:47
SCI_EN_0978,English,Science,"Modern Physics, Atoms & Nuclear Energy",Hard,Which of the following best describes the role of a moderator in a nuclear reactor?,To absorb excess neutrons and control the fission reaction,To convert thermal energy into kinetic energy,To increase the speed of neutrons to facilitate fission,To decrease the speed of neutrons and slow down the fission reaction,D,To decrease the speed of neutrons and slow down the fission reaction,"A moderator slows down fast neutrons, making them more likely to cause fission in the fuel.","Moderators, such as water or graphite, slow down the neutrons, increasing the probability of them being captured by fissile nuclei, thus controlling the rate of the fission reaction.",2026-09-14 12:30:47
SCI_EN_0979,English,Science,"Modern Physics, Atoms & Nuclear Energy",Hard,Which of the following best describes the concept of a critical mass in nuclear fission?,The minimum mass of a fissile material required to sustain a chain reaction,The maximum mass of a fissile material that can be used in a reactor,The mass of a fissile material that can be completely converted into energy,The mass of a fissile material that is safe to handle without causing a chain reaction,A,The minimum mass of a fissile material required to sustain a chain reaction,Critical mass is the smallest amount of fissile material needed to maintain a self-sustaining nuclear reaction.,"Achieving the critical mass ensures that the number of neutrons produced by fission is sufficient to sustain the reaction, preventing it from dying out.",2026-09-14 12:30:47
SCI_EN_0980,English,Science,"Atomic Structure, Molecules & Chemical Bonding",Easy,Which of the following is a subatomic particle found in the nucleus of an atom?,Electron,Proton,Neutron,Molecule,B,Proton,Protons are positively charged particles found in the nucleus.,Protons are fundamental particles that contribute to the atomic mass and positive charge of an atom’s nucleus.,2026-09-14 12:31:08
SCI_EN_0981,English,Science,"Atomic Structure, Molecules & Chemical Bonding",Easy,"In the periodic table, what determines the number of valence electrons in an atom?",Atomic mass,Atomic number,Atomic volume,Atomic radius,B,Atomic number,The atomic number defines the number of protons and thus the number of valence electrons.,"The atomic number indicates the number of protons in the nucleus, which directly determines the number of valence electrons in a neutral atom.",2026-09-14 12:31:08
SCI_EN_0982,English,Science,"Atomic Structure, Molecules & Chemical Bonding",Easy,What type of bond is formed when atoms share electrons?,Ionic bond,Covalent bond,Metallic bond,Van der Waals bond,B,Covalent bond,A covalent bond is formed by the sharing of electrons between atoms.,"In a covalent bond, atoms share electrons to achieve a stable electron configuration, which typically results in a molecule.",2026-09-14 12:31:08
SCI_EN_0983,English,Science,"Atomic Structure, Molecules & Chemical Bonding",Easy,What is the term for the smallest particle of an element that retains the properties of that element?,Isotope,Molecule,Atom,Ion,C,Atom,An atom is the basic unit of an element.,Atoms are the fundamental particles that make up elements and are the smallest unit of an element that retains its chemical properties.,2026-09-14 12:31:08
SCI_EN_0984,English,Science,"Atomic Structure, Molecules & Chemical Bonding",Easy,What is the primary difference between an ionic bond and a covalent bond?,"Ionic bonds involve electron sharing, while covalent bonds involve electron transfer.","Ionic bonds involve electron transfer, while covalent bonds involve electron sharing.","Ionic bonds involve electron sharing, while covalent bonds involve electron donation.","Ionic bonds involve electron donation, while covalent bonds involve electron sharing.",B,"Ionic bonds involve electron transfer, while covalent bonds involve electron sharing.","Ionic bonds occur when electrons are transferred between atoms, while covalent bonds involve sharing of electrons.","In an ionic bond, one atom donates electrons to another, creating oppositely charged ions. In a covalent bond, atoms share electrons to achieve a stable configuration.",2026-09-14 12:31:08
SCI_EN_0985,English,Science,"Atomic Structure, Molecules & Chemical Bonding",Easy,Which of the following is an example of a diatomic molecule?,CO2,H2,O3,CH4,B,H2,Diatomic molecules consist of two atoms of the same or different elements.,H2 is a diatomic molecule consisting of two hydrogen atoms bonded together.,2026-09-14 12:31:08
SCI_EN_0986,English,Science,"Atomic Structure, Molecules & Chemical Bonding",Easy,What is the significance of the octet rule in chemical bonding?,It states that atoms always lose electrons.,It suggests that atoms form bonds to achieve a full outer shell of electrons.,It indicates that atoms can only form one bond.,It describes the transfer of electrons from one atom to another.,B,It suggests that atoms form bonds to achieve a full outer shell of electrons.,The octet rule explains why atoms bond to achieve a stable electron configuration with eight valence electrons.,"The octet rule is a principle in chemistry that suggests atoms are most stable when they have eight valence electrons, leading to the formation of various types of chemical bonds.",2026-09-14 12:31:08
SCI_EN_0987,English,Science,"Atomic Structure, Molecules & Chemical Bonding",Easy,Which of the following best describes a molecule with a polar covalent bond?,Both atoms have equal electronegativity.,The molecule is completely ionic.,The molecule has an unequal sharing of electrons.,The molecule has no dipole moment.,C,The molecule has an unequal sharing of electrons.,"In a polar covalent bond, the electrons are shared unevenly between atoms.","In a polar covalent bond, one atom has a stronger attraction for the shared electrons, resulting in a partial positive charge on one atom and a partial negative charge on the other, creating a dipole moment.",2026-09-14 12:31:08
SCI_EN_0988,English,Science,"Periodic Table, Metals & Non-metals",Medium,Which group in the periodic table contains the most reactive metals?,Group 2 (Alkaline Earth Metals),Group 1 (Alkali Metals),Group 17 (Halogens),Group 18 (Noble Gases),B,Group 1 (Alkali Metals),"Group 1 elements, or alkali metals, are highly reactive due to having only one valence electron.","Alkali metals, such as sodium and potassium, readily lose their single valence electron to form positive ions, making them highly reactive with many substances, including water.",2026-09-14 12:31:30
SCI_EN_0989,English,Science,"Periodic Table, Metals & Non-metals",Medium,Which of the following is a characteristic property of non-metals?,Good conductor of heat and electricity,Shiny and malleable,Poor conductor of heat and electricity,Ductile and malleable,C,Poor conductor of heat and electricity,"Non-metals generally do not conduct heat or electricity well, which is different from metals.","This is because non-metals do not have free electrons that can move to conduct electricity or heat, unlike metals which have a sea of delocalized electrons.",2026-09-14 12:31:30
SCI_EN_0990,English,Science,"Periodic Table, Metals & Non-metals",Medium,Which of the following elements is a metal that exhibits both metallic and non-metallic properties?,Sodium (Na),Silicon (Si),Phosphorus (P),Boron (B),D,Boron (B),Boron has properties of both metals and non-metals.,"Boron can form covalent bonds and is brittle, which are non-metal properties, but it can also conduct electricity to some extent, which is a metal property.",2026-09-14 12:31:30
SCI_EN_0991,English,Science,"Periodic Table, Metals & Non-metals",Medium,Which element in the periodic table is a metal that forms a diatomic molecule?,Nitrogen (N),Oxygen (O),Sodium (Na),Chlorine (Cl),B,Oxygen (O),"Oxygen is a diatomic molecule, meaning it forms a molecule with one other atom of the same element.","Oxygen exists as O2 in nature, where two oxygen atoms are covalently bonded together, which is a characteristic of diatomic molecules.",2026-09-14 12:31:30
SCI_EN_0992,English,Science,"Periodic Table, Metals & Non-metals",Medium,Which of the following elements is a metal that is known for its high reactivity and ability to form multiple oxidation states?,Sodium (Na),Iron (Fe),Aluminum (Al),Copper (Cu),A,Sodium (Na),Sodium is highly reactive and can form multiple oxidation states.,"Sodium readily loses its single valence electron, making it highly reactive, and can form +1, +2, and +3 oxidation states, though +1 is most common.",2026-09-14 12:31:30
SCI_EN_0993,English,Science,"Periodic Table, Metals & Non-metals",Medium,Which of the following elements is a non-metal that is a good semiconductor?,Sodium (Na),Silicon (Si),Phosphorus (P),Sulfur (S),B,Silicon (Si),Silicon is a non-metal that can be used as a semiconductor.,"Silicon, being a metalloid, has properties of both metals and non-metals, making it suitable for semiconductor devices due to its ability to control electron flow.",2026-09-14 12:31:30
SCI_EN_0994,English,Science,"Periodic Table, Metals & Non-metals",Medium,Which of the following elements is a non-metal that forms a common acid when combined with hydrogen?,Chlorine (Cl),Boron (B),Nitrogen (N),Oxygen (O),A,Chlorine (Cl),Chlorine forms hydrochloric acid when combined with hydrogen.,"Chlorine reacts with hydrogen to form hydrochloric acid (HCl), which is a common acid.",2026-09-14 12:31:30
SCI_EN_0995,English,Science,"Periodic Table, Metals & Non-metals",Medium,Which of the following elements is a metal that is commonly used in the production of batteries?,Sodium (Na),Mercury (Hg),Copper (Cu),Zinc (Zn),D,Zinc (Zn),Zinc is a metal commonly used in batteries.,Zinc is widely used in various types of batteries due to its electrochemical properties and ability to provide stable current flow.,2026-09-14 12:31:30
SCI_EN_0996,English,Science,"Acids, Bases, Salts & Chemical Reactions",Hard,"In the reaction between sodium hydroxide (NaOH) and hydrochloric acid (HCl), which of the following products is formed?",NaCl and H2O,NaCl and H2,NaOH and H2O,NaOH and H2,A,NaCl and H2O,The reaction between a strong acid and a strong base produces a salt and water.,"The balanced chemical equation is NaOH + HCl → NaCl + H2O. Sodium chloride (NaCl) is a salt, and water (H2O) is produced as a result of the neutralization reaction.",2026-09-14 12:31:46
SCI_EN_0997,English,Science,"Acids, Bases, Salts & Chemical Reactions",Hard,Which of the following statements best describes the concept of a conjugate acid-base pair in the context of the Bronsted-Lowry theory?,A conjugate acid-base pair consists of a pair of substances that differ by a proton (H+).,A conjugate acid-base pair consists of a pair of substances that differ by an electron pair.,A conjugate acid-base pair consists of a pair of substances that are neutral at the same pH.,A conjugate acid-base pair consists of a pair of substances that are always in the same phase.,A,A conjugate acid-base pair consists of a pair of substances that differ by a proton (H+).,"In the Bronsted-Lowry theory, a proton donor (acid) and a proton acceptor (base) form a conjugate pair.","For example, in the reaction NH3 + H2O → NH4+ + OH-, NH3 acts as a base by accepting a proton to form NH4+, and H2O acts as an acid by donating a proton to form OH-. These two are a conjugate acid-base pair.",2026-09-14 12:31:46
SCI_EN_0998,English,Science,"Acids, Bases, Salts & Chemical Reactions",Hard,Which of the following salts will produce a basic solution when dissolved in water?,NaCl,K2SO4,NH4Cl,Cu(NO3)2,C,NH4Cl,Ammonium chloride (NH4Cl) is a salt that produces a basic solution due to the hydrolysis of its ammonium ion.,"NH4Cl dissociates in water to form NH4+ and Cl-. The NH4+ ion hydrolyzes to form NH3 and H3O+, but since it is a weak acid, it does not completely dissociate, leaving behind a slight excess of OH- ions, making the solution slightly basic.",2026-09-14 12:31:46
SCI_EN_0999,English,Science,"Acids, Bases, Salts & Chemical Reactions",Hard,"In the reaction 2NaHCO3 → Na2CO3 + CO2 + H2O, what type of reaction is this, and which substance acts as the reducing agent?","Decomposition, Na2CO3","Decomposition, CO2","Combination, Na2CO3","Combination, CO2",B,"Decomposition, CO2","The reaction is a decomposition reaction, and the carbon dioxide (CO2) is the reducing agent.","In this reaction, sodium bicarbonate (NaHCO3) decomposes to form sodium carbonate (Na2CO3), carbon dioxide (CO2), and water (H2O). The carbon dioxide is produced, and it acts as the reducing agent by accepting electrons during the decomposition process.",2026-09-14 12:31:46
SCI_EN_1000,English,Science,"Acids, Bases, Salts & Chemical Reactions",Hard,"Which of the following statements is true regarding the solubility of salts in water, specifically those containing silver ions (Ag+)?",All silver salts are highly soluble in water.,"Silver salts are generally insoluble in water, with a few exceptions.",Silver salts are only soluble in water at high temperatures.,Silver salts are soluble in water only when mixed with acids.,B,"Silver salts are generally insoluble in water, with a few exceptions.","Silver salts, such as silver chloride (AgCl) and silver sulfate (Ag2SO4), are generally insoluble in water, except for those with a very high concentration of chloride or sulfate ions.","Silver salts are known to be insoluble in water due to the strong coordination bond between silver and chloride/sulfate ions. However, salts like silver nitrate (AgNO3) are soluble because of the strong positive charge of the nitrate ion, which disrupts the coordination bond.",2026-09-14 12:31:46
