id,language,category,subtopic,difficulty,question,option_a,option_b,option_c,option_d,correct_option,correct_answer,meaning,explanation,created_at
GK_EN_0001,English,General Knowledge,General Knowledge Sample,Medium,Who was the first woman Prime Minister of India?,Indira Gandhi,Sarojini Naidu,Pratibha Patil,Sushma Swaraj,A,Indira Gandhi,Indira Gandhi was elected leader of the Indian National Congress in 1966.,Indira Gandhi served as Prime Minister from 1966 to 1977 and 1980 to 1984.,2026-09-14 08:47:50
GK_EN_0002,English,General Knowledge,General Knowledge Sample,Medium,Which planet in our solar system is known as the Red Planet?,Mars,Venus,Jupiter,Saturn,A,Mars,Mars has reddish surface soil rich in iron oxide (rust).,Mars appears reddish due to iron oxide on its surface.,2026-09-14 08:47:50
GK_EN_0003,English,General Knowledge,General Knowledge Sample,Medium,Where is the headquarters of the United Nations located?,New York City,Geneva,Paris,London,A,New York City,"The UN headquarters is an international territory located in Manhattan, NYC.",The UN headquarters was completed in 1952 in New York City.,2026-09-14 08:47:50
GK_EN_0004,English,General Knowledge,General Knowledge Sample,Medium,Who wrote the national anthem of India 'Jana Gana Mana'?,Rabindranath Tagore,Bankim Chandra Chattopadhyay,Sarojini Naidu,Kavi Pradeep,A,Rabindranath Tagore,Tagore composed 'Bharoto Bhagyo Bidhata' which became the national anthem.,It was originally composed in Bengali by Rabindranath Tagore.,2026-09-14 08:47:50
GK_EN_0005,English,General Knowledge,General Knowledge Sample,Medium,Which is the longest river in India?,Ganga,Yamuna,Godavari,Brahmaputra,A,Ganga,"Ganga flows 2,525 km completely through India and Bangladesh.","The Ganges has a total length of 2,525 km.",2026-09-14 08:47:50
GK_EN_0006,English,General Knowledge,Ancient & Medieval History,Easy,Which ancient civilization is known for constructing the Great Pyramid of Giza?,Indus Valley Civilization,Ancient Egypt,Maya Civilization,Mesopotamian Civilization,B,Ancient Egypt,The Great Pyramid of Giza is one of the Seven Wonders of the Ancient World and is a testament to the architectural prowess of the Ancient Egyptians.,"The Great Pyramid of Giza, built as a tomb for the Pharaoh Khufu, is the oldest and largest of the three pyramids in the Giza pyramid complex and is a symbol of ancient Egyptian engineering and cultural achievements.",2026-09-14 11:01:15
GK_EN_0007,English,General Knowledge,Ancient & Medieval History,Easy,"Who is known as the first Roman Emperor, marking the transition from Roman Republic to Roman Empire?",Julius Caesar,Nero,Augustus,Tiberius,C,Augustus,"Augustus is recognized as the first Roman Emperor, who took power after the fall of the Roman Republic and initiated the Pax Romana, a period of relative peace in the Empire.","Augustus, also known as Octavian, defeated his rivals and took the title of Princeps, which meant 'first citizen' or 'first among equals', effectively making him the first Roman Emperor and ushering in a new era of Roman history.",2026-09-14 11:01:15
GK_EN_0008,English,General Knowledge,Ancient & Medieval History,Easy,The Battle of Hastings in 1066 is associated with which of the following historical figures?,William the Conqueror,Richard the Lionheart,Henry VIII,Oliver Cromwell,A,William the Conqueror,"William the Conqueror led the Norman invasion of England and defeated King Harold II in the Battle of Hastings, leading to the Norman conquest of England.",The Battle of Hastings was a decisive engagement in the Norman conquest of England. William the Conqueror's victory over King Harold II secured his claim to the English throne and marked the beginning of Norman rule in England.,2026-09-14 11:01:15
GK_EN_0009,English,General Knowledge,Ancient & Medieval History,Easy,Who is credited with the invention of the first mechanical clock in the Middle Ages?,Leonardo da Vinci,Galileo Galilei,Abu Rayhan al-Biruni,Isaac Newton,C,Abu Rayhan al-Biruni,"Abu Rayhan al-Biruni, a Persian polymath, is recognized for his contributions to various fields including the invention of the first mechanical clock in the 10th century.","Al-Biruni developed a mechanical clock that used water to keep time, which was a significant advancement in timekeeping technology during the medieval period, allowing for more accurate measurements and scheduling of daily activities.",2026-09-14 11:01:15
GK_EN_0010,English,General Knowledge,Ancient & Medieval History,Easy,Which of the following was a key figure in the Byzantine Empire during the 6th century?,Constantine the Great,Justinian I,Theodore I Laskaris,Alexios I Komnenos,B,Justinian I,"Justinian I, also known as Justinian the Great, was a Byzantine emperor who is renowned for his extensive legal reforms and the construction of the Hagia Sophia.","Justinian I is known for his codification of Roman law and his efforts to restore the Roman Empire, including his military campaigns and the construction of the Hagia Sophia, a masterpiece of Byzantine architecture, which still stands today as a symbol of the empire's cultural and architectural achievements.",2026-09-14 11:01:15
GK_EN_0011,English,General Knowledge,Ancient & Medieval History,Easy,Which of the following ancient civilizations is known for the construction of the Hanging Gardens of Babylon?,Egypt,Babylon,Greece,Rome,B,Babylon,The Hanging Gardens of Babylon are one of the Seven Wonders of the Ancient World.,"The Hanging Gardens of Babylon are believed to have been constructed by King Nebuchadnezzar II around 600 BC to please his wife who missed the greenery of her homeland. They are considered one of the Seven Wonders of the Ancient World, though their existence is debated by some historians.",2026-09-14 11:08:18
GK_EN_0012,English,General Knowledge,Ancient & Medieval History,Easy,Who is credited with the construction of the Colosseum in Rome?,Julius Caesar,Augustus,Nero,Vespasian,D,Vespasian,"Vespasian initiated the construction of the Colosseum, which was completed by his son Titus in 80 AD.","The Colosseum, or Flavian Amphitheatre, was built between 70-80 AD and is one of the most iconic structures of ancient Rome, serving as a venue for gladiatorial contests and public spectacles.",2026-09-14 11:08:18
GK_EN_0013,English,General Knowledge,Ancient & Medieval History,Easy,Which of the following is known as the last Roman Emperor before the fall of the Western Roman Empire?,Constantine,Theodosius,Maxentius,Romulus Augustus,D,Romulus Augustus,"Romulus Augustus was the last emperor of the Western Roman Empire, who was deposed in 476 AD.","Romulus Augustus was the last emperor of the Western Roman Empire, reigning until 476 AD when he was deposed by the Germanic chieftain Odoacer, marking the end of Roman rule in the West.",2026-09-14 11:08:18
GK_EN_0014,English,General Knowledge,Ancient & Medieval History,Easy,Which of the following historical figures is known for his philosophical dialogues and has influenced Western philosophy profoundly?,Plato,Socrates,Aristotle,Homer,A,Plato,Plato's dialogues are central to the study of Western philosophy and ethics.,"Plato, a student of Socrates, wrote numerous dialogues that explore philosophical concepts and are fundamental to Western philosophical thought, especially in areas like ethics, metaphysics, and epistemology.",2026-09-14 11:08:18
GK_EN_0015,English,General Knowledge,Ancient & Medieval History,Easy,Which of the following is known as the first king of the united Kingdom of Israel?,Solomon,David,Abraham,Jacob,B,David,David is known for his victory over Goliath and his role in establishing a unified kingdom.,"King David is a central figure in the Old Testament, renowned for his military victories, his defeat of Goliath, and his establishment of a united kingdom. He is also known for his relationship with God and for authoring many Psalms.",2026-09-14 11:08:18
GK_EN_0016,English,General Knowledge,Ancient & Medieval History,Easy,Which of the following empires is known for its vast size and cultural diversity during the 13th century?,Byzantine,Mongol,Persian,Armenian,B,Mongol,The Mongol Empire was the largest contiguous land empire in history.,"The Mongol Empire, founded by Genghis Khan in the 13th century, expanded rapidly and became the largest contiguous land empire in history, stretching from Eastern Europe to the Sea of Japan.",2026-09-14 11:08:18
GK_EN_0017,English,General Knowledge,Ancient & Medieval History,Easy,Which of the following rulers is known for converting to Christianity and establishing the Byzantine Empire?,Theodosius,Justinian,Constantine,Nero,C,Constantine,Constantine I played a crucial role in the adoption of Christianity as the state religion of the Roman Empire.,"Constantine I is known for his Edict of Milan in 313 AD, which granted religious tolerance in the Roman Empire, and for his conversion to Christianity, which played a significant role in the spread and eventual adoption of Christianity as the state religion of the Roman Empire.",2026-09-14 11:08:18
GK_EN_0018,English,General Knowledge,Ancient & Medieval History,Easy,Which of the following is known as the first emperor of the Holy Roman Empire?,Charlemagne,Otto I,Louis I,Henry I,A,Charlemagne,Charlemagne was crowned as the first emperor of the Holy Roman Empire in 800 AD by Pope Leo III.,"Charlemagne, also known as Charles the Great, was crowned the first emperor of the Holy Roman Empire by Pope Leo III on Christmas Day, 800 AD, marking the beginning of a new era of Christian rule in Europe.",2026-09-14 11:08:18
GK_EN_0019,English,General Knowledge,Ancient & Medieval History,Easy,Which of the following is known for his conquest of the Iberian Peninsula (modern-day Spain and Portugal) and the establishment of Moorish rule?,Charlemagne,Rome,Vikings,Muslims,D,Muslims,The Muslim conquest of the Iberian Peninsula began in the 8th century and lasted until the late 15th century with the fall of Granada.,"The Muslim conquest of the Iberian Peninsula, also known as the Islamic Conquest of the Iberian Peninsula, began in 711 AD when Muslim forces from North Africa crossed the Strait of Gibraltar and began their campaign to take over the Iberian Peninsula, leading to the establishment of the Emirate of Córdoba.",2026-09-14 11:08:18
GK_EN_0020,English,General Knowledge,Ancient & Medieval History,Easy,"Which of the following is known for his famous works 'The Divine Comedy' and 'The Inferno', 'Purgatorio', and 'Paradiso'?",Dante Alighieri,Boccaccio,Chaucer,Shakespeare,A,Dante Alighieri,Dante Alighieri is a key figure in the history of Italian literature and poetry.,"Dante Alighieri is renowned for his epic poem 'The Divine Comedy', which is considered one of the greatest works of world literature and a cornerstone of Italian cultural heritage. The poem consists of three parts: 'Inferno', 'Purgatorio', and 'Paradiso'.",2026-09-14 11:08:18
GK_EN_0021,English,General Knowledge,Modern Indian History & Freedom Struggle,Medium,Who led the Quit India Movement in 1942?,Subhas Chandra Bose,Jawaharlal Nehru,Mahatma Gandhi,Sardar Vallabhbhai Patel,C,Mahatma Gandhi,Mahatma Gandhi was the leader who called for an immediate end to British rule in India and initiated the Quit India Movement.,"Mahatma Gandhi was a key figure in the Indian independence movement, and his call for immediate independence in 1942 was the primary catalyst for the Quit India Movement.",2026-09-14 11:08:45
GK_EN_0022,English,General Knowledge,Modern Indian History & Freedom Struggle,Medium,"Which event is considered a significant turning point in the Indian freedom struggle, marking the beginning of non-violent civil disobedience?",The partition of Bengal in 1905,The Jallianwala Bagh Massacre in 1919,The Chauri Chaura incident in 1922,The Salt March led by Gandhi in 1930,B,The Jallianwala Bagh Massacre in 1919,The Jallianwala Bagh Massacre led to widespread outrage and inspired Gandhi to launch the non-violent civil disobedience movement.,"The Jallianwala Bagh Massacre, where British troops fired on unarmed civilians, galvanized public opinion and led Gandhi to propose the non-violent campaign against British rule, known as the Non-Cooperation Movement.",2026-09-14 11:08:45
GK_EN_0023,English,General Knowledge,Modern Indian History & Freedom Struggle,Medium,"Which of the following was the first Indian constitution that was adopted on January 26, 1950?",The Indian Independence Act of 1947,The Government of India Act of 1935,The Indian Constitution,The Constitution of Pakistan,C,The Indian Constitution,"The Indian Constitution was the first written constitution of India, providing the legal framework for the nation's governance.","The Indian Constitution, adopted on January 26, 1950, was the first written constitution of the newly independent India, establishing the democratic structure of the country.",2026-09-14 11:08:45
GK_EN_0024,English,General Knowledge,Modern Indian History & Freedom Struggle,Medium,Who is known as the father of the Indian Navy and played a crucial role in the Indian independence movement?,Bal Gangadhar Tilak,Lala Lajpat Rai,Gopal Krishna Gokhale,Pandit Jawaharlal Nehru,D,Pandit Jawaharlal Nehru,"Pandit Nehru, also known as Pandit Jawaharlal Nehru, was a prominent leader in the Indian independence movement and is credited with the founding of the Indian Navy.","Pandit Jawaharlal Nehru was a key figure in the Indian independence movement, and his role in establishing the Indian Navy as a symbol of national pride and self-reliance during the freedom struggle is well-recognized.",2026-09-14 11:08:45
GK_EN_0025,English,General Knowledge,Modern Indian History & Freedom Struggle,Medium,Which of the following was the first Indian to receive the Nobel Prize in Literature?,Rabindranath Tagore,R.K. Narayan,V. S. Naipaul,Salman Rushdie,A,Rabindranath Tagore,"Rabindranath Tagore received the Nobel Prize in Literature in 1913, making him the first Indian to receive this prestigious award.","Rabindranath Tagore was a renowned poet, philosopher, and writer who received the Nobel Prize in Literature in 1913, recognizing his significant contribution to literature and his profound impact on Indian culture.",2026-09-14 11:08:45
GK_EN_0026,English,General Knowledge,Modern Indian History & Freedom Struggle,Medium,Which of the following movements was launched by Mahatma Gandhi to protest against the British salt tax?,The Non-Cooperation Movement,The Civil Disobedience Movement,The Quit India Movement,The Dandi March (Salt Satyagraha),D,The Dandi March (Salt Satyagraha),"The Dandi March, also known as the Salt Satyagraha, was a pivotal event in the Indian freedom struggle, led by Gandhi to protest against the salt tax imposed by the British.","The Dandi March, or Salt Satyagraha, was a significant non-violent protest against the British salt tax, led by Mahatma Gandhi, which demonstrated the power of civil disobedience and non-cooperation.",2026-09-14 11:08:45
GK_EN_0027,English,General Knowledge,Modern Indian History & Freedom Struggle,Medium,Which of the following was a significant event that marked the end of the British Raj in India?,The partition of India in 1947,The signing of the Quit India resolution in 1942,The Indian Independence Act of 1947,The establishment of the Cripps Mission in 1942,C,The Indian Independence Act of 1947,"The Indian Independence Act of 1947 formally ended the British Raj and granted independence to India, marking a new era in the nation's history.","The Indian Independence Act of 1947 was a landmark piece of legislation that formally ended the British Raj and granted independence to India, paving the way for the establishment of a sovereign nation.",2026-09-14 11:08:45
GK_EN_0028,English,General Knowledge,Modern Indian History & Freedom Struggle,Medium,"Who was the first Indian to receive the Bharat Ratna, India's highest civilian award?",Abul Kalam Azad,Rabindranath Tagore,Bhimrao Ambedkar,Chandrasekhara Venkata Raman,B,Rabindranath Tagore,"Rabindranath Tagore was the first Indian to receive the Bharat Ratna, the highest civilian award in India, in 1954.","Rabindranath Tagore was a renowned poet, philosopher, and writer who received the Bharat Ratna in 1954, recognizing his significant contributions to literature and culture.",2026-09-14 11:08:45
GK_EN_0029,English,General Knowledge,Modern Indian History & Freedom Struggle,Medium,Which of the following events is known as the 'Black Hole of Calcutta' and is associated with the early British East India Company rule in India?,The Battle of Plassey in 1757,The signing of the Treaty of Paris in 1763,The incident in Fort William in 1756,The Sepoy Mutiny of 1857,C,The incident in Fort William in 1756,"The incident in Fort William in 1756, where many Indian prisoners died due to suffocation, is often referred to as the 'Black Hole of Calcutta'.","The incident in Fort William in 1756, where 146 Indian prisoners died due to suffocation, is infamous and often referred to as the 'Black Hole of Calcutta', highlighting the brutal nature of early British rule in India.",2026-09-14 11:08:45
GK_EN_0030,English,General Knowledge,Modern Indian History & Freedom Struggle,Medium,Which of the following was a significant leader of the Indian independence movement who was executed by the British for his involvement in the Quit India Movement?,Chandrashekhar Azad,Subhas Chandra Bose,Bhagat Singh,Sardar Vallabhbhai Patel,C,Bhagat Singh,Bhagat Singh was a key figure in the Indian independence movement and was executed by the British for his involvement in the Quit India Movement and other revolutionary activities.,"Bhagat Singh was a prominent revolutionary and a leader of the Indian independence movement who was executed by the British for his involvement in various revolutionary activities, including the Quit India Movement.",2026-09-14 11:08:45
GK_EN_0031,English,General Knowledge,World History & Revolutions,Hard,Which of the following revolutions was primarily triggered by the financial crisis caused by the American Revolutionary War and led to the abolition of slavery in a European country?,The Haitian Revolution,The French Revolution,The Russian Revolution,The Latin American Wars of Independence,A,The Haitian Revolution,The Haitian Revolution abolished slavery in Saint-Domingue (now Haiti) and marked a significant turning point in the history of slavery.,"The Haitian Revolution began in 1791 and ended in 1804, leading to the establishment of Haiti as the first black republic and the abolition of slavery in a European colony.",2026-09-14 11:09:11
GK_EN_0032,English,General Knowledge,World History & Revolutions,Hard,"Which of the following historical events is considered a precursor to the French Revolution, highlighting the growing discontent among the French peasantry and the lower classes?",The Fronde,The Tennis Court Oath,The Storming of the Bastille,The Reign of Terror,A,The Fronde,"The Fronde was a series of civil wars in France during the 1640s, reflecting the discontent among the nobility and the urban poor.","The Fronde, a series of conflicts from 1648 to 1653, demonstrated the growing unrest among various social classes in France, particularly the lower and middle classes, setting the stage for the French Revolution.",2026-09-14 11:09:11
GK_EN_0033,English,General Knowledge,World History & Revolutions,Hard,"Which of the following ideologies was most influential in the spread of revolutionary ideas during the late 18th century, leading to the rise of nationalism and republicanism across Europe?",Liberalism,Socialism,Utilitarianism,Enlightenment,D,Enlightenment,"The Enlightenment promoted ideas of reason, liberty, and equality, which were key in shaping revolutionary movements and ideals.","The Enlightenment, a philosophical movement in the 18th century, emphasized reason and individual rights, influencing revolutionary thinkers and leaders across Europe and the Americas.",2026-09-14 11:09:11
GK_EN_0034,English,General Knowledge,World History & Revolutions,Hard,"Which of the following events is considered the spark that ignited the Russian Revolution of 1917, leading to the overthrow of the Tsarist regime and the establishment of the Soviet government?",The Battle of Tannenberg,The February Revolution,The Siege of Petrograd,The October Revolution,B,The February Revolution,"The February Revolution of 1917 saw the abdication of Tsar Nicholas II, leading to the establishment of a provisional government.","The February Revolution, which began in February 1917 (March in the Gregorian calendar), resulted in the abdication of Tsar Nicholas II and the formation of a provisional government, setting the stage for further revolutionary actions.",2026-09-14 11:09:11
GK_EN_0035,English,General Knowledge,World History & Revolutions,Hard,"Which of the following leaders is credited with the slogan 'Liberté, égalité, fraternité', which became a central principle of the French Revolution and is still widely recognized today?",Maximilien Robespierre,Jean-Paul Marat,Georges Danton,Robespierre,D,Robespierre,Robespierre's slogan became synonymous with the revolutionary ideals of the French Revolution.,"Robespierre, a key figure during the Reign of Terror, popularized the slogan 'Liberté, égalité, fraternité' to represent the revolutionary principles of liberty, equality, and brotherhood in France.",2026-09-14 11:09:11
GK_EN_0036,English,General Knowledge,World History & Revolutions,Hard,"Which of the following events marked the first successful large-scale national revolution in Latin America, leading to the independence of a country that had been a colony of Spain for over 300 years?",The War of Independence in Mexico,The Argentine War of Independence,The Venezuelan War of Independence,The Brazilian War of Independence,C,The Venezuelan War of Independence,The Venezuelan War of Independence was a significant event that led to the independence of Venezuela from Spanish rule in 1821.,"The Venezuelan War of Independence, initiated by Simón Bolívar, was a pivotal struggle that ended Spanish colonial rule in Venezuela and contributed to the broader Latin American independence movements.",2026-09-14 11:09:11
GK_EN_0037,English,General Knowledge,World History & Revolutions,Hard,"Which of the following political theories, proposed by Karl Marx and Friedrich Engels, influenced various revolutionary movements in the 19th and 20th centuries, advocating for the overthrow of capitalism through proletarian revolution?",Anarchism,Feminism,Marxism,Nationalism,C,Marxism,Marxism is a political and economic theory that emphasizes class struggle and the eventual dictatorship of the proletariat.,"Marxism, developed by Karl Marx and Friedrich Engels, became a foundational ideology for various revolutionary movements, advocating for the overthrow of capitalist systems and the establishment of a classless society.",2026-09-14 11:09:11
GK_EN_0038,English,General Knowledge,World History & Revolutions,Hard,"Which of the following uprisings is considered the first successful communist revolution, leading to the establishment of the Soviet state and the first socialist government in history?",The Paris Commune,The Bolshevik Revolution,The Hungarian Revolution of 1956,The Chinese Revolution of 1949,B,The Bolshevik Revolution,"The Bolshevik Revolution, led by Vladimir Lenin, resulted in the establishment of the Soviet Union in 1917.","The Bolshevik Revolution, also known as the October Revolution, was a pivotal event in world history that led to the creation of the Soviet state and the first socialist government in the world.",2026-09-14 11:09:11
GK_EN_0039,English,General Knowledge,World History & Revolutions,Hard,"Which of the following events marked the end of the Cold War, symbolizing the collapse of communist states and the dissolution of the Soviet Union, which was once a superpower in the global geopolitical landscape?",The signing of the Helsinki Accords,The fall of the Berlin Wall,The dissolution of the Soviet Union,The Gulf War,C,The dissolution of the Soviet Union,The dissolution of the Soviet Union in 1991 signified the end of the Cold War and the collapse of communism as a global political and economic system.,"The dissolution of the Soviet Union in December 1991 marked a significant geopolitical shift, ending the Cold War and leading to the fragmentation of the Soviet state into independent nations.",2026-09-14 11:09:11
GK_EN_0040,English,General Knowledge,World History & Revolutions,Hard,"Which of the following leaders is recognized as the first President of the Republic of China, playing a crucial role in the Chinese Revolution and the establishment of the Nationalist government in the early 20th century?",Sun Yat-sen,Mao Zedong,Chiang Kai-shek,Li Hongzhang,A,Sun Yat-sen,"Sun Yat-sen was a key figure in the Chinese Revolution, advocating for the Three Principles of the People and founding the Republic of China.","Sun Yat-sen, a prominent revolutionary and political leader, played a critical role in the Chinese Revolution, leading to the establishment of the Republic of China in 1912 and influencing the development of the Nationalist government.",2026-09-14 11:09:11
GK_EN_0041,English,General Knowledge,"Indian Geography (Rivers, Mountains, Climate)",Easy,Which river flows through the state of Bihar?,Narmada,Ganga,Krishna,Godavari,B,Ganga,The Ganga river is one of the major rivers in India and passes through Bihar.,"The Ganga river is a significant water body in India, flowing through several states including Bihar and is also considered sacred in Hinduism.",2026-09-14 11:09:33
GK_EN_0042,English,General Knowledge,"Indian Geography (Rivers, Mountains, Climate)",Easy,Which of the following is the highest peak in India?,Kanchenjunga,Kilimanjaro,Annapurna,K2,A,Kanchenjunga,"Kanchenjunga is the highest peak in India, located in the Himalayas.","Kanchenjunga stands at 8,586 meters (28,169 feet) and is the third-highest mountain in the world, located in the Himalayas and straddling the border between Nepal and India.",2026-09-14 11:09:33
GK_EN_0043,English,General Knowledge,"Indian Geography (Rivers, Mountains, Climate)",Easy,Which mountain range forms the northern boundary of India?,Western Ghats,Himalayas,Aravalli,Eastern Ghats,B,Himalayas,The Himalayas are a massive mountain range that separates India from Tibet and extends across several countries in Asia.,"The Himalayas form a natural barrier and are known for their snow-capped peaks and rich biodiversity, playing a crucial role in regulating the climate of the Indian subcontinent.",2026-09-14 11:09:33
GK_EN_0044,English,General Knowledge,"Indian Geography (Rivers, Mountains, Climate)",Easy,Which of the following is the largest desert in India?,Thar Desert,Kalahari Desert,Sahara Desert,Gobi Desert,A,Thar Desert,"The Thar Desert is a semi-arid region in western India, covering parts of Rajasthan.","The Thar Desert, also known as the Great Indian Desert, covers an area of around 200,000 square kilometers, making it the largest desert in India and a significant geographical feature.",2026-09-14 11:09:33
GK_EN_0045,English,General Knowledge,"Indian Geography (Rivers, Mountains, Climate)",Easy,Which river is known for the Sundarbans mangrove forest in India?,Brahmaputra,Ganga,Kaveri,Mahanadi,A,Brahmaputra,"The Sundarbans, a mangrove forest, is located in the delta of the Brahmaputra and Meghna rivers in West Bengal.","The Sundarbans, a UNESCO World Heritage Site, is known for its unique ecosystem and the presence of the Bengal tiger, and is formed by the confluence of the Brahmaputra and Meghna rivers.",2026-09-14 11:09:33
GK_EN_0046,English,General Knowledge,"Indian Geography (Rivers, Mountains, Climate)",Easy,Which of the following is a major tributary of the Ganga?,Mahanadi,Krishna,Yamuna,Narmada,C,Yamuna,"The Yamuna is a major tributary of the Ganga, forming a significant part of the river system in northern India.","The Yamuna is one of the largest tributaries of the Ganga and is known for its historical and cultural significance, including its role in the development of the ancient city of Mathura.",2026-09-14 11:09:33
GK_EN_0047,English,General Knowledge,"Indian Geography (Rivers, Mountains, Climate)",Easy,Which mountain range is the longest in India?,Western Ghats,Himalayas,Aravalli,Eastern Ghats,B,Himalayas,"The Himalayas are the longest mountain range in India, extending over 2,400 kilometers.","The Himalayas are not only the longest mountain range in India but also one of the most significant in the world, providing a vital ecological and hydrological resource.",2026-09-14 11:09:33
GK_EN_0048,English,General Knowledge,"Indian Geography (Rivers, Mountains, Climate)",Easy,Which river forms the eastern boundary of the Deccan Plateau?,Kaveri,Godavari,Krishna,Mahanadi,B,Godavari,The Godavari river forms the eastern boundary of the Deccan Plateau and is the second-longest river in India.,"The Godavari river is a major river in India, flowing through several states and forming a significant part of the eastern boundary of the Deccan Plateau, known for its rich agricultural lands and cultural significance.",2026-09-14 11:09:33
GK_EN_0049,English,General Knowledge,"Indian Geography (Rivers, Mountains, Climate)",Easy,Which of the following rivers is known for its delta in West Bengal?,Narmada,Brahmaputra,Krishna,Ganga,B,Brahmaputra,"The Brahmaputra river forms a large delta in the state of West Bengal, India.","The Brahmaputra river is known for its delta in West Bengal, which is a fertile region supporting agriculture and forming part of the Sundarbans mangrove forest.",2026-09-14 11:09:33
GK_EN_0050,English,General Knowledge,"Indian Geography (Rivers, Mountains, Climate)",Easy,Which mountain range separates the Indo-Gangetic Plain from the Deccan Plateau?,Aravalli,Himalayas,Western Ghats,Eastern Ghats,C,Western Ghats,The Western Ghats separate the Indo-Gangetic Plain from the Deccan Plateau and are a range of mountains running parallel to the western coast of India.,"The Western Ghats play a crucial role in the hydrology of southern India, influencing the monsoon pattern and providing a rich biodiversity hotspot.",2026-09-14 11:09:33
GK_EN_0051,English,General Knowledge,World Geography & Solar System,Medium,Which planet in our solar system is known for its Great Red Spot?,Mercury,Mars,Jupiter,Saturn,C,Jupiter,The Great Red Spot is a persistent anticyclonic storm located in Jupiter's atmosphere.,"The Great Red Spot is a massive storm larger than Earth, located in Jupiter's atmosphere. It has been observed for centuries and is a distinctive feature of Jupiter's surface.",2026-09-14 11:09:54
GK_EN_0052,English,General Knowledge,World Geography & Solar System,Medium,Which of the following is the largest desert in the world by area?,Antarctic Desert,Arabian Desert,Sahara Desert,Gobi Desert,A,Antarctic Desert,"The Antarctic Desert is the largest desert in the world by area, covering approximately 14 million square kilometers.","The Antarctic Desert is primarily located in Antarctica and is the world's largest desert, not only in terms of size but also due to its extremely low precipitation levels.",2026-09-14 11:09:54
GK_EN_0053,English,General Knowledge,World Geography & Solar System,Medium,Which of the following is a planet that lies beyond the asteroid belt in our solar system?,Mercury,Venus,Mars,Jupiter,D,Jupiter,Jupiter is the first planet beyond the asteroid belt in our solar system.,"Jupiter is located beyond the asteroid belt, which separates the inner solar system from the outer solar system, and is the largest planet in our solar system.",2026-09-14 11:09:54
GK_EN_0054,English,General Knowledge,World Geography & Solar System,Medium,Which of the following is the deepest point in the ocean?,Mariana Trench,Kermadec Trench,Palmyra Trench,Java Trench,A,Mariana Trench,"The Mariana Trench is the deepest known point in the world's oceans, reaching a depth of approximately 36,000 feet.","The Mariana Trench, located in the western Pacific Ocean, is the deepest part of the world's oceans, with its deepest point known as the Challenger Deep.",2026-09-14 11:09:54
GK_EN_0055,English,General Knowledge,World Geography & Solar System,Medium,Which mountain range is the highest in the world?,Andes,Himalayas,Rocky Mountains,Ural Mountains,B,Himalayas,"The Himalayas are the highest mountain range in the world, with Mount Everest being the highest peak.","The Himalayas, extending across five countries in Asia, are the highest mountain range in the world, with Mount Everest being the highest peak at 8,848 meters above sea level.",2026-09-14 11:09:54
GK_EN_0056,English,General Knowledge,World Geography & Solar System,Medium,Which of the following is the largest country by land area?,China,United States,Russia,Canada,C,Russia,"Russia is the largest country by land area, spanning 17,098,246 square kilometers.","Russia is the largest country by land area, stretching across Eastern Europe and northern Asia, covering a vast territory with diverse landscapes and climates.",2026-09-14 11:09:54
GK_EN_0057,English,General Knowledge,World Geography & Solar System,Medium,Which of the following is the largest freshwater lake in the world by volume?,Lake Victoria,Lake Superior,Lake Huron,Lake Baikal,D,Lake Baikal,"Lake Baikal is the largest freshwater lake in the world by volume, containing about 20% of the world's fresh surface water.","Lake Baikal, located in Russia, is not only the largest freshwater lake by volume but also the deepest and oldest freshwater lake in the world, known for its unique biodiversity and crystal clear waters.",2026-09-14 11:09:54
GK_EN_0058,English,General Knowledge,World Geography & Solar System,Medium,Which of the following is the largest island in the world?,Greenland,New Guinea,Borneo,Madagascar,A,Greenland,"Greenland is the largest island in the world, with an area of approximately 2.17 million square kilometers.","Greenland, though primarily covered in ice, is the largest island in the world, located in the North Atlantic Ocean and is part of the Kingdom of Denmark.",2026-09-14 11:09:54
GK_EN_0059,English,General Knowledge,World Geography & Solar System,Medium,Which of the following is the most densely populated country in the world?,Japan,Singapore,Malta,Bangladesh,D,Bangladesh,"Bangladesh is the most densely populated country in the world, with a population density of over 1,300 people per square kilometer.","Bangladesh is densely populated due to its small land area and high population, with a large number of people living in a relatively small geographical space, leading to significant urban and rural challenges.",2026-09-14 11:09:54
GK_EN_0060,English,General Knowledge,World Geography & Solar System,Medium,Which of the following is the most populous country in the world?,India,China,United States,Indonesia,B,China,"China is the most populous country in the world, with a population of over 1.4 billion people.","China, with its large land area and long history, has the largest population in the world, contributing significantly to global demographics and economies.",2026-09-14 11:09:54
GK_EN_0061,English,General Knowledge,"Indian Polity, Constitution & Governance",Hard,Which of the following constitutional provisions is unique to India and not found in the constitutions of other democratic countries?,The right to free and compulsory education for children aged 6 to 14 years,The provision for a National Emergency that can suspend fundamental rights,The directive principles of state policy,The provision for a President with a term of five years,C,The directive principles of state policy,The directive principles are non-enforceable but guide the state in its policy-making.,"While the other provisions are also unique in their own context, the directive principles of state policy are specifically a part of the Constitution of India and not found in other constitutions.",2026-09-14 11:10:19
GK_EN_0062,English,General Knowledge,"Indian Polity, Constitution & Governance",Hard,Which of the following is NOT a principle of the Indian Constitution?,Secularism,Socialism,Federalism,Judicial Review,B,Socialism,Socialism is not a principle of the Indian Constitution; it is a policy objective.,"The Indian Constitution is based on principles such as secularism, federalism, and judicial review, but socialism is a policy that has been incorporated through various amendments and not a constitutional principle.",2026-09-14 11:10:19
GK_EN_0063,English,General Knowledge,"Indian Polity, Constitution & Governance",Hard,Which of the following statements about the Council of Ministers in India is incorrect?,The Council of Ministers is headed by the Prime Minister.,The Council of Ministers is responsible to the Lok Sabha.,"The Council of Ministers consists of the Cabinet, the Cabinet Ministers, and the Deputy Ministers.",The Council of Ministers includes the President of India.,D,The Council of Ministers includes the President of India.,The President of India is not a part of the Council of Ministers.,"The Council of Ministers is a part of the executive branch of the government and includes only ministers appointed by the President, who is the head of the executive but not a part of it.",2026-09-14 11:10:19
GK_EN_0064,English,General Knowledge,"Indian Polity, Constitution & Governance",Hard,Which of the following is NOT a power of the Speaker of the Lok Sabha?,Presiding over the proceedings of the Lok Sabha,Exercising control over the business of the House,Appointing members to various parliamentary committees,Impeaching the President of India,D,Impeaching the President of India,The Speaker of the Lok Sabha has no power to impeach the President of India.,"The Speaker of the Lok Sabha has several important roles but does not have the power to impeach the President, which is a power vested in the Parliament as a whole under Article 361 of the Constitution.",2026-09-14 11:10:19
GK_EN_0065,English,General Knowledge,"Indian Polity, Constitution & Governance",Hard,Which of the following is NOT a feature of the Panchayati Raj system in India?,Elected representatives,Self-governance at the local level,Federal structure,Election of Gram Panchayat members,C,Federal structure,The Panchayati Raj system is not based on a federal structure but rather on decentralized local governance.,"The Panchayati Raj system is a form of local self-governance in rural areas, where representatives are elected to manage local affairs. It is not a federal structure but an extension of the state government's authority.",2026-09-14 11:10:19
GK_EN_0066,English,General Knowledge,"Indian Polity, Constitution & Governance",Hard,Which of the following is NOT a feature of the Indian Constitution’s Fundamental Rights?,Equality before the law,Protection of civil liberties,Right to vote,Right to freedom of speech and expression,C,Right to vote,The right to vote is not a fundamental right under the Indian Constitution.,The right to vote is a civic right and is not explicitly mentioned in the Fundamental Rights Part of the Constitution. It is a right that is derived from the Constitution and is protected under Article 324.,2026-09-14 11:10:19
GK_EN_0067,English,General Knowledge,"Indian Polity, Constitution & Governance",Hard,Which of the following statements about the Supreme Court of India is incorrect?,It is the highest court in India.,It has the power to declare a law unconstitutional.,Its judges are appointed by the President of India.,It has the power to initiate criminal proceedings against the President of India.,D,It has the power to initiate criminal proceedings against the President of India.,The Supreme Court of India does not have the power to initiate criminal proceedings against the President of India.,"The Supreme Court can declare laws unconstitutional and can initiate proceedings against other public functionaries, but it does not have the authority to initiate criminal proceedings against the President of India, which is a power reserved for the Parliament under Article 143 of the Constitution.",2026-09-14 11:10:19
GK_EN_0068,English,General Knowledge,"Indian Polity, Constitution & Governance",Hard,Which of the following is NOT a feature of the Indian Constitution’s Directive Principles of State Policy?,They are binding on the government.,They are not enforceable in courts.,They are meant to guide the state in its policy-making.,They were incorporated to promote social and economic justice.,A,They are binding on the government.,The Directive Principles are not enforceable in courts and are not binding on the government.,"The Directive Principles are meant to provide a framework for the state's policies but are not enforceable in courts. They are binding only in the sense that they are a guide for the state, but the government is not legally obligated to follow them.",2026-09-14 11:10:19
GK_EN_0069,English,General Knowledge,"Indian Polity, Constitution & Governance",Hard,Which of the following is NOT a characteristic of a Quasi-judicial body in India?,It has the power to decide cases.,It has the power to enforce its decisions.,It is established by law.,It is an independent body.,B,It has the power to enforce its decisions.,Quasi-judicial bodies do not have the power to enforce their decisions.,"Quasi-judicial bodies, such as tribunals, have the power to decide cases and make determinations, but they do not have the power to enforce their decisions, which is typically the domain of executive or administrative bodies.",2026-09-14 11:10:19
GK_EN_0070,English,General Knowledge,"Indian Polity, Constitution & Governance",Hard,Which of the following is NOT a feature of the Indian Constitution’s Emergency Provisions?,It can be invoked by the President.,It can suspend certain fundamental rights.,It can be declared in case of war or external aggression.,It can be declared by the Prime Minister.,D,It can be declared by the Prime Minister.,"The Emergency Provisions can be declared by the President, not the Prime Minister.","The Emergency Provisions of the Indian Constitution can be declared by the President in case of war, external aggression, internal disturbance, or a situation threatening the sovereignty and integrity of India. The Prime Minister does not have this power.",2026-09-14 11:10:19
GK_EN_0071,English,General Knowledge,"Indian Economy, Banking & Five Year Plans",Easy,Which of the following Five Year Plans of India focused on self-reliance and import substitution?,First Five Year Plan,Second Five Year Plan,Third Five Year Plan,Fourth Five Year Plan,A,First Five Year Plan,The First Five Year Plan (1951-1956) emphasized self-reliance and import substitution as a means to boost domestic production.,"The First Five Year Plan was initiated by the newly independent India to focus on industrialization and self-reliance, aiming to reduce dependency on imports and promote domestic production.",2026-09-14 11:10:38
GK_EN_0072,English,General Knowledge,"Indian Economy, Banking & Five Year Plans",Easy,Which of the following is a feature of the Reserve Bank of India (RBI)?,It is a commercial bank,It can print currency notes,It is an international organization,It is controlled by the Government of India,B,It can print currency notes,"The Reserve Bank of India has the authority to print currency notes, which is a crucial function of the central bank.","The RBI is responsible for printing and issuing currency notes in India, making it a central bank and not a commercial bank or an international organization.",2026-09-14 11:10:38
GK_EN_0073,English,General Knowledge,"Indian Economy, Banking & Five Year Plans",Easy,Which of the following is NOT a sector that the Indian economy has traditionally focused on?,Agriculture,Manufacturing,Tourism,Services,C,Tourism,"Tourism has not traditionally been a primary focus of the Indian economy, unlike agriculture, manufacturing, and services.","While India has seen significant growth in the tourism sector, it has not been a traditional economic pillar as agriculture, manufacturing, and services have been.",2026-09-14 11:10:38
GK_EN_0074,English,General Knowledge,"Indian Economy, Banking & Five Year Plans",Easy,Which of the following is a goal of the National Manufacturing Policy (NMP) in India?,To increase agricultural production,To boost manufacturing and exports,To reduce the population,To enhance educational standards,B,To boost manufacturing and exports,The National Manufacturing Policy aims to promote the growth of manufacturing and increase the country's exports.,The National Manufacturing Policy is focused on creating a favorable environment for manufacturing industries to boost production and enhance India's global market presence through increased exports.,2026-09-14 11:10:38
GK_EN_0075,English,General Knowledge,"Indian Economy, Banking & Five Year Plans",Easy,Which of the following is NOT a characteristic of the Indian banking sector?,Bank nationalization,Public sector dominance,Private sector participation,Internationalization,D,Internationalization,The Indian banking sector has not traditionally focused on international operations to the same extent as some other countries.,"While the Indian banking sector has seen some international operations, it has not been a major characteristic compared to nationalization, public sector dominance, and private sector participation.",2026-09-14 11:10:38
GK_EN_0076,English,General Knowledge,"Indian Economy, Banking & Five Year Plans",Easy,Which of the following is a feature of the 12th Five Year Plan of India?,Focus on rural development,Emphasis on fiscal consolidation,Increased focus on renewable energy,Decreased emphasis on infrastructure,B,Emphasis on fiscal consolidation,The 12th Five Year Plan placed a strong emphasis on fiscal consolidation to achieve macroeconomic stability.,"The 12th Five Year Plan aimed to control the fiscal deficit and improve the fiscal health of the economy, highlighting the importance of fiscal consolidation.",2026-09-14 11:10:38
GK_EN_0077,English,General Knowledge,"Indian Economy, Banking & Five Year Plans",Easy,Which of the following is a characteristic of the Indian economy?,Fully market-oriented,Primarily agrarian,Highly industrialized,Predominantly service-based,B,Primarily agrarian,"Agriculture still constitutes a significant portion of the Indian economy, making it primarily agrarian.","Despite the growth in services and manufacturing sectors, agriculture remains a vital part of the Indian economy, contributing a substantial share to GDP and employment.",2026-09-14 11:10:38
GK_EN_0078,English,General Knowledge,"Indian Economy, Banking & Five Year Plans",Easy,Which of the following is a key objective of the National Digital Economy Mission?,To promote cash transactions,To increase import of digital devices,To enhance digital literacy and infrastructure,To reduce the use of internet,C,To enhance digital literacy and infrastructure,The National Digital Economy Mission aims to boost digital literacy and improve digital infrastructure across the country.,"The mission focuses on creating a digital ecosystem in India by enhancing the use of technology, improving digital literacy, and strengthening digital infrastructure.",2026-09-14 11:10:38
GK_EN_0079,English,General Knowledge,"Indian Economy, Banking & Five Year Plans",Easy,Which of the following is a goal of the Make in India initiative?,To reduce foreign investment,To promote domestic manufacturing,To decrease exports,To restrict technology transfer,B,To promote domestic manufacturing,The Make in India initiative aims to promote domestic manufacturing and attract foreign investment to boost the manufacturing sector.,"The initiative seeks to create a favorable environment for manufacturing by providing incentives and supporting the growth of domestic industries, thereby boosting the manufacturing sector.",2026-09-14 11:10:38
GK_EN_0080,English,General Knowledge,"Art, Culture, Dance & Heritage",Medium,Which of the following is NOT a classical dance form of India?,Bharatanatyam,Kathak,Kuchipudi,Bollywood,D,Bollywood,Bollywood is not a classical dance form but a popular film industry in India.,"Classical dance forms of India include Bharatanatyam, Kathak, and Kuchipudi, each with a rich tradition and cultural significance. Bollywood, on the other hand, refers to the Hindi-language film industry based in Mumbai and is known for its popular cinema, not classical dance.",2026-09-14 11:11:02
GK_EN_0081,English,General Knowledge,"Art, Culture, Dance & Heritage",Medium,Which Indian state is known for the traditional art of Warli painting?,Tamil Nadu,Rajasthan,Maharashtra,Madhya Pradesh,C,Maharashtra,Warli paintings are an indigenous style of art originating from the Warli tribe of Maharashtra.,"Warli paintings, known for their simple and abstract style, are a traditional art form of the Warli tribe, primarily found in the rural areas of Maharashtra. These paintings often depict nature and the human relationship with it.",2026-09-14 11:11:02
GK_EN_0082,English,General Knowledge,"Art, Culture, Dance & Heritage",Medium,Which of the following is a famous dance-drama form from Kerala?,Bhangra,Kathakali,Manipuri,Kuchipudi,B,Kathakali,"Kathakali is a traditional dance-drama from the state of Kerala, known for its elaborate costumes and makeup.","Kathakali is a unique performing art form that originated in the temples of Kerala. It combines dance, drama, and music to tell stories from Hindu epics and mythology, distinguished by its elaborate costumes, makeup, and facial expressions.",2026-09-14 11:11:02
GK_EN_0083,English,General Knowledge,"Art, Culture, Dance & Heritage",Medium,Which of the following is a UNESCO Intangible Cultural Heritage of Humanity from India?,Kathak,Saree weaving,Kathakali,Mud volcanoes,C,Kathakali,"Kathakali, a traditional dance-drama, is recognized by UNESCO for its cultural significance.","Kathakali, a traditional dance-drama of Kerala, is celebrated for its intricate costumes, makeup, and storytelling. Its recognition as a UNESCO Intangible Cultural Heritage of Humanity underscores its importance in Indian cultural heritage.",2026-09-14 11:11:02
GK_EN_0084,English,General Knowledge,"Art, Culture, Dance & Heritage",Medium,Which Indian festival is celebrated by performing the 'Rath Yatra' (Car Festival)?,Holi,Durga Puja,Janmashtami,Nag Panchami,C,Janmashtami,"Janmashtami, the birthday of Lord Krishna, is celebrated with the 'Rath Yatra' in many parts of India.","Janmashtami, the celebration of Lord Krishna's birth, is marked by various rituals, including the 'Rath Yatra' in Puri, Odisha, where devotees pull the chariots of Jagannath, Balabhadra, and Subhadra in a grand procession.",2026-09-14 11:11:02
GK_EN_0085,English,General Knowledge,"Art, Culture, Dance & Heritage",Medium,Which of the following is a traditional musical instrument of North India?,Sarod,Sitar,Veena,Mridangam,B,Sitar,The Sitar is a plucked string instrument commonly used in Hindustani classical music.,"The Sitar, known for its distinctive sound and complex structure, is a key instrument in Hindustani classical music. It consists of a long neck and a gourd resonator and is played with a wire or nylon pick called a mizrab.",2026-09-14 11:11:02
GK_EN_0086,English,General Knowledge,"Art, Culture, Dance & Heritage",Medium,Which of the following is a famous Indian classical dance form known for its emphasis on hand gestures and facial expressions?,Kuchipudi,Bharatanatyam,Odissi,Kathak,B,Bharatanatyam,Bharatanatyam is a classical dance form that is characterized by its intricate footwork and expressive mudras (hand gestures).,"Bharatanatyam is renowned for its precise footwork, graceful movements, and elaborate hand gestures, or mudras, which are used to convey stories and emotions. It is one of the oldest and most revered classical dance forms of India.",2026-09-14 11:11:02
GK_EN_0087,English,General Knowledge,"Art, Culture, Dance & Heritage",Medium,Which of the following is a traditional dance form from the state of Odisha?,Kathakali,Kuchipudi,Odissi,Bharatanatyam,C,Odissi,Odissi is a classical dance form from Odisha that is known for its fluid movements and postures.,"Odissi, one of the eight classical Indian dance forms, originated in the state of Odisha. It is characterized by its graceful and fluid movements, intricate footwork, and expressive postures, often depicting themes from Hindu mythology.",2026-09-14 11:11:02
GK_EN_0088,English,General Knowledge,"Art, Culture, Dance & Heritage",Medium,"Which of the following is a famous Indian art form that involves the use of mirrors, glass, or metal plates to reflect and project images?",Mithuna dance,Mirror painting,Mirror work,Mirror manipulation,B,Mirror painting,Mirror painting involves the use of mirrors to create reflective images in artworks.,"Mirror painting is an intricate art form where artists use mirrors, glass, or metal plates to create reflective images within the artwork. This technique adds a unique visual dimension and can be seen in various forms of traditional Indian art and crafts.",2026-09-14 11:11:02
GK_EN_0089,English,General Knowledge,"Art, Culture, Dance & Heritage",Medium,"Which of the following is a traditional dance form from the state of Manipur, known for its lightness and grace?",Kathak,Kathakali,Sattriya,Bharatanatyam,C,Sattriya,"Sattriya is a classical dance form from Manipur, characterized by its light and graceful movements.","Sattriya, a classical dance form from the northeastern state of Manipur, is known for its lightness and grace. It draws inspiration from Vaishnavism and is performed in the Vaishnavite monasteries called satras.",2026-09-14 11:11:02
GK_EN_0090,English,General Knowledge,"Important Inventions, Discoveries & Science Pioneers",Hard,"Who is credited with the discovery of the structure of DNA, leading to the Nobel Prize in Physiology or Medicine in 1962?",James Watson and Francis Crick,Louis Pasteur and Robert Koch,Alexander Fleming and Edward Jenner,Rosalind Franklin and Maurice Wilkins,D,Rosalind Franklin and Maurice Wilkins,"This answer is correct because Rosalind Franklin's work was crucial in understanding the structure of DNA, though she did not live to receive the Nobel Prize due to its posthumous nature.","Rosalind Franklin's X-ray crystallography images provided key insights into the structure of DNA, while Maurice Wilkins was Franklin's colleague and colleague, who shared the Nobel Prize with Watson and Crick. Franklin's contributions were recognized posthumously in 2018 by the Royal Society.",2026-09-14 11:11:28
GK_EN_0091,English,General Knowledge,"Important Inventions, Discoveries & Science Pioneers",Hard,"Which scientist is known for formulating the theory of general relativity, which fundamentally changed our understanding of gravity and the universe?",Max Planck,Albert Einstein,Isaac Newton,Nikola Tesla,B,Albert Einstein,"This answer is correct because Albert Einstein's theory of general relativity, published in 1915, introduced the concept of space-time curvature and revolutionized the field of physics.","Einstein's theory of general relativity introduced a new understanding of gravity as a curvature of space-time caused by mass and energy. This theory has been confirmed by numerous experiments and observations, including the bending of light by the sun during a solar eclipse.",2026-09-14 11:11:28
GK_EN_0092,English,General Knowledge,"Important Inventions, Discoveries & Science Pioneers",Hard,"Who is the inventor of the first practical light bulb, which used a filament made of carbon, and what year was it invented?","Thomas Edison, 1879","Nikola Tesla, 1880","Joseph Swan, 1878","Alexander Graham Bell, 1881",A,"Thomas Edison, 1879","This answer is correct because Thomas Edison's light bulb, while not the first, was the first practical one, making widespread use of electricity possible.","Thomas Edison's invention of the practical light bulb in 1879 was a significant milestone, as it provided a reliable and long-lasting source of light. While Joseph Swan had developed a similar bulb earlier, Edison's version was more commercially viable.",2026-09-14 11:11:28
GK_EN_0093,English,General Knowledge,"Important Inventions, Discoveries & Science Pioneers",Hard,"Which of the following scientists is recognized for developing the theory of plate tectonics, which explains the movement of Earth's lithospheric plates?",Charles Darwin,Alfred Wegener,Marie Curie,Benjamin Franklin,B,Alfred Wegener,"This answer is correct because Alfred Wegener first proposed the concept of continental drift in 1912, which later evolved into the theory of plate tectonics.","Alfred Wegener's theory of continental drift suggested that the continents were once joined and have since moved apart. While his theory was initially met with skepticism, it laid the foundation for the modern understanding of plate tectonics.",2026-09-14 11:11:28
GK_EN_0094,English,General Knowledge,"Important Inventions, Discoveries & Science Pioneers",Hard,"Which scientist is known for formulating the laws of motion and universal gravitation, which are fundamental to classical mechanics?",Isaac Newton,Galileo Galilei,Albert Einstein,Edwin Hubble,A,Isaac Newton,"This answer is correct because Isaac Newton formulated the laws of motion and universal gravitation, which are essential principles in physics.",Isaac Newton's laws of motion and the law of universal gravitation provided a framework for understanding the motion of objects in the universe. These laws have been pivotal in the development of modern physics and engineering.,2026-09-14 11:11:28
GK_EN_0095,English,General Knowledge,"Important Inventions, Discoveries & Science Pioneers",Hard,"Which of the following scientists is known for the discovery of penicillin, the first true antibiotic, which revolutionized the treatment of bacterial infections?",Alexander Fleming,Louis Pasteur,Robert Koch,Edward Jenner,A,Alexander Fleming,"This answer is correct because Alexander Fleming discovered penicillin in 1928, which has saved countless lives through its effectiveness against bacterial infections.","Alexander Fleming's accidental discovery of penicillin led to the development of antibiotics, transforming medical treatment and reducing the mortality rates from bacterial infections.",2026-09-14 11:11:28
GK_EN_0096,English,General Knowledge,"Important Inventions, Discoveries & Science Pioneers",Hard,"Who is the inventor of the steam engine, a device that revolutionized transportation and manufacturing in the Industrial Revolution?",James Watt,Isaac Newton,Thomas Edison,Nikola Tesla,A,James Watt,"This answer is correct because James Watt improved the steam engine, making it more efficient and practical for widespread use.","James Watt's improvements to the steam engine, introduced in the late 18th century, were crucial for the Industrial Revolution, as they provided a powerful and efficient source of mechanical power.",2026-09-14 11:11:28
GK_EN_0097,English,General Knowledge,"Important Inventions, Discoveries & Science Pioneers",Hard,"Which of the following scientists is known for formulating the theory of evolution by natural selection, which is a cornerstone of modern biology?",Charles Darwin,Louis Pasteur,Albert Einstein,Isaac Newton,A,Charles Darwin,"This answer is correct because Charles Darwin proposed the theory of evolution by natural selection in his book 'On the Origin of Species,' published in 1859.",Charles Darwin's theory of evolution by natural selection provided a comprehensive explanation for the diversity of life on Earth. This theory has been widely accepted and has significantly influenced various fields of biology.,2026-09-14 11:11:28
GK_EN_0098,English,General Knowledge,"Important Inventions, Discoveries & Science Pioneers",Hard,"Which of the following scientists is known for the development of the periodic table, which categorizes elements based on their atomic structure?",Henry Moseley,Dmitri Mendeleev,Johann Wolfgang Döbereiner,John Newlands,B,Dmitri Mendeleev,"This answer is correct because Dmitri Mendeleev developed the periodic table in 1869, which is a fundamental tool in chemistry.","Dmitri Mendeleev's periodic table was groundbreaking as it allowed chemists to predict the properties of elements and their compounds, facilitating the discovery of new elements and the understanding of chemical reactions.",2026-09-14 11:11:28
GK_EN_0099,English,General Knowledge,"Important Inventions, Discoveries & Science Pioneers",Hard,"Which of the following scientists is known for the invention of the semiconductor diode, which is a key component in modern electronics and telecommunications?",William Shockley,John Bardeen,Oscar Erbach,"Shockley, Bardeen, and Brattain",D,"Shockley, Bardeen, and Brattain","This answer is correct because William Shockley, John Bardeen, and Walter H. Brattain invented the point-contact transistor in 1947, which was the first practical semiconductor diode.","The invention of the point-contact transistor by Shockley, Bardeen, and Brattain in 1947 was a pivotal moment in the development of modern electronics, leading to the miniaturization of electronic devices and the advent of the information age.",2026-09-14 11:11:28
GK_EN_0100,English,General Knowledge,"International Organizations (UN, WHO, WTO, IMF)",Easy,Which of the following international organizations primarily focuses on maintaining international peace and security?,IMF,WHO,UN,WTO,C,UN,The United Nations (UN) is responsible for maintaining international peace and security.,The UN has a Security Council that deals with issues that affect international peace and security.,2026-09-14 11:11:47
GK_EN_0101,English,General Knowledge,"International Organizations (UN, WHO, WTO, IMF)",Easy,"Which organization is known for setting international standards for trade and ensuring that trade flows as smoothly, predictably, and freely as possible?",IMF,WHO,UN,WTO,D,WTO,The World Trade Organization (WTO) is responsible for setting international trade rules and ensuring fair trade practices.,The WTO aims to facilitate trade by reducing barriers and disputes among member countries.,2026-09-14 11:11:47
GK_EN_0102,English,General Knowledge,"International Organizations (UN, WHO, WTO, IMF)",Easy,Which international organization is responsible for coordinating international monetary and financial operations and providing financial assistance to countries in need?,WHO,UN,IMF,WTO,C,IMF,The International Monetary Fund (IMF) oversees the international monetary system and provides financial support to countries.,The IMF helps countries manage their exchange rates and provide loans to stabilize economies.,2026-09-14 11:11:47
GK_EN_0103,English,General Knowledge,"International Organizations (UN, WHO, WTO, IMF)",Easy,Which of the following is not an international organization?,UN,WHO,WTO,OPEC,D,OPEC,"OPEC is an intergovernmental organization, not an international organization like the ones listed.",OPEC (Organization of the Petroleum Exporting Countries) focuses on the production and distribution of oil.,2026-09-14 11:11:47
GK_EN_0104,English,General Knowledge,"International Organizations (UN, WHO, WTO, IMF)",Easy,Which organization is responsible for providing technical and financial assistance to developing countries to reduce poverty and improve living standards?,IMF,WHO,UN,UNDP,D,UNDP,The United Nations Development Programme (UNDP) focuses on development and poverty reduction in developing countries.,The UNDP works with countries to create policies and programs that promote sustainable development.,2026-09-14 11:11:47
GK_EN_0105,English,General Knowledge,"International Organizations (UN, WHO, WTO, IMF)",Easy,Which of the following organizations is known for its role in protecting and promoting public health worldwide?,IMF,UN,WHO,WTO,C,WHO,The World Health Organization (WHO) is dedicated to international public health and health security.,The WHO coordinates global health responses and sets international health standards.,2026-09-14 11:11:47
GK_EN_0106,English,General Knowledge,"International Organizations (UN, WHO, WTO, IMF)",Easy,Which organization is responsible for coordinating international efforts to combat climate change and promote sustainable development?,UN,WHO,UNFCCC,WTO,C,UNFCCC,The United Nations Framework Convention on Climate Change (UNFCCC) addresses climate change at an international level.,The UNFCCC facilitates international cooperation to mitigate and adapt to climate change.,2026-09-14 11:11:47
GK_EN_0107,English,General Knowledge,"International Organizations (UN, WHO, WTO, IMF)",Easy,Which of the following organizations is responsible for ensuring that workers' rights are respected and protected internationally?,IMF,WHO,ILO,UN,C,ILO,The International Labour Organization (ILO) is focused on promoting social justice and internationally recognized workers' rights.,The ILO sets international labor standards and promotes decent work for all.,2026-09-14 11:11:47
GK_EN_0108,English,General Knowledge,"International Organizations (UN, WHO, WTO, IMF)",Easy,Which of the following is a principle of the United Nations Charter?,Promoting free trade,Ensuring global health,Maintaining international peace and security,Regulating international finance,C,Maintaining international peace and security,Maintaining international peace and security is a core principle of the UN Charter.,The UN was established to prevent international conflict and maintain global security.,2026-09-14 11:11:47
GK_EN_0109,English,General Knowledge,"International Organizations (UN, WHO, WTO, IMF)",Easy,Which organization is responsible for providing financial assistance to countries experiencing balance of payments problems?,IMF,WHO,UN,WTO,A,IMF,The International Monetary Fund (IMF) provides financial support to countries with balance of payments issues.,IMF loans help countries stabilize their economies and address financial imbalances.,2026-09-14 11:11:47
GK_EN_0110,English,General Knowledge,"Famous Personalities, Leaders & Thinkers",Medium,Who is the founder of the modern computer programming language Python?,Bjarne Stroustrup,James Gosling,Guido van Rossum,Dennis Ritchie,C,Guido van Rossum,"Guido van Rossum is the creator of Python, which is widely used in web development, data analysis, and scientific computing.",Guido van Rossum started developing Python in the late 1980s and released it in 1991. He is known for his clear and expressive syntax.,2026-09-14 11:12:10
GK_EN_0111,English,General Knowledge,"Famous Personalities, Leaders & Thinkers",Medium,"Which of the following leaders is known for the concept of 'One Country, Two Systems' for Hong Kong?",Mao Zedong,Deng Xiaoping,Jiang Zemin,Xi Jinping,B,Deng Xiaoping,"Deng Xiaoping was the architect of China's modernization and the proponent of the 'One Country, Two Systems' framework.",Deng Xiaoping introduced this concept in 1981 to support the peaceful reunification of Hong Kong with China under a different legal system.,2026-09-14 11:12:10
GK_EN_0112,English,General Knowledge,"Famous Personalities, Leaders & Thinkers",Medium,Which philosopher is known for the idea of the 'Social Contract'?,John Locke,Immanuel Kant,Jean-Jacques Rousseau,Thomas Hobbes,D,Thomas Hobbes,"Thomas Hobbes is famous for his work 'Leviathan,' where he outlines the concept of the social contract as a means to ensure peace and security.","Hobbes' social contract theory posits that individuals agree to surrender some freedoms in exchange for protection and order, which is foundational to modern political philosophy.",2026-09-14 11:12:10
GK_EN_0113,English,General Knowledge,"Famous Personalities, Leaders & Thinkers",Medium,"Which of the following is the founder of the United Nations Educational, Scientific and Cultural Organization (UNESCO)?",Franklin D. Roosevelt,Trygve Lie,Kurt Waldheim,Julius Stonehouse,B,Trygve Lie,Trygve Lie was the first Secretary-General of the United Nations and was instrumental in establishing UNESCO in 1945.,"Trygve Lie served as the Secretary-General from 1946 to 1952, during which he played a crucial role in founding and setting up UNESCO.",2026-09-14 11:12:10
GK_EN_0114,English,General Knowledge,"Famous Personalities, Leaders & Thinkers",Medium,Which of the following leaders is known for the 'Truman Doctrine'?,Franklin D. Roosevelt,Harry S. Truman,John F. Kennedy,Lyndon B. Johnson,B,Harry S. Truman,"Harry S. Truman formulated the Truman Doctrine as a response to communist threats in Greece and Turkey, establishing the United States' commitment to containment.","The Truman Doctrine, announced in 1947, declared the U.S. would support free peoples resisting subjugation by armed minorities or outside pressures, marking the start of the Cold War.",2026-09-14 11:12:10
GK_EN_0115,English,General Knowledge,"Famous Personalities, Leaders & Thinkers",Medium,Who is the author of the famous economic text 'The Wealth of Nations'?,Adam Smith,John Maynard Keynes,Karl Marx,Milton Friedman,A,Adam Smith,"Adam Smith is renowned for his work 'The Wealth of Nations,' which laid the foundations for classical free market economic theory.","Published in 1776, 'The Wealth of Nations' introduced concepts like the 'invisible hand,' which describes the self-regulating nature of the marketplace.",2026-09-14 11:12:10
GK_EN_0116,English,General Knowledge,"Famous Personalities, Leaders & Thinkers",Medium,Which of the following leaders is known for leading the Indian independence movement against British rule?,Jawaharlal Nehru,Vallabhbhai Patel,Subhas Chandra Bose,Mahatma Gandhi,D,Mahatma Gandhi,"Mahatma Gandhi was a pivotal figure in India's struggle for independence, advocating for non-violent resistance and civil disobedience.","Gandhi's leadership and philosophy of non-violence were instrumental in India's successful campaign against British colonial rule, leading to independence in 1947.",2026-09-14 11:12:10
GK_EN_0117,English,General Knowledge,"Famous Personalities, Leaders & Thinkers",Medium,Which of the following is a principle of the United Nations Charter that emphasizes the equal rights of all member states?,Collective security,Pillar of peacekeeping,Mutual respect of sovereignty,Right to self-determination,D,Right to self-determination,"The principle of 'Right to self-determination' is enshrined in the UN Charter, ensuring that all peoples have the right to freely choose their sovereignty and international political status without external interference.","This principle supports the idea that people should be free to determine their own political status and pursue their economic, social, and cultural development.",2026-09-14 11:12:10
GK_EN_0118,English,General Knowledge,"Famous Personalities, Leaders & Thinkers",Medium,Which of the following is the founder of the nonviolent civil rights movement in the United States?,Martin Luther King Jr.,Malcolm X,W.E.B. Du Bois,Rosa Parks,A,Martin Luther King Jr.,"Martin Luther King Jr. was a key figure in the American civil rights movement, advocating for nonviolent civil disobedience to combat racial segregation and discrimination.",King's leadership in the Montgomery Bus Boycott and the March on Washington for Jobs and Freedom were pivotal in advancing civil rights legislation in the 1960s.,2026-09-14 11:12:10
GK_EN_0119,English,General Knowledge,"Famous Personalities, Leaders & Thinkers",Medium,Who is the author of the famous philosophical work 'Critique of Pure Reason'?,Friedrich Nietzsche,Arthur Schopenhauer,Immanuel Kant,Georg Wilhelm Friedrich Hegel,C,Immanuel Kant,"Immanuel Kant's 'Critique of Pure Reason' is a foundational text in modern philosophy, exploring the limits of human understanding and the nature of knowledge.","Published in 1781, Kant's work laid out his theory of transcendental idealism, challenging the Enlightenment's reliance on reason and empiricism.",2026-09-14 11:12:10
GK_EN_0120,English,General Knowledge,"Books, Authors & Literature",Hard,Which of the following novels by Virginia Woolf is known for its stream-of-consciousness narrative and exploration of the minds of multiple characters?,To the Lighthouse,Mrs. Dalloway,The Waves,A Room of One's Own,B,Mrs. Dalloway,Mrs. Dalloway is recognized for its innovative narrative techniques and deep psychological insights into its characters.,"Mrs. Dalloway is a prime example of Woolf’s modernist style, using stream-of-consciousness to depict the inner lives of its characters, particularly Clarissa Dalloway and Septimus Warren Smith, in a single day in London.",2026-09-14 11:12:36
GK_EN_0121,English,General Knowledge,"Books, Authors & Literature",Hard,Which of the following authors won the Nobel Prize in Literature in 2007 for a body of work that explored the impact of the Holocaust on successive generations?,Philip Roth,Orhan Pamuk,Vladimir Nabokov,Imre Kertész,D,Imre Kertész,Kertész’s work is renowned for its unflinching examination of the Holocaust and its aftermath.,"Imre Kertész is celebrated for his novels such as 'Fatelessness' and 'Fate of the Brave,' which offer a deeply personal and critical perspective on the Holocaust and its long-term effects on individuals and society.",2026-09-14 11:12:36
GK_EN_0122,English,General Knowledge,"Books, Authors & Literature",Hard,"Which of the following authors wrote 'The Picture of Dorian Gray,' a novel often associated with the aesthetic movement and the concept of hedonism?",James Joyce,Oscar Wilde,Joseph Conrad,Fyodor Dostoevsky,B,Oscar Wilde,"Oscar Wilde’s 'The Picture of Dorian Gray' is a key text of the aesthetic movement, focusing on beauty, morality, and the corrupting influence of pleasure.","Oscar Wilde’s 'The Picture of Dorian Gray' is famous for its exploration of aestheticism, hedonism, and the duality of human nature, making it a pivotal work of late 19th-century literature.",2026-09-14 11:12:36
GK_EN_0123,English,General Knowledge,"Books, Authors & Literature",Hard,"Which of the following is the author of the dystopian novel 'Brave New World,' which explores themes of social engineering and the manipulation of human beings?",H.G. Wells,George Orwell,Aldous Huxley,Ray Bradbury,C,Aldous Huxley,Aldous Huxley’s 'Brave New World' is a seminal work of dystopian literature that critiques the potential consequences of scientific and technological advancements.,"Aldous Huxley’s 'Brave New World' is renowned for its critique of a future society where human beings are engineered for predetermined social roles, highlighting the dangers of a loss of individuality and authentic human experience.",2026-09-14 11:12:36
GK_EN_0124,English,General Knowledge,"Books, Authors & Literature",Hard,"Which of the following authors is known for their epic poem 'The Odyssey,' which tells the tale of Odysseus and his ten-year journey home after the fall of Troy?",Homer,Hermann Hesse,James Joyce,Fyodor Dostoevsky,A,Homer,"Homer’s 'The Odyssey' is a foundational work of Western literature, detailing the adventures and trials of its hero as he returns to Ithaca.","Homer’s 'The Odyssey' is a classic epic poem that has influenced literature and culture for centuries, chronicling the complex narrative of Odysseus’s journey home, filled with challenges, encounters, and philosophical reflections.",2026-09-14 11:12:36
GK_EN_0125,English,General Knowledge,"Books, Authors & Literature",Hard,"Which of the following novels by J.D. Salinger explores the life of Holden Caulfield, a teenager grappling with alienation and existential angst in post-World War II America?",The Catcher in the Rye,The Bell Jar,A Farewell to Arms,The Great Gatsby,A,The Catcher in the Rye,"Salinger’s 'The Catcher in the Rye' is a classic coming-of-age story that has become a cultural touchstone, addressing themes of teenage rebellion and disillusionment.","J.D. Salinger’s 'The Catcher in the Rye' is a seminal work that captures the essence of the post-war American teenager’s experience, exploring themes of identity, moral integrity, and the struggle for authenticity in a disenchanted world.",2026-09-14 11:12:36
GK_EN_0126,English,General Knowledge,"Books, Authors & Literature",Hard,"Which of the following authors wrote 'The Lord of the Rings,' a series of epic fantasy novels that have had a profound influence on modern fantasy literature?",J.R.R. Tolkien,C.S. Lewis,Ursula K. Le Guin,Robert Jordan,A,J.R.R. Tolkien,J.R.R. Tolkien’s 'The Lord of the Rings' is a monumental work that has shaped the fantasy genre and inspired countless other authors and works.,"J.R.R. Tolkien’s 'The Lord of the Rings' is a masterpiece of epic fantasy, creating a richly detailed world and complex characters that have influenced generations of readers and writers.",2026-09-14 11:12:36
GK_EN_0127,English,General Knowledge,"Books, Authors & Literature",Hard,"Which of the following authors is known for their novel 'Beloved,' which deals with the trauma of slavery and its impact on African American families?",Toni Morrison,Alice Walker,Maya Angelou,Zora Neale Hurston,A,Toni Morrison,Toni Morrison’s 'Beloved' is a powerful exploration of the psychological and emotional effects of slavery on individuals and communities.,"Toni Morrison’s 'Beloved' is a poignant and profound work that delves into the haunting legacy of slavery, exploring themes of memory, trauma, and the resilience of the human spirit.",2026-09-14 11:12:36
GK_EN_0128,English,General Knowledge,"Books, Authors & Literature",Hard,"Which of the following authors wrote 'Pride and Prejudice,' a novel that is often cited as a masterpiece of English literature and a seminal work of the Regency era?",Jane Austen,George Eliot,Emily Brontë,Charlotte Brontë,A,Jane Austen,Jane Austen’s 'Pride and Prejudice' is celebrated for its witty social commentary and exploration of romantic relationships in early 19th-century English society.,"Jane Austen’s 'Pride and Prejudice' is a quintessential work of the English novel, known for its sharp social observations and nuanced portrayal of the interplay between love, class, and personal growth.",2026-09-14 11:12:36
GK_EN_0129,English,General Knowledge,"Books, Authors & Literature",Hard,"Which of the following authors wrote 'Wuthering Heights,' a novel known for its complex narrative structure and exploration of the theme of revenge?",Emily Brontë,Charlotte Brontë,George Eliot,Virginia Woolf,A,Emily Brontë,"Emily Brontë’s 'Wuthering Heights' is renowned for its dark, passionate narrative and its intricate exploration of revenge and emotional intensity.","Emily Brontë’s 'Wuthering Heights' is a gothic masterpiece that delves into the tumultuous relationships and the destructive power of revenge, creating a haunting and unforgettable reading experience.",2026-09-14 11:12:36
GK_EN_0130,English,General Knowledge,"National & International Awards (Nobel, Bharat Ratna, Oscar)",Easy,The Nobel Prize in Literature is awarded to an author for excellence in literature. Which of the following is the correct frequency of this award?,Every year,Every two years,Every five years,Only in odd years,A,Every year,"The Nobel Prize in Literature is awarded annually to an author whose literary works show idealistic tendencies, as stated in the will of Alfred Nobel.","The prize is awarded annually to honor distinguished literature without any specific restrictions on the frequency, making 'every year' the correct answer.",2026-09-14 11:12:59
GK_EN_0131,English,General Knowledge,"National & International Awards (Nobel, Bharat Ratna, Oscar)",Easy,Which of the following is NOT a criterion for the Nobel Prize in Physiology or Medicine?,Discovery of a new life-saving drug,Invention of a new surgical technique,Development of a new treatment for a chronic disease,Research that leads to a better understanding of a physiological process,B,Invention of a new surgical technique,"The Nobel Prize in Physiology or Medicine is awarded for achievements in the field of physiology or medicine, not for surgical techniques.","The prize focuses on contributions to the understanding of life, the causes of diseases, and the creation of new methods for their prevention and treatment, not on surgical inventions.",2026-09-14 11:12:59
GK_EN_0132,English,General Knowledge,"National & International Awards (Nobel, Bharat Ratna, Oscar)",Easy,The Bharat Ratna is the highest civilian award in India. Which of the following is NOT a criterion for this award?,Conspicuous service to the nation,Intellectuals who have made extraordinary contributions in the field of arts,Awards given posthumously,Awards given for political achievements,D,Awards given for political achievements,"The Bharat Ratna is awarded for extraordinary service to the nation, and political achievements are not a criterion for this award.","The Bharat Ratna is a civilian award that recognizes individuals for their exceptional contributions in various fields, but political achievements are not among its criteria.",2026-09-14 11:12:59
GK_EN_0133,English,General Knowledge,"National & International Awards (Nobel, Bharat Ratna, Oscar)",Easy,Which of the following films won the Academy Award for Best Picture in 2021?,The Shape of Water,Nomadland,Joker,Parasite,B,Nomadland,"Nomadland won the Academy Award for Best Picture in 2021, making it the correct answer.","Nomadland received the prestigious award for Best Picture at the 93rd Academy Awards, recognizing its outstanding contribution to cinema.",2026-09-14 11:12:59
GK_EN_0134,English,General Knowledge,"National & International Awards (Nobel, Bharat Ratna, Oscar)",Easy,Which of the following is NOT a criterion for the Nobel Peace Prize?,Advancing fraternity between nations,Promotion of international peace,Creation of international organizations,Research on a new weapon,D,Research on a new weapon,"The Nobel Peace Prize is awarded for work towards peace and international cooperation, not for research on new weapons.","The prize is awarded to individuals or organizations that have made significant contributions to the peace and security of the world, excluding research on weapons.",2026-09-14 11:12:59
GK_EN_0135,English,General Knowledge,"National & International Awards (Nobel, Bharat Ratna, Oscar)",Easy,Which of the following is NOT a criterion for the Nobel Prize in Physics?,Advancement of knowledge in physics,Promotion of peace,Development of new technologies,Discovery of new physical phenomena,B,Promotion of peace,"The Nobel Prize in Physics is awarded for scientific discoveries, not for promoting peace, which is a criterion for the Nobel Peace Prize.","The Nobel Prize in Physics is awarded for groundbreaking discoveries and advancements in the field of physics, not for promoting peace or other non-scientific criteria.",2026-09-14 11:12:59
GK_EN_0136,English,General Knowledge,"National & International Awards (Nobel, Bharat Ratna, Oscar)",Easy,Which of the following is NOT a criterion for the Bharat Ratna?,Outstanding contribution to the field of science,Promoting international relations,Exceptional service to the nation,Intellectuals who have made significant contributions to the arts,B,Promoting international relations,"The Bharat Ratna is awarded for contributions to the nation, not for promoting international relations.","The Bharat Ratna recognizes individuals for their contributions to the nation, including fields like science, arts, and service, but not for promoting international relations.",2026-09-14 11:12:59
GK_EN_0137,English,General Knowledge,"National & International Awards (Nobel, Bharat Ratna, Oscar)",Easy,Which of the following is NOT a criterion for the Oscar Award for Best Director?,Excellence in directing a film,Innovation in storytelling,The director's nationality,The quality of the film's screenplay,C,The director's nationality,"The Oscar Award for Best Director is awarded based on the quality of the film and the director's work, not the director's nationality.","The award is given to directors for their outstanding work on a film, but the director's nationality is not a criterion for the award.",2026-09-14 11:12:59
GK_EN_0138,English,General Knowledge,"National & International Awards (Nobel, Bharat Ratna, Oscar)",Easy,Which of the following is NOT a criterion for the Nobel Prize in Chemistry?,Advancement of the chemical sciences,Promotion of economic development,Development of new materials,Discovery of new chemical compounds,B,Promotion of economic development,"The Nobel Prize in Chemistry is awarded for advancements in chemical sciences, not for promoting economic development.","The prize is awarded for significant contributions to the field of chemistry, including discoveries and inventions, but not for promoting economic development.",2026-09-14 11:12:59
GK_EN_0139,English,General Knowledge,"National & International Awards (Nobel, Bharat Ratna, Oscar)",Easy,Which of the following is NOT a criterion for the Nobel Prize in Literature?,Outstanding literary work,Innovation in literary techniques,Promotion of international understanding,Development of a new literary genre,C,Promotion of international understanding,"The Nobel Prize in Literature is awarded for literary work, not for promoting international understanding, which is a criterion for the Nobel Peace Prize.","The prize is awarded for the quality and significance of a writer's work, not for promoting international understanding or other non-literary criteria.",2026-09-14 11:12:59
GK_EN_0140,English,General Knowledge,"Sports, Olympic Games & Championships",Medium,In which Olympic event is synchronized swimming a featured discipline?,Track and Field,Aquatics,Gymnastics,Swimming,B,Aquatics,Synchronized swimming is a discipline within the Aquatics section of the Olympic Games.,"Synchronized swimming is part of the Aquatics program, which includes swimming, diving, and water polo. It focuses on artistic and synchronized movements performed in water.",2026-09-14 11:13:20
GK_EN_0141,English,General Knowledge,"Sports, Olympic Games & Championships",Medium,Which Olympic sport requires competitors to perform a series of jumps and spins to land in a specific position?,Diving,Cycling,Athletics,Gymnastics,D,Gymnastics,"Gymnastics involves a series of jumps, flips, and rotations executed in the air.","In gymnastics, athletes perform routines that include various elements such as jumps, flips, and rotations, often ending in a specific position on the floor or on apparatus.",2026-09-14 11:13:20
GK_EN_0142,English,General Knowledge,"Sports, Olympic Games & Championships",Medium,Which of the following is the only Winter Olympic sport that requires a team of four individuals?,Nordic Combined,Luge,Ski Jumping,Curling,D,Curling,Curling is the only Winter Olympic sport with a four-person team.,"Curling involves four team members who take turns sliding heavy stones toward a target area. Each team has two sweepers and two players who deliver the stones, making it the only Winter Olympic sport with a four-person team.",2026-09-14 11:13:20
GK_EN_0143,English,General Knowledge,"Sports, Olympic Games & Championships",Medium,In which year did the Summer Olympics first include the marathon as an official event?,1896,1900,1904,1908,A,1896,The marathon was first included in the 1896 Athens Olympics.,"The marathon was introduced in the first modern Olympic Games in Athens, Greece, in 1896, inspired by the legendary run from Marathon to Athens by Pheidippides.",2026-09-14 11:13:20
GK_EN_0144,English,General Knowledge,"Sports, Olympic Games & Championships",Medium,Which of the following sports is not a part of the Summer Olympics?,Cycling,Swimming,Archery,Ice Hockey,D,Ice Hockey,"Ice Hockey is a Winter Olympic sport, not a Summer Olympic sport.","Ice Hockey is played on ice and is part of the Winter Olympics, while the Summer Olympics include sports like cycling, swimming, and archery, which are typically played on land or in water.",2026-09-14 11:13:20
GK_EN_0145,English,General Knowledge,"Sports, Olympic Games & Championships",Medium,Which Olympic event requires athletes to perform a series of complex maneuvers and rotations on a trampoline?,Vault,Tumbling,Diving,Trampoline,D,Trampoline,Trampoline gymnastics involves performing acrobatic maneuvers and rotations in the air.,"Trampoline gymnastics is a sport that involves athletes performing various acrobatic maneuvers and rotations in the air, typically on a trampoline.",2026-09-14 11:13:20
GK_EN_0146,English,General Knowledge,"Sports, Olympic Games & Championships",Medium,In which Olympic sport is the term 'fouls' most commonly associated with competitive performance?,Football,Basketball,Volleyball,Gymnastics,B,Basketball,"Fouls are a critical part of basketball, where they can affect a team's ability to play and score.","In basketball, fouls can impact a team's strategy and performance, affecting points and free throws. Fouls are therefore a significant aspect of the game's competitive nature.",2026-09-14 11:13:20
GK_EN_0147,English,General Knowledge,"Sports, Olympic Games & Championships",Medium,"Which Olympic sport involves athletes competing on individual and relay events, both freestyle and technical disciplines?",Synchronized Swimming,Swimming,Water Polo,Skateboarding,B,Swimming,"Swimming includes various events in freestyle, backstroke, breaststroke, and butterfly disciplines.","Swimming events include individual and relay competitions in different stroke disciplines, such as freestyle, backstroke, breaststroke, and butterfly, making it a versatile and diverse Olympic sport.",2026-09-14 11:13:20
GK_EN_0148,English,General Knowledge,"Sports, Olympic Games & Championships",Medium,Which of the following sports is NOT an individual event in the Olympic Games?,Fencing,Sailing,Synchronized Swimming,Handball,D,Handball,"Handball is a team sport in the Olympic Games, not an individual event.","Handball is a team sport played by two teams of seven players each, making it a collective effort rather than an individual competition.",2026-09-14 11:13:20
GK_EN_0149,English,General Knowledge,"Sports, Olympic Games & Championships",Medium,"Which Olympic event is known for its high-risk, high-stakes nature, often requiring a combination of strength, agility, and balance?",Weightlifting,Diving,Judo,Curling,B,Diving,Diving involves athletes performing dives with complex maneuvers from different heights and platforms.,"Diving is a sport that requires athletes to perform complex maneuvers and flips from various heights, making it a high-risk, high-stakes event with significant physical demands.",2026-09-14 11:13:20
GK_EN_0150,English,General Knowledge,"Ecology, Biodiversity & National Parks",Hard,Which of the following best describes the concept of 'umbrella species' in ecology?,Species that are only found in man-made habitats.,"Species that require a large area of habitat to maintain their populations, often used to protect other species in the same habitat.",Species that are used in scientific research to understand the biology of other species.,Species that are considered pests and are often eradicated in national parks.,B,"Option B: Species that require a large area of habitat to maintain their populations, often used to protect other species in the same habitat.",Umbrella species are chosen for conservation because protecting their habitat also benefits other species sharing the same habitat.,"Umbrella species are selected based on their wide habitat requirements, which often overlap with those of many other species. Protecting the habitat of an umbrella species can indirectly protect a wide range of other species and ecosystems.",2026-09-14 11:13:50
GK_EN_0151,English,General Knowledge,"Ecology, Biodiversity & National Parks",Hard,The IUCN Red List categorizes species based on their risk of extinction. Which of the following is the highest category of risk?,Least Concern,Vulnerable,Critically Endangered,Near Threatened,C,Option C: Critically Endangered,"Critically Endangered is the highest risk category, indicating a very high risk of extinction in the wild.","The Critically Endangered category is the second most severe category before 'Extinct in the Wild.' It indicates that a species is facing an extremely high risk of extinction, often due to habitat loss, poaching, or other threats.",2026-09-14 11:13:50
GK_EN_0152,English,General Knowledge,"Ecology, Biodiversity & National Parks",Hard,"In the context of national parks, which of the following best describes the concept of 'ecological integrity'?",The physical boundaries of the park.,The economic value of the park's natural resources.,The level of protection provided to non-native species.,"The preservation of the park's ecosystem in a natural state, with minimal human interference.",D,"Option D: The preservation of the park's ecosystem in a natural state, with minimal human interference.","Ecological integrity refers to the maintenance of a park's ecosystem in its natural state, free from significant human impacts.","Ecological integrity ensures that the natural processes, species compositions, and ecosystem functions within a national park remain intact, allowing the ecosystem to operate as it would in the absence of human activities.",2026-09-14 11:13:50
GK_EN_0153,English,General Knowledge,"Ecology, Biodiversity & National Parks",Hard,Which of the following best explains the term 'keystone species' in an ecosystem?,A species that is the largest in size within its ecosystem.,A species that has a disproportionately large effect on its environment relative to its abundance.,A species that is introduced into an ecosystem to control another invasive species.,A species that is only found in tropical regions.,B,Option B: A species that has a disproportionately large effect on its environment relative to its abundance.,"Keystone species play a critical role in maintaining the structure of an ecological community, and their removal can cause a cascade of effects throughout the ecosystem.","Keystone species, such as sea otters in kelp forests, have a significant impact on the ecosystem despite their relatively small population. Their presence or absence can dramatically affect the composition of the community and the overall ecosystem function.",2026-09-14 11:13:50
GK_EN_0154,English,General Knowledge,"Ecology, Biodiversity & National Parks",Hard,Which of the following statements best describes the 'carrying capacity' of a national park?,The total number of visitors allowed in the park daily.,The maximum number of species that can coexist in the park.,"The maximum population size of a species that the environment can support indefinitely, given the food, habitat, water, and other necessities available in the environment.",The economic value of the park's resources.,C,"Option C: The maximum population size of a species that the environment can support indefinitely, given the food, habitat, water, and other necessities available in the environment.",Carrying capacity refers to the maximum population size of a species that an environment can sustain indefinitely.,"Carrying capacity is a critical concept in ecology, indicating the limit to which a habitat can support a species, considering factors like food availability, space, and other resources. Understanding carrying capacity helps in managing wildlife populations and protecting biodiversity.",2026-09-14 11:13:50
GK_EN_0155,English,General Knowledge,"Ecology, Biodiversity & National Parks",Hard,Which of the following best explains the 'ecological niche' of a species?,The physical location where a species lives.,"The role a species plays in its environment, including its interactions with other species and non-living factors.",The total number of species in an ecosystem.,The economic value of a species to humans.,B,"Option B: The role a species plays in its environment, including its interactions with other species and non-living factors.","An ecological niche describes the functional role of a species in an ecosystem, encompassing its interactions and relationships with other organisms and the environment.","The ecological niche of a species includes its habitat, food sources, predators, and competitors. It defines the species' position within the ecosystem and how it fits into the web of life, influencing its survival and interaction with other species.",2026-09-14 11:13:50
GK_EN_0156,English,General Knowledge,"Ecology, Biodiversity & National Parks",Hard,"In the context of national parks, which of the following best describes the concept of 'ecological corridors'?",Areas where tourists are allowed to camp overnight.,Paths that allow for the safe passage of species between isolated patches of habitat.,Routes used by park officials for maintenance and management.,Trails specifically designed for hikers and other visitors.,B,Option B: Paths that allow for the safe passage of species between isolated patches of habitat.,"Ecological corridors are strips of land that connect isolated habitats, allowing species to move between them and maintain gene flow.","Ecological corridors are crucial for maintaining biodiversity by facilitating the movement of species between fragmented habitats, which helps in the genetic exchange and overall health of populations.",2026-09-14 11:13:50
GK_EN_0157,English,General Knowledge,"Ecology, Biodiversity & National Parks",Hard,Which of the following best describes the principle of 'sustainable development' in the context of national parks?,Exploiting natural resources for economic gain without any restrictions.,Developing infrastructure within the park to accommodate an increasing number of tourists.,Balancing environmental protection with human activities to ensure long-term ecological and economic sustainability.,Removing all human presence from the park to restore natural ecosystems.,C,Option C: Balancing environmental protection with human activities to ensure long-term ecological and economic sustainability.,Sustainable development in national parks involves managing resources and activities to minimize negative impacts on the environment while allowing for human use and economic benefits.,Sustainable development in national parks aims to maintain ecological integrity while also supporting local communities and economies. It ensures that the park's resources are used in a way that does not compromise the ability of future generations to meet their needs.,2026-09-14 11:13:50
GK_EN_0158,English,General Knowledge,"Ecology, Biodiversity & National Parks",Hard,Which of the following best describes the 'biodiversity hotspots' in the context of ecology and national parks?,Areas with a high number of invasive species.,Regions with a high number of endemic species and facing severe threats.,Places where the climate is too harsh for most species to survive.,Areas that have been completely destroyed by human activities.,B,Option B: Regions with a high number of endemic species and facing severe threats.,Biodiversity hotspots are areas that harbor a large number of endemic species and are under severe threat of habitat loss.,Biodiversity hotspots are critical areas for conservation due to their high levels of endemism and the urgency of protecting them from further degradation. These regions are essential for maintaining global biodiversity and are often targeted for conservation efforts.,2026-09-14 11:13:50
GK_EN_0159,English,General Knowledge,"Ecology, Biodiversity & National Parks",Hard,Which of the following best describes the 'invasive species' in the context of national parks?,Native species that have been introduced by humans and thrive in the park.,Species that are harmful to the ecological balance of the park and threaten native species.,Species that have been introduced by humans and have no impact on the park's ecosystem.,Species that are beneficial to the park's ecosystem and enhance biodiversity.,B,Option B: Species that are harmful to the ecological balance of the park and threaten native species.,Invasive species are non-native species that can cause ecological harm by disrupting the natural ecosystem and threatening native species.,"Invasive species can outcompete native species for resources, alter habitats, and introduce diseases, leading to a decline in native biodiversity. Managing and controlling invasive species is a critical aspect of park management to maintain ecological integrity and biodiversity.",2026-09-14 11:13:50
GK_EN_0160,English,General Knowledge,Ancient & Medieval History,Easy,Which ancient civilization is known for constructing the Great Pyramids?,Mesopotamia,Egypt,Greece,Rome,B,Egypt,The Great Pyramids were built by the ancient Egyptians as tombs for their pharaohs.,"The Great Pyramids are among the most famous structures of ancient Egypt, built around 2560 BC during the Old Kingdom era.",2026-09-14 11:14:11
GK_EN_0161,English,General Knowledge,Ancient & Medieval History,Easy,The code of laws known as the 'Twelve Tables' was established in which ancient civilization?,Rome,Greece,Persia,Egypt,A,Rome,"The Twelve Tables provided a set of written laws for the Roman Republic, ensuring transparency and fairness.",The Twelve Tables were enacted in 451 BC to address the class conflict between the wealthy patricians and the common plebeians in Rome.,2026-09-14 11:14:11
GK_EN_0162,English,General Knowledge,Ancient & Medieval History,Easy,Which of the following is an example of a medieval castle feature used for defense?,Moat,Bathhouse,Library,Gardens,A,Moat,"A moat was a deep and wide ditch surrounding a castle, often filled with water, to provide an additional barrier against invaders.",Moats were common in medieval castles as they could be filled with water and used to prevent attackers from getting close to the castle walls.,2026-09-14 11:14:11
GK_EN_0163,English,General Knowledge,Ancient & Medieval History,Easy,Who is credited with the development of the feudal system in medieval Europe?,Charlemagne,William the Conqueror,Otto the Great,Henry II,A,Charlemagne,"Charlemagne, Holy Roman Emperor, is known for his role in establishing the feudal system, which structured society into a network of obligations and duties.","Charlemagne's reign (800-814 AD) saw the implementation of the feudal system, which divided land and power among nobles and serfs, forming the basis of medieval society.",2026-09-14 11:14:11
GK_EN_0164,English,General Knowledge,Ancient & Medieval History,Easy,Which ancient civilization is known for the construction of the Hanging Gardens of Babylon?,Greece,Babylon,Egypt,Rome,B,Babylon,"The Hanging Gardens of Babylon were one of the Seven Wonders of the Ancient World, featuring a sophisticated irrigation system to grow plants on elevated terraces.","The Hanging Gardens were said to have been built by King Nebuchadnezzar II of Babylon for his wife, who missed her homeland's plants and landscapes.",2026-09-14 11:14:11
GK_EN_0165,English,General Knowledge,Ancient & Medieval History,Easy,Which of the following is a significant contribution of the Byzantine Empire during the medieval period?,The Code of Justinian,The Crusades,The Black Death,The Magna Carta,A,The Code of Justinian,"The Code of Justinian was a legal code compiled in the 6th century AD under the reign of Emperor Justinian I, which standardized and codified Roman law.",The Code of Justinian provided a comprehensive legal framework that influenced law in many parts of Europe and the world for centuries.,2026-09-14 11:14:11
GK_EN_0166,English,General Knowledge,Ancient & Medieval History,Easy,Which ancient civilization is credited with the invention of the wheel?,Egypt,Mesopotamia,Indus Valley,China,B,Mesopotamia,"Mesopotamia is known for being one of the earliest civilizations to use the wheel for various practical purposes, such as transportation and construction.",The wheel was invented in ancient Mesopotamia around 3500 BC and revolutionized transportation and industry in the region.,2026-09-14 11:14:11
GK_EN_0167,English,General Knowledge,Ancient & Medieval History,Easy,Which of the following medieval European monarchs is known for initiating the Crusades?,Charlemagne,King Louis IX of France,Frederick I Barbarossa,Henry II Plantagenet,C,Frederick I Barbarossa,"Frederick I Barbarossa is known for his support and involvement in the Third Crusade, which aimed to liberate the Holy Land from Muslim rule.","Frederick I Barbarossa was the Holy Roman Emperor who, along with other European rulers, led the Third Crusade in the 12th century.",2026-09-14 11:14:11
GK_EN_0168,English,General Knowledge,Ancient & Medieval History,Easy,Which ancient civilization is known for the construction of Stonehenge?,Egypt,Greece,Britain,Rome,C,Britain,"Stonehenge is a prehistoric monument located in Britain, consisting of a ring of large standing stones.","Stonehenge is believed to have been constructed between 3000 BC and 2000 BC, with its exact purpose still debated among historians and archaeologists.",2026-09-14 11:14:11
GK_EN_0169,English,General Knowledge,Ancient & Medieval History,Easy,Which of the following was a major achievement of the Roman Empire in terms of infrastructure?,The Colosseum,The Great Wall of China,The Roman Roads,The Great Wall of Babylon,C,The Roman Roads,"The Roman Roads were a network of roads that connected various parts of the Roman Empire, facilitating trade and military movement.","The Roman Roads were a vast network of over 500,000 miles of roads that crisscrossed the Roman Empire, significantly improving communication and logistics.",2026-09-14 11:14:11
GK_EN_0170,English,General Knowledge,Modern Indian History & Freedom Struggle,Medium,Who is known as the 'Father of the Indian Constitution'?,Maulana Abul Kalam Azad,B.R. Ambedkar,Jawaharlal Nehru,Jawaharlal Elphinstone,B,B.R. Ambedkar,"B.R. Ambedkar was the chairman of the drafting committee of the Constituent Assembly of India, which drafted the Indian Constitution.","B.R. Ambedkar played a pivotal role in drafting the Indian Constitution, ensuring it was inclusive and reflected the principles of justice and equality.",2026-09-14 11:14:35
GK_EN_0171,English,General Knowledge,Modern Indian History & Freedom Struggle,Medium,Which event marked the beginning of the Quit India Movement in 1942?,The Jallianwala Bagh Massacre,The Dandi March,The Cripps Mission,The Partition of Bengal,C,The Cripps Mission,"The Cripps Mission was rejected by Indian leaders as it failed to offer independence, which led to the launch of the Quit India Movement.","The rejection of the Cripps Mission by Indian leaders like Gandhi and Nehru was a catalyst for the Quit India Movement, as it was seen as a betrayal by the British government.",2026-09-14 11:14:35
GK_EN_0172,English,General Knowledge,Modern Indian History & Freedom Struggle,Medium,Which leader was instrumental in the Non-Cooperation Movement of 1920-22?,Subhas Chandra Bose,Bhagat Singh,Rabindranath Tagore,Mahatma Gandhi,D,Mahatma Gandhi,"Mahatma Gandhi was the primary leader of the Non-Cooperation Movement, advocating for non-violent resistance against British rule.",Gandhi's leadership and principles of non-violence were central to the success and impact of the Non-Cooperation Movement.,2026-09-14 11:14:35
GK_EN_0173,English,General Knowledge,Modern Indian History & Freedom Struggle,Medium,Which Indian leader was the first to propose Swaraj as the ultimate goal for India?,Gopal Krishna Gokhale,Bal Gangadhar Tilak,Vallabhbhai Patel,Gandhiji,B,Bal Gangadhar Tilak,"Bal Gangadhar Tilak was a prominent leader who introduced the concept of Swaraj as self-rule, which became a popular slogan during the freedom struggle.",Tilak's strong advocacy for Swaraj influenced many other leaders and became a central theme in the Indian independence movement.,2026-09-14 11:14:35
GK_EN_0174,English,General Knowledge,Modern Indian History & Freedom Struggle,Medium,Which event led to the formation of the Indian National Congress in 1885?,The Indian Rebellion of 1857,The Partition of Bengal in 1905,The Simon Commission's arrival in India in 1928,The establishment of the Indian National Movement,A,The Indian Rebellion of 1857,"The Indian Rebellion of 1857 is considered the first major uprising against British rule, leading to the formation of the Indian National Congress to fight for Indian rights.",The Indian Rebellion of 1857 created a sense of national awakening and led to the establishment of the Indian National Congress as a political force for change.,2026-09-14 11:14:35
GK_EN_0175,English,General Knowledge,Modern Indian History & Freedom Struggle,Medium,Which of the following was not a demand made during the Simon Commission protests in 1928?,A commission to inquire into the working of the Government of India Act 1919,Representation in the Central Legislature,Dominion Status,Complete Independence,A,A commission to inquire into the working of the Government of India Act 1919,"The Simon Commission was criticized for not including Indian representatives, leading to protests demanding self-governance and complete independence.","The Simon Commission's composition was rejected by Indians, as it lacked Indian representation, and the focus was on achieving complete independence rather than a commission inquiry.",2026-09-14 11:14:35
GK_EN_0176,English,General Knowledge,Modern Indian History & Freedom Struggle,Medium,Who was the first woman to become a cabinet minister in India?,Indira Gandhi,Vallabhbhai Patel,Sarojini Naidu,Rajendra Prasad,C,Sarojini Naidu,"Sarojini Naidu was the first woman to become a cabinet minister in India, serving as the Minister of Public Works in the Madras Presidency.",Sarojini Naidu's appointment as a cabinet minister was a significant milestone for women in Indian politics and government.,2026-09-14 11:14:35
GK_EN_0177,English,General Knowledge,Modern Indian History & Freedom Struggle,Medium,Which of the following events marked the end of the Non-Cooperation Movement in 1922?,The Chauri Chaura incident,The Amritsar Massacre,The Jallianwala Bagh Massacre,The withdrawal of the Non-Cooperation Movement by Gandhi,A,The Chauri Chaura incident,"The Chauri Chaura incident led to the violent response by the local police, which resulted in Gandhi's decision to withdraw the Non-Cooperation Movement.","The Chauri Chaura incident was a turning point as it led to violent retaliation by the police, causing Gandhi to call off the movement to prevent further bloodshed.",2026-09-14 11:14:35
GK_EN_0178,English,General Knowledge,Modern Indian History & Freedom Struggle,Medium,Which of the following leaders was NOT a part of the Indian National Congress in its early years?,Gopal Krishna Gokhale,Bhagat Singh,Gandhiji,C.R. Das,B,Bhagat Singh,"Bhagat Singh was a revolutionary and not part of the Indian National Congress, which primarily focused on constitutional methods of struggle.","Bhagat Singh was a prominent revolutionary who advocated for armed struggle against British rule, distinct from the constitutional methods of the Indian National Congress.",2026-09-14 11:14:35
GK_EN_0179,English,General Knowledge,Modern Indian History & Freedom Struggle,Medium,Which of the following events is associated with the Quit India Movement in 1942?,The Salt March,The Quit India resolution being passed by the Congress Working Committee,The Partition of Bengal,The establishment of the Indian National Congress,B,The Quit India resolution being passed by the Congress Working Committee,The Quit India resolution was a declaration made by the Congress Working Committee to immediately stop all forms of cooperation with the British government.,The resolution was a direct call for the immediate end of British rule and was a significant mobilizing factor for the Quit India Movement.,2026-09-14 11:14:36
GK_EN_0180,English,General Knowledge,World History & Revolutions,Hard,"Which of the following revolutions is considered the first truly modern revolution, marking a significant shift in the concept of government and human rights?",The French Revolution (1789-1799),The American Revolution (1775-1783),The Russian Revolution (1917),The Mexican Revolution (1910-1920),A,The French Revolution (1789-1799),"The French Revolution is recognized as the first modern revolution due to its emphasis on the principles of liberty, equality, and fraternity, and its establishment of a republic.","The French Revolution introduced significant changes in political thought and practice, leading to the establishment of the First French Republic and the spread of revolutionary ideas across Europe and the world.",2026-09-14 11:15:05
GK_EN_0181,English,General Knowledge,World History & Revolutions,Hard,Which of the following events directly led to the fall of the Qing Dynasty and the establishment of the Republic of China in 1912?,The Boxer Rebellion (1899-1901),The Xinhai Revolution (1911-1912),The Hundred Days' Reform (1898),The Taiping Rebellion (1850-1864),B,The Xinhai Revolution (1911-1912),"The Xinhai Revolution marked a significant turning point in Chinese history, leading to the collapse of the Qing Dynasty and the beginning of the Republic of China.","The Xinhai Revolution was a series of uprisings and political reforms that culminated in the abdication of Emperor Puyi, marking the end of the Qing Dynasty and the start of modern China.",2026-09-14 11:15:05
GK_EN_0182,English,General Knowledge,World History & Revolutions,Hard,Which of the following individuals is NOT associated with the Glorious Revolution of 1688 in England?,James II,William III,Mary II,Charles II,D,Charles II,"Charles II was deposed during the Glorious Revolution, making him the only option not associated with the event.","The Glorious Revolution involved the deposition of James II and the joint reign of William of Orange and Mary II, leading to the Bill of Rights and a constitutional monarchy.",2026-09-14 11:15:05
GK_EN_0183,English,General Knowledge,World History & Revolutions,Hard,"Which of the following documents is considered the first written constitution of a modern state, influencing the U.S. Constitution and other national constitutions?",The Magna Carta (1215),The Edict of Nantes (1598),The Bill of Rights (1689),The Declaration of the Rights of Man and of the Citizen (1789),C,The Bill of Rights (1689),"The Bill of Rights established the principles of parliamentary sovereignty and the protection of individual liberties, setting a precedent for constitutional governance.","The Bill of Rights, part of the English Bill of Rights, laid the foundation for constitutional monarchy and the protection of civil rights, influencing many other nations' constitutions.",2026-09-14 11:15:05
GK_EN_0184,English,General Knowledge,World History & Revolutions,Hard,Which of the following uprisings is associated with the beginning of the American Civil War and is considered a significant precursor to the conflict?,The Boston Tea Party (1773),The Battle of Gettysburg (1863),The Secession of South Carolina (1860),The Dred Scott Decision (1857),C,The Secession of South Carolina (1860),The secession of South Carolina marked the beginning of the American Civil War and highlighted the deep divisions over slavery and states' rights.,"The secession of South Carolina in 1860 was a direct result of the election of Abraham Lincoln, who was seen as a threat to the institution of slavery, leading to the broader secession of other Southern states and the outbreak of the Civil War.",2026-09-14 11:15:05
GK_EN_0185,English,General Knowledge,World History & Revolutions,Hard,Which of the following leaders played a crucial role in the Russian Revolution of 1917 and subsequently became the first leader of the Soviet Union?,Leon Trotsky,Vladimir Lenin,Joseph Stalin,Nicolai Cherkasov,B,Vladimir Lenin,"Vladimir Lenin was a key figure in the Bolshevik Revolution and was the first leader of the Soviet Union, implementing the principles of communism.","Lenin's leadership was instrumental in the successful Bolshevik Revolution and the establishment of the Soviet Union, emphasizing the importance of socialist revolution and the dictatorship of the proletariat.",2026-09-14 11:15:05
GK_EN_0186,English,General Knowledge,World History & Revolutions,Hard,"Which of the following events is considered the starting point of the Industrial Revolution, marking a significant shift in the way goods were produced and consumed?",The invention of the steam engine (1712),The invention of the spinning jenny (1764),The establishment of the first factory (1770),The start of the cotton industry (1733),D,The start of the cotton industry (1733),"The start of the cotton industry with the invention of the flying shuttle and the water frame marked the beginning of the Industrial Revolution, leading to significant economic and social changes.","The cotton industry's development, particularly with inventions like the flying shuttle and the water frame, set the stage for the broader changes in manufacturing, transportation, and labor that defined the Industrial Revolution.",2026-09-14 11:15:05
GK_EN_0187,English,General Knowledge,World History & Revolutions,Hard,"Which of the following revolutions is known for its emphasis on liberty, equality, and fraternity, and was a key event in the spread of democratic ideals in Europe?",The Haitian Revolution (1791-1804),The French Revolution (1789-1799),The Latin American Wars of Independence (1808-1826),The Greek War of Independence (1821-1832),B,The French Revolution (1789-1799),"The French Revolution is renowned for its adoption of the Declaration of the Rights of Man and of the Citizen, spreading democratic ideals across Europe and the world.","The French Revolution not only transformed France but also had a profound impact on other nations, inspiring revolutions and movements that sought to establish democratic principles and rights for citizens.",2026-09-14 11:15:05
GK_EN_0188,English,General Knowledge,World History & Revolutions,Hard,Which of the following wars is associated with the decline of the Ottoman Empire and is considered a catalyst for the unification of Italy and Germany?,The Russo-Turkish War (1877-1878),The Franco-Prussian War (1870-1871),The Austro-Prussian War (1866),The Balkan Wars (1912-1913),B,The Franco-Prussian War (1870-1871),The Franco-Prussian War led to the unification of Germany under Prussian leadership and weakened the influence of the Ottoman Empire in the Balkans.,"The Franco-Prussian War resulted in the defeat of France and the creation of a unified German Empire, while also contributing to the decline of Ottoman influence in Europe, paving the way for further conflicts and unifications in the region.",2026-09-14 11:15:05
GK_EN_0189,English,General Knowledge,World History & Revolutions,Hard,"Which of the following events is considered a significant turning point in the history of the Spanish Civil War, leading to the rise of General Francisco Franco and the establishment of a dictatorship in Spain?",The Battle of Madrid (1936),The Fall of Barcelona (1936),The Battle of Guadalajara (1937),The coup attempt of July 1936,D,The coup attempt of July 1936,The coup attempt by General Francisco Franco marked the beginning of the Spanish Civil War and the eventual rise of a Franco-led dictatorship.,"The July 1936 coup attempt by General Francisco Franco and his supporters led to a civil war that lasted from 1936 to 1939, resulting in the defeat of the Republican government and the establishment of a long-lasting dictatorship under Franco.",2026-09-14 11:15:05
GK_EN_0190,English,General Knowledge,"Indian Geography (Rivers, Mountains, Climate)",Easy,Which of the following is the longest river in India?,Narmada,Kaveri,Ganga,Brahmaputra,C,Ganga,"The Ganga is the longest river in India, flowing about 2,525 kilometers.","The Ganga is indeed the longest river in India, originating from the Gangotri Glacier in the Himalayas and flowing through several states before reaching the Bay of Bengal.",2026-09-14 11:15:27
GK_EN_0191,English,General Knowledge,"Indian Geography (Rivers, Mountains, Climate)",Easy,Which river is known as the 'Ganga of the South'?,Krishna,Kaveri,Godavari,Narmada,B,Kaveri,The Kaveri is known as the 'Ganga of the South' due to its importance and the similar cultural significance it holds in southern India.,"The Kaveri River, also known as the Cauvery, is a major river in peninsular India and is celebrated for its importance in agriculture and culture, much like the Ganga in the north.",2026-09-14 11:15:27
GK_EN_0192,English,General Knowledge,"Indian Geography (Rivers, Mountains, Climate)",Easy,Which of the following climatic zones is predominant in the northern plains of India?,Tropical rainforest,Tropical monsoon,Tropical desert,Tropical savanna,B,Tropical monsoon,"The northern plains of India experience a tropical monsoon climate, characterized by a wet and a dry season.","The tropical monsoon climate in the northern plains of India is marked by heavy rainfall during the monsoon season, followed by a dry period, which is ideal for agriculture.",2026-09-14 11:15:27
GK_EN_0193,English,General Knowledge,"Indian Geography (Rivers, Mountains, Climate)",Easy,Which of the following rivers is not a tributary of the Ganga?,Yamuna,Son,Krishna,Gomti,C,Krishna,The Krishna River is not a tributary of the Ganga; it is a river that flows into the Bay of Bengal.,"The Krishna River, originating in the Western Ghats, flows through several states before emptying into the Bay of Bengal, making it distinct from the Ganga basin.",2026-09-14 11:15:27
GK_EN_0194,English,General Knowledge,"Indian Geography (Rivers, Mountains, Climate)",Easy,Which of the following mountain ranges is part of the Western Ghats?,Shivalik Hills,Aravallis,Khasi Hills,Vindhyas,B,Aravallis,"The Aravallis are a part of the Western Ghats, running across the states of Rajasthan and Haryana.","The Aravalli Range is a unique mountain range that stretches across western India, forming a divide between the plains of Rajasthan and the Deccan Plateau, and is considered part of the Western Ghats.",2026-09-14 11:15:27
GK_EN_0195,English,General Knowledge,"Indian Geography (Rivers, Mountains, Climate)",Easy,Which of the following rivers flows through the largest number of states in India?,Narmada,Kaveri,Ganga,Brahmaputra,A,Narmada,"The Narmada River flows through nine states in India, making it the river that traverses the most states.","The Narmada River, a major river in central India, traverses through states such as Madhya Pradesh, Chhattisgarh, Maharashtra, Gujarat, and others, making it the river with the most states under its jurisdiction.",2026-09-14 11:15:27
GK_EN_0196,English,General Knowledge,"Indian Geography (Rivers, Mountains, Climate)",Easy,Which of the following is a characteristic of the climate in the northeastern states of India?,Arctic climate,Tropical monsoon,Tropical rainforest,Highland climate,B,Tropical monsoon,"The northeastern states of India experience a tropical monsoon climate, which is influenced by the proximity to the Bay of Bengal.","The northeastern states of India, including Assam, Meghalaya, and Arunachal Pradesh, experience a tropical monsoon climate, characterized by heavy rainfall during the monsoon season and a dry period, supporting a diverse range of flora and fauna.",2026-09-14 11:15:27
GK_EN_0197,English,General Knowledge,"Indian Geography (Rivers, Mountains, Climate)",Easy,Which of the following rivers is the only river in India that flows westwards?,Narmada,Krishna,Godavari,Brahmaputra,A,Narmada,"The Narmada River flows westwards, emptying into the Arabian Sea.","The Narmada River, which originates in the Amarkantak region of Madhya Pradesh, flows westwards, making it the only major river in India to flow in this direction before emptying into the Arabian Sea.",2026-09-14 11:15:27
GK_EN_0198,English,General Knowledge,World Geography & Solar System,Medium,Which planet in our solar system is known for having the most moons?,Mars,Jupiter,Saturn,Neptune,C,Saturn,"Saturn has the most known moons, with over 82 confirmed moons.","Saturn’s numerous moons are a result of its size and gravitational influence, allowing it to capture and retain more moons in its orbit.",2026-09-14 11:15:49
GK_EN_0199,English,General Knowledge,World Geography & Solar System,Medium,The largest desert in the world by area is?,Gobi Desert,Antarctic Desert,Sahara Desert,Arctic Desert,C,Sahara Desert,"The Sahara Desert covers a vast area of 9.2 million square kilometers, making it the largest hot desert in the world.",The Sahara Desert spans across multiple countries in North Africa and is known for its extreme temperatures and vast sand dunes.,2026-09-14 11:15:49
GK_EN_0200,English,General Knowledge,World Geography & Solar System,Medium,Which of the following is the correct order of planets from the sun in our solar system?,"Mercury, Earth, Venus, Jupiter","Mars, Jupiter, Saturn, Uranus","Saturn, Neptune, Pluto, Uranus","Mercury, Venus, Earth, Mars",D,"Mercury, Venus, Earth, Mars","This order is the correct sequence of the terrestrial planets in our solar system, starting from the Sun.","Planets are classified into different categories based on their composition and distance from the Sun. The terrestrial planets, being rocky and closer to the Sun, include Mercury, Venus, Earth, and Mars.",2026-09-14 11:15:49
GK_EN_0201,English,General Knowledge,World Geography & Solar System,Medium,"Which planet has the longest day in the solar system, measured in Earth days?",Mercury,Venus,Saturn,Jupiter,B,Venus,Venus has a day that lasts 116.75 Earth days due to its slow rotation and retrograde rotation.,"Venus rotates very slowly in the opposite direction of most other planets, which results in its day being much longer than its year.",2026-09-14 11:15:49
GK_EN_0202,English,General Knowledge,World Geography & Solar System,Medium,The Himalayas are a result of the collision between which two tectonic plates?,Pacific Plate and North American Plate,Eurasian Plate and North American Plate,Eurasian Plate and Indian Plate,African Plate and Eurasian Plate,C,Eurasian Plate and Indian Plate,The collision of these two plates caused the upliftment of the Himalayan mountains.,"The Indian Plate, moving northward, collided with the Eurasian Plate, leading to the formation of the towering Himalayan mountain range.",2026-09-14 11:15:49
GK_EN_0203,English,General Knowledge,World Geography & Solar System,Medium,Which planet is known as the 'Red Planet' due to its reddish appearance?,Mars,Venus,Jupiter,Saturn,A,Mars,The reddish appearance of Mars is due to the iron oxide (rust) present on its surface.,"Mars is often called the 'Red Planet' because of its reddish appearance, which is due to the presence of iron oxide, or rust, on its surface.",2026-09-14 11:15:49
GK_EN_0204,English,General Knowledge,World Geography & Solar System,Medium,Which of the following is a characteristic of the Earth's atmosphere?,It contains only nitrogen and oxygen,It has a solid surface,"It is composed of 78% nitrogen, 21% oxygen, and 1% other gases",It is the thickest atmosphere in the solar system,C,"It is composed of 78% nitrogen, 21% oxygen, and 1% other gases","This composition is the standard atmospheric composition of Earth, essential for supporting life as we know it.","The Earth's atmosphere is primarily composed of nitrogen and oxygen, with trace amounts of other gases, which are crucial for sustaining life and supporting various biological processes.",2026-09-14 11:15:49
GK_EN_0205,English,General Knowledge,World Geography & Solar System,Medium,Which of the following is a feature of the Sahara Desert?,It is covered entirely by ice and snow,It receives more rainfall than the Antarctic Desert,It is the largest desert in the world,It is the coldest desert in the world,C,It is the largest desert in the world,"The Sahara Desert spans a vast area, covering about 9.2 million square kilometers.","The Sahara Desert is the largest hot desert in the world, covering a significant portion of North Africa and known for its extreme temperatures and vast sand dunes.",2026-09-14 11:15:49
GK_EN_0206,English,General Knowledge,World Geography & Solar System,Medium,Which of the following is the only planet in the solar system known to have rings?,Mercury,Mars,Saturn,Jupiter,C,Saturn,"Saturn is known for its prominent and extensive ring system, composed of ice, rock, and dust particles.","Saturn's rings are a spectacular feature, made up of countless particles of ice and rock, making it one of the most visually striking planets in the solar system.",2026-09-14 11:15:49
GK_EN_0207,English,General Knowledge,World Geography & Solar System,Medium,The deepest part of the world's oceans is located in?,The Mediterranean Sea,The Mariana Trench,The Atlantic Ocean,The Arctic Ocean,B,The Mariana Trench,"The Mariana Trench is the deepest known part of the world's oceans, reaching a depth of about 11,000 meters.","The Mariana Trench is located in the western Pacific Ocean and is home to some of the deepest points on Earth, known for its unique marine life and extreme pressure conditions.",2026-09-14 11:15:49
GK_EN_0208,English,General Knowledge,"Indian Polity, Constitution & Governance",Hard,Which of the following is NOT a principle of the Indian Constitution as per the Directive Principles of State Policy?,Social justice,Equity,Fraternity,Equality,C,Fraternity,Fraternity is not explicitly mentioned as a principle in the Directive Principles of State Policy.,"The Directive Principles of State Policy in the Indian Constitution emphasize social justice, equity, and equality, but fraternity is not listed as one of these principles.",2026-09-14 11:16:11
GK_EN_0209,English,General Knowledge,"Indian Polity, Constitution & Governance",Hard,"According to the Indian Constitution, which of the following is NOT a function of the judiciary?",To enforce laws,To interpret laws,To pass legislations,To resolve disputes,C,To pass legislations,The judiciary is not responsible for passing legislations; that is the role of the legislature.,"The judiciary's role is to interpret and enforce laws, and to resolve disputes, but not to make laws, which is the responsibility of the legislative body.",2026-09-14 11:16:11
GK_EN_0210,English,General Knowledge,"Indian Polity, Constitution & Governance",Hard,Which of the following is a unique feature of the Indian federal system as per the Constitution?,Unitary system,Concurrent powers,Dual executive,Uniform civil code,B,Concurrent powers,"Concurrent powers allow both the central and state governments to legislate on certain subjects, making it a unique feature of the Indian federal system.","In a federal system, concurrent powers allow both levels of government to make laws on specific subjects, reflecting the cooperative nature of the Indian Constitution.",2026-09-14 11:16:11
GK_EN_0211,English,General Knowledge,"Indian Polity, Constitution & Governance",Hard,Which of the following is NOT a component of the Supreme Court of India?,Chief Justice of India,Chief Justice of High Courts,Additional Judges,Law Clerks,B,Chief Justice of High Courts,The Chief Justice of High Courts is not a component of the Supreme Court of India.,"The Supreme Court of India consists of the Chief Justice and other judges, but not the Chief Justice of High Courts, who are independent judicial heads of their respective states.",2026-09-14 11:16:11
GK_EN_0212,English,General Knowledge,"Indian Polity, Constitution & Governance",Hard,Which of the following is NOT a part of the Preamble to the Indian Constitution?,Justice,Socialist,Secular,Unity and Integrity,B,Socialist,"The term 'Socialist' was added later through amendments, and it is not present in the original Preamble.","The Preamble to the Indian Constitution, as originally framed, does not contain the term 'Socialist', which was added through subsequent amendments to align with the country's economic policies.",2026-09-14 11:16:11
GK_EN_0213,English,General Knowledge,"Indian Polity, Constitution & Governance",Hard,Which of the following is NOT a fundamental right as guaranteed by the Indian Constitution?,Right to freedom of speech and expression,Right to property,Right to education,Right to equality,C,Right to education,The Right to Education is not a fundamental right but a directive principle.,"The Right to Education is a directive principle, not a fundamental right, and was later made a fundamental right through the 86th Amendment in 2002.",2026-09-14 11:16:11
GK_EN_0214,English,General Knowledge,"Indian Polity, Constitution & Governance",Hard,Which of the following is NOT a feature of the President of India as per the Constitution?,Executive head of the Union,Commander-in-chief of the armed forces,Ex officio member of the Council of Ministers,Representative of the people,C,Ex officio member of the Council of Ministers,The President of India is not an ex officio member of the Council of Ministers.,"The President of India, while being the nominal head of the Union, does not hold a ministerial position and is not part of the Council of Ministers, which consists of ministers and deputy ministers.",2026-09-14 11:16:11
GK_EN_0215,English,General Knowledge,"Indian Polity, Constitution & Governance",Hard,Which of the following is NOT a constitutional body in India?,Union Public Service Commission,Lokpal,Comptroller and Auditor General of India,Union Public Service Commission,B,Lokpal,The Lokpal is not a constitutional body; it is a statutory body.,"The Lokpal is a statutory body established under the Lokpal and Loksankhya Yojana Act, 1988, and is not a constitutional entity like the Union Public Service Commission or the Comptroller and Auditor General of India.",2026-09-14 11:16:11
GK_EN_0216,English,General Knowledge,"Indian Polity, Constitution & Governance",Hard,Which of the following is NOT a constitutional amendment process in India?,Two-thirds majority in both Houses of Parliament,Approval by state legislatures,President's assent,Approval by a majority of the state legislatures,D,Approval by a majority of the state legislatures,Approval by a majority of the state legislatures is not part of the constitutional amendment process.,"The constitutional amendment process requires a two-thirds majority in both Houses of Parliament and the assent of the President, but does not involve the approval of a majority of state legislatures.",2026-09-14 11:16:11
GK_EN_0217,English,General Knowledge,"Indian Polity, Constitution & Governance",Hard,Which of the following is NOT a constitutional emergency as declared by the President of India?,National emergency,Financial emergency,State emergency,International emergency,D,International emergency,There is no provision for declaring an 'International emergency' in the Indian Constitution.,"The Indian Constitution provides for declaring national and financial emergencies, but there is no provision for declaring an international emergency, which is not part of the constitutional framework.",2026-09-14 11:16:11
GK_EN_0218,English,General Knowledge,"Indian Economy, Banking & Five Year Plans",Easy,Which of the following Five Year Plans in India focused on agricultural development?,First Five Year Plan,Second Five Year Plan,Third Five Year Plan,Fourth Five Year Plan,A,First Five Year Plan,The First Five Year Plan prioritized agriculture and rural development to address food scarcity.,"The First Five Year Plan, launched in 1951, aimed to boost agricultural productivity and rural infrastructure, addressing the critical issue of food shortages in the post-independence period.",2026-09-14 11:16:34
GK_EN_0219,English,General Knowledge,"Indian Economy, Banking & Five Year Plans",Easy,Which Five Year Plan is known for the concept of 'Garibi Hatao' (abolition of poverty)?,Eighth Five Year Plan,Seventh Five Year Plan,Ninth Five Year Plan,Tenth Five Year Plan,B,Seventh Five Year Plan,The Seventh Five Year Plan introduced the concept of 'Garibi Hatao' as a central theme to combat poverty.,"The Seventh Five Year Plan, initiated in 1985, was marked by the slogan 'Garibi Hatao,' focusing on poverty alleviation and social welfare measures across various sectors.",2026-09-14 11:16:34
GK_EN_0220,English,General Knowledge,"Indian Economy, Banking & Five Year Plans",Easy,Which of the following was NOT a major policy adopted in the Second Five Year Plan?,Focus on heavy industries,Agricultural development,Socialist pattern of society,Public sector dominance,A,Focus on heavy industries,"The Second Five Year Plan emphasized agriculture, not heavy industries.","Unlike the First Five Year Plan, which focused on heavy industries, the Second Five Year Plan prioritized agriculture and rural development to consolidate the gains made in the first phase.",2026-09-14 11:16:34
GK_EN_0221,English,General Knowledge,"Indian Economy, Banking & Five Year Plans",Easy,Which of the following is NOT a component of the National Rural Employment Guarantee Act (NREGA)?,Ensuring 100 days of guaranteed wage employment,"Providing basic amenities like water, sanitation, and health care",Promoting agricultural production,Empowering rural women,C,Promoting agricultural production,"NREGA focuses on rural employment and basic amenities, not direct agricultural production.","NREGA is primarily designed to ensure rural employment, provide basic amenities, and empower rural women through wage employment, but it does not focus on direct agricultural production.",2026-09-14 11:16:34
GK_EN_0222,English,General Knowledge,"Indian Economy, Banking & Five Year Plans",Easy,Which of the following is NOT a component of the National Financial Inclusion Strategy (NFIS)?,Promoting financial literacy,Increasing bank penetration in rural areas,Subsidizing agricultural inputs,Providing access to financial services,C,Subsidizing agricultural inputs,"NFIS aims to provide financial services and literacy, not to subsidize inputs.","NFIS focuses on enhancing financial inclusion, increasing bank penetration, and promoting financial literacy, but it does not involve direct subsidies for agricultural inputs.",2026-09-14 11:16:34
GK_EN_0223,English,General Knowledge,"Indian Economy, Banking & Five Year Plans",Easy,Which of the following is NOT a goal of the Pradhan Mantri Jan Dhan Yojana (PMJDY)?,Promoting financial inclusion,Increasing bank account penetration,Subsidizing agricultural loans,Providing insurance and pension schemes,C,Subsidizing agricultural loans,"PMJDY aims to increase financial inclusion, not to subsidize agricultural loans.","PMJDY focuses on promoting financial inclusion, increasing bank account penetration, and providing insurance and pension schemes, but it does not directly subsidize agricultural loans.",2026-09-14 11:16:34
GK_EN_0224,English,General Knowledge,"Indian Economy, Banking & Five Year Plans",Easy,Which of the following is NOT a component of the Mahatma Gandhi National Rural Employment Guarantee Act (MGNREGA)?,Providing 100 days of guaranteed wage employment,Promoting agricultural production,Empowering women through employment,Providing basic amenities,B,Promoting agricultural production,"MGNREGA focuses on employment and basic amenities, not direct agricultural production.","MGNREGA is primarily aimed at providing 100 days of guaranteed wage employment, empowering women, and providing basic amenities, rather than promoting agricultural production.",2026-09-14 11:16:34
GK_EN_0225,English,General Knowledge,"Indian Economy, Banking & Five Year Plans",Easy,Which of the following is NOT a feature of the Reserve Bank of India (RBI)?,Issue of currency notes,Regulation of commercial banks,Management of foreign exchange reserves,Direct lending to businesses,D,Direct lending to businesses,RBI is not involved in direct lending to businesses.,"The Reserve Bank of India operates as the central bank of India, managing currency, regulating commercial banks, and managing foreign exchange reserves, but it does not engage in direct lending to businesses.",2026-09-14 11:16:34
GK_EN_0226,English,General Knowledge,"Indian Economy, Banking & Five Year Plans",Easy,Which of the following is NOT a function of the International Monetary Fund (IMF)?,Providing financial assistance to countries,Monitoring global financial stability,Regulating global stock markets,Offering policy advice to member countries,C,Regulating global stock markets,IMF does not regulate global stock markets.,"The International Monetary Fund provides financial assistance, monitors global financial stability, and offers policy advice to member countries, but it does not regulate global stock markets.",2026-09-14 11:16:34
GK_EN_0227,English,General Knowledge,"Indian Economy, Banking & Five Year Plans",Easy,Which of the following is NOT a measure taken by the Indian government to improve financial inclusion?,Promoting digital payments,Subsidizing agricultural loans,Increasing bank penetration in rural areas,Providing insurance and pension schemes,B,Subsidizing agricultural loans,Subsidizing agricultural loans is not a measure for financial inclusion.,"The Indian government has taken various measures to improve financial inclusion, such as promoting digital payments, increasing bank penetration, and providing insurance and pension schemes, but subsidizing agricultural loans is not a financial inclusion measure.",2026-09-14 11:16:34
GK_EN_0228,English,General Knowledge,"Art, Culture, Dance & Heritage",Medium,Which of the following is NOT a traditional dance form of India?,Bharatanatyam,Kathakali,Salsa,Kuchipudi,C,Salsa,"Salsa is a dance form originated in Latin America, not a traditional Indian dance.","Bharatanatyam, Kathakali, and Kuchipudi are all recognized as traditional Indian classical dance forms, while Salsa is a dance style that originated in the Caribbean and Latin America.",2026-09-14 11:16:55
GK_EN_0229,English,General Knowledge,"Art, Culture, Dance & Heritage",Medium,The Taj Mahal is a symbol of which culture and era?,Ancient Greek,Medieval Islamic,Renaissance European,Victorian British,B,Medieval Islamic,"The Taj Mahal is a prime example of Mughal architecture, a blend of Islamic, Persian, and Indian architectural styles.","The Taj Mahal, built by Mughal Emperor Shah Jahan in memory of his wife Mumtaz Mahal, is a masterpiece of Islamic architecture, featuring elements from Persian, Ottoman, and Indian styles.",2026-09-14 11:16:55
GK_EN_0230,English,General Knowledge,"Art, Culture, Dance & Heritage",Medium,Which of the following is NOT a recognized UNESCO World Heritage Site in India?,Hampi,Red Fort,Silk Route,"Sun Temple, Konark",C,Silk Route,"The Silk Route is a network of historic trade routes, not a site within India's UNESCO World Heritage list.","Hampi, Red Fort, and the Sun Temple at Konark are all UNESCO World Heritage Sites in India, while the Silk Route is an ancient network of trade routes connecting East, South, and Central Asia with the Mediterranean.",2026-09-14 11:16:55
GK_EN_0231,English,General Knowledge,"Art, Culture, Dance & Heritage",Medium,Which Indian festival is celebrated with the worship of the goddess Durga and is known for its colorful and vibrant processions?,Durga Puja,Diwali,Holi,Onam,A,Durga Puja,"Durga Puja is a major Hindu festival celebrated in the eastern states of India, particularly in West Bengal, with elaborate rituals and processions.","Durga Puja involves the worship of the goddess Durga and is celebrated with grand processions, pandals, and cultural programs, making it a significant event in eastern India.",2026-09-14 11:16:55
GK_EN_0232,English,General Knowledge,"Art, Culture, Dance & Heritage",Medium,Which of the following is NOT a traditional musical instrument of India?,Sitar,Tabla,Guitar,Pakhawaj,C,Guitar,"The guitar is not a traditional Indian musical instrument, although it has become popular in recent times.","Sitar, tabla, and pakhawaj are traditional Indian musical instruments, while the guitar is of European origin and has gained popularity in modern times.",2026-09-14 11:16:55
GK_EN_0233,English,General Knowledge,"Art, Culture, Dance & Heritage",Medium,"Which of the following is NOT a classical dance form associated with the state of Kerala, India?",Mohiniyattam,Kathakali,Bharatanatyam,Kalaripayattu,C,Bharatanatyam,"Bharatanatyam is a classical dance form from Tamil Nadu, not Kerala.","Mohiniyattam and Kathakali are classical dance forms of Kerala, while Bharatanatyam is predominantly associated with the state of Tamil Nadu.",2026-09-14 11:16:55
GK_EN_0234,English,General Knowledge,"Art, Culture, Dance & Heritage",Medium,"Which of the following is NOT a traditional dance form of Odisha, India?",Chhau,Odissi,Kathak,Sambalpuri,C,Kathak,"Kathak is a classical dance form associated with northern India, not Odisha.","Chhau, Odissi, and Sambalpuri are traditional dance forms of Odisha, while Kathak is primarily associated with the northern Indian states of Uttar Pradesh, Punjab, and Rajasthan.",2026-09-14 11:16:55
GK_EN_0235,English,General Knowledge,"Art, Culture, Dance & Heritage",Medium,Which of the following is NOT a recognized Indian folk art form?,Pattachitra,Kathakali,Puppetry,Warli painting,B,Kathakali,"Kathakali is a classical dance form, not a folk art form.","Pattachitra, puppetry, and Warli painting are recognized Indian folk art forms, while Kathakali is a classical dance form that originated in the state of Kerala.",2026-09-14 11:16:55
GK_EN_0236,English,General Knowledge,"Art, Culture, Dance & Heritage",Medium,Which of the following is NOT a significant cultural festival of India?,Holi,Diwali,Christmas,Onam,C,Christmas,"Christmas is a Christian festival, not a traditional Indian cultural festival.","Holi, Diwali, and Onam are significant cultural festivals celebrated in India, while Christmas is a religious festival observed by Christians.",2026-09-14 11:16:55
GK_EN_0237,English,General Knowledge,"Art, Culture, Dance & Heritage",Medium,Which of the following is NOT a traditional Indian musical instrument used in Hindustani classical music?,Sitar,Tabla,Mridangam,Veena,C,Mridangam,"Mridangam is a Carnatic music instrument, not used in Hindustani classical music.","Sitar, tabla, and veena are traditional Indian instruments used in Hindustani classical music, while the mridangam is primarily used in Carnatic music.",2026-09-14 11:16:55
GK_EN_0238,English,General Knowledge,"Important Inventions, Discoveries & Science Pioneers",Hard,"Who is credited with the discovery of the structure of DNA, which led to the Nobel Prize in Physiology or Medicine in 1962?",James Watson and Francis Crick,Linus Pauling and Robert Corey,Flemming and Chain,Max Delbrück and Alfred Hershey,A,James Watson and Francis Crick,James Watson and Francis Crick correctly proposed the double helix structure of DNA.,"James Watson and Francis Crick published their paper in 1953 that described the double helix structure of DNA, which was a revolutionary discovery in molecular biology. This was a critical step in understanding genetic material and its role in heredity.",2026-09-14 11:17:21
GK_EN_0239,English,General Knowledge,"Important Inventions, Discoveries & Science Pioneers",Hard,"Which scientist is known for the development of the polio vaccine, which has virtually eradicated the disease worldwide?",Albert Sabin,Jonas Salk,Alexander Fleming,Louis Pasteur,A,Albert Sabin,"Albert Sabin developed the oral polio vaccine, which was more practical for widespread use.","Albert Sabin developed the oral polio vaccine, which was more stable and easier to administer than Jonas Salk's inactivated polio vaccine. This made it feasible to vaccinate large populations, contributing significantly to the global eradication efforts.",2026-09-14 11:17:21
GK_EN_0240,English,General Knowledge,"Important Inventions, Discoveries & Science Pioneers",Hard,"Which physicist is known for formulating the theory of general relativity, which fundamentally changed our understanding of gravity?",Albert Einstein,Isaac Newton,Nikola Tesla,Max Planck,A,Albert Einstein,Albert Einstein’s theory of general relativity introduced the concept of spacetime curvature caused by mass and energy.,"Albert Einstein’s 1915 theory of general relativity expanded upon his earlier special relativity, proposing that gravity is the result of the curvature of spacetime caused by mass and energy. This theory has been confirmed by numerous experiments and observations, including the bending of light by gravity and the prediction of black holes.",2026-09-14 11:17:21
GK_EN_0241,English,General Knowledge,"Important Inventions, Discoveries & Science Pioneers",Hard,"Which scientist is credited with the development of the first practical light bulb, which revolutionized the way people live and work?",Thomas Edison,Marie Curie,James Watt,Guglielmo Marconi,A,Thomas Edison,Thomas Edison improved on previous incandescent light bulb designs and developed a practical and commercially viable version.,"Thomas Edison improved upon the work of others, including Joseph Swan, to create a practical light bulb that could be used in homes and businesses. His work on the filament and electrical grid infrastructure laid the foundation for modern electrical lighting.",2026-09-14 11:17:21
GK_EN_0242,English,General Knowledge,"Important Inventions, Discoveries & Science Pioneers",Hard,"Who is recognized for the discovery of the structure of the atomic nucleus, which led to the development of nuclear physics?",Niels Bohr,Ernest Rutherford,Louis de Broglie,Enrico Fermi,B,Ernest Rutherford,"Ernest Rutherford's gold foil experiment demonstrated the existence of a small, dense nucleus within the atom.","Ernest Rutherford's gold foil experiment in 1909 provided strong evidence for the existence of the atomic nucleus, which was previously a theoretical concept. This discovery was crucial for the development of nuclear physics and the understanding of atomic structure.",2026-09-14 11:17:21
GK_EN_0243,English,General Knowledge,"Important Inventions, Discoveries & Science Pioneers",Hard,"Which scientist developed the theory of quantum mechanics, fundamentally changing our understanding of the microscopic world?",Niels Bohr,Max Planck,Albert Einstein,Erwin Schrödinger,A,Niels Bohr,"Niels Bohr's model of the atom introduced the concept of quantized energy levels, a cornerstone of quantum mechanics.","Niels Bohr's model of the atom, which introduced the concept of quantized energy levels, was a significant step in the development of quantum mechanics. His work laid the foundation for understanding atomic structure and the behavior of subatomic particles.",2026-09-14 11:17:21
GK_EN_0244,English,General Knowledge,"Important Inventions, Discoveries & Science Pioneers",Hard,"Which physicist is known for the development of the first practical radio receiver, which revolutionized long-distance communication?",Guglielmo Marconi,Nikola Tesla,Alexander Graham Bell,James Clerk Maxwell,A,Guglielmo Marconi,"Guglielmo Marconi successfully demonstrated the transmission of radio signals over long distances, revolutionizing communication technology.",Guglielmo Marconi's experiments in wireless telegraphy and his successful transmission of radio signals over long distances in 1899 marked the beginning of the radio era. His work paved the way for the development of modern radio and television communications.,2026-09-14 11:17:21
GK_EN_0245,English,General Knowledge,"Important Inventions, Discoveries & Science Pioneers",Hard,"Which scientist is credited with the development of the periodic table of elements, which has become a fundamental tool in chemistry?",Dmitri Mendeleev,John Dalton,Henry Moseley,Antoine Lavoisier,A,Dmitri Mendeleev,"Dmitri Mendeleev created the periodic table, organizing elements based on atomic mass and predicting the existence of undiscovered elements.","Dmitri Mendeleev published the first periodic table in 1869, arranging elements by atomic mass and predicting the properties of undiscovered elements. His work has since been refined and expanded to include the modern periodic table, which is an essential tool in chemistry.",2026-09-14 11:17:21
GK_EN_0246,English,General Knowledge,"Important Inventions, Discoveries & Science Pioneers",Hard,"Which scientist is known for the development of the theory of relativity, which has had profound implications in physics and cosmology?",Eugene Wigner,Werner Heisenberg,Albert Einstein,Richard Feynman,C,Albert Einstein,"Albert Einstein’s theories of relativity have revolutionized our understanding of space, time, and gravity.","Albert Einstein formulated the special theory of relativity in 1905 and the general theory of relativity in 1915. These theories have had profound implications in physics and cosmology, including the understanding of black holes, the expansion of the universe, and gravitational waves.",2026-09-14 11:17:21
GK_EN_0247,English,General Knowledge,"Important Inventions, Discoveries & Science Pioneers",Hard,"Which physicist is known for the discovery of X-rays, which revolutionized medical diagnostics and imaging technology?",Wilhelm Conrad Röntgen,Marie Curie,Isaac Newton,Nikola Tesla,A,Wilhelm Conrad Röntgen,"Wilhelm Conrad Röntgen discovered X-rays in 1895, which have become essential tools in medical diagnostics.","Wilhelm Conrad Röntgen's discovery of X-rays in 1895 opened a new era in medical diagnostics and imaging. X-rays have since become indispensable tools in diagnosing and treating a wide range of medical conditions, from fractures to cancer.",2026-09-14 11:17:21
GK_EN_0248,English,General Knowledge,"International Organizations (UN, WHO, WTO, IMF)",Easy,Which international organization is primarily responsible for ensuring the stability of the international monetary system?,IMF,WHO,WTO,UN,A,IMF,IMF stands for International Monetary Fund.,"The IMF works to foster international monetary cooperation, promote high employment and sustainable economic growth, and reduce poverty around the world.",2026-09-14 11:17:39
GK_EN_0249,English,General Knowledge,"International Organizations (UN, WHO, WTO, IMF)",Easy,Which organization focuses on international public health and disease prevention?,IMF,WTO,UN,WHO,D,WHO,WHO stands for World Health Organization.,The WHO is responsible for directing international health within the United Nations' system and coordinating responses to public health emergencies.,2026-09-14 11:17:39
GK_EN_0250,English,General Knowledge,"International Organizations (UN, WHO, WTO, IMF)",Easy,Which of the following organizations is an intergovernmental organization that aims to promote trade and economic development among its member countries?,IMF,WHO,UN,WTO,D,WTO,WTO stands for World Trade Organization.,"The WTO is responsible for setting and monitoring the rules of trade between nations, ensuring a free and fair global trading system.",2026-09-14 11:17:39
GK_EN_0251,English,General Knowledge,"International Organizations (UN, WHO, WTO, IMF)",Easy,"Which organization is known for its role in maintaining international peace and security, as well as promoting human rights and sustainable development?",IMF,WHO,UN,WTO,C,UN,UN stands for United Nations.,"The UN is a global organization that aims to maintain international peace and security, develop friendly relations among nations, and promote social progress, better living standards, and human rights.",2026-09-14 11:17:39
GK_EN_0252,English,General Knowledge,"International Organizations (UN, WHO, WTO, IMF)",Easy,"Which of the following is the oldest and largest international organization, with the primary function of maintaining international peace and security?",IMF,WHO,UN,WTO,C,UN,UN stands for United Nations.,"The UN was established in 1945 after World War II to replace the League of Nations, with the aim of preventing another such conflict.",2026-09-14 11:17:39
GK_EN_0253,English,General Knowledge,"International Organizations (UN, WHO, WTO, IMF)",Easy,"Which organization deals with the global economy and international trade, aiming to facilitate trade and ensure that trade flows as smoothly, predictably, and freely as possible?",IMF,WHO,UN,WTO,D,WTO,WTO stands for World Trade Organization.,The WTO is responsible for providing a forum for negotiating trade agreements and handling trade disputes.,2026-09-14 11:17:39
GK_EN_0254,English,General Knowledge,"International Organizations (UN, WHO, WTO, IMF)",Easy,Which of the following organizations provides financial assistance to countries with balance of payments problems?,IMF,WHO,UN,WTO,A,IMF,IMF stands for International Monetary Fund.,The IMF helps countries achieve macroeconomic stability and supports their economic development by providing short-term financial assistance and policy advice.,2026-09-14 11:17:39
GK_EN_0255,English,General Knowledge,"International Organizations (UN, WHO, WTO, IMF)",Easy,"Which organization is responsible for setting international standards for the safety, effectiveness, quality, and security of medicines for human and veterinary use?",IMF,WHO,UN,WTO,B,WHO,WHO stands for World Health Organization.,The WHO works to ensure the safety and efficacy of medicines and promotes the development of new and better medicines.,2026-09-14 11:17:39
GK_EN_0256,English,General Knowledge,"International Organizations (UN, WHO, WTO, IMF)",Easy,"Which of the following organizations is known for its role in promoting international cooperation in trade and investment, as well as the facilitation of international trade?",IMF,WHO,UN,WTO,D,WTO,WTO stands for World Trade Organization.,The WTO is responsible for establishing and monitoring the rules of international trade and providing a forum for trade negotiations and dispute resolution.,2026-09-14 11:17:39
GK_EN_0257,English,General Knowledge,"International Organizations (UN, WHO, WTO, IMF)",Easy,"Which organization aims to promote international cooperation to achieve sustainable development, improve human well-being, and ensure that development is equitable and does not harm the environment?",IMF,WHO,UN,WTO,C,UN,UN stands for United Nations.,"The UN focuses on sustainable development, human rights, peace and security, and social and economic well-being, among other issues.",2026-09-14 11:17:39
GK_EN_0258,English,General Knowledge,"Famous Personalities, Leaders & Thinkers",Medium,"Who is the founder of the educational philosophy known asragiyan pedagogy, emphasizing the holistic development of the individual?",Rabindranath Tagore,Nelson Mandela,Mahatma Gandhi,Jawaharlal Nehru,A,Rabindranath Tagore,"Tagore's philosophy focused on nurturing the whole person, including their intellectual, emotional, and spiritual development.","Rabindranath Tagore, an Indian polymath, was a proponent ofragiyan pedagogy, which prioritized a balanced and comprehensive approach to education, integrating various aspects of human development.",2026-09-14 11:17:48
GK_EN_0259,English,General Knowledge,"Books, Authors & Literature",Hard,Which of the following authors is credited with pioneering the use of stream of consciousness as a narrative technique in modern literature?,James Joyce,Virginia Woolf,F. Scott Fitzgerald,Ernest Hemingway,B,Virginia Woolf,"Virginia Woolf’s novels, such as 'Mrs. Dalloway' and 'To the Lighthouse', extensively used stream of consciousness to explore characters' inner thoughts and feelings.","Virginia Woolf was a key figure in the modernist movement, and her works are renowned for their innovative narrative techniques, particularly the stream of consciousness, which provides readers with a more intimate and subjective view of characters.",2026-09-14 11:18:16
GK_EN_0260,English,General Knowledge,"Books, Authors & Literature",Hard,"In the realm of dystopian literature, which author is known for writing 'The Handmaid's Tale', a novel that explores themes of reproductive rights and women's oppression?",Ray Bradbury,Margaret Atwood,Ursula K. Le Guin,Aldous Huxley,B,Margaret Atwood,"Margaret Atwood’s 'The Handmaid's Tale' is a seminal work in dystopian literature, addressing issues of gender and power in a future society.","Margaret Atwood’s novel 'The Handmaid's Tale' is a powerful critique of totalitarianism and the oppression of women, using a vividly imagined future setting to explore contemporary issues and societal fears.",2026-09-14 11:18:16
GK_EN_0261,English,General Knowledge,"Books, Authors & Literature",Hard,"Which author’s work is often cited as a foundational text in the exploration of postcolonial literature, specifically through the character of Elizabeth Amusa, who embodies the complexities of identity and cultural displacement?",Chinua Achebe,V.S. Naipaul,J.M. Coetzee,Wole Soyinka,C,J.M. Coetzee,"J.M. Coetzee’s work, including 'Disgrace', features Elizabeth Amusa as a character who grapples with the aftermath of apartheid and the complexities of postcolonial South Africa.","J.M. Coetzee’s 'Disgrace' is a seminal work in postcolonial literature, using the character of Elizabeth Amusa to explore themes of identity, cultural displacement, and the moral complexities of post-apartheid South Africa.",2026-09-14 11:18:16
GK_EN_0262,English,General Knowledge,"Books, Authors & Literature",Hard,"Which author’s literary masterpiece, 'Ulysses', is often considered a pivotal work in the development of modernist literature, known for its innovative narrative structure and stream of consciousness technique?",James Joyce,T.S. Eliot,Virginia Woolf,T.E. Lawrence,A,James Joyce,"James Joyce’s 'Ulysses' is a groundbreaking work that revolutionized the form of the novel through its use of stream of consciousness and detailed, multi-layered narrative techniques.","James Joyce’s 'Ulysses' is a seminal work in modernist literature, famous for its innovative narrative techniques, including stream of consciousness, and its exploration of the inner lives of characters through a single day in Dublin.",2026-09-14 11:18:16
GK_EN_0263,English,General Knowledge,"Books, Authors & Literature",Hard,"Which of the following authors is known for the 'Harry Potter' series, a set of fantasy novels that have become a cultural phenomenon and have been adapted into a successful film series?",J.K. Rowling,J.R.R. Tolkien,C.S. Lewis,Isleof cellForRowAtIndexPath,A,J.K. Rowling,"J.K. Rowling’s 'Harry Potter' series has had a profound impact on contemporary literature and popular culture, introducing a new generation of readers to the world of fantasy.","J.K. Rowling’s 'Harry Potter' series is a groundbreaking work in contemporary fantasy literature, known for its richly detailed world-building, complex characters, and overarching themes of good versus evil.",2026-09-14 11:18:16
GK_EN_0264,English,General Knowledge,"Books, Authors & Literature",Hard,"Which author wrote 'The Bell Jar', a semi-autobiographical novel that explores the mental health struggles of a young woman in the 1950s, and is considered a feminist classic?",Sylvia Plath,Alice Walker,Betty Smith,Margaret Atwood,A,Sylvia Plath,"Sylvia Plath’s 'The Bell Jar' is a powerful exploration of mental health and societal expectations, and is considered a seminal work in feminist literature.","Sylvia Plath’s 'The Bell Jar' is a semi-autobiographical novel that delves into the experiences of a young woman struggling with depression and societal pressures, making it a significant work in feminist literature.",2026-09-14 11:18:16
GK_EN_0265,English,General Knowledge,"Books, Authors & Literature",Hard,"Which of the following authors is known for the dystopian novel 'Brave New World', which explores themes of technological determinism, social engineering, and the loss of individuality in a future society?",George Orwell,Aldous Huxley,Ray Bradbury,Isleof cellForRowAtIndexPath,B,Aldous Huxley,"Aldous Huxley’s 'Brave New World' is a seminal work in dystopian literature, critiquing the potential consequences of technological advancement and societal manipulation.","Aldous Huxley’s 'Brave New World' is a seminal work in dystopian literature, using a futuristic setting to explore the themes of technological determinism, social engineering, and the loss of individuality.",2026-09-14 11:18:16
GK_EN_0266,English,General Knowledge,"Books, Authors & Literature",Hard,"Which author’s work, 'To Kill a Mockingbird', is a classic of American literature that explores themes of racial injustice, moral growth, and the loss of innocence in the context of the American South during the 1930s?",Harper Lee,Faulkner,Eudora Welty,Isleof cellForRowAtIndexPath,A,Harper Lee,"Harper Lee’s 'To Kill a Mockingbird' is a powerful exploration of racial injustice and moral growth, set against the backdrop of the American South.","Harper Lee’s 'To Kill a Mockingbird' is a seminal work in American literature, known for its nuanced portrayal of racial injustice and its exploration of moral growth and the loss of innocence.",2026-09-14 11:18:16
GK_EN_0267,English,General Knowledge,"Books, Authors & Literature",Hard,"Which of the following authors is known for the novel 'Pride and Prejudice', a classic of English literature that explores themes of social class, marriage, and the importance of personal integrity in the 19th-century English society?",Jane Austen,Charlotte Bronte,Emily Bronte,Isleof cellForRowAtIndexPath,A,Jane Austen,"Jane Austen’s 'Pride and Prejudice' is a classic of English literature, known for its sharp social commentary and exploration of personal relationships.","Jane Austen’s 'Pride and Prejudice' is a masterpiece of English literature, renowned for its insightful social commentary and exploration of the complexities of personal relationships and societal norms.",2026-09-14 11:18:16
GK_EN_0268,English,General Knowledge,"Books, Authors & Literature",Hard,"Which author wrote 'The Great Gatsby', a novel that is often cited as a critique of the American Dream, exploring themes of wealth, social class, and the moral decay of the 1920s American society?",F. Scott Fitzgerald,Ernest Hemingway,T.S. Eliot,Isleof cellForRowAtIndexPath,A,F. Scott Fitzgerald,"F. Scott Fitzgerald’s 'The Great Gatsby' is a seminal work in American literature, known for its critique of the American Dream and exploration of the moral decay of the 1920s.","F. Scott Fitzgerald’s 'The Great Gatsby' is a celebrated novel that provides a critical view of the American Dream, through the story of its eponymous character, and delves into themes of wealth, social class, and moral decay.",2026-09-14 11:18:16
GK_EN_0269,English,General Knowledge,"National & International Awards (Nobel, Bharat Ratna, Oscar)",Easy,The Nobel Prize in Literature is awarded by which organization?,The Swedish Academy,The Royal Swedish Academy of Sciences,The Nobel Committee of Oslo,The Nobel Foundation,A,The Swedish Academy,"The Swedish Academy awards the Nobel Prize in Literature, recognizing outstanding contributions to literature.",The Swedish Academy is responsible for selecting the Nobel Prize in Literature laureate each year based on the merit of their work.,2026-09-14 11:18:38
GK_EN_0270,English,General Knowledge,"National & International Awards (Nobel, Bharat Ratna, Oscar)",Easy,Which of the following is NOT a Nobel Prize category?,Chemistry,Economics,Peace,Literature,B,The Economics Prize,"The Economics Prize is not a category of the Nobel Prize, though it is often referred to as such.","The Nobel Prize includes categories such as Chemistry, Peace, and Literature, but the Economics Prize is actually a separate prize established by the Sveriges Riksbank (Swedish National Bank).",2026-09-14 11:18:38
GK_EN_0271,English,General Knowledge,"National & International Awards (Nobel, Bharat Ratna, Oscar)",Easy,Which country’s highest civilian award is the Bharat Ratna?,India,United States,United Kingdom,Australia,A,India,"The Bharat Ratna is India’s highest civilian award, recognizing exceptional service to the nation.","The Bharat Ratna, which means 'Jewel of India,' is given by the Government of India to recognize extraordinary achievements in various fields.",2026-09-14 11:18:38
GK_EN_0272,English,General Knowledge,"National & International Awards (Nobel, Bharat Ratna, Oscar)",Easy,Which of the following is the oldest international award in the arts and entertainment?,Academy Award (Oscar),Golden Globe,Tony Award,Grammy Award,A,Academy Award (Oscar),"The Academy Award, also known as the Oscar, has been awarded since 1929, making it the oldest international award in the arts and entertainment.","The Academy Award was established by the Academy of Motion Picture Arts and Sciences and is often referred to as the 'Oscar,' honoring excellence in film.",2026-09-14 11:18:38
GK_EN_0273,English,General Knowledge,"National & International Awards (Nobel, Bharat Ratna, Oscar)",Easy,Which award is often considered the most prestigious in the field of medicine?,The Nobel Prize in Physics,The Nobel Prize in Chemistry,The Nobel Prize in Physiology or Medicine,The Nobel Prize in Economics,C,The Nobel Prize in Physiology or Medicine,The Nobel Prize in Physiology or Medicine is awarded annually for outstanding discoveries in the field of life sciences and medicine.,This prize is given by the Nobel Assembly at the Karolinska Institute in Stockholm and is highly respected for its recognition of significant contributions to medical science.,2026-09-14 11:18:38
GK_EN_0274,English,General Knowledge,"National & International Awards (Nobel, Bharat Ratna, Oscar)",Easy,Which of the following is NOT a recipient of the Bharat Ratna award?,Mother Teresa,APJ Abdul Kalam,APJ Abdul Kalam (repeated),Vallabhbhai Patel,C,APJ Abdul Kalam (repeated),"APJ Abdul Kalam is a recipient of the Bharat Ratna, but mentioning him twice is incorrect.","APJ Abdul Kalam, former President of India, was indeed awarded the Bharat Ratna. Mentioning him twice in the question is incorrect, and this is the reason for the correct answer.",2026-09-14 11:18:38
GK_EN_0275,English,General Knowledge,"National & International Awards (Nobel, Bharat Ratna, Oscar)",Easy,Which of the following is a criterion for the selection of the Nobel Prize in Literature?,The quantity of the author’s work,The author's nationality,The author's influence on world culture,The popularity of the author's works,C,The author's influence on world culture,"The Nobel Prize in Literature is awarded for the author's influence on world culture, not just the quantity or popularity of their work.","The Nobel Committee evaluates the author’s contribution to world literature, considering the overall impact of their work on global culture and thought.",2026-09-14 11:18:38
GK_EN_0276,English,General Knowledge,"National & International Awards (Nobel, Bharat Ratna, Oscar)",Easy,Which of the following is NOT a category of the Nobel Prize?,Physics,Biology,Chemistry,Economics,B,Biology,Biology is not a category of the Nobel Prize; the correct category is Physiology or Medicine.,"The Nobel Prize includes categories such as Physics, Chemistry, and Economics, but not Biology. The Physiology or Medicine category is used instead.",2026-09-14 11:18:38
GK_EN_0277,English,General Knowledge,"National & International Awards (Nobel, Bharat Ratna, Oscar)",Easy,Which of the following is a requirement for the recipient of the Bharat Ratna?,The recipient must be a citizen of India,The recipient must be a non-citizen,There are no citizenship requirements,The recipient must be a resident of India,C,There are no citizenship requirements,"The Bharat Ratna can be awarded to any person, whether a citizen or not, for their service to India.","The Bharat Ratna is open to all individuals who have made significant contributions to the nation, regardless of their citizenship status.",2026-09-14 11:18:38
GK_EN_0278,English,General Knowledge,"National & International Awards (Nobel, Bharat Ratna, Oscar)",Easy,Which of the following is a criterion for the selection of the Nobel Prize in Peace?,The political affiliation of the candidate,The candidate's contribution to international peace,The candidate's wealth,The candidate's popularity,B,The candidate's contribution to international peace,The Nobel Prize in Peace is awarded to individuals or organizations for their efforts to promote international peace.,"The prize is given to those who have made significant contributions to international peace, such as through conflict resolution, promoting human rights, or advancing cooperation among nations.",2026-09-14 11:18:38
GK_EN_0279,English,General Knowledge,"Sports, Olympic Games & Championships",Medium,Which Olympic event is known for the longest race in terms of distance?,Marathon,"10,000m Run",50km Race Walk,100m Sprint,C,50km Race Walk,The 50km Race Walk is the longest race in the Olympic Games.,"The 50km Race Walk is a grueling endurance event where athletes must maintain a walking pace for a distance of 50 kilometers, making it the longest race in the Olympic program.",2026-09-14 11:19:01
GK_EN_0280,English,General Knowledge,"Sports, Olympic Games & Championships",Medium,Which of the following sports has been featured in every modern Olympic Games since 1896?,Basketball,Gymnastics,Table Tennis,Fencing,D,Fencing,Fencing has been a consistent part of the Olympic program since its inception in 1896.,"Fencing has been included in every modern Olympic Games since the first one in 1896, making it one of the most traditional and enduring sports in the Olympic program.",2026-09-14 11:19:01
GK_EN_0281,English,General Knowledge,"Sports, Olympic Games & Championships",Medium,Which country has hosted the Summer Olympic Games the most times?,United States,France,United Kingdom,Greece,A,United States,The United States has hosted the Summer Olympics four times.,"The United States has hosted the Summer Olympics in 1904, 1932, 1984, and 1996, making it the country with the most Olympic Games hostings.",2026-09-14 11:19:01
GK_EN_0282,English,General Knowledge,"Sports, Olympic Games & Championships",Medium,Which of the following is a requirement for a team to compete in the Olympic Games?,The team must have a minimum of 50 players,The team must be from a recognized country by the IOC,The team must have won at least one gold medal in the previous Olympics,The team must have been the reigning world champion,B,The team must be from a recognized country by the IOC,A country must be recognized by the IOC to compete in the Olympic Games.,Each country that wishes to compete in the Olympic Games must be recognized by the International Olympic Committee (IOC) to ensure the integrity and inclusivity of the Games.,2026-09-14 11:19:01
GK_EN_0283,English,General Knowledge,"Sports, Olympic Games & Championships",Medium,Which of the following sports is included in the Winter Olympic Games but not in the Summer Olympic Games?,Football,Tennis,Luge,Swimming,C,Luge,Luge is an event exclusive to the Winter Olympic Games.,"Luge, a sport involving sliding down an icy track in a small sled, is one of the many winter sports that are not included in the Summer Olympic Games.",2026-09-14 11:19:01
GK_EN_0284,English,General Knowledge,"Sports, Olympic Games & Championships",Medium,Which of the following is a mandatory event in the modern Olympic Games?,Men's 100m Sprint,Women's 100m Sprint,Marathon Relay,Relay Race,A,Men's 100m Sprint,The men's 100m sprint is a mandatory event in the Olympic Games.,"The men's 100m sprint is a traditional event that has been a part of the Olympic Games since the inception of the modern Olympics in 1896, and it remains a core event in the program.",2026-09-14 11:19:01
GK_EN_0285,English,General Knowledge,"Sports, Olympic Games & Championships",Medium,Which of the following is NOT a discipline in Olympic Weightlifting?,Clean and Jerk,Snatch,Power Clean,Overhead Press,C,Power Clean,Power Clean is not an official discipline in Olympic Weightlifting.,"Olympic Weightlifting consists of only two disciplines: the Clean and Jerk and the Snatch. The Power Clean, while a variation of the clean, is not recognized as an official event in the Olympic Weightlifting program.",2026-09-14 11:19:01
GK_EN_0286,English,General Knowledge,"Sports, Olympic Games & Championships",Medium,Which of the following is a true statement about the Olympic Charter?,It is updated annually,It is only applicable to athletes,It outlines the values and principles of the Olympic Games,It is written in Latin,C,It outlines the values and principles of the Olympic Games,The Olympic Charter defines the values and principles that guide the Olympic Games.,"The Olympic Charter is a fundamental document that sets out the values, mission, and principles of the Olympic Movement, ensuring that the spirit of the Games remains intact and is respected by all participants.",2026-09-14 11:19:01
GK_EN_0287,English,General Knowledge,"Sports, Olympic Games & Championships",Medium,Which of the following is a criterion for determining the host city of the Olympic Games?,The city must have a population over 10 million,The city must be the capital of a country,The city must be able to demonstrate a strong financial and logistical capability,The city must be in the Northern Hemisphere,C,The city must be able to demonstrate a strong financial and logistical capability,A city's ability to host the Olympic Games is based on its financial and logistical readiness.,The International Olympic Committee evaluates a city's bid based on its financial and logistical capabilities to ensure the Games can be successfully organized and executed.,2026-09-14 11:19:01
GK_EN_0288,English,General Knowledge,"Sports, Olympic Games & Championships",Medium,Which of the following is true about the Olympic Village?,It is only for athletes,It is open to the public during the Games,It is located in the host city,It is not a part of the Olympic Games,A,It is only for athletes,The Olympic Village is exclusively for athletes and their support staff.,"The Olympic Village is a secure, residential area for athletes and their support staff during the Games, providing them with accommodation, meals, and a social environment away from the public.",2026-09-14 11:19:01
GK_EN_0289,English,General Knowledge,"Ecology, Biodiversity & National Parks",Hard,Which of the following statements accurately describes the relationship between biodiversity and ecosystem resilience in national parks?,Biodiversity has no significant impact on ecosystem resilience in national parks.,High biodiversity tends to decrease ecosystem resilience as it leads to competition among species.,Biodiversity enhances ecosystem resilience because of the redundancy in species roles and functional traits.,Ecosystem resilience in national parks is solely dependent on the presence of keystone species.,C,Biodiversity enhances ecosystem resilience because of the redundancy in species roles and functional traits.,This answer emphasizes the importance of species diversity in maintaining ecosystem stability.,"Ecosystem resilience is bolstered by the presence of multiple species that can perform similar functions, ensuring that if one species is affected, others can compensate, thus maintaining overall ecosystem health.",2026-09-14 11:19:29
GK_EN_0290,English,General Knowledge,"Ecology, Biodiversity & National Parks",Hard,"In the context of national parks, what does the term 'keystone species' refer to?",Species that are the most abundant in the ecosystem.,Species that have a disproportionately large effect on their environment relative to their abundance.,Species that are introduced to the ecosystem and disrupt the balance.,Species that are under threat and need immediate protection.,B,Species that have a disproportionately large effect on their environment relative to their abundance.,This answer highlights the critical role of keystone species in maintaining the structure and function of the ecosystem.,"Keystone species, such as beavers or wolves, can significantly influence the ecosystem's structure and function, often by controlling populations of other species, and their removal can lead to dramatic changes in the environment.",2026-09-14 11:19:29
GK_EN_0291,English,General Knowledge,"Ecology, Biodiversity & National Parks",Hard,Which of the following best describes the concept of 'ecosystem services' in the context of national parks?,The economic value derived from the extraction of natural resources within national parks.,The regulatory services provided by governmental agencies to protect national parks.,"The various benefits humans and other organisms receive from the ecosystem, such as clean air, water, and pollination.",The genetic diversity of species within national parks.,C,"The various benefits humans and other organisms receive from the ecosystem, such as clean air, water, and pollination.",This answer captures the ecological and societal value of the services provided by ecosystems.,"Ecosystem services include provisioning, regulating, cultural, and supporting services, which are essential for human well-being and the functioning of the environment.",2026-09-14 11:19:29
GK_EN_0292,English,General Knowledge,"Ecology, Biodiversity & National Parks",Hard,Which of the following best explains the concept of 'non-native species' in national parks?,Species that are originally from the same geographical area as the national park.,"Species that are introduced into the park from other regions or countries, often by human activity.",Species that are extinct and reintroduced into the park through conservation efforts.,Species that are endemic to the park and have not been introduced by humans.,B,"Species that are introduced into the park from other regions or countries, often by human activity.",This answer defines non-native species as those that are not naturally found in the area and can disrupt local ecosystems.,"Non-native species, or invasive species, can outcompete native species for resources, alter habitat structures, and introduce diseases, thus affecting the overall biodiversity and ecological balance of national parks.",2026-09-14 11:19:29
GK_EN_0293,English,General Knowledge,"Ecology, Biodiversity & National Parks",Hard,What is the primary purpose of setting up buffer zones around national parks?,To provide a habitat for non-native species.,To facilitate easier access for tourists and researchers.,To protect the park from the negative impacts of surrounding human activities.,To increase the land area available for conservation efforts.,C,To protect the park from the negative impacts of surrounding human activities.,This answer explains the protective role of buffer zones in mitigating external human impacts.,"Buffer zones act as a barrier to reduce the direct impacts of human activities such as pollution, deforestation, and urbanization on the national park, helping to preserve its ecological integrity and biodiversity.",2026-09-14 11:19:29
GK_EN_0294,English,General Knowledge,"Ecology, Biodiversity & National Parks",Hard,Which of the following best describes the role of 'socio-economic valuation' in the management of national parks?,Determining the financial cost of maintaining the park's infrastructure.,Calculating the total monetary value of all resources within the park.,Estimating the economic and social benefits of the park to local communities and society at large.,Assessing the potential for commercial activities within the park.,C,Estimating the economic and social benefits of the park to local communities and society at large.,This answer highlights the importance of understanding the broader value of national parks beyond just their natural resources.,"Socio-economic valuation helps in understanding the multiple benefits that national parks provide, including recreational, educational, and cultural values, which can inform better conservation and management strategies.",2026-09-14 11:19:29
GK_EN_0295,English,General Knowledge,"Ecology, Biodiversity & National Parks",Hard,What does the 'carrying capacity' of a national park refer to?,The maximum population size of a species that can be supported by the park's resources.,The total number of visitors the park can accommodate in a day without causing environmental damage.,The number of species that can be introduced into the park without disrupting the ecosystem.,The amount of human intervention allowed in the park for scientific research.,A,The maximum population size of a species that can be supported by the park's resources.,This answer defines carrying capacity as the limit of the park's ability to support a population without degradation.,"Carrying capacity is a critical concept in ecology, indicating the maximum number of organisms that can be supported by the available resources in a given area, without causing significant environmental stress or degradation.",2026-09-14 11:19:29
GK_EN_0296,English,General Knowledge,"Ecology, Biodiversity & National Parks",Hard,Which of the following best describes the 'no-take zone' in the context of marine national parks?,"A designated area where all human activities, including fishing and diving, are permitted.",A section of the park where only research and monitoring activities are allowed.,"A restricted area where no extractive activities such as fishing or harvesting are allowed, aiming to protect marine biodiversity.",A buffer zone between the park and the surrounding coastal areas to control land-based pollution.,C,"A restricted area where no extractive activities such as fishing or harvesting are allowed, aiming to protect marine biodiversity.",This answer explains the purpose of no-take zones in preserving marine ecosystems.,"No-take zones are crucial for the conservation of marine biodiversity, as they prevent the removal of organisms and allow populations to recover and thrive, which in turn supports the overall health and productivity of the marine ecosystem.",2026-09-14 11:19:29
GK_EN_0297,English,General Knowledge,"Ecology, Biodiversity & National Parks",Hard,Which of the following best explains the 'sustainable use' concept in the management of national parks?,Allowing unrestricted exploitation of natural resources to maximize economic benefits.,Balancing conservation and the use of natural resources in a way that does not compromise the ecosystem’s long-term health.,Focusing solely on conservation and prohibiting any form of resource use.,Implementing policies that prioritize short-term gains over long-term ecological sustainability.,B,Balancing conservation and the use of natural resources in a way that does not compromise the ecosystem’s long-term health.,This answer captures the essence of sustainable use in ensuring both ecological health and human well-being.,"Sustainable use involves managing natural resources in a way that meets present needs without compromising the ability of future generations to meet their own needs, thus promoting both conservation and responsible resource utilization.",2026-09-14 11:19:29
GK_EN_0298,English,General Knowledge,"Ecology, Biodiversity & National Parks",Hard,What is the primary goal of 'ecological restoration' in national parks?,To enhance the aesthetic value of the park for tourism purposes.,To restore the natural ecological processes and species assemblages of degraded ecosystems within the park.,To introduce exotic plant species that can outcompete native species and improve the park's appearance.,To increase the park's land area by clearing non-native vegetation.,B,To restore the natural ecological processes and species assemblages of degraded ecosystems within the park.,This answer defines ecological restoration as the process of recovering the health and function of degraded ecosystems.,"Ecological restoration aims to return degraded ecosystems to their original state, supporting the recovery of native species and the ecological processes that maintain biodiversity and ecosystem services.",2026-09-14 11:19:29
GK_EN_0299,English,General Knowledge,Ancient & Medieval History,Easy,Who is considered the father of Western philosophy?,Plato,Aristotle,Socrates,Pythagoras,C,Socrates,Socrates is recognized as the foundational figure in Western philosophy due to his method of questioning and seeking knowledge.,"Socrates is known for his dialectical method of inquiry, where he engaged in conversations to challenge assumptions and explore ideas, laying the groundwork for philosophical inquiry.",2026-09-14 11:19:48
GK_EN_0300,English,General Knowledge,Ancient & Medieval History,Easy,"Which ancient civilization built the Hanging Gardens of Babylon, one of the Seven Wonders of the Ancient World?",Egyptians,Greeks,Babylonians,Persians,C,Babylonians,"The Babylonians are credited with constructing the Hanging Gardens, showcasing their engineering and horticultural skills.","The Hanging Gardens were a marvel of ancient engineering, featuring a series of terraced gardens with a sophisticated irrigation system.",2026-09-14 11:19:48
GK_EN_0301,English,General Knowledge,Ancient & Medieval History,Easy,Which of the following empires is known for the construction of the Great Wall of China?,Ming Dynasty,Qin Dynasty,Han Dynasty,Tang Dynasty,B,Qin Dynasty,The Qin Dynasty is renowned for unifying China and constructing the first Great Wall to protect against invasions.,The Great Wall was initially built during the Qin Dynasty as a defensive structure to safeguard the empire from nomadic tribes.,2026-09-14 11:19:48
GK_EN_0302,English,General Knowledge,Ancient & Medieval History,Easy,Who was the first Roman Emperor to convert to Christianity?,Julius Caesar,Nero,Constantine,Augustus,C,Constantine,Constantine’s conversion to Christianity had a significant impact on the religious landscape of the Roman Empire.,"Constantine’s conversion and the Edict of Milan marked a turning point, allowing religious freedom and officially recognizing Christianity within the empire.",2026-09-14 11:19:48
GK_EN_0303,English,General Knowledge,Ancient & Medieval History,Easy,Which of the following is a famous medieval philosopher who wrote 'Summa Theologica'?,Thomas Aquinas,Aristotle,Descartes,Kant,A,Thomas Aquinas,"Thomas Aquinas integrated Aristotelian philosophy with Christian theology, making him a key figure in scholasticism.","Thomas Aquinas’ work synthesized classical philosophy and Christian doctrine, influencing medieval and early modern thought.",2026-09-14 11:19:48
GK_EN_0304,English,General Knowledge,Ancient & Medieval History,Easy,Which medieval European kingdom is known for its role in the Crusades?,England,France,Spain,Germany,B,France,France played a significant role in the organization and participation of the Crusades.,"French kings and nobles were among the leaders and participants in the Crusades, which were often organized from French ports and territories.",2026-09-14 11:19:48
GK_EN_0305,English,General Knowledge,Ancient & Medieval History,Easy,Which of the following was a famous Mongol conqueror who expanded the Mongol Empire to its greatest extent?,Genghis Khan,Ogedei Khan,Jochi Khan,Kublai Khan,A,Genghis Khan,"Genghis Khan was the founder and first Great Khan of the Mongol Empire, known for his military conquests and unification of Mongolia.",Genghis Khan's military conquests and political strategies led to the establishment of the largest contiguous empire in history.,2026-09-14 11:19:48
GK_EN_0306,English,General Knowledge,Ancient & Medieval History,Easy,Which famous Italian city-state was a major center of the Renaissance in the 14th to 16th centuries?,Florence,Venice,Rome,Genoa,A,Florence,"Florence was a leading center of art, culture, and commerce during the Renaissance, producing famous artists and thinkers.","Florence’s patronage of artists like Leonardo da Vinci, Michelangelo, and Botticelli, along with its economic prosperity, made it a hub of Renaissance activity.",2026-09-14 11:19:48
GK_EN_0307,English,General Knowledge,Ancient & Medieval History,Easy,Which medieval English king is known for signing the Magna Carta in 1215?,Henry III,John,Richard I,Edward I,B,John,King John’s signing of the Magna Carta was a pivotal moment in the development of constitutional law and individual rights in England.,"The Magna Carta limited the powers of the king and established the principle that everyone, including the king, was subject to the law.",2026-09-14 11:19:48
GK_EN_0308,English,General Knowledge,Modern Indian History & Freedom Struggle,Medium,Who was the leader of the Indian National Congress during the Non-Cooperation Movement of 1920-1922?,Bal Gangadhar Tilak,Mahatma Gandhi,Jawaharlal Nehru,Subhash Chandra Bose,B,Mahatma Gandhi,Mahatma Gandhi was the key figure who inspired and led the Non-Cooperation Movement.,"Mahatma Gandhi was instrumental in initiating the Non-Cooperation Movement with his philosophy of non-violent resistance, which united the masses under the Congress banner.",2026-09-14 11:20:14
GK_EN_0309,English,General Knowledge,Modern Indian History & Freedom Struggle,Medium,Which event is considered the starting point of the modern Indian freedom struggle against British rule?,The Sepoy Mutiny of 1857,The Partition of Bengal in 1905,The Jallianwala Bagh Massacre in 1919,The First Non-Cooperation Movement in 1920,B,The Partition of Bengal in 1905,The partition of Bengal in 1905 was a significant event that sparked widespread unrest and anti-colonial sentiments.,"The British partition of Bengal along religious lines led to massive protests and was seen as an attempt to divide and weaken the Indian people, igniting the spark of the modern freedom struggle.",2026-09-14 11:20:14
GK_EN_0310,English,General Knowledge,Modern Indian History & Freedom Struggle,Medium,Who among the following was a prominent leader of the Quit India Movement in 1942?,Lala Lajpat Rai,Bhimrao Ramji Ambedkar,Netaji Subhas Chandra Bose,Jawaharlal Nehru,C,Netaji Subhas Chandra Bose,"Netaji Subhas Chandra Bose was a key figure in the Quit India Movement, advocating for complete independence from British rule.",Netaji Subhas Chandra Bose played a crucial role in mobilizing public opinion and organizing resistance against the British during the Quit India Movement.,2026-09-14 11:20:14
GK_EN_0311,English,General Knowledge,Modern Indian History & Freedom Struggle,Medium,Which Indian leader is known for his contributions to the Indian independence movement and later served as the first Prime Minister of India?,Chandrasekhar Azad,Bhagat Singh,Jawaharlal Nehru,Vinayak Damodar Savarkar,C,Jawaharlal Nehru,Jawaharlal Nehru was a key figure in the Indian independence movement and played a significant role in shaping post-independence India.,"Jawaharlal Nehru was a prominent leader who led the Indian National Congress and was instrumental in drafting the Indian Constitution, serving as the first Prime Minister of independent India.",2026-09-14 11:20:14
GK_EN_0312,English,General Knowledge,Modern Indian History & Freedom Struggle,Medium,Which Indian poet and writer is known for his influential book 'Glimpses of World History' and his role in promoting Indian culture and heritage?,Rabindranath Tagore,Maulana Abul Kalam Azad,Rajendra Prasad,M.K. Gandhi,A,Rabindranath Tagore,Rabindranath Tagore was a renowned poet and writer who contributed significantly to Indian cultural and intellectual life.,Rabindranath Tagore was a multifaceted personality who not only wrote extensively but also founded the Vishwabharati University and was a Nobel laureate for literature.,2026-09-14 11:20:14
GK_EN_0313,English,General Knowledge,Modern Indian History & Freedom Struggle,Medium,Which event marked the beginning of the end of British rule in India and led to the transfer of power in 1947?,The partition of Bengal in 1905,The Indian Independence Act 1947,The Quit India Movement in 1942,The Lahore Resolution in 1940,B,The Indian Independence Act 1947,"The Indian Independence Act 1947 legally ended British rule and established two independent nations, India and Pakistan.",The Indian Independence Act 1947 was a crucial piece of legislation that formalized the partition of India and the transfer of power to Indian leaders.,2026-09-14 11:20:14
GK_EN_0314,English,General Knowledge,Modern Indian History & Freedom Struggle,Medium,Which of the following was NOT one of the three main goals of the Indian National Congress during the struggle for independence?,Poorna Swaraj (Complete Independence),Swaraj (Self-Government),Establishment of a communist state,Abolition of caste system,C,Establishment of a communist state,"The primary goals of the Indian National Congress were focused on gaining independence and self-governance, not on establishing a communist state.","The Indian National Congress aimed to secure complete independence and self-governance, not to establish a communist state, although some members had socialist leanings.",2026-09-14 11:20:14
GK_EN_0315,English,General Knowledge,Modern Indian History & Freedom Struggle,Medium,Which Indian leader is known for his role in the Quit India Movement and later became the first President of India?,Chakravarti Rajagopalachari,Jawaharlal Nehru,Sardar Vallabhbhai Patel,B.R. Ambedkar,A,Chakravarti Rajagopalachari,Chakravarti Rajagopalachari was a prominent leader who played a significant role in the Quit India Movement and later became the first President of India.,"Chakravarti Rajagopalachari was a key figure in the Indian independence movement and served as the first President of independent India, known for his moderate and pragmatic approach.",2026-09-14 11:20:14
GK_EN_0316,English,General Knowledge,Modern Indian History & Freedom Struggle,Medium,Who among the following was a key figure in the Indian freedom struggle and is known for his role in the Salt Satyagraha of 1930?,Maulana Abul Kalam Azad,Netaji Subhas Chandra Bose,Jawaharlal Nehru,Mahatma Gandhi,D,Mahatma Gandhi,"Mahatma Gandhi was the architect of the Salt Satyagraha, a pivotal event in the Indian independence movement.","Mahatma Gandhi led the Salt Satyagraha, a civil disobedience campaign against the British salt tax, which effectively highlighted the power of non-violent resistance and brought international attention to the Indian struggle.",2026-09-14 11:20:14
GK_EN_0317,English,General Knowledge,Modern Indian History & Freedom Struggle,Medium,"Which event is known for its brutal suppression by the British authorities, leading to a significant increase in anti-British sentiment among the Indian populace?",The Jallianwala Bagh Massacre,The Partition of Bengal in 1905,The Simon Commission's visit in 1928,The Amritsar Massacre of 1919,D,The Amritsar Massacre of 1919,"The Amritsar Massacre was a tragic incident where British troops fired on a peaceful protest, resulting in hundreds of deaths and widespread outrage.","The Amritsar Massacre of 1919 was a brutal and violent response by British authorities to a peaceful protest, which deeply affected the Indian populace and fueled the anti-British sentiment, leading to increased support for the freedom struggle.",2026-09-14 11:20:14
GK_EN_0318,English,General Knowledge,World History & Revolutions,Hard,Which revolution marked the first successful socialist revolution and inspired communist movements worldwide in the early 20th century?,The Bolshevik Revolution in Russia (1917),The French Revolution (1789-1799),The American Revolution (1775-1783),The Haitian Revolution (1791-1804),A,The Bolshevik Revolution in Russia (1917),"The Bolshevik Revolution led to the establishment of the Soviet Union, spreading socialist ideology globally.","The Bolshevik Revolution in 1917 was pivotal as it led to the rise of the Soviet Union and the spread of communism. It inspired communist movements worldwide, including the Chinese Revolution and the Cuban Revolution.",2026-09-14 11:20:47
GK_EN_0319,English,General Knowledge,World History & Revolutions,Hard,"Which of the following revolutions is known for having the slogan 'Liberté, Égalité, Fraternité' and significantly impacted the spread of democratic ideals in the 18th century?",The American Revolution (1775-1783),The Haitian Revolution (1791-1804),The French Revolution (1789-1799),The Russian Revolution (1917-1921),C,The French Revolution (1789-1799),"The French Revolution's ideals of liberty, equality, and fraternity influenced the world's understanding of democratic principles.","The French Revolution was a pivotal event that introduced revolutionary ideas of liberty, equality, and fraternity, which spread across Europe and beyond, influencing many subsequent revolutions and movements for democracy.",2026-09-14 11:20:47
GK_EN_0320,English,General Knowledge,World History & Revolutions,Hard,"Which event, known for its use of the phrase 'blood and iron', was a significant military and political campaign in 19th-century Europe that reshaped the map of Europe and introduced the concept of 'balance of power'?",The Napoleonic Wars (1803-1815),The Austro-Prussian War (1866),The Franco-Prussian War (1870-1871),The Crimean War (1853-1856),C,The Franco-Prussian War (1870-1871),The Franco-Prussian War was a pivotal conflict that ended with the unification of Germany and the fall of the French Second Empire.,"The Franco-Prussian War was marked by the use of the phrase 'blood and iron' by Otto von Bismarck, which highlighted the brutal and decisive nature of the conflict. It led to the unification of Germany and had significant geopolitical consequences, including the creation of the German Empire.",2026-09-14 11:20:47
GK_EN_0321,English,General Knowledge,World History & Revolutions,Hard,Which revolution is considered the first in the series of revolutions that led to the end of absolute monarchies in Europe and the rise of constitutional monarchies and republics?,The Glorious Revolution (1688-1689) in England,The Russian Revolution (1917-1921),The French Revolution (1789-1799),The American Revolution (1775-1783),C,The French Revolution (1789-1799),The French Revolution challenged the traditional order and established new political and social structures.,"The French Revolution was a complex series of events that fundamentally altered the political, social, and cultural landscape of France and Europe, leading to the end of absolute monarchies and the rise of new political systems like constitutional monarchies and republics.",2026-09-14 11:20:47
GK_EN_0322,English,General Knowledge,World History & Revolutions,Hard,"Which of the following revolutions is known for its use of nonviolent civil disobedience as a strategy to achieve political and social change, influencing subsequent movements worldwide?",The American Revolution (1775-1783),The French Revolution (1789-1799),The Indian Independence Movement (1947),The Salt Satyagraha led by Mahatma Gandhi (1930),D,The Salt Satyagraha led by Mahatma Gandhi (1930),The Salt Satyagraha was a significant nonviolent protest that highlighted the power of civil disobedience in the struggle for freedom.,"The Salt Satyagraha, led by Mahatma Gandhi, was a nonviolent protest against the British salt tax. It demonstrated the effectiveness of civil disobedience and inspired similar movements, including the American civil rights movement and the anti-apartheid struggle in South Africa.",2026-09-14 11:20:47
GK_EN_0323,English,General Knowledge,World History & Revolutions,Hard,"Which revolution is considered the first of the 'Spring of Nations' in the early 17th century, marking the beginning of a period of political and social change in the Holy Roman Empire?",The Thirty Years' War (1618-1648),The Dutch Revolt (1568-1648),The Revolt of the Seven Provinces (1568-1609),The German Peasants' War (1524-1525),D,The German Peasants' War (1524-1525),The German Peasants' War was a significant uprising in the Holy Roman Empire that sought to address social and economic inequalities.,"The German Peasants' War was a complex social and religious uprising that challenged the feudal system and the power of the Church. It was one of the first large-scale popular revolts in Europe, setting the stage for further social and political change in the Holy Roman Empire.",2026-09-14 11:20:47
GK_EN_0324,English,General Knowledge,World History & Revolutions,Hard,"Which revolution is known for its role in the spread of nationalism and the unification of Italy, leading to the creation of a united Italian state in 1871?",The Italian Unification (1859-1871),The Spanish Civil War (1936-1939),The American Civil War (1861-1865),The Crimean War (1853-1856),A,The Italian Unification (1859-1871),The Italian Unification was a series of political and military events that led to the formation of a unified Italian state.,"The Italian Unification, also known as the Risorgimento, was a series of movements that aimed to bring together all the territories of Italian-speaking peoples under a single government. It involved various revolutions and wars, including the use of guerrilla tactics and the leadership of figures like Giuseppe Garibaldi, ultimately leading to the unification of Italy in 1871.",2026-09-14 11:20:47
GK_EN_0325,English,General Knowledge,World History & Revolutions,Hard,"Which revolution is known for its role in the spread of nationalism and the unification of Germany, leading to the creation of the German Empire in 1871?",The German Unification (1864-1871),The Austro-Prussian War (1866),The Franco-Prussian War (1870-1871),The Thirty Years' War (1618-1648),A,The German Unification (1864-1871),The German Unification was a series of events that led to the creation of a unified German state.,"The German Unification, initiated by Otto von Bismarck, involved a series of wars, including the Austro-Prussian War and the Franco-Prussian War, which resulted in the establishment of the German Empire in 1871. This unification was marked by the use of 'blood and iron' and the creation of a powerful new nation state.",2026-09-14 11:20:47
GK_EN_0326,English,General Knowledge,World History & Revolutions,Hard,"Which revolution is known for its role in the spread of nationalism and the unification of Greece, leading to the creation of an independent Greek state in 1832?",The Greek War of Independence (1821-1832),The Crimean War (1853-1856),The American Civil War (1861-1865),The Spanish Civil War (1936-1939),A,The Greek War of Independence (1821-1832),The Greek War of Independence was a national liberation movement that led to the independence of Greece from the Ottoman Empire.,"The Greek War of Independence was a pivotal event in the history of Greece, leading to the establishment of an independent state. It was marked by significant battles and the use of guerrilla tactics, and it inspired other national liberation movements across Europe and the world.",2026-09-14 11:20:47
GK_EN_0327,English,General Knowledge,World History & Revolutions,Hard,"Which revolution is known for its role in the spread of nationalism and the unification of the German-speaking people of the Austrian Empire, leading to the creation of Austria-Hungary in 1867?",The Hungarian Revolution (1848-1849),The Austro-Prussian War (1866),The German Unification (1864-1871),The Franco-Austrian War (1859),C,The German Unification (1864-1871),"The German Unification, led by Prussia, included the Austrian Empire and established a unified German state.","The German Unification, initiated by Otto von Bismarck, included the Austrian Empire and led to the creation of the German Empire in 1871. It was a significant step in the spread of nationalism and the unification of German-speaking peoples under a single government.",2026-09-14 11:20:47
GK_EN_0328,English,General Knowledge,"Indian Geography (Rivers, Mountains, Climate)",Easy,The highest mountain peak in India is?,K2,Mount Everest,Kilimanjaro,Kilimandsjaro (Note: Correct spelling is Kilimanjaro),B,Mount Everest,"Mount Everest is the highest peak in the world, located in the Mahalangur Himal sub-range of the Himalayas.","While K2 is the second-highest peak in the world, and Kilimanjaro is in Africa, Mount Everest is the highest mountain peak in the world and lies in the Mahalangur Himal sub-range, which includes the Himalayas.",2026-09-14 11:21:09
GK_EN_0329,English,General Knowledge,"Indian Geography (Rivers, Mountains, Climate)",Easy,Which river is known as the 'River of Life' for the people of Bengal?,Narmada,Brahmaputra,Godavari,Kaveri,B,Brahmaputra,The Brahmaputra River is vital for the economy and culture of the people living in the northeastern part of India and Bangladesh.,"The Brahmaputra River is a major river in northeastern India and Bangladesh, known for its significant role in agriculture and providing water for millions of people.",2026-09-14 11:21:09
GK_EN_0330,English,General Knowledge,"Indian Geography (Rivers, Mountains, Climate)",Easy,Which of the following is not a river in India?,Narmada,Mahanadi,Ganga,Amazon,D,Amazon,"The Amazon River is not located in India, it is the largest river in South America.","The Amazon River is a major river in South America, flowing through Brazil, Peru, and several other South American countries. It is not a river in India.",2026-09-14 11:21:09
GK_EN_0331,English,General Knowledge,"Indian Geography (Rivers, Mountains, Climate)",Easy,Which mountain range forms the northern border of India?,Western Ghats,Aravalli,Himalayas,Eastern Ghats,C,Himalayas,"The Himalayas form a natural barrier between India and China, and are the highest mountain range in the world.","The Himalayas are a vast mountain range that stretches across several countries, including India, Nepal, and China. It forms the northern boundary of India and is home to the highest peaks in the world.",2026-09-14 11:21:09
GK_EN_0332,English,General Knowledge,"Indian Geography (Rivers, Mountains, Climate)",Easy,Which of the following is not a climatic zone in India?,Tropical Rainforest Climate,Tropical Monsoon Climate,Tropical Wet and Dry Climate,Tundra Climate,D,Tundra Climate,"The Tundra Climate is not typically found in India, which primarily has tropical and subtropical climate zones.","India's climate is predominantly tropical and subtropical, with regions experiencing monsoon and wet-dry climates. The Tundra Climate is found in polar regions and is not typical of India's geography.",2026-09-14 11:21:09
GK_EN_0333,English,General Knowledge,"Indian Geography (Rivers, Mountains, Climate)",Easy,Which river is known as 'Ganga' in India?,Narmada,Brahmaputra,Ganga,Kaveri,C,Ganga,"The Ganga is a major river in northern India, considered sacred by Hindus.","The Ganga River, also known as Ganges, is a significant river in India, flowing through several states and is considered a holy river in Hinduism.",2026-09-14 11:21:09
GK_EN_0334,English,General Knowledge,"Indian Geography (Rivers, Mountains, Climate)",Easy,Which of the following mountain ranges is not in India?,Western Ghats,Aravalli,Karakoram,Eastern Ghats,C,Karakoram,"The Karakoram range is located in the northern part of South Asia, primarily in Pakistan, India, and China.","The Karakoram range is a major mountain range in the northern part of South Asia, located primarily in Pakistan, India, and China. It is not a range found entirely within India.",2026-09-14 11:21:09
GK_EN_0335,English,General Knowledge,"Indian Geography (Rivers, Mountains, Climate)",Easy,Which river has the longest length in India?,Narmada,Brahmaputra,Godavari,Ganga,C,Godavari,"The Godavari is the second longest river in India, after the Ganga.","The Godavari River is the second longest river in India, with a length of about 1,465 km, and is considered one of the most sacred rivers in Hinduism.",2026-09-14 11:21:09
GK_EN_0336,English,General Knowledge,"Indian Geography (Rivers, Mountains, Climate)",Easy,Which of the following is not a tributary of the Yamuna River?,Tons,Chambal,Kali,Satluj,D,Satluj,"The Satluj River is a tributary of the Indus River, not the Yamuna River.","The Satluj River is a tributary of the Indus River, which flows through Pakistan and India. It is not a tributary of the Yamuna, which is a tributary of the Ganges.",2026-09-14 11:21:09
GK_EN_0337,English,General Knowledge,World Geography & Solar System,Medium,Which of the following is the closest planet to the Sun?,Venus,Mars,Mercury,Jupiter,C,Mercury,Mercury is the closest planet to the Sun in our solar system.,"Mercury orbits the Sun at a distance of about 57.9 million kilometers (36.0 million miles), making it the closest planet to the Sun and the smallest planet in our solar system.",2026-09-14 11:21:30
GK_EN_0338,English,General Knowledge,World Geography & Solar System,Medium,Which of the following is the deepest ocean trench in the world?,Mariana Trench,Kermadec Trench,Philippine Trench,Java Trench,A,Mariana Trench,The Mariana Trench is the deepest known point in the world’s oceans.,"The Mariana Trench, located in the western Pacific Ocean, reaches a depth of 10,984 meters (36,037 feet) below sea level, making it the deepest point on Earth.",2026-09-14 11:21:30
GK_EN_0339,English,General Knowledge,World Geography & Solar System,Medium,Which of the following is the largest island in the world by land area?,Greenland,Borneo,New Guinea,Madagascar,A,Greenland,Greenland is the largest island in the world by land area.,"Greenland, located in the North Atlantic Ocean, has a total land area of approximately 2,166,086 square kilometers (836,330 square miles), making it the largest island in the world by land area.",2026-09-14 11:21:30
GK_EN_0340,English,General Knowledge,World Geography & Solar System,Medium,Which of the following is the only natural satellite of Earth?,Phobos,Europa,Moon,Charon,C,Moon,The Moon is Earth's only natural satellite.,"The Moon is the only natural satellite of Earth, orbiting our planet and playing a crucial role in stabilizing Earth's axial tilt and influencing its tides.",2026-09-14 11:21:30
GK_EN_0341,English,General Knowledge,World Geography & Solar System,Medium,Which of the following is the only continent that borders the Arctic Ocean?,Asia,Antarctica,North America,Europe,C,North America,North America is the only continent that directly borders the Arctic Ocean.,"North America is the only continent that has a direct coastline on the Arctic Ocean, with countries like Canada and the United States bordering the ocean in the north.",2026-09-14 11:21:30
GK_EN_0342,English,General Knowledge,World Geography & Solar System,Medium,Which of the following is the largest mountain range in the world by length?,Himalayas,Rocky Mountains,Andes,Ural Mountains,C,Andes,The Andes is the longest mountain range in the world.,"The Andes mountain range extends for approximately 7,000 kilometers (4,300 miles) along the western coast of South America, making it the longest continental mountain range in the world.",2026-09-14 11:21:30
GK_EN_0343,English,General Knowledge,World Geography & Solar System,Medium,Which of the following is the deepest lake in the world?,Lake Victoria,Lake Superior,Lake Baikal,Lake Tanganyika,C,Lake Baikal,Lake Baikal is the deepest lake in the world by volume of water.,"Lake Baikal, located in Siberia, Russia, is not only the deepest lake in the world at 1,642 meters (5,387 feet) deep, but also the largest freshwater lake by volume, containing about 20% of the world's fresh surface water.",2026-09-14 11:21:30
GK_EN_0344,English,General Knowledge,"Indian Polity, Constitution & Governance",Hard,Which of the following statements about the Indian Constitution is true?,"The Constitution of India was adopted on 26 January 1950, and it is the longest written constitution in the world.","The Constitution of India has a preamble, but it is not considered a part of the Constitution.",The Constitution of India was drafted by a committee under the leadership of Mahatma Gandhi.,"The Constitution of India is based on the Government of India Act, 1935, and it was amended 108 times as of 2023.",A,"The Constitution of India was adopted on 26 January 1950, and it is the longest written constitution in the world.",The adoption date and the length of the Indian Constitution are key facts about its history.,"The Indian Constitution was indeed adopted on 26 January 1950, and it is known for being the longest written constitution in the world, consisting of over 1000 articles. The other options contain inaccuracies or are not true statements about the Indian Constitution.",2026-09-14 11:21:55
GK_EN_0345,English,General Knowledge,"Indian Polity, Constitution & Governance",Hard,How many Fundamental Duties are mentioned in the Indian Constitution?,6,7,8,9,D,9,The number of Fundamental Duties reflects the emphasis on citizens' responsibilities.,"The Indian Constitution includes 9 Fundamental Duties, which were added in 2002 through the 86th Amendment. These duties are non-justiciable but serve as guidelines for citizens.",2026-09-14 11:21:55
GK_EN_0346,English,General Knowledge,"Indian Polity, Constitution & Governance",Hard,Which of the following is NOT a feature of the Indian Federal System as per the Constitution?,Distribution of powers between the Union and States,Residuary powers with the Union,Dual citizenship for Union and State,Bicameral legislature at the state level,C,Dual citizenship for Union and State,Dual citizenship is not a feature of the Indian Federal System.,"The Indian Constitution recognizes only one citizenship, that of India. Neither the Union nor the States can grant separate citizenship, making option C incorrect. The other options are features of the Indian Federal System.",2026-09-14 11:21:55
GK_EN_0347,English,General Knowledge,"Indian Polity, Constitution & Governance",Hard,Which of the following is NOT a characteristic of a Quasi-Federal System as observed in India?,Division of powers between the Union and States,Dual sovereignty,Bicameral legislature at the national level,Concurrent list in the Constitution,B,Dual sovereignty,Dual sovereignty is not a feature of the Quasi-Federal System in India.,"The Indian Constitution does not confer dual sovereignty to both the Union and the States. Instead, it has a strong central authority with significant powers, which is characteristic of a Quasi-Federal System. The other options are features of such a system.",2026-09-14 11:21:55
GK_EN_0348,English,General Knowledge,"Indian Polity, Constitution & Governance",Hard,Which of the following is NOT a method of amending the Indian Constitution?,Simple majority in both Houses of Parliament,Special majority in both Houses of Parliament and ratification by at least half of the state legislatures,Special majority in both Houses of Parliament and ratification by at least two-thirds of the state legislatures,Constitutional amendment by the Supreme Court,D,Constitutional amendment by the Supreme Court,The Supreme Court does not have the power to amend the Constitution.,"The Indian Constitution can be amended through specific procedures, but the Supreme Court does not have the authority to amend it. Amendments require legislative action as per the Constitution.",2026-09-14 11:21:55
GK_EN_0349,English,General Knowledge,"Indian Polity, Constitution & Governance",Hard,Which of the following is NOT a feature of the Directive Principles of State Policy in the Indian Constitution?,They are fundamental in the governance of the country,They are enforceable in a court of law,They are based on the teachings of Mahatma Gandhi,They are meant to provide a broader framework for governance,B,They are enforceable in a court of law,The Directive Principles are not enforceable in a court of law.,"The Directive Principles of State Policy are guidelines for the State to follow, but they are not enforceable in a court of law. They can be amended or ignored by the legislature, unlike Fundamental Rights, which are enforceable.",2026-09-14 11:21:55
GK_EN_0350,English,General Knowledge,"Indian Polity, Constitution & Governance",Hard,Which of the following is NOT a principle of Indian Federalism?,Bicameral legislature at the national level,Residuary powers with the Union,Unitary structure at the national level,Distribution of powers between the Union and States,C,Unitary structure at the national level,The Indian Constitution is not purely unitary but has a federal structure.,"While the Constitution does provide for a federal structure, it also maintains a strong central authority, making it a Quasi-Federal System. The other options are principles of the Indian Federal System.",2026-09-14 11:21:55
GK_EN_0351,English,General Knowledge,"Indian Polity, Constitution & Governance",Hard,Which of the following is NOT a feature of the Indian Electoral System?,Single-member constituencies,First-past-the-post system,Proportional representation,Universal adult franchise,C,Proportional representation,Proportional representation is not used in the Indian Electoral System.,"The Indian Electoral System uses the First-past-the-post system in general elections, with single-member constituencies. While there are provisions for proportional representation in some state assemblies, it is not a feature of the national elections.",2026-09-14 11:21:55
GK_EN_0352,English,General Knowledge,"Indian Polity, Constitution & Governance",Hard,Which of the following is NOT a feature of the Indian Constitution regarding the judiciary?,Independence of the judiciary,Judicial review,Appointments of judges are made by the President alone,Supreme Court as the highest court of the land,C,Appointments of judges are made by the President alone,The appointments of judges are not made by the President alone.,"The appointments of judges in the higher judiciary are made by the President after consultation with the Chief Justice of India and other judges, which is a complex process. The other options are features of the Indian Constitution's judiciary.",2026-09-14 11:21:55
GK_EN_0353,English,General Knowledge,"Indian Polity, Constitution & Governance",Hard,Which of the following is NOT a power of the President of India?,"To summon, prorogue, and dissolve the Parliament",To declare war and peace,To give assent to bills passed by Parliament,To appoint the Prime Minister,B,To declare war and peace,The President does not have the power to declare war and peace.,"The power to declare war and peace is with the Union Cabinet, which is headed by the Prime Minister. The President's role is largely ceremonial, including summoning, proroguing, and dissolving Parliament and giving assent to bills, among other duties.",2026-09-14 11:21:55
GK_EN_0354,English,General Knowledge,"Indian Economy, Banking & Five Year Plans",Easy,Which of the following Five Year Plans in India was primarily focused on agricultural development and rural infrastructure?,First Five Year Plan,Second Five Year Plan,Third Five Year Plan,Fourth Five Year Plan,A,First Five Year Plan,The First Five Year Plan aimed to increase agricultural production and improve rural infrastructure.,"The First Five Year Plan, initiated in 1951, emphasized the development of agriculture and rural infrastructure to alleviate rural poverty and improve the overall economy.",2026-09-14 11:22:16
GK_EN_0355,English,General Knowledge,"Indian Economy, Banking & Five Year Plans",Easy,Which of the following is not a goal of the Indian economy under the current National Economic Policy?,Promoting inclusive growth,Achieving high economic growth,Eliminating poverty,Balancing trade surplus,D,Balancing trade surplus,"The primary goals of the Indian economy include inclusive growth, high economic growth, and poverty alleviation, but not necessarily a trade surplus.","The focus of the National Economic Policy is on promoting inclusive growth, achieving high economic growth, and reducing poverty, with trade balance being a secondary concern.",2026-09-14 11:22:16
GK_EN_0356,English,General Knowledge,"Indian Economy, Banking & Five Year Plans",Easy,Which of the following banks was established during the Nationalization of Banks in India?,State Bank of India,Bank of Baroda,Canara Bank,HDFC Bank,A,State Bank of India,State Bank of India was one of the major banks nationalized in 1955.,The State Bank of India was nationalized along with other major banks in 1955 as part of the government's efforts to strengthen the banking sector in India.,2026-09-14 11:22:16
GK_EN_0357,English,General Knowledge,"Indian Economy, Banking & Five Year Plans",Easy,Which of the following is not a component of the Indian Banking Sector?,Public Sector Banks,Cooperative Banks,Foreign Banks,Insurance Companies,D,Insurance Companies,Insurance companies are not a component of the Indian Banking Sector.,"The Indian Banking Sector primarily includes public sector banks, cooperative banks, and foreign banks, but does not include insurance companies, which operate under a separate regulatory framework.",2026-09-14 11:22:16
GK_EN_0358,English,General Knowledge,"Indian Economy, Banking & Five Year Plans",Easy,Which of the following Five Year Plans in India marked the beginning of the period of economic reforms in India?,Seventh Five Year Plan,Eighth Five Year Plan,Tenth Five Year Plan,Eleventh Five Year Plan,A,Seventh Five Year Plan,The Seventh Five Year Plan marked the beginning of economic reforms in India.,"The Seventh Five Year Plan, launched in 1985, initiated economic reforms that eventually led to the liberalization of the Indian economy in the 1990s.",2026-09-14 11:22:16
GK_EN_0359,English,General Knowledge,"Indian Economy, Banking & Five Year Plans",Easy,Which of the following is not a characteristic of the Indian banking system?,Deposit taking,Credit provision,Foreign exchange transactions,Insurance services,D,Insurance services,Insurance services are not a primary function of banks in India.,"Banks in India primarily function to take deposits, provide credit, and facilitate foreign exchange transactions. Insurance services are typically provided by insurance companies.",2026-09-14 11:22:16
GK_EN_0360,English,General Knowledge,"Indian Economy, Banking & Five Year Plans",Easy,Which of the following is a key feature of the Indian economy as of 2023?,Agriculture-based economy,Service-oriented economy,Rural economy,Industrial economy,B,Service-oriented economy,The Indian economy is now primarily service-oriented.,"The Indian economy has shifted towards a service-oriented structure, with services contributing significantly more to the GDP than agriculture or industry.",2026-09-14 11:22:16
GK_EN_0361,English,General Knowledge,"Indian Economy, Banking & Five Year Plans",Easy,Which of the following Five Year Plans in India focused on the development of the steel and coal industries?,First Five Year Plan,Third Five Year Plan,Fourth Five Year Plan,Sixth Five Year Plan,B,Third Five Year Plan,"The Third Five Year Plan aimed to develop heavy industries, including steel and coal.","The Third Five Year Plan, initiated in 1961, emphasized the development of heavy industries, including the steel and coal sectors, to strengthen the industrial base of the country.",2026-09-14 11:22:16
GK_EN_0362,English,General Knowledge,"Indian Economy, Banking & Five Year Plans",Easy,Which of the following is a characteristic of the Indian banking system?,All banks are privately owned,All banks are government-owned,Mixed ownership with both public and private sector banks,No banks in India,C,Mixed ownership with both public and private sector banks,The Indian banking system includes both public and private sector banks.,"The Indian banking sector comprises a mix of public sector banks, which are government-owned, and private sector banks, which are privately owned.",2026-09-14 11:22:16
GK_EN_0363,English,General Knowledge,"Indian Economy, Banking & Five Year Plans",Easy,Which of the following Five Year Plans in India was aimed at reducing poverty and unemployment?,Second Five Year Plan,Fifth Five Year Plan,Sixth Five Year Plan,Seventh Five Year Plan,D,Seventh Five Year Plan,The Seventh Five Year Plan focused on poverty alleviation and unemployment reduction.,"The Seventh Five Year Plan, launched in 1985, had poverty reduction and unemployment as key priorities, along with economic reforms.",2026-09-14 11:22:16
GK_EN_0364,English,General Knowledge,"Art, Culture, Dance & Heritage",Medium,Which of the following is a traditional Indian dance form known for its expressive facial movements and hand gestures?,Bharatanatyam,Kathak,Kuchipudi,Odissi,A,Bharatanatyam,Bharatanatyam is recognized for its intricate facial expressions and hand mudras.,"Bharatanatyam is a classical dance form from Tamil Nadu, celebrated for its emphasis on facial expressions and hand gestures, known as mudras.",2026-09-14 11:22:39
GK_EN_0365,English,General Knowledge,"Art, Culture, Dance & Heritage",Medium,Which of the following is a major festival celebrated in India that involves the lighting of lamps and the worship of the goddess Lakshmi?,Diwali,Onam,Pongal,Holi,A,Diwali,Diwali is associated with the victory of light over darkness and good over evil.,"Diwali, the festival of lights, is widely celebrated across India, symbolizing the triumph of good over evil and the victory of knowledge over ignorance.",2026-09-14 11:22:39
GK_EN_0366,English,General Knowledge,"Art, Culture, Dance & Heritage",Medium,Which of the following is an ancient Indian art form that involves the creation of intricate patterns with colored powders on the ground during religious ceremonies?,Mehndi,Rangoli,Tie-and-dye,Block printing,B,Rangoli,Rangoli is a form of floor art that uses colored powders to create designs and patterns.,"Rangoli is a traditional Indian art form where intricate designs are created on the floor with colored powders, often used during festive occasions and religious rituals.",2026-09-14 11:22:39
GK_EN_0367,English,General Knowledge,"Art, Culture, Dance & Heritage",Medium,Which of the following is a popular Indian folk dance that involves the use of sticks and is performed by men during festive occasions?,Bhangra,Thangta,Garba,Dandiya,D,Dandiya,"Dandiya is a folk dance performed with sticks, involving complex footwork and patterns.","Dandiya is a lively folk dance popular in Gujarat and Rajasthan, performed with colorful sticks to the rhythm of traditional music, often during festivals like Navratri.",2026-09-14 11:22:39
GK_EN_0368,English,General Knowledge,"Art, Culture, Dance & Heritage",Medium,Which of the following is a traditional Indian dance form that is characterized by its fluid and graceful movements and is associated with the state of Kerala?,Kathakali,Kathak,Mohiniyattam,Manipuri,C,Mohiniyattam,"Mohiniyattam is known for its soft, flowing movements and is a classical dance of Kerala.","Mohiniyattam is a classical dance of Kerala, known for its graceful and fluid movements, often performed by women and associated with the goddess Mohini.",2026-09-14 11:22:39
GK_EN_0369,English,General Knowledge,"Art, Culture, Dance & Heritage",Medium,Which of the following is a traditional Indian musical instrument that is often used in Carnatic music and is shaped like a drum?,Sitar,Tabla,Flute,Mridangam,D,Mridangam,Mridangam is a double-headed drum central to Carnatic music performances.,"The Mridangam is a double-headed drum that plays a crucial role in Carnatic music, providing rhythmic support and melodic accompaniment during performances.",2026-09-14 11:22:39
GK_EN_0370,English,General Knowledge,"Art, Culture, Dance & Heritage",Medium,Which of the following is a traditional Indian dance form that is performed in a circular formation and is associated with the worship of the goddess Durga?,Garba,Dandiya,Bhangra,Odissi,A,Garba,Garba is a circular dance performed during the Navratri festival in honor of the goddess Durga.,"Garba is a traditional circular dance performed during the Navratri festival, symbolizing the devotion and reverence towards the goddess Durga.",2026-09-14 11:22:39
GK_EN_0371,English,General Knowledge,"Art, Culture, Dance & Heritage",Medium,Which of the following is a traditional Indian art form that involves the painting of designs on the walls and ceilings of temples and palaces?,Pattachitra,Pattachitra,Patachitra,Rajasthani miniature painting,D,Rajasthani miniature painting,Rajasthani miniature painting is known for its intricate and colorful designs and is often found on the walls of temples and palaces.,"Rajasthani miniature painting is a traditional art form characterized by intricate and vibrant designs, commonly found on the walls and ceilings of temples and palaces in Rajasthan.",2026-09-14 11:22:39
GK_EN_0372,English,General Knowledge,"Art, Culture, Dance & Heritage",Medium,Which of the following is a traditional Indian dance form that is known for its erotic themes and is associated with the state of Andhra Pradesh?,Kuchipudi,Bharatanatyam,Odissi,Kathak,A,Kuchipudi,"Kuchipudi is a classical dance that incorporates themes of love and devotion, especially from the Puranas.","Kuchipudi is a classical dance form from Andhra Pradesh, known for its erotic themes and the enactment of love stories from Hindu scriptures, particularly the Puranas.",2026-09-14 11:22:39
GK_EN_0373,English,General Knowledge,"Art, Culture, Dance & Heritage",Medium,Which of the following is a traditional Indian dance form that is known for its martial art-like movements and is performed by men in the state of Manipur?,Kathak,Kathakali,Bharatanatyam,Sattriya,D,Sattriya,Sattriya is a classical dance form that incorporates elements of martial arts and is performed by men in Assam.,"Sattriya is a classical dance of Assam, known for its martial art-like movements and is performed by men, often depicting tales from the life of Lord Krishna.",2026-09-14 11:22:39
GK_EN_0374,English,General Knowledge,"Important Inventions, Discoveries & Science Pioneers",Hard,"Who is credited with the development of the first practical vaccine for smallpox, which led to its eradication?",Louis Pasteur,Alexander Fleming,Edward Jenner,Robert Koch,C,Edward Jenner,"Edward Jenner developed the smallpox vaccine using cowpox virus, which protected against smallpox.","Edward Jenner's work in the late 18th century introduced the concept of vaccination and significantly reduced the global incidence of smallpox, leading to its eventual eradication in 1980.",2026-09-14 11:23:05
GK_EN_0375,English,General Knowledge,"Important Inventions, Discoveries & Science Pioneers",Hard,"Which scientist formulated the theory of general relativity, fundamentally changing our understanding of gravity and space-time?",James Clerk Maxwell,Isaac Newton,Albert Einstein,Max Planck,C,Albert Einstein,Albert Einstein's theory of general relativity introduced the idea that gravity is a curvature of space-time caused by mass and energy.,"Albert Einstein's groundbreaking theory, published in 1915, provided a new framework for understanding the dynamics of the universe, predicting phenomena like gravitational waves and black holes.",2026-09-14 11:23:05
GK_EN_0376,English,General Knowledge,"Important Inventions, Discoveries & Science Pioneers",Hard,Which of the following inventions is considered the precursor to the modern computer and was used by Charles Babbage in the 19th century?,The abacus,The mechanical calculator,The difference engine,The Analytical Engine,D,The Analytical Engine,"The Analytical Engine, designed by Charles Babbage, was a mechanical general-purpose computer that could be programmed using punched cards.","The Analytical Engine, though never fully built during Babbage's lifetime, laid the theoretical groundwork for modern computers, with its ability to perform complex operations and be programmed, similar to contemporary software.",2026-09-14 11:23:05
GK_EN_0377,English,General Knowledge,"Important Inventions, Discoveries & Science Pioneers",Hard,"Which scientist is known for his work in thermodynamics and is credited with the second law of thermodynamics, stating that entropy in an isolated system not in a steady state always increases over time?",James Clerk Maxwell,Lord Kelvin,Rudolf Clausius,Niels Bohr,C,Rudolf Clausius,"Rudolf Clausius formulated the second law of thermodynamics, which is fundamental to the understanding of energy transformation and the direction of natural processes.","Rudolf Clausius's work in the 19th century provided a mathematical description of the second law of thermodynamics, laying the foundation for modern thermodynamics and statistical mechanics.",2026-09-14 11:23:05
GK_EN_0378,English,General Knowledge,"Important Inventions, Discoveries & Science Pioneers",Hard,"Which of the following is the name of the first successful artificial heart, implanted in a human patient in 1982, marking a significant milestone in medical technology?",Jarvik-7,Heartmate II,Medtronic Heartware HVAD,SynerMed Heart,A,Jarvik-7,"The Jarvik-7 artificial heart was the first successful permanent artificial heart, designed by Dr. Robert Jarvik.","The Jarvik-7, named after its creator, Dr. William C. Jarvik, was the first artificial heart to be successfully implanted in a human patient, revolutionizing the field of cardiac surgery and artificial organs.",2026-09-14 11:23:05
GK_EN_0379,English,General Knowledge,"Important Inventions, Discoveries & Science Pioneers",Hard,"Which of the following scientists is known for the discovery of DNA's double helix structure, a fundamental breakthrough in the understanding of genetics and molecular biology?",James Watson and Francis Crick,Gregor Mendel,Rosalind Franklin,Theodosius Dobzhansky,A,James Watson and Francis Crick,"James Watson and Francis Crick proposed the double helix model of DNA in 1953, which explained the structure of DNA and how it stores and transmits genetic information.",The discovery of the double helix by James Watson and Francis Crick in 1953 was a monumental breakthrough that provided a molecular basis for genetic inheritance and has had profound implications for fields ranging from medicine to biotechnology.,2026-09-14 11:23:05
GK_EN_0380,English,General Knowledge,"Important Inventions, Discoveries & Science Pioneers",Hard,"Which of the following inventions is considered the first practical photographic process, introduced in 1826 by Joseph Nicéphore Niépce, allowing the preservation of images on metal plates?",Silver bromide photography,Calotype process,Lantern slide projection,Heliography,D,Heliography,"Heliography, developed by Joseph Nicéphore Niépce, was one of the earliest photographic processes, capable of producing permanent images on metal plates.","Heliography, invented in the early 19th century, was a significant step in the history of photography, marking the first method to produce permanent images on metal plates, paving the way for further advancements in the field.",2026-09-14 11:23:05
GK_EN_0381,English,General Knowledge,"Important Inventions, Discoveries & Science Pioneers",Hard,"Which of the following scientists is known for formulating the laws of motion and universal gravitation, which are fundamental to classical mechanics?",Isaac Newton,Albert Einstein,Galileo Galilei,Niels Bohr,A,Isaac Newton,"Isaac Newton formulated the laws of motion and universal gravitation, which are essential to understanding the behavior of objects in motion and the forces acting upon them.","Isaac Newton's laws of motion and universal gravitation, published in his seminal work 'Principia Mathematica' in 1687, provided a comprehensive framework for understanding the physical world and are still foundational in many areas of physics.",2026-09-14 11:23:05
GK_EN_0382,English,General Knowledge,"Important Inventions, Discoveries & Science Pioneers",Hard,"Which of the following scientists is credited with the discovery of the structure of the human genome, including the identification of the number of chromosomes in human cells?",James Watson,Francis Crick,Theodor Boveri,Mary-Claire King,D,Mary-Claire King,Mary-Claire King discovered the number of chromosomes in human cells and contributed significantly to the mapping of the human genome.,"Mary-Claire King's work in the 1980s and 1990s was crucial in determining the number of human chromosomes and in mapping the human genome, which has been instrumental in genetic research and medical applications.",2026-09-14 11:23:05
GK_EN_0383,English,General Knowledge,"Important Inventions, Discoveries & Science Pioneers",Hard,"Which of the following is the name of the first computer program designed to play chess, developed by Joseph Weizenbaum in the early 1960s?",Turing Test,Deep Blue,Shelley,Eliza,C,Shelley,"Shelley was an early natural language processing program developed by Joseph Weizenbaum that could play chess, marking an early milestone in artificial intelligence research.","Shelley, created by Joseph Weizenbaum in the early 1960s, was one of the first programs to explore natural language processing and artificial intelligence, demonstrating the potential for computers to interact with humans in more complex ways.",2026-09-14 11:23:05
GK_EN_0384,English,General Knowledge,"International Organizations (UN, WHO, WTO, IMF)",Easy,Which of the following is the official name of the United Nations headquarters?,"New York, USA","Geneva, Switzerland","The Hague, Netherlands","Vienna, Austria",A,"New York, USA","The UN headquarters is located in New York, USA, serving as the central hub for its operations.","The United Nations headquarters is situated in Manhattan, New York City, and plays a crucial role in facilitating the organization's activities and decision-making processes.",2026-09-14 11:23:26
GK_EN_0385,English,General Knowledge,"International Organizations (UN, WHO, WTO, IMF)",Easy,The World Health Organization (WHO) is based in which city?,"London, UK","Geneva, Switzerland","Paris, France","Berlin, Germany",B,"Geneva, Switzerland","WHO's headquarters are located in Geneva, Switzerland, reflecting its role as the directing and coordinating authority on international health work.","The headquarters of the World Health Organization is in Geneva, where it coordinates global health initiatives and policies.",2026-09-14 11:23:26
GK_EN_0386,English,General Knowledge,"International Organizations (UN, WHO, WTO, IMF)",Easy,Which organization is primarily responsible for international trade rules and regulation?,United Nations,World Trade Organization,International Monetary Fund,World Health Organization,B,World Trade Organization,The World Trade Organization (WTO) is dedicated to regulating and promoting international trade through its agreements and rules.,The WTO sets and enforces international trade rules and provides a forum for negotiation and dispute resolution among member countries.,2026-09-14 11:23:26
GK_EN_0387,English,General Knowledge,"International Organizations (UN, WHO, WTO, IMF)",Easy,The International Monetary Fund (IMF) was established to address what issue?,Global health crises,Promotion of world trade,Regulation of global financial systems,Protection of the environment,C,Regulation of global financial systems,"The IMF's primary mission is to ensure the stability of the international monetary system, which involves regulating global financial systems and providing policy advice.","The IMF works to foster global monetary cooperation, secure financial stability, facilitate international trade, and promote high employment and sustainable economic growth.",2026-09-14 11:23:26
GK_EN_0388,English,General Knowledge,"International Organizations (UN, WHO, WTO, IMF)",Easy,Which of the following is a purpose of the United Nations?,To promote international trade,To regulate global financial systems,To ensure global peace and security,To protect the environment,C,To ensure global peace and security,"Ensuring global peace and security is a core purpose of the United Nations, which includes maintaining international peace and security, preventing armed conflict, and promoting peaceful resolutions to conflicts.","The UN plays a key role in promoting peace through diplomacy, peacekeeping operations, and conflict resolution mechanisms.",2026-09-14 11:23:26
GK_EN_0389,English,General Knowledge,"International Organizations (UN, WHO, WTO, IMF)",Easy,The World Trade Organization (WTO) was established in what year?,1945,1950,1995,2000,C,1995,"The WTO was founded in 1995 to replace the General Agreement on Tariffs and Trade (GATT), establishing a more permanent and structured organization for international trade.","The WTO was established on January 1, 1995, following the conclusion of the Uruguay Round negotiations, to provide a framework for trade liberalization and dispute resolution among its member countries.",2026-09-14 11:23:26
GK_EN_0390,English,General Knowledge,"International Organizations (UN, WHO, WTO, IMF)",Easy,Which organization focuses on economic stability and international monetary cooperation?,United Nations,World Trade Organization,International Monetary Fund,World Health Organization,C,International Monetary Fund,The International Monetary Fund (IMF) is dedicated to promoting international monetary cooperation and ensuring global economic stability.,The IMF works to foster international monetary cooperation by monitoring exchange rates and providing financial support to member countries experiencing economic difficulties.,2026-09-14 11:23:26
GK_EN_0391,English,General Knowledge,"International Organizations (UN, WHO, WTO, IMF)",Easy,What is the primary role of the World Health Organization (WHO)?,Regulating global financial systems,Promoting world trade,Improving global health,Maintaining international peace and security,C,Improving global health,"The World Health Organization (WHO) is the directing and coordinating authority for health within the United Nations system, focusing on improving global health.","WHO aims to build a healthier world through the promotion of health and the prevention of disease, working with partners to address health challenges and improve access to healthcare.",2026-09-14 11:23:26
GK_EN_0392,English,General Knowledge,"International Organizations (UN, WHO, WTO, IMF)",Easy,Which organization is responsible for providing financial and policy advice to countries facing economic challenges?,World Trade Organization,International Monetary Fund,United Nations,World Health Organization,B,International Monetary Fund,The International Monetary Fund (IMF) provides technical assistance and policy advice to member countries to help them maintain stable exchange rates and sustainable economic growth.,"The IMF offers financial support and policy guidance to countries in need, helping to stabilize their economies and promote economic stability and growth.",2026-09-14 11:23:26
GK_EN_0393,English,General Knowledge,"International Organizations (UN, WHO, WTO, IMF)",Easy,"The United Nations Educational, Scientific and Cultural Organization (UNESCO) focuses on which of the following areas?",Economic development,Global health,"Education, science, and culture",International trade,C,"Education, science, and culture","UNESCO's mission is to contribute to peace and security by promoting international collaboration through education, the sciences, and culture.","UNESCO works to promote universal access to quality education, scientific research, and cultural exchanges, fostering a more peaceful and equitable world.",2026-09-14 11:23:26
GK_EN_0394,English,General Knowledge,"Famous Personalities, Leaders & Thinkers",Medium,Who is the founder of the modern Olympic Games?,Pierre de Coubertin,Michael Phelps,Mark Spitz,Jim Thorpe,A,Pierre de Coubertin,Pierre de Coubertin is recognized for his efforts in reviving the Olympic Games.,"Pierre de Coubertin, a French educator, was instrumental in the revival of the Olympic Games in the late 19th century, founding the International Olympic Committee (IOC) in 1894.",2026-09-14 11:23:47
GK_EN_0395,English,General Knowledge,"Famous Personalities, Leaders & Thinkers",Medium,Which American President is known for the New Deal and the creation of the Social Security Act?,Franklin D. Roosevelt,Thomas Jefferson,Abraham Lincoln,George Washington,A,Franklin D. Roosevelt,Franklin D. Roosevelt implemented significant social and economic reforms during the Great Depression.,"Franklin D. Roosevelt, the 32nd President of the United States, initiated the New Deal in response to the Great Depression, implementing various programs to provide relief, recovery, and reform.",2026-09-14 11:23:47
GK_EN_0396,English,General Knowledge,"Famous Personalities, Leaders & Thinkers",Medium,Who is the author of the famous philosophical work 'Meditations'?,Socrates,Plato,Aristotle,Marcus Aurelius,D,Marcus Aurelius,Marcus Aurelius is known for his Stoic philosophy and his writings in 'Meditations'.,"Marcus Aurelius, a Roman emperor, was a Stoic philosopher who wrote 'Meditations' as a personal journal reflecting his thoughts on Stoic principles and his experiences as a ruler.",2026-09-14 11:23:47
GK_EN_0397,English,General Knowledge,"Famous Personalities, Leaders & Thinkers",Medium,Which British Prime Minister led the United Kingdom during World War II?,Nelson Mandela,Winston Churchill,Margaret Thatcher,Tony Blair,B,Winston Churchill,Winston Churchill was a key leader during the pivotal years of World War II.,"Winston Churchill served as the Prime Minister of the United Kingdom during the most challenging times of World War II, playing a crucial role in the Allied victory.",2026-09-14 11:23:47
GK_EN_0398,English,General Knowledge,"Famous Personalities, Leaders & Thinkers",Medium,Who is the author of the influential book 'The Wealth of Nations'?,Adam Smith,John Locke,Thomas Paine,David Hume,A,Adam Smith,Adam Smith is recognized as the father of modern economics.,"Adam Smith, a Scottish economist, wrote 'The Wealth of Nations' in 1776, which laid the foundation for classical economics and the concept of the invisible hand.",2026-09-14 11:23:47
GK_EN_0399,English,General Knowledge,"Famous Personalities, Leaders & Thinkers",Medium,Which American statesman and diplomat is known for his role in drafting the Declaration of Independence?,Thomas Jefferson,Benjamin Franklin,John Adams,James Madison,A,Thomas Jefferson,Thomas Jefferson was the principal author of the Declaration of Independence.,"Thomas Jefferson, a Founding Father of the United States, was primarily responsible for drafting the Declaration of Independence, which declared the colonies' separation from British rule in 1776.",2026-09-14 11:23:47
GK_EN_0400,English,General Knowledge,"Famous Personalities, Leaders & Thinkers",Medium,Who is the author of the philosophical work 'Critique of Pure Reason'?,David Hume,Immanuel Kant,John Stuart Mill,Jean-Jacques Rousseau,B,Immanuel Kant,Immanuel Kant is a key figure in German Idealism and philosophy of ethics.,"Immanuel Kant, a German philosopher, wrote 'Critique of Pure Reason' in 1781, which is considered one of the most influential works in the history of Western philosophy.",2026-09-14 11:23:47
GK_EN_0401,English,General Knowledge,"Famous Personalities, Leaders & Thinkers",Medium,Which leader is known as the first President of the United States?,James Madison,John Adams,George Washington,Thomas Jefferson,C,George Washington,"George Washington was the first President of the United States, setting many precedents.","George Washington, a Founding Father and military general, served as the first President of the United States from 1789 to 1797, establishing many governmental practices and traditions.",2026-09-14 11:23:47
GK_EN_0402,English,General Knowledge,"Famous Personalities, Leaders & Thinkers",Medium,Who is the American philosopher and writer known for his works 'The Republic' and 'Laws'?,Aristotle,Plato,Thomas Aquinas,John Rawls,B,Plato,"Plato is a central figure in Western philosophy, particularly in the field of political philosophy.","Plato, a student of Socrates, wrote 'The Republic' and 'Laws,' exploring concepts of justice, morality, and ideal governance in his philosophical dialogues.",2026-09-14 11:23:47
GK_EN_0403,English,General Knowledge,"Famous Personalities, Leaders & Thinkers",Medium,Which American inventor is known for creating the light bulb and the phonograph?,Thomas Edison,Alexander Graham Bell,Nikola Tesla,George Westinghouse,A,Thomas Edison,Thomas Edison is famous for his numerous inventions that revolutionized technology.,"Thomas Edison is renowned for his inventions, including the practical electric light bulb and the phonograph, significantly impacting the technological landscape of the 19th and 20th centuries.",2026-09-14 11:23:47
GK_EN_0404,English,General Knowledge,"Books, Authors & Literature",Hard,Which of the following authors is known for the concept of 'stream of consciousness' in their literary works?,James Joyce,Virginia Woolf,E.M. Forster,D.H. Lawrence,B,Virginia Woolf,Virginia Woolf is renowned for her exploration of internal human experiences through stream of consciousness in novels like 'Mrs. Dalloway' and 'To the Lighthouse'.,"Virginia Woolf's stream of consciousness technique delves into the unfiltered flow of thoughts and emotions, making her a pivotal figure in modernist literature. This method captures the fluidity of human perception and inner life.",2026-09-14 11:24:13
GK_EN_0405,English,General Knowledge,"Books, Authors & Literature",Hard,"Who is the author of 'Ulysses', a novel that has been influential in the development of modernist literature?",James Joyce,E.M. Forster,T.S. Eliot,Toni Morrison,A,James Joyce,"James Joyce's 'Ulysses' is a groundbreaking work of modernist literature, known for its complex structure and exploration of the human psyche.","James Joyce's 'Ulysses' is a seminal work that pushed the boundaries of narrative and form, influencing generations of writers and contributing significantly to the modernist movement.",2026-09-14 11:24:13
GK_EN_0406,English,General Knowledge,"Books, Authors & Literature",Hard,"Which British author wrote 'Pride and Prejudice', a novel that is often cited as a classic of the romantic realism genre?",Jane Austen,Charlotte Brontë,Emily Brontë,George Eliot,A,Jane Austen,"Jane Austen's 'Pride and Prejudice' is celebrated for its sharp social commentary and exploration of the relationships between characters, particularly focusing on the societal expectations of marriage and class.","Jane Austen's 'Pride and Prejudice' uses witty dialogue and insightful social critique to examine the complex dynamics of love, class, and morality in early 19th-century England, making it a cornerstone of romantic realism.",2026-09-14 11:24:13
GK_EN_0407,English,General Knowledge,"Books, Authors & Literature",Hard,"Who is the author of the epic poem 'The Divine Comedy', which is divided into three parts: 'Inferno', 'Purgatorio', and 'Paradiso'?",Dante Alighieri,William Shakespeare,John Milton,Geoffrey Chaucer,A,Dante Alighieri,"Dante Alighieri's 'The Divine Comedy' is a masterpiece of medieval literature, depicting a journey through Hell, Purgatory, and Heaven.","Dante Alighieri's 'The Divine Comedy' is a profound allegorical poem that explores themes of sin, redemption, and the journey towards spiritual enlightenment, establishing it as a central text in world literature.",2026-09-14 11:24:13
GK_EN_0408,English,General Knowledge,"Books, Authors & Literature",Hard,"Which American author wrote 'The Great Gatsby', a novel that is often analyzed for its critique of the American Dream?",Ernest Hemingway,F. Scott Fitzgerald,John Steinbeck,Ray Bradbury,B,F. Scott Fitzgerald,"F. Scott Fitzgerald's 'The Great Gatsby' is known for its exploration of the fleeting nature of wealth, status, and happiness in the roaring 1920s.","F. Scott Fitzgerald's 'The Great Gatsby' is a quintessential novel of the Jazz Age, critiquing the hollow and transient nature of the American Dream through the tragic story of Jay Gatsby and his pursuit of Daisy Buchanan.",2026-09-14 11:24:13
GK_EN_0409,English,General Knowledge,"Books, Authors & Literature",Hard,"Who is the author of the dystopian novel '1984', which is often cited as a warning about the dangers of totalitarianism?",George Orwell,Aldous Huxley,Ray Bradbury,Isaac Asimov,A,George Orwell,"George Orwell's '1984' is a cautionary tale about the perils of totalitarian regimes, surveillance, and the manipulation of truth.","George Orwell's '1984' is a chilling exploration of a future society under the oppressive rule of the Party, warning against the loss of individual freedom and the manipulation of truth through propaganda and surveillance.",2026-09-14 11:24:13
GK_EN_0410,English,General Knowledge,"Books, Authors & Literature",Hard,"Which author is the pen name of the American author who wrote 'The Catcher in the Rye', a novel that has been widely debated for its themes of adolescent angst and rebellion?",J.D. Salinger,Harper Lee,F. Scott Fitzgerald,Ernest Hemingway,A,J.D. Salinger,J.D. Salinger's 'The Catcher in the Rye' is a coming-of-age novel that has become a symbol of teenage rebellion and disillusionment.,J.D. Salinger's 'The Catcher in the Rye' is a seminal work that explores the complexities of teenage identity and the challenges of growing up in a world that often seems indifferent or hostile.,2026-09-14 11:24:13
GK_EN_0411,English,General Knowledge,"Books, Authors & Literature",Hard,"Who is the author of 'Hamlet', a play that is often studied for its exploration of the human condition and the concept of revenge?",Shakespeare,Christopher Marlowe,Ben Jonson,William Congreve,A,Shakespeare,"William Shakespeare's 'Hamlet' is a tragedy that delves into themes of morality, revenge, and the nature of existence, making it a central text in the English language and world literature.","William Shakespeare's 'Hamlet' is a profound and complex tragedy that examines the human psyche and moral dilemmas through the character of Hamlet, exploring themes of revenge, madness, and the search for truth.",2026-09-14 11:24:13
GK_EN_0412,English,General Knowledge,"Books, Authors & Literature",Hard,"Which of the following authors wrote 'The Picture of Dorian Gray', a novel that explores the dual nature of human existence and the corrupting influence of a hedonistic lifestyle?",Oscar Wilde,Edgar Allan Poe,Mark Twain,Henry James,A,Oscar Wilde,Oscar Wilde's 'The Picture of Dorian Gray' is a gothic novel that critiques the superficiality and moral decay of Victorian society through the story of a man who ages while his portrait ages in his place.,"Oscar Wilde's 'The Picture of Dorian Gray' is a masterpiece that uses the concept of the doppelgänger to explore the darker aspects of human nature, including the consequences of a life lived without moral constraints.",2026-09-14 11:24:13
GK_EN_0413,English,General Knowledge,"Books, Authors & Literature",Hard,"Who is the author of the novel 'The Lord of the Rings', a work that has been influential in the fantasy genre and has inspired countless adaptations and spin-offs?",J.R.R. Tolkien,C.S. Lewis,J.K. Rowling,Isaac Asimov,A,J.R.R. Tolkien,"J.R.R. Tolkien's 'The Lord of the Rings' is a foundational text in fantasy literature, known for its rich world-building, epic narrative, and profound themes of heroism and destiny.","J.R.R. Tolkien's 'The Lord of the Rings' is a monumental work that has redefined the fantasy genre, setting a high standard for world-building, character development, and epic storytelling.",2026-09-14 11:24:13
GK_EN_0414,English,General Knowledge,"National & International Awards (Nobel, Bharat Ratna, Oscar)",Easy,Which award is known for recognizing outstanding contributions in the field of physics?,Nobel Prize in Physics,Bharat Ratna,Oscar Award,Grammy Award,A,Nobel Prize in Physics,The Nobel Prize in Physics is awarded to those who have made the most outstanding discoveries or inventions in the field of physics.,The Nobel Prize in Physics is one of the most prestigious awards in the world and is awarded annually by the Royal Swedish Academy of Sciences.,2026-09-14 11:24:33
GK_EN_0415,English,General Knowledge,"National & International Awards (Nobel, Bharat Ratna, Oscar)",Easy,Which award is given for excellence in filmmaking and is often referred to as the 'Academy Award'?,Nobel Prize in Literature,Bharat Ratna,Oscar Award,Pulitzer Prize,C,Oscar Award,"The Oscar Award, or Academy Award, is a prestigious award given by the Academy of Motion Picture Arts and Sciences for excellence in cinematic achievements.","The Oscar Award is a highly coveted accolade in the film industry, recognizing outstanding contributions to filmmaking.",2026-09-14 11:24:33
GK_EN_0416,English,General Knowledge,"National & International Awards (Nobel, Bharat Ratna, Oscar)",Easy,Which of the following awards is the highest civilian award in India?,Nobel Prize,Bharat Ratna,Oscar Award,Cannes Film Award,B,Bharat Ratna,"The Bharat Ratna is the highest civilian award in India, given by the government of India to recognize outstanding contribution to the nation or humanity.","The Bharat Ratna is the highest honor that can be bestowed on an Indian citizen, signifying immense recognition for their achievements.",2026-09-14 11:24:33
GK_EN_0417,English,General Knowledge,"National & International Awards (Nobel, Bharat Ratna, Oscar)",Easy,"Which of the following awards is given for outstanding artistic achievements in the fields of painting, sculpture, or architecture?",Nobel Prize in Chemistry,Bharat Ratna,Oscar Award,Pritzker Prize,D,Pritzker Prize,The Pritzker Prize is awarded annually to an architect who has made a significant and lasting contribution to architecture.,The Pritzker Prize is considered the 'Nobel Prize' of architecture and is given to an architect whose work has had a profound influence on society.,2026-09-14 11:24:33
GK_EN_0418,English,General Knowledge,"National & International Awards (Nobel, Bharat Ratna, Oscar)",Easy,Which award is given to individuals who have made significant contributions to the field of medicine?,Nobel Prize in Physics,Bharat Ratna,Oscar Award,Nobel Prize in Physiology or Medicine,D,Nobel Prize in Physiology or Medicine,The Nobel Prize in Physiology or Medicine is awarded to individuals who have contributed significantly to the advancement of medicine or biology.,"This prize is given annually to scientists whose work has had a profound impact on the medical field, promoting further research and development.",2026-09-14 11:24:33
GK_EN_0419,English,General Knowledge,"National & International Awards (Nobel, Bharat Ratna, Oscar)",Easy,Which award is given for outstanding contributions to literature?,Nobel Prize in Physics,Bharat Ratna,Oscar Award,Nobel Prize in Literature,D,Nobel Prize in Literature,The Nobel Prize in Literature is awarded to an author whose literary works are of the highest quality and have had a profound impact on literature.,"This prize recognizes authors who have produced works that have enriched the literary heritage of the world, contributing to global literature.",2026-09-14 11:24:33
GK_EN_0420,English,General Knowledge,"National & International Awards (Nobel, Bharat Ratna, Oscar)",Easy,"Which award is given for outstanding contributions to the arts, including music and drama?",Nobel Prize in Chemistry,Bharat Ratna,Oscar Award,Grammy Award,D,Grammy Award,"The Grammy Award is given for musical excellence, recognizing outstanding contributions to the music industry.","The Grammy Award is one of the most respected awards in the music industry, honoring artists and producers for their outstanding contributions.",2026-09-14 11:24:33
GK_EN_0421,English,General Knowledge,"National & International Awards (Nobel, Bharat Ratna, Oscar)",Easy,Which award is given for outstanding contributions to the field of economics?,Nobel Prize in Physics,Bharat Ratna,Oscar Award,Nobel Memorial Prize in Economic Sciences,D,Nobel Memorial Prize in Economic Sciences,The Nobel Memorial Prize in Economic Sciences is awarded to those who have made significant contributions to economic theory or practical economics.,This prize is awarded annually by the Royal Swedish Academy of Sciences and recognizes groundbreaking work in the field of economics.,2026-09-14 11:24:33
GK_EN_0422,English,General Knowledge,"National & International Awards (Nobel, Bharat Ratna, Oscar)",Easy,Which award is given for outstanding contributions to the field of peace?,Nobel Prize in Chemistry,Bharat Ratna,Oscar Award,Nobel Peace Prize,D,Nobel Peace Prize,The Nobel Peace Prize is awarded to those who have contributed to the promotion of peace and reconciliation.,"The Nobel Peace Prize is one of the most prestigious awards in the world, recognizing individuals or organizations that have made significant contributions to peace and conflict resolution.",2026-09-14 11:24:33
GK_EN_0423,English,General Knowledge,"Sports, Olympic Games & Championships",Medium,In which Olympic event is synchronized swimming officially recognized?,Gymnastics,Diving,Swimming,Water Polo,C,Swimming,"Synchronized swimming is a discipline of swimming that requires precise coordination, flexibility, and musical interpretation.","Synchronized swimming is one of the disciplines in the Summer Olympics, where athletes perform routines in the water to music, combining elements of ballet, gymnastics, and dance.",2026-09-14 11:24:54
GK_EN_0424,English,General Knowledge,"Sports, Olympic Games & Championships",Medium,Which country has won the most Olympic basketball medals?,USA,Russia,Brazil,Argentina,A,USA,The United States has a strong tradition in basketball and has consistently performed well in the Olympics.,"The USA has dominated the Olympic basketball scene, winning 19 medals, including 15 gold medals, since basketball became an Olympic sport in 1936.",2026-09-14 11:24:54
GK_EN_0425,English,General Knowledge,"Sports, Olympic Games & Championships",Medium,Which of the following is NOT a recognized sport in the Summer Olympics?,Rowing,Curling,Handball,Tennis,B,Curling,"Curling is actually a Winter Olympic sport, not a Summer Olympic sport.","While curling is a popular sport, it is played on ice and is part of the Winter Olympic program, unlike rowing, handball, and tennis, which are part of the Summer Olympics.",2026-09-14 11:24:54
GK_EN_0426,English,General Knowledge,"Sports, Olympic Games & Championships",Medium,In which year did the Summer Olympics first take place?,1900,1912,1896,1920,C,1896,"The first modern Olympic Games were held in Athens, Greece, in 1896.","The inaugural Olympic Games were organized by Pierre de Coubertin and hosted in Athens, Greece, to revive the ancient Olympic tradition and promote international sportsmanship.",2026-09-14 11:24:54
GK_EN_0427,English,General Knowledge,"Sports, Olympic Games & Championships",Medium,"Which Olympic sport involves athletes competing in a freestyle or Greco-Roman manner, and also has a women's event?",Freestyle Wrestling,Judo,Taekwondo,Boxing,A,Freestyle Wrestling,"Freestyle wrestling is a combat sport where athletes compete using various techniques and holds, and it was the first wrestling discipline to be included in the modern Olympic Games in 1896.","Freestyle wrestling is a dynamic and popular Olympic sport, featuring both men and women, and is known for its wide range of techniques and movements.",2026-09-14 11:24:54
GK_EN_0428,English,General Knowledge,"Sports, Olympic Games & Championships",Medium,Which of the following is the only individual Olympic sport in which a woman can compete without a partner?,Table Tennis,Synchronized Swimming,Diving,Sailing,B,Synchronized Swimming,"In synchronized swimming, routines are performed in pairs, teams of six, or solo, with solo events being an individual sport.","Synchronized swimming is unique among Olympic sports as it offers a solo event for women, where a single athlete performs routines with music, showcasing individual skill and artistic expression.",2026-09-14 11:24:54
GK_EN_0429,English,General Knowledge,"Sports, Olympic Games & Championships",Medium,In which Olympic event is the 1500-meter race considered a long-distance event?,Track Cycling,Marathon,Cross Country,Track Running,D,Track Running,"The 1500-meter race is a long-distance event in track running, typically run on an indoor or outdoor track.","In track running, the 1500 meters is a significant distance event that tests endurance and speed over a relatively long distance, making it a challenging and prestigious event in the Olympics.",2026-09-14 11:24:54
GK_EN_0430,English,General Knowledge,"Sports, Olympic Games & Championships",Medium,Which Olympic sport has both a men's and a women's event where athletes compete in a pool of water using a specific diving board or platform?,Swimming,Diving,Water Polo,Synchronized Swimming,B,Diving,Diving is the only Olympic sport where both men and women compete in events that involve diving from a board or platform into a pool.,"Diving is a precision sport where athletes perform acrobatic maneuvers from a springboard or platform, and both men and women compete in various events, showcasing their skill and grace in the water.",2026-09-14 11:24:54
GK_EN_0431,English,General Knowledge,"Sports, Olympic Games & Championships",Medium,"Which Olympic sport involves athletes competing in a round arena, attempting to knock their opponent out of the ring with a combination of punches and defensive maneuvers?",Boxing,Wrestling,Judo,Taekwondo,A,Boxing,"Boxing is a combat sport where athletes wear gloves and compete in a ring, using punches to score points and knock their opponent out.","Boxing is an Olympic sport that requires a combination of speed, agility, and strategic thinking, with athletes competing in both men's and women's events.",2026-09-14 11:24:54
GK_EN_0432,English,General Knowledge,"Sports, Olympic Games & Championships",Medium,"Which of the following Olympic sports involves athletes racing in a velodrome, competing in both individual and team events?",Track Cycling,Track Running,Rowing,Swimming,A,Track Cycling,"Track cycling involves athletes racing in a velodrome, competing in various events such as sprints, endurance races, and team events.","Track cycling is a fast-paced and technical sport that is performed on a circular track, offering a wide range of events for both men and women, including individual and team pursuits, sprints, and points races.",2026-09-14 11:24:54
GK_EN_0433,English,General Knowledge,"Ecology, Biodiversity & National Parks",Hard,Which of the following best describes the concept of a 'keystone species' in an ecological community?,A species that is abundant and widely distributed across multiple ecosystems.,A species that plays a disproportionately large role in the structure and function of its ecosystem.,A species that has no significant impact on the structure or function of its ecosystem.,A species that can be introduced or removed without affecting the ecosystem's stability.,B,A species that plays a disproportionately large role in the structure and function of its ecosystem.,A keystone species exerts a large influence on the environment relative to its abundance and directly affects the survival of other species.,"Keystone species, like sea otters, control populations of their prey (sea urchins) which, if unchecked, can lead to the destruction of kelp forests. Their presence is crucial for maintaining the balance of the ecosystem.",2026-09-14 11:25:26
GK_EN_0434,English,General Knowledge,"Ecology, Biodiversity & National Parks",Hard,"Which of the following national parks is known for its high biodiversity and is also a UNESCO World Heritage Site, featuring unique ecosystems such as montane grasslands and shrublands?","Yellowstone National Park, USA","Kruger National Park, South Africa","Serengeti National Park, Tanzania","Satimai Wildlife Sanctuary, Thailand",D,"Satimai Wildlife Sanctuary, Thailand","Satimai Wildlife Sanctuary is recognized for its rich biodiversity and unique ecosystems, making it a valuable conservation area.","Satimai Wildlife Sanctuary, located in Chiang Mai, Thailand, is known for its diverse flora and fauna, including various species of birds, mammals, and reptiles. It is one of the few protected areas in northern Thailand that maintains its natural forest ecosystem.",2026-09-14 11:25:26
GK_EN_0435,English,General Knowledge,"Ecology, Biodiversity & National Parks",Hard,What is the primary function of a 'buffer zone' in a national park or protected area?,To allow unrestricted access for hunting and fishing activities.,To provide a transitional area that minimizes the impact of surrounding human activities on the park's ecosystem.,To serve as a commercial zone where park-related services and facilities are located.,To facilitate the construction of infrastructure such as roads and buildings.,B,To provide a transitional area that minimizes the impact of surrounding human activities on the park's ecosystem.,"Buffer zones act as a protective barrier, reducing the direct influence of external human activities on the core protected area.","Buffer zones are designed to buffer the direct impact of human activities, such as agriculture and urbanization, on the protected area. They can help in preserving the ecological integrity of the park by reducing pollution, erosion, and other disturbances.",2026-09-14 11:25:26
GK_EN_0436,English,General Knowledge,"Ecology, Biodiversity & National Parks",Hard,Which of the following is an example of a 'habitat fragmentation' impact on biodiversity?,The introduction of invasive species that outcompete native species.,The creation of a continuous habitat corridor that allows species to move freely.,"The division of a habitat into smaller, isolated patches by human activities like land development.","The establishment of a new national park that protects a large, continuous area of land.",C,"The division of a habitat into smaller, isolated patches by human activities like land development.","Habitat fragmentation occurs when natural habitats are broken into smaller pieces, leading to isolated populations and reduced genetic exchange.","Habitat fragmentation can lead to a variety of negative ecological impacts, including reduced gene flow, increased vulnerability to local extinctions, and decreased species diversity. This can result in populations becoming isolated and less resilient to environmental changes.",2026-09-14 11:25:26
GK_EN_0437,English,General Knowledge,"Ecology, Biodiversity & National Parks",Hard,Which of the following best describes the 'invasive species' phenomenon in ecology?,Species that are native to an ecosystem and have a stable population.,Species that are introduced to an area where they do not naturally occur and can cause economic or environmental harm.,Species that are endemic to a particular region and are under threat of extinction.,Species that are artificially bred in captivity and released into the wild.,B,Species that are introduced to an area where they do not naturally occur and can cause economic or environmental harm.,"Invasive species are non-native organisms that have the ability to spread widely and cause harm to native species, ecosystems, and human activities.","Invasive species can outcompete native species for resources, alter ecosystems, and reduce biodiversity. They often have no natural predators in their new environment, allowing them to spread rapidly and disrupt local ecological balances.",2026-09-14 11:25:26
GK_EN_0438,English,General Knowledge,"Ecology, Biodiversity & National Parks",Hard,Which of the following is a key strategy used in the conservation of biodiversity in national parks?,Allowing unlimited human access to all parts of the park for tourism purposes.,Implementing strict regulations to limit human impact and protect sensitive habitats.,Encouraging the introduction of non-native species to increase diversity.,"Focusing solely on the preservation of large, charismatic species while neglecting smaller, less visible species.",B,Implementing strict regulations to limit human impact and protect sensitive habitats.,Conservation strategies in national parks often involve limiting human activities to preserve the natural environment and protect biodiversity.,"Strict regulations in national parks help to manage visitor numbers, control development, and minimize human disturbances. This approach ensures that the natural environment remains intact, supporting a wide range of species and ecosystems.",2026-09-14 11:25:26
GK_EN_0439,English,General Knowledge,"Ecology, Biodiversity & National Parks",Hard,Which of the following best exemplifies the concept of 'biodiversity hotspots'?,Areas with low species diversity that are not threatened by human activities.,"Areas with high species diversity and a significant number of endemic species, but are under severe threat from human activities.",Areas with high species diversity that are not threatened by human activities.,Areas with low species diversity and few endemic species.,B,"Areas with high species diversity and a significant number of endemic species, but are under severe threat from human activities.","Biodiversity hotspots are critical areas that contain a high number of endemic species and are facing significant threats from human activities, making their conservation crucial.","Biodiversity hotspots are prioritized areas for conservation efforts due to their high levels of endemism and the high risk of habitat loss. These regions are vital for preserving unique species and ecosystems that are under threat, often due to human land use and development.",2026-09-14 11:25:26
GK_EN_0440,English,General Knowledge,"Ecology, Biodiversity & National Parks",Hard,Which of the following best describes the 'ecosystem services' provided by national parks?,The economic benefits derived from tourism and recreational activities in the park.,"The natural processes and functions that ecosystems perform, which are essential for human well-being.",The aesthetic and recreational value of the park to local communities.,The financial support provided by governments and conservation organizations.,B,"The natural processes and functions that ecosystems perform, which are essential for human well-being.","Ecosystem services are the direct and indirect benefits that people obtain from natural ecosystems, such as clean air, water purification, and pollination.","Ecosystem services are crucial for human survival and well-being, as they provide essential functions like carbon sequestration, water filtration, and pollination. National parks play a vital role in maintaining these services, which are often taken for granted but are critical for sustaining life on Earth.",2026-09-14 11:25:26
GK_EN_0441,English,General Knowledge,"Ecology, Biodiversity & National Parks",Hard,Which of the following best illustrates the concept of 'sustainability' in the context of national parks and biodiversity conservation?,Using renewable resources at a rate faster than they can be replenished.,Preserving ecosystems and biodiversity in a way that meets the needs of the present without compromising the ability of future generations to meet their own needs.,Exploiting natural resources for short-term economic gains.,Allowing unrestricted human activities within the park to promote local economic development.,B,Preserving ecosystems and biodiversity in a way that meets the needs of the present without compromising the ability of future generations to meet their own needs.,Sustainability involves managing natural resources in a way that ensures long-term ecological and social well-being.,"Sustainability in national parks and biodiversity conservation means maintaining ecosystems and biodiversity in a way that supports current needs without compromising the ability of future generations to enjoy and benefit from them. This approach ensures the long-term health and resilience of ecosystems, which is essential for the well-being of both humans and nature.",2026-09-14 11:25:26
GK_EN_0442,English,General Knowledge,"Ecology, Biodiversity & National Parks",Hard,Which of the following best describes the 'trophic levels' in an ecological food web?,The different types of organisms that live in the same habitat.,"The hierarchical structure that shows the flow of energy through an ecosystem, from producers to consumers.",The geographic distribution of species within a national park.,The seasonal variations in species abundance within an ecosystem.,B,"The hierarchical structure that shows the flow of energy through an ecosystem, from producers to consumers.","Trophic levels represent the feeding relationships and energy flow within an ecosystem, with producers at the bottom and top predators at the top.","Trophic levels are a fundamental concept in ecology, illustrating the hierarchical structure of energy flow in an ecosystem. From producers (like plants) to primary consumers (herbivores), secondary consumers (carnivores that eat herbivores), and so on, each level represents a step in the transfer of energy and nutrients through the food web.",2026-09-14 11:25:26
GK_EN_0443,English,General Knowledge,Ancient & Medieval History,Easy,Which of the following was a significant event in the fall of the Western Roman Empire in the 5th century AD?,The Battle of Adrianople in 378 AD,The sack of Rome by the Visigoths in 410 AD,The Battle of Tours in 732 AD,The signing of the Treaty of Verdun in 843 AD,B,The sack of Rome by the Visigoths in 410 AD,This event symbolized the decline of Roman authority in the city that was its capital.,"The sack of Rome by the Visigoths, led by Alaric I, was a pivotal moment that marked the end of Roman control over the city and the empire's vulnerability to barbarian invasions.",2026-09-14 11:25:49
GK_EN_0444,English,General Knowledge,Ancient & Medieval History,Easy,Which of the following is known as the first Roman emperor to convert to Christianity?,Julius Caesar,Constantine the Great,Augustus,Nero,B,Constantine the Great,Constantine's conversion is significant as it led to the Christianization of the Roman Empire.,"Constantine the Great is historically recognized for his conversion to Christianity, which played a crucial role in the spread and eventual official acceptance of Christianity within the Roman Empire.",2026-09-14 11:25:49
GK_EN_0445,English,General Knowledge,Ancient & Medieval History,Easy,In which century did the Crusades begin?,11th century,12th century,13th century,14th century,A,11th century,The Crusades began in the 11th century as a series of military expeditions.,"The First Crusade, initiated in 1095, marked the beginning of a series of religious wars that lasted into the 13th century, aimed at recovering the Holy Land from Muslim control.",2026-09-14 11:25:49
GK_EN_0446,English,General Knowledge,Ancient & Medieval History,Easy,Which of the following was a famous Muslim caliph known for patronizing the arts and sciences in the 9th century?,Caliph Umar,Caliph Harun al-Rashid,Caliph Al-Mahdi,Caliph Al-Mansur,B,Caliph Harun al-Rashid,"Harun al-Rashid is known for his patronage of scholars and artists, contributing to the Golden Age of Islam.","Harun al-Rashid, the 8th-century caliph of the Abbasid Caliphate, was renowned for his support of intellectual pursuits, leading to significant advancements in literature, science, and art during his reign.",2026-09-14 11:25:49
GK_EN_0447,English,General Knowledge,Ancient & Medieval History,Easy,Which of the following was a major intellectual movement in medieval Europe that emphasized the study of classical texts?,The Renaissance,The Enlightenment,The Reformation,The Carolingian Renaissance,D,The Carolingian Renaissance,The Carolingian Renaissance was a cultural revival in Europe under Charlemagne.,"The Carolingian Renaissance, occurring during the 8th and 9th centuries under the rule of Charlemagne, saw a revival of interest in classical learning and a flourishing of art and literature in the Carolingian Empire.",2026-09-14 11:25:49
GK_EN_0448,English,General Knowledge,Ancient & Medieval History,Easy,Who was the first emperor of the Byzantine Empire?,Constantine I,Diocletian,Julian,Theodosius I,A,Constantine I,Constantine I was a crucial figure in the establishment and development of the Byzantine Empire.,"Constantine I, who ruled in the 4th century, was instrumental in the founding of Constantinople as the capital and in the spread of Christianity, which became the empire's official religion.",2026-09-14 11:25:49
GK_EN_0449,English,General Knowledge,Ancient & Medieval History,Easy,Which of the following was a key figure in the development of feudalism in medieval Europe?,Charlemagne,William the Conqueror,Henry II,Alfred the Great,A,Charlemagne,Charlemagne was a significant ruler who expanded the Carolingian Empire and promoted a feudal system.,"Charlemagne, the 8th-century Frankish king, played a pivotal role in the development of feudalism, extending his rule across much of Western Europe and establishing a system of vassalage and lordship.",2026-09-14 11:25:49
GK_EN_0450,English,General Knowledge,Ancient & Medieval History,Easy,Which of the following was a famous Islamic scholar who made significant contributions to mathematics and astronomy in the 10th century?,Al-Khwarizmi,Averroes,Ibn Sina,Avicenna,A,Al-Khwarizmi,Al-Khwarizmi is renowned for his work in algebra and his influence on European mathematics.,"Al-Khwarizmi, an influential 9th-century Persian mathematician, is credited with founding algebra and his works significantly impacted European mathematical thought and practice.",2026-09-14 11:25:49
GK_EN_0451,English,General Knowledge,Ancient & Medieval History,Easy,Which of the following was a significant battle in the history of the Crusades?,The Battle of Hastings,The Battle of Lepanto,The Battle of Alesia,The Battle of Hattin,D,The Battle of Hattin,The Battle of Hattin was a crucial defeat for the Crusaders in 1187.,"The Battle of Hattin, fought in 1187, was a significant turning point in the Crusades, resulting in the capture of Jerusalem by Saladin and a major setback for Christian forces.",2026-09-14 11:25:49
GK_EN_0452,English,General Knowledge,Ancient & Medieval History,Easy,Which of the following was a famous medieval philosopher and theologian who lived in the 13th century?,Thomas Aquinas,Dante Alighieri,Maimonides,St. Augustine,A,Thomas Aquinas,Thomas Aquinas was influential in the development of scholasticism and natural theology.,"Thomas Aquinas, a 13th-century Dominican friar, was a prominent medieval philosopher and theologian known for his work in natural theology and the integration of Aristotelian philosophy with Christian doctrine.",2026-09-14 11:25:49
GK_EN_0453,English,General Knowledge,Modern Indian History & Freedom Struggle,Medium,Which Indian leader is known for initiating the Quit India Movement in 1942 during the Indian independence movement?,Lal Bahadur Shastri,Jawaharlal Nehru,Subhas Chandra Bose,Mahatma Gandhi,D,Mahatma Gandhi,Mahatma Gandhi's call for an immediate end to British rule in India inspired widespread civil disobedience.,"Gandhi’s declaration at the Bombay session of the All-India Congress Committee marked the beginning of a mass movement against the British Raj, emphasizing non-violent resistance.",2026-09-14 11:26:13
GK_EN_0454,English,General Knowledge,Modern Indian History & Freedom Struggle,Medium,Who was the founder of the Indian National Congress in 1885?,Gopal Krishna Gokhale,W. C. Bonnerjee,Surendranath Banerjee,A. O. Hume,D,A. O. Hume,"A. O. Hume, a British civil servant, played a crucial role in establishing the Congress as a political platform.",Hume's efforts led to the formation of the Indian National Congress with the aim of promoting Indian interests and achieving self-governance.,2026-09-14 11:26:13
GK_EN_0455,English,General Knowledge,Modern Indian History & Freedom Struggle,Medium,Which event marked the beginning of the Partition of Bengal in 1905 by the British?,The Swadeshi Movement,The Partition of Bengal,The Chauri Chaura Incident,The Non-Cooperation Movement,B,The Partition of Bengal,"The Partition of Bengal aimed to divide the province based on religious lines, leading to widespread opposition from the Indian population.","The British partitioned Bengal to weaken the nationalist movement, but it had the opposite effect, sparking protests and the Swadeshi Movement.",2026-09-14 11:26:13
GK_EN_0456,English,General Knowledge,Modern Indian History & Freedom Struggle,Medium,Who was the first woman to lead the Indian National Congress in 1923?,Rabindranath Tagore,Sarojini Naidu,Khudiram Bose,Ramakrishna Mission,B,Sarojini Naidu,Sarojini Naidu was a prominent Indian independence activist and the first Indian woman to become the President of the Indian National Congress.,Naidu's presidency highlighted the growing involvement of women in the national movement and her role as a poet and social reformer.,2026-09-14 11:26:13
GK_EN_0457,English,General Knowledge,Modern Indian History & Freedom Struggle,Medium,Which of the following was the name of the Indian National Army led by Subhas Chandra Bose during World War II?,Azad Hind Fauj,Rashtriya Swasthya Manch,Azad Hind Mahasabha,Rashtriya Jan Samajwadi Party,A,Azad Hind Fauj,"Azad Hind Fauj was the military wing of the Indian National Army, fighting for Indian independence from British rule.","The formation of the Azad Hind Fauj was a significant event in the struggle for independence, showcasing the growing commitment to the cause among Indians abroad.",2026-09-14 11:26:13
GK_EN_0458,English,General Knowledge,Modern Indian History & Freedom Struggle,Medium,Which of the following was a significant event that led to the Jallianwala Bagh massacre in 1919?,The Rowlatt Act,The Simon Commission,The Rani of Jhansi Rebellion,The Amritsar Massacre,A,The Rowlatt Act,"The Rowlatt Act, passed by the British, allowed for preventive detention without trial, leading to the Jallianwala Bagh massacre.","The Rowlatt Act fueled widespread unrest and protests, including the famous Jallianwala Bagh Massacre, where martial law was imposed and a large crowd was killed.",2026-09-14 11:26:13
GK_EN_0459,English,General Knowledge,Modern Indian History & Freedom Struggle,Medium,Which of the following was a significant leader in the Non-Cooperation Movement of 1920-1922?,Vallabhbhai Patel,B. R. Ambedkar,J. C. Kumarappa,Lalaji Yadav,A,Vallabhbhai Patel,"Vallabhbhai Patel was a key figure in the Non-Cooperation Movement, known for his role in the struggle for Indian independence.","Patel’s involvement in the Non-Cooperation Movement included the Kheda Satyagraha, where he led the peasants in a non-violent struggle against the British.",2026-09-14 11:26:13
GK_EN_0460,English,General Knowledge,Modern Indian History & Freedom Struggle,Medium,Which of the following was a significant leader in the Quit India Movement who was later executed by the British in 1944?,Jawaharlal Nehru,Sardar Vallabhbhai Patel,Netaji Subhas Chandra Bose,Maulana Abul Kalam Azad,C,Netaji Subhas Chandra Bose,Subhas Chandra Bose was a prominent leader in the Indian independence movement and was executed by the British during World War II.,Bose’s leadership during the Quit India Movement and his escape to Japan to form the Azad Hind Fauj made him a symbol of the struggle for independence.,2026-09-14 11:26:13
GK_EN_0461,English,General Knowledge,Modern Indian History & Freedom Struggle,Medium,"Which of the following was a significant event in the early years of the Indian independence movement, marking the first large-scale protest against British rule?",The Swadeshi Movement,The Partition of Bengal,The Non-Cooperation Movement,The Quit India Movement,B,The Partition of Bengal,"The Partition of Bengal in 1905 led to widespread protests and the Swadeshi Movement, marking the first large-scale protest against British rule.","The British partition of Bengal aimed to divide the region, but it backfired, leading to a boycott of British goods and a surge in anti-British sentiment.",2026-09-14 11:26:13
GK_EN_0462,English,General Knowledge,Modern Indian History & Freedom Struggle,Medium,Which of the following leaders was a significant figure in the Indian freedom struggle and later became the first Prime Minister of independent India?,Jawaharlal Nehru,B. R. Ambedkar,Rabindranath Tagore,A. P. J. Abdul Kalam,A,Jawaharlal Nehru,Jawaharlal Nehru was a key leader in the Indian independence movement and played a crucial role in shaping the nation’s future as its first Prime Minister.,"Nehru’s leadership during the freedom struggle and his vision for a modern, secular, and democratic India laid the foundation for the nation’s post-independence governance.",2026-09-14 11:26:13
GK_EN_0463,English,General Knowledge,World History & Revolutions,Hard,"Which of the following revolutions marked the first successful overthrow of a colonial power in the Americas, inspiring other independence movements?",The Haitian Revolution (1791-1804),The American Revolution (1775-1783),The Mexican War of Independence (1810-1821),The Spanish Revolution (1936-1939),A,The Haitian Revolution (1791-1804),"The Haitian Revolution was the first successful slave revolt in history, leading to the establishment of Haiti as the first independent black republic in the Western Hemisphere.","The Haitian Revolution demonstrated the power of enslaved people to overthrow their oppressors and established a precedent for other liberation movements, especially in the Caribbean and Africa.",2026-09-14 11:26:41
GK_EN_0464,English,General Knowledge,World History & Revolutions,Hard,Which of the following events directly led to the fall of the French monarchy and the rise of the First French Republic in 1789?,The signing of the Treaty of Versailles,The Storming of the Bastille,The Battle of Waterloo,The Congress of Vienna,B,The Storming of the Bastille,The Storming of the Bastille was a pivotal event that symbolized the end of absolute monarchy and the beginning of the French Revolution.,"The storming of the Bastille on July 14, 1789, marked the start of the French Revolution and the establishment of a more democratic and representative government in France.",2026-09-14 11:26:41
GK_EN_0465,English,General Knowledge,World History & Revolutions,Hard,Which of the following leaders is credited with the establishment of the Republic of China and the end of the Qing dynasty in 1912?,Sun Yat-sen,Chiang Kai-shek,Huang Xing,Zhang Xueliang,A,Sun Yat-sen,Sun Yat-sen was the primary leader of the Chinese Revolution that overthrew the Qing dynasty and established the Republic of China.,"Sun Yat-sen was instrumental in organizing the revolution, drafting the provisional constitution, and serving as the provisional president of the Republic of China, marking the end of China's imperial system.",2026-09-14 11:26:41
GK_EN_0466,English,General Knowledge,World History & Revolutions,Hard,"Which of the following revolutions was characterized by the slogan 'Liberty, Equality, Fraternity' and aimed to spread revolutionary ideals across Europe, leading to the rise of Napoleon Bonaparte?",The American Revolution,The French Revolution,The Russian Revolution,The Chinese Revolution,B,The French Revolution,The French Revolution was a pivotal event that spread revolutionary ideals throughout Europe and influenced the rise of Napoleon Bonaparte.,"The French Revolution, with its ideals of liberty, equality, and fraternity, inspired similar movements across Europe, and Napoleon capitalized on these revolutionary sentiments to establish his empire.",2026-09-14 11:26:41
GK_EN_0467,English,General Knowledge,World History & Revolutions,Hard,"Which of the following revolutions, initiated in 1848, spread across Europe and aimed to promote liberal reforms, democracy, and national unification, but ultimately failed in its goals?",The Russian Revolution,The German Revolution,The Revolutions of 1848,The Italian Revolution,C,The Revolutions of 1848,"The Revolutions of 1848 were a series of political upheavals throughout the European continent, aiming for liberal reforms and national unification, but they were ultimately unsuccessful in their goals.","Despite their initial success in some areas, the Revolutions of 1848 were largely suppressed by conservative forces, leading to a partial restoration of the old order in many countries.",2026-09-14 11:26:41
GK_EN_0468,English,General Knowledge,World History & Revolutions,Hard,"Which of the following events marked the beginning of the Russian Revolution and led to the abdication of Tsar Nicholas II, ultimately leading to the Russian Civil War and the establishment of the Soviet Union?",The October Revolution,The February Revolution,The Brest-Litovsk Treaty,The Bolshevik Uprising,B,The February Revolution,"The February Revolution in 1917 led to the abdication of Tsar Nicholas II and the establishment of a provisional government, setting the stage for the October Revolution and the rise of the Bolsheviks.",The February Revolution was a pivotal event that ended the Romanov dynasty and created a power vacuum that the Bolsheviks later exploited to seize control of the government.,2026-09-14 11:26:41
GK_EN_0469,English,General Knowledge,World History & Revolutions,Hard,"Which of the following leaders was a key figure in the Mexican Revolution, which began in 1910 and aimed to overthrow the dictatorship of Porfirio Díaz and establish a more democratic and equitable society?",Lázaro Cárdenas,Pancho Villa,Emiliano Zapata,José María Pino Suárez,C,Emiliano Zapata,"Emiliano Zapata was a key leader in the Mexican Revolution, fighting for agrarian reform and land distribution among peasants, which was a central goal of the revolution.","Zapata's Zapatista Army of National Liberation (EZLN) fought for the rights of peasants and indigenous peoples, and his demands for land redistribution were a driving force behind the revolution.",2026-09-14 11:26:41
GK_EN_0470,English,General Knowledge,World History & Revolutions,Hard,"Which of the following revolutions marked the end of absolute monarchy in France and the beginning of a constitutional monarchy, leading to the establishment of the Bourbon Restoration in 1815?",The French Revolution,The Revolution of 1830,The July Revolution,The Hundred Days,B,The Revolution of 1830,The Revolution of 1830 resulted in the abdication of King Charles X and the establishment of a constitutional monarchy under King Louis-Philippe.,"The Revolution of 1830, also known as the July Revolution, was a pivotal event that led to the end of the Bourbon Restoration and the establishment of the July Monarchy, characterized by constitutional reforms and liberal policies.",2026-09-14 11:26:41
GK_EN_0471,English,General Knowledge,World History & Revolutions,Hard,"Which of the following leaders played a crucial role in the Chinese Revolution, leading the Communist Party to victory and establishing the People's Republic of China in 1949?",Mao Zedong,Chiang Kai-shek,Deng Xiaoping,Sun Yat-sen,A,Mao Zedong,"Mao Zedong was the key leader of the Chinese Communist Party during the Chinese Civil War, leading the communists to victory and establishing the People's Republic of China.","Mao Zedong's leadership and strategic decisions were instrumental in the victory of the Chinese Communist Party, and his policies after the revolution had a profound impact on China's development.",2026-09-14 11:26:41
GK_EN_0472,English,General Knowledge,World History & Revolutions,Hard,"Which of the following events is considered the beginning of the Latin American independence movements, inspired by the American and French Revolutions, and led to the formation of several independent states in South America?",The Battle of Ayacucho,The Congress of Angostura,The Treaty of Córdoba,The Haitian Revolution,D,The Haitian Revolution,"The Haitian Revolution, which ended with the establishment of Haiti as an independent nation, inspired other Latin American countries to seek independence from Spanish and Portuguese colonial rule.","The success of the Haitian Revolution demonstrated the feasibility of achieving independence and inspired leaders in other Latin American countries to fight for their own freedom, leading to a wave of independence movements in the region.",2026-09-14 11:26:41
GK_EN_0473,English,General Knowledge,"Indian Geography (Rivers, Mountains, Climate)",Easy,Which mountain range runs along the western border of India?,Karakoram,Himadri,Aravalli,Western Ghats,D,Western Ghats,"The Western Ghats are a mountain range that runs along the western coast of India, forming a natural barrier between the coastal plains and the Deccan Plateau.",The Western Ghats are not only a significant geographical feature but also a biodiversity hotspot and are home to various endemic species of plants and animals.,2026-09-14 11:27:02
GK_EN_0474,English,General Knowledge,"Indian Geography (Rivers, Mountains, Climate)",Easy,Which of the following is not a major river in India?,Tapti,Narmada,Krishna,Indus,D,Indus,"The Indus is not a river in India, although it originates in the Trans-Himalayas and flows through Pakistan.","The Indus River is the national river of Pakistan, originating in Tibet and flowing through the western part of the country before reaching the Arabian Sea.",2026-09-14 11:27:02
GK_EN_0475,English,General Knowledge,"Indian Geography (Rivers, Mountains, Climate)",Easy,Which of the following climate zones is NOT found in India?,Tropical Rainforest,Desert,Tropical Monsoon,Tropical Savanna,A,Tropical Rainforest,"India does not have a true tropical rainforest climate, which is typically found in specific equatorial regions like parts of South America and Africa.","India's climate is predominantly tropical, with variations such as monsoon and desert climates, but it lacks the continuous, heavy rainfall typical of a tropical rainforest climate.",2026-09-14 11:27:02
GK_EN_0476,English,General Knowledge,"Indian Geography (Rivers, Mountains, Climate)",Easy,Which of the following is not a tributary of the Ganges?,Yamuna,Son,Narmada,Kosi,C,Narmada,The Narmada is not a tributary of the Ganges; it flows to the Bay of Bengal through the state of Odisha.,"The Narmada River forms a part of the Western Ghats and flows westward towards the Arabian Sea, while the Ganges flows eastward through the Gangetic plains.",2026-09-14 11:27:02
GK_EN_0477,English,General Knowledge,"Indian Geography (Rivers, Mountains, Climate)",Easy,Which of the following is a major mountain range in the northern part of India?,Aravalli,Western Ghats,Eastern Ghats,Himalayas,D,Himalayas,"The Himalayas are the highest and most prominent mountain range in northern India, forming the northern border with Tibet and Nepal.","The Himalayas are a key geographical feature of northern India, providing a natural barrier and contributing to the country's climate and biodiversity.",2026-09-14 11:27:02
GK_EN_0478,English,General Knowledge,"Indian Geography (Rivers, Mountains, Climate)",Easy,Which of the following is a major desert in India?,Thar Desert,Kalahari Desert,Namib Desert,Sahara Desert,A,Thar Desert,"The Thar Desert, also known as the Great Indian Desert, is a large arid region covering parts of western India.","The Thar Desert is the largest desert in India, covering an area of about 200,000 square kilometers, primarily in the states of Rajasthan and parts of Gujarat.",2026-09-14 11:27:02
GK_EN_0479,English,General Knowledge,"Indian Geography (Rivers, Mountains, Climate)",Easy,Which of the following is a major plateau in India?,Deccan Plateau,Gondwana Plateau,Malwa Plateau,Aravalli Plateau,A,Deccan Plateau,"The Deccan Plateau is a large elevated region in southern India, covering most of the states of Maharashtra, Karnataka, Telangana, and parts of Tamil Nadu and Andhra Pradesh.","The Deccan Plateau is known for its rich agriculture, mineral resources, and historical significance, including ancient rock paintings and temples.",2026-09-14 11:27:02
GK_EN_0480,English,General Knowledge,"Indian Geography (Rivers, Mountains, Climate)",Easy,Which of the following is a major river flowing through the Northeastern region of India?,Kaveri,Brahmaputra,Godavari,Narmada,B,Brahmaputra,"The Brahmaputra River flows through the northeastern states of India, including Assam, and is a significant waterway in the region.","The Brahmaputra is one of the major rivers in the northeastern states of India, playing a crucial role in agriculture, transportation, and the region's economy.",2026-09-14 11:27:02
GK_EN_0481,English,General Knowledge,World Geography & Solar System,Medium,Which of the following planets is known for having the most moons in our solar system?,Mercury,Mars,Jupiter,Saturn,C,Jupiter,"Jupiter has the most known moons, currently over 79.","Jupiter has a large number of moons due to its strong gravitational pull, which attracts objects in its vicinity.",2026-09-14 11:27:21
GK_EN_0482,English,General Knowledge,World Geography & Solar System,Medium,The only planet in the solar system known to have rings is?,Mercury,Venus,Jupiter,Saturn,D,Saturn,Saturn is famous for its spectacular ring system.,"Saturn's rings are composed mainly of ice particles with a smaller amount of rocky debris and dust, making them highly visible and a major feature of the planet.",2026-09-14 11:27:21
GK_EN_0483,English,General Knowledge,World Geography & Solar System,Medium,Which planet is known as the 'Red Planet'?,Mars,Venus,Mercury,Jupiter,A,Mars,Mars is named for its reddish appearance due to iron oxide on its surface.,"The reddish appearance of Mars is due to the widespread iron oxide, commonly known as rust, on its surface, giving it a distinctive appearance.",2026-09-14 11:27:21
GK_EN_0484,English,General Knowledge,World Geography & Solar System,Medium,Which planet is known to have a significant magnetic field?,Mercury,Mars,Jupiter,Saturn,C,Jupiter,Jupiter has one of the strongest magnetic fields in the solar system.,"Jupiter's magnetic field is much stronger than Earth's and is caused by the movement of its metallic hydrogen interior, which generates an intense magnetic field.",2026-09-14 11:27:21
GK_EN_0485,English,General Knowledge,World Geography & Solar System,Medium,Which of the following is the largest planet in our solar system?,Mercury,Venus,Jupiter,Saturn,C,Jupiter,Jupiter is the largest planet in the solar system.,"Jupiter is the largest planet in the solar system, with a diameter of about 143,000 kilometers, and has a significant mass and volume.",2026-09-14 11:27:21
GK_EN_0486,English,General Knowledge,World Geography & Solar System,Medium,Which of the following is a dwarf planet in our solar system?,Pluto,Mars,Jupiter,Saturn,A,Pluto,Pluto was reclassified as a dwarf planet in 2006.,"Pluto was reclassified as a dwarf planet in 2006 by the International Astronomical Union, following the discovery of other similar objects in the Kuiper Belt.",2026-09-14 11:27:21
GK_EN_0487,English,General Knowledge,World Geography & Solar System,Medium,Which of the following is the largest moon in the solar system?,Moon,Europa,Titan,Ganymede,D,Ganymede,Ganymede is the largest moon in the solar system.,"Ganymede, a moon of Jupiter, is larger than the planet Mercury, making it the largest moon in the solar system and one of the few known bodies with its own magnetic field.",2026-09-14 11:27:21
GK_EN_0488,English,General Knowledge,"Indian Polity, Constitution & Governance",Hard,Which of the following constitutional amendments introduced the Directive Principles of State Policy into the Constitution of India?,44th Amendment,42nd Amendment,43rd Amendment,45th Amendment,B,42nd Amendment,"The 42nd Amendment added the Directive Principles of State Policy in the Constitution, making them an integral part of the Fundamental Rights.","The 42nd Amendment, passed in 1976, introduced the Directive Principles of State Policy, which are intended to guide the government in its policies and actions, though they are not enforceable in the courts.",2026-09-14 11:27:45
GK_EN_0489,English,General Knowledge,"Indian Polity, Constitution & Governance",Hard,Which article of the Indian Constitution provides for the establishment of a National Human Rights Commission?,213,215,217,219,B,215,Article 215 of the Constitution establishes the National Human Rights Commission to protect and promote human rights.,Article 215 mandates the establishment of a National Human Rights Commission with the aim of ensuring the protection of human rights and redressal of grievances of the people.,2026-09-14 11:27:45
GK_EN_0490,English,General Knowledge,"Indian Polity, Constitution & Governance",Hard,Which of the following is a feature of the Indian Constitution that ensures the basic structure of the Constitution cannot be altered by any law?,Judicial Review,Basic Structure Doctrine,Emergency Provisions,Fundamental Rights,B,Basic Structure Doctrine,The Basic Structure Doctrine refers to the concept that the Constitution has certain basic features that cannot be changed or destroyed by any legislation or amendment.,"The Basic Structure Doctrine, recognized by the judiciary, safeguards the fundamental aspects of the Constitution such as its democratic character, federal structure, rule of law, and parliamentary system.",2026-09-14 11:27:45
GK_EN_0491,English,General Knowledge,"Indian Polity, Constitution & Governance",Hard,Which of the following is a Concurrent List item under the Seventh Schedule of the Indian Constitution?,Banking,Marriage,Defence,Foreign Affairs,A,Banking,"Banking is an item listed in the Concurrent List, which means both the Union and the States have the power to legislate on this subject.","The Concurrent List includes subjects like banking, which can be regulated by both the Union and State governments, allowing for a cooperative federal approach.",2026-09-14 11:27:45
GK_EN_0492,English,General Knowledge,"Indian Polity, Constitution & Governance",Hard,Which article of the Indian Constitution provides for the reservation of seats in the Lok Sabha for candidates belonging to Scheduled Castes and Scheduled Tribes?,334,330,332,331,D,331,Article 331 of the Constitution guarantees reservations in the Lok Sabha for candidates from Scheduled Castes and Scheduled Tribes.,"Article 331 mandates the reservation of seats for SC/ST candidates in the Lok Sabha, ensuring representation and empowerment of these marginalized communities.",2026-09-14 11:27:45
GK_EN_0493,English,General Knowledge,"Indian Polity, Constitution & Governance",Hard,"Which of the following is the highest court in the State of Jammu and Kashmir, and equivalent to the High Court in other states?",Jammu and Kashmir High Court,Jammu and Kashmir Supreme Court,Jammu and Kashmir Judicial Commission,Jammu and Kashmir Judicial Board,A,Jammu and Kashmir High Court,"The Jammu and Kashmir High Court is the highest judicial body in the state, functioning as the equivalent of the High Courts in other states of India.","Unlike other states, Jammu and Kashmir has a High Court, which serves as the apex judicial body, providing justice and legal oversight at the state level.",2026-09-14 11:27:45
GK_EN_0494,English,General Knowledge,"Indian Polity, Constitution & Governance",Hard,Which of the following is NOT a power of the State Legislature under the Indian Constitution?,Passing money bills,Amending the Constitution,Passing laws on State subjects,Regulating the procedure of its House,B,Amending the Constitution,"State Legislatures do not have the power to amend the Constitution, which is a federal power.","While State Legislatures can pass laws on State subjects and regulate their own legislative procedures, amending the Constitution is a federal power reserved for the Parliament.",2026-09-14 11:27:45
GK_EN_0495,English,General Knowledge,"Indian Polity, Constitution & Governance",Hard,"Which of the following is the correct order of precedence of the President, the Prime Minister, and the Chief Justice of India in the Indian Constitution?","Prime Minister, Chief Justice of India, President","Prime Minister, President, Chief Justice of India","Chief Justice of India, Prime Minister, President","President, Prime Minister, Chief Justice of India",C,"Chief Justice of India, Prime Minister, President","The Chief Justice of India has the highest precedence, followed by the Prime Minister, and then the President.","The Constitution specifies the order of precedence, with the Chief Justice of India leading, followed by the Prime Minister, and then the President, reflecting their respective roles and functions.",2026-09-14 11:27:45
GK_EN_0496,English,General Knowledge,"Indian Polity, Constitution & Governance",Hard,Which of the following is NOT a component of the Union List in the Seventh Schedule of the Indian Constitution?,Defence,Foreign Affairs,Railways,Electricity,D,Electricity,"Electricity is not an exclusive Union List item, as it is shared with the State List.","The Union List includes subjects like defence and foreign affairs, which are exclusively under the domain of the Union Government. Electricity, however, is a shared subject, found in both the Union and State Lists.",2026-09-14 11:27:45
GK_EN_0497,English,General Knowledge,"Indian Polity, Constitution & Governance",Hard,Which of the following is NOT a characteristic of the Lok Sabha as per the Indian Constitution?,Elected by the people of India,Has a fixed term of 5 years,Cannot be dissolved by the President,Can be dissolved by the President,C,Cannot be dissolved by the President,"The Lok Sabha can be dissolved by the President, although it is a rare and exceptional circumstance.","While the Lok Sabha is elected by the people and has a fixed term of 5 years, it can be dissolved by the President in certain extraordinary situations, such as a no-confidence motion or if the government loses its majority.",2026-09-14 11:27:45
GK_EN_0498,English,General Knowledge,"Indian Economy, Banking & Five Year Plans",Easy,Which of the following is a primary objective of the Reserve Bank of India (RBI)?,Regulating the stock market,Controlling inflation and monetary stability,Issuing news bulletins,Managing the country’s foreign policy,B,Controlling inflation and monetary stability,Controlling inflation and maintaining monetary stability are key objectives of the Reserve Bank of India.,"The Reserve Bank of India is the central bank of India and its main objective is to control inflation and maintain monetary stability, which are crucial for the overall economic health of the country.",2026-09-14 11:28:12
GK_EN_0499,English,General Knowledge,"Indian Economy, Banking & Five Year Plans",Easy,Which of the following is a characteristic of the Union List in the Indian Constitution?,It includes subjects of local importance only,It is shared between the Union and State governments,It includes subjects of national importance only,It is only for the State Governments,C,It includes subjects of national importance only,The Union List includes subjects of national importance that are the responsibility of the Union Government.,"The Union List, as per the Indian Constitution, includes subjects that are of national importance and are exclusively managed by the Union Government, ensuring uniformity and central control over these matters.",2026-09-14 11:28:12
GK_EN_0500,English,General Knowledge,"Indian Economy, Banking & Five Year Plans",Easy,Which of the following Five Year Plans in India focused on the Green Revolution to boost agricultural productivity?,First Five Year Plan (1951-1956),Third Five Year Plan (1966-1970),Fourth Five Year Plan (1970-1974),Second Five Year Plan (1956-1961),B,Third Five Year Plan (1966-1970),The Third Five Year Plan emphasized the Green Revolution to increase agricultural production.,"The Third Five Year Plan, initiated in 1966, focused on the Green Revolution, which aimed to boost agricultural productivity through the use of high-yielding varieties of seeds, fertilizers, and irrigation, leading to significant improvements in food grain production.",2026-09-14 11:28:12
GK_EN_0501,English,General Knowledge,"Indian Economy, Banking & Five Year Plans",Easy,Which of the following is a characteristic of the Public Sector Undertakings (PSUs) in India?,They are fully owned by private entities,They are owned and controlled by the government,They are established by the Reserve Bank of India,They are only involved in the service sector,B,They are owned and controlled by the government,PSUs are enterprises that are owned and controlled by the government to serve public interest.,"Public Sector Undertakings (PSUs) in India are enterprises that are owned and controlled by the government, established to cater to the needs of the public and to play a significant role in the economy by providing essential goods and services.",2026-09-14 11:28:12
GK_EN_0502,English,General Knowledge,"Indian Economy, Banking & Five Year Plans",Easy,Which of the following is a feature of the National Financial Service (NFS) in India?,It is a private banking institution,It provides financial services to the rural and unbanked population,It is a branch of the Reserve Bank of India,It is a government welfare scheme,B,It provides financial services to the rural and unbanked population,The National Financial Service (NFS) aims to provide financial services to the rural and unbanked population of India.,"The National Financial Service (NFS) is a scheme designed to promote financial inclusion by extending banking services to the rural and underbanked sections of the population, thereby improving access to formal financial services.",2026-09-14 11:28:12
GK_EN_0503,English,General Knowledge,"Indian Economy, Banking & Five Year Plans",Easy,Which of the following Five Year Plans in India marked the beginning of the Special Economic Zones (SEZs) in India?,Sixth Five Year Plan (1980-1985),Seventh Five Year Plan (1985-1990),Eighth Five Year Plan (1992-1997),Tenth Five Year Plan (2002-2007),B,Seventh Five Year Plan (1985-1990),The Seventh Five Year Plan initiated the concept of Special Economic Zones in India.,"The Seventh Five Year Plan, initiated in 1985, introduced the concept of Special Economic Zones (SEZs) to promote foreign direct investment and export-oriented industries, thereby contributing to economic growth and industrial development.",2026-09-14 11:28:12
GK_EN_0504,English,General Knowledge,"Indian Economy, Banking & Five Year Plans",Easy,Which of the following is a characteristic of the National Bank for Agriculture and Rural Development (NABARD) in India?,It is a private bank,It provides financial services to urban areas,It is a development bank for rural and agricultural sectors,It is responsible for regulating banks,C,It is a development bank for rural and agricultural sectors,NABARD is a specialized bank that supports rural and agricultural development through financial services.,"The National Bank for Agriculture and Rural Development (NABARD) is a specialized development bank that focuses on providing financial services to the rural and agricultural sectors, playing a crucial role in India’s rural economy.",2026-09-14 11:28:12
GK_EN_0505,English,General Knowledge,"Indian Economy, Banking & Five Year Plans",Easy,Which of the following is a characteristic of the Public Distribution System (PDS) in India?,It is a scheme to provide free education,It is a welfare scheme to provide essential commodities at subsidized prices,It is a nationalized health insurance program,It is a program to provide free electricity,B,It is a welfare scheme to provide essential commodities at subsidized prices,The Public Distribution System (PDS) is a welfare scheme that provides essential commodities at subsidized prices to the poor and underprivileged sections of society.,"The Public Distribution System (PDS) is a welfare scheme that aims to ensure the availability of essential commodities at subsidized prices to the economically weaker sections of society, contributing to food security and poverty alleviation.",2026-09-14 11:28:12
GK_EN_0506,English,General Knowledge,"Indian Economy, Banking & Five Year Plans",Easy,Which of the following is a characteristic of the National Investment and Infrastructure Fund (NIIF) in India?,It is a fund for providing loans to individuals,It is a fund for promoting infrastructure development,It is a fund for promoting export of Indian goods,It is a fund for subsidizing agriculture,B,It is a fund for promoting infrastructure development,The National Investment and Infrastructure Fund (NIIF) is a fund aimed at promoting infrastructure development in India.,"The National Investment and Infrastructure Fund (NIIF) was established to provide strategic investments in infrastructure projects, thereby promoting the growth and development of infrastructure sectors in India.",2026-09-14 11:28:12
GK_EN_0507,English,General Knowledge,"Indian Economy, Banking & Five Year Plans",Easy,Which of the following is a characteristic of the Mahatma Gandhi National Rural Employment Guarantee Act (MGNREGA) in India?,It is a scheme to provide free healthcare,It is a scheme to provide employment guarantee to rural households,It is a scheme to provide free education to children,It is a scheme to provide free water supply,B,It is a scheme to provide employment guarantee to rural households,MGNREGA is a scheme that guarantees 100 days of guaranteed wage employment in a financial year to adult members of any rural household.,"The Mahatma Gandhi National Rural Employment Guarantee Act (MGNREGA) is a scheme that ensures 100 days of guaranteed wage employment in a financial year to adult members of any rural household, providing them with a basic income and employment security.",2026-09-14 11:28:12
GK_EN_0508,English,General Knowledge,"Art, Culture, Dance & Heritage",Medium,Which of the following is an example of a traditional Indian dance form known for its intricate footwork and spins?,Kathak,Bharatanatyam,Kuchipudi,Odissi,A,Kathak,"Kathak is recognized for its fast footwork and spins, making it distinct among Indian classical dance forms.","Kathak is one of the eight major Indian classical dance traditions and is characterized by its storytelling through dance, intricate foot movements, and spins. It has a strong connection to North Indian culture and is often performed with fast-paced footwork and dramatic expressions.",2026-09-14 11:28:37
GK_EN_0509,English,General Knowledge,"Art, Culture, Dance & Heritage",Medium,Which of the following is a traditional Indian art form that involves painting on cloth with natural dyes?,Pattachitra,Mysore Painting,Madhubani Painting,Pichwai Painting,C,Madhubani Painting,"Madhubani Painting is a folk art known for its intricate details and the use of natural dyes, often depicting themes from Hindu mythology.","Madhubani Painting, originating from the Mithila region of India, is renowned for its use of natural dyes and intricate line drawings. The art form typically features themes from Hindu mythology and often depicts scenes of daily life, nature, and folk tales.",2026-09-14 11:28:37
GK_EN_0510,English,General Knowledge,"Art, Culture, Dance & Heritage",Medium,"Which of the following is a dance drama form from Kerala, India, that combines dance, song, and recitation?",Bharatanatyam,Koodiyattam,Mohiniyattam,Kathakali,D,Kathakali,"Kathakali is a highly stylized dance-drama form known for its elaborate makeup and costumes, which symbolize characters and emotions.","Kathakali is a traditional dance-drama form of Kerala, India, characterized by its elaborate makeup, colorful costumes, and expressive hand gestures. It often depicts stories from Hindu epics and is known for its intricate storytelling and dramatic performances.",2026-09-14 11:28:37
GK_EN_0511,English,General Knowledge,"Art, Culture, Dance & Heritage",Medium,"Which of the following is a traditional Indian dance form that is performed in a circular formation, often accompanied by a musical instrument called the dhol?",Dandiya Raas,Garba,Chhau,Thang-ta,B,Garba,"Garba is a folk dance performed during the nine nights of Navratri, symbolizing devotion to the goddess Durga.","Garba is a traditional folk dance performed in circular formations, particularly during the Navratri festival. It involves rhythmic clapping and dancing to the beats of the dhol and other traditional musical instruments, symbolizing devotion and celebration.",2026-09-14 11:28:37
GK_EN_0512,English,General Knowledge,"Art, Culture, Dance & Heritage",Medium,Which of the following is a traditional Indian dance form that is performed on a raised platform with the dancers wearing heavy headgear and masks?,Manipuri,Kathak,Kuchipudi,Kathakali,D,Kathakali,"Kathakali is known for its large headgear and masks, which represent various characters and emotions in the dance-drama.","Kathakali is a traditional dance-drama form from Kerala, India, known for its elaborate makeup, heavy headgear, and masks. These elements help to represent characters and their emotions in the performances, making it a visually striking and unique form of dance.",2026-09-14 11:28:37
GK_EN_0513,English,General Knowledge,"Art, Culture, Dance & Heritage",Medium,Which of the following is a traditional Indian dance form that focuses on the expression of emotions through facial expressions and hand gestures?,Odissi,Kathak,Bharatanatyam,Mohiniyattam,C,Bharatanatyam,"Bharatanatyam is recognized for its emphasis on abhinaya, or the expression of emotions through facial expressions and hand gestures.","Bharatanatyam is a classical Indian dance form known for its emphasis on abhinaya, which involves the use of facial expressions, hand gestures, and body movements to convey emotions and tell stories. It is one of the oldest and most revered forms of Indian classical dance.",2026-09-14 11:28:37
GK_EN_0514,English,General Knowledge,"Art, Culture, Dance & Heritage",Medium,"Which of the following is a traditional Indian dance form that is performed by women, often in a temple or during religious festivals?",Odissi,Kathak,Manipuri,Kuchipudi,A,Odissi,"Odissi is a classical dance form performed primarily by women, often in temples or during religious festivals, and known for its graceful and intricate movements.","Odissi is a classical Indian dance form that is predominantly performed by women. It is known for its grace, fluidity, and intricate movements, and is often associated with temple dances and religious festivals in eastern India.",2026-09-14 11:28:37
GK_EN_0515,English,General Knowledge,"Art, Culture, Dance & Heritage",Medium,"Which of the following is a traditional Indian dance form that is known for its swift, circular movements and fast footwork, often performed in pairs?",Bharatanatyam,Kuchipudi,Kathak,Manipuri,C,Kathak,"Kathak is known for its swift and circular movements, often performed in pairs, and is characterized by its fast footwork and spins.","Kathak is a classical Indian dance form characterized by its swift, circular movements, fast footwork, and spins. It is known for its dynamic nature and is often performed in pairs, showcasing the dancers' technical skills and expressive abilities.",2026-09-14 11:28:37
GK_EN_0516,English,General Knowledge,"Art, Culture, Dance & Heritage",Medium,"Which of the following is a traditional Indian dance form that is performed in temples and is known for its fluid and gentle movements, often accompanied by singing and music from a single instrument called the ektara?",Bharatanatyam,Kuchipudi,Odissi,Sattriya,D,Sattriya,"Sattriya is a classical Indian dance form from Assam, known for its fluid and gentle movements and its musical accompaniment with the ektara.","Sattriya is a classical dance form from the state of Assam, India, known for its gentle and fluid movements. It is often performed in temples and is accompanied by traditional musical instruments, with the ektara being a prominent feature of the music.",2026-09-14 11:28:37
GK_EN_0517,English,General Knowledge,"Art, Culture, Dance & Heritage",Medium,Which of the following is a traditional Indian dance form that is characterized by its complex footwork and is often performed on festive occasions?,Kuchipudi,Bharatanatyam,Kathak,Odissi,C,Kathak,"Kathak is known for its complex footwork and is often performed during festive occasions, showcasing the dancer's technical skills.","Kathak is a classical Indian dance form characterized by its complex footwork, vibrant energy, and performance during festive occasions. It is known for its storytelling through dance and the intricate footwork that is a hallmark of this dance form.",2026-09-14 11:28:37
GK_EN_0518,English,General Knowledge,"Important Inventions, Discoveries & Science Pioneers",Hard,"Who is credited with the development of the theory of relativity, which revolutionized the understanding of space, time, and gravity?",Isaac Newton,Albert Einstein,Niels Bohr,Max Planck,B,Albert Einstein,"Albert Einstein developed the theory of relativity, fundamentally altering our understanding of physics.","Albert Einstein is renowned for his contributions to physics, particularly his theories of special and general relativity. His work has had profound implications for our understanding of the universe, including phenomena such as time dilation and the equivalence of mass and energy (E=mc²).",2026-09-14 11:29:00
GK_EN_0519,English,General Knowledge,"Important Inventions, Discoveries & Science Pioneers",Hard,"Which scientist formulated the laws of motion and universal gravitation, and is often referred to as the 'father of modern physics'?",Galileo Galilei,Isaac Newton,Nikola Tesla,Edison,B,Isaac Newton,Isaac Newton's laws of motion and universal gravitation laid the foundation for classical mechanics.,"Isaac Newton's formulation of the three laws of motion and the law of universal gravitation provided the framework for classical mechanics, influencing the scientific community for centuries. His work in optics and mathematics also contributed significantly to the field of physics.",2026-09-14 11:29:00
GK_EN_0520,English,General Knowledge,"Important Inventions, Discoveries & Science Pioneers",Hard,"Who is the discoverer of the structure of DNA, a discovery that led to a deeper understanding of genetics and molecular biology?",James Watson and Francis Crick,Louis Pasteur,Alexander Fleming,Robert Koch,A,James Watson and Francis Crick,The discovery of the double helix structure of DNA by James Watson and Francis Crick revolutionized genetic research.,"James Watson and Francis Crick's 1953 paper describing the double helix structure of DNA provided a foundational understanding of genetic information storage and transmission, leading to numerous advancements in biotechnology and medicine.",2026-09-14 11:29:00
GK_EN_0521,English,General Knowledge,"Important Inventions, Discoveries & Science Pioneers",Hard,"Which invention, credited to Thomas Edison, was a major milestone in the development of electrical lighting and had a profound impact on urban life in the late 19th and early 20th centuries?",Electric car,Electric fan,Incandescent light bulb,Electric oven,C,Incandescent light bulb,Thomas Edison's incandescent light bulb introduced a reliable and practical form of artificial lighting.,"Thomas Edison's incandescent light bulb, patented in 1880, provided a practical and reliable source of artificial light, significantly impacting daily life and enabling more productive use of nighttime hours.",2026-09-14 11:29:00
GK_EN_0522,English,General Knowledge,"Important Inventions, Discoveries & Science Pioneers",Hard,"Which pioneering computer scientist is known for inventing the first practical general-purpose electronic computer, the ENIAC, and is often referred to as one of the 'fathers of computer science'?",Ada Lovelace,Alan Turing,John von Neumann,Grace Hopper,C,John von Neumann,John von Neumann played a crucial role in the development of early computers and their architecture.,"John von Neumann was instrumental in the design and development of the ENIAC, the first fully electronic general-purpose computer. He also contributed to the development of the stored-program computer architecture, which remains the basis for most modern computers.",2026-09-14 11:29:00
GK_EN_0523,English,General Knowledge,"Important Inventions, Discoveries & Science Pioneers",Hard,"Which scientist, known for his contributions to the theory of evolution by natural selection, published the seminal work 'On the Origin of Species' in 1859?",Charles Darwin,Gregor Mendel,Louis Pasteur,James Clerk Maxwell,A,Charles Darwin,Charles Darwin's theory of evolution by natural selection fundamentally changed the understanding of life's diversity and development.,"Charles Darwin's 'On the Origin of Species' introduced the concept of natural selection, providing a scientific explanation for the diversity of life on Earth. His theory has had a profound impact on biology and continues to be a cornerstone of modern evolutionary theory.",2026-09-14 11:29:00
GK_EN_0524,English,General Knowledge,"Important Inventions, Discoveries & Science Pioneers",Hard,"Which ancient Greek philosopher is credited with the discovery of the heliocentric model of the solar system, which posits that the Earth and other planets revolve around the Sun?",Aristotle,Ptolemy,Copernicus,Galileo,C,Copernicus,"Nicolaus Copernicus proposed the heliocentric model, challenging the prevailing geocentric view of the universe.","Nicolaus Copernicus introduced the heliocentric model in his work 'De revolutionibus orbium coelestium,' published in 1543. This model, which places the Sun at the center of the solar system, challenged the geocentric views of the time and laid the groundwork for modern astronomy.",2026-09-14 11:29:00
GK_EN_0525,English,General Knowledge,"Important Inventions, Discoveries & Science Pioneers",Hard,"Which scientist is known for formulating the laws of thermodynamics, which describe the relationships between heat, work, and energy?",Maxwell,Planck,Joule,Lavoisier,C,Joule,James Joule's work on thermodynamics provided fundamental laws that describe the conservation and transformation of energy.,"James Joule's experiments and theories on heat and energy led to the formulation of the first and second laws of thermodynamics. His work established the relationship between heat and mechanical energy, contributing significantly to the understanding of energy conservation and transformation.",2026-09-14 11:29:00
GK_EN_0526,English,General Knowledge,"Important Inventions, Discoveries & Science Pioneers",Hard,"Which Italian inventor and engineer developed the first practical steam-powered locomotive, leading to the dawn of the railway age?",James Watt,Richard Trevithick,George Stephenson,Isambard Kingdom Brunel,B,Richard Trevithick,"Richard Trevithick's steam locomotive was the first to be used in a public passenger service, marking a significant technological advancement.","Richard Trevithick's 1804 design of the first practical steam locomotive, the 'Puffing Devil,' was the first to operate in a public passenger service, demonstrating the potential of steam power in transportation and marking the beginning of the railway age.",2026-09-14 11:29:00
GK_EN_0527,English,General Knowledge,"International Organizations (UN, WHO, WTO, IMF)",Easy,"Which international organization focuses on global health and works to promote health, prevent diseases, and provide medical care around the world?",A) United Nations (UN),B) World Trade Organization (WTO),C) International Monetary Fund (IMF),D) World Health Organization (WHO),D,D) World Health Organization (WHO),The WHO is dedicated to international public health and disease prevention.,The World Health Organization (WHO) is responsible for setting global health standards and guidelines and coordinating international responses to public health emergencies.,2026-09-14 11:29:24
GK_EN_0528,English,General Knowledge,"International Organizations (UN, WHO, WTO, IMF)",Easy,Which of the following organizations is primarily responsible for maintaining international peace and security?,A) United Nations (UN),B) World Trade Organization (WTO),C) International Monetary Fund (IMF),D) World Health Organization (WHO),A,A) United Nations (UN),"The UN includes the Security Council, which is responsible for maintaining international peace and security.","The United Nations (UN) is a global organization founded to promote international peace, security, and cooperation. It includes the Security Council, which is specifically tasked with maintaining international peace and security.",2026-09-14 11:29:24
GK_EN_0529,English,General Knowledge,"International Organizations (UN, WHO, WTO, IMF)",Easy,Which organization provides financial assistance and advice to developing countries to help them achieve sustainable economic growth?,A) United Nations (UN),B) World Trade Organization (WTO),C) International Monetary Fund (IMF),D) World Health Organization (WHO),C,C) International Monetary Fund (IMF),The IMF offers loans and financial support to countries to stabilize their economies.,The International Monetary Fund (IMF) provides financial assistance and policy advice to help countries with economic problems and promote global economic stability.,2026-09-14 11:29:24
GK_EN_0530,English,General Knowledge,"International Organizations (UN, WHO, WTO, IMF)",Easy,"Which organization is responsible for regulating international trade and ensuring that trade flows as smoothly, predictably, and freely as possible?",A) United Nations (UN),B) World Trade Organization (WTO),C) International Monetary Fund (IMF),D) World Health Organization (WHO),B,B) World Trade Organization (WTO),The WTO sets rules for global trade and resolves disputes between member countries.,The World Trade Organization (WTO) is responsible for regulating international trade and resolving disputes between countries to ensure fair and free trade.,2026-09-14 11:29:24
GK_EN_0531,English,General Knowledge,"International Organizations (UN, WHO, WTO, IMF)",Easy,Which of the following is the main goal of the United Nations Development Programme (UNDP)?,A) Promoting free trade and fair trade practices,B) Providing financial assistance to developing countries,C) Ensuring peace and security through military interventions,D) Promoting sustainable human development,D,D) Promoting sustainable human development,The UNDP focuses on helping people build better lives and promote sustainable development.,The United Nations Development Programme (UNDP) aims to reduce poverty and improve living standards through sustainable development projects and initiatives.,2026-09-14 11:29:24
GK_EN_0532,English,General Knowledge,"International Organizations (UN, WHO, WTO, IMF)",Easy,"Which organization is known for providing humanitarian aid and assistance in the event of natural disasters, conflicts, and other emergencies?",A) United Nations (UN),B) World Trade Organization (WTO),C) International Monetary Fund (IMF),D) United Nations Office for the Coordination of Humanitarian Affairs (OCHA),D,D) United Nations Office for the Coordination of Humanitarian Affairs (OCHA),OCHA coordinates international humanitarian aid and supports the work of humanitarian organizations.,The United Nations Office for the Coordination of Humanitarian Affairs (OCHA) coordinates humanitarian response and provides assistance in the event of disasters and emergencies.,2026-09-14 11:29:24
GK_EN_0533,English,General Knowledge,"International Organizations (UN, WHO, WTO, IMF)",Easy,"Which of the following is a key function of the United Nations Educational, Scientific and Cultural Organization (UNESCO)?",A) Providing economic loans to developing countries,B) Regulating international trade and trade disputes,C) Promoting cultural and educational cooperation,D) Promoting peace and security through military operations,C,C) Promoting cultural and educational cooperation,"UNESCO focuses on education, science, culture, and communication to promote international understanding.","The United Nations Educational, Scientific and Cultural Organization (UNESCO) works to promote global cooperation in education, science, culture, and communication to foster peace and sustainable development.",2026-09-14 11:29:24
GK_EN_0534,English,General Knowledge,"International Organizations (UN, WHO, WTO, IMF)",Easy,Which organization is primarily focused on preventing and resolving international economic disputes?,A) United Nations (UN),B) World Trade Organization (WTO),C) International Monetary Fund (IMF),D) World Health Organization (WHO),B,B) World Trade Organization (WTO),The WTO handles disputes between member countries related to trade regulations and practices.,The World Trade Organization (WTO) is responsible for resolving disputes between countries regarding trade regulations and practices to ensure fair and free trade.,2026-09-14 11:29:24
GK_EN_0535,English,General Knowledge,"International Organizations (UN, WHO, WTO, IMF)",Easy,Which of the following organizations is responsible for providing emergency financial assistance to countries experiencing balance of payments problems?,A) United Nations (UN),B) World Trade Organization (WTO),C) International Monetary Fund (IMF),D) World Health Organization (WHO),C,C) International Monetary Fund (IMF),The IMF offers financial support to countries facing economic difficulties to stabilize their currencies.,The International Monetary Fund (IMF) provides emergency financial assistance to countries experiencing balance of payments problems to help stabilize their economies.,2026-09-14 11:29:24
GK_EN_0536,English,General Knowledge,"International Organizations (UN, WHO, WTO, IMF)",Easy,"Which organization aims to promote sustainable development, eradicate poverty, and ensure social justice and equality worldwide?",A) United Nations (UN),B) World Trade Organization (WTO),C) International Monetary Fund (IMF),D) United Nations Development Programme (UNDP),D,D) United Nations Development Programme (UNDP),The UNDP focuses on reducing poverty and promoting sustainable development through various programs and projects.,The United Nations Development Programme (UNDP) works to reduce poverty and promote sustainable development by implementing projects and initiatives that address social and economic challenges.,2026-09-14 11:29:24
GK_EN_0537,English,General Knowledge,"Famous Personalities, Leaders & Thinkers",Medium,"Which famous American inventor and businessman is credited with developing the phonograph, the motion picture camera, and the long-lasting electric light bulb?",Thomas Edison,Alexander Graham Bell,George Westinghouse,Nikola Tesla,A,Thomas Edison,Thomas Edison is known for his numerous inventions that have significantly impacted modern technology and daily life.,"Thomas Edison is famous for inventing the phonograph, which recorded and played back sound, and the incandescent light bulb, which provided a practical and long-lasting source of light.",2026-09-14 11:29:49
GK_EN_0538,English,General Knowledge,"Famous Personalities, Leaders & Thinkers",Medium,"Who was the first African American to win a Nobel Prize, specifically for her work in social and economic issues?",Wangari Maathai,Toni Morrison,Rosa Parks,Maya Angelou,A,Wangari Maathai,"Wangari Maathai was recognized for her contribution to sustainable development, democracy, and peace.","Wangari Maathai received the Nobel Peace Prize in 2004 for her contribution to sustainable development, democracy, and peace, specifically for her work in environmental conservation and women's rights.",2026-09-14 11:29:49
GK_EN_0539,English,General Knowledge,"Famous Personalities, Leaders & Thinkers",Medium,Which of the following is the founder of the Dalai Lama's government-in-exile and is also known for his work in promoting human rights and peace?,Tenzin Gyatso,Dalai Lama,Tenzin Palley,Karmapa Lama,C,Tenzin Palley,Tenzin Palley is the founder of the Central Tibetan Administration and is known for his work in promoting human rights and peace.,"Tenzin Palley, also known as Lobsang Tenzin Gyatso, is the founder of the Central Tibetan Administration and is actively involved in promoting human rights and peace for the Tibetan people.",2026-09-14 11:29:49
GK_EN_0540,English,General Knowledge,"Famous Personalities, Leaders & Thinkers",Medium,"Which famous American author and social critic wrote 'The Great Gatsby', a novel that explores themes of decadence, idealism, resistance to change, and the American Dream during the Roaring Twenties?",Ernest Hemingway,Herman Melville,F. Scott Fitzgerald,Mark Twain,C,F. Scott Fitzgerald,F. Scott Fitzgerald is renowned for his exploration of the American Dream and the societal changes of the 1920s in his literary works.,"F. Scott Fitzgerald is best known for his novel 'The Great Gatsby', which vividly captures the excesses and disillusionment of the 1920s through its portrayal of the American Dream and the societal changes of that era.",2026-09-14 11:29:49
GK_EN_0541,English,General Knowledge,"Famous Personalities, Leaders & Thinkers",Medium,Which influential American civil rights leader and co-founder of the Southern Christian Leadership Conference (SCLC) was known for his famous 'I Have a Dream' speech?,Malcolm X,Martin Luther King Jr.,Rosa Parks,Thurgood Marshall,B,Martin Luther King Jr.,"Martin Luther King Jr. is recognized for his nonviolent approach to civil rights and his powerful speeches, including the 'I Have a Dream' speech.",Martin Luther King Jr. was a key leader in the American civil rights movement and is famous for his advocacy of nonviolent protest and his iconic 'I Have a Dream' speech delivered during the March on Washington in 1963.,2026-09-14 11:29:49
GK_EN_0542,English,General Knowledge,"Famous Personalities, Leaders & Thinkers",Medium,"Which famous French political philosopher and social critic wrote 'The Social Contract', a work that influenced modern political theory and the development of democracy?",Voltaire,Jean-Jacques Rousseau,Montesquieu,Rene Descartes,B,Jean-Jacques Rousseau,"Jean-Jacques Rousseau is known for his contributions to political philosophy, particularly his ideas on the social contract and the general will.","Jean-Jacques Rousseau wrote 'The Social Contract', which explores the nature of political obligation and the establishment of a just government through the concept of the general will.",2026-09-14 11:29:49
GK_EN_0543,English,General Knowledge,"Famous Personalities, Leaders & Thinkers",Medium,Who was the first female Prime Minister of India and is known for leading the country through a period of significant economic growth and development in the 1980s and 1990s?,Indira Gandhi,Sonia Gandhi,V. P. Singh,V. P. Patel,A,Indira Gandhi,Indira Gandhi was a strong political leader who played a crucial role in shaping India's economic policies and growth during her tenure as Prime Minister.,Indira Gandhi served as the Prime Minister of India from 1966 to 1977 and again from 1980 until her assassination in 1984. Her tenure was marked by significant economic reforms and growth.,2026-09-14 11:29:49
GK_EN_0544,English,General Knowledge,"Famous Personalities, Leaders & Thinkers",Medium,"Which famous British physicist, known for his theory of general relativity and his contributions to the understanding of gravity, also won the Nobel Prize in Physics in 1921?",Stephen Hawking,Isaac Newton,Albert Einstein,Max Planck,C,Albert Einstein,"Albert Einstein is renowned for his groundbreaking work in physics, particularly his theory of general relativity and his explanation of the photoelectric effect.","Albert Einstein is best known for his theory of general relativity and his explanation of the photoelectric effect, for which he was awarded the Nobel Prize in Physics in 1921.",2026-09-14 11:29:49
GK_EN_0545,English,General Knowledge,"Famous Personalities, Leaders & Thinkers",Medium,"Which famous American political theorist and philosopher, known for his work 'On Liberty', argued for the importance of individual freedom and the protection of minorities against the tyranny of the majority?",John Stuart Mill,John Locke,John Rawls,Thomas Jefferson,A,John Stuart Mill,John Stuart Mill is recognized for his advocacy of individual liberty and his influential work on political philosophy.,"John Stuart Mill is famous for his work 'On Liberty', where he defends the importance of individual freedom and argues against the tyranny of the majority, highlighting the value of individual rights and freedoms.",2026-09-14 11:29:49
GK_EN_0546,English,General Knowledge,"Famous Personalities, Leaders & Thinkers",Medium,"Which famous American author and playwright, known for her works 'The Glass Menagerie' and 'A Streetcar Named Desire', was awarded the Pulitzer Prize for Drama in 1948?",Eugene O'Neill,Tennessee Williams,Arthur Miller,Lorraine Hansberry,B,Tennessee Williams,Tennessee Williams is celebrated for his powerful and often controversial plays that explore complex human emotions and relationships.,"Tennessee Williams is renowned for his plays such as 'The Glass Menagerie' and 'A Streetcar Named Desire', which delve into the lives and struggles of complex characters and are recognized for their emotional depth and social commentary.",2026-09-14 11:29:49
GK_EN_0547,English,General Knowledge,"Books, Authors & Literature",Hard,"Which English poet and critic, known for his work 'The Waste Land' and 'Four Quartets', is also recognized for his complex and challenging style of writing that often incorporates multiple languages and historical references?",T.S. Eliot,William Faulkner,James Joyce,D.H. Lawrence,A,T.S. Eliot,"T.S. Eliot is known for his intricate and sophisticated writing style, often blending multiple languages and historical contexts.","T.S. Eliot, a key figure in 20th-century modernist poetry, is celebrated for his complex and layered works, such as 'The Waste Land', which incorporates diverse linguistic and cultural references, reflecting his deep engagement with various literary and philosophical traditions.",2026-09-14 11:30:17
GK_EN_0548,English,General Knowledge,"Books, Authors & Literature",Hard,"Which influential Spanish author and playwright, known for works such as 'Don Quixote' and 'The Cellist of Sarajevo', is also credited with the creation of the modern novel form?",Cervantes,Hemingway,Proust,Márquez,A,Cervantes,Miguel de Cervantes is credited with pioneering the modern novel form through his work 'Don Quixote'.,"Cervantes is renowned for his seminal work 'Don Quixote', which is often cited as the first modern novel. His innovative narrative techniques and complex characters have had a profound influence on the development of the novel as a literary form.",2026-09-14 11:30:17
GK_EN_0549,English,General Knowledge,"Books, Authors & Literature",Hard,"Which famous Irish writer and playwright, known for his plays 'Waiting for Godot' and 'Endgame', is also recognized for his existentialist themes and absurdist style?",Samuel Beckett,James Joyce,Vladimir Nabokov,Seamus Heaney,A,Samuel Beckett,"Samuel Beckett is known for his absurdist plays and existentialist themes, which challenge traditional notions of human existence and purpose.","Samuel Beckett is celebrated for his innovative and often surreal plays, such as 'Waiting for Godot', which explore themes of despair, alienation, and the absurdity of human existence, making him a pivotal figure in 20th-century literature.",2026-09-14 11:30:17
GK_EN_0550,English,General Knowledge,"Books, Authors & Literature",Hard,"Which renowned American author and poet, known for works such as 'The Scarlet Letter' and 'Walden', is also recognized for his deep philosophical insights and exploration of nature and individualism?",Henry David Thoreau,Ralph Waldo Emerson,Nathaniel Hawthorne,Walt Whitman,C,Nathaniel Hawthorne,"Nathaniel Hawthorne is known for his exploration of moral and psychological themes, often using allegory and symbolism in his writing.","Nathaniel Hawthorne is celebrated for his dark and complex novels, such as 'The Scarlet Letter', which delve into themes of sin, guilt, and redemption, reflecting his deep philosophical and moral concerns.",2026-09-14 11:30:17
GK_EN_0551,English,General Knowledge,"Books, Authors & Literature",Hard,"Which famous American author and essayist, known for works such as 'Moby Dick' and 'The Scarlet Letter', is also recognized for his innovative narrative techniques and exploration of complex moral and philosophical themes?",Walt Whitman,Henry David Thoreau,Nathaniel Hawthorne,Herman Melville,D,Herman Melville,"Herman Melville is known for his complex and innovative narrative style, often exploring deep philosophical and moral questions in his works.","Herman Melville is renowned for his intricate and often symbolic writing, particularly in 'Moby Dick', where he explores themes of obsession, redemption, and the nature of evil, showcasing his profound philosophical insights.",2026-09-14 11:30:17
GK_EN_0552,English,General Knowledge,"Books, Authors & Literature",Hard,"Which famous British author, known for his dystopian novels '1984' and 'Animal Farm', is also recognized for his satirical and critical approach to political and social issues?",George Orwell,Ray Bradbury,Isaac Asimov,J.K. Rowling,A,George Orwell,George Orwell is known for his incisive critiques of totalitarianism and his exploration of the dangers of language and power in society.,"George Orwell is celebrated for his biting social and political commentary, particularly in '1984', which critiques the dangers of totalitarianism and the manipulation of language, highlighting his role as a critical and moral voice in literature.",2026-09-14 11:30:17
GK_EN_0553,English,General Knowledge,"Books, Authors & Literature",Hard,"Which famous American author and novelist, known for his complex and multifaceted works such as 'Invisible Man' and 'Beloved', is also recognized for his exploration of race and identity in 20th-century America?",James Baldwin,Ralph Ellison,Toni Morrison,Zora Neale Hurston,C,Toni Morrison,"Toni Morrison is known for her powerful and nuanced exploration of the African American experience, particularly through the lens of race and identity.","Toni Morrison is renowned for her profound and often harrowing explorations of the African American experience, as seen in works like 'Beloved', which delve into themes of trauma, memory, and the legacy of slavery, cementing her status as one of the most influential American writers of the 20th and 21st centuries.",2026-09-14 11:30:17
GK_EN_0554,English,General Knowledge,"Books, Authors & Literature",Hard,"Which famous Russian author and playwright, known for his works 'Crime and Punishment' and 'The Brothers Karamazov', is also recognized for his psychological depth and moral complexity in his characters?",Fyodor Dostoevsky,Leo Tolstoy,Alexander Pushkin,Anton Chekhov,A,Fyodor Dostoevsky,"Fyodor Dostoevsky is known for his complex and often morally conflicted characters, whose inner lives and psychological struggles form the core of his narratives.","Fyodor Dostoevsky is celebrated for his deeply psychological and morally complex characters, such as Raskolnikov in 'Crime and Punishment', who grapple with profound existential and moral dilemmas, reflecting his exploration of the human condition and the nature of free will.",2026-09-14 11:30:17
GK_EN_0555,English,General Knowledge,"Books, Authors & Literature",Hard,"Which famous English author and poet, known for his works 'Ulysses' and 'Finnegans Wake', is also recognized for his experimental and challenging narrative techniques, often using stream of consciousness and non-linear storytelling?",James Joyce,Virginia Woolf,D.H. Lawrence,T.S. Eliot,A,James Joyce,James Joyce is known for his innovative narrative techniques and his exploration of the inner lives of his characters through the use of stream of consciousness.,"James Joyce is celebrated for his revolutionary narrative techniques, particularly in 'Ulysses', which employs stream of consciousness and non-linear storytelling to provide a complex and multi-layered portrayal of his characters' inner worlds.",2026-09-14 11:30:17
GK_EN_0556,English,General Knowledge,"Books, Authors & Literature",Hard,"Which famous American author and poet, known for his works 'Leaves of Grass' and 'Walden', is also recognized for his exploration of nature, self-reliance, and individualism?",Ralph Waldo Emerson,Henry David Thoreau,Walt Whitman,Nathaniel Hawthorne,C,Walt Whitman,"Walt Whitman is known for his expansive and democratic approach to poetry, often celebrating the self and the natural world in his work.","Walt Whitman is renowned for his innovative and democratic approach to poetry, as seen in 'Leaves of Grass', where he celebrates the self and the natural world through his expansive and free-verse style, embodying the spirit of individualism and self-reliance.",2026-09-14 11:30:17
GK_EN_0557,English,General Knowledge,"National & International Awards (Nobel, Bharat Ratna, Oscar)",Easy,Who is the first Indian to have been awarded the Nobel Prize in Literature?,Rabindranath Tagore,Kamala Markandaya,V. S. Naipaul,Gurcharan Das,A,Rabindranath Tagore,Rabindranath Tagore was the first Indian to receive the Nobel Prize in Literature in 1913.,"Rabindranath Tagore was honored for his 'profound poetic created in the Indian language, a great epic of humanity,' which includes his poetry, plays, and novels.",2026-09-14 11:30:40
GK_EN_0558,English,General Knowledge,"National & International Awards (Nobel, Bharat Ratna, Oscar)",Easy,The Bharat Ratna is the highest civilian award in India. Which of the following is a criterion for its award?,Literary or artistic work of national importance,Service to the Indian Army,Service to the Indian Navy,Service to the Indian Air Force,A,Literary or artistic work of national importance,"The Bharat Ratna can be awarded for 'service of the highest order,' which includes contributions in the field of literature and arts.","The Bharat Ratna is awarded for contributions to the nation in various fields, including literature, science, art, and social work. Literary or artistic work of national importance is one of the recognized criteria.",2026-09-14 11:30:40
GK_EN_0559,English,General Knowledge,"National & International Awards (Nobel, Bharat Ratna, Oscar)",Easy,Which film director is associated with the Academy Award for Best Picture 'The Shape of Water'?,Christopher Nolan,Quentin Tarantino,Guillermo del Toro,Martin Scorsese,C,Guillermo del Toro,"Guillermo del Toro directed 'The Shape of Water,' which won the Academy Award for Best Picture in 2018.","Guillermo del Toro, a Mexican film director, screenwriter, and producer, won the Best Director award and the Best Picture award for his film 'The Shape of Water' at the 90th Academy Awards.",2026-09-14 11:30:40
GK_EN_0560,English,General Knowledge,"National & International Awards (Nobel, Bharat Ratna, Oscar)",Easy,Which American actor won the first Academy Award for Best Actor for his role in 'It Happened One Night'?,James Stewart,Clark Gable,Spencer Tracy,Bing Crosby,B,Clark Gable,Clark Gable won the first Academy Award for Best Actor in 1935 for his role in 'It Happened One Night.',"In 1934, the first Academy Awards ceremony took place, and Clark Gable was the first recipient of the Best Actor award for his performance in the film 'It Happened One Night.'",2026-09-14 11:30:40
GK_EN_0561,English,General Knowledge,"National & International Awards (Nobel, Bharat Ratna, Oscar)",Easy,The Nobel Peace Prize is awarded annually. Who was the first woman to receive this award?,Mother Teresa,Jane Addams,Annie Besant,Rosa Parks,B,Jane Addams,Jane Addams was the first woman to receive the Nobel Peace Prize in 1931.,"Jane Addams, an American social reformer and activist, was awarded the Nobel Peace Prize for her work in social reform and her efforts to promote peace and social justice.",2026-09-14 11:30:40
GK_EN_0562,English,General Knowledge,"National & International Awards (Nobel, Bharat Ratna, Oscar)",Easy,"The Bharat Ratna is awarded to individuals who have made 'outstanding contribution to the advancement of the art and science, literature, and so forth.' Which of the following fields is NOT a criterion for the award?",Science,Art,Religion,Literature,C,Religion,Religion is not a criterion for the Bharat Ratna award.,"The Bharat Ratna is awarded for contributions in fields such as art, science, literature, and public service, but not for religious activities or figures.",2026-09-14 11:30:40
GK_EN_0563,English,General Knowledge,"National & International Awards (Nobel, Bharat Ratna, Oscar)",Easy,Which of the following is not one of the five categories in which the Nobel Prize is awarded?,Physics,Economics,Chemistry,Medicine,B,Economics,Economics is not one of the original five categories for which the Nobel Prize is awarded.,"The Nobel Prize was established in 1895 with prizes in Physics, Chemistry, Physiology or Medicine, Literature, and Peace. The Sveriges Riksbank Prize in Economic Sciences in Memory of Alfred Nobel was added later, in 1968.",2026-09-14 11:30:40
GK_EN_0564,English,General Knowledge,"National & International Awards (Nobel, Bharat Ratna, Oscar)",Easy,The Oscar statuette is officially known as what in the Academy of Motion Picture Arts and Sciences?,The Academy Award,The Oscar,The Golden Bear,The Palme d'Or,B,The Oscar,The Oscar statuette is officially known as 'The Oscar' within the Academy of Motion Picture Arts and Sciences.,"While the statuette is popularly known as the 'Oscar,' the official name used by the Academy of Motion Picture Arts and Sciences is simply 'The Oscar.'",2026-09-14 11:30:40
GK_EN_0565,English,General Knowledge,"National & International Awards (Nobel, Bharat Ratna, Oscar)",Easy,Which of the following is NOT a recipient of the Nobel Prize in Physiology or Medicine?,James Watson,Francis Crick,Antonie van Leeuwenhoek,Rosalind Franklin,C,Antonie van Leeuwenhoek,Antonie van Leeuwenhoek did not receive the Nobel Prize in Physiology or Medicine as the prize was not established during his lifetime.,"Antonie van Leeuwenhoek, a Dutch polymath, is known for his early work in microbiology, but the Nobel Prize in Physiology or Medicine was not established until 1901, after his death in 1723.",2026-09-14 11:30:40
GK_EN_0566,English,General Knowledge,"Sports, Olympic Games & Championships",Medium,"Which Olympic event was first included in the 1904 Summer Olympics in St. Louis, Missouri?",Synchronized swimming,Equestrian events,Triathlon,Modern pentathlon,B,Equestrian events,Equestrian events were among the first non-traditional events to be included in the Olympics.,"The 1904 Olympics featured equestrian events, which were not part of the original Olympic program and were only added for the 1904 edition, showcasing the evolving nature of the Olympic Games.",2026-09-14 11:31:03
GK_EN_0567,English,General Knowledge,"Sports, Olympic Games & Championships",Medium,Which country won the most medals in the 2016 Rio de Janeiro Olympic Games?,United States,China,United Kingdom,Russia,A,United States,The United States consistently ranks high in Olympic medal counts due to its strong athletic programs and large population of potential athletes.,"The U.S. won 121 medals in Rio 2016, including 46 gold medals, making it the top medal-winning nation for the second consecutive Olympic Games.",2026-09-14 11:31:03
GK_EN_0568,English,General Knowledge,"Sports, Olympic Games & Championships",Medium,Which of the following Olympic sports does not have a counterpart in the FIFA World Cup?,Football,Basketball,Tennis,Swimming,C,Tennis,"While football, basketball, and swimming are all part of the FIFA World Cup, tennis does not have a similar global team competition.","The Olympic Games include a team tennis event, known as Team Tennis, but there is no equivalent to the FIFA World Cup in tennis, which focuses on individual or doubles competitions.",2026-09-14 11:31:03
GK_EN_0569,English,General Knowledge,"Sports, Olympic Games & Championships",Medium,Which Olympic Games saw the introduction of the women's marathon event?,1900 Paris,1920 Antwerp,1960 Rome,1984 Los Angeles,A,1900 Paris,"The 1900 Paris Olympics were the first to include the women's marathon, although it was not a permanent event until later.","Although the women's marathon was first run in 1900, it was not officially recognized as an Olympic event until 1928 in Amsterdam, but the 1900 event is historically significant.",2026-09-14 11:31:03
GK_EN_0570,English,General Knowledge,"Sports, Olympic Games & Championships",Medium,Which of the following is NOT a current Olympic sport?,Tennis,Cricket,Gymnastics,Swimming,B,Cricket,"Cricket is not an Olympic sport, though it has been considered for inclusion in the future.","Cricket has never been an Olympic sport and was briefly considered for the 2020 Tokyo Olympics, but was ultimately not included, maintaining its status as a non-Olympic sport.",2026-09-14 11:31:03
GK_EN_0571,English,General Knowledge,"Sports, Olympic Games & Championships",Medium,"Which athlete is known for winning 5 gold medals in a single Olympic Games, setting a record in 1932?",Michael Phelps,Mark Spitz,Larisa Latynina,Kerri Strug,B,Mark Spitz,"Mark Spitz is famous for his seven gold medals in the 1972 Munich Olympics, but he also won five in the 1968 Mexico City Games.","Mark Spitz achieved the feat of winning five gold medals in a single Olympic Games during the 1968 Mexico City Olympics, which is a notable record in Olympic history.",2026-09-14 11:31:03
GK_EN_0572,English,General Knowledge,"Sports, Olympic Games & Championships",Medium,"Which Olympic Games hosted the first-ever Olympic Village, which became a model for future Olympic Games?",1924 Paris,1932 Los Angeles,1952 Helsinki,1960 Rome,C,1952 Helsinki,"The Olympic Village in Helsinki was a significant innovation, providing a centralized accommodation for athletes, which is now a standard feature of the Olympics.","The 1952 Olympic Village in Helsinki was the first to be officially recognized as such, offering a place for athletes to live and training, setting a precedent for all future Olympic Games.",2026-09-14 11:31:03
GK_EN_0573,English,General Knowledge,"Sports, Olympic Games & Championships",Medium,Which country hosted the first Summer Olympics in the 20th century?,United States,France,United Kingdom,Italy,A,United States,"The United States hosted the 1904 Summer Olympics in St. Louis, marking the first 20th-century Summer Olympics.","The 1904 Olympics in St. Louis, Missouri, were the first to take place in the 20th century, highlighting the growth and expansion of the Olympic movement.",2026-09-14 11:31:03
GK_EN_0574,English,General Knowledge,"Sports, Olympic Games & Championships",Medium,Which of the following is NOT a discipline in the Winter Olympics?,Figure skating,Water polo,Alpine skiing,Curling,B,Water polo,Water polo is a summer sport and is not part of the Winter Olympics.,"Water polo is traditionally a summer sport played in water, while the Winter Olympics focus on sports primarily performed on ice or snow.",2026-09-14 11:31:03
GK_EN_0575,English,General Knowledge,"Sports, Olympic Games & Championships",Medium,Which Olympic Games saw the introduction of the women's 100-meter dash?,1928 Amsterdam,1948 London,1960 Rome,1972 Munich,A,1928 Amsterdam,"The 100-meter dash for women was first included in the 1928 Olympics, marking the beginning of women's sprint events in the Olympics.","The 1928 Amsterdam Olympics were the first to include the women's 100-meter dash, opening the door for other sprint events for women in future Olympic Games.",2026-09-14 11:31:03
GK_EN_0576,English,General Knowledge,"Ecology, Biodiversity & National Parks",Hard,Which of the following statements about the biodiversity hotspots in the United States is true?,The Mojave Desert supports a high diversity of endemic species and is a biodiversity hotspot.,The Southeastern Coastal Plain is known for its high levels of biodiversity and is a biodiversity hotspot.,The Central Valley of California is a biodiversity hotspot due to its rich flora and fauna.,The Appalachian Mountains are not recognized as a biodiversity hotspot due to their low species diversity.,B,The Southeastern Coastal Plain is known for its high levels of biodiversity and is a biodiversity hotspot.,"The Southeastern Coastal Plain is recognized for its unique and diverse ecosystems, including wetlands and forests, which harbor many endemic species.","The Southeastern Coastal Plain is characterized by its complex geological history and a mix of coastal and inland ecosystems, leading to a high degree of endemism and biodiversity.",2026-09-14 11:31:29
GK_EN_0577,English,General Knowledge,"Ecology, Biodiversity & National Parks",Hard,Which national park in the United States is known for its unique ecosystem that includes both tropical and temperate species due to its high elevation and geographical location?,Yellowstone National Park,Great Smoky Mountains National Park,Dry Tortugas National Park,Rocky Mountain National Park,D,Rocky Mountain National Park,"Rocky Mountain National Park's unique ecosystem, influenced by its high elevation and geographical location, supports a variety of species that typically span both tropical and temperate zones.","The park's elevation ranges from about 6,000 to 14,000 feet, creating a diverse range of habitats and allowing for the coexistence of species that are more commonly found in different climate zones.",2026-09-14 11:31:29
GK_EN_0578,English,General Knowledge,"Ecology, Biodiversity & National Parks",Hard,Which of the following factors is least likely to contribute to the conservation of biodiversity in a national park?,Establishing buffer zones around the park,Allowing intensive recreational activities that disturb wildlife,Implementing strict wildlife protection laws,Monitoring and controlling invasive species,B,Allowing intensive recreational activities that disturb wildlife,"Intensive recreational activities, such as off-road vehicle use or high-impact hiking, can disrupt wildlife habitats and lead to a decline in biodiversity.","While buffer zones, wildlife protection laws, and invasive species control all contribute to biodiversity conservation, allowing intense recreational activities can have detrimental effects on the park's ecosystems.",2026-09-14 11:31:29
GK_EN_0579,English,General Knowledge,"Ecology, Biodiversity & National Parks",Hard,"Which national park in the United States is known for its critical role in the conservation of the California Condor, an endangered species?",Yosemite National Park,Zion National Park,Sequoia National Park,Pinnacles National Park,D,Pinnacles National Park,"Pinnacles National Park is home to the last remaining wild population of California Condors, which are crucial for the species' survival.","The park's unique rock formations and diverse ecosystems provide essential habitat for the condors, making it a key location for their conservation efforts.",2026-09-14 11:31:29
GK_EN_0580,English,General Knowledge,"Ecology, Biodiversity & National Parks",Hard,Which of the following is a primary threat to biodiversity in national parks due to climate change?,Increased precipitation leading to flooding,The introduction of non-native species,Habitat loss due to urbanization,Shifts in temperature and precipitation patterns affecting species distribution,D,Shifts in temperature and precipitation patterns affecting species distribution,"Changes in temperature and precipitation can alter the availability of resources and suitable habitats, leading to shifts in species ranges and potential local extinctions.","Climate change can cause shifts in the timing of seasonal events, water availability, and temperature, which can have cascading effects on ecosystem dynamics and species survival.",2026-09-14 11:31:29
GK_EN_0581,English,General Knowledge,"Ecology, Biodiversity & National Parks",Hard,Which national park is known for its rich biodiversity and is recognized as one of the world's top ten biodiversity hotspots?,Carlsbad Caverns National Park,Great Basin National Park,Caribbean National Forest,El Yunque National Forest,D,El Yunque National Forest,"El Yunque National Forest is part of the Caribbean National Forest and is recognized for its high levels of endemism and biodiversity, making it a key area for conservation efforts.","The forest is home to over 240 species of birds and 45 species of mammals, including several that are endemic to the island, contributing significantly to the region's biodiversity.",2026-09-14 11:31:29
GK_EN_0582,English,General Knowledge,"Ecology, Biodiversity & National Parks",Hard,"Which of the following national parks is known for its unique and diverse ecosystem that includes both montane and tropical rainforest elements, making it a critical area for biodiversity conservation?",Redwood National Park,Guam National Park,Hawaii Volcanoes National Park,Kings Canyon National Park,C,Hawaii Volcanoes National Park,"Hawaii Volcanoes National Park encompasses a variety of ecosystems, including tropical rainforests and high-elevation montane forests, supporting a wide range of endemic species.",The park's unique geographical location and volcanic activity have created a diverse array of habitats that are critical for the survival of many native Hawaiian species.,2026-09-14 11:31:29
GK_EN_0583,English,General Knowledge,"Ecology, Biodiversity & National Parks",Hard,"Which national park in the United States is known for its critical role in the conservation of the American bison, an iconic species of the Great Plains?",Badlands National Park,Wind Cave National Park,Wind River Indian Reservation,Buffalo National River,A,Badlands National Park,"Badlands National Park is home to a thriving population of American bison, which plays a crucial role in the park's ecosystem and serves as an important conservation symbol.",The bison population in the park helps maintain the grassland ecosystem and serves as a symbol of the park's natural heritage and efforts in wildlife conservation.,2026-09-14 11:31:29
GK_EN_0584,English,General Knowledge,"Ecology, Biodiversity & National Parks",Hard,Which of the following national parks in the United States is known for its unique geological features and is considered a biodiversity hotspot due to its diverse habitats and endemic species?,Rocky Mountain National Park,Carlsbad Caverns National Park,Olympic National Park,Congaree National Park,B,Carlsbad Caverns National Park,"Carlsbad Caverns National Park is recognized for its unique karst landscape and diverse habitats, which support a wide variety of endemic species and contribute to the park's biodiversity.","The park's underground caves, forests, and canyons create a variety of microhabitats that support a rich and diverse array of flora and fauna, making it a significant biodiversity hotspot.",2026-09-14 11:31:29
GK_EN_0585,English,General Knowledge,"Ecology, Biodiversity & National Parks",Hard,"Which national park in the United States is known for its critical role in the conservation of the Mexican spotted owl, an endangered species, and is recognized as a biodiversity hotspot?",Gila National Forest,Sequoia National Park,Grand Canyon National Park,Sequoia-Kings Canyon National Park,A,Gila National Forest,"Gila National Forest, while not a national park, is a critical area for the conservation of the Mexican spotted owl and is recognized for its high levels of biodiversity.","The forest's complex topography and diverse ecosystems provide essential habitat for the Mexican spotted owl, making it a key area for conservation efforts and biodiversity protection.",2026-09-14 11:31:29
GK_EN_0586,English,General Knowledge,Ancient & Medieval History,Easy,Who was the first Pharaoh of the First Dynasty in Ancient Egypt?,Narmer,Sesostris,Tuthmosis,Ramesses,A,Narmer,Narmer is credited as the first Pharaoh to unite Upper and Lower Egypt.,"Narmer is believed to have lived around 3100 BCE and is often depicted on the Narmer Palette, a ceremonial object from the period that shows him wearing the crowns of both Upper and Lower Egypt, symbolizing unification.",2026-09-14 11:31:52
GK_EN_0587,English,General Knowledge,Ancient & Medieval History,Easy,"Which ancient civilization is known for the construction of the Hanging Gardens, one of the Seven Wonders of the Ancient World?",Persians,Babylonians,Greeks,Romans,B,Babylonians,The Hanging Gardens were built in the ancient city of Babylon by King Nebuchadnezzar II.,"The gardens are believed to have been constructed in the 7th century BCE as a way to please his wife, who missed the vegetation of her homeland, Media.",2026-09-14 11:31:52
GK_EN_0588,English,General Knowledge,Ancient & Medieval History,Easy,Which ancient Greek philosopher is known for his assertion that the world is made of water?,Pythagoras,Aristotle,Empedocles,Plato,C,Empedocles,"Empedocles proposed the theory that everything in the universe is made of four elements: earth, water, air, and fire.","Empedocles’ theory of the four elements was a significant contribution to early Greek philosophy and influenced later thinkers, including Aristotle.",2026-09-14 11:31:52
GK_EN_0589,English,General Knowledge,Ancient & Medieval History,Easy,Which Roman emperor is known for initiating the construction of the Colosseum?,Julius Caesar,Nero,Tiberius,Augustus,B,Nero,Nero initiated the construction of the Colosseum after the Great Fire of Rome in 64 AD.,"Nero is known for his extravagant building projects in Rome, including the construction of the Colosseum, which was intended to be a symbol of his power and glory.",2026-09-14 11:31:52
GK_EN_0590,English,General Knowledge,Ancient & Medieval History,Easy,Who is known as the first Christian Roman Emperor and established Christianity as the state religion of the Roman Empire?,Constantine,Julian,Tiberius,Diocletian,A,Constantine,Constantine's Edict of Milan in 313 AD declared religious tolerance throughout the Roman Empire.,"Constantine converted to Christianity and, in 380 AD, officially declared it the religion of the state, making it compulsory for all subjects of the empire.",2026-09-14 11:31:52
GK_EN_0591,English,General Knowledge,Ancient & Medieval History,Easy,"Which ancient civilization is known for the construction of the Great Wall, a series of fortifications built to protect the empire from invasions?",Greeks,Romans,Chinese,Persians,C,Chinese,The Great Wall of China was built over several centuries to defend against invasions by nomadic groups.,"The construction of the Great Wall began in the 7th century BCE and continued until the 17th century, making it one of the most famous engineering feats in history.",2026-09-14 11:31:52
GK_EN_0592,English,General Knowledge,Ancient & Medieval History,Easy,"Which medieval scholar is known for his influential works in medicine and philosophy, including his commentary on the Canon of Medicine by Avicenna?",Roger Bacon,William of Ockham,Avicenna,Averroes,D,Averroes,Averroes was a leading Islamic philosopher and physician who made significant contributions to the fields of philosophy and medicine.,"Averroes' works were widely read and discussed in medieval Europe, influencing scholars like Thomas Aquinas and contributing to the Renaissance in Europe.",2026-09-14 11:31:52
GK_EN_0593,English,General Knowledge,Ancient & Medieval History,Easy,Which medieval ruler is known for his conquest of the Iberian Peninsula and the establishment of the Christian Kingdom of Castile?,Alfonso X,Ferdinand II of Aragon,Charles V,Alfonso VIII,D,Alfonso VIII,"Alfonso VIII was the king of Castile and León from 1158 to 1157, known for his role in the Reconquista.","Alfonso VIII's reign saw significant advances in the Christian reconquest of the Iberian Peninsula, leading to the establishment of the Kingdom of Castile as a major power in medieval Europe.",2026-09-14 11:31:52
GK_EN_0594,English,General Knowledge,Ancient & Medieval History,Easy,"Which medieval English king is known for signing the Magna Carta in 1215, which limited the powers of the king and established the principle that everyone, including the king, is subject to the law?",Henry VIII,Edward I,John,Richard I,C,John,King John's signing of the Magna Carta in 1215 was a pivotal moment in the history of English and constitutional law.,"The Magna Carta established fundamental legal principles and is considered a cornerstone of modern democratic governance, even though its initial purpose was to resolve a conflict between John and his barons.",2026-09-14 11:31:52
GK_EN_0595,English,General Knowledge,Ancient & Medieval History,Easy,"Which ancient Greek historian is known for his account of the Greco-Persian Wars, which includes a famous speech by the Spartan general Brasidas?",Herodotus,Xenophon,Thucydides,Plutarch,A,Herodotus,"Herodotus is often referred to as the 'Father of History' and his work, 'The Histories,' is one of the first and most influential historical works in Western literature.","Herodotus' account of the Greco-Persian Wars provides valuable insights into the historical context and events of the period, including detailed accounts of battles and the motivations of key figures.",2026-09-14 11:31:52
GK_EN_0596,English,General Knowledge,Modern Indian History & Freedom Struggle,Medium,Which event marked the beginning of the Indian National Congress in 1885?,The partition of Bengal,The Amritsar Massacre,The establishment of the first Indian college,The foundation of the Indian National Congress,D,The foundation of the Indian National Congress,The Indian National Congress was founded to represent the interests of the Indian people and work towards self-governance.,The Indian National Congress was established in December 1885 in Bombay (now Mumbai) to voice the demands of the Indian people for greater participation in the governance of their country. It marked the beginning of a more organized and politically conscious movement for Indian independence.,2026-09-14 11:32:19
GK_EN_0597,English,General Knowledge,Modern Indian History & Freedom Struggle,Medium,Who was the first President of the Indian National Congress?,Gopal Krishna Gokhale,W. C. Bonnerjee,Gopal Krishna Gokhale,Gopal Krishna Gokhale,B,W. C. Bonnerjee,W. C. Bonnerjee was a prominent Indian political leader and the first President of the Indian National Congress.,"W. C. Bonnerjee, a Bengali lawyer and political leader, was elected as the first President of the Indian National Congress in 1885. He played a significant role in the early stages of the Indian independence movement.",2026-09-14 11:32:19
GK_EN_0598,English,General Knowledge,Modern Indian History & Freedom Struggle,Medium,Which event is considered the beginning of the Partition of Bengal in 1905?,The Jallianwala Bagh Massacre,The Partition of Bengal,The Swadeshi Movement,The Salt Satyagraha,B,The Partition of Bengal,The Partition of Bengal in 1905 was a significant event that led to the Swadeshi Movement and heightened Indian nationalism.,"In 1905, Lord Curzon, the Viceroy of India, announced the partition of Bengal, which was seen as an attempt to divide the Bengali-speaking population. This decision sparked widespread protests and the Swadeshi Movement, which aimed to promote self-reliance and boycott British goods.",2026-09-14 11:32:19
GK_EN_0599,English,General Knowledge,Modern Indian History & Freedom Struggle,Medium,Which Indian leader was known as the 'Lion of the Raj' and played a crucial role in the Indian independence movement?,Bal Gangadhar Tilak,Mahatma Gandhi,Subhas Chandra Bose,B R Ambedkar,A,Bal Gangadhar Tilak,Bal Gangadhar Tilak was a prominent leader of the Indian independence movement and was known for his fiery speeches and radical methods.,"Bal Gangadhar Tilak was a leading figure in the Indian independence movement, known for his fiery speeches and radical methods. He was often referred to as the 'Lion of the Raj' and was instrumental in spreading the idea of Swaraj (self-rule) among the masses.",2026-09-14 11:32:19
GK_EN_0600,English,General Knowledge,Modern Indian History & Freedom Struggle,Medium,Which event marked the end of the First War of Independence (1857) in India?,The Battle of Plassey,The Siege of Delhi,The fall of Lucknow,The Battle of Buxar,B,The Siege of Delhi,"The Siege of Delhi in 1857 was the final major battle of the First War of Independence, marking the end of the uprising.","The Siege of Delhi in 1857 was the final major battle of the First War of Independence. It ended with the British victory, effectively marking the end of the uprising and the beginning of British colonial rule over India.",2026-09-14 11:32:19
GK_EN_0601,English,General Knowledge,Modern Indian History & Freedom Struggle,Medium,Which event is considered a turning point in the struggle for Indian independence and led to the Quit India Movement in 1942?,The Amritsar Massacre,The Salt Satyagraha,The Dandi March,The Partition of Bengal,A,The Amritsar Massacre,"The Amritsar Massacre in 1919 was a turning point in the struggle for Indian independence, leading to widespread protests and civil disobedience.","The Amritsar Massacre in 1919, where British soldiers killed hundreds of unarmed Indian civilians, was a significant turning point. It led to widespread protests and civil disobedience, eventually contributing to the rise of more radical movements like the Quit India Movement in 1942.",2026-09-14 11:32:19
GK_EN_0602,English,General Knowledge,Modern Indian History & Freedom Struggle,Medium,Which event marked the end of the Non-Cooperation Movement in 1922?,The Chauri Chaura incident,The Salt Satyagraha,The Jallianwala Bagh Massacre,The Dandi March,A,The Chauri Chaura incident,The Chauri Chaura incident was a violent act by a mob that led Gandhi to call off the Non-Cooperation Movement in 1922.,"The Chauri Chaura incident, where a mob burned down a police station and killed several policemen, led Mahatma Gandhi to call off the Non-Cooperation Movement in 1922. This incident highlighted the potential for violence in the movement and led Gandhi to believe that the people were not yet ready for such a radical form of struggle.",2026-09-14 11:32:19
GK_EN_0603,English,General Knowledge,Modern Indian History & Freedom Struggle,Medium,Which Indian leader was known for his role in the Salt Satyagraha and was imprisoned multiple times for his civil disobedience against the British?,Subhas Chandra Bose,Maulana Abdul Kalam Azad,Mahatma Gandhi,B R Ambedkar,C,Mahatma Gandhi,"Mahatma Gandhi was a key figure in the Indian independence movement, known for his nonviolent civil disobedience and his numerous acts of resistance against British rule.","Mahatma Gandhi was a key figure in the Indian independence movement, known for his nonviolent civil disobedience and his numerous acts of resistance against British rule. He played a crucial role in the Salt Satyagraha and was imprisoned multiple times for his civil disobedience.",2026-09-14 11:32:19
GK_EN_0604,English,General Knowledge,Modern Indian History & Freedom Struggle,Medium,Which event is considered a significant milestone in the Indian independence movement and marked the first organized resistance against the British in 1857?,The Amritsar Massacre,The First War of Independence,The Dandi March,The Salt Satyagraha,B,The First War of Independence,"The First War of Independence, also known as the Indian Rebellion of 1857, was a significant milestone in the Indian independence movement and marked the first organized resistance against the British.","The First War of Independence, also known as the Indian Rebellion of 1857, was a significant milestone in the Indian independence movement. It marked the first organized resistance against the British and laid the foundation for future struggles for independence.",2026-09-14 11:32:19
GK_EN_0605,English,General Knowledge,World History & Revolutions,Hard,Which revolution is credited with setting the stage for the Russian Revolution of 1917 by overthrowing the Tsarist autocracy and establishing a provisional government?,The American Revolution,The French Revolution,The German Revolution of 1848,The Italian Revolutions of 1848,B,The French Revolution,"The French Revolution is significant because it inspired revolutionary ideas and movements across Europe, including Russia.","The French Revolution, which began in 1789, introduced concepts of liberty, equality, and fraternity, influencing revolutionary movements worldwide. Its spread of revolutionary ideas contributed to the eventual overthrow of the Russian Tsarist regime.",2026-09-14 11:32:46
GK_EN_0606,English,General Knowledge,World History & Revolutions,Hard,"Which event marked the beginning of the Mexican Revolution in 1910, challenging the autocratic rule of President Porfirio Díaz?",The Grito de Dolores,The Battle of Puebla,The Constitution of 1857,The Plan of San Luis Potosí,D,The Plan of San Luis Potosí,"The Plan of San Luis Potosí was a call for rebellion against Díaz, marking the start of the revolution.","The Plan of San Luis Potosí, issued in 1910 by Francisco I. Madero, challenged Díaz's authoritarian rule and called for a new constitutional order, setting the stage for the Mexican Revolution.",2026-09-14 11:32:46
GK_EN_0607,English,General Knowledge,World History & Revolutions,Hard,"Which of the following was a key demand of the Chinese Revolution led by Sun Yat-sen, aiming to end the monarchy and establish a republic in China?",The Three Principles of the People,The Boxer Rebellion,The Taiping Rebellion,The Hundred Days' Reform,A,The Three Principles of the People,The Three Principles of the People were Sun Yat-sen's guiding philosophy for the Chinese Revolution.,"The Three Principles of the People, which include nationalism, democracy, and people's livelihood, were the core principles guiding Sun Yat-sen's revolution and the eventual establishment of the Republic of China in 1912.",2026-09-14 11:32:46
GK_EN_0608,English,General Knowledge,World History & Revolutions,Hard,"Which of the following revolutions is considered a pivotal moment in the history of Latin America, leading to the independence of several countries from Spanish rule?",The Haitian Revolution,The Cuban Revolution,The Mexican Revolution,The Argentine Revolution,A,The Haitian Revolution,The Haitian Revolution was the first successful slave rebellion that led to the establishment of Haiti as a free nation.,"The Haitian Revolution, which began in 1791, was a pivotal moment in Latin American history. It led to the establishment of Haiti as the first independent black republic and inspired other independence movements in the region.",2026-09-14 11:32:46
GK_EN_0609,English,General Knowledge,World History & Revolutions,Hard,Which of the following events is considered the first modern revolution and had a profound impact on the development of revolutionary movements worldwide?,The American Revolution,The French Revolution,The Russian Revolution of 1905,The French Revolution of 1789,B,The French Revolution,"The French Revolution is considered the first modern revolution due to its scale, impact, and the spread of revolutionary ideas.","The French Revolution of 1789-1799 is recognized as the first modern revolution because of its widespread impact, the radical changes it brought, and the spread of revolutionary ideas that influenced other movements globally.",2026-09-14 11:32:46
GK_EN_0610,English,General Knowledge,World History & Revolutions,Hard,"Which of the following events is considered the first major uprising against the British Raj, marking the beginning of the Indian independence movement?",The Sepoy Mutiny of 1857,The Jallianwala Bagh Massacre,The Quit India Movement,The Chauri Chaura Incident,A,The Sepoy Mutiny of 1857,The Sepoy Mutiny of 1857 is considered the first major uprising against British rule in India.,"The Sepoy Mutiny of 1857, also known as the First War of Independence, was the first major uprising against British rule in India, marking the beginning of the Indian independence movement and inspiring future revolts.",2026-09-14 11:32:46
GK_EN_0611,English,General Knowledge,World History & Revolutions,Hard,"Which of the following revolutions is considered the first successful socialist revolution in world history, leading to the establishment of the Soviet Union?",The February Revolution of 1917,The October Revolution of 1917,The Paris Commune of 1871,The Bolshevik Revolution,B,The October Revolution of 1917,The October Revolution of 1917 led to the establishment of the world's first socialist state.,"The October Revolution of 1917, led by the Bolsheviks, overthrew the Provisional Government and established the world's first socialist state, the Soviet Union, under the leadership of Vladimir Lenin.",2026-09-14 11:32:46
GK_EN_0612,English,General Knowledge,World History & Revolutions,Hard,Which of the following revolutions is considered the first mass uprising of the working class and is viewed as a significant event in the history of socialism and communism?,The Paris Commune of 1871,The Russian Revolution of 1917,The Chinese Revolution of 1911,The Cuban Revolution,A,The Paris Commune of 1871,The Paris Commune of 1871 is a key event in the history of socialist and communist movements.,The Paris Commune of 1871 was a short-lived government established by workers during the Franco-Prussian War. It is considered the first mass uprising of the working class and a significant event in the development of socialist and communist ideologies.,2026-09-14 11:32:46
GK_EN_0613,English,General Knowledge,World History & Revolutions,Hard,"Which of the following events is considered a pivotal moment in the history of the Chinese Revolution, leading to the downfall of the Qing Dynasty and the establishment of the Republic of China?",The Xinhai Revolution,The Boxer Rebellion,The Hundred Days' Reform,The Taiping Rebellion,A,The Xinhai Revolution,The Xinhai Revolution marked the end of the Qing Dynasty and the beginning of the Republic of China.,"The Xinhai Revolution, also known as the Chinese Revolution of 1911, led to the overthrow of the Qing Dynasty and the establishment of the Republic of China in 1912, marking a significant turning point in Chinese history.",2026-09-14 11:32:46
GK_EN_0614,English,General Knowledge,World History & Revolutions,Hard,"Which of the following revolutions is considered the first major socialist revolution in Latin America, leading to the establishment of the Bolivarian Republic of Venezuela?",The Venezuelan Revolution,The Cuban Revolution,The Nicaraguan Revolution,The Guatemalan Revolution,A,The Venezuelan Revolution,The Venezuelan Revolution led to the establishment of the Bolivarian Republic of Venezuela in 1811.,"The Venezuelan Revolution, which began in 1811, was a key event in Latin American history, leading to the establishment of the Bolivarian Republic of Venezuela and inspiring other independence movements in the region.",2026-09-14 11:32:46
GK_EN_0615,English,General Knowledge,"Indian Geography (Rivers, Mountains, Climate)",Easy,Which of the following rivers flows through the state of Bihar?,Narmada,Kaveri,Ganga,Godavari,C,Ganga,The Ganga river is one of the major rivers in India that flows through the state of Bihar.,"The Ganga River, also known as Ganges, is a significant river in India, flowing through several states including Bihar, and is considered sacred by many Indians.",2026-09-14 11:33:07
GK_EN_0616,English,General Knowledge,"Indian Geography (Rivers, Mountains, Climate)",Easy,Which of the following is the highest peak in the Indian Himalayas?,Dhaulagiri,Kangchenjunga,K2,Kangchenjunga,D,Kangchenjunga,Kangchenjunga is the third-highest peak in the world and the highest peak in India.,"Kangchenjunga, standing at 8,586 meters (28,169 feet), is the highest peak in the Indian Himalayas and is the third-highest peak in the world.",2026-09-14 11:33:07
GK_EN_0617,English,General Knowledge,"Indian Geography (Rivers, Mountains, Climate)",Easy,Which of the following states in India is known as the 'Rice Bowl' of India?,Karnataka,Assam,Maharashtra,Tamil Nadu,B,Assam,Assam is known as the 'Rice Bowl' of India due to its vast rice production.,"Assam is renowned for its rich agricultural lands and produces a large amount of rice, making it a significant contributor to India's rice production.",2026-09-14 11:33:07
GK_EN_0618,English,General Knowledge,"Indian Geography (Rivers, Mountains, Climate)",Easy,Which of the following is the capital of the state of Himachal Pradesh?,Patna,Shimla,Mumbai,Hyderabad,B,Shimla,Shimla is the capital city of the state of Himachal Pradesh.,"Shimla, known for its scenic beauty and colonial architecture, serves as the capital of Himachal Pradesh and is an important tourist destination.",2026-09-14 11:33:07
GK_EN_0619,English,General Knowledge,"Indian Geography (Rivers, Mountains, Climate)",Easy,Which of the following is the largest plateau in India?,Deccan Plateau,Kannad Plateau,Chota-Nagpur Plateau,Satpura Plateau,A,Deccan Plateau,"The Deccan Plateau is the largest plateau in India, covering a significant part of South India.","The Deccan Plateau, which covers a large part of the southern region of India, is the largest plateau in the country, playing a crucial role in the region's geography and economy.",2026-09-14 11:33:07
GK_EN_0620,English,General Knowledge,"Indian Geography (Rivers, Mountains, Climate)",Easy,Which of the following rivers is known for its large delta in the Bay of Bengal?,Krishna,Brahmaputra,Godavari,Narmada,B,Brahmaputra,The Brahmaputra River is known for its large delta in the Bay of Bengal.,"The Brahmaputra River, which flows through Assam and Bangladesh, is famous for its extensive delta in the Bay of Bengal, known as the Sundarbans.",2026-09-14 11:33:07
GK_EN_0621,English,General Knowledge,"Indian Geography (Rivers, Mountains, Climate)",Easy,Which of the following is the highest mountain peak in the Eastern Himalayas?,Nanda Devi,Kangchenjunga,Namcha Barwa,Machhapuchhre,B,Kangchenjunga,Kangchenjunga is the highest mountain peak in the Eastern Himalayas and the world's third-highest peak.,"Kangchenjunga, located in the eastern Himalayas, is the third-highest peak in the world, standing at 8,586 meters (28,169 feet) and is a significant landmark in the region.",2026-09-14 11:33:07
GK_EN_0622,English,General Knowledge,World Geography & Solar System,Medium,Which of the following planets is known as the Red Planet?,Mercury,Venus,Mars,Saturn,C,Mars,Mars is called the Red Planet due to its reddish appearance caused by iron oxide (rust) on its surface.,"Mars has a thin atmosphere rich in iron oxide, giving it a distinct reddish hue, which is why it is often referred to as the Red Planet.",2026-09-14 11:33:29
GK_EN_0623,English,General Knowledge,World Geography & Solar System,Medium,Which of the following moons is the largest in the solar system?,Io,Europa,Titan,Ganymede,D,Ganymede,"Ganymede is the largest moon in the solar system, even larger than the planet Mercury.","Ganymede, a moon of Jupiter, has a diameter of about 5,268 km, making it the largest moon in the solar system and larger than the planet Mercury.",2026-09-14 11:33:29
GK_EN_0624,English,General Knowledge,World Geography & Solar System,Medium,Which of the following is the deepest point in the Earth's oceans?,Mariana Trench,Kermadec Trench,Java Trench,Philippine Trench,A,Mariana Trench,"The Mariana Trench is the deepest part of the world's oceans, reaching a depth of about 11,000 meters.","The Mariana Trench is located in the Pacific Ocean and contains the Challenger Deep, the deepest known point in the Earth's oceans, with a depth of approximately 10,984 meters.",2026-09-14 11:33:29
GK_EN_0625,English,General Knowledge,World Geography & Solar System,Medium,Which of the following rivers is the longest in the world?,Nile,Amazon,Yangtze,Mississippi,A,Nile,"The Nile is the longest river in the world, flowing through northeastern Africa for about 6,650 kilometers.","The Nile River, originating in east-central Africa, flows through Egypt and Sudan, making it the longest river in the world, with a total length of approximately 6,650 kilometers.",2026-09-14 11:33:29
GK_EN_0626,English,General Knowledge,World Geography & Solar System,Medium,Which of the following is the largest continent by area?,Antarctica,Asia,North America,Africa,B,Asia,"Asia is the largest continent by area, covering about 44,579,000 square kilometers.","Asia is the largest continent by area, spanning a vast region from the Pacific Ocean to the Mediterranean Sea and the Arctic Ocean, covering approximately 44,579,000 square kilometers.",2026-09-14 11:33:29
GK_EN_0627,English,General Knowledge,World Geography & Solar System,Medium,Which of the following is the deepest lake in the world by maximum depth?,Lake Baikal,Lake Superior,Lake Titicaca,Lake Tanganyika,A,Lake Baikal,"Lake Baikal is the deepest lake in the world, with a maximum depth of 1,642 meters.","Lake Baikal, located in Russia, is not only the deepest lake in the world but also the largest freshwater lake by volume, with a maximum depth of 1,642 meters.",2026-09-14 11:33:29
GK_EN_0628,English,General Knowledge,World Geography & Solar System,Medium,Which of the following is the largest peninsula in the world by area?,Arabian Peninsula,Indian Peninsula,Kamchatka Peninsula,Arakelian Peninsula,A,Arabian Peninsula,"The Arabian Peninsula is the largest peninsula in the world, covering an area of about 3,237,500 square kilometers.","The Arabian Peninsula, located in the Middle East, is the largest peninsula in the world, with an area of approximately 3,237,500 square kilometers, including Saudi Arabia, Yemen, and Oman.",2026-09-14 11:33:29
GK_EN_0629,English,General Knowledge,"Indian Polity, Constitution & Governance",Hard,Which of the following is NOT a fundamental duty under the Indian Constitution?,To promote harmony and spirit of common brotherhood irrespective of diversities,To provide free and compulsory education to children,To pay taxes faithfully,"To vote in general, parliamentary or local elections",D,"To vote in general, parliamentary or local elections","Voting is a right, not a fundamental duty, as it is not enforceable by law.","Voting is a fundamental right enshrined in Article 326 of the Constitution, whereas the other options are fundamental duties which individuals are required to perform under Article 51A.",2026-09-14 11:33:54
GK_EN_0630,English,General Knowledge,"Indian Polity, Constitution & Governance",Hard,Which of the following is the correct order of hierarchy in the Indian judiciary?,"High Court, Supreme Court, District Court","Supreme Court, High Court, District Court","District Court, High Court, Supreme Court","Supreme Court, District Court, High Court",B,"Supreme Court, High Court, District Court","The Supreme Court is the apex court, followed by the High Courts, and then the District Courts.","The hierarchy is based on the jurisdiction and authority of each court, with the Supreme Court having the highest authority in interpreting the Constitution and overseeing the entire judicial system.",2026-09-14 11:33:54
GK_EN_0631,English,General Knowledge,"Indian Polity, Constitution & Governance",Hard,Which of the following statements is true regarding the President of India?,The President is elected by the members of the Electoral College comprising of members of both Houses of Parliament and the State Legislative Assemblies,The President can dissolve the Lok Sabha and call for fresh elections,The President can declare a state of emergency in India,The President is the head of the state and the executive head of the government,A,The President is elected by the members of the Electoral College comprising of members of both Houses of Parliament and the State Legislative Assemblies,"The President's election process is specified in the Constitution, which involves a unique electoral college system.","The President is elected by an electoral college consisting of members of both Houses of Parliament and the State Legislative Assemblies, ensuring a broad representation of the nation.",2026-09-14 11:33:54
GK_EN_0632,English,General Knowledge,"Indian Polity, Constitution & Governance",Hard,Which of the following is NOT a characteristic of the Indian Constitution?,Rigidity,Flexibility,Semi-Federal,Sovereign,A,Rigidity,"The Constitution is flexible in certain aspects, but it is not rigid in the sense that it cannot be amended easily.","While the Constitution is flexible, it is also semi-federal and sovereign, but it is not rigid as it can be amended through the process laid down in Article 368 of the Constitution.",2026-09-14 11:33:54
GK_EN_0633,English,General Knowledge,"Indian Polity, Constitution & Governance",Hard,Which of the following is NOT a principle of Indian Polity as per the Constitution?,Federalism,Socialism,Secularism,Judicial Review,B,Socialism,"Socialism is not a principle of the Indian Constitution, although it was the guiding principle in the initial years of the Republic.","The principles of Indian Polity include federalism, secularism, and judicial review, but socialism was not incorporated as a fundamental principle in the Constitution. It was a guiding principle during the initial years but has since been replaced by economic reforms.",2026-09-14 11:33:54
GK_EN_0634,English,General Knowledge,"Indian Polity, Constitution & Governance",Hard,Which of the following is NOT a feature of the Indian Parliament?,Bicameral,Federal,Separation of Powers,Democracy,B,Federal,"The Indian Parliament is not federal, but it operates on the principle of separation of powers and is a bicameral legislature.","The Indian Parliament consists of the Lok Sabha and the Rajya Sabha, making it a bicameral legislature, but it is not federal in structure. The federal structure is a characteristic of the government and the Constitution.",2026-09-14 11:33:54
GK_EN_0635,English,General Knowledge,"Indian Polity, Constitution & Governance",Hard,Which of the following is NOT a power of the State Legislature in India?,To make laws for the State on any subject in the State List,To make laws for the State on any subject in the Concurrent List,To make laws for the State on any subject in the Union List,To make laws for the State on any subject in the State List with the President's assent,C,To make laws for the State on any subject in the Union List,"The State Legislature can only make laws on subjects in the State List, not on subjects in the Union List.","The State Legislature has the authority to make laws on subjects in the State List and the Concurrent List, but it cannot make laws on subjects in the Union List, which are exclusively reserved for the Parliament.",2026-09-14 11:33:54
GK_EN_0636,English,General Knowledge,"Indian Polity, Constitution & Governance",Hard,Which of the following is NOT a power of the President of India under the Constitution?,To dissolve the Lok Sabha,To summon and prorogue the two Houses of Parliament,To declare war,"To grant pardons, reprieves, respites, or remissions of sentences",C,To declare war,"The President cannot declare war, as it is a power of the Union Parliament.","The President of India has several constitutional powers, including dissolving the Lok Sabha, summoning and proroguing Parliament, and granting pardons. However, declaring war is a power of the Union Parliament under Article 70 of the Constitution.",2026-09-14 11:33:54
GK_EN_0637,English,General Knowledge,"Indian Economy, Banking & Five Year Plans",Easy,Which of the following is an objective of the Five Year Plans in India?,To increase the export of goods and services,To reduce the dependency on agriculture,To achieve balanced and sustainable growth,To privatize public sector enterprises,C,To achieve balanced and sustainable growth,Balanced and sustainable growth is the primary objective of the Five Year Plans as it aims to develop all sectors of the economy equally.,"The Five Year Plans in India focus on a comprehensive approach to economic development, aiming to ensure that growth is not only rapid but also evenly distributed across different regions and sectors.",2026-09-14 11:34:17
GK_EN_0638,English,General Knowledge,"Indian Economy, Banking & Five Year Plans",Easy,Which of the following is a feature of the Indian banking system?,It is completely privatized,It is fully owned by the government,It includes both public sector and private banks,It operates only in rural areas,C,It includes both public sector and private banks,"The Indian banking system is diverse, comprising both public sector and private banks, which serve different segments of the economy.","India’s banking system consists of a mix of public sector banks, private sector banks, foreign banks, and cooperative banks, providing a wide range of financial services to the population.",2026-09-14 11:34:17
GK_EN_0639,English,General Knowledge,"Indian Economy, Banking & Five Year Plans",Easy,What was the first Five Year Plan in India focused on?,Industrialization,Socialist reforms,Agricultural development,Urbanization,C,Agricultural development,The first Five Year Plan emphasized agricultural development to improve the economic condition of farmers and increase food production.,"The primary goal of the first Five Year Plan (1951-1956) was to focus on agriculture to combat food shortages and improve the livelihood of farmers, laying the foundation for economic growth.",2026-09-14 11:34:17
GK_EN_0640,English,General Knowledge,"Indian Economy, Banking & Five Year Plans",Easy,Which Five Year Plan is known for the concept of 'Garibi Hatao'?,1st Five Year Plan,2nd Five Year Plan,3rd Five Year Plan,4th Five Year Plan,D,4th Five Year Plan,The 4th Five Year Plan introduced the concept of 'Garibi Hatao' (eradicate poverty) as a central theme.,The 4th Five Year Plan (1969-1974) focused on poverty alleviation and aimed to improve the living standards of the poor through various social and economic policies.,2026-09-14 11:34:17
GK_EN_0641,English,General Knowledge,"Indian Economy, Banking & Five Year Plans",Easy,Which of the following banks is considered a public sector bank in India?,ICICI Bank,HDFC Bank,Axis Bank,State Bank of India,D,State Bank of India,State Bank of India is a public sector bank and one of the largest banks in India.,State Bank of India is owned and controlled by the Government of India and plays a crucial role in the Indian banking system.,2026-09-14 11:34:17
GK_EN_0642,English,General Knowledge,"Indian Economy, Banking & Five Year Plans",Easy,Which of the following is a feature of the Indian economy?,It is a purely command economy,It is a mixed economy with both public and private sectors,It is a fully liberalized market economy,It is a single-product economy,B,It is a mixed economy with both public and private sectors,"The Indian economy is a mix of public and private sectors, with significant government intervention in certain areas.","India has a mixed economy, where both the public and private sectors coexist, with the government playing a substantial role in regulating and supporting various sectors of the economy.",2026-09-14 11:34:17
GK_EN_0643,English,General Knowledge,"Indian Economy, Banking & Five Year Plans",Easy,Which of the following is a characteristic of the Reserve Bank of India (RBI)?,It is a private organization,It is the central bank of India,It is responsible for state-level banking,It is a branch of the World Bank,B,It is the central bank of India,The Reserve Bank of India is the central bank of the country and plays a crucial role in monetary policy and regulation.,"The Reserve Bank of India is the apex body in the Indian financial system, responsible for formulating and implementing monetary policy and overseeing the banking system.",2026-09-14 11:34:17
GK_EN_0644,English,General Knowledge,"Indian Economy, Banking & Five Year Plans",Easy,Which of the following was a focus of the Second Five Year Plan in India?,Agricultural development,Socialistic pattern of society,Industrialization,Poverty alleviation,B,Socialistic pattern of society,"The Second Five Year Plan focused on achieving a socialistic pattern of society, with greater state control over economic activities.","The Second Five Year Plan (1956-1961) aimed to shift the economy towards a more socialistic pattern, with increased state intervention and planning to achieve equitable distribution of resources.",2026-09-14 11:34:17
GK_EN_0645,English,General Knowledge,"Indian Economy, Banking & Five Year Plans",Easy,What is the significance of the Green Revolution in the context of Indian economy?,It reduced the importance of agriculture,It focused on the development of green energy,It led to an increase in food grain production,It emphasized on import of agricultural products,C,It led to an increase in food grain production,"The Green Revolution increased food grain production, contributing significantly to India's food security.","The Green Revolution in the 1960s introduced high-yielding varieties of crops, modern agricultural techniques, and fertilizers, which substantially increased food grain production in India.",2026-09-14 11:34:17
GK_EN_0646,English,General Knowledge,"Indian Economy, Banking & Five Year Plans",Easy,Which of the following is a characteristic of the Indian economy in recent years?,It has completely abandoned planning,It has embraced free-market principles,It has remained closed to foreign investment,It has focused on service sector growth,D,It has focused on service sector growth,"The Indian economy has shifted towards service sector dominance, with significant growth in sectors like IT and finance.","In recent decades, the Indian economy has seen a shift towards service sectors, which now account for a large portion of GDP, driven by sectors such as IT, telecommunications, and finance.",2026-09-14 11:34:17
GK_EN_0647,English,General Knowledge,"Art, Culture, Dance & Heritage",Medium,"Which of the following is a traditional dance form from Kerala, India?",Bharatanatyam,Kathakali,Kuchipudi,Odissi,B,Kathakali,Kathakali is a classical dance-drama from Kerala that is known for its elaborate costumes and facial expressions.,"Kathakali is recognized for its distinctive makeup and costumes that symbolize characters and their emotions, making it a unique form of dance in India.",2026-09-14 11:34:39
GK_EN_0648,English,General Knowledge,"Art, Culture, Dance & Heritage",Medium,The Red Fort in India is a UNESCO World Heritage Site. What was its original purpose?,A residential palace for the royal family,A fort and palace complex,A military barracks,A museum,B,A fort and palace complex,The Red Fort served as a residence for the Mughal Emperors and was also used as a military fortress.,The Red Fort was built by Mughal Emperor Shah Jahan in the 17th century and is a significant historical monument that reflects the architectural and cultural heritage of the Mughal era.,2026-09-14 11:34:39
GK_EN_0649,English,General Knowledge,"Art, Culture, Dance & Heritage",Medium,Which of the following is a famous art movement from the Renaissance period in Italy?,Impressionism,Baroque,Cubism,Abstract Expressionism,B,Baroque,"Baroque is characterized by its elaborate and dynamic style, often featuring dramatic lighting and movement.","Baroque art is known for its grandeur, emotional intensity, and dramatic use of light and shadow, making it a prominent style in European art history during the 17th and 18th centuries.",2026-09-14 11:34:39
GK_EN_0650,English,General Knowledge,"Art, Culture, Dance & Heritage",Medium,Which of the following dance forms is associated with the state of Rajasthan in India?,Manipuri,Bhangra,Mohiniyattam,Kathak,B,Bhangra,"Bhangra is a traditional dance form from Punjab, closely associated with the harvest festival of Baisakhi.","Bhangra is a lively and energetic dance that celebrates the harvest and cultural heritage of Punjab, performed to the rhythm of the dhol, a traditional drum.",2026-09-14 11:34:39
GK_EN_0651,English,General Knowledge,"Art, Culture, Dance & Heritage",Medium,"The Taj Mahal is a mausoleum located in Agra, India. Which of the following is its primary architectural style?",Gothic,Islamic,Renaissance,Neoclassical,B,Islamic,"The Taj Mahal is an iconic example of Mughal architecture, which blends Islamic, Persian, and Indian architectural styles.","The Taj Mahal exemplifies the Mughal architectural style, which is a synthesis of Islamic, Persian, and Indian elements, creating a harmonious and majestic structure.",2026-09-14 11:34:39
GK_EN_0652,English,General Knowledge,"Art, Culture, Dance & Heritage",Medium,Which of the following festivals is celebrated to honor the Indian god Ganesha?,Diwali,Holi,Ganesh Chaturthi,Durga Puja,C,Ganesh Chaturthi,"Ganesh Chaturthi is a ten-day festival celebrated in honor of Lord Ganesha, the god of wisdom and remover of obstacles.","Ganesh Chaturthi is a widely celebrated festival in India, especially in Maharashtra, where it is a public holiday, and it features elaborate rituals, pandals, and the immersion of Ganesha statues in water bodies.",2026-09-14 11:34:39
GK_EN_0653,English,General Knowledge,"Art, Culture, Dance & Heritage",Medium,"Which of the following is a traditional dance form from Tamil Nadu, India?",Kathak,Kuchipudi,Bharatanatyam,Mohiniyattam,C,Bharatanatyam,Bharatanatyam is a classical dance form from Tamil Nadu that is known for its intricate footwork and expressive gestures.,"Bharatanatyam is renowned for its rigorous training, codified movements, and spiritual themes, making it one of the most popular classical dance forms in India.",2026-09-14 11:34:39
GK_EN_0654,English,General Knowledge,"Art, Culture, Dance & Heritage",Medium,Which of the following dance forms is associated with the state of Andhra Pradesh in India?,Bharatanatyam,Manipuri,Kuchipudi,Ottan Thullal,C,Kuchipudi,Kuchipudi is a classical dance-drama from Andhra Pradesh that is known for its swift and graceful movements.,"Kuchipudi is a vibrant dance form that combines dance, music, and theater, and it is famous for its unique footwork and facial expressions.",2026-09-14 11:34:39
GK_EN_0655,English,General Knowledge,"Art, Culture, Dance & Heritage",Medium,"Which of the following is a traditional dance form from the northeastern state of Assam, India?",Odissi,Bhangra,Sattriya,Kathak,C,Sattriya,Sattriya is a classical dance form from Assam that originated in monasteries (sattras) and is known for its spiritual and religious themes.,"Sattriya is deeply rooted in the Vaishnavite tradition and is performed in monasteries, blending dance with devotional singing and music.",2026-09-14 11:34:39
GK_EN_0656,English,General Knowledge,"Art, Culture, Dance & Heritage",Medium,"Which of the following is a traditional dance form from the state of Kerala, India?",Manipuri,Kuchipudi,Mohiniyattam,Kathak,C,Mohiniyattam,Mohiniyattam is a classical dance form from Kerala that is characterized by its graceful and expressive movements.,"Mohiniyattam is a gentle and lyrical dance form that is performed by women, often depicting scenes from the Hindu epics and puranas.",2026-09-14 11:34:39
GK_EN_0657,English,General Knowledge,"Important Inventions, Discoveries & Science Pioneers",Hard,"Who is credited with the discovery of penicillin, the first true antibiotic?",Louis Pasteur,Alexander Fleming,Marie Curie,Edward Jenner,B,Alexander Fleming,Alexander Fleming discovered penicillin in 1928 by observing the inhibitory effect of a mold on bacteria.,Fleming's discovery revolutionized the treatment of bacterial infections and laid the groundwork for modern antibiotic therapy.,2026-09-14 11:35:02
GK_EN_0658,English,General Knowledge,"Important Inventions, Discoveries & Science Pioneers",Hard,"What invention is associated with the development of the first practical light bulb, which significantly influenced the 19th-century lifestyle?",Thermometer,Television,Incandescent Light Bulb,Radio,C,Incandescent Light Bulb,"Thomas Edison's incandescent light bulb, developed in 1879, provided a practical means of illumination and transformed daily life.","Edison's invention was based on years of experimentation and the use of a filament that could withstand high temperatures, making it commercially viable.",2026-09-14 11:35:02
GK_EN_0659,English,General Knowledge,"Important Inventions, Discoveries & Science Pioneers",Hard,"Which physicist is known for the development of the photoelectric effect theory, which earned him the Nobel Prize in Physics in 1921?",Niels Bohr,James Clerk Maxwell,Albert Einstein,Max Planck,C,Albert Einstein,Albert Einstein's explanation of the photoelectric effect provided the foundation for quantum theory.,"Einstein's work on the photoelectric effect showed that light energy is transferred in discrete units, or quanta, which was a fundamental shift in the understanding of light.",2026-09-14 11:35:02
GK_EN_0660,English,General Knowledge,"Important Inventions, Discoveries & Science Pioneers",Hard,"Which scientist is credited with the discovery of the structure of DNA, a pivotal moment in the history of molecular biology?",James Watson and Francis Crick,Louis Pasteur,Marie Curie,Rosalind Franklin,A,James Watson and Francis Crick,James Watson and Francis Crick's 1953 publication of the double-helix structure of DNA was a landmark in biology.,Their discovery not only explained the genetic material's structure but also provided insights into how genetic information is stored and replicated.,2026-09-14 11:35:02
GK_EN_0661,English,General Knowledge,"Important Inventions, Discoveries & Science Pioneers",Hard,"What is the significance of the invention of the telephone, which revolutionized communication in the late 19th century?",It allowed for the transmission of sound over long distances.,It was the first wireless communication device.,It enabled the transmission of images.,It was the first computer.,A,It allowed for the transmission of sound over long distances.,"Alexander Graham Bell's invention of the telephone in 1876 enabled people to communicate verbally over long distances, transforming social and business interactions.",The telephone's widespread adoption and improvement over the years have had a profound impact on global communication and information exchange.,2026-09-14 11:35:02
GK_EN_0662,English,General Knowledge,"Important Inventions, Discoveries & Science Pioneers",Hard,"Which scientist is known for developing the theory of relativity, which fundamentally changed our understanding of space and time?",Isaac Newton,Albert Einstein,Enrico Fermi,Niels Bohr,B,Albert Einstein,"Albert Einstein's theories of relativity, including special relativity and general relativity, introduced new concepts about the nature of time and space.",Einstein's work challenged the Newtonian framework of physics and opened up new avenues for understanding the universe at both macroscopic and microscopic scales.,2026-09-14 11:35:02
GK_EN_0663,English,General Knowledge,"Important Inventions, Discoveries & Science Pioneers",Hard,"Who is the inventor of the first practical steam engine, which played a crucial role in the Industrial Revolution?",Isaac Newton,James Watt,Thomas Edison,Nikola Tesla,B,James Watt,James Watt's improvements to the steam engine in the late 18th century were pivotal in the development of the Industrial Revolution.,"Watt's modifications made steam engines more efficient and widely applicable, leading to significant advancements in manufacturing, transportation, and energy production.",2026-09-14 11:35:02
GK_EN_0664,English,General Knowledge,"Important Inventions, Discoveries & Science Pioneers",Hard,"Which scientist is known for the discovery of X-rays, a significant contribution to medical diagnostics and research?",Marie Curie,Rosalind Franklin,Albert Einstein,Wilhelm Conrad Röntgen,D,Wilhelm Conrad Röntgen,"Wilhelm Conrad Röntgen discovered X-rays in 1895, which were the first form of electromagnetic radiation to be identified and used for practical purposes.","Röntgen's discovery revolutionized medical imaging and diagnostics, allowing for the visualization of bones and other internal structures within the human body.",2026-09-14 11:35:02
GK_EN_0665,English,General Knowledge,"Important Inventions, Discoveries & Science Pioneers",Hard,What is the significance of the discovery of penicillin in the context of medicine and public health?,It led to the development of the first vaccine.,"It was the first true antibiotic, revolutionizing the treatment of bacterial infections.",It marked the beginning of genetic engineering.,It was the first antiviral drug.,B,"It was the first true antibiotic, revolutionizing the treatment of bacterial infections.","The discovery of penicillin by Alexander Fleming opened the door to the era of antibiotics, which has saved countless lives and transformed medical practice.",Penicillin's ability to kill bacteria without harming human cells was a groundbreaking development that paved the way for the development of other antibiotics.,2026-09-14 11:35:02
GK_EN_0666,English,General Knowledge,"Important Inventions, Discoveries & Science Pioneers",Hard,"Which scientist is known for the development of the theory of evolution by natural selection, fundamentally altering our understanding of biology and the natural world?",Charles Darwin,Gregor Mendel,Louis Pasteur,James Watson,A,Charles Darwin,"Charles Darwin's theory of evolution by natural selection, published in his book 'On the Origin of Species' in 1859, provided a scientific explanation for the diversity of life.","Darwin's theory challenged traditional views on the origins of species and laid the foundation for modern evolutionary biology, influencing various scientific fields and societal perspectives.",2026-09-14 11:35:02
GK_EN_0667,English,General Knowledge,"International Organizations (UN, WHO, WTO, IMF)",Easy,Which organization is primarily responsible for maintaining international peace and security?,World Trade Organization (WTO),United Nations (UN),International Monetary Fund (IMF),World Health Organization (WHO),B,United Nations (UN),The United Nations is the main organization tasked with international peace and security.,The UN has a Security Council specifically designed to address global threats to peace and security.,2026-09-14 11:35:22
GK_EN_0668,English,General Knowledge,"International Organizations (UN, WHO, WTO, IMF)",Easy,Which organization focuses on international trade and global economic development?,World Health Organization (WHO),World Trade Organization (WTO),United Nations (UN),International Monetary Fund (IMF),B,World Trade Organization (WTO),The WTO is responsible for setting and enforcing global trade rules.,"The WTO aims to ensure that trade flows as smoothly, predictably, and freely as possible, thus promoting economic development.",2026-09-14 11:35:22
GK_EN_0669,English,General Knowledge,"International Organizations (UN, WHO, WTO, IMF)",Easy,Which of the following is the primary purpose of the International Monetary Fund (IMF)?,Promoting international trade,Economic and financial stability,Promoting health and well-being,Maintaining global peace,B,Economic and financial stability,The IMF's main role is to promote global economic stability through international monetary cooperation.,The IMF provides financial assistance to countries facing economic difficulties and offers policy advice to help stabilize their economies.,2026-09-14 11:35:22
GK_EN_0670,English,General Knowledge,"International Organizations (UN, WHO, WTO, IMF)",Easy,"Which organization's headquarters is located in Geneva, Switzerland?",World Trade Organization (WTO),United Nations (UN),International Monetary Fund (IMF),World Health Organization (WHO),D,World Health Organization (WHO),The WHO is headquartered in Geneva and focuses on international public health.,The WHO is responsible for providing leadership on global health matters and directing international operations.,2026-09-14 11:35:22
GK_EN_0671,English,General Knowledge,"International Organizations (UN, WHO, WTO, IMF)",Easy,Which organization aims to ensure that all member states have access to essential medicines?,World Health Organization (WHO),World Trade Organization (WTO),United Nations (UN),International Monetary Fund (IMF),A,World Health Organization (WHO),The WHO has a program aimed at improving access to essential medicines and vaccines.,"The WHO works to ensure that essential medicines and vaccines are available in all countries, especially in low-income areas.",2026-09-14 11:35:22
GK_EN_0672,English,General Knowledge,"International Organizations (UN, WHO, WTO, IMF)",Easy,Which of the following is a key function of the United Nations (UN)?,Regulating international trade laws,Setting international health standards,Promoting international monetary cooperation,Maintaining international peace and security,D,Maintaining international peace and security,"The UN is responsible for maintaining international peace and security, among other functions.",The UN Security Council is tasked with addressing threats to peace and security and can take actions to prevent or resolve conflicts.,2026-09-14 11:35:22
GK_EN_0673,English,General Knowledge,"International Organizations (UN, WHO, WTO, IMF)",Easy,Which organization is known for providing financial assistance to developing countries to support economic growth and poverty reduction?,World Health Organization (WHO),World Trade Organization (WTO),International Monetary Fund (IMF),United Nations (UN),C,International Monetary Fund (IMF),The IMF provides financial assistance to countries facing economic difficulties.,The IMF offers loans and technical assistance to help countries achieve macroeconomic stability and reduce poverty.,2026-09-14 11:35:22
GK_EN_0674,English,General Knowledge,"International Organizations (UN, WHO, WTO, IMF)",Easy,Which of the following is true about the World Trade Organization (WTO)?,It is a political union.,It focuses on health and welfare.,It aims to reduce trade barriers.,It is headquartered in the United States.,C,It aims to reduce trade barriers.,"The WTO's main goal is to ensure that trade flows as smoothly, predictably, and freely as possible.",The WTO works to eliminate trade barriers and ensure fair trade practices among its member countries.,2026-09-14 11:35:22
GK_EN_0675,English,General Knowledge,"International Organizations (UN, WHO, WTO, IMF)",Easy,Which organization is responsible for setting international financial and monetary standards?,World Health Organization (WHO),World Trade Organization (WTO),International Monetary Fund (IMF),United Nations (UN),C,International Monetary Fund (IMF),The IMF sets international financial and monetary standards and provides policy advice to its member countries.,"The IMF's role includes surveillance of global economic and financial developments, and it offers policy guidance to help countries achieve economic stability.",2026-09-14 11:35:22
GK_EN_0676,English,General Knowledge,"Famous Personalities, Leaders & Thinkers",Medium,Who is known for his theory of evolution by natural selection?,Galileo Galilei,Albert Einstein,Charles Darwin,Isaac Newton,C,Charles Darwin,"Darwin’s theory of evolution challenged the prevailing belief in a static, unchanging world.","Charles Darwin proposed that species evolve over generations through the process of natural selection, where organisms better adapted to their environment tend to survive and produce more offspring.",2026-09-14 11:35:43
GK_EN_0677,English,General Knowledge,"Famous Personalities, Leaders & Thinkers",Medium,Which leader is known for leading the Indian independence movement against British colonial rule?,Winston Churchill,Mahatma Gandhi,Jawaharlal Nehru,Jawaharlal Elora,B,Mahatma Gandhi,Gandhi’s nonviolent civil disobedience inspired movements for freedom and justice worldwide.,"Mahatma Gandhi was a key figure in the Indian independence movement, advocating for nonviolent resistance and achieving India’s independence from British rule in 1947.",2026-09-14 11:35:43
GK_EN_0678,English,General Knowledge,"Famous Personalities, Leaders & Thinkers",Medium,Which of the following leaders is known for his role in the American Civil Rights Movement?,John F. Kennedy,Martin Luther King Jr.,Barack Obama,Rosa Parks,B,Martin Luther King Jr.,"King was a prominent leader in the American Civil Rights Movement, advocating for racial equality through nonviolent means.","Martin Luther King Jr. was a key figure in the American Civil Rights Movement, known for his powerful speeches and peaceful protests that led to significant legislation for civil rights.",2026-09-14 11:35:43
GK_EN_0679,English,General Knowledge,"Famous Personalities, Leaders & Thinkers",Medium,Which philosopher is known for his concept of the social contract?,John Locke,Immanuel Kant,Jean-Jacques Rousseau,Plato,C,Jean-Jacques Rousseau,Rousseau’s social contract theory laid the groundwork for modern political philosophy and influenced many political systems.,Jean-Jacques Rousseau’s social contract theory posited that people in a state of nature would voluntarily form a community and establish laws to protect their rights and freedoms.,2026-09-14 11:35:43
GK_EN_0680,English,General Knowledge,"Famous Personalities, Leaders & Thinkers",Medium,Who is known for his theory of relativity?,Nikola Tesla,Albert Einstein,Isaac Newton,Stephen Hawking,B,Albert Einstein,"Einstein’s theory of relativity revolutionized our understanding of space, time, and gravity.","Albert Einstein developed the theory of relativity, which changed the way we understand the universe, including the famous equation E=mc².",2026-09-14 11:35:43
GK_EN_0681,English,General Knowledge,"Famous Personalities, Leaders & Thinkers",Medium,Which economist is known for the concept of the invisible hand?,John Maynard Keynes,Adam Smith,Karl Marx,Milton Friedman,B,Adam Smith,Smith’s concept of the invisible hand explains how individual self-interest can lead to beneficial outcomes for society.,"Adam Smith’s theory of the invisible hand suggests that the free market operates efficiently when individuals act in their self-interest, leading to economic prosperity.",2026-09-14 11:35:43
GK_EN_0682,English,General Knowledge,"Famous Personalities, Leaders & Thinkers",Medium,Which leader is known for the 'I Have a Dream' speech?,Malcolm X,Martin Luther King Jr.,Barack Obama,Rosa Parks,B,Martin Luther King Jr.,King’s famous speech articulated the dream of racial equality and justice in America.,"Martin Luther King Jr.’s 'I Have a Dream' speech is one of the most iconic in American history, delivering a powerful message of hope and equality.",2026-09-14 11:35:43
GK_EN_0683,English,General Knowledge,"Famous Personalities, Leaders & Thinkers",Medium,Which philosopher is known for his works on the nature of reality and existence?,Plato,René Descartes,John Locke,Immanuel Kant,D,Immanuel Kant,Kant’s philosophical works explore the nature of human reason and the conditions of possible experience.,"Immanuel Kant’s philosophy, particularly his Critique of Pure Reason, fundamentally changed how we understand the nature of reality and the limits of human knowledge.",2026-09-14 11:35:43
GK_EN_0684,English,General Knowledge,"Famous Personalities, Leaders & Thinkers",Medium,Who is known for his work on quantum mechanics?,Niels Bohr,Isaac Newton,Galileo Galilei,Albert Einstein,A,Niels Bohr,Bohr’s contributions to quantum mechanics provided a theoretical framework for understanding atomic structure and behavior.,"Niels Bohr was a key figure in the development of quantum mechanics, proposing the model that explains the structure of the atom and its energy levels.",2026-09-14 11:35:43
GK_EN_0685,English,General Knowledge,"Famous Personalities, Leaders & Thinkers",Medium,Which economist is known for his works on development economics and poverty reduction?,John Maynard Keynes,Amartya Sen,Milton Friedman,Karl Marx,B,Amartya Sen,Sen’s work has had a significant impact on development economics and the understanding of poverty and human capabilities.,"Amartya Sen is renowned for his contributions to development economics, particularly his focus on how economic policies can affect the well-being and freedom of individuals, especially in terms of poverty and inequality.",2026-09-14 11:35:43
GK_EN_0686,English,General Knowledge,"Books, Authors & Literature",Hard,Which of the following authors is known for his series that features a young wizard named Harry who goes to a magical school called Hogwarts?,J.R.R. Tolkien,George R.R. Martin,J.K. Rowling,C.S. Lewis,C,J.K. Rowling,"J.K. Rowling is the author of the Harry Potter series, which has become a global phenomenon.","The Harry Potter series is renowned for its complex narrative, rich world-building, and themes of good versus evil, making J.K. Rowling a pivotal figure in contemporary literature.",2026-09-14 11:36:09
GK_EN_0687,English,General Knowledge,"Books, Authors & Literature",Hard,"Which author wrote the dystopian novel '1984', which introduced the concept of 'Big Brother' and 'doublethink'?",George Orwell,Aldous Huxley,Ray Bradbury,Isaac Asimov,A,George Orwell,George Orwell's '1984' is a seminal work of dystopian literature that has influenced political and social thought.,"George Orwell's '1984' is a masterful exploration of totalitarianism, surveillance, and the manipulation of truth, making it a cornerstone of modern literature.",2026-09-14 11:36:09
GK_EN_0688,English,General Knowledge,"Books, Authors & Literature",Hard,"Which American author wrote 'The Great Gatsby', a novel set in the Jazz Age, which is considered one of the greatest American novels of the 20th century?",Ernest Hemingway,F. Scott Fitzgerald,William Faulkner,Ezra Pound,B,F. Scott Fitzgerald,F. Scott Fitzgerald's 'The Great Gatsby' is celebrated for its critique of the American Dream and its vivid portrayal of the Roaring Twenties.,"F. Scott Fitzgerald's 'The Great Gatsby' is a profound exploration of the American Dream and the moral decay of a society in flux, making it a quintessential piece of 20th-century literature.",2026-09-14 11:36:09
GK_EN_0689,English,General Knowledge,"Books, Authors & Literature",Hard,"Which author wrote 'Ulysses', a modernist novel that explores a single day in the life of Leopold Bloom, a Dubliner, through an intricate narrative structure and stream of consciousness?",James Joyce,Virginia Woolf,T.S. Eliot,William Faulkner,A,James Joyce,James Joyce's 'Ulysses' is a groundbreaking work of modernist literature that revolutionized narrative techniques.,James Joyce's 'Ulysses' is a complex and innovative novel that uses stream of consciousness and other avant-garde techniques to explore the psychological and philosophical depths of its characters.,2026-09-14 11:36:09
GK_EN_0690,English,General Knowledge,"Books, Authors & Literature",Hard,"Which author wrote 'Pride and Prejudice', a novel that explores the themes of marriage, class, and the social dynamics of 19th-century England, and is considered one of the most popular works in English literature?",Jane Austen,Charlotte Bronte,Emily Bronte,George Eliot,A,Jane Austen,Jane Austen's 'Pride and Prejudice' is a masterpiece of English literature that offers a keen social critique through its witty and insightful narrative.,"Jane Austen's 'Pride and Prejudice' is a brilliant social commentary that delves into the complexities of human relationships and societal norms of the 19th century, making it a timeless classic.",2026-09-14 11:36:09
GK_EN_0691,English,General Knowledge,"Books, Authors & Literature",Hard,"Which author wrote 'To Kill a Mockingbird', a novel that explores issues of racial injustice and moral growth in the American South through the eyes of a young girl?",Harper Lee,Eudora Welty,Flannery O'Connor,Alice Walker,A,Harper Lee,Harper Lee's 'To Kill a Mockingbird' is a powerful and poignant novel that addresses important social issues and the nature of empathy.,"Harper Lee's 'To Kill a Mockingbird' is a profound exploration of racial prejudice and the moral growth of a community, making it a seminal work in American literature.",2026-09-14 11:36:09
GK_EN_0692,English,General Knowledge,"Books, Authors & Literature",Hard,"Which author wrote 'The Catcher in the Rye', a novel that delves into the psychological and social struggles of a teenage boy named Holden Caulfield?",J.D. Salinger,Jerome David Salinger,Jerome Salinger,David Salinger,B,Jerome David Salinger,Jerome David Salinger's 'The Catcher in the Rye' is a significant work that examines the identity crisis and alienation of a young protagonist.,"Jerome David Salinger's 'The Catcher in the Rye' is a deeply insightful novel that explores the angst and confusion of adolescence, making it a classic of 20th-century American literature.",2026-09-14 11:36:09
GK_EN_0693,English,General Knowledge,"Books, Authors & Literature",Hard,"Which author wrote 'The Lord of the Rings', a high fantasy novel that follows the quest of a hobbit named Frodo to destroy the One Ring?",C.S. Lewis,Tolkien,J.R.R. Tolkien,J.K. Rowling,C,J.R.R. Tolkien,J.R.R. Tolkien's 'The Lord of the Rings' is a monumental work of fantasy literature that has inspired countless works and adaptations.,"J.R.R. Tolkien's 'The Lord of the Rings' is a sprawling epic that combines myth, legend, and fantasy to create a rich and immersive world, making it a landmark in the genre.",2026-09-14 11:36:09
GK_EN_0694,English,General Knowledge,"Books, Authors & Literature",Hard,"Which author wrote 'Beloved', a novel that explores the psychological and emotional impact of slavery on former slaves, including a haunting narrative about a ghostly figure?",Toni Morrison,Maya Angelou,Alice Walker,Nella Larsen,A,Toni Morrison,Toni Morrison's 'Beloved' is a powerful and unsettling novel that delves into the traumatic legacy of slavery and its effects on individuals and communities.,"Toni Morrison's 'Beloved' is a masterful exploration of the psychological and emotional scars left by slavery, making it a significant contribution to African American literature.",2026-09-14 11:36:09
GK_EN_0695,English,General Knowledge,"Books, Authors & Literature",Hard,"Which author wrote 'One Hundred Years of Solitude', a novel that uses magical realism to explore the history and fate of the Buendia family in the fictional town of Macondo?",Gabriel García Márquez,Mario Vargas Llosa,Julio Cortázar,Isabel Allende,A,Gabriel García Márquez,Gabriel García Márquez's 'One Hundred Years of Solitude' is a groundbreaking work that combines magical realism with a rich narrative of family and history.,"Gabriel García Márquez's 'One Hundred Years of Solitude' is a seminal work that employs magical realism to explore the cyclical nature of history and the enduring legacy of family, making it a masterpiece of Latin American literature.",2026-09-14 11:36:09
GK_EN_0696,English,General Knowledge,"National & International Awards (Nobel, Bharat Ratna, Oscar)",Easy,Which award is often considered the highest honor in the field of literature?,Bharat Ratna,Nobel Prize in Literature,Oscar,Hollywood Film Award,B,Nobel Prize in Literature,The Nobel Prize in Literature is awarded annually to an author on the basis of the quality of their literary work.,"The Nobel Prize in Literature is one of the most prestigious literary awards globally, recognizing outstanding contributions to literature.",2026-09-14 11:36:29
GK_EN_0697,English,General Knowledge,"National & International Awards (Nobel, Bharat Ratna, Oscar)",Easy,The Nobel Prize in Economics is awarded by which institution?,The Nobel Foundation,The Royal Swedish Academy of Sciences,The Swedish Nobel Committee,The Nobel Prize Committee of the United States,B,The Royal Swedish Academy of Sciences,The Royal Swedish Academy of Sciences administers the Nobel Prize in Economics.,"The Nobel Prize in Economics is administered by the Royal Swedish Academy of Sciences, which also administers other Nobel Prizes.",2026-09-14 11:36:29
GK_EN_0698,English,General Knowledge,"National & International Awards (Nobel, Bharat Ratna, Oscar)",Easy,Which of the following is a Nobel Prize category?,Physics,Mathematics,Technology,Arts,A,Physics,Physics is one of the Nobel Prize categories.,The Nobel Prize in Physics recognizes outstanding contributions to the field of physics.,2026-09-14 11:36:29
GK_EN_0699,English,General Knowledge,"National & International Awards (Nobel, Bharat Ratna, Oscar)",Easy,Who was the first Indian to receive the Nobel Prize?,Rabindranath Tagore,Abdul Kalam,Mother Teresa,Amartya Sen,A,Rabindranath Tagore,Rabindranath Tagore was the first Indian to receive a Nobel Prize in 1913 for Literature.,"Rabindranath Tagore received the Nobel Prize in Literature in 1913 for his collection of poems 'Gitanjali', making him the first Indian to win a Nobel Prize.",2026-09-14 11:36:29
GK_EN_0700,English,General Knowledge,"National & International Awards (Nobel, Bharat Ratna, Oscar)",Easy,Which award is given for outstanding contributions to science?,Nobel Prize in Literature,Nobel Prize in Physiology or Medicine,Bharat Ratna,Oscar,B,Nobel Prize in Physiology or Medicine,The Nobel Prize in Physiology or Medicine is awarded for outstanding discoveries in the life sciences and medicine.,"The Nobel Prize in Physiology or Medicine recognizes groundbreaking discoveries in the life sciences and medicine, highlighting the importance of scientific research.",2026-09-14 11:36:29
GK_EN_0701,English,General Knowledge,"National & International Awards (Nobel, Bharat Ratna, Oscar)",Easy,"Which Indian was the first to receive the Bharat Ratna, India's highest civilian award?",Mother Teresa,Bhimrao Ambedkar,Jawaharlal Nehru,Abdul Kalam,A,Mother Teresa,Mother Teresa was the first Indian to receive the Bharat Ratna in 1979.,"Mother Teresa was honored with the Bharat Ratna in 1979 for her work in providing medical, educational, and social services to the poor and the sick.",2026-09-14 11:36:29
GK_EN_0702,English,General Knowledge,"National & International Awards (Nobel, Bharat Ratna, Oscar)",Easy,The Bharat Ratna award is given in which of the following categories?,Literature,Science,Arts,Civilian,D,Civilian,The Bharat Ratna is awarded to individuals for exceptional service to the nation.,"The Bharat Ratna is a civilian award in India, recognizing outstanding contributions to the nation in various fields.",2026-09-14 11:36:29
GK_EN_0703,English,General Knowledge,"National & International Awards (Nobel, Bharat Ratna, Oscar)",Easy,Which of the following is a recipient of the Nobel Peace Prize?,Al Gore and Joseph Stiglitz,Walt Disney,Nelson Mandela,Stephen Hawking,C,Nelson Mandela,Nelson Mandela received the Nobel Peace Prize in 1993 for his efforts to end apartheid in South Africa.,Nelson Mandela was awarded the Nobel Peace Prize in 1993 for his work in promoting reconciliation and democracy in South Africa.,2026-09-14 11:36:29
GK_EN_0704,English,General Knowledge,"National & International Awards (Nobel, Bharat Ratna, Oscar)",Easy,Which of the following is not an international award?,Nobel Prize,Bharat Ratna,Oscar,Grammy,B,Bharat Ratna,"The Bharat Ratna is a national award of India, not an international one.","The Bharat Ratna is awarded by the Indian government and is a national honor, not an international award like the Nobel Prize, Oscars, or Grammys.",2026-09-14 11:36:29
GK_EN_0705,English,General Knowledge,"National & International Awards (Nobel, Bharat Ratna, Oscar)",Easy,Which award is given for excellence in the field of cinema?,Nobel Prize,Bharat Ratna,Oscar,Grammy,C,Oscar,The Oscar is awarded by the Academy of Motion Picture Arts and Sciences for excellence in the film industry.,"The Oscar, or Academy Award, is given annually to recognize outstanding achievements in the film industry.",2026-09-14 11:36:29
GK_EN_0706,English,General Knowledge,"Sports, Olympic Games & Championships",Medium,Which Olympic event has been discontinued since the 1912 Stockholm Games?,100 meters,Marathon,Decathlon,Pentathlon,D,Pentathlon,Pentathlon was discontinued because it included events that were not considered gentlemanly.,"Pentathlon, which included events such as wrestling and fencing, was controversial and eventually discontinued in favor of more standardized track and field events.",2026-09-14 11:36:48
GK_EN_0707,English,General Knowledge,"Sports, Olympic Games & Championships",Medium,In which Olympic Games did female athletes first compete?,1896 Athens,1900 Paris,1920 Antwerp,1928 Amsterdam,B,1900 Paris,Paris 1900 was the first Olympics to allow women to compete in a variety of events.,"Previously, women were only allowed to participate in golf and tennis, but in 1900, a wider range of events became available to female athletes.",2026-09-14 11:36:48
GK_EN_0708,English,General Knowledge,"Sports, Olympic Games & Championships",Medium,Which Olympic sport was introduced in the 1996 Atlanta Games?,Badminton,Taekwondo,Sailing,Table Tennis,B,Taekwondo,Taekwondo was added to the Olympic program to expand the variety of martial arts represented.,Taekwondo was chosen to represent Korean culture and was seen as a way to promote physical fitness and discipline among young athletes.,2026-09-14 11:36:48
GK_EN_0709,English,General Knowledge,"Sports, Olympic Games & Championships",Medium,Which of the following is not a Summer Olympic sport?,Rowing,Shooting,Water Polo,Curling,D,Curling,"Curling is a Winter Olympic sport, not a Summer Olympic sport.",Curling involves sliding stones on ice and requires different equipment and conditions compared to sports typically featured in the Summer Olympics.,2026-09-14 11:36:48
GK_EN_0710,English,General Knowledge,"Sports, Olympic Games & Championships",Medium,Which country has hosted the Summer Olympics the most times?,United States,France,United Kingdom,Germany,A,United States,The United States has hosted the Summer Olympics four times.,"The United States hosted the Olympics in 1904, 1932, 1984, and 1996, making it the country with the most Olympic hosting experiences.",2026-09-14 11:36:48
GK_EN_0711,English,General Knowledge,"Sports, Olympic Games & Championships",Medium,Which of the following is not an Olympic swimming event?,400-meter freestyle,200-meter medley relay,100-meter breaststroke,100-meter freestyle relay,D,100-meter freestyle relay,"The 100-meter freestyle relay is not an individual event, but a team event.","Individual events are swum by one athlete, while relay events involve a team of swimmers working together to complete the race.",2026-09-14 11:36:48
GK_EN_0712,English,General Knowledge,"Sports, Olympic Games & Championships",Medium,Which country won the most gold medals in the 2016 Rio Olympics?,United States,China,Russia,Great Britain,A,United States,The United States topped the medal table with 46 gold medals.,"The United States has consistently performed well in the Olympics, often leading in the medal count, particularly in sports like swimming and track and field.",2026-09-14 11:36:48
GK_EN_0713,English,General Knowledge,"Sports, Olympic Games & Championships",Medium,Which of the following is not a discipline in gymnastics?,Vault,Vaulting,Rhythmic gymnastics,Artistic gymnastics,B,Vaulting,Vaulting is not an official discipline in gymnastics; it's more related to acrobatics.,"Vaulting, though related to the gymnastics vault, is not an Olympic discipline. It is more associated with circus performances and杂技表演.",2026-09-14 11:36:48
GK_EN_0714,English,General Knowledge,"Sports, Olympic Games & Championships",Medium,Which of the following is not a Winter Olympic sport?,Biathlon,Ski jumping,Water polo,Snowboarding,C,Water polo,"Water polo is a Summer Olympic sport, not a Winter Olympic sport.","Water polo is primarily an aquatic sport played in pools, whereas the Winter Olympics focus on ice and snow-based events.",2026-09-14 11:36:48
GK_EN_0715,English,General Knowledge,"Sports, Olympic Games & Championships",Medium,Which Olympic event has the most gold medals awarded?,Swimming,Track and field,Basketball,Athletics,A,Swimming,Swimming has the highest number of gold medals awarded in the Olympics.,"Swimming is a popular and widely contested event in the Olympics, offering multiple disciplines and a large number of medal opportunities.",2026-09-14 11:36:48
GK_EN_0716,English,General Knowledge,"Ecology, Biodiversity & National Parks",Hard,Which of the following national parks is known for the highest diversity of plant species in the United States?,Yellowstone National Park,Great Smoky Mountains National Park,Dry Tortugas National Park,North Cascades National Park,B,Great Smoky Mountains National Park,"Great Smoky Mountains National Park is renowned for its rich biodiversity and is home to over 1,500 species of vascular plants.","This park is located in the Appalachian Mountains and is one of the most biodiverse areas in the eastern United States, hosting a variety of plant communities and species due to its diverse elevation and climate.",2026-09-14 11:37:09
GK_EN_0717,English,General Knowledge,"Ecology, Biodiversity & National Parks",Hard,Which of the following is a primary reason for the decline in biodiversity in tropical rainforests?,Invasive species,Habitat destruction and fragmentation,Overfishing,Pollution,B,Habitat destruction and fragmentation,"Habitat destruction and fragmentation are major drivers of biodiversity loss, as they reduce the available space for species to live and limit their ability to migrate and interact.","Deforestation for agriculture, logging, and urban development leads to the loss of habitat and isolates remaining patches, making it difficult for species to survive and thrive.",2026-09-14 11:37:09
GK_EN_0718,English,General Knowledge,"Ecology, Biodiversity & National Parks",Hard,Which of the following is a key indicator of ecosystem health in a national park?,Number of visitors,Water quality,Number of trees,Type of wildlife,B,Water quality,Water quality is a critical indicator of ecosystem health as it reflects the overall condition of the environment and the well-being of aquatic species.,"Pollution and other factors can degrade water quality, affecting not only aquatic life but also the entire ecosystem and human health.",2026-09-14 11:37:09
GK_EN_0719,English,General Knowledge,"Ecology, Biodiversity & National Parks",Hard,Which of the following is a significant factor contributing to the increase in invasive species in protected areas?,Climate change,Genetic modification,Increased tourism,Overfishing,A,Climate change,"Climate change can alter the natural balance of ecosystems, allowing invasive species to thrive in areas where they were previously unable to survive.","As temperatures and precipitation patterns change, new species may be able to establish themselves in areas that were previously inhospitable, leading to competition and displacement of native species.",2026-09-14 11:37:09
GK_EN_0720,English,General Knowledge,"Ecology, Biodiversity & National Parks",Hard,Which of the following conservation strategies is most effective in maintaining biodiversity in national parks?,Creation of buffer zones,Removal of invasive species,Establishment of wildlife corridors,Installation of artificial habitats,C,Establishment of wildlife corridors,"Wildlife corridors help connect fragmented habitats, allowing species to migrate and disperse, which is crucial for maintaining genetic diversity and the overall health of ecosystems.","These corridors provide safe pathways for animals to travel between different protected areas, reducing the risk of inbreeding and promoting the exchange of genetic material.",2026-09-14 11:37:09
GK_EN_0721,English,General Knowledge,"Ecology, Biodiversity & National Parks",Hard,Which of the following is a primary challenge in managing biodiversity in marine national parks?,Overfishing,Oil spills,Invasive species,Climate change,D,Climate change,"Climate change impacts marine ecosystems through warming waters, ocean acidification, and sea level rise, all of which threaten the survival of many marine species and their habitats.","These changes can disrupt food chains, alter breeding patterns, and degrade coral reefs, leading to significant biodiversity loss in marine protected areas.",2026-09-14 11:37:09
GK_EN_0722,English,General Knowledge,"Ecology, Biodiversity & National Parks",Hard,Which of the following is a key principle of ecological restoration in national parks?,Restoration of native plant species,Introduction of exotic species,Construction of new infrastructure,Increased use of pesticides,A,Restoration of native plant species,Restoring native plant species is crucial for re-establishing natural habitats and supporting the full range of native wildlife.,"Native plants provide essential resources and support the complex food webs that native animals depend on, helping to restore the natural ecological balance.",2026-09-14 11:37:09
GK_EN_0723,English,General Knowledge,"Ecology, Biodiversity & National Parks",Hard,Which of the following is a critical factor in the success of reforestation projects in national parks?,Speed of planting,Selection of native tree species,Use of genetically modified trees,Application of chemical fertilizers,B,Selection of native tree species,Choosing native tree species is essential as they are adapted to the local environment and can better support local wildlife and natural processes.,"Native trees are more likely to thrive in their natural habitat and provide the necessary resources for other species, leading to a more resilient and diverse ecosystem.",2026-09-14 11:37:09
GK_EN_0724,English,General Knowledge,"Ecology, Biodiversity & National Parks",Hard,Which of the following best describes the concept of 'ecological resilience' in the context of national parks?,The ability of an ecosystem to resist and recover from disturbances,The rate at which a park can generate revenue,The number of visitors a park can accommodate,The speed of plant growth in the park,A,The ability of an ecosystem to resist and recover from disturbances,"Ecological resilience refers to the capacity of an ecosystem to withstand and recover from disturbances, such as climate change, invasive species, or habitat loss.","A resilient ecosystem can maintain its structure and function despite environmental changes, ensuring the continued presence of biodiversity and supporting human well-being.",2026-09-14 11:37:09
GK_EN_0725,English,General Knowledge,Ancient & Medieval History,Easy,"Which ancient civilization is known for constructing the Hanging Gardens, one of the Seven Wonders of the Ancient World?",Babylonians,Egyptians,Greeks,Romans,A,Babylonians,"The Babylonians are credited with the construction of the Hanging Gardens, showcasing their advanced engineering and horticultural skills.","While the exact location of the Hanging Gardens is debated, they are traditionally attributed to the Babylonians, who were known for their impressive architectural feats and irrigation techniques.",2026-09-14 11:37:33
GK_EN_0726,English,General Knowledge,Ancient & Medieval History,Easy,Which of the following was a significant figure in the Byzantine Empire and is known for his extensive historical writings?,Julius Caesar,Isaac Newton,Edward Gibbon,Procopius,D,Procopius,"Procopius wrote detailed histories of the wars and the reigns of the Byzantine emperors, providing valuable insight into the period.","Procopius was a Byzantine historian who lived during the 6th century and is famous for his works 'History of the Wars' and 'Buildings', which offer important historical accounts of the time.",2026-09-14 11:37:33
GK_EN_0727,English,General Knowledge,Ancient & Medieval History,Easy,Which of the following was a key element of Roman military strategy during the Punic Wars?,Siege warfare,Naval battles,Guerrilla warfare,Trench warfare,A,Siege warfare,"The Romans were adept at laying siege to enemy cities, using a combination of tactics and engineering to secure victory.","During the Punic Wars, the Romans focused on blockading and capturing enemy cities, which often involved the construction of siege engines and fortifications to overwhelm and capture the cities.",2026-09-14 11:37:33
GK_EN_0728,English,General Knowledge,Ancient & Medieval History,Easy,Who is known as the 'Father of History' and wrote the first comprehensive history of the world from a Greek perspective?,Herodotus,Thucydides,Homer,Plato,A,Herodotus,"Herodotus is credited with the first systematic, though not always accurate, historical research, which he detailed in his work 'The Histories'.","Herodotus is renowned for his work 'The Histories', where he chronicled the events leading up to the Greco-Persian Wars, earning him the title of the 'Father of History' for his pioneering approach to historical writing.",2026-09-14 11:37:33
GK_EN_0729,English,General Knowledge,Ancient & Medieval History,Easy,Which of the following was a significant cause of the fall of the Western Roman Empire?,The spread of Christianity,The expansion of the Mongol Empire,The barbarian invasions,The discovery of the New World,C,The barbarian invasions,"The constant pressure from various barbarian tribes weakened the Roman Empire, eventually leading to its collapse.","The Roman Empire faced numerous invasions from groups such as the Visigoths, Vandals, and Huns, which drained its resources and contributed to its decline and eventual fall in 476 AD.",2026-09-14 11:37:33
GK_EN_0730,English,General Knowledge,Ancient & Medieval History,Easy,Which ancient philosopher wrote the 'Republic' and was known for his ideal state concept?,Aristotle,Plato,Socrates,Zeno of Citium,B,Plato,"Plato's 'Republic' is one of his most famous works, outlining his vision of an ideal state governed by philosopher-kings.","In 'The Republic', Plato explores the concept of justice and the nature of an ideal state, proposing a hierarchical society led by philosopher-kings who are dedicated to the common good.",2026-09-14 11:37:33
GK_EN_0731,English,General Knowledge,Ancient & Medieval History,Easy,Which of the following medieval texts is a collection of knightly tales and is considered a cornerstone of chivalric literature?,The Iliad,The Canterbury Tales,The Divine Comedy,The Arthurian Cycle,D,The Arthurian Cycle,"The Arthurian Cycle includes tales of King Arthur and his knights, which have become iconic in medieval literature and popular culture.","The Arthurian Cycle includes numerous stories about King Arthur and his knights, such as 'Le Morte d'Arthur' by Sir Thomas Malory, which is a compilation of tales that have shaped the legend of Camelot and King Arthur.",2026-09-14 11:37:33
GK_EN_0732,English,General Knowledge,Ancient & Medieval History,Easy,Which of the following events marked the beginning of the High Middle Ages in Europe?,The fall of the Western Roman Empire,The start of the Crusades,The discovery of America,The Black Death,B,The start of the Crusades,"The First Crusade, launched in 1095, initiated the period of the High Middle Ages, characterized by increased trade, urbanization, and cultural growth.","The Crusades, which began with the First Crusade in 1095, initiated a period of significant change in Europe, including increased trade, urban development, and the spread of cultural and technological advancements.",2026-09-14 11:37:33
GK_EN_0733,English,General Knowledge,Ancient & Medieval History,Easy,Which of the following was a significant contribution of the Islamic Golden Age to science and medicine?,The invention of the telescope,The development of algebra,The discovery of DNA,The invention of the printing press,B,The development of algebra,"Al-Khwarizmi, a Persian mathematician, is credited with developing algebra, which is a fundamental part of modern mathematics.","Al-Khwarizmi's work on algebra, particularly his book 'Al-Kitab al-mukhtasar fi hisab al-jabr wa'l-muqabala', introduced systematic and logical approaches to solving linear and quadratic equations, which laid the foundation for modern algebra.",2026-09-14 11:37:33
GK_EN_0734,English,General Knowledge,Ancient & Medieval History,Easy,Which of the following was a significant figure in the early Christian church and is known for his missionary work in the Roman Empire?,St. Augustine,St. Paul,St. Thomas Aquinas,St. Peter,B,St. Paul,"St. Paul was instrumental in spreading Christianity throughout the Roman Empire, writing numerous epistles that are central to Christian theology.","St. Paul, also known as Saul of Tarsus, was a key figure in the early Christian church, known for his missionary work and the many letters he wrote, which are included in the New Testament and have been crucial in shaping Christian doctrine and practice.",2026-09-14 11:37:33
GK_EN_0735,English,General Knowledge,Modern Indian History & Freedom Struggle,Medium,Who is known as the 'Father of the Indian Navy' and played a significant role in the Indian independence movement?,Subhas Chandra Bose,Bal Gangadhar Tilak,K. L. Menezes,P. V. Narasimha Rao,C,K. L. Menezes,K. L. Menezes was a key figure in organizing the Indian Navy during the independence movement.,"K. L. Menezes organized the Indian sailors and launched the famous Quit India Mutiny of 1942, which significantly disrupted British naval operations.",2026-09-14 11:37:58
GK_EN_0736,English,General Knowledge,Modern Indian History & Freedom Struggle,Medium,Which of the following leaders is known for his pivotal role in the Quit India Movement and was imprisoned for his activism?,Gandhi,Jawaharlal Nehru,Bhagat Singh,Lala Lajpat Rai,A,Gandhi,Mahatma Gandhi was the principal architect of the Quit India Movement and was arrested immediately after its launch.,"Gandhi's speech at the Bombay session of the All India Congress Committee in 1942 called for an immediate cessation of all cooperation with the British, leading to his arrest.",2026-09-14 11:37:58
GK_EN_0737,English,General Knowledge,Modern Indian History & Freedom Struggle,Medium,Who is known for the famous 'Dilli Chalo' speech and led the Non-Cooperation Movement in 1920?,Subhas Chandra Bose,Jawaharlal Nehru,Mahatma Gandhi,B. R. Ambedkar,C,Mahatma Gandhi,"Mahatma Gandhi delivered the 'Dilli Chalo' speech at the Non-Cooperation Movement launching session in Calcutta, which sparked widespread unrest.","Gandhi's speech called for the people to march to Delhi, the seat of the British government in India, to demand constitutional reforms, which became a defining moment of the movement.",2026-09-14 11:37:58
GK_EN_0738,English,General Knowledge,Modern Indian History & Freedom Struggle,Medium,Which of the following was a significant event that highlighted the brutality of the British colonial rule and led to widespread protests in 1922?,Amritsar Massacre,Jallianwala Bagh Massacre,Chauri Chaura Incident,Partition of Bengal,C,Chauri Chaura Incident,The Chauri Chaura incident led to the suspension of the Non-Cooperation Movement and highlighted the violent response of the British to peaceful protests.,"In Chauri Chaura, protesters set a police station on fire, leading to a violent response from the British, which caused a backlash and the temporary suspension of the Non-Cooperation Movement.",2026-09-14 11:37:58
GK_EN_0739,English,General Knowledge,Modern Indian History & Freedom Struggle,Medium,Who is known for initiating the Swadeshi Movement and the 'Boycott' campaign against British goods in the early 20th century?,Gandhi,Bhagat Singh,Lala Lajpat Rai,V. D. Savarkar,A,Gandhi,Gandhi launched the Swadeshi Movement and the 'Boycott' campaign as a means to resist British economic control over India.,"Gandhi's Swadeshi Movement encouraged Indians to boycott foreign goods and promote hand-spun cloth and handloom products, aiming to reduce the economic dependence on British goods.",2026-09-14 11:37:58
GK_EN_0740,English,General Knowledge,Modern Indian History & Freedom Struggle,Medium,Which of the following events marked the beginning of the Indian National Army (INA) and its fight against the British?,The Battle of Palam,The Battle of Imphal,The Formation of the INA in Singapore,The Battle of Kohima,C,The Formation of the INA in Singapore,The formation of the Indian National Army in Singapore marked a significant step in the organized resistance against British rule.,"Subhas Chandra Bose formed the Indian National Army in Singapore in 1942, uniting Indian soldiers, sailors, and airmen to fight for India's independence.",2026-09-14 11:37:58
GK_EN_0741,English,General Knowledge,Modern Indian History & Freedom Struggle,Medium,"Who was the leader of the Simon Commission, which was criticized by Indians for not including any Indian members?",Winston Churchill,Andrew Bonar Law,Stanley Wolpert,Jawaharlal Nehru,B,Andrew Bonar Law,"Andrew Bonar Law was the leader of the Simon Commission, which sparked widespread protests and boycotts in India.","The Simon Commission, led by Andrew Bonar Law, toured India in 1928 to collect public opinion on constitutional reform, but its all-white composition angered Indians, leading to major protests and boycotts.",2026-09-14 11:37:58
GK_EN_0742,English,General Knowledge,Modern Indian History & Freedom Struggle,Medium,"Which of the following was a significant event that led to the partition of Bengal in 1905, which later played a role in the national movement?",The Partition of Bengal,The Partition of India,The Sepoy Mutiny,The Partition of Andhra Pradesh,A,The Partition of Bengal,"The partition of Bengal in 1905 was an attempt by the British to divide the province for administrative convenience, but it was met with strong opposition by the Indian populace.","The partition of Bengal in 1905, opposed by Bal Gangadhar Tilak and others, led to widespread protests and the resurgence of the national movement, emphasizing self-rule and unity.",2026-09-14 11:37:58
GK_EN_0743,English,General Knowledge,Modern Indian History & Freedom Struggle,Medium,Which of the following was a key figure in the Indian independence movement and is known for his role in the Quit India Movement and his martyrdom in 1930?,Jawaharlal Nehru,Subhas Chandra Bose,Bhagat Singh,Gandhi,C,Bhagat Singh,Bhagat Singh was a key figure in the Indian independence movement and is remembered for his martyrdom in 1930 during the Lahore Conspiracy Case.,"Bhagat Singh, along with others, was involved in the bombing of the Central Legislative Assembly in 1929 and was later hanged in 1930, becoming a symbol of sacrifice for the Indian independence movement.",2026-09-14 11:37:58
GK_EN_0744,English,General Knowledge,Modern Indian History & Freedom Struggle,Medium,Which of the following events marked the end of the Indian freedom struggle and the establishment of an independent India?,The signing of the Quit India Resolution,The Indian Independence Act 1947,The Partition of India,The Dandi Salt March,B,The Indian Independence Act 1947,"The Indian Independence Act 1947 was the British Parliament's legislation that formally granted independence to India on August 15, 1947.","The Act, passed by the British Parliament in 1947, ended British rule in India and set the stage for the establishment of two independent dominions: India and Pakistan.",2026-09-14 11:37:58
GK_EN_0745,English,General Knowledge,World History & Revolutions,Hard,"Which of the following events is considered a pivotal moment in the French Revolution, leading to the rise of Maximilien Robespierre and the Reign of Terror?",The signing of the Declaration of the Rights of Man and of the Citizen,The Women's March on Versailles,The Fall of the Bastille,The Thermidorian Reaction,D,The Thermidorian Reaction,The Thermidorian Reaction marked the end of the Reign of Terror and the decline of Robespierre's power.,"The Thermidorian Reaction was a political upheaval that occurred in 1794, during the French Revolution. It led to the arrest and execution of Maximilien Robespierre and other leaders of the Jacobin Club, effectively ending the Reign of Terror and marking a shift towards a more moderate phase of the revolution.",2026-09-14 11:38:28
GK_EN_0746,English,General Knowledge,World History & Revolutions,Hard,"Which event is considered the catalyst for the Russian Revolution of 1917, leading to the abdication of Tsar Nicholas II and the rise of the Provisional Government?",The February Revolution,The July Days,The October Revolution,The Treaty of Brest-Litovsk,A,The February Revolution,The February Revolution resulted in the abdication of Tsar Nicholas II and the establishment of a provisional government.,"The February Revolution, which began on February 23, 1917 (February 8 in the Julian calendar used in Russia), led to the abdication of Tsar Nicholas II and the formation of a provisional government. This event marked the beginning of the Russian Revolution.",2026-09-14 11:38:28
GK_EN_0747,English,General Knowledge,World History & Revolutions,Hard,"Which of the following leaders was a key figure in the American Revolution, known for his role in the Continental Congress and later as the first President of the United States?",Thomas Jefferson,John Adams,George Washington,Benjamin Franklin,C,George Washington,"George Washington was a military general and political leader who served as the first President of the United States, leading the Continental Army to victory in the American Revolutionary War.","George Washington was a pivotal figure in the American Revolution, serving as the commander-in-chief of the Continental Army. After the war, he was unanimously elected as the first President of the United States, presiding over the formation of the U.S. government and setting numerous precedents for the office.",2026-09-14 11:38:28
GK_EN_0748,English,General Knowledge,World History & Revolutions,Hard,"Which of the following revolutions is considered a significant event in Latin American history, leading to the independence of several countries from Spanish rule?",The Haitian Revolution,The Mexican Revolution,The Cuban Revolution,The Argentine Revolution,A,The Haitian Revolution,"The Haitian Revolution, which began in 1791, was the first successful slave revolt in the Americas, leading to the establishment of Haiti as the first free black republic.","The Haitian Revolution, which lasted from 1791 to 1804, was a pivotal event in the history of Latin America. It was the first successful slave revolt and led to the establishment of Haiti as an independent nation, the first black republic in the world.",2026-09-14 11:38:28
GK_EN_0749,English,General Knowledge,World History & Revolutions,Hard,"Which of the following was a significant outcome of the Boxer Rebellion in China, leading to the involvement of foreign powers and the dismantling of the Qing Dynasty's authority?",The establishment of the Republic of China,The signing of the Treaty of Shimonoseki,The Boxer Protocol,The fall of the Qing Dynasty,C,The Boxer Protocol,"The Boxer Protocol, signed in 1901, required China to pay reparations and allowed foreign powers to station troops in Beijing, marking a significant foreign intervention in Chinese affairs.","The Boxer Protocol, signed in 1901, was an agreement between China and the foreign powers involved in the suppression of the Boxer Rebellion. It required China to pay reparations, dismantle the Boxers, and permit foreign troops to be stationed in Beijing, representing a significant foreign intervention in Chinese governance and leading to further erosion of Qing Dynasty authority.",2026-09-14 11:38:28
GK_EN_0750,English,General Knowledge,World History & Revolutions,Hard,"Which of the following was a key figure in the Irish Rebellion of 1798, leading to the suppression of the uprising and the eventual Union with Great Britain in 1801?",Robert Emmet,William Smith O'Brien,Thomas Addis Emmet,Napper Tandy,B,William Smith O'Brien,"William Smith O'Brien was a key leader in the Irish Rebellion of 1798, advocating for Irish independence and playing a crucial role in the failed uprising.","William Smith O'Brien was a prominent figure in the Irish Rebellion of 1798. He was one of the leaders of the rebellion and played a significant role in organizing the United Irishmen and advocating for Irish independence. His involvement in the uprising led to his capture and execution, contributing to the suppression of the rebellion and the eventual Union with Great Britain in 1801.",2026-09-14 11:38:28
GK_EN_0751,English,General Knowledge,World History & Revolutions,Hard,"Which of the following revolutions is considered a significant event in Latin American history, leading to the independence of several countries from Spanish rule and influencing other revolutions in the Americas?",The Mexican Revolution,The Haitian Revolution,The Chilean War of Independence,The Argentine Revolution,B,The Haitian Revolution,"The Haitian Revolution, which began in 1791, was the first successful slave revolt in the Americas, leading to the establishment of Haiti as the first free black republic and inspiring other revolutionary movements.","The Haitian Revolution, which began in 1791 and lasted until 1804, was the first successful slave revolt in the Americas. It led to the establishment of Haiti as an independent nation and the first black republic, inspiring other revolutionary movements in the region and beyond.",2026-09-14 11:38:28
GK_EN_0752,English,General Knowledge,World History & Revolutions,Hard,"Which of the following events is considered a significant milestone in the history of the Chinese Revolution, leading to the establishment of the People's Republic of China in 1949?",The Long March,The Nanchang Uprising,The Mukden Incident,The Marco Polo Bridge Incident,A,The Long March,"The Long March, a 6,000-mile journey from the north to the south of China, symbolized the Communist Party's resilience and eventual rise to power.","The Long March, which began in 1934, was a 6,000-mile journey from the north to the south of China. It symbolized the Communist Party's resilience and eventual rise to power, leading to the establishment of the People's Republic of China in 1949.",2026-09-14 11:38:28
GK_EN_0753,English,General Knowledge,World History & Revolutions,Hard,"Which of the following events is considered a significant event in the history of the French Revolution, leading to the radicalization of the revolution and the rise of the Jacobins?",The Women's March on Versailles,The National Convention,The Reign of Terror,The Fall of the Bastille,B,The National Convention,"The National Convention, established in 1792, was a key legislative body during the French Revolution and played a crucial role in the radicalization of the revolution and the rise of the Jacobins.","The National Convention, established in 1792, was a key legislative body during the French Revolution. It played a crucial role in the radicalization of the revolution, including the establishment of the Reign of Terror and the rise of the Jacobins, who dominated the convention and implemented radical policies.",2026-09-14 11:38:28
GK_EN_0754,English,General Knowledge,"Indian Geography (Rivers, Mountains, Climate)",Easy,Which of the following is the primary source of the Brahmaputra River?,The Himalayas,The Gangotri Glacier,The Siwalik Hills,The Tibetan Plateau,D,The Tibetan Plateau,The Brahmaputra originates from the Tibetan Plateau and flows through several countries before entering India.,"The Brahmaputra River starts from the Himalayan glaciers in Tibet and flows through China and India, making the Tibetan Plateau its primary source.",2026-09-14 11:38:49
GK_EN_0755,English,General Knowledge,"Indian Geography (Rivers, Mountains, Climate)",Easy,Which of the following climatic zones experiences the highest rainfall in India?,The Thar Desert,The Western Ghats,The Himalayan region,The Gangetic Plain,B,The Western Ghats,The Western Ghats receive heavy rainfall due to the orographic effect of the mountains.,"The Western Ghats experience high rainfall due to the orographic lifting of moisture-laden winds, making them one of the wettest regions in India.",2026-09-14 11:38:49
GK_EN_0756,English,General Knowledge,"Indian Geography (Rivers, Mountains, Climate)",Easy,Which mountain range is the highest in India?,The Himalayas,The Aravalli,The Vindhya,The Satpura,A,The Himalayas,The Himalayas are the highest mountain range in India and among the highest in the world.,"The Himalayas not only form the highest mountain range in India but also the world's highest mountain range, hosting peaks like Mount Everest.",2026-09-14 11:38:49
GK_EN_0757,English,General Knowledge,"Indian Geography (Rivers, Mountains, Climate)",Easy,Which of the following is known as the 'Rice Bowl' of India?,The Deccan Plateau,The Brahmaputra Valley,The Ganga Plains,The Eastern Ghats,B,The Brahmaputra Valley,The Brahmaputra Valley is famous for its fertile soil and high rice production.,"The Brahmaputra Valley, often referred to as the 'Rice Bowl' of India, is renowned for its rich agricultural productivity and rice cultivation.",2026-09-14 11:38:49
GK_EN_0758,English,General Knowledge,"Indian Geography (Rivers, Mountains, Climate)",Easy,Which of the following rivers is known as the 'River of Life' for the people of Bihar and West Bengal?,The Ganga,The Yamuna,The Brahmaputra,The Godavari,A,The Ganga,The Ganga is revered as the 'River of Life' for its spiritual and economic significance.,"The Ganga is a symbol of life and culture for millions of people in India, serving both as a source of livelihood and a place of religious importance.",2026-09-14 11:38:49
GK_EN_0759,English,General Knowledge,"Indian Geography (Rivers, Mountains, Climate)",Easy,Which of the following rivers is known for its delta in the Bay of Bengal?,The Krishna,The Godavari,The Mahanadi,The Ganga,D,The Ganga,The Ganga forms a vast delta known as the Sundarbans in the Bay of Bengal.,"The Ganga delta, known as the Sundarbans, is a significant ecosystem and a major tourist attraction, covering a large part of the Bay of Bengal.",2026-09-14 11:38:49
GK_EN_0760,English,General Knowledge,"Indian Geography (Rivers, Mountains, Climate)",Easy,Which of the following is the highest peak in the Eastern Himalayas?,Kangchenjunga,Annapurna,Makalu,Dhaulagiri,A,Kangchenjunga,Kangchenjunga is the third-highest peak in the world and the highest peak in the Eastern Himalayas.,"Kangchenjunga, located in the eastern Himalayas, is the highest peak in that region and the third-highest peak in the world, standing at 8,586 meters.",2026-09-14 11:38:49
GK_EN_0761,English,General Knowledge,"Indian Geography (Rivers, Mountains, Climate)",Easy,Which of the following mountain ranges is known for its snow-capped peaks and is a major source of freshwater to India?,The Western Ghats,The Aravalli,The Himalayas,The Satpura,C,The Himalayas,The Himalayas are known for their snow-capped peaks and are a major source of freshwater to India through glacial melt.,"The Himalayas are famous for their snow-capped peaks and act as a significant source of freshwater, providing water to many rivers and affecting the climate of the Indian subcontinent.",2026-09-14 11:38:49
GK_EN_0762,English,General Knowledge,World Geography & Solar System,Medium,Which of the following planets in the solar system is known for having the most moons?,Mercury,Jupiter,Mars,Saturn,B,Jupiter,"Jupiter has the most known moons, currently over 79.","Jupiter is known for its numerous moons, with the largest four being Ganymede, Callisto, Io, and Europa, which were discovered by Galileo Galilei in the early 17th century.",2026-09-14 11:39:10
GK_EN_0763,English,General Knowledge,World Geography & Solar System,Medium,Which planet in our solar system is known as the 'Red Planet'?,Venus,Mars,Jupiter,Saturn,B,Mars,The reddish appearance of Mars is due to iron oxide (rust) on its surface.,"Mars gets its reddish hue from the iron oxide, or rust, covering its surface, which gives it the nickname 'Red Planet'.",2026-09-14 11:39:10
GK_EN_0764,English,General Knowledge,World Geography & Solar System,Medium,Which of the following is the smallest planet in our solar system?,Mercury,Venus,Earth,Neptune,A,Mercury,Mercury is the smallest planet in the solar system.,"Mercury is the smallest planet in the solar system, with a diameter of only about 4,880 kilometers, roughly one-third the size of Earth.",2026-09-14 11:39:10
GK_EN_0765,English,General Knowledge,World Geography & Solar System,Medium,Which planet in the solar system has the most pronounced rings?,Mercury,Venus,Jupiter,Saturn,D,Saturn,Saturn's rings are the most prominent and easily visible from Earth.,"Saturn's rings are the most extensive and visible in the solar system, made up of countless small particles of ice and rock.",2026-09-14 11:39:10
GK_EN_0766,English,General Knowledge,World Geography & Solar System,Medium,Which of the following is the largest desert in the world?,Antarctica,Sahara,Gobi,Arabian,A,Antarctica,Antarctica is the largest desert by area.,"Despite being covered in ice, Antarctica is considered a desert because it receives very little precipitation, making it the largest cold desert in the world.",2026-09-14 11:39:10
GK_EN_0767,English,General Knowledge,World Geography & Solar System,Medium,Which of the following is the deepest known point in the ocean?,Mariana Trench,Kermadec Trench,Java Trench,Palmyra Trench,A,Mariana Trench,"The Mariana Trench contains the Challenger Deep, the deepest known point in the ocean.","The Mariana Trench, located in the western Pacific Ocean, contains the Challenger Deep, which reaches a depth of about 36,000 feet (10,984 meters).",2026-09-14 11:39:10
GK_EN_0768,English,General Knowledge,World Geography & Solar System,Medium,Which of the following is the largest volcanic mountain in the solar system?,Mount Everest,Mauna Loa,Olympus Mons,Piton de la Fournaise,C,Olympus Mons,Olympus Mons is the largest known volcano in the solar system.,"Olympus Mons on Mars is the tallest known volcano in the solar system, standing about 22 kilometers (14 miles) high and 600 kilometers (370 miles) in diameter.",2026-09-14 11:39:10
GK_EN_0769,English,General Knowledge,World Geography & Solar System,Medium,Which of the following is the largest lake in the world by volume?,Lake Superior,Lake Victoria,Lake Baikal,Lake Michigan,C,Lake Baikal,Lake Baikal is the largest freshwater lake by volume in the world.,"Lake Baikal in Russia is the largest freshwater lake by volume, containing about 23,615 cubic kilometers (5,670 cubic miles) of water, more than the North American Great Lakes combined.",2026-09-14 11:39:10
GK_EN_0770,English,General Knowledge,"Indian Polity, Constitution & Governance",Hard,Which of the following is NOT a fundamental duty as per the 8th Schedule of the Indian Constitution?,To abide by the laws,To promote harmony and spirit of common brotherhood amongst all the people of India,To protect public property,To provide free education to children,D,Option D: To provide free education to children,"Providing free education is a directive principle, not a fundamental duty.","The fundamental duties listed in the 8th Schedule include abiding by the laws, promoting harmony, and protecting public property. Providing free education to children is a directive principle under Article 45, not a fundamental duty.",2026-09-14 11:39:34
GK_EN_0771,English,General Knowledge,"Indian Polity, Constitution & Governance",Hard,Which of the following is NOT a part of the Indian Cabinet Secretariat?,Executive Branch,Policy formulation,Drafting legislation,Presidential duties,D,Option D: Presidential duties,Presidential duties are not within the scope of the Cabinet Secretariat.,The Cabinet Secretariat primarily assists the Prime Minister and the Council of Ministers in policy formulation and drafting legislation. Presidential duties are carried out by the President and are not under the Cabinet Secretariat.,2026-09-14 11:39:34
GK_EN_0772,English,General Knowledge,"Indian Polity, Constitution & Governance",Hard,Which of the following is NOT a feature of the Indian federal system?,Distribution of powers between the Union and State Governments,Rigidity in amending the Constitution,Bicameral legislature in States,Concurrent list in the Constitution,B,Option B: Rigidity in amending the Constitution,"The Constitution of India is flexible and not rigid in terms of amendment, unlike some other constitutions.","The Indian Constitution is flexible and allows for amendments through the legislative process. While it requires special majorities, it is not rigid as some constitutions require unanimous consent or a referendum.",2026-09-14 11:39:34
GK_EN_0773,English,General Knowledge,"Indian Polity, Constitution & Governance",Hard,Which of the following is NOT a characteristic of the Indian judiciary?,Judicial review,Independence from the executive branch,Election of judges by the public,Interpretation of the Constitution,C,Option C: Election of judges by the public,"Judges in India are appointed, not elected by the public.","The judiciary in India is independent and the judges are appointed by the Collegium system, not elected by the public. This ensures judicial independence and impartiality.",2026-09-14 11:39:34
GK_EN_0774,English,General Knowledge,"Indian Polity, Constitution & Governance",Hard,Which of the following is NOT a function of the Lok Sabha Secretariat?,Providing support to the Speaker,Drafting bills,Managing legislative business,Drafting the Constitution,D,Option D: Drafting the Constitution,Drafting the Constitution is not within the purview of the Lok Sabha Secretariat.,"The Lok Sabha Secretariat supports the legislative processes, manages the legislative business, and provides administrative support to the Speaker. Drafting the Constitution is a one-time task and is not a continuous function of the Secretariat.",2026-09-14 11:39:34
GK_EN_0775,English,General Knowledge,"Indian Polity, Constitution & Governance",Hard,Which of the following is NOT a component of the Indian electoral system?,Proportional representation,Single-member constituencies,Universal adult suffrage,Non-transferable votes,A,Option A: Proportional representation,"The Indian electoral system is based on single-member constituencies, not proportional representation.","The Indian electoral system is based on the first-past-the-post system with single-member constituencies. Proportional representation is not part of the Indian electoral framework, although it is practiced in some other democracies.",2026-09-14 11:39:34
GK_EN_0776,English,General Knowledge,"Indian Polity, Constitution & Governance",Hard,Which of the following is NOT a provision under the Anti-Defection Law in India?,A Member cannot vote against the party whip without a valid reason,A Member can switch parties without facing any legal consequences,A Member can be disqualified for defecting to another party,A Member must resign from the party if they defect,B,Option B: A Member can switch parties without facing any legal consequences,The Anti-Defection Law disqualifies Members who switch parties without a valid reason.,"The Anti-Defection Law disqualifies Members who vote against the party line without a valid reason. A Member who switches parties must resign or face disqualification, not be able to switch without consequences.",2026-09-14 11:39:34
GK_EN_0777,English,General Knowledge,"Indian Economy, Banking & Five Year Plans",Easy,Which of the following is NOT a sector of the Indian economy?,Agriculture,Manufacturing,Mining,Entertainment,D,Entertainment,The entertainment sector is not considered a primary sector of the Indian economy.,"The Indian economy is primarily divided into three sectors: agriculture, manufacturing, and services. Entertainment is a subset of the services sector and not a separate economic sector.",2026-09-14 11:39:56
GK_EN_0778,English,General Knowledge,"Indian Economy, Banking & Five Year Plans",Easy,The National Bank for Agriculture and Rural Development (NABARD) was established in which year?,1955,1964,1969,1970,C,1969,NABARD was established in 1969 to provide credit and other financial services for rural development and agriculture.,"NABARD was founded in 1969 to support rural and agricultural development, playing a crucial role in the Indian economy’s rural sector.",2026-09-14 11:39:56
GK_EN_0779,English,General Knowledge,"Indian Economy, Banking & Five Year Plans",Easy,Which Five Year Plan in India focused heavily on the Green Revolution?,First Five Year Plan,Second Five Year Plan,Third Five Year Plan,Fourth Five Year Plan,C,Third Five Year Plan,The Third Five Year Plan (1961-1966) prioritized agricultural development and introduced the Green Revolution.,"The Third Five Year Plan aimed to boost agricultural productivity through the introduction of high-yielding varieties of seeds, irrigation, and other agricultural technologies.",2026-09-14 11:39:56
GK_EN_0780,English,General Knowledge,"Indian Economy, Banking & Five Year Plans",Easy,Which of the following is NOT a component of the Reserve Bank of India’s (RBI) Monetary Policy Committee?,Governor of RBI,Deputy Governor,Chief Economic Advisor,Chief General Manager,D,Chief General Manager,"The Monetary Policy Committee (MPC) consists of the Governor, the Deputy Governor, and four other members, including the Chief Economic Advisor.","The MPC is responsible for setting the monetary policy, and its members include the Governor, Deputy Governor, and other experts in economic and financial matters.",2026-09-14 11:39:56
GK_EN_0781,English,General Knowledge,"Indian Economy, Banking & Five Year Plans",Easy,The First Five Year Plan of India was launched in which year?,1947,1950,1951,1952,C,1951,The First Five Year Plan was launched in 1951 to address the post-independence economic challenges.,"The First Five Year Plan, initiated in 1951, aimed to reduce poverty, unemployment, and economic disparities, laying the foundation for economic planning in India.",2026-09-14 11:39:56
GK_EN_0782,English,General Knowledge,"Indian Economy, Banking & Five Year Plans",Easy,Which of the following Five Year Plans focused on the establishment of a self-reliant industrial base in India?,First Five Year Plan,Second Five Year Plan,Third Five Year Plan,Fourth Five Year Plan,B,Second Five Year Plan,The Second Five Year Plan (1956-1961) emphasized the development of heavy industries and infrastructure to achieve self-reliance.,"The Second Five Year Plan aimed to lay the foundation for industrialization and self-reliance by focusing on heavy industries, infrastructure, and social welfare.",2026-09-14 11:39:56
GK_EN_0783,English,General Knowledge,"Indian Economy, Banking & Five Year Plans",Easy,The Nationalization of Banks in India was initiated in which year?,1955,1960,1969,1970,C,1969,"The Nationalization of banks in India began in 1969, marking a significant shift in the banking sector’s ownership and governance.","The government nationalized 14 major commercial banks in 1969, aiming to increase the role of public sector banks in the economy and enhance financial inclusiveness.",2026-09-14 11:39:56
GK_EN_0784,English,General Knowledge,"Indian Economy, Banking & Five Year Plans",Easy,Which of the following is NOT a component of the Indian Monetary Policy?,Setting interest rates,Controlling inflation,Regulating currency exchange,Managing educational institutions,D,Managing educational institutions,The Reserve Bank of India (RBI) manages monetary policy components such as interest rates and inflation but does not manage educational institutions.,"The RBI focuses on monetary and financial stability through interest rate setting and inflation control, but it is not involved in the management of educational institutions.",2026-09-14 11:39:56
GK_EN_0785,English,General Knowledge,"Indian Economy, Banking & Five Year Plans",Easy,Which Five Year Plan focused on integrated rural development and self-reliance?,First Five Year Plan,Second Five Year Plan,Third Five Year Plan,Fourth Five Year Plan,C,Third Five Year Plan,The Third Five Year Plan (1961-1966) emphasized integrated rural development and self-reliance through the Green Revolution.,"The Third Five Year Plan aimed to boost agricultural productivity and rural development, which was crucial for achieving self-reliance in food production.",2026-09-14 11:39:56
GK_EN_0786,English,General Knowledge,"Indian Economy, Banking & Five Year Plans",Easy,Which of the following is NOT a part of the Indian banking system?,Public Sector Banks,Private Sector Banks,Regional Rural Banks,Telecommunication Companies,D,Telecommunication Companies,Telecommunication companies are not part of the Indian banking system.,"The Indian banking system includes various types of banks such as public sector banks, private sector banks, and regional rural banks, but telecommunication companies are separate entities.",2026-09-14 11:39:56
GK_EN_0787,English,General Knowledge,"Art, Culture, Dance & Heritage",Medium,Which of the following is a UNESCO World Heritage Site in India?,"Taj Mahal, Agra","Statue of Liberty, New York","Canberra, Australia","Eiffel Tower, Paris",A,"Taj Mahal, Agra",The Taj Mahal is recognized for its exceptional universal value and cultural significance.,"The Taj Mahal, located in Agra, is a mausoleum built by Mughal Emperor Shah Jahan in memory of his wife Mumtaz Mahal. It was declared a UNESCO World Heritage Site in 1983 for its architectural beauty and historical importance.",2026-09-14 11:40:22
GK_EN_0788,English,General Knowledge,"Art, Culture, Dance & Heritage",Medium,Which Indian dance form is known for its fluid and expressive movements and is associated with the state of Odisha?,Bharatanatyam,Kathakali,Odissi,Kuchipudi,C,Odissi,Odissi is recognized for its graceful and lyrical movements and is deeply rooted in the cultural and religious traditions of Odisha.,"Odissi is an ancient Indian classical dance form that dates back to the Natya Shastra. It is known for its sculpturesque poses, facial expressions, and fluidity, making it a significant part of India's cultural heritage.",2026-09-14 11:40:22
GK_EN_0789,English,General Knowledge,"Art, Culture, Dance & Heritage",Medium,Which of the following is a famous Indian classical dance that originated in the state of Kerala?,Kathak,Kuchipudi,Bharatanatyam,Kathakali,D,Kathakali,Kathakali is a dance-drama that is characterized by elaborate costumes and makeup and is known for its storytelling through dance.,"Kathakali is a traditional dance-drama of Kerala, known for its intricate facial expressions and dramatic makeup. It combines dance, music, and theatre to narrate Hindu epics and legends.",2026-09-14 11:40:22
GK_EN_0790,English,General Knowledge,"Art, Culture, Dance & Heritage",Medium,"Which Indian festival is celebrated with a traditional dance called Bihu, which is a harvest festival?",Onam,Pongal,Durga Puja,Bihu,D,Bihu,"Bihu is a vibrant festival in Assam, where the Bihu dance is performed to celebrate the harvest season and the spirit of renewal.","Bihu is a major festival in Assam, celebrated three times a year, each time marking an important stage in the agricultural cycle. The Bihu dance is characterized by lively music, colorful costumes, and expressive movements, symbolizing joy and prosperity.",2026-09-14 11:40:22
GK_EN_0791,English,General Knowledge,"Art, Culture, Dance & Heritage",Medium,Which of the following is a traditional Indian musical instrument that is often played in classical Indian music?,Sitar,Guitar,Piano,Drum,A,Sitar,The Sitar is a stringed instrument that is an essential part of Hindustani classical music and is known for its intricate playing techniques and distinctive sound.,"The Sitar is a traditional stringed instrument with a long neck and a gourd resonator. It is widely used in Indian classical music and is known for its complex playing techniques and rich, resonant sound, making it a central instrument in the genre.",2026-09-14 11:40:22
GK_EN_0792,English,General Knowledge,"Art, Culture, Dance & Heritage",Medium,Which of the following is a traditional Indian art form that involves the use of henna to create intricate designs on the skin or clothes?,Tanjore painting,Mithuna art,Henna,Patachitra,C,Henna,"Henna is a traditional art form where intricate designs are created using henna, a plant-based dye, and is commonly used in Indian weddings and festivals.","Henna is a natural dye derived from the leaves of the henna plant, used to create temporary tattoos or designs on the skin, hands, and feet, often for special occasions and celebrations, symbolizing beauty and tradition in Indian culture.",2026-09-14 11:40:22
GK_EN_0793,English,General Knowledge,"Art, Culture, Dance & Heritage",Medium,"Which of the following is a famous Indian classical dance that is characterized by its elegance and precision, and is associated with the state of Tamil Nadu?",Kathak,Kuchipudi,Bharatanatyam,Mohiniyattam,C,Bharatanatyam,"Bharatanatyam is a classical dance form known for its precise movements, expressions, and storytelling through intricate hand gestures and facial expressions.","Bharatanatyam is a classical dance form from Tamil Nadu that is renowned for its intricate footwork, expressive gestures, and complex storytelling through dance. It is deeply rooted in the temple traditions and is recognized for its elegance and precision.",2026-09-14 11:40:22
GK_EN_0794,English,General Knowledge,"Art, Culture, Dance & Heritage",Medium,"Which of the following is a traditional Indian festival that celebrates the marriage of Lord Vishnu and his consort, Goddess Lakshmi?",Dussehra,Diwali,Ganesh Chaturthi,Sharad Purnima,B,Diwali,"Diwali, also known as the Festival of Lights, celebrates the triumph of light over darkness and good over evil, with stories linking it to various Hindu legends, including the return of Lord Rama and the marriage of Vishnu and Lakshmi.","Diwali is one of the most celebrated festivals in India, marking the victory of light over darkness and the return of Lord Rama to Ayodhya. It is also associated with the marriage of Lord Vishnu and Goddess Lakshmi, symbolizing wealth and prosperity.",2026-09-14 11:40:22
GK_EN_0795,English,General Knowledge,"Art, Culture, Dance & Heritage",Medium,Which of the following is a traditional Indian dance form that is known for its martial art-like movements and is associated with the state of Andhra Pradesh?,Kuchipudi,Bharatanatyam,Kathak,Manipuri,A,Kuchipudi,"Kuchipudi is a classical dance form that incorporates martial arts elements and is known for its fluid and expressive movements, often performed by male dancers in the state of Andhra Pradesh.","Kuchipudi is a classical dance form from Andhra Pradesh that combines elements of dance, music, and martial arts. It is characterized by its grace, rhythm, and storytelling through intricate footwork and expressive movements.",2026-09-14 11:40:22
GK_EN_0796,English,General Knowledge,"Art, Culture, Dance & Heritage",Medium,Which of the following is a traditional Indian dance that is known for its folk and tribal influences and is associated with the state of Rajasthan?,Bharatanatyam,Kathak,Bhavai,Odissi,B,Kathak,"Kathak is a classical dance form that incorporates elements from folk traditions and is known for its storytelling and expressive movements, often performed in the state of Rajasthan.","Kathak is a classical dance form that originated in North India and is characterized by its narrative style, intricate footwork, and expressive gestures. It has been influenced by various folk traditions, making it a rich and diverse art form, especially in regions like Rajasthan.",2026-09-14 11:40:22
GK_EN_0797,English,General Knowledge,"Important Inventions, Discoveries & Science Pioneers",Hard,"Who is credited with the development of the first practical battery in 1800, which marked a significant milestone in the history of electricity?",Michael Faraday,Benjamin Franklin,Alessandro Volta,Nikola Tesla,C,Alessandro Volta,"Alessandro Volta's invention of the voltaic pile was the first reliable and continuous source of electricity, which laid the foundation for modern batteries.","Volta's voltaic pile, consisting of alternating discs of zinc and copper with pieces of cardboard soaked in brine, produced a steady electric current, marking the beginning of electrical science.",2026-09-14 11:40:50
GK_EN_0798,English,General Knowledge,"Important Inventions, Discoveries & Science Pioneers",Hard,"Which scientist is known for the discovery of penicillin, the first true antibiotic, in 1928, leading to a revolution in the treatment of bacterial infections?",Louis Pasteur,Alexander Fleming,Robert Koch,Edward Jenner,B,Alexander Fleming,"Alexander Fleming's discovery of penicillin was pivotal in the field of microbiology and medicine, significantly reducing the mortality rates from bacterial infections.","Fleming accidentally noticed that a mold called Penicillium notatum had killed bacteria in a petri dish, leading to the isolation and development of penicillin as a therapeutic agent.",2026-09-14 11:40:50
GK_EN_0799,English,General Knowledge,"Important Inventions, Discoveries & Science Pioneers",Hard,"Which invention, patented in 1876 by Alexander Graham Bell, revolutionized communication by enabling the transmission of spoken words over wires, marking the beginning of the telephone era?",Radio,Television,Telephone,Computer,C,Telephone,"Alexander Graham Bell's invention of the telephone allowed for the first time the transmission of human speech over long distances, fundamentally changing the way people communicate.","Bell's work on the harmonic telegraph and his recognition of the potential of electrical currents to carry multiple signals simultaneously led to the development of the telephone, which transformed global communication.",2026-09-14 11:40:50
GK_EN_0800,English,General Knowledge,"Important Inventions, Discoveries & Science Pioneers",Hard,"What is the name of the theory, proposed by Albert Einstein in 1905, that fundamentally changed the way we understand the nature of space, time, and gravity, and for which he later won the Nobel Prize in Physics?",Quantum Mechanics,General Relativity,Special Relativity,Big Bang Theory,C,Special Relativity,"Einstein's Special Relativity introduced the concepts of time dilation and length contraction, fundamentally altering our understanding of space and time.","Einstein's Special Relativity postulated that the laws of physics are the same for all non-accelerating observers and that the speed of light in a vacuum is constant, regardless of the motion of the light source or observer.",2026-09-14 11:40:50
GK_EN_0801,English,General Knowledge,"Important Inventions, Discoveries & Science Pioneers",Hard,"Who is the scientist known for the discovery of insulin, which led to a breakthrough in the treatment of diabetes, and for which he was awarded the Nobel Prize in Physiology or Medicine in 1923?",James Watson,Frederick Banting,Watson and Crick,Linus Pauling,B,Frederick Banting,"Frederick Banting and Charles Best discovered insulin, a hormone that regulates blood sugar levels, which has saved countless lives and significantly improved the quality of life for people with diabetes.","Banting and Best's work involved isolating insulin from the pancreas of animals, demonstrating its effectiveness in lowering blood sugar levels in diabetic dogs, which later led to its use in humans.",2026-09-14 11:40:50
GK_EN_0802,English,General Knowledge,"Important Inventions, Discoveries & Science Pioneers",Hard,"Which inventor is credited with the creation of the first practical light bulb, which significantly impacted the world by providing a reliable source of artificial light and changing the way people live and work?",Thomas Edison,Hewlett-Packard,Apple Inc.,Microsoft Corporation,A,Thomas Edison,"Thomas Edison's invention of the incandescent light bulb was a major technological breakthrough that transformed homes, workplaces, and public spaces into more functional and safer environments.","Edison's work involved improving the filament's durability and developing an electrical distribution system, which made the light bulb practical and widespread, impacting every aspect of daily life.",2026-09-14 11:40:50
GK_EN_0803,English,General Knowledge,"Important Inventions, Discoveries & Science Pioneers",Hard,"Which American physicist is known for the development of the atomic bomb during World War II and the concept of the hydrogen bomb, and for which he was awarded the Nobel Prize in Physics in 1965, but is also infamous for his role in the Manhattan Project and his later public stance against nuclear weapons testing?",Enrico Fermi,J. Robert Oppenheimer,Richard Feynman,Edward Teller,B,J. Robert Oppenheimer,"J. Robert Oppenheimer was a key figure in the development of nuclear weapons and played a significant role in the Manhattan Project, but his public stance against further nuclear testing and his views on nuclear proliferation earned him both respect and criticism.","Oppenheimer was the director of the Los Alamos Laboratory, where the atomic bomb was developed, and later became a leading advocate for international control of nuclear weapons, reflecting the complex ethical and political implications of his work.",2026-09-14 11:40:50
GK_EN_0804,English,General Knowledge,"Important Inventions, Discoveries & Science Pioneers",Hard,"Who is the American microbiologist and virologist known for the development of the polio vaccine, which ended the polio epidemic of the 20th century, and for which he won the Nobel Prize in Physiology or Medicine in 1954?",Jonas Salk,Albert Sabin,Alexander Glenny,Ernst Boris Chain,A,Jonas Salk,"Jonas Salk's development of the inactivated polio vaccine (IPV) was a major public health achievement, leading to the eradication of polio in much of the world and saving countless lives.","Salk's vaccine, which used killed poliovirus, was administered to millions of people and significantly reduced the incidence of polio, leading to the development of further vaccine technologies and public health strategies.",2026-09-14 11:40:50
GK_EN_0805,English,General Knowledge,"Important Inventions, Discoveries & Science Pioneers",Hard,"Which German chemist and physicist is credited with the development of the periodic table of elements, which revolutionized the way we understand and categorize the chemical elements, and for which he won the Nobel Prize in Chemistry in 1911?",Marie Curie,Werner Heisenberg,Henry Moseley,Dmitri Mendeleev,D,Dmitri Mendeleev,"Dmitri Mendeleev's periodic table provided a systematic way of organizing the elements based on their atomic weights and chemical properties, allowing for the prediction of new elements and their properties.","Mendeleev's table was not only a monumental achievement in chemistry but also demonstrated the predictive power of scientific theories, influencing the field and leading to the discovery of new elements.",2026-09-14 11:40:50
GK_EN_0806,English,General Knowledge,"Important Inventions, Discoveries & Science Pioneers",Hard,"Which scientist is known for his theory of relativity and for making significant contributions to the understanding of the structure of the atom, and for which he won the Nobel Prize in Physics in 1921, but is also famous for his famous quote 'E=mc²'?",Erwin Schrödinger,Niels Bohr,Albert Einstein,Werner Heisenberg,C,Albert Einstein,"Albert Einstein's theory of relativity and his famous equation 'E=mc²' revolutionized our understanding of space, time, and energy, while his contributions to the development of quantum mechanics further solidified his legacy in physics.","Einstein's work on relativity introduced the concept that space and time are interwoven into a single continuum known as spacetime, and his equation 'E=mc²' showed the equivalence of mass and energy, fundamental principles in modern physics.",2026-09-14 11:40:50
GK_EN_0807,English,General Knowledge,"International Organizations (UN, WHO, WTO, IMF)",Easy,Which of the following international organizations focuses on global health and disease prevention?,IMF,WHO,WTO,UN,B,WHO,"WHO is the World Health Organization, dedicated to international public health.","WHO works globally to improve health and combat diseases, making it the correct choice for organizations focused on health.",2026-09-14 11:41:09
GK_EN_0808,English,General Knowledge,"International Organizations (UN, WHO, WTO, IMF)",Easy,Which international organization is primarily responsible for maintaining international peace and security?,IMF,WHO,UN,WTO,C,UN,"UN stands for United Nations, which includes the Security Council for maintaining international peace.","The United Nations (UN) is the primary organization for maintaining international peace and security through various means, including the Security Council.",2026-09-14 11:41:09
GK_EN_0809,English,General Knowledge,"International Organizations (UN, WHO, WTO, IMF)",Easy,Which of the following international organizations deals with trade and helps to regulate trade relations between nations?,IMF,WHO,UN,WTO,D,WTO,"WTO stands for the World Trade Organization, which regulates international trade.","The World Trade Organization (WTO) is responsible for setting and enforcing international trade rules and agreements, making it the correct choice.",2026-09-14 11:41:09
GK_EN_0810,English,General Knowledge,"International Organizations (UN, WHO, WTO, IMF)",Easy,Which organization is known for providing financial assistance to countries facing economic difficulties?,IMF,WHO,UN,WTO,A,IMF,"IMF stands for International Monetary Fund, which provides financial support and advice to countries.","The International Monetary Fund (IMF) offers financial assistance to countries with economic challenges, helping them to stabilize their economies.",2026-09-14 11:41:09
GK_EN_0811,English,General Knowledge,"International Organizations (UN, WHO, WTO, IMF)",Easy,Which of the following international organizations was established after World War II to promote international cooperation and trade?,IMF,WHO,WTO,UN,C,WTO,"WTO stands for the World Trade Organization, which was established after World War II to promote international trade.",The World Trade Organization (WTO) was created after World War II to facilitate international trade and reduce trade barriers among nations.,2026-09-14 11:41:09
GK_EN_0812,English,General Knowledge,"International Organizations (UN, WHO, WTO, IMF)",Easy,Which of the following organizations is the primary body for the negotiation of trade agreements among countries?,IMF,WHO,UN,WTO,D,WTO,"WTO stands for the World Trade Organization, which handles the negotiation of trade agreements.",The World Trade Organization (WTO) is responsible for negotiating trade agreements and resolving trade disputes among member countries.,2026-09-14 11:41:09
GK_EN_0813,English,General Knowledge,"International Organizations (UN, WHO, WTO, IMF)",Easy,Which international organization is responsible for setting international financial and monetary standards?,IMF,WHO,UN,WTO,A,IMF,"IMF stands for International Monetary Fund, which sets international financial and monetary standards.",The International Monetary Fund (IMF) is responsible for setting and promoting international financial and monetary standards and policies.,2026-09-14 11:41:09
GK_EN_0814,English,General Knowledge,"International Organizations (UN, WHO, WTO, IMF)",Easy,Which of the following organizations was created to provide a forum for countries to negotiate and resolve trade disputes?,IMF,WHO,UN,WTO,D,WTO,"WTO stands for the World Trade Organization, which provides a forum for resolving trade disputes.","The World Trade Organization (WTO) offers a platform for countries to negotiate and resolve trade disputes, ensuring a fair and transparent trading system.",2026-09-14 11:41:09
GK_EN_0815,English,General Knowledge,"International Organizations (UN, WHO, WTO, IMF)",Easy,Which of the following organizations is known for its role in providing economic and financial stability through international monetary cooperation?,IMF,WHO,UN,WTO,A,IMF,"IMF stands for International Monetary Fund, which provides economic and financial stability through monetary cooperation.",The International Monetary Fund (IMF) is dedicated to providing economic and financial stability by promoting monetary cooperation and exchange rate stability among countries.,2026-09-14 11:41:09
GK_EN_0816,English,General Knowledge,"International Organizations (UN, WHO, WTO, IMF)",Easy,Which of the following organizations is primarily responsible for coordinating the world's financial systems and providing technical assistance to countries in need?,IMF,WHO,UN,WTO,A,IMF,"IMF stands for International Monetary Fund, which coordinates financial systems and provides technical assistance.",The International Monetary Fund (IMF) coordinates the world's financial systems and offers technical assistance to countries to help them achieve economic stability and growth.,2026-09-14 11:41:09
GK_EN_0817,English,General Knowledge,"Famous Personalities, Leaders & Thinkers",Medium,Which of the following leaders is known for his role in the civil rights movement and delivering the famous 'I Have a Dream' speech?,Martin Luther King Jr.,Winston Churchill,Nelson Mandela,Abraham Lincoln,A,Martin Luther King Jr.,Martin Luther King Jr. is recognized for his nonviolent resistance and advocacy for civil rights in the United States.,"Martin Luther King Jr. delivered the 'I Have a Dream' speech during the March on Washington for Jobs and Freedom in 1963, emphasizing the need for racial equality and justice.",2026-09-14 11:41:33
GK_EN_0818,English,General Knowledge,"Famous Personalities, Leaders & Thinkers",Medium,Which thinker is credited with the development of the theory of evolution by natural selection?,Galileo Galilei,Charles Darwin,Sigmund Freud,Albert Einstein,B,Charles Darwin,Charles Darwin is known for his groundbreaking work on evolution and natural selection.,"Charles Darwin proposed the theory of evolution by natural selection in his book 'On the Origin of Species,' challenging the prevailing belief in a static, unchanging world.",2026-09-14 11:41:33
GK_EN_0819,English,General Knowledge,"Famous Personalities, Leaders & Thinkers",Medium,Which leader is known for his role in the fall of the Berlin Wall and the reunification of Germany?,Ronald Reagan,Willy Brandt,Helmut Kohl,Mikhail Gorbachev,C,Helmut Kohl,Helmut Kohl was a West German chancellor instrumental in the reunification of Germany.,"Helmut Kohl served as the Chancellor of West Germany and then the Federal Republic of Germany, playing a crucial role in the negotiations that led to the fall of the Berlin Wall and the reunification of Germany.",2026-09-14 11:41:33
GK_EN_0820,English,General Knowledge,"Famous Personalities, Leaders & Thinkers",Medium,"Which philosopher's ideas are central to the concept of utilitarianism, an ethical theory that advocates for actions that maximize overall happiness and minimize suffering?",Immanuel Kant,John Stuart Mill,Jean-Paul Sartre,René Descartes,B,John Stuart Mill,"John Stuart Mill is a key figure in the development of utilitarianism, emphasizing the importance of consequences in moral decision-making.","John Stuart Mill expanded upon the utilitarianism of Jeremy Bentham, arguing that the greatest happiness of the greatest number should be the ultimate goal of society.",2026-09-14 11:41:33
GK_EN_0821,English,General Knowledge,"Famous Personalities, Leaders & Thinkers",Medium,Which leader is known for his role in the founding of the People's Republic of China and the implementation of the Cultural Revolution?,Mao Zedong,Deng Xiaoping,Sun Yat-sen,Chiang Kai-shek,A,Mao Zedong,Mao Zedong was a key figure in the Chinese Communist Revolution and the founding of the People's Republic of China.,"Mao Zedong led the Chinese Communist Party in establishing the People's Republic of China in 1949 and was responsible for the implementation of the Cultural Revolution, a period of intense political upheaval.",2026-09-14 11:41:33
GK_EN_0822,English,General Knowledge,"Famous Personalities, Leaders & Thinkers",Medium,"Which of the following leaders is known for his role in the Industrial Revolution and his invention of the steam engine, which greatly influenced the development of modern industry?",Thomas Edison,James Watt,Henry Ford,Thomas Newcomen,B,James Watt,"James Watt improved the efficiency of the steam engine, playing a pivotal role in the Industrial Revolution.","James Watt's improvements to the steam engine increased its efficiency and versatility, leading to significant advancements in manufacturing, transportation, and energy production during the Industrial Revolution.",2026-09-14 11:41:33
GK_EN_0823,English,General Knowledge,"Famous Personalities, Leaders & Thinkers",Medium,"Which of the following thinkers is known for his work in political philosophy, particularly his theory of social contract and the idea of government by consent?",John Locke,Thomas Hobbes,Jean-Jacques Rousseau,Baruch Spinoza,B,Thomas Hobbes,"Thomas Hobbes is recognized for his influential works on political philosophy, including 'Leviathan,' which discusses the social contract and the role of government.","Thomas Hobbes's 'Leviathan' explores the nature of power and the social contract, arguing that a strong, central authority is necessary to maintain order and prevent the chaos of a state of nature.",2026-09-14 11:41:33
GK_EN_0824,English,General Knowledge,"Famous Personalities, Leaders & Thinkers",Medium,Which of the following leaders is known for his role in the abolition of apartheid in South Africa and his work as a lawyer and activist for civil rights?,Nelson Mandela,Mandela,Walter Sisulu,Steve Biko,A,Nelson Mandela,Nelson Mandela was a key figure in the anti-apartheid movement and served as the first black President of South Africa.,"Nelson Mandela spent 27 years in prison for his anti-apartheid activism and became a symbol of the struggle against racial segregation. He later became the President of South Africa, working to dismantle the apartheid system and promote reconciliation.",2026-09-14 11:41:33
GK_EN_0825,English,General Knowledge,"Famous Personalities, Leaders & Thinkers",Medium,Which of the following leaders is known for his role in the independence of India and his philosophy of nonviolence?,Mahatma Gandhi,Jawaharlal Nehru,Bhagat Singh,Subhas Chandra Bose,A,Mahatma Gandhi,Mahatma Gandhi was a key figure in India's struggle for independence and is known for his philosophy of nonviolence and civil disobedience.,"Mahatma Gandhi led India to independence from British rule through nonviolent civil disobedience and his philosophy of satyagraha, which emphasized truth and nonviolent resistance.",2026-09-14 11:41:33
GK_EN_0826,English,General Knowledge,"Famous Personalities, Leaders & Thinkers",Medium,Which of the following leaders is known for his role in the development of quantum mechanics and his famous thought experiment involving the cat?,Niels Bohr,Max Planck,Erwin Schrödinger,Albert Einstein,C,Erwin Schrödinger,Erwin Schrödinger is known for his contributions to quantum mechanics and the development of the Schrödinger equation.,"Erwin Schrödinger formulated the Schrödinger equation, which describes how the quantum state of a physical system changes over time. He is also famous for his thought experiment involving a cat, which is used to illustrate the principles of superposition and entanglement in quantum mechanics.",2026-09-14 11:41:33
GK_EN_0827,English,General Knowledge,"Books, Authors & Literature",Hard,Which of the following literary works is considered the first novel in English literature and is often credited with establishing the novel as a serious literary form?,Pride and Prejudice by Jane Austen,Ulysses by James Joyce,Don Quixote by Miguel de Cervantes,Moby-Dick by Herman Melville,C,Don Quixote by Miguel de Cervantes,Don Quixote is recognized for its influence on the novel genre and for its complex narrative structure.,"While 'Pride and Prejudice' is a beloved classic, it was written much later and didn't establish the novel as a literary form. 'Ulysses' and 'Moby-Dick' are significant works but were not the first novels. 'Don Quixote,' published in 1605, is often cited as the first modern novel and a pivotal work in the development of the genre.",2026-09-14 11:42:00
GK_EN_0828,English,General Knowledge,"Books, Authors & Literature",Hard,"Which of the following authors is known for their use of stream of consciousness narrative technique, which influenced later modernist writers like James Joyce and Virginia Woolf?",Fyodor Dostoevsky,Thomas Hardy,William Faulkner,Virginia Woolf,D,Virginia Woolf,"Virginia Woolf's innovative narrative techniques, including stream of consciousness, are a cornerstone of modernist literature.","While other authors like Dostoevsky and Faulkner also contributed to modernist techniques, Virginia Woolf is particularly noted for her pioneering use of stream of consciousness, a narrative style that delves into the characters' thoughts and inner experiences.",2026-09-14 11:42:00
GK_EN_0829,English,General Knowledge,"Books, Authors & Literature",Hard,"Which of the following authors is known for their dystopian novel 'Brave New World,' which explores themes of technological control and the manipulation of human nature in a future society?",George Orwell,Ray Bradbury,Aldous Huxley,Isaac Asimov,C,Aldous Huxley,"Aldous Huxley's 'Brave New World' is a seminal work in dystopian literature, often compared to Orwell's '1984.'","While George Orwell's '1984' is also a famous dystopian novel, Huxley's work explores a different set of themes and is known for its prophetic vision of a future society where individuality and freedom are suppressed.",2026-09-14 11:42:00
GK_EN_0830,English,General Knowledge,"Books, Authors & Literature",Hard,"Which of the following authors wrote the epic poem 'The Odyssey,' which tells the story of Odysseus's ten-year journey home after the fall of Troy?",Homer,Sophocles,Plato,Aeschylus,A,Homer,"Homer is the traditional author of 'The Odyssey,' one of the foundational works of Western literature.","Homer is traditionally credited with the composition of both 'The Iliad' and 'The Odyssey,' although the exact details of his life and the authorship of these works are subjects of scholarly debate.",2026-09-14 11:42:00
GK_EN_0831,English,General Knowledge,"Books, Authors & Literature",Hard,"Which of the following authors is known for their controversial work 'The Handmaid's Tale,' which critiques the oppression of women in a totalitarian society?",Margaret Atwood,Jorge Luis Borges,Harper Lee,Jorge Amado,A,Margaret Atwood,Margaret Atwood's 'The Handmaid's Tale' is a critical exploration of gender roles and political control.,"Margaret Atwood's work is renowned for its feminist themes and dystopian setting, making it a seminal text in contemporary literature. 'The Handmaid's Tale' has become a cultural touchstone, addressing issues such as reproductive rights and societal oppression.",2026-09-14 11:42:00
GK_EN_0832,English,General Knowledge,"Books, Authors & Literature",Hard,"Which of the following authors is known for their poetic drama 'Hamlet,' which explores themes of revenge, madness, and the human condition through its titular character?",William Shakespeare,Christopher Marlowe,Ben Jonson,John Webster,A,William Shakespeare,"William Shakespeare's 'Hamlet' is a masterpiece of English literature, renowned for its psychological depth and complex characters.","William Shakespeare is considered one of the greatest playwrights in the English language, and 'Hamlet' is one of his most famous works, known for its intricate plot and exploration of human emotions and motivations.",2026-09-14 11:42:00
GK_EN_0833,English,General Knowledge,"Books, Authors & Literature",Hard,"Which of the following authors is known for their epic poem 'The Divine Comedy,' which consists of three parts and tells the story of a journey through Hell, Purgatory, and Heaven?",Dante Alighieri,Edgar Allan Poe,T.S. Eliot,James Joyce,A,Dante Alighieri,Dante Alighieri's 'The Divine Comedy' is a foundational work of Italian literature and a masterpiece of the medieval period.,"Dante Alighieri's 'The Divine Comedy' is a seminal work that has had a profound impact on Western literature and culture, serving as a guide through the moral and spiritual realms of the afterlife.",2026-09-14 11:42:00
GK_EN_0834,English,General Knowledge,"Books, Authors & Literature",Hard,"Which of the following authors is known for their novel 'To Kill a Mockingbird,' which addresses themes of racial injustice and moral growth in the American South during the 1930s?",Harper Lee,Ernest Hemingway,William Faulkner,Faulkner,A,Harper Lee,"Harper Lee's 'To Kill a Mockingbird' is a classic of American literature, famous for its exploration of racial inequality and the loss of innocence.","Harper Lee's 'To Kill a Mockingbird' is celebrated for its portrayal of racial injustice in the American South and its nuanced exploration of moral and ethical issues. The novel remains a cornerstone of American literature, influencing discussions on race and justice.",2026-09-14 11:42:00
GK_EN_0835,English,General Knowledge,"Books, Authors & Literature",Hard,"Which of the following authors is known for their novel 'The Great Gatsby,' which is set in the Roaring Twenties and explores themes of the American Dream, wealth, and social decay?",F. Scott Fitzgerald,Ernest Hemingway,E. M. Forster,James Joyce,A,F. Scott Fitzgerald,"F. Scott Fitzgerald's 'The Great Gatsby' is a quintessential novel of the Jazz Age, known for its critique of materialism and its exploration of the elusive American Dream.","F. Scott Fitzgerald's 'The Great Gatsby' is a masterpiece of 20th-century American literature, renowned for its poignant portrayal of the 1920s and its critique of the excesses and disillusionment of the Jazz Age. The novel continues to be widely studied and celebrated for its insightful commentary on the American Dream.",2026-09-14 11:42:00
GK_EN_0836,English,General Knowledge,"Books, Authors & Literature",Hard,"Which of the following authors is known for their novel 'Ulysses,' which is considered a landmark of modernist literature and is famous for its stream of consciousness narrative technique and innovative use of language?",James Joyce,Virginia Woolf,William Faulkner,T.S. Eliot,A,James Joyce,"James Joyce's 'Ulysses' is a foundational work of modernist literature, celebrated for its experimental narrative style and its rich, complex language.","James Joyce's 'Ulysses' is a seminal work that revolutionized the novel form through its innovative narrative techniques and linguistic complexity. The novel's exploration of the human psyche and its vivid, detailed portrayal of Dublin life have made it a cornerstone of modernist literature.",2026-09-14 11:42:00
GK_EN_0837,English,General Knowledge,"National & International Awards (Nobel, Bharat Ratna, Oscar)",Easy,Which of the following authors won the Nobel Prize in Literature in 1913?,William Faulkner,Rudyard Kipling,Ernest Hemingway,John Steinbeck,B,Rudyard Kipling,"Rudyard Kipling was the first British recipient of the Nobel Prize in Literature, awarded in 1907.","Kipling is known for works like 'The Jungle Book' and 'Kim', and his award recognized his 'sustained mastery of the art of narrative'.",2026-09-14 11:42:34
GK_EN_0838,English,General Knowledge,"National & International Awards (Nobel, Bharat Ratna, Oscar)",Easy,Which of the following films won the Academy Award for Best Picture in 1994?,Schindler's List,The English Patient,Forrest Gump,The Godfather,C,Forrest Gump,"Forrest Gump won the Best Picture award in 1995, making it the first comedy to win in that category.","The film is a box-office success and cultural phenomenon, known for its iconic scenes and performances, including Tom Hanks' portrayal of Forrest Gump.",2026-09-14 11:42:34
GK_EN_0839,English,General Knowledge,"National & International Awards (Nobel, Bharat Ratna, Oscar)",Easy,Which of the following scientists received the Nobel Prize in Physics in 1901?,Marie Curie,Albert Einstein,Niels Bohr,Werner Heisenberg,A,Marie Curie,Marie Curie was the first woman to win a Nobel Prize and the first person to win two Nobel Prizes in different fields.,She was awarded the Nobel Prize in Physics in 1903 for her research on radioactivity and again in 1911 for her work on radium and polonium.,2026-09-14 11:42:34
GK_EN_0840,English,General Knowledge,"National & International Awards (Nobel, Bharat Ratna, Oscar)",Easy,Which of the following authors won the Nobel Prize in Literature in 1954?,Ernest Hemingway,James Joyce,T.S. Eliot,Virginia Woolf,A,Ernest Hemingway,Ernest Hemingway was honored for his powerful style and excellent mastery of the art of narrative.,"Hemingway is renowned for novels like 'The Sun Also Rises' and 'A Farewell to Arms', known for their concise, direct, and evocative language.",2026-09-14 11:42:34
GK_EN_0841,English,General Knowledge,"National & International Awards (Nobel, Bharat Ratna, Oscar)",Easy,Which of the following individuals was awarded the Nobel Peace Prize in 1964?,Nelson Mandela,Martin Luther King Jr.,Lech Wałęsa,Aung San Suu Kyi,B,Martin Luther King Jr.,Martin Luther King Jr. was awarded the Nobel Peace Prize in 1964 for his nonviolent struggle for civil rights in the USA.,"He was a key figure in the Civil Rights Movement, delivering the famous 'I Have a Dream' speech in 1963 and advocating for racial equality through peaceful protests.",2026-09-14 11:42:34
GK_EN_0842,English,General Knowledge,"National & International Awards (Nobel, Bharat Ratna, Oscar)",Easy,Which of the following films won the Academy Award for Best Picture in 1999?,Titanic,Gladiator,American Beauty,Forrest Gump,A,Titanic,"Titanic won the Best Picture award in 1999, marking the film's success and cultural impact.","It's known for its special effects, epic story, and music, including the iconic song 'My Heart Will Go On'.",2026-09-14 11:42:34
GK_EN_0843,English,General Knowledge,"National & International Awards (Nobel, Bharat Ratna, Oscar)",Easy,Which of the following scientists won the Nobel Prize in Chemistry in 1908?,Marie Curie,J.J. Thomson,Albert Einstein,Linus Pauling,B,J.J. Thomson,"J.J. Thomson was awarded the Nobel Prize in Physics in 1906, and later in Chemistry in 1908 for his discovery of the electron.",His work on the structure of atoms and the discovery of the electron were groundbreaking in the field of physics and chemistry.,2026-09-14 11:42:34
GK_EN_0844,English,General Knowledge,"National & International Awards (Nobel, Bharat Ratna, Oscar)",Easy,Which of the following authors won the Nobel Prize in Literature in 1993?,V.S. Naipaul,Kazuo Ishiguro,Seamus Heaney,J.M. Coetzee,C,Seamus Heaney,"Seamus Heaney was the first Irish Nobel laureate in Literature, awarded in 1995, for his works that illuminate the complexity of the human experience.","His poetry often explores themes of Irish history and the Troubles, as well as the relationship between nature and culture.",2026-09-14 11:42:34
GK_EN_0845,English,General Knowledge,"National & International Awards (Nobel, Bharat Ratna, Oscar)",Easy,Which of the following films won the Academy Award for Best Picture in 1959?,Ben-Hur,The Godfather,Lawrence of Arabia,Gone with the Wind,A,Ben-Hur,"Ben-Hur won the Best Picture award in 1960, making it one of the most successful and popular films in history.","It is known for its epic scale, special effects, and the Academy Award-winning performance of Charlton Heston.",2026-09-14 11:42:34
GK_EN_0846,English,General Knowledge,"National & International Awards (Nobel, Bharat Ratna, Oscar)",Easy,Which of the following scientists won the Nobel Prize in Physiology or Medicine in 1923?,James Watson and Francis Crick,Frederick Banting and John Macleod,Barbara McClintock,Albert Szent-Györgyi,B,Frederick Banting and John Macleod,Banting and Macleod were awarded the Nobel Prize in Physiology or Medicine in 1923 for their discovery of insulin.,"Their work has had a profound impact on the treatment of diabetes, leading to significant advancements in medical science.",2026-09-14 11:42:34
GK_EN_0847,English,General Knowledge,"Sports, Olympic Games & Championships",Medium,The Olympic Games were first held in which year?,1896,1900,1894,1892,A,1896,"1896 marked the first modern Olympic Games, reintroduced by Pierre de Coubertin.","The 1896 Olympic Games in Athens, Greece, were the first to be organized under the modern Olympic Charter, reintroduced by Baron Pierre de Coubertin.",2026-09-14 11:42:55
GK_EN_0848,English,General Knowledge,"Sports, Olympic Games & Championships",Medium,Which sport was added to the Olympics in 2020?,Kitesurfing,Skateboarding,Mixed doubles table tennis,Wrestling,B,Skateboarding,Skateboarding was included as an official Olympic sport in the 2020 Tokyo Games.,"Skateboarding made its debut as an Olympic sport in the 2020 Summer Games, featuring both street and park events.",2026-09-14 11:42:55
GK_EN_0849,English,General Knowledge,"Sports, Olympic Games & Championships",Medium,Which country has won the most Olympic gold medals in history?,United States,China,Russia,United Kingdom,A,United States,The United States has the highest Olympic gold medal count.,"The United States leads all nations in Olympic gold medals with over 1,000, a testament to its long-standing dominance in many sports.",2026-09-14 11:42:55
GK_EN_0850,English,General Knowledge,"Sports, Olympic Games & Championships",Medium,The Olympic flame is lit at the start of the Olympic Games. In what location is this done?,"Naples, Italy","Athens, Greece","Rome, Italy","Paris, France",B,"Athens, Greece","The Olympic flame is lit in the Temple of Hera in Olympia, Greece, and then carried to the host city.","The Olympic flame is traditionally lit in the ancient site of Olympia, Greece, using a parabolic mirror to focus sunlight, and then transported to the host city for the Games.",2026-09-14 11:42:55
GK_EN_0851,English,General Knowledge,"Sports, Olympic Games & Championships",Medium,Which Olympic event is known for its ancient origins and involves throwing a heavy metal ball?,Javelin throw,Discus throw,Hammer throw,Shot put,C,Hammer throw,"The hammer throw has roots in ancient times, where a heavy ball was thrown using a wire and handle.","The hammer throw, involving a weighted ball attached to a wire, has been a part of the Olympics since 1900 and is one of the oldest sports in the Games.",2026-09-14 11:42:55
GK_EN_0852,English,General Knowledge,"Sports, Olympic Games & Championships",Medium,Which of the following athletes won the 100m sprint at the 2008 Beijing Olympics?,Usain Bolt,Jamaica's Asafa Powell,Yohan Blake,Usain Bolt and Asafa Powell,D,Usain Bolt and Asafa Powell,Both Usain Bolt and Asafa Powell won the 100m sprint at the 2008 Beijing Olympics.,"At the 2008 Beijing Olympics, both Usain Bolt and Asafa Powell finished with identical times in the 100m sprint, sharing the gold medal.",2026-09-14 11:42:55
GK_EN_0853,English,General Knowledge,"Sports, Olympic Games & Championships",Medium,In which Olympic year did the first Winter Games take place?,1924,1928,1932,1936,A,1924,"The first Winter Olympics were held in 1924 in Chamonix, France.","The 1924 Winter Olympics in Chamonix, France, were the inaugural Winter Games, featuring a variety of winter sports.",2026-09-14 11:42:55
GK_EN_0854,English,General Knowledge,"Sports, Olympic Games & Championships",Medium,Which of the following sports has never been a part of the Summer Olympic Games?,Tennis,Water polo,Luge,Sailing,C,Luge,Luge is not a part of the Summer Olympic Games.,"Luge, a winter sport involving sleds, is exclusive to the Winter Olympics and is not included in the Summer Games.",2026-09-14 11:42:55
GK_EN_0855,English,General Knowledge,"Sports, Olympic Games & Championships",Medium,Which of the following athletes won the marathon at the 2012 London Olympics?,Geoffrey Kamworor,Des Linden,Lel Kenetich Kirui,Lelisa Desisa,B,Des Linden,Des Linden was the first American woman to win the marathon at the Olympics since 1984.,"Des Linden of the United States won the marathon at the 2012 London Olympics, becoming the first American woman to claim the gold since Deena Kastor in 1984.",2026-09-14 11:42:55
GK_EN_0856,English,General Knowledge,"Sports, Olympic Games & Championships",Medium,Which of the following events is a field event in the Olympic Games?,100m sprint,"10,000m run",High jump,200m freestyle,C,High jump,High jump is a field event where athletes clear a bar with a running approach.,"High jump is a field event in the Olympics, requiring athletes to clear a horizontal bar with the least effort, typically using run-up and jumping techniques.",2026-09-14 11:42:55
GK_EN_0857,English,General Knowledge,"Ecology, Biodiversity & National Parks",Hard,Which of the following best describes the concept of 'ecosystem resilience' in ecological terms?,The ability of a species to migrate to new habitats when its original habitat is destroyed.,The rate at which an ecosystem returns to its original state after a disturbance.,The process by which a new species is introduced into an ecosystem.,The total number of species present in a given ecosystem.,B,The rate at which an ecosystem returns to its original state after a disturbance.,"Ecosystem resilience refers to the ability of an ecosystem to recover and adapt after disturbances such as fires, floods, or human activities.",This definition is crucial for understanding how ecosystems can maintain their structure and function in the face of environmental changes and stressors.,2026-09-14 11:43:21
GK_EN_0858,English,General Knowledge,"Ecology, Biodiversity & National Parks",Hard,"Which national park in the United States is known for its unique geological features, including hoodoos, and is also a UNESCO World Heritage Site?",Yellowstone National Park,Yosemite National Park,Zion National Park,Great Smoky Mountains National Park,C,Zion National Park,Zion National Park is recognized for its distinctive rock formations and is a significant example of biodiversity and geological history.,Zion National Park's unique features and biodiversity make it a crucial area for ecological study and conservation.,2026-09-14 11:43:21
GK_EN_0859,English,General Knowledge,"Ecology, Biodiversity & National Parks",Hard,Which of the following best describes the concept of 'keystone species' in an ecosystem?,Species that are abundant and contribute the most to the biomass of an ecosystem.,Species that have a disproportionately large effect on their environment relative to their abundance.,Species that are introduced into an ecosystem and disrupt the balance.,Species that can survive in a wide range of habitats.,B,Species that have a disproportionately large effect on their environment relative to their abundance.,Keystone species play a critical role in maintaining the structure of an ecosystem and the diversity of species within it.,"Without keystone species, certain ecosystem functions may be severely impacted, leading to a loss of biodiversity and ecological balance.",2026-09-14 11:43:21
GK_EN_0860,English,General Knowledge,"Ecology, Biodiversity & National Parks",Hard,Which of the following is a primary reason for establishing national parks?,To provide recreational areas for tourists and outdoor enthusiasts.,To preserve biodiversity and protect natural habitats from human activities.,To promote urban development and expansion.,To facilitate commercial exploitation of natural resources.,B,To preserve biodiversity and protect natural habitats from human activities.,"National parks are established to conserve ecosystems and their species, ensuring the long-term health and stability of natural environments.",This purpose is fundamental to the conservation of biodiversity and the sustainable use of natural resources.,2026-09-14 11:43:21
GK_EN_0861,English,General Knowledge,"Ecology, Biodiversity & National Parks",Hard,Which of the following best describes the concept of 'biodiversity hotspots'?,Areas with a high number of invasive species.,Regions with a high level of human activity and pollution.,"Places with a high degree of species diversity and endemism, facing significant threats.",Areas with low levels of ecosystem resilience.,C,"Places with a high degree of species diversity and endemism, facing significant threats.",Biodiversity hotspots are critical regions that require urgent conservation efforts due to their high levels of unique and threatened species.,These areas are essential for maintaining global biodiversity and are often the focus of conservation initiatives to protect endemic species from extinction.,2026-09-14 11:43:21
GK_EN_0862,English,General Knowledge,"Ecology, Biodiversity & National Parks",Hard,Which of the following is an example of a 'rewilding' initiative in the context of ecological restoration?,Clearing forests to make way for agricultural land.,Removing invasive species from a native ecosystem.,Introducing non-native species to control pests.,Restoring habitats to support the reintroduction of native species.,D,Restoring habitats to support the reintroduction of native species.,"Rewilding involves the restoration of natural habitats to support the return and recovery of native species, enhancing ecosystem health and biodiversity.","This approach is crucial for ecological restoration and the recovery of degraded ecosystems, promoting natural processes and biodiversity.",2026-09-14 11:43:21
GK_EN_0863,English,General Knowledge,"Ecology, Biodiversity & National Parks",Hard,Which of the following best describes the 'carrying capacity' of an ecosystem?,"The maximum population size of a species that the environment can support indefinitely, given the food, habitat, water, and other necessities available in the environment.",The rate at which an ecosystem can recover from disturbances.,The total number of species in an ecosystem.,The ability of a species to migrate to new habitats.,A,"The maximum population size of a species that the environment can support indefinitely, given the food, habitat, water, and other necessities available in the environment.",Carrying capacity refers to the maximum sustainable population size of a species that an environment can support without degrading its resources.,Understanding carrying capacity is essential for managing populations and ensuring the long-term health of ecosystems.,2026-09-14 11:43:21
GK_EN_0864,English,General Knowledge,"Ecology, Biodiversity & National Parks",Hard,Which of the following best describes the 'butterfly effect' in the context of ecology?,The rapid expansion of butterfly populations in a new habitat.,"The impact of a small change in one part of an ecosystem on the entire system, often leading to unpredictable effects.",The migration patterns of butterflies across different regions.,The genetic diversity of butterfly species within a particular habitat.,B,"The impact of a small change in one part of an ecosystem on the entire system, often leading to unpredictable effects.","The butterfly effect illustrates how small changes can have large, unpredictable effects on ecosystems, highlighting the complexity and interconnectedness of ecological systems.","This concept emphasizes the importance of understanding and managing ecosystems holistically, as even small changes can have significant impacts.",2026-09-14 11:43:21
GK_EN_0865,English,General Knowledge,"Ecology, Biodiversity & National Parks",Hard,Which of the following is a primary goal of the Convention on Biological Diversity (CBD)?,To promote the sustainable use of natural resources for economic development.,To protect and conserve biological diversity and ensure its sustainable use.,To increase tourism in national parks and protected areas.,To regulate international trade in endangered species.,B,To protect and conserve biological diversity and ensure its sustainable use.,The CBD aims to protect and preserve biodiversity while ensuring its sustainable use for the benefit of current and future generations.,"This goal is fundamental to the conservation of ecosystems and the maintenance of global biodiversity, addressing the interdependence of human well-being and the environment.",2026-09-14 11:43:21
GK_EN_0866,English,General Knowledge,"Ecology, Biodiversity & National Parks",Hard,Which of the following is an example of a 'keystone herbivore' in an ecosystem?,A rabbit in a meadow.,A beaver in a river.,A deer in a forest.,A squirrel in a park.,B,A beaver in a river.,"A keystone herbivore, such as a beaver, plays a critical role in shaping the ecosystem, influencing the structure of habitats and the dynamics of other species.","Beavers create and maintain wetland habitats, which support a wide variety of species, demonstrating the ecological importance of such species in shaping ecosystems.",2026-09-14 11:43:21
GK_EN_0867,English,General Knowledge,Ancient & Medieval History,Easy,Which of the following empires is known for its extensive use of the Silk Road?,The Roman Empire,The Byzantine Empire,The Mongol Empire,The Ottoman Empire,C,The Mongol Empire,The Mongol Empire expanded to control a vast network of trade routes including the Silk Road.,"The Mongol Empire, under leaders like Genghis Khan, created a vast network of trade routes that facilitated the exchange of goods, ideas, and culture across Eurasia.",2026-09-14 11:43:43
GK_EN_0868,English,General Knowledge,Ancient & Medieval History,Easy,Who is considered the first Roman Emperor?,Julius Caesar,Pompey the Great,Augustus,Mark Antony,C,Augustus,Augustus marked the transition from the Roman Republic to the Roman Empire.,"Augustus, also known as Octavian, established the Principate, the first phase of the Roman Empire, by taking control after the assassination of Julius Caesar.",2026-09-14 11:43:43
GK_EN_0869,English,General Knowledge,Ancient & Medieval History,Easy,Which of the following is a famous example of a Byzantine Church?,The Pantheon,The Colosseum,The Hagia Sophia,The Parthenon,C,The Hagia Sophia,The Hagia Sophia is a prime example of Byzantine architecture and a significant historical landmark.,"The Hagia Sophia was built as a Christian cathedral in Constantinople and later converted into a mosque, showcasing the architectural and cultural significance of the Byzantine Empire.",2026-09-14 11:43:43
GK_EN_0870,English,General Knowledge,Ancient & Medieval History,Easy,Which of the following is an ancient civilization known for its pyramids?,The Indus Valley Civilization,The Mesopotamian Civilization,The Egyptian Civilization,The Minoan Civilization,C,The Egyptian Civilization,The ancient Egyptians are renowned for their construction of pyramids as tombs for pharaohs.,"The pyramids at Giza, constructed during the Old Kingdom period, are among the most famous examples of ancient Egyptian architecture and engineering.",2026-09-14 11:43:43
GK_EN_0871,English,General Knowledge,Ancient & Medieval History,Easy,Which of the following events marks the fall of the Western Roman Empire?,The sacking of Rome by the Visigoths in 410 AD,The Battle of Adrianople in 378 AD,The death of Emperor Theodosius I in 395 AD,The fall of Constantinople in 1453 AD,A,The sacking of Rome by the Visigoths in 410 AD,The sacking of Rome by the Visigoths is a significant event in the decline of the Western Roman Empire.,"The sacking of Rome by the Visigoths in 410 AD marked a turning point in the decline of the Western Roman Empire, indicating the loss of its military might and authority.",2026-09-14 11:43:43
GK_EN_0872,English,General Knowledge,Ancient & Medieval History,Easy,Which of the following is a notable example of early medieval European literature?,Beowulf,The Canterbury Tales,The Divine Comedy,Don Quixote,A,Beowulf,Beowulf is an epic poem that reflects early medieval Germanic culture and literature.,"Beowulf, an epic poem, tells the story of a Scandinavian hero and is a prime example of early medieval Germanic literature, showcasing the values and society of the time.",2026-09-14 11:43:43
GK_EN_0873,English,General Knowledge,Ancient & Medieval History,Easy,Which of the following is a famous medieval philosopher who lived during the Islamic Golden Age?,Thomas Aquinas,Aristotle,Al-Ghazali,Francis Bacon,C,Al-Ghazali,Al-Ghazali was a prominent Islamic philosopher and theologian who had a significant influence on Islamic thought.,"Al-Ghazali, known for his work 'The Incoherence of the Philosophers,' contributed to the development of Islamic philosophy and theology, bridging the gap between faith and reason.",2026-09-14 11:43:43
GK_EN_0874,English,General Knowledge,Ancient & Medieval History,Easy,Which of the following is a famous medieval fortress and castle complex in England?,Stonehenge,Edinburgh Castle,The Tower of London,Hadrian's Wall,C,The Tower of London,The Tower of London is a famous medieval fortress and symbol of royal power in England.,"The Tower of London, built by William the Conqueror, served as a royal palace, prison, and fortress, playing a significant role in English history and defense.",2026-09-14 11:43:43
GK_EN_0875,English,General Knowledge,Ancient & Medieval History,Easy,"Which of the following is a key figure in the Renaissance, known for his paintings and sculptures?",Niccolò Machiavelli,Michelangelo,William Shakespeare,Magna Carta,B,Michelangelo,"Michelangelo is renowned for his artistic achievements, including sculptures like the David and paintings such as the Sistine Chapel ceiling.","Michelangelo, a polymath of the Renaissance, is famous for his sculptures, paintings, and architecture, contributing significantly to the cultural and artistic revival of the period.",2026-09-14 11:43:43
GK_EN_0876,English,General Knowledge,Ancient & Medieval History,Easy,Which of the following is a famous medieval philosopher who lived during the High Middle Ages?,Thomas Aquinas,Aristotle,Al-Ghazali,Francis Bacon,A,Thomas Aquinas,"Thomas Aquinas is known for his philosophical and theological works, integrating Aristotelian thought with Christian doctrine.","Thomas Aquinas, a Dominican friar and scholastic philosopher, is famous for his works like 'Summa Theologica,' which synthesized Aristotelian philosophy with Christian doctrine, influencing medieval and later thought.",2026-09-14 11:43:43
GK_EN_0877,English,General Knowledge,Modern Indian History & Freedom Struggle,Medium,Who is known as the 'Father of the Indian National Army' and played a significant role in the freedom struggle?,Subhash Chandra Bose,Jawaharlal Nehru,Bal Gangadhar Tilak,Maulana Abul Kalam Azad,A,Subhash Chandra Bose,Subhash Chandra Bose is recognized for his leadership of the Indian National Army (INA) and his efforts to fight for India's independence through military means.,Subhash Chandra Bose was a prominent leader in the Indian independence movement who founded the Indian National Army and sought to liberate India through armed struggle against British rule. His efforts included establishing the headquarters of the INA in Singapore and leading the army in battles against British forces.,2026-09-14 11:44:12
GK_EN_0878,English,General Knowledge,Modern Indian History & Freedom Struggle,Medium,"Which event is considered a turning point in the Indian independence movement, leading to the partition of India in 1947?",Quit India Movement,Cripps Mission,Simla Conference,Partition of Bengal in 1905,C,Simla Conference,"The Simla Conference was a crucial meeting that failed to find a resolution, leading to the partition of India and Pakistan.","The Simla Conference in 1947 was an attempt by British Prime Minister Clement Attlee to resolve the constitutional issues between the Indian National Congress and the Muslim League. The failure of the conference and subsequent negotiations led to the partition of India, dividing the country along religious lines into India and Pakistan.",2026-09-14 11:44:12
GK_EN_0879,English,General Knowledge,Modern Indian History & Freedom Struggle,Medium,Which Indian leader is known for his famous speech 'Tryst with Destiny' delivered on the eve of India's independence?,Jawaharlal Nehru,M. K. Gandhi,B. R. Ambedkar,Sardar Vallabhbhai Patel,A,Jawaharlal Nehru,"Jawaharlal Nehru delivered the 'Tryst with Destiny' speech on August 14, 1947, marking the beginning of India's journey as an independent nation.","Jawaharlal Nehru delivered the famous 'Tryst with Destiny' speech on August 14, 1947, at the midnight session of the Constituent Assembly. The speech is significant as it marked the moment when India became independent and Nehru became the first Prime Minister of India.",2026-09-14 11:44:12
GK_EN_0880,English,General Knowledge,Modern Indian History & Freedom Struggle,Medium,Which of the following was NOT one of the three main aims of the Indian National Congress during the early 20th century?,Home Rule,Non-cooperation with British institutions,Swaraj (self-rule),Establishment of a socialist society,D,Establishment of a socialist society,The Indian National Congress during the early 20th century focused on achieving self-rule and was not primarily concerned with establishing a socialist society.,The Indian National Congress during the early 20th century was primarily focused on achieving self-rule (Swaraj) and non-cooperation with British institutions. The aim of establishing a socialist society was not a main aim of the Congress during this period.,2026-09-14 11:44:12
GK_EN_0881,English,General Knowledge,Modern Indian History & Freedom Struggle,Medium,Which of the following events marked the beginning of the Non-Cooperation Movement in 1920?,Jallianwala Bagh Massacre,Chauri Chaura Incident,Khilafat Movement,Swadeshi Movement,A,Jallianwala Bagh Massacre,"The Jallianwala Bagh Massacre, led by General Reginald Dyer, sparked widespread outrage and led to the Non-Cooperation Movement being launched by the Indian National Congress.","The Jallianwala Bagh Massacre, which occurred on April 13, 1919, when General Reginald Dyer ordered his troops to open fire on unarmed civilians in Amritsar, led to immense public outrage. This event was a significant catalyst for the Non-Cooperation Movement, launched by the Indian National Congress in 1920.",2026-09-14 11:44:12
GK_EN_0882,English,General Knowledge,Modern Indian History & Freedom Struggle,Medium,Which of the following leaders was NOT part of the Indian National Congress working committee that drafted the first Swaraj declaration in 1906?,Gopal Krishna Gokhale,M. K. Gandhi,C. R. Das,B. R. Ambedkar,D,B. R. Ambedkar,B. R. Ambedkar was not part of the Indian National Congress working committee that drafted the first Swaraj declaration in 1906.,B. R. Ambedkar was not involved in the drafting of the first Swaraj declaration in 1906. He joined the Indian National Congress much later and was primarily involved in social reform and the drafting of the Indian Constitution.,2026-09-14 11:44:12
GK_EN_0883,English,General Knowledge,Modern Indian History & Freedom Struggle,Medium,"Which of the following events marked the end of the first phase of the Indian independence movement, characterized by mass non-violent protests and boycotts?",Amritsar Massacre,Quit India Movement,Simon Commission Boycott,Quit India Resolution,C,Simon Commission Boycott,"The Simon Commission Boycott, initiated in 1928, marked the end of the first phase of the Indian independence movement and led to the Non-Cooperation Movement.","The Simon Commission, a British committee tasked with reforming the constitutional structure of India, was boycotted by Indian leaders due to its lack of Indian representation. This boycott, which began in 1928, marked the end of the first phase of the Indian independence movement and led to the launch of the Non-Cooperation Movement.",2026-09-14 11:44:12
GK_EN_0884,English,General Knowledge,Modern Indian History & Freedom Struggle,Medium,Which of the following leaders was known for his role in the Quit India Movement and was arrested for his involvement?,M. K. Gandhi,B. R. Ambedkar,Jawaharlal Nehru,Sardar Vallabhbhai Patel,A,M. K. Gandhi,M. K. Gandhi was the central figure of the Quit India Movement and was arrested by the British authorities for leading the movement.,"M. K. Gandhi was the leader of the Quit India Movement, a nationwide protest launched in 1942. He was arrested by the British authorities for his role in organizing and leading the movement, which aimed to force the British to quit India.",2026-09-14 11:44:12
GK_EN_0885,English,General Knowledge,Modern Indian History & Freedom Struggle,Medium,Which of the following events is considered the beginning of the struggle for Indian independence against British rule?,First War of Independence (1857),Bengal Partition,Partition of Bengal in 1905,Swadeshi Movement,A,First War of Independence (1857),"The First War of Independence, also known as the Indian Rebellion of 1857, is considered the beginning of the struggle for Indian independence against British rule.","The First War of Independence, which took place in 1857, is considered the starting point of the struggle for Indian independence. It was a widespread uprising against British rule, involving various sections of the Indian population, including soldiers, peasants, and civilians.",2026-09-14 11:44:12
GK_EN_0886,English,General Knowledge,Modern Indian History & Freedom Struggle,Medium,Which of the following was NOT a major contribution of the Quit India Movement to the Indian independence struggle?,It inspired widespread civil disobedience and non-cooperation.,It led to the British government's decision to grant India independence.,It galvanized the Indian public and strengthened the Indian National Congress.,It highlighted the need for more radical actions against British colonial rule.,B,It led to the British government's decision to grant India independence.,The Quit India Movement did not directly lead to the British government's decision to grant India independence; this decision was made much later as a result of various factors.,"While the Quit India Movement was a significant event in the Indian independence struggle, it did not directly lead to the British government's decision to grant India independence. The decision to grant independence was influenced by a combination of factors, including the impact of the movement, the growing strength of the Indian National Congress, and the changing global political climate.",2026-09-14 11:44:12
GK_EN_0887,English,General Knowledge,World History & Revolutions,Hard,Which of the following revolutions marked the first successful attempt to establish a socialist state in the 20th century?,The Russian Revolution of 1917,The French Revolution,The Chinese Revolution of 1949,The Mexican Revolution,A,The Russian Revolution of 1917,"The Russian Revolution led to the establishment of the Soviet Union, the first socialist state.","The October Revolution of 1917 led to the overthrow of the Tsarist autocracy and the Bolsheviks' rise to power, establishing the world's first socialist state and sparking global socialist movements.",2026-09-14 11:44:39
GK_EN_0888,English,General Knowledge,World History & Revolutions,Hard,"Which of the following events is considered a turning point in the American Revolutionary War, significantly boosting the morale of the American colonists?",The Boston Tea Party,The Battle of Saratoga,The Siege of Yorktown,The Declaration of Independence,B,The Battle of Saratoga,The Battle of Saratoga demonstrated the military capabilities of the American forces and led to French intervention on the American side.,"The victory at Saratoga in 1777 was a crucial turning point, as it convinced France to formally recognize and support the American colonies, providing military aid that was pivotal to the war's outcome.",2026-09-14 11:44:39
GK_EN_0889,English,General Knowledge,World History & Revolutions,Hard,"Which of the following treaties ended the Thirty Years' War, a series of conflicts that devastated much of Europe in the 17th century?",The Treaty of Utrecht,The Treaty of Versailles,The Treaty of Westphalia,The Treaty of Tordesillas,C,The Treaty of Westphalia,The Treaty of Westphalia established the sovereignty of states and the principle of non-interference in the internal affairs of other states.,"Signed in 1648, the Treaty of Westphalia marked the end of the Thirty Years' War, establishing the modern nation-state system and the principle of state sovereignty, which has been a cornerstone of international relations ever since.",2026-09-14 11:44:39
GK_EN_0890,English,General Knowledge,World History & Revolutions,Hard,"Which of the following figures is credited with the phrase 'Liberty or Death' during the American Revolution, inspiring many to join the fight for independence?",John Adams,Thomas Jefferson,Patrick Henry,George Washington,C,Patrick Henry,Patrick Henry's powerful speech emphasized the colonists' commitment to freedom and independence.,"Patrick Henry's famous speech, 'Give me liberty, or give me death,' delivered in 1775, galvanized colonial sentiment against British rule and is often cited as a defining moment that mobilized American resistance.",2026-09-14 11:44:39
GK_EN_0891,English,General Knowledge,World History & Revolutions,Hard,"Which of the following leaders is known for initiating the Glorious Revolution in 1688, which fundamentally changed the relationship between the monarchy and Parliament in England?",James II,William of Orange,Charles II,Oliver Cromwell,B,William of Orange,"William of Orange, along with his wife Mary, led a successful invasion that resulted in the deposition of James II and the establishment of the English Bill of Rights.","The Glorious Revolution of 1688 saw William of Orange and his wife, Mary, land in England to depose James II. This event led to the Bill of Rights, which limited the power of the monarchy and expanded the powers of Parliament, fundamentally altering the constitutional balance in England.",2026-09-14 11:44:39
GK_EN_0892,English,General Knowledge,World History & Revolutions,Hard,"Which of the following revolutions is known for its role in the decolonization of Africa, leading to the independence of many countries in the 1960s?",The Algerian War of Independence,The Cuban Revolution,The Nigerian Revolution,The Rwandan Revolution,A,The Algerian War of Independence,The Algerian War of Independence against French colonial rule was a significant decolonization movement that inspired other African nations to seek independence.,"The Algerian War of Independence, lasting from 1954 to 1962, was a pivotal struggle that inspired similar movements across Africa, leading to a wave of decolonization and independence in the 1960s, fundamentally reshaping the political map of the continent.",2026-09-14 11:44:39
GK_EN_0893,English,General Knowledge,World History & Revolutions,Hard,Which of the following treaties is considered a significant step towards the unification of Germany in the 19th century?,The Treaty of Versailles,The Treaty of Vienna,The Treaty of Frankfurt,The Treaty of Berlin,C,The Treaty of Frankfurt,"The Treaty of Frankfurt in 1871 led to the proclamation of the German Empire, uniting most of the German states under Prussian leadership.","The Treaty of Frankfurt, signed in 1871, officially ended the Franco-Prussian War and led to the proclamation of the German Empire, effectively uniting most of the German states under Prussian leadership, marking a significant step towards German unification.",2026-09-14 11:44:39
GK_EN_0894,English,General Knowledge,World History & Revolutions,Hard,"Which of the following figures is known for leading the first non-violent, non-cooperation movement in India, which inspired many future movements against colonial rule?",Subhas Chandra Bose,Jawaharlal Nehru,Mahatma Gandhi,Bhagat Singh,C,Mahatma Gandhi,"Mahatma Gandhi's philosophy of non-violent resistance, or satyagraha, was pivotal in the Indian independence movement.","Mahatma Gandhi's leadership of the non-violent, non-cooperation movement, including the Salt March in 1930, inspired countless others and played a crucial role in India's struggle for independence from British rule.",2026-09-14 11:44:39
GK_EN_0895,English,General Knowledge,World History & Revolutions,Hard,"Which of the following revolutions is known for its role in the spread of liberal democracy in Europe and beyond, primarily through the use of the guillotine during the Reign of Terror?",The French Revolution,The Russian Revolution,The Haitian Revolution,The American Revolution,A,The French Revolution,The Reign of Terror during the French Revolution was marked by the widespread use of the guillotine to eliminate perceived enemies of the revolution.,"The French Revolution, particularly the Reign of Terror from 1793 to 1794, saw the widespread use of the guillotine as a tool of the revolutionary government to eliminate perceived enemies, despite the contradiction with the revolution's initial liberal democratic ideals.",2026-09-14 11:44:39
GK_EN_0896,English,General Knowledge,World History & Revolutions,Hard,"Which of the following revolutions is known for its role in the spread of communism, leading to the formation of the Soviet Union and influencing global politics for decades?",The Chinese Revolution,The Russian Revolution,The Cuban Revolution,The October Revolution,B,The Russian Revolution,"The Russian Revolution of 1917, particularly the October Revolution, led to the establishment of the Soviet Union and the spread of communist ideology globally.","The Russian Revolution, especially the October Revolution in 1917, led to the establishment of the Soviet Union and the spread of communist ideology, which had a profound impact on global politics and the development of socialist states in the 20th century.",2026-09-14 11:44:39
GK_EN_0897,English,General Knowledge,"Indian Geography (Rivers, Mountains, Climate)",Easy,Which of the following rivers is the longest river in India?,Godavari,Kaveri,Narmada,Ganga,D,Ganga,"The Ganga is the longest river in India, flowing for about 2,525 km.","While other rivers like Godavari and Narmada are significant, the Ganga is the longest river in the country, flowing through several states and forming an important part of Indian culture and history.",2026-09-14 11:45:00
GK_EN_0898,English,General Knowledge,"Indian Geography (Rivers, Mountains, Climate)",Easy,Which mountain range is the northernmost in India and is a part of the Himalayan system?,Kannada Hills,Western Ghats,Eastern Ghats,Himalayas,D,Himalayas,The Himalayas are the northernmost mountain range in India and are a part of the larger Himalayan system.,"The Himalayas are the highest and most extensive mountain range in the world, stretching across several countries, including India. They are a crucial part of India's geography and climate.",2026-09-14 11:45:00
GK_EN_0899,English,General Knowledge,"Indian Geography (Rivers, Mountains, Climate)",Easy,Which of the following is the primary cause of the monsoon season in India?,Ocean currents,Mountain ranges,Pressure differences between land and sea,Jet streams,C,Pressure differences between land and sea,Pressure differences between land and sea are the primary cause of the monsoon season in India.,"During the monsoon season, the pressure over the Indian subcontinent changes due to the heating of the land, leading to heavy rainfall. This pressure difference drives the monsoon winds.",2026-09-14 11:45:00
GK_EN_0900,English,General Knowledge,"Indian Geography (Rivers, Mountains, Climate)",Easy,Which river is known for its large delta and contributes significantly to the green revolution in India?,Krishna,Brahmaputra,Ganga,Godavari,C,Ganga,The Ganga is known for its large delta and its significant contribution to the green revolution in India.,"The Ganga's fertile plains and delta have been crucial for agriculture in India, supporting the green revolution and providing a rich source of irrigation.",2026-09-14 11:45:00
GK_EN_0901,English,General Knowledge,"Indian Geography (Rivers, Mountains, Climate)",Easy,Which mountain range separates the northern plains of India from the Deccan Plateau?,Western Ghats,Eastern Ghats,Himalayas,Satpura Range,A,Western Ghats,The Western Ghats separate the northern plains of India from the Deccan Plateau.,"The Western Ghats run along the western coast of peninsular India, forming a natural barrier between the fertile plains of the north and the Deccan Plateau to the south.",2026-09-14 11:45:00
GK_EN_0902,English,General Knowledge,"Indian Geography (Rivers, Mountains, Climate)",Easy,Which of the following rivers is the most important source of water for the state of Gujarat?,Krishna,Tapti,Indus,Narmada,B,Tapti,The Tapti river is the most important source of water for the state of Gujarat.,"The Tapti river plays a crucial role in providing water for agriculture, industry, and domestic use in Gujarat, making it the most important river for the state.",2026-09-14 11:45:00
GK_EN_0903,English,General Knowledge,"Indian Geography (Rivers, Mountains, Climate)",Easy,Which mountain range forms the boundary between the northern plains and the central India plateau?,Satpura Range,Western Ghats,Eastern Ghats,Himalayas,A,Satpura Range,The Satpura Range forms the boundary between the northern plains and the central India plateau.,"The Satpura Range is a significant mountain range that separates the northern plains from the central India plateau, providing a natural boundary and influencing the region's climate and geography.",2026-09-14 11:45:00
GK_EN_0904,English,General Knowledge,"Indian Geography (Rivers, Mountains, Climate)",Easy,Which of the following rivers is known for its role in the Indus Valley Civilization?,Godavari,Brahmaputra,Indus,Narmada,C,Indus,The Indus river played a crucial role in the Indus Valley Civilization.,"The Indus river was a vital source of water for the Indus Valley Civilization, providing fertile land for agriculture and supporting the growth of one of the earliest urban civilizations in the world.",2026-09-14 11:45:00
GK_EN_0905,English,General Knowledge,"Indian Geography (Rivers, Mountains, Climate)",Easy,Which of the following rivers is known for its tributaries that form the Ganges Basin?,Krishna,Yamuna,Narmada,Godavari,B,Yamuna,The Yamuna is a major tributary of the Ganges and forms a significant part of the Ganges Basin.,"The Yamuna is one of the main tributaries of the Ganges, forming a crucial part of the Ganges Basin and providing water and resources to a large region of northern India.",2026-09-14 11:45:00
GK_EN_0906,English,General Knowledge,"Indian Geography (Rivers, Mountains, Climate)",Easy,Which mountain range is known for its dense forests and biodiversity in the eastern part of India?,Eastern Ghats,Western Ghats,Himalayas,Satpura Range,A,Eastern Ghats,The Eastern Ghats are known for their dense forests and high biodiversity in the eastern part of India.,"The Eastern Ghats, despite being less prominent than the Western Ghats, are rich in biodiversity and support a variety of flora and fauna, making them an important region for conservation.",2026-09-14 11:45:00
GK_EN_0907,English,General Knowledge,World Geography & Solar System,Medium,Which mountain range is known as the highest peak on Earth?,Rocky Mountains,Andes,Himalayas,Alps,C,Himalayas,"The Himalayas contain Mount Everest, which is the highest peak on Earth with a height of 8,848 meters (29,029 feet).","The Himalayas are a result of the collision between the Indian and Eurasian tectonic plates, creating one of the world's most awe-inspiring mountain ranges and home to the highest peak on Earth.",2026-09-14 11:45:23
GK_EN_0908,English,General Knowledge,World Geography & Solar System,Medium,Which of the following planets is known for having a ring system?,Venus,Mars,Jupiter,Earth,C,Jupiter,"Jupiter is known for its prominent ring system, which is composed of dust and small rocks.","Jupiter's ring system is less visible and less dense compared to Saturn's, but it is still a notable feature, primarily composed of dust particles and debris from its moons.",2026-09-14 11:45:23
GK_EN_0909,English,General Knowledge,World Geography & Solar System,Medium,Which of the following oceans is the largest in the world by area?,Atlantic Ocean,Indian Ocean,Pacific Ocean,Arctic Ocean,C,Pacific Ocean,"The Pacific Ocean is the largest and deepest of the world's oceans, covering an area of approximately 165.2 million square kilometers (63.8 million square miles).","The Pacific Ocean is not only the largest but also the deepest, with a maximum depth of 10,984 meters (36,037 feet) in the Challenger Deep, a submarine trench in the Mariana Islands.",2026-09-14 11:45:23
GK_EN_0910,English,General Knowledge,World Geography & Solar System,Medium,Which of the following planets is known for having a day that is longer than its year?,Mars,Venus,Saturn,Mercury,B,Venus,"A day on Venus is longer than its year, with one full rotation taking 243 Earth days, while its orbit around the Sun takes 225 Earth days.","Due to its retrograde rotation, Venus has a day that is longer than its year, making it unique among the planets in our solar system.",2026-09-14 11:45:23
GK_EN_0911,English,General Knowledge,World Geography & Solar System,Medium,Which of the following is the largest desert in South America?,Sahara Desert,Arabian Desert,Atacama Desert,Kalahari Desert,C,Atacama Desert,"The Atacama Desert is the driest hot desert in the world and the largest desert in South America, covering an area of approximately 750,000 square kilometers (290,000 square miles).","The Atacama Desert is known for its extremely arid climate, where some regions have not seen rain for decades, making it a unique and challenging environment for both flora and fauna.",2026-09-14 11:45:23
GK_EN_0912,English,General Knowledge,"Indian Polity, Constitution & Governance",Hard,Which of the following amendments to the Indian Constitution introduced the Directive Principles of State Policy?,42nd Amendment,44th Amendment,73rd Amendment,86th Amendment,A,42nd Amendment,"The 42nd Amendment in 1976 incorporated the Directive Principles of State Policy, which are fundamental in nature, but not enforceable in a court of law.","The 42nd Amendment was a significant modification to the Constitution, aimed at strengthening the Directive Principles of State Policy, which were originally part of the Constitution's Preamble. These principles guide the state in the pursuit of social and economic justice and welfare of the people.",2026-09-14 11:45:49
GK_EN_0913,English,General Knowledge,"Indian Polity, Constitution & Governance",Hard,Which of the following is NOT a criterion for the appointment of a State Governor in India?,Political affiliation,Age,Character,Qualifications,A,Political affiliation,"The appointment of a State Governor is based on character, qualifications, and age, but not on political affiliation.","The Constitution mandates that a Governor be appointed based on their character, qualifications, and age. Political affiliation is not a criterion for appointment, as the Governor's role is to act as a constitutional head and uphold the Constitution, not as a political actor.",2026-09-14 11:45:49
GK_EN_0914,English,General Knowledge,"Indian Polity, Constitution & Governance",Hard,Which of the following is NOT a feature of the Indian Parliament's structure?,Legislative Council (Rajya Sabha),House of the People (Lok Sabha),Legislative Assembly (Vidhan Sabha),Council of States (Rajya Sabha),C,Legislative Assembly (Vidhan Sabha),"The Legislative Assembly (Vidhan Sabha) is part of the state legislature, not the Indian Parliament.","The Indian Parliament consists of two Houses: the Lok Sabha and the Rajya Sabha. The Legislative Assembly, also known as the Vidhan Sabha, is the legislative body of the states and not a part of the Indian Parliament, which is solely composed of the two Houses at the national level.",2026-09-14 11:45:49
GK_EN_0915,English,General Knowledge,"Indian Polity, Constitution & Governance",Hard,Which of the following statements about the President of India is true?,The President is the executive head of the country.,The President can dissolve the Lok Sabha unilaterally.,The President is elected by the people of India.,The President's term is six years.,D,The President's term is six years.,The term of the President of India is fixed at six years and is renewable.,"The President of India is elected by an electoral college consisting of members of both Houses of Parliament and the Legislative Assemblies of the States. The term is six years, and the President can be re-elected, but cannot hold the office for more than two consecutive terms.",2026-09-14 11:45:49
GK_EN_0916,English,General Knowledge,"Indian Polity, Constitution & Governance",Hard,Which of the following is a concurrent subject in the Seventh Schedule of the Indian Constitution?,Defence,Foreign Affairs,Education,Finance,C,Education,"Education is a concurrent subject, meaning it is shared between the Union and State governments.","The Constitution of India categorizes subjects into three lists: Union List, State List, and Concurrent List. Education is listed as a concurrent subject, indicating that both the Union and State governments have the authority to legislate on this matter, reflecting the balance of powers between the central and state governments.",2026-09-14 11:45:49
GK_EN_0917,English,General Knowledge,"Indian Polity, Constitution & Governance",Hard,Which of the following is a fundamental duty but not a fundamental right under the Indian Constitution?,Right to equality,Right to education,Right to freedom of speech and expression,Right to constitutional remedy,B,Right to education,The Right to Education is a fundamental duty under Article 51A of the Constitution but not a fundamental right.,"The Right to Education, introduced through the 86th Amendment in 2002, is a fundamental duty that mandates the state to provide free and compulsory education to all children between the ages of 6 and 14. Unlike fundamental rights, which are enforceable in a court of law, fundamental duties are not enforceable but are moral obligations of the citizens.",2026-09-14 11:45:49
GK_EN_0918,English,General Knowledge,"Indian Polity, Constitution & Governance",Hard,Which of the following is a special provision for a state under the Indian Constitution?,Article 370,Article 356,Article 246,Article 360,A,Article 370,Article 370 of the Constitution provides special autonomy to the state of Jammu and Kashmir.,"Article 370 is a unique provision that grants the state of Jammu and Kashmir a special status within the Union of India, allowing it to have its own constitution and autonomous governance. This provision has been a subject of controversy and has been abrogated in 2019, but it was a special feature of the Indian Constitution for many years.",2026-09-14 11:45:49
GK_EN_0919,English,General Knowledge,"Indian Polity, Constitution & Governance",Hard,Which of the following is NOT a responsibility of the Election Commission of India?,Conducting fair and free elections,Regulating campaign finance,Deciding on political party funding,Verifying the electoral rolls,C,Deciding on political party funding,The Election Commission of India does not have the authority to decide on political party funding; this is the responsibility of the government.,"The Election Commission of India is responsible for conducting free and fair elections, regulating campaign finance, and verifying electoral rolls. However, it does not have the authority to decide on political party funding, which is a matter for the government to decide based on its policies and guidelines.",2026-09-14 11:45:49
GK_EN_0920,English,General Knowledge,"Indian Polity, Constitution & Governance",Hard,Which of the following is NOT a feature of the Rajya Sabha under the Indian Constitution?,Elected for a term of six years,Can be dissolved by the President,Has 243 members nominated by the President,Has a maximum strength of 250 members,B,Can be dissolved by the President,The Rajya Sabha cannot be dissolved by the President; it is a permanent body with a term of six years.,"The Rajya Sabha is a permanent body and cannot be dissolved by the President. It has a term of six years, with one-third of its members retiring every two years. The President can only dissolve the Lok Sabha, which is the other House of Parliament.",2026-09-14 11:45:49
GK_EN_0921,English,General Knowledge,"Indian Polity, Constitution & Governance",Hard,Which of the following statements about the President of India's power to promulgate ordinances is true?,The President can promulgate ordinances indefinitely.,The President can promulgate ordinances only when Parliament is not in session.,The President's ordinances are temporary and become invalid after six months.,The President's ordinances require ratification by the Parliament to become law.,B,The President can promulgate ordinances only when Parliament is not in session.,The President can promulgate ordinances only during the recess of Parliament to meet urgent national needs.,"The President of India can promulgate ordinances only when both Houses of Parliament are not in session, and such ordinances must be laid before both Houses as soon as Parliament reassembles. If Parliament is not reassembled within six weeks, the ordinances lapse. This power is meant to be a temporary measure to address urgent national needs during a legislative gap.",2026-09-14 11:45:49
GK_EN_0922,English,General Knowledge,"Indian Economy, Banking & Five Year Plans",Easy,Which of the following is a primary objective of the Indian Five Year Plans?,To focus solely on agriculture and rural development,To reduce the population growth rate,To enhance industrialization and economic growth,To increase the import of raw materials,C,To enhance industrialization and economic growth,The main goal of the Five Year Plans is to promote industrial development and overall economic growth in India.,"The Five Year Plans in India aim to accelerate economic growth, improve infrastructure, and promote various sectors of the economy, including agriculture, industry, and services.",2026-09-14 11:46:14
GK_EN_0923,English,General Knowledge,"Indian Economy, Banking & Five Year Plans",Easy,Which Five Year Plan in India is known for the concept of ‘Garibi Hatao’?,First Five Year Plan (1951-1956),Fourth Five Year Plan (1969-1974),Third Five Year Plan (1961-1966),Second Five Year Plan (1956-1961),B,Fourth Five Year Plan (1969-1974),The Fourth Five Year Plan introduced the slogan ‘Garibi Hatao’ to combat poverty and improve the living standards of the poor.,"The Fourth Five Year Plan, initiated in 1969, focused on poverty alleviation and introduced the slogan 'Garibi Hatao' to address the socio-economic issues in India.",2026-09-14 11:46:14
GK_EN_0924,English,General Knowledge,"Indian Economy, Banking & Five Year Plans",Easy,Which of the following is a key feature of the Reserve Bank of India (RBI)?,To regulate and control the stock market,To issue and manage the country's currency,To provide loans to individuals,To regulate insurance companies,B,To issue and manage the country's currency,The Reserve Bank of India is responsible for issuing and managing the country's currency.,"The primary function of the Reserve Bank of India is to issue currency and manage the country's monetary policy, ensuring financial stability and controlling inflation.",2026-09-14 11:46:14
GK_EN_0925,English,General Knowledge,"Indian Economy, Banking & Five Year Plans",Easy,Which of the following Five Year Plans in India is known for the Green Revolution?,First Five Year Plan (1951-1956),Second Five Year Plan (1956-1961),Third Five Year Plan (1961-1966),Fourth Five Year Plan (1969-1974),C,Third Five Year Plan (1961-1966),The Third Five Year Plan focused on increasing agricultural productivity through the introduction of high-yielding varieties of seeds and improved agricultural techniques.,"The Third Five Year Plan, from 1961 to 1966, was instrumental in launching the Green Revolution, which significantly boosted agricultural productivity and reduced food shortages in India.",2026-09-14 11:46:14
GK_EN_0926,English,General Knowledge,"Indian Economy, Banking & Five Year Plans",Easy,Which of the following is a characteristic of the Nationalisation of Banks in India?,To increase foreign ownership in Indian banks,To privatise state-owned banks,To nationalise private banks,To nationalise public sector banks,D,To nationalise public sector banks,The nationalisation of banks in India was aimed at bringing more banks under government control to serve the needs of the common people.,"The nationalisation of public sector banks in India, starting in 1969, was intended to ensure better access to banking services and promote the development of the rural economy.",2026-09-14 11:46:14
GK_EN_0927,English,General Knowledge,"Indian Economy, Banking & Five Year Plans",Easy,Which of the following is a key feature of the Industrial Policy in India?,To promote only small-scale industries,To completely privatise all industries,To regulate and liberalise industries,To ban foreign investment,C,To regulate and liberalise industries,The Industrial Policy in India aims to regulate and liberalise industries to promote economic growth and development.,"The Industrial Policy in India seeks to balance regulation and liberalisation to foster industrial growth and ensure fair competition, while also promoting social welfare and employment generation.",2026-09-14 11:46:14
GK_EN_0928,English,General Knowledge,"Indian Economy, Banking & Five Year Plans",Easy,Which of the following is NOT a component of the Gross Domestic Product (GDP) of India?,Government expenditure,Imports of goods and services,Net factor income from abroad,Private final consumption expenditure,B,Imports of goods and services,Imports of goods and services are subtracted from the GDP calculation as they represent an outflow of money from the country.,"Imports of goods and services are subtracted from the GDP to reflect the net economic activity within the country, as they do not contribute to domestic production.",2026-09-14 11:46:14
GK_EN_0929,English,General Knowledge,"Indian Economy, Banking & Five Year Plans",Easy,Which of the following is a focus of the Economic Survey of India?,To outline the budget for the upcoming fiscal year,To provide a detailed analysis of the economic performance of the previous year,To propose new legislation for economic reforms,To report the monetary policy of the Reserve Bank of India,B,To provide a detailed analysis of the economic performance of the previous year,"The Economic Survey of India provides a comprehensive analysis of the economic performance of the previous financial year, including various sectors and key economic indicators.",The Economic Survey is an annual document that reviews the economic performance of the previous year and outlines the government's economic strategy for the current year.,2026-09-14 11:46:14
GK_EN_0930,English,General Knowledge,"Indian Economy, Banking & Five Year Plans",Easy,Which of the following is a major goal of the National Financial Literacy Campaign in India?,To reduce the literacy rate,To increase financial awareness and inclusion,To increase the import of financial products,To privatise financial institutions,B,To increase financial awareness and inclusion,The National Financial Literacy Campaign aims to educate people about financial products and services to improve financial inclusion.,"The campaign focuses on educating the public about financial products and services, helping individuals make informed financial decisions and improving overall financial literacy in the country.",2026-09-14 11:46:14
GK_EN_0931,English,General Knowledge,"Indian Economy, Banking & Five Year Plans",Easy,Which of the following is a key feature of the Direct Tax Code (DTC) in India?,To abolish all indirect taxes,To increase the rate of indirect taxes,To merge various direct taxes into a single code,To privatise tax collection,C,To merge various direct taxes into a single code,"The Direct Tax Code aims to simplify the tax structure by merging various direct taxes into a single, comprehensive tax code.","The Direct Tax Code seeks to streamline the tax administration process, reduce compliance costs, and enhance the transparency and efficiency of the tax system in India.",2026-09-14 11:46:14
GK_EN_0932,English,General Knowledge,"Art, Culture, Dance & Heritage",Medium,"Which of the following is a traditional dance form of Kerala, India?",Bharatanatyam,Kathakali,Kuchipudi,Odissi,B,Kathakali,"Kathakali is known for its elaborate costumes, facial expressions, and hand gestures.","Kathakali is a traditional dance-drama of Kerala that dates back to the 17th century. It is characterized by detailed makeup and costumes, intricate facial expressions, and hand gestures, making it distinct from other Indian classical dance forms.",2026-09-14 11:46:36
GK_EN_0933,English,General Knowledge,"Art, Culture, Dance & Heritage",Medium,Which country is home to the famous Angkor Wat temple complex?,Cambodia,Laos,Thailand,Myanmar,A,Cambodia,"Angkor Wat is an iconic temple in Cambodia, known for its grandeur and historical significance.","Angkor Wat is a famous temple complex in Siem Reap, Cambodia, built in the 12th century during the Khmer Empire. It is renowned for its intricate bas-reliefs and architectural beauty, making it a UNESCO World Heritage Site.",2026-09-14 11:46:36
GK_EN_0934,English,General Knowledge,"Art, Culture, Dance & Heritage",Medium,Which of the following is a traditional dance form of Egypt?,Bharatanatyam,Raqs Sharqi,Kathak,Mohiniyattam,B,Raqs Sharqi,"Raqs Sharqi, also known as Oriental dance, is a traditional dance form of Egypt.","Raqs Sharqi is a traditional Egyptian dance form that involves fluid, sensuous movements and is performed by women. It is often associated with belly dancing and is an integral part of Egyptian cultural heritage.",2026-09-14 11:46:36
GK_EN_0935,English,General Knowledge,"Art, Culture, Dance & Heritage",Medium,"Which of the following is a UNESCO World Heritage Site in South India, known for its historical significance and cultural value?",Taj Mahal,Charminar,Hampi,Chennakesava Temple,C,Hampi,"Hampi is a UNESCO World Heritage Site in Karnataka, India, with numerous ancient ruins and temples.","Hampi, located in Karnataka, India, is a UNESCO World Heritage Site featuring numerous ancient ruins and temples from the Vijayanagara Empire. It holds significant historical and cultural value, reflecting the architectural and artistic achievements of this era.",2026-09-14 11:46:36
GK_EN_0936,English,General Knowledge,"Art, Culture, Dance & Heritage",Medium,Which of the following is a traditional dance form of Argentina?,Bharatanatyam,Salsa,Kabuki,Samba,B,Salsa,"Salsa is a popular dance form in Argentina, characterized by its lively and rhythmic movements.","Salsa is a vibrant dance form that originated in Cuba and is now widely popular in many countries, including Argentina. It is known for its energetic and rhythmic movements, often accompanied by live music.",2026-09-14 11:46:36
GK_EN_0937,English,General Knowledge,"Art, Culture, Dance & Heritage",Medium,Which of the following is a traditional dance form of Mexico?,Bharatanatyam,Salsa,Jarabe Tapatío,Samba,C,Jarabe Tapatío,"Jarabe Tapatío is a traditional dance of Mexico, often performed in celebrations and festivals.","Jarabe Tapatío, also known as Mexican Hat Dance, is a traditional dance of Mexico that combines music, dance, and costumes. It is a symbol of Mexican culture and is often performed at cultural events and festivals.",2026-09-14 11:46:36
GK_EN_0938,English,General Knowledge,"Art, Culture, Dance & Heritage",Medium,Which of the following is a traditional dance form of Brazil?,Bharatanatyam,Salsa,Jarabe Tapatío,Samba,D,Samba,"Samba is a popular dance form of Brazil, known for its rhythmic movements and lively music.","Samba is a vibrant and energetic dance form that originated in Brazil and is deeply rooted in the country's cultural traditions. It is characterized by its rhythmic movements and lively music, often performed during Carnival celebrations.",2026-09-14 11:46:36
GK_EN_0939,English,General Knowledge,"Art, Culture, Dance & Heritage",Medium,Which of the following is a traditional dance form of China?,Bharatanatyam,Salsa,Jarabe Tapatío,Tai Chi,D,Tai Chi,"Tai Chi is a traditional Chinese martial art that combines movement, breathing, and meditation.","Tai Chi is a traditional Chinese martial art that focuses on slow, flowing movements and deep breathing. It is not only a form of self-defense but also a practice for improving health and mental well-being.",2026-09-14 11:46:36
GK_EN_0940,English,General Knowledge,"Art, Culture, Dance & Heritage",Medium,Which of the following is a traditional dance form of Russia?,Bharatanatyam,Salsa,Jarabe Tapatío,Khorovod,D,Khorovod,Khorovod is a traditional Russian folk dance characterized by circle formations and hand-holding.,Khorovod is a traditional Russian folk dance where performers hold hands and dance in a circle. It is often accompanied by singing and is an important part of Russian cultural heritage.,2026-09-14 11:46:36
GK_EN_0941,English,General Knowledge,"Art, Culture, Dance & Heritage",Medium,Which of the following is a traditional dance form of Spain?,Bharatanatyam,Salsa,Jarabe Tapatío,Flamenco,D,Flamenco,"Flamenco is a traditional dance form of Spain, known for its passionate and expressive movements.","Flamenco is a traditional dance form from Andalusia, Spain, characterized by passionate and expressive movements, accompanied by guitar and song. It is an integral part of Spanish cultural identity.",2026-09-14 11:46:36
GK_EN_0942,English,General Knowledge,"Important Inventions, Discoveries & Science Pioneers",Hard,"Who is credited with the invention of the first practical battery, which laid the foundation for modern electrochemistry?",Alessandro Volta,Michael Faraday,Galileo Galilei,Nikola Tesla,A,Alessandro Volta,Volta's invention of the voltaic pile in 1800 was a significant milestone in the development of electrochemistry.,"Alessandro Volta's invention of the voltaic pile in 1800 was revolutionary because it provided a continuous source of electrical current, allowing for extensive experiments and further advancements in the field of electricity.",2026-09-14 11:47:01
GK_EN_0943,English,General Knowledge,"Important Inventions, Discoveries & Science Pioneers",Hard,"Which scientist is renowned for formulating the laws of planetary motion, which are fundamental to our understanding of the solar system?",Isaac Newton,Albert Einstein,James Clerk Maxwell,Galileo Galilei,A,Isaac Newton,Newton's laws of motion and his law of universal gravitation provided a mathematical description of the motion of objects and their interactions.,Isaac Newton's formulation of the laws of motion and universal gravitation in the 17th century was pivotal in the development of classical mechanics and our understanding of the physical universe.,2026-09-14 11:47:01
GK_EN_0944,English,General Knowledge,"Important Inventions, Discoveries & Science Pioneers",Hard,"What is the name of the theory that proposes all electromagnetic phenomena can be described by a single field, unifying electricity, magnetism, and light?",Special Theory of Relativity,Quantum Theory,General Theory of Relativity,Electromagnetic Theory,D,Electromagnetic Theory,"James Clerk Maxwell's theory unified the fields of electricity, magnetism, and light, describing them as aspects of a single electromagnetic field.","James Clerk Maxwell's theory of electromagnetism, published in the 1860s, was groundbreaking as it unified the previously separate phenomena of electricity, magnetism, and light into a single coherent framework.",2026-09-14 11:47:01
GK_EN_0945,English,General Knowledge,"Important Inventions, Discoveries & Science Pioneers",Hard,"Who is the discoverer of the X-ray, which has revolutionized the field of medical diagnostics and research?",Marie Curie,Wilhelm Conrad Röntgen,Niels Bohr,Albert Einstein,B,Wilhelm Conrad Röntgen,Röntgen's discovery of the X-ray in 1895 opened new avenues in medical imaging and diagnostics.,"Wilhelm Conrad Röntgen's discovery of X-rays in 1895 was a significant breakthrough, leading to the development of diagnostic tools that have become essential in modern medicine.",2026-09-14 11:47:01
GK_EN_0946,English,General Knowledge,"Important Inventions, Discoveries & Science Pioneers",Hard,"Which of the following is known for the discovery of penicillin, the first true antibiotic, which has had a profound impact on the treatment of bacterial infections?",Louis Pasteur,Alexander Fleming,Robert Koch,Joseph Lister,B,Alexander Fleming,Fleming's discovery of penicillin in 1928 marked the beginning of the antibiotic era in medicine.,"Alexander Fleming's discovery of penicillin in 1928 revolutionized the treatment of bacterial infections, providing a safe and effective means to combat these diseases.",2026-09-14 11:47:01
GK_EN_0947,English,General Knowledge,"Important Inventions, Discoveries & Science Pioneers",Hard,"Which scientist is credited with the development of the first successful artificial heart, a major milestone in the field of cardiovascular surgery?",Willem Kolff,John Hopps,Robert Jarvik,Richard Schiraldi,C,Robert Jarvik,"Jarvik's artificial heart, known as the Jarvik-7, was the first successful artificial heart used in humans in 1982.","Robert Jarvik's development of the Jarvik-7 artificial heart in the late 1970s and early 1980s was a significant advancement in the field of cardiovascular surgery, paving the way for further developments in the treatment of heart failure.",2026-09-14 11:47:01
GK_EN_0948,English,General Knowledge,"Important Inventions, Discoveries & Science Pioneers",Hard,"Which scientist is known for the discovery of the structure of DNA, a fundamental molecule for life and genetics?",Francis Crick and James Watson,Linus Pauling,Francis Bacon,Hermann von Helmholtz,A,Francis Crick and James Watson,Crick and Watson's discovery of the double helix structure of DNA in 1953 was a landmark in molecular biology.,"Francis Crick and James Watson's elucidation of the double helix structure of DNA in 1953 provided a fundamental understanding of the genetic material and its role in heredity, leading to numerous subsequent advancements in genetics and molecular biology.",2026-09-14 11:47:01
GK_EN_0949,English,General Knowledge,"Important Inventions, Discoveries & Science Pioneers",Hard,"Which of the following is the discoverer of the mathematical constant pi (π), which is fundamental in the study of circles and geometry?",Archimedes,Albert Einstein,Eratosthenes,Pythagoras,A,Archimedes,"Archimedes used polygons to approximate the value of pi, providing the first rigorous mathematical proof of its value.","Archimedes made significant contributions to the understanding of pi, using a method of exhaustion to approximate its value and proving that it lies between 3 1/7 and 3 10/71, which was a remarkable achievement for his time.",2026-09-14 11:47:01
GK_EN_0950,English,General Knowledge,"Important Inventions, Discoveries & Science Pioneers",Hard,"Which of the following scientists is known for the discovery of the periodic law, which states that the properties of elements are a periodic function of their atomic numbers?",Henry Moseley,Antoine Lavoisier,John Newlands,Dmitri Mendeleev,D,Dmitri Mendeleev,Mendeleev's periodic table was a revolutionary tool for organizing and predicting the properties of chemical elements.,"Dmitri Mendeleev's periodic table, published in 1869, was a groundbreaking contribution to chemistry, as it organized elements based on their atomic weights and predicted the existence of undiscovered elements based on their properties.",2026-09-14 11:47:01
GK_EN_0951,English,General Knowledge,"Important Inventions, Discoveries & Science Pioneers",Hard,"Which of the following is the inventor of the light bulb, an invention that has transformed modern lighting and energy usage?",Thomas Edison,Nikola Tesla,Albert Einstein,Alexander Graham Bell,A,Thomas Edison,"Edison's incandescent light bulb, developed in the late 19th century, became a widespread and reliable source of artificial light.","Thomas Edison's invention of the incandescent light bulb in 1879 was a significant breakthrough, providing a practical and long-lasting source of artificial light that revolutionized daily life and work environments.",2026-09-14 11:47:01
GK_EN_0952,English,General Knowledge,"International Organizations (UN, WHO, WTO, IMF)",Easy,Which of the following is the full name of the United Nations?,United Nations Organization,United Nations International Organization,United Nations Association,United Nations and Related Organizations,A,United Nations Organization,"The full name is United Nations Organization, reflecting its official nature.","The United Nations (UN) is an international organization that was established in 1945 with the aim of maintaining international peace and security, developing friendly relations among nations, and promoting social progress, better living standards, and human rights.",2026-09-14 11:47:21
GK_EN_0953,English,General Knowledge,"International Organizations (UN, WHO, WTO, IMF)",Easy,The World Health Organization (WHO) focuses primarily on which of the following?,Regulating global financial systems,Promoting international trade,Improving public health and disease prevention,Providing humanitarian aid,C,Improving public health and disease prevention,WHO's core mission is to promote health and prevent diseases globally.,"The WHO is responsible for providing leadership on international health matters, shaping the health research agenda, setting norms and standards, articulating evidence-based policy options, providing technical support to countries, and monitoring and assessing health trends.",2026-09-14 11:47:21
GK_EN_0954,English,General Knowledge,"International Organizations (UN, WHO, WTO, IMF)",Easy,Which of the following is the primary goal of the International Monetary Fund (IMF)?,Promoting trade liberalization,Ensuring financial stability,Monitoring global health crises,Providing humanitarian relief,B,Ensuring financial stability,The IMF's main objective is to ensure the stability of the international monetary system.,"The IMF works to promote international monetary cooperation, facilitate balanced trade, and provide resources to countries facing balance-of-payments problems, thereby helping to maintain financial stability.",2026-09-14 11:47:21
GK_EN_0955,English,General Knowledge,"International Organizations (UN, WHO, WTO, IMF)",Easy,The World Trade Organization (WTO) is primarily responsible for which of the following?,Regulating global health policies,Managing international trade relations,Providing disaster relief,Promoting environmental sustainability,B,Managing international trade relations,"The WTO oversees the implementation, administration, and operation of agreements negotiated and signed at the Uruguay Round of GATT.","The WTO's role is to ensure that trade flows as smoothly, predictably, and freely as possible, by providing a framework for negotiations, settling disputes, and monitoring trade policies.",2026-09-14 11:47:21
GK_EN_0956,English,General Knowledge,"International Organizations (UN, WHO, WTO, IMF)",Easy,Which of the following is a function of the United Nations Security Council?,Regulating global stock markets,Maintaining international peace and security,Promoting environmental conservation,Providing humanitarian aid,B,Maintaining international peace and security,The Security Council's primary responsibility is to maintain international peace and security.,"The Security Council is one of the six principal organs of the United Nations and is responsible for the maintenance of international peace and security, recommending the admission of new UN members, and imposing sanctions on countries that violate international laws and agreements.",2026-09-14 11:47:21
GK_EN_0957,English,General Knowledge,"International Organizations (UN, WHO, WTO, IMF)",Easy,Which of the following is NOT one of the specialized agencies of the United Nations?,World Bank,International Labour Organization,United Nations Children's Fund,World Health Organization,A,World Bank,The World Bank is not a specialized agency of the United Nations.,"The United Nations has several specialized agencies, including the International Labour Organization, the United Nations Children's Fund, and the World Health Organization, but the World Bank is an independent institution focused on financing development projects.",2026-09-14 11:47:21
GK_EN_0958,English,General Knowledge,"International Organizations (UN, WHO, WTO, IMF)",Easy,The General Assembly of the United Nations serves which of the following functions?,To handle disputes between nations,To maintain international peace and security,To make budgetary decisions,To discuss and decide important questions of peace and security,D,To discuss and decide important questions of peace and security,The General Assembly is responsible for discussing and deciding important questions of peace and security.,"The General Assembly is the main deliberative, policymaking, and representative organ of the United Nations. It discusses and decides important questions of peace and security, as well as other matters within the organization's purview.",2026-09-14 11:47:21
GK_EN_0959,English,General Knowledge,"International Organizations (UN, WHO, WTO, IMF)",Easy,Which of the following statements is true about the World Trade Organization (WTO)?,It is a part of the United Nations,It deals with trade issues between countries,It focuses on providing humanitarian aid,It is responsible for global health,B,It deals with trade issues between countries,The WTO is dedicated to facilitating international trade and resolving trade disputes.,"The World Trade Organization is an international organization that deals with the rules of trade between nations. Its primary goal is to ensure that trade flows as smoothly, predictably, and freely as possible, which includes resolving trade disputes and monitoring trade policies.",2026-09-14 11:47:21
GK_EN_0960,English,General Knowledge,"International Organizations (UN, WHO, WTO, IMF)",Easy,The International Fund for Agricultural Development (IFAD) is a specialized agency of which organization?,World Trade Organization,United Nations,World Bank,International Monetary Fund,B,United Nations,"IFAD is a specialized agency of the United Nations, focusing on rural poverty reduction.",The International Fund for Agricultural Development (IFAD) is an international financial institution and specialized agency of the United Nations dedicated to eradicating rural poverty in developing countries.,2026-09-14 11:47:21
GK_EN_0961,English,General Knowledge,"Famous Personalities, Leaders & Thinkers",Medium,Which of the following leaders is known for the concept of 'Satyagraha' in the Indian independence movement?,Mao Zedong,Winston Churchill,Mahatma Gandhi,Nelson Mandela,C,Mahatma Gandhi,Mahatma Gandhi is famous for his philosophy of nonviolent resistance and civil disobedience.,"Mahatma Gandhi was a key figure in India’s struggle for independence, advocating for peaceful protests and non-violent civil disobedience. His concept of Satyagraha played a crucial role in achieving India’s independence from British rule.",2026-09-14 11:47:44
GK_EN_0962,English,General Knowledge,"Famous Personalities, Leaders & Thinkers",Medium,Which of the following is NOT one of the three main branches of the U.S. government according to the Constitution?,Legislative,Executive,Judicial,Executive Branch,D,Executive Branch,"The Constitution specifically outlines three branches of the U.S. government: Legislative, Executive, and Judicial.","The U.S. Constitution divides the government into three branches: Legislative, Executive, and Judicial. The Executive Branch, while important, is not listed as one of the three main branches as per the Constitution.",2026-09-14 11:47:44
GK_EN_0963,English,General Knowledge,"Famous Personalities, Leaders & Thinkers",Medium,Which famous American thinker wrote 'Pride and Prejudice' and 'Sense and Sensibility'?,Edgar Allan Poe,Charles Dickens,Jane Austen,Oscar Wilde,C,Jane Austen,Jane Austen is renowned for her works of romantic fiction and social commentary.,Jane Austen is a celebrated author known for her novels that explore the social and romantic relationships of the landed gentry in early 19th-century England. 'Pride and Prejudice' and 'Sense and Sensibility' are among her most famous works.,2026-09-14 11:47:44
GK_EN_0964,English,General Knowledge,"Famous Personalities, Leaders & Thinkers",Medium,Who among the following is known for the theory of relativity and the famous equation E=mc²?,Isaac Newton,Albert Einstein,Galileo Galilei,Stephen Hawking,B,Albert Einstein,Albert Einstein is famous for his contributions to the field of physics and his theory of relativity.,"Albert Einstein is a renowned physicist who developed the theory of relativity and the famous equation E=mc², which describes the relationship between mass and energy.",2026-09-14 11:47:44
GK_EN_0965,English,General Knowledge,"Famous Personalities, Leaders & Thinkers",Medium,Which leader is known for the 'Four Modernizations' policy in China?,Mao Zedong,Deng Xiaoping,Xi Jinping,Jiang Zemin,B,Deng Xiaoping,Deng Xiaoping is known for his role in modernizing China's economy and society.,"Deng Xiaoping was a key leader in China who implemented the 'Four Modernizations' aimed at modernizing agriculture, industry, national defense, and science and technology, helping to transform China into a modern socialist state.",2026-09-14 11:47:44
GK_EN_0966,English,General Knowledge,"Famous Personalities, Leaders & Thinkers",Medium,Which of the following is NOT a member of the 'Big Four' accounting firms?,Deloitte,PwC,KPMG,Ernst & Young,A,Deloitte,"The Big Four accounting firms are Deloitte, PwC, KPMG, and Ernst & Young.","The Big Four accounting firms are Deloitte, PwC, KPMG, and Ernst & Young. Deloitte, while a major firm, is not one of the Big Four.",2026-09-14 11:47:44
GK_EN_0967,English,General Knowledge,"Famous Personalities, Leaders & Thinkers",Medium,Who is known for the 'I Have a Dream' speech and was a prominent leader in the American civil rights movement?,Malcolm X,Martin Luther King Jr.,Rosa Parks,Medgar Evers,B,Martin Luther King Jr.,"Martin Luther King Jr. was a key figure in the American civil rights movement, advocating for nonviolent protest and equality.","Martin Luther King Jr. was a prominent leader in the American civil rights movement, known for his 'I Have a Dream' speech and his advocacy for nonviolent protest and equality for African Americans.",2026-09-14 11:47:44
GK_EN_0968,English,General Knowledge,"Famous Personalities, Leaders & Thinkers",Medium,Which of the following is NOT one of the original signatories of the United Nations Charter?,United States,United Kingdom,France,Germany,D,Germany,Germany was not one of the original signatories of the United Nations Charter.,"Germany was not a signatory to the original United Nations Charter at the San Francisco Conference in 1945, as it was still under Allied occupation and undergoing post-World War II reconstruction.",2026-09-14 11:47:44
GK_EN_0969,English,General Knowledge,"Famous Personalities, Leaders & Thinkers",Medium,Which of the following is NOT one of the original goals of the United Nations?,Promotion of human rights,Maintenance of international peace and security,Protection of the environment,Development and promotion of social progress,C,Protection of the environment,"The United Nations was established with goals that include promoting human rights, maintaining peace, and promoting social progress, but not specifically protecting the environment.","The United Nations was established primarily to promote human rights, maintain international peace and security, and promote social progress. The protection of the environment, while important, was not one of the original goals when the organization was founded.",2026-09-14 11:47:44
GK_EN_0970,English,General Knowledge,"Famous Personalities, Leaders & Thinkers",Medium,Which of the following leaders is known for the concept of 'Socialism with Chinese Characteristics'?,Mao Zedong,Deng Xiaoping,Xi Jinping,Hu Jintao,C,Xi Jinping,Xi Jinping is a prominent leader in China who has developed the concept of 'Socialism with Chinese Characteristics'.,"Xi Jinping is the current leader of China and has developed the concept of 'Socialism with Chinese Characteristics,' which emphasizes the country's unique path of development and reform.",2026-09-14 11:47:44
GK_EN_0971,English,General Knowledge,"Books, Authors & Literature",Hard,Which of the following authors is credited with writing the first comprehensive history of the United States in a single volume?,James Fenimore Cooper,Herman Melville,Frederick Jackson Turner,Henry Adams,D,Henry Adams,Henry Adams' 'History of the United States of America during the Administrations of Thomas Jefferson and James Madison' is recognized for its in-depth analysis of early U.S. history.,"Henry Adams published his work in 1889, providing a critical and detailed account of the political and social conditions during the early years of the United States, which was a significant contribution to historical writing of the time.",2026-09-14 11:48:09
GK_EN_0972,English,General Knowledge,"Books, Authors & Literature",Hard,Which of the following is NOT a work by the renowned American author Mark Twain?,The Adventures of Huckleberry Finn,The Great Gatsby,A Connecticut Yankee in King Arthur's Court,Pudd'nhead Wilson,B,The Great Gatsby,"F. Scott Fitzgerald is the author of 'The Great Gatsby,' not Mark Twain.","The Great Gatsby was published in 1925, and while Twain was a prominent American author, he did not write this particular novel. 'The Great Gatsby' is a well-known work by F. Scott Fitzgerald, who is considered a key figure in early 20th-century American literature.",2026-09-14 11:48:09
GK_EN_0973,English,General Knowledge,"Books, Authors & Literature",Hard,Which of the following authors is known for his dystopian novel 'Brave New World'?,George Orwell,Ray Bradbury,Aldous Huxley,Isaac Asimov,C,Aldous Huxley,"Aldous Huxley wrote 'Brave New World' in 1932, which is a seminal work in the genre of dystopian literature.","Huxley's 'Brave New World' is a critique of society and technology, set in a futuristic London. It explores themes of individuality, happiness, and the impact of societal conditioning, making it a significant work in literature.",2026-09-14 11:48:09
GK_EN_0974,English,General Knowledge,"Books, Authors & Literature",Hard,Which of the following is NOT a title by the French author Gustave Flaubert?,Madame Bovary,Bouvard and Pécuchet,The Tempest,Salammbô,C,The Tempest,"The Tempest is a play by William Shakespeare, not Gustave Flaubert.","Gustave Flaubert is known for works such as 'Madame Bovary' and 'Salammbô.' 'The Tempest' is a play by William Shakespeare, and its inclusion here tests the knowledge of classic literature.",2026-09-14 11:48:09
GK_EN_0975,English,General Knowledge,"Books, Authors & Literature",Hard,Which of the following is NOT a work by Jane Austen?,Pride and Prejudice,Wuthering Heights,Sense and Sensibility,Emma,B,Wuthering Heights,"Wuthering Heights was written by Emily Brontë, not Jane Austen.","Jane Austen is known for works such as 'Pride and Prejudice,' 'Sense and Sensibility,' and 'Emma.' 'Wuthering Heights' is a gothic novel by Emily Brontë, which tests the knowledge of classic British literature.",2026-09-14 11:48:09
GK_EN_0976,English,General Knowledge,"Books, Authors & Literature",Hard,Which of the following authors is known for the concept of 'Magical Realism'?,James Joyce,Gabriel García Márquez,Virginia Woolf,Ernest Hemingway,B,Gabriel García Márquez,Gabriel García Márquez is a Colombian author famous for his novels that blend magical elements with real-world settings.,"Gabriel García Márquez is renowned for his works such as 'One Hundred Years of Solitude,' which exemplify the genre of magical realism. This literary technique blurs the line between the supernatural and the natural, creating a unique narrative style.",2026-09-14 11:48:09
GK_EN_0977,English,General Knowledge,"Books, Authors & Literature",Hard,Which of the following is NOT a work by the Russian author Fyodor Dostoevsky?,Crime and Punishment,The Brothers Karamazov,War and Peace,The Idiot,C,War and Peace,"War and Peace is a novel by Leo Tolstoy, not Fyodor Dostoevsky.","Dostoevsky is known for works such as 'Crime and Punishment' and 'The Brothers Karamazov.' 'War and Peace' is a masterpiece by Leo Tolstoy, which tests the knowledge of Russian literature.",2026-09-14 11:48:09
GK_EN_0978,English,General Knowledge,"Books, Authors & Literature",Hard,Which of the following is NOT a work by Charles Dickens?,A Tale of Two Cities,Hard Times,Oliver Twist,The Brothers Karamazov,D,The Brothers Karamazov,"The Brothers Karamazov was written by Fyodor Dostoevsky, not Charles Dickens.","Charles Dickens is known for works such as 'A Tale of Two Cities' and 'Hard Times.' 'The Brothers Karamazov' is a novel by Fyodor Dostoevsky, which tests the knowledge of classic literature.",2026-09-14 11:48:09
GK_EN_0979,English,General Knowledge,"Books, Authors & Literature",Hard,Which of the following is NOT a work by William Shakespeare?,Hamlet,Macbeth,The Count of Monte Cristo,Romeo and Juliet,C,The Count of Monte Cristo,"The Count of Monte Cristo is a novel by Alexandre Dumas, not William Shakespeare.","William Shakespeare is known for his plays such as 'Hamlet,' 'Macbeth,' and 'Romeo and Juliet.' 'The Count of Monte Cristo' is a classic novel by Alexandre Dumas, which tests the knowledge of classic literature.",2026-09-14 11:48:09
GK_EN_0980,English,General Knowledge,"Books, Authors & Literature",Hard,Which of the following authors is known for the concept of 'The Stream of Consciousness'?,James Joyce,Virginia Woolf,Fyodor Dostoevsky,Ernest Hemingway,B,Virginia Woolf,Virginia Woolf is a British modernist writer known for her use of the stream of consciousness technique in her novels.,"Virginia Woolf is renowned for her experimental writing style, particularly her use of stream of consciousness, which allows readers to experience characters' thoughts and feelings in a more fluid, naturalistic manner. This technique is evident in her works such as 'Mrs. Dalloway.'",2026-09-14 11:48:09
GK_EN_0981,English,General Knowledge,"National & International Awards (Nobel, Bharat Ratna, Oscar)",Easy,The Nobel Prize in Literature is awarded by which institution?,The Swedish Academy,The Royal Swedish Academy of Sciences,The Nobel Foundation,The Swedish Parliament,A,The Swedish Academy,The Swedish Academy is responsible for selecting the laureates for the Nobel Prize in Literature.,The Swedish Academy consists of 18 members who are elected by the Academy of Swedish Language for life terms. They convene annually to decide the Nobel Prize in Literature recipient.,2026-09-14 11:48:32
GK_EN_0982,English,General Knowledge,"National & International Awards (Nobel, Bharat Ratna, Oscar)",Easy,Which of the following awards is NOT a Nobel Prize?,Nobel Prize in Chemistry,Nobel Prize in Physics,Nobel Prize in Economics,Nobel Prize in Medicine,C,Nobel Prize in Economics,The Nobel Prize in Economics is actually awarded by the Sveriges Riksbank Prize in Economic Sciences in Memory of Alfred Nobel.,"While it's called the Nobel Prize in Economics, it was established by the Sveriges Riksbank (Sweden's central bank) in 1968 and was first awarded in 1969, making it the youngest of the Nobel Prizes.",2026-09-14 11:48:32
GK_EN_0983,English,General Knowledge,"National & International Awards (Nobel, Bharat Ratna, Oscar)",Easy,Which of the following is the highest civilian award in India?,Padma Shri,Rashtrapati Puraskar,Bharat Ratna,Magsaysay Award,C,Bharat Ratna,The Bharat Ratna is India's highest civilian award and can be awarded to Indian citizens for exceptional service.,"The Bharat Ratna is the highest civilian award in India, and it is bestowed by the President of India on those who have made extraordinary contributions in any field.",2026-09-14 11:48:32
GK_EN_0984,English,General Knowledge,"National & International Awards (Nobel, Bharat Ratna, Oscar)",Easy,Which of the following is the oldest Nobel Prize?,Nobel Prize in Chemistry,Nobel Prize in Physics,Nobel Prize in Medicine,Nobel Prize in Literature,B,Nobel Prize in Physics,"The Nobel Prize in Physics was first awarded in 1901, making it the oldest Nobel Prize.","The first Nobel Prize in Physics was awarded to Wilhelm Conrad Röntgen in 1901 for his discovery of X-rays. This was the first of the Nobel Prizes to be awarded, following Alfred Nobel's will.",2026-09-14 11:48:32
GK_EN_0985,English,General Knowledge,"National & International Awards (Nobel, Bharat Ratna, Oscar)",Easy,Which of the following is NOT a recipient of the Nobel Prize in Literature?,William Faulkner,Albert Einstein,Harper Lee,Orhan Pamuk,B,Albert Einstein,"Albert Einstein received the Nobel Prize in Physics, not in Literature.",Albert Einstein was awarded the Nobel Prize in Physics in 1921 for his services to theoretical physics and especially for his discovery of the law of the photoelectric effect. He never received the Nobel Prize in Literature.,2026-09-14 11:48:32
GK_EN_0986,English,General Knowledge,"National & International Awards (Nobel, Bharat Ratna, Oscar)",Easy,Which of the following is a recipient of the Bharat Ratna?,Mother Teresa,Bill Gates,Ratan Tata,Bill Clinton,A,Mother Teresa,Mother Teresa was awarded the Bharat Ratna in 1980 for her work in India's socio-economic field.,"Mother Teresa was a Roman Catholic nun who received the Bharat Ratna in 1980 for her work in India's socio-economic field. She founded the Missionaries of Charity in Calcutta and dedicated her life to helping the poor, sick, and dying.",2026-09-14 11:48:32
GK_EN_0987,English,General Knowledge,"National & International Awards (Nobel, Bharat Ratna, Oscar)",Easy,Which of the following is NOT a recipient of the Oscar Award?,Katharine Hepburn,Orson Welles,Hilary Swank,Denzel Washington,B,Orson Welles,Orson Welles did not win an Oscar for acting; he was nominated for a Best Director Oscar for 'Citizen Kane'.,"Orson Welles is known for his groundbreaking film 'Citizen Kane', but he did not win an Oscar for acting. He was nominated for Best Director for the film but did not win. He did win an Oscar posthumously for the documentary 'F for Fake'.",2026-09-14 11:48:32
GK_EN_0988,English,General Knowledge,"National & International Awards (Nobel, Bharat Ratna, Oscar)",Easy,Which of the following films did NOT win an Oscar for Best Picture?,The Shape of Water,The Revenant,Juno,The Social Network,C,Juno,Juno did not win the Best Picture Oscar; it won the Oscar for Best Original Screenplay.,"Juno received critical acclaim and several nominations but did not win the Best Picture Oscar. It did, however, win the Oscar for Best Original Screenplay. The Shape of Water, The Revenant, and The Social Network all won the Best Picture Oscar at some point.",2026-09-14 11:48:32
GK_EN_0989,English,General Knowledge,"Sports, Olympic Games & Championships",Medium,In which year did the Summer Olympics first take place in Los Angeles?,1932,1952,1984,1988,A,1932,Los Angeles hosted the Summer Olympics for the first time in 1932.,"The 1932 Summer Olympics were the first to be held in Los Angeles, which was chosen after a bidding process involving several other American cities.",2026-09-14 11:48:52
GK_EN_0990,English,General Knowledge,"Sports, Olympic Games & Championships",Medium,Which Olympic sport was introduced in the 2020 Tokyo Olympics?,Water polo,Baseball,Sports climbing,Synchronized swimming,C,Sports climbing,Sports climbing was officially included in the Olympic Games for the first time in 2020.,Sports climbing was added to the Olympic program as part of the efforts to attract younger audiences and make the games more appealing to a broader demographic.,2026-09-14 11:48:52
GK_EN_0991,English,General Knowledge,"Sports, Olympic Games & Championships",Medium,Which of the following sports is not played in the Winter Olympics?,Figure skating,Water polo,Nordic combined,Alpine skiing,B,Water polo,Water polo is a summer sport and is not part of the Winter Olympics.,"Water polo is a team sport played in a pool, which is why it is not included in the Winter Olympics, which focuses on ice and snow sports.",2026-09-14 11:48:52
GK_EN_0992,English,General Knowledge,"Sports, Olympic Games & Championships",Medium,Which athlete won the most gold medals in a single Olympic Games?,Michael Phelps,Mark Spitz,Liu Xiang,Nadia Comaneci,B,Mark Spitz,Mark Spitz won seven gold medals at the 1972 Munich Olympics.,Mark Spitz's achievement of winning seven gold medals in 1972 set a record that stood for over 40 years until Michael Phelps broke it at the 2008 Beijing Olympics.,2026-09-14 11:48:52
GK_EN_0993,English,General Knowledge,"Sports, Olympic Games & Championships",Medium,Which of the following is NOT a part of the Olympic Games torch relay tradition?,Crossing international borders,Traveling by submarine,Climbing Mount Everest,Delivering the torch to the Olympic Stadium,B,Traveling by submarine,Traveling by submarine is not a part of the Olympic torch relay tradition.,"The torch relay is a symbolic journey that travels across different regions, but it has never included traveling by submarine, which would be impractical and not in line with the tradition.",2026-09-14 11:48:52
GK_EN_0994,English,General Knowledge,"Sports, Olympic Games & Championships",Medium,In which Olympic Games did the first official female athlete compete?,1896 Athens,1900 Paris,1928 Amsterdam,1948 London,B,1900 Paris,The first official female athlete competed in the 1900 Paris Olympics.,"In the 1900 Paris Olympics, 22 women competed in various events, marking the first time women were officially allowed to participate in the Olympic Games.",2026-09-14 11:48:52
GK_EN_0995,English,General Knowledge,"Sports, Olympic Games & Championships",Medium,Which Olympic sport was first played in the United States?,Gymnastics,Baseball,Football,Basketball,D,Basketball,Basketball was first played in the United States at the 1904 St. Louis Olympics.,"Basketball was invented in 1891 by James Naismith in the United States and was first included in the Olympics in 1904 in St. Louis, Missouri.",2026-09-14 11:48:52
GK_EN_0996,English,General Knowledge,"Sports, Olympic Games & Championships",Medium,Which of the following Olympic sports is played on a synthetic surface?,Archery,Tennis,Handball,Rowing,C,Handball,Handball is played on a synthetic surface in the Olympic Games.,"Handball is typically played on a synthetic surface to ensure consistent performance and durability, whereas other sports like archery and rowing are not typically played on synthetic surfaces.",2026-09-14 11:48:52
GK_EN_0997,English,General Knowledge,"Sports, Olympic Games & Championships",Medium,Which of the following Olympic sports has the shortest history of inclusion?,Volleyball,Beach volleyball,Table tennis,Modern pentathlon,B,Beach volleyball,Beach volleyball was first included in the 1996 Atlanta Olympics.,"Beach volleyball was added to the Olympic program in 1996, making it the sport with the shortest history of inclusion compared to the other options.",2026-09-14 11:48:52
GK_EN_0998,English,General Knowledge,"Sports, Olympic Games & Championships",Medium,Which Olympic sport requires the use of a starting gun?,Cycling,Sailing,Marathon,Horse riding,C,Marathon,The marathon uses a starting gun to signal the beginning of the race.,"During the marathon, a starting gun is used to signal the runners to start the race, ensuring a fair and consistent start for all competitors.",2026-09-14 11:48:52
GK_EN_0999,English,General Knowledge,"Ecology, Biodiversity & National Parks",Hard,Which of the following best describes the concept of 'umbrella species' in ecology and biodiversity conservation?,Species that require a large habitat and can help protect other species in the same habitat.,Species that are used to protect other species by physically shielding them from predators.,Species that are introduced to an ecosystem to increase biodiversity.,Species that are endangered and require special conservation efforts.,A,Option A: Species that require a large habitat and can help protect other species in the same habitat.,"An umbrella species is chosen because of its wide habitat requirements, and its conservation indirectly benefits other species within the same area.","Umbrella species are selected for conservation because they require large, intact habitats, and protecting these areas often results in the conservation of many other species that share the same habitat. This approach is cost-effective and helps maintain biodiversity.",2026-09-14 11:49:00
GK_EN_1000,English,General Knowledge,"Ecology, Biodiversity & National Parks",Hard,"Which national park is known for its unique geological feature, the Giant's Causeway, and is also a UNESCO World Heritage Site, contributing significantly to global biodiversity?",Yellowstone National Park,Banff National Park,Glacier National Park,"Northumberland National Park, UK",D,"Option D: Northumberland National Park, UK","Northumberland National Park is recognized for its distinctive rock formations and diverse ecosystems, supporting a wide range of flora and fauna.","The Giant's Causeway in Northumberland National Park, UK, is famous for its hexagonal basalt columns, but it is also part of a larger protected area that supports various species, making it a crucial site for biodiversity conservation.",2026-09-14 11:49:00
