id,language,category,subtopic,difficulty,question,option_a,option_b,option_c,option_d,correct_option,correct_answer,meaning,explanation,created_at
MATH_HI_0001,Hindi,Mathematics,Mathematics Sample,Medium,"यदि एक वृत्त की त्रिज्या 7 सेमी है, तो इसका क्षेत्रफल क्या होगा? (π = 22/7)",154 सेमी²,44 सेमी²,88 सेमी²,308 सेमी²,A,154 सेमी²,वृत्त का क्षेत्रफल त्रिज्या के वर्ग और पाई के गुणनफल (πr²) के बराबर होता है।,क्षेत्रफल = πr² = (22/7) * 7 * 7 = 154 वर्ग सेमी।,2026-09-14 08:47:50
MATH_HI_0002,Hindi,Mathematics,Mathematics Sample,Medium,संख्या 25 का वर्गमूल क्या है?,5,4,6,10,A,5,वर्गमूल वह संख्या है जिसे स्वयं से गुणा करने पर मूल संख्या प्राप्त होती है (5 × 5 = 25)।,5 * 5 = 25 होता है।,2026-09-14 08:47:50
MATH_HI_0003,Hindi,Mathematics,Mathematics Sample,Medium,एक वस्तु को ₹500 में खरीदकर ₹600 में बेचा गया। लाभ प्रतिशत ज्ञात करें:,20%,10%,25%,15%,A,20%,"क्रय मूल्य पर ₹100 का लाभ हुआ, जो 500 का 20वां हिस्सा (20%) है।",लाभ = 100 रुपये। लाभ% = (100 / 500) * 100 = 20%।,2026-09-14 08:47:50
MATH_HI_0004,Hindi,Mathematics,Mathematics Sample,Medium,प्रथम 5 प्राकृत संख्याओं का औसत क्या होगा?,3,2.5,4,3.5,A,3,औसत कुल योग (15) को संख्याओं की संख्या (5) से भाग देकर निकाला जाता है।,(1 + 2 + 3 + 4 + 5) / 5 = 15 / 5 = 3।,2026-09-14 08:47:50
MATH_HI_0005,Hindi,Mathematics,Mathematics Sample,Medium,"यदि 2x + 6 = 18 है, तो x का मान क्या होगा?",6,5,7,4,A,6,"पक्षांतरण करने पर 2x = 12 आता है, जिसे 2 से भाग देने पर x = 6 प्राप्त होता है।","2x = 18 - 6 = 12, इसलिए x = 6।",2026-09-14 08:47:50
MATH_HI_0006,Hindi,Mathematics,"संख्या पद्धति, अभाज्य संख्याएं, विभाज्यता एवं भिन्न",Easy,54 को जो सबसे बड़ी अभाज्य संख्या से विभाजित करेंगे?,2,3,5,7,B,3,3 सबसे बड़ी अभाज्य संख्या है जिससे 54 विभाजित हो जाएगा।,"54 द्वारा 2, 3 और 7 से विभाजित हो जाता है, लेकिन 3 सबसे बड़ा अभाज्य संख्या है।",2026-09-14 11:02:47
MATH_HI_0007,Hindi,Mathematics,"संख्या पद्धति, अभाज्य संख्याएं, विभाज्यता एवं भिन्न",Easy,निम्नलिखित में से कौन सी संख्या 11 से विभाज्य है?,23,33,41,51,B,33,11 से विभाज्य संख्या का योग दो अंकों के स्थानीय मानों के बीच एक विषम संख्या बनाती है।,"33 के अंकों का योग 3 + 3 = 6 है, जो एक विषम संख्या नहीं है, लेकिन यह भी 11 से विभाजित है।",2026-09-14 11:02:47
MATH_HI_0008,Hindi,Mathematics,"संख्या पद्धति, अभाज्य संख्याएं, विभाज्यता एवं भिन्न",Easy,8765 की विभाज्यता द्वारा 9 से परीक्षण करें?,8 + 7 + 6 + 5 = 26 इसका योग 9 से विभाज्य नहीं है।,8 + 7 + 6 + 5 = 26 इसका योग 9 से विभाज्य नहीं है।,8 + 7 + 6 + 5 = 26 इसका योग 9 से विभाज्य नहीं है।,8 + 7 + 6 + 5 = 26 इसका योग 9 से विभाज्य नहीं है।,B,8 + 7 + 6 + 5 = 26 इसका योग 9 से विभाज्य नहीं है।,9 से विभाज्यता परीक्षण में अंकों का योग निर्णय करता है।,"8765 के अंकों का योग 26 है, जो 9 से विभाज्य नहीं है।",2026-09-14 11:02:47
MATH_HI_0009,Hindi,Mathematics,"संख्या पद्धति, अभाज्य संख्याएं, विभाज्यता एवं भिन्न",Easy,निम्नलिखित में से कौन सी संख्या परिमेय संख्या नहीं है?,1/2,0.75,1.23456789123456789,√2,D,√2,परिमेय संख्याएँ वह संख्याएँ होती हैं जो दशमलव या अनंत दशमलव रूप में प्रदर्शित की जा सकती हैं।,√2 एक अपरिमेय संख्या है जो दशमलव रूप में अनंत और अनुचित दशमलव है।,2026-09-14 11:02:47
MATH_HI_0010,Hindi,Mathematics,"संख्या पद्धति, अभाज्य संख्याएं, विभाज्यता एवं भिन्न",Easy,5678 की विभाज्यता द्वारा 2 से परीक्षण करें?,5678 एक बिन्दु नहीं बाई और इसलिए विभाज्य नहीं है।,5678 एक बिन्दु नहीं बाई और इसलिए विभाज्य नहीं है।,5678 एक बिन्दु नहीं बाई और इसलिए विभाज्य नहीं है।,5678 का अंतिम अंक 8 है जो सम है इसलिए विभाज्य है।,D,5678 का अंतिम अंक 8 है जो सम है इसलिए विभाज्य है।,2 से विभाजित होने की परीक्षा में अंतिम अंक की जानकारी लेनी होती है।,"5678 का अंतिम अंक 8 है, जो सम है इसलिए यह 2 से विभाजित हो जाता है।",2026-09-14 11:02:47
MATH_HI_0011,Hindi,Mathematics,"संख्या पद्धति, अभाज्य संख्याएं, विभाज्यता एवं भिन्न",Easy,2468 किस अभाज्य संख्या से विभाजित होगा?,3,5,7,11,C,7,7 की विभाज्यता परीक्षण करने का नियम है।,2468 और 7 का भाग करने पर शेष भाग 0 आएगा।,2026-09-14 16:33:04
MATH_HI_0012,Hindi,Mathematics,"संख्या पद्धति, अभाज्य संख्याएं, विभाज्यता एवं भिन्न",Easy,निम्नलिखित में से कौन सी संख्या अभाज्य संख्या नहीं है?,11,13,15,17,C,15,15 की अभाज्यता की जाँच करें।,"15, 3 और 5 से विभाजित होता है।",2026-09-14 16:33:04
MATH_HI_0013,Hindi,Mathematics,"संख्या पद्धति, अभाज्य संख्याएं, विभाज्यता एवं भिन्न",Easy,1024 किस घात की रूपांतरण में लिखा जा सकता है?,2 की 9 वां घात,3 की 9 वां घात,2 की 10 वां घात,3 की 10 वां घात,A,2 की 9 वां घात,1024 को घात के रूप में लिखें।,1024 = 2 × 2 × 2 × 2 × 2 × 2 × 2 × 2 = 2^9,2026-09-14 16:33:04
MATH_HI_0014,Hindi,Mathematics,"संख्या पद्धति, अभाज्य संख्याएं, विभाज्यता एवं भिन्न",Easy,5679 किस अंकों के योग से विभाज्यता निर्धारित करें?,संख्या के अंकों का योग,संख्या के अंकों का अंतर,संख्या के अंकों के अंतर का योग,संख्या के अंकों के अंतर का अंतर,A,संख्या के अंकों का योग,9 की विभाज्यता परीक्षण करने का नियम है।,"5 + 6 + 7 + 9 = 27 और 27, 9 से विभाजित है।",2026-09-14 16:33:04
MATH_HI_0015,Hindi,Mathematics,"संख्या पद्धति, अभाज्य संख्याएं, विभाज्यता एवं भिन्न",Easy,निम्नलिखित में से कौन सी संख्या विषम संख्या नहीं है?,37,45,79,81,D,81,विषम संख्याएँ क्या होती हैं?,"81, 2 से विभाजित है इसलिए विषम संख्या नहीं है।",2026-09-14 16:33:04
MATH_HI_0016,Hindi,Mathematics,"संख्या पद्धति, अभाज्य संख्याएं, विभाज्यता एवं भिन्न",Easy,2143 किस अंकों के योग से विभाज्यता निर्धारित करें?,संख्या के अंकों का योग,संख्या के अंकों का अंतर,संख्या के अंकों के अंतर का योग,संख्या के अंकों के अंतर का अंतर,A,संख्या के अंकों का योग,3 की विभाज्यता परीक्षण करने का नियम है।,"2 + 1 + 4 + 3 = 10 और 10, 3 से विभाजित नहीं है।",2026-09-14 16:33:04
MATH_HI_0017,Hindi,Mathematics,"संख्या पद्धति, अभाज्य संख्याएं, विभाज्यता एवं भिन्न",Easy,निम्नलिखित में से कौन सी संख्या अभाज्य संख्या है?,49,53,57,59,B,53,अभाज्य संख्याएँ क्या होती हैं?,"53, 2, 3, 5 या 7 से विभाजित नहीं है।",2026-09-14 16:33:04
MATH_HI_0018,Hindi,Mathematics,"संख्या पद्धति, अभाज्य संख्याएं, विभाज्यता एवं भिन्न",Easy,6300 किस अंकों के योग से विभाज्यता निर्धारित करें?,संख्या के अंकों का योग,संख्या के अंकों का अंतर,संख्या के अंकों के अंतर का योग,संख्या के अंकों के अंतर का अंतर,A,संख्या के अंकों का योग,9 की विभाज्यता परीक्षण करने का नियम है।,"6 + 3 + 0 + 0 = 9 और 9, 9 से विभाजित है।",2026-09-14 16:33:04
MATH_HI_0019,Hindi,Mathematics,"संख्या पद्धति, अभाज्य संख्याएं, विभाज्यता एवं भिन्न",Easy,निम्नलिखित में से कौन सी संख्या दशमलव भिन्न नहीं है?,0.5,1/2,2/3,1/7,A,0.5,दशमलव भिन्न क्या हैं?,"0.5, 1/2 के रूप में लिखा जा सकता है।",2026-09-14 16:33:04
MATH_HI_0020,Hindi,Mathematics,"संख्या पद्धति, अभाज्य संख्याएं, विभाज्यता एवं भिन्न",Easy,3648 किस अंकों के योग से विभाज्यता निर्धारित करें?,संख्या के अंकों का योग,संख्या के अंकों का अंतर,संख्या के अंकों के अंतर का योग,संख्या के अंकों के अंतर का अंतर,A,संख्या के अंकों का योग,3 की विभाज्यता परीक्षण करने का नियम है।,"3 + 6 + 4 + 8 = 21 और 21, 3 से विभाजित है।",2026-09-14 16:33:04
MATH_HI_0021,Hindi,Mathematics,महत्तम समापवर्तक (HCF) एवं लघुत्तम समापवर्त्य (LCM),Medium,12 तथा 18 का महत्तम समापवर्तक (HCF) कितना है?,2,3,6,9,C,6,6 दोनों संख्याओं का बड़ा से बड़ा योग्य विभाजक है।,12 तथा 18 के गुणनखंडों में से सराहने वाले सबसे बड़ी संख्या 6 है।,2026-09-14 16:33:34
MATH_HI_0022,Hindi,Mathematics,महत्तम समापवर्तक (HCF) एवं लघुत्तम समापवर्त्य (LCM),Medium,36 तथा 48 का लघुत्तम समापवर्त्य (LCM) कितना है?,144,120,96,108,A,144,144 दोनों संख्याओं का छोटा से छोटा योग्य योग है।,36 तथा 48 के गुणनखंडों के उत्पाद का छोटा से छोटा योग 144 है।,2026-09-14 16:33:34
MATH_HI_0023,Hindi,Mathematics,महत्तम समापवर्तक (HCF) एवं लघुत्तम समापवर्त्य (LCM),Medium,24 तथा 36 का महत्तम समापवर्तक (HCF) तथा लघुत्तम समापवर्त्य (LCM) का योग कितना है?,60,66,72,78,B,66,योग्य विभाजक तथा छोटा से छोटा योग का योग निर्धारित किया गया है।,24 तथा 36 का HCF 12 तथा LCM 72 है तथा उनका योग 66 है।,2026-09-14 16:33:34
MATH_HI_0024,Hindi,Mathematics,महत्तम समापवर्तक (HCF) एवं लघुत्तम समापवर्त्य (LCM),Medium,54 तथा 72 का महत्तम समापवर्तक (HCF) कितना है?,6,8,9,12,C,9,9 दोनों संख्याओं का बड़ा से बड़ा योग्य विभाजक है।,54 तथा 72 के गुणनखंडों में से सराहने वाले सबसे बड़ी संख्या 9 है।,2026-09-14 16:33:34
MATH_HI_0025,Hindi,Mathematics,महत्तम समापवर्तक (HCF) एवं लघुत्तम समापवर्त्य (LCM),Medium,18 तथा 24 का लघुत्तम समापवर्त्य (LCM) कितना है?,36,48,72,96,C,72,72 दोनों संख्याओं का छोटा से छोटा योग्य योग है।,18 तथा 24 के गुणनखंडों के उत्पाद का छोटा से छोटा योग 72 है।,2026-09-14 16:33:34
MATH_HI_0026,Hindi,Mathematics,महत्तम समापवर्तक (HCF) एवं लघुत्तम समापवर्त्य (LCM),Medium,28 तथा 35 का महत्तम समापवर्तक (HCF) कितना है?,4,7,14,35,B,7,7 दोनों संख्याओं का बड़ा से बड़ा योग्य विभाजक है।,28 तथा 35 के गुणनखंडों में से सराहने वाले सबसे बड़ी संख्या 7 है।,2026-09-14 16:33:34
MATH_HI_0027,Hindi,Mathematics,महत्तम समापवर्तक (HCF) एवं लघुत्तम समापवर्त्य (LCM),Medium,40 तथा 56 का लघुत्तम समापवर्त्य (LCM) कितना है?,140,160,224,280,D,280,280 दोनों संख्याओं का छोटा से छोटा योग्य योग है।,40 तथा 56 के गुणनखंडों के उत्पाद का छोटा से छोटा योग 280 है।,2026-09-14 16:33:34
MATH_HI_0028,Hindi,Mathematics,महत्तम समापवर्तक (HCF) एवं लघुत्तम समापवर्त्य (LCM),Medium,16 तथा 24 का महत्तम समापवर्तक (HCF) कितना है?,2,4,8,16,D,16,16 दोनों संख्याओं का बड़ा से बड़ा योग्य विभाजक है।,16 तथा 24 के गुणनखंडों में से सराहने वाले सबसे बड़ी संख्या 16 है।,2026-09-14 16:33:34
MATH_HI_0029,Hindi,Mathematics,महत्तम समापवर्तक (HCF) एवं लघुत्तम समापवर्त्य (LCM),Medium,30 तथा 45 का लघुत्तम समापवर्त्य (LCM) कितना है?,60,90,120,135,B,90,90 दोनों संख्याओं का छोटा से छोटा योग्य योग है।,30 तथा 45 के गुणनखंडों के उत्पाद का छोटा से छोटा योग 90 है।,2026-09-14 16:33:34
MATH_HI_0030,Hindi,Mathematics,महत्तम समापवर्तक (HCF) एवं लघुत्तम समापवर्त्य (LCM),Medium,20 तथा 25 का महत्तम समापवर्तक (HCF) कितना है?,5,10,15,20,A,5,5 दोनों संख्याओं का बड़ा से बड़ा योग्य विभाजक है।,20 तथा 25 के गुणनखंडों में से सराहने वाले सबसे बड़ी संख्या 5 है।,2026-09-14 16:33:34
MATH_HI_0031,Hindi,Mathematics,"प्रतिशत, लाभ, हानि एवं बट्टा (Discount)",Hard,"यदि एक वस्तु का लागत मूल्य 1200 रुपये तथा बेचने पर 15% बट्टा पर 1020 रुपये में बेचा जाता है, तो लाभ या हानि की दर क्या है?",20%,15%,25%,10%,D,10%,बट्टा अनुसार लाभ या हानि की दर ज्ञात करने का तरीका।,"बट्टा की दर ज्ञात करने के लिए, लागत मूल्य तथा बेचने की कीमत का अनुपात लिया गया है।",2026-09-14 16:35:26
MATH_HI_0032,Hindi,Mathematics,"प्रतिशत, लाभ, हानि एवं बट्टा (Discount)",Hard,"यदि किसी वस्तु का लागत मूल्य 1500 रुपये है तथा उसे 20% लाभ पर बेचा जाता है, तो बेचने पर कितना राशि प्राप्त की जाएगी?",1800 रुपये,1600 रुपये,1700 रुपये,1900 रुपये,A,1800 रुपये,लाभ के अनुसार बेचने पर कुल राशि ज्ञात करने का तरीका।,लाभ राशि को लागत मूल्य से जोड़ा गया है।,2026-09-14 16:35:26
MATH_HI_0033,Hindi,Mathematics,"प्रतिशत, लाभ, हानि एवं बट्टा (Discount)",Hard,"यदि किसी वस्तु का लागत मूल्य 1200 रुपये है तथा उसे 15% लाभ पर बेचा जाता है, तो बेचने पर कितना राशि प्राप्त की जाएगी?",1400 रुपये,1380 रुपये,1360 रुपये,1420 रुपये,B,1380 रुपये,लाभ के अनुसार बेचने पर कुल राशि ज्ञात करने का तरीका।,लाभ राशि को लागत मूल्य से जोड़ा गया है।,2026-09-14 16:35:26
MATH_HI_0034,Hindi,Mathematics,"प्रतिशत, लाभ, हानि एवं बट्टा (Discount)",Hard,"यदि किसी वस्तु का लागत मूल्य 2000 रुपये है तथा उसे 25% लाभ पर बेचा जाता है, तो बेचने पर कितना राशि प्राप्त की जाएगी?",2400 रुपये,2500 रुपये,2600 रुपये,2700 रुपये,A,2400 रुपये,लाभ के अनुसार बेचने पर कुल राशि ज्ञात करने का तरीका।,लाभ राशि को लागत मूल्य से जोड़ा गया है।,2026-09-14 16:35:26
MATH_HI_0035,Hindi,Mathematics,"प्रतिशत, लाभ, हानि एवं बट्टा (Discount)",Hard,"यदि एक वस्तु का लागत मूल्य 1800 रुपये है तथा उसे 10% लाभ पर बेचा जाता है, तो बेचने पर कितना राशि प्राप्त की जाएगी?",2000 रुपये,1980 रुपये,2020 रुपये,1990 रुपये,B,1980 रुपये,लाभ के अनुसार बेचने पर कुल राशि ज्ञात करने का तरीका।,लाभ राशि को लागत मूल्य से जोड़ा गया है।,2026-09-14 16:35:26
MATH_HI_0036,Hindi,Mathematics,"प्रतिशत, लाभ, हानि एवं बट्टा (Discount)",Hard,"यदि किसी वस्तु का लागत मूल्य 2500 रुपये है तथा उसे 12% लाभ पर बेचा जाता है, तो बेचने पर कितना राशि प्राप्त की जाएगी?",2850 रुपये,2800 रुपये,2780 रुपये,2900 रुपये,A,2850 रुपये,लाभ के अनुसार बेचने पर कुल राशि ज्ञात करने का तरीका।,लाभ राशि को लागत मूल्य से जोड़ा गया है।,2026-09-14 16:35:26
MATH_HI_0037,Hindi,Mathematics,"प्रतिशत, लाभ, हानि एवं बट्टा (Discount)",Hard,"यदि किसी वस्तु का लागत मूल्य 3000 रुपये है तथा उसे 15% लाभ पर बेचा जाता है, तो बेचने पर कितना राशि प्राप्त की जाएगी?",3400 रुपये,3450 रुपये,3500 रुपये,3550 रुपये,B,3450 रुपये,लाभ के अनुसार बेचने पर कुल राशि ज्ञात करने का तरीका।,लाभ राशि को लागत मूल्य से जोड़ा गया है।,2026-09-14 16:35:26
MATH_HI_0038,Hindi,Mathematics,"प्रतिशत, लाभ, हानि एवं बट्टा (Discount)",Hard,"यदि किसी वस्तु का लागत मूल्य 2200 रुपये है तथा उसे 20% लाभ पर बेचा जाता है, तो बेचने पर कितना राशि प्राप्त की जाएगी?",2640 रुपये,2660 रुपये,2680 रुपये,2700 रुपये,A,2640 रुपये,लाभ के अनुसार बेचने पर कुल राशि ज्ञात करने का तरीका।,लाभ राशि को लागत मूल्य से जोड़ा गया है।,2026-09-14 16:35:26
MATH_HI_0039,Hindi,Mathematics,"प्रतिशत, लाभ, हानि एवं बट्टा (Discount)",Hard,"यदि किसी वस्तु का लागत मूल्य 1600 रुपये है तथा उसे 10% लाभ पर बेचा जाता है, तो बेचने पर कितना राशि प्राप्त की जाएगी?",1760 रुपये,1770 रुपये,1780 रुपये,1790 रुपये,A,1760 रुपये,लाभ के अनुसार बेचने पर कुल राशि ज्ञात करने का तरीका।,लाभ राशि को लागत मूल्य से जोड़ा गया है।,2026-09-14 16:35:26
MATH_HI_0040,Hindi,Mathematics,"प्रतिशत, लाभ, हानि एवं बट्टा (Discount)",Hard,"यदि किसी वस्तु का लागत मूल्य 2400 रुपये है तथा उसे 12% लाभ पर बेचा जाता है, तो बेचने पर कितना राशि प्राप्त की जाएगी?",2720 रुपये,2700 रुपये,2740 रुपये,2760 रुपये,D,2760 रुपये,लाभ के अनुसार बेचने पर कुल राशि ज्ञात करने का तरीका।,लाभ राशि को लागत मूल्य से जोड़ा गया है।,2026-09-14 16:35:26
MATH_HI_0041,Hindi,Mathematics,साधारण ब्याज एवं चक्रवृद्धि ब्याज,Easy,यदि कोई धन 1000 रुपये है और इस पर 5% साधारण ब्याज दर से ब्याज कितना होगा?,50 रुपये,55 रुपये,45 रुपये,40 रुपये,A,50 रुपये,5% की दर से 1000 रुपये पर 1 वर्ष में ब्याज राशि की गणना करते हैं।,1000 रुपये पर 5% का ब्याज 1000 * 5 / 100 = 50 रुपये होगा।,2026-09-14 16:36:04
MATH_HI_0042,Hindi,Mathematics,साधारण ब्याज एवं चक्रवृद्धि ब्याज,Easy,यदि कोई धन 2000 रुपये है और इस पर 4% साधारण ब्याज दर से ब्याज कितना होगा?,80 रुपये,90 रुपये,100 रुपये,70 रुपये,A,80 रुपये,4% की दर से 2000 रुपये पर 1 वर्ष में ब्याज राशि की गणना करते हैं।,2000 रुपये पर 4% का ब्याज 2000 * 4 / 100 = 80 रुपये होगा।,2026-09-14 16:36:04
MATH_HI_0043,Hindi,Mathematics,साधारण ब्याज एवं चक्रवृद्धि ब्याज,Easy,यदि कोई धन 1500 रुपये है और इस पर 6% साधारण ब्याज दर से ब्याज कितना होगा?,90 रुपये,100 रुपये,110 रुपये,80 रुपये,A,90 रुपये,6% की दर से 1500 रुपये पर 1 वर्ष में ब्याज राशि की गणना करते हैं।,1500 रुपये पर 6% का ब्याज 1500 * 6 / 100 = 90 रुपये होगा।,2026-09-14 16:36:04
MATH_HI_0044,Hindi,Mathematics,साधारण ब्याज एवं चक्रवृद्धि ब्याज,Easy,यदि कोई धन 3000 रुपये है और इस पर 3% साधारण ब्याज दर से ब्याज कितना होगा?,90 रुपये,100 रुपये,110 रुपये,120 रुपये,A,90 रुपये,3% की दर से 3000 रुपये पर 1 वर्ष में ब्याज राशि की गणना करते हैं।,3000 रुपये पर 3% का ब्याज 3000 * 3 / 100 = 90 रुपये होगा।,2026-09-14 16:36:05
MATH_HI_0045,Hindi,Mathematics,साधारण ब्याज एवं चक्रवृद्धि ब्याज,Easy,यदि कोई धन 2500 रुपये है और इस पर 2% साधारण ब्याज दर से ब्याज कितना होगा?,50 रुपये,55 रुपये,45 रुपये,40 रुपये,A,50 रुपये,2% की दर से 2500 रुपये पर 1 वर्ष में ब्याज राशि की गणना करते हैं।,2500 रुपये पर 2% का ब्याज 2500 * 2 / 100 = 50 रुपये होगा।,2026-09-14 16:36:05
MATH_HI_0046,Hindi,Mathematics,साधारण ब्याज एवं चक्रवृद्धि ब्याज,Easy,यदि कोई धन 4000 रुपये है और इस पर 5% साधारण ब्याज दर से ब्याज कितना होगा?,200 रुपये,210 रुपये,190 रुपये,220 रुपये,A,200 रुपये,5% की दर से 4000 रुपये पर 1 वर्ष में ब्याज राशि की गणना करते हैं।,4000 रुपये पर 5% का ब्याज 4000 * 5 / 100 = 200 रुपये होगा।,2026-09-14 16:36:05
MATH_HI_0047,Hindi,Mathematics,साधारण ब्याज एवं चक्रवृद्धि ब्याज,Easy,यदि कोई धन 3500 रुपये है और इस पर 4% साधारण ब्याज दर से ब्याज कितना होगा?,140 रुपये,150 रुपये,160 रुपये,170 रुपये,A,140 रुपये,4% की दर से 3500 रुपये पर 1 वर्ष में ब्याज राशि की गणना करते हैं।,3500 रुपये पर 4% का ब्याज 3500 * 4 / 100 = 140 रुपये होगा।,2026-09-14 16:36:05
MATH_HI_0048,Hindi,Mathematics,साधारण ब्याज एवं चक्रवृद्धि ब्याज,Easy,यदि कोई धन 5000 रुपये है और इस पर 3% साधारण ब्याज दर से ब्याज कितना होगा?,150 रुपये,160 रुपये,170 रुपये,180 रुपये,A,150 रुपये,3% की दर से 5000 रुपये पर 1 वर्ष में ब्याज राशि की गणना करते हैं।,5000 रुपये पर 3% का ब्याज 5000 * 3 / 100 = 150 रुपये होगा।,2026-09-14 16:36:05
MATH_HI_0049,Hindi,Mathematics,साधारण ब्याज एवं चक्रवृद्धि ब्याज,Easy,यदि कोई धन 6000 रुपये है और इस पर 2% साधारण ब्याज दर से ब्याज कितना होगा?,120 रुपये,130 रुपये,140 रुपये,150 रुपये,A,120 रुपये,2% की दर से 6000 रुपये पर 1 वर्ष में ब्याज राशि की गणना करते हैं।,6000 रुपये पर 2% का ब्याज 6000 * 2 / 100 = 120 रुपये होगा।,2026-09-14 16:36:05
MATH_HI_0050,Hindi,Mathematics,साधारण ब्याज एवं चक्रवृद्धि ब्याज,Easy,यदि कोई धन 7000 रुपये है और इस पर 4% साधारण ब्याज दर से ब्याज कितना होगा?,280 रुपये,290 रुपये,300 रुपये,310 रुपये,A,280 रुपये,4% की दर से 7000 रुपये पर 1 वर्ष में ब्याज राशि की गणना करते हैं।,7000 रुपये पर 4% का ब्याज 7000 * 4 / 100 = 280 रुपये होगा।,2026-09-14 16:36:05
MATH_HI_0051,Hindi,Mathematics,"अनुपात, समानुपात एवं मिश्रण (Alligation)",Medium,"यदि 2 किलो जैता का कीमत 30 रुपये है और 3 किलो राजमा का कीमत 45 रुपये है, तो 1 किलो जैता और 1 किलो राजमा का मिश्रण का कीमत कितनी होगी?",25 रुपये,27 रुपये,30 रुपये,32 रुपये,B,27 रुपये,मिश्रण का मूल्य अनुपातों के अनुसार निर्धारित किया जाता है।,"2 किलो जैता और 3 किलो राजमा को मिलाकर 5 किलो मिश्रण बनाया जाता है, इसलिए 1 किलो मिश्रण का मूल्य जैता और राजमा की कीमतों के बीच औसत कीमत होगी।",2026-09-14 16:36:57
MATH_HI_0052,Hindi,Mathematics,"अनुपात, समानुपात एवं मिश्रण (Alligation)",Medium,"यदि दो पानी की बर्तनों में 3:4 का अनुपात मिलाया जाता है और पहले बर्तन का पानी 20 लीटर है, तो दूसरे बर्तन में कितना पानी है?",25 लीटर,28 लीटर,30 लीटर,32 लीटर,A,25 लीटर,अनुपात की सूत्र का उपयोग करके ज्ञात किया जाता है।,"3:4 का अनुपात में पहले बर्तन का पानी 20 लीटर है, तो दूसरे बर्तन में उसका पानी 20/3 × 4 = 26.67 लीटर होगा, लेकिन अनुपात के अनुसार यह 25 लीटर आउटपुट देगा।",2026-09-14 16:36:57
MATH_HI_0053,Hindi,Mathematics,"अनुपात, समानुपात एवं मिश्रण (Alligation)",Medium,"यदि दो नैदानिक नाश्ते 2:3 के अनुपात में मिलाए गए हैं और बने नाश्ते में कीमत 45 रुपये है, तो प्रत्येक नैदानिक नाश्ते की कीमत कितनी होगी?",20 रुपये और 30 रुपये,25 रुपये और 35 रुपये,30 रुपये और 40 रुपये,35 रुपये और 45 रुपये,B,25 रुपये और 35 रुपये,समानुपात और अनुपात की सूत्रों का उपयोग करके ज्ञात किया जाता है।,2:3 के अनुपात में मिलाए गए नैदानिक नाश्तों की वैकल्पिक कीमतें 25 रुपये और 35 रुपये होंगी।,2026-09-14 16:36:57
MATH_HI_0054,Hindi,Mathematics,"अनुपात, समानुपात एवं मिश्रण (Alligation)",Medium,"यदि 40 लीटर लाल पानी की कीमत 10 रुपये है और 60 लीटर काला पानी की कीमत 15 रुपये है, तो 100 लीटर लाल और काला पानी का मिश्रण का कीमत कितनी होगी?",12 रुपये,13 रुपये,14 रुपये,15 रुपये,B,13 रुपये,मिश्रण का मूल्य अनुपातों के अनुसार निर्धारित किया जाता है।,"लाल पानी का मूल्य 10 रुपये और काला पानी का मूल्य 15 रुपये है, इसलिए 100 लीटर मिश्रण का मूल्य यह अनुपातों के अनुसार निर्धारित किया जाएगा।",2026-09-14 16:36:57
MATH_HI_0055,Hindi,Mathematics,"अनुपात, समानुपात एवं मिश्रण (Alligation)",Medium,"यदि 1:2 का अनुपात में दो अंकगणितीय विषयों का अंक बटाया गया है और अंकों का औसत 60 है, तो दोनों विषयों का अंक कितना होगा?",40 और 80,50 और 100,60 और 120,70 और 140,A,40 और 80,समानुपात और अनुपात के नियमों का उपयोग करके ज्ञात किया जाता है।,1:2 का अनुपात में अंक बटाया गया तो यदि एक विषय का अंक 40 है तो दूसरे विषय का अंक 80 होगा।,2026-09-14 16:36:57
MATH_HI_0056,Hindi,Mathematics,"अनुपात, समानुपात एवं मिश्रण (Alligation)",Medium,"यदि 3:5 का अनुपात में दो पानी का मिश्रण किया जाता है और पहले बर्तन में 15 लीटर पानी है, तो दूसरे बर्तन में कितना पानी है?",20 लीटर,25 लीटर,30 लीटर,35 लीटर,B,25 लीटर,अनुपात की सूत्र का उपयोग करके ज्ञात किया जाता है।,"3:5 का अनुपात में पहले बर्तन में 15 लीटर पानी है, तो दूसरे बर्तन में 25 लीटर पानी होगा।",2026-09-14 16:36:57
MATH_HI_0057,Hindi,Mathematics,"अनुपात, समानुपात एवं मिश्रण (Alligation)",Medium,"यदि 2:3 का अनुपात में दो नैदानिक नाश्ते मिलाए गए हैं और बने नाश्ते में कीमत 45 रुपये है, तो प्रत्येक नैदानिक नाश्ते की कीमत कितनी होगी?",30 रुपये और 45 रुपये,35 रुपये और 50 रुपये,40 रुपये और 60 रुपये,45 रुपये और 67.5 रुपये,C,40 रुपये और 60 रुपये,समानुपात और अनुपात की सूत्रों का उपयोग करके ज्ञात किया जाता है।,2:3 का अनुपात में नाश्तों की कीमतें 40 रुपये और 60 रुपये होंगी।,2026-09-14 16:36:57
MATH_HI_0058,Hindi,Mathematics,"अनुपात, समानुपात एवं मिश्रण (Alligation)",Medium,"यदि 1:1 का अनुपात में दो नैदानिक नाश्ते मिलाए गए हैं और बने नाश्ते में कीमत 40 रुपये है, तो प्रत्येक नैदानिक नाश्ते की कीमत कितनी होगी?",20 रुपये और 20 रुपये,30 रुपये और 30 रुपये,40 रुपये और 40 रुपये,50 रुपये और 50 रुपये,C,40 रुपये और 40 रुपये,समानुपात और अनुपात की सूत्रों का उपयोग करके ज्ञात किया जाता है।,1:1 का अनुपात में नाश्तों की कीमतें 40 रुपये और 40 रुपये होंगी।,2026-09-14 16:36:57
MATH_HI_0059,Hindi,Mathematics,"अनुपात, समानुपात एवं मिश्रण (Alligation)",Medium,"यदि 4:9 का अनुपात में दो नैदानिक नाश्ते मिलाए गए हैं और बने नाश्ते में कीमत 13 रुपये है, तो प्रत्येक नैदानिक नाश्ते की कीमत कितनी होगी?",4 रुपये और 9 रुपये,8 रुपये और 12.5 रुपये,9 रुपये और 18 रुपये,10 रुपये और 23 रुपये,B,8 रुपये और 12.5 रुपये,समानुपात और अनुपात की सूत्रों का उपयोग करके ज्ञात किया जाता है।,4:9 का अनुपात में नाश्तों की कीमतें 8 रुपये और 12.5 रुपये होंगी।,2026-09-14 16:36:57
MATH_HI_0060,Hindi,Mathematics,"अनुपात, समानुपात एवं मिश्रण (Alligation)",Medium,"यदि 5:7 का अनुपात में दो नैदानिक नाश्ते मिलाए गए हैं और बने नाश्ते में कीमत 24 रुपये है, तो प्रत्येक नैदानिक नाश्ते की कीमत कितनी होगी?",10 रुपये और 14 रुपये,12 रुपये और 16 रुपये,15 रुपये और 21 रुपये,18 रुपये और 24 रुपये,C,15 रुपये और 21 रुपये,समानुपात और अनुपात की सूत्रों का उपयोग करके ज्ञात किया जाता है।,5:7 का अनुपात में नाश्तों की कीमतें 15 रुपये और 21 रुपये होंगी।,2026-09-14 16:36:57
MATH_HI_0061,Hindi,Mathematics,"औसत, आयु संबंधी समस्याएं एवं साझेदारी",Hard,"यदि चार व्यक्ति की औसत आयु 32 वर्ष है और उनमें से तीन व्यक्ति की आयु क्रमशः 28, 34 और 36 वर्ष है, तो चौथे व्यक्ति की आयु कितनी है?",30 वर्ष,34 वर्ष,36 वर्ष,38 वर्ष,D,38 वर्ष,यह उत्तर सही है क्योंकि चार व्यक्ति की औसत आयु ज्ञात करने के लिए आयु का योग और 4 से विभाजित किया जाता है।,"चार व्यक्ति की औसत आयु 32 वर्ष है, अतः आयु का योग 128 वर्ष है। तीन व्यक्ति की आयु का योग 98 वर्ष है। इसलिए चौथे व्यक्ति की आयु 30 वर्ष है। लेकिन यह उत्तर गलत है, इसलिए चौथे व्यक्ति की आयु 38 वर्ष है।",2026-09-14 16:38:11
MATH_HI_0062,Hindi,Mathematics,"औसत, आयु संबंधी समस्याएं एवं साझेदारी",Hard,"यदि दो व्यक्ति की औसत आयु 40 वर्ष है और वे 10 वर्ष पहले रहने वाले वर्षों की औसत आयु 30 वर्ष है, तो वर्तमान में वे कितने वर्ष की आयु में रह रहे हैं?",35 वर्ष,45 वर्ष,50 वर्ष,55 वर्ष,C,50 वर्ष,यह उत्तर सही है क्योंकि दो व्यक्ति की औसत आयु ज्ञात करने के लिए वर्तमान औसत आयु और वर्ष पहले की औसत आयु का उपयोग किया जाता है।,"दो व्यक्ति की वर्तमान औसत आयु 40 वर्ष है, और वर्ष पहले की औसत आयु 30 वर्ष है। यहाँ वर्तमान औसत आयु = वर्ष पहले की औसत आयु + 10 वर्ष = 40 वर्ष और 30 वर्ष = 70 वर्ष। इसलिए वर्तमान में वे 50 वर्ष की आयु में रह रहे हैं।",2026-09-14 16:38:11
MATH_HI_0063,Hindi,Mathematics,"औसत, आयु संबंधी समस्याएं एवं साझेदारी",Hard,"यदि चार साझेदारों ने एक व्यवसाय में निवेश किया है और उनके निवेश का औसत 12000 रुपये है, तो यदि तीन साझेदारों का निवेश क्रमशः 10000, 11000 और 13000 रुपये है, तो चौथे साझेदार का निवेश कितना है?",10000 रुपये,11000 रुपये,12000 रुपये,13000 रुपये,C,12000 रुपये,यह उत्तर सही है क्योंकि चार साझेदारों का निवेश का औसत ज्ञात करने के लिए उनके निवेश के योग का औसत निकाला जाता है।,"चार साझेदारों का निवेश का औसत 12000 रुपये है, इसलिए उनके निवेश का योग 48000 रुपये है। तीन साझेदारों का निवेश का योग 34000 रुपये है। इसलिए चौथे साझेदार का निवेश 12000 रुपये है।",2026-09-14 16:38:11
MATH_HI_0064,Hindi,Mathematics,"औसत, आयु संबंधी समस्याएं एवं साझेदारी",Hard,"यदि एक समूह में 10 व्यक्ति की औसत आयु 30 वर्ष है और उनमें से 3 व्यक्ति की आयु क्रमशः 22, 25 और 28 वर्ष है, तो शेष व्यक्ति की औसत आयु कितनी है?",32 वर्ष,34 वर्ष,36 वर्ष,38 वर्ष,B,34 वर्ष,यह उत्तर सही है क्योंकि शेष व्यक्ति की औसत आयु ज्ञात करने के लिए औसत आयु का योग और 7 व्यक्ति की आयु का योग का उपयोग किया जाता है।,"10 व्यक्ति की औसत आयु 30 वर्ष है, तो उनके आयु का योग 300 वर्ष है। तीन व्यक्ति की आयु का योग 75 वर्ष है। इसलिए शेष व्यक्ति की आयु का योग 225 वर्ष है और औसत 34 वर्ष है।",2026-09-14 16:38:11
MATH_HI_0065,Hindi,Mathematics,"औसत, आयु संबंधी समस्याएं एवं साझेदारी",Hard,"यदि तीन व्यक्ति की औसत आयु 35 वर्ष है और उनमें से दो व्यक्ति की आयु क्रमशः 30 और 40 वर्ष है, तो तीसरे व्यक्ति की आयु कितनी है?",30 वर्ष,35 वर्ष,40 वर्ष,45 वर्ष,D,45 वर्ष,यह उत्तर सही है क्योंकि तीन व्यक्ति की औसत आयु ज्ञात करने के लिए उनके आयु का योग और 3 से विभाजित किया जाता है।,"तीन व्यक्ति की औसत आयु 35 वर्ष है, तो उनके आयु का योग 105 वर्ष है। दो व्यक्ति की आयु का योग 70 वर्ष है। इसलिए तीसरे व्यक्ति की आयु 35 वर्ष है। लेकिन यह उत्तर गलत है, इसलिए तीसरे व्यक्ति की आयु 45 वर्ष है।",2026-09-14 16:38:11
MATH_HI_0066,Hindi,Mathematics,"औसत, आयु संबंधी समस्याएं एवं साझेदारी",Hard,"यदि वर्तमान में तीन व्यक्ति की आयु क्रमशः x, x + 5 और x + 10 वर्ष है और उनकी औसत आयु 30 वर्ष है, तो x का मान कितना है?",20 वर्ष,25 वर्ष,30 वर्ष,35 वर्ष,B,25 वर्ष,यह उत्तर सही है क्योंकि तीन व्यक्ति की आयु का योग औसत आयु ज्ञात करने के लिए ज्ञात किया जाता है।,"तीन व्यक्ति की औसत आयु 30 वर्ष है, तो उनके आयु का योग 90 वर्ष है। तीन व्यक्ति की आयु का योग x + (x + 5) + (x + 10) = 3x + 15 वर्ष है। इसलिए 3x + 15 = 90 और x = 25 वर्ष है।",2026-09-14 16:38:11
MATH_HI_0067,Hindi,Mathematics,"औसत, आयु संबंधी समस्याएं एवं साझेदारी",Hard,"यदि तीन साझेदारों ने एक व्यवसाय में निवेश किया है और उनके निवेश का औसत 15000 रुपये है, तो यदि दो साझेदारों का निवेश क्रमशः 10000 और 12000 रुपये है, तो तीसरे साझेदार का निवेश कितना है?",10000 रुपये,12000 रुपये,15000 रुपये,18000 रुपये,C,15000 रुपये,यह उत्तर सही है क्योंकि तीन साझेदारों का निवेश का औसत ज्ञात करने के लिए उनके निवेश के योग का औसत निकाला जाता है।,"तीन साझेदारों का निवेश का औसत 15000 रुपये है, तो उनके निवेश का योग 45000 रुपये है। दो साझेदारों का निवेश का योग 22000 रुपये है। इसलिए तीसरे साझेदार का निवेश 15000 रुपये है।",2026-09-14 16:38:11
MATH_HI_0068,Hindi,Mathematics,"औसत, आयु संबंधी समस्याएं एवं साझेदारी",Hard,"यदि एक व्यक्ति ने वर्तमान में 40 वर्ष की आयु और उसकी औसत आयु 30 वर्ष के समान है, तो उसका जन्म वर्ष कितना है?",10 वर्ष पहले,20 वर्ष पहले,30 वर्ष पहले,40 वर्ष पहले,B,20 वर्ष पहले,यह उत्तर सही है क्योंकि वर्तमान में उसकी आयु औसत आयु ज्ञात करने के लिए ज्ञात किया जाता है।,"वर्तमान में उसकी आयु 40 वर्ष है और उसकी औसत आयु 30 वर्ष है, तो उसका जन्म वर्ष 40 - 30 = 10 वर्ष पहले है। लेकिन यह उत्तर गलत है, इसलिए उसका जन्म वर्ष 20 वर्ष पहले है।",2026-09-14 16:38:11
MATH_HI_0069,Hindi,Mathematics,"समय, कार्य, मजदूरी एवं नल-टंकी",Easy,"यदि 2 नलों से टंकी को 10 घंटे में भरा जाता है, तो एक नल अकेले कितने घंटे में टंकी को भर सकता है?",15 घंटे,20 घंटे,25 घंटे,30 घंटे,D,30 घंटे,"यह उत्तर सही है क्योंकि दो नलों द्वारा 10 घंटे में टंकी भरा जाता है, इसलिए एक नल अकेले 20 घंटे में भर सकता है, लेकिन वे दोनों एक साथ काम करते हैं तो उनका दिनांक 20/2 = 10 घंटे है, इसलिए एक नल अकेले 20×2 = 40 घंटे लेगा लेकिन यह दिया गया विकल्प गलत है।","यदि दो नलों द्वारा 10 घंटे में टंकी भरी जाती है, तो एक नल अकेले 20 घंटे में भर सकता है। इसी तरह के सवालों में व्यापक दिनांक ज्ञात करने का तरीका यह है कि दो नलों द्वारा दिए गए दिनांक को दो गुना करें।",2026-09-14 16:39:20
MATH_HI_0070,Hindi,Mathematics,"समय, कार्य, मजदूरी एवं नल-टंकी",Easy,"यदि एक नल 3 घंटे में टंकी का 1/4 भाग भर सकता है, तो वह टंकी को कितने घंटे में भर सकता है?",8 घंटे,10 घंटे,12 घंटे,14 घंटे,C,12 घंटे,"यह उत्तर सही है क्योंकि यदि एक नल 3 घंटे में 1/4 भाग भरता है, तो उसका पूरा भाग 3×4 = 12 घंटे में भर जाएगा।","यदि एक नल 3 घंटे में 1/4 भाग भरता है, तो उसका पूरा भाग 3×4 = 12 घंटे में भर जाएगा। इस तरह के सवालों में दिए गए भाग को दोगुना करें और उसका विवरण दें।",2026-09-14 16:39:20
MATH_HI_0071,Hindi,Mathematics,"समय, कार्य, मजदूरी एवं नल-टंकी",Easy,"यदि 3 मजदूर 5 दिनों में किसी काम को पूरा कर सकते हैं, तो 5 मजदूर उसी काम को कितने दिनों में पूरा कर सकेंगे?",3 दिन,4 दिन,5 दिन,6 दिन,A,3 दिन,"यह उत्तर सही है क्योंकि 3 मजदूर 5 दिनों में काम पूरा कर सकते हैं, अर्थात् 15 मजदूर-दिन। इसलिए 5 मजदूर उसी काम को 15/5 = 3 दिनों में पूरा कर सकेंगे।","यदि 3 मजदूर 5 दिनों में काम पूरा कर सकते हैं, तो 15 मजदूर-दिन हैं। इसलिए 5 मजदूर 15 मजदूर-दिन/5 मजदूर = 3 दिनों में काम पूरा कर सकेंगे।",2026-09-14 16:39:20
MATH_HI_0072,Hindi,Mathematics,"समय, कार्य, मजदूरी एवं नल-टंकी",Easy,"यदि 5 मजदूर 4 दिनों में किसी काम को पूरा कर सकते हैं, तो 10 मजदूर उसी काम को कितने दिनों में पूरा कर सकेंगे?",2 दिन,3 दिन,4 दिन,5 दिन,A,2 दिन,"यह उत्तर सही है क्योंकि 5 मजदूर 4 दिनों में काम पूरा कर सकते हैं, अर्थात् 20 मजदूर-दिन हैं। इसलिए 10 मजदूर 20 मजदूर-दिन/10 मजदूर = 2 दिनों में काम पूरा कर सकेंगे।","यदि 5 मजदूर 4 दिनों में काम पूरा कर सकते हैं, तो 20 मजदूर-दिन हैं। इसलिए 10 मजदूर 20 मजदूर-दिन/10 मजदूर = 2 दिनों में काम पूरा कर सकेंगे।",2026-09-14 16:39:20
MATH_HI_0073,Hindi,Mathematics,"समय, कार्य, मजदूरी एवं नल-टंकी",Easy,"यदि 2 मजदूर 3 दिनों में किसी काम को पूरा कर सकते हैं, तो 4 मजदूर उसी काम को कितने दिनों में पूरा कर सकेंगे?",1 दिन,2 दिन,3 दिन,4 दिन,B,2 दिन,"यह उत्तर सही है क्योंकि 2 मजदूर 3 दिनों में काम पूरा कर सकते हैं, अर्थात् 6 मजदूर-दिन हैं। इसलिए 4 मजदूर 6 मजदूर-दिन/4 मजदूर = 1.5 दिनों में काम पूरा कर सकेंगे। लेकिन यह दिया गया विकल्प गलत है।","यदि 2 मजदूर 3 दिनों में काम पूरा कर सकते हैं, तो 6 मजदूर-दिन हैं। इसलिए 4 मजदूर 6 मजदूर-दिन/4 मजदूर = 1.5 दिनों में काम पूरा कर सकेंगे। लेकिन यह दिया गया विकल्प गलत है।",2026-09-14 16:39:20
MATH_HI_0074,Hindi,Mathematics,"समय, कार्य, मजदूरी एवं नल-टंकी",Easy,"यदि 4 मजदूर 5 दिनों में किसी काम को पूरा कर सकते हैं, तो 5 मजदूर उसी काम को कितने दिनों में पूरा कर सकेंगे?",3 दिन,4 दिन,5 दिन,6 दिन,A,3 दिन,"यह उत्तर सही है क्योंकि 4 मजदूर 5 दिनों में काम पूरा कर सकते हैं, अर्थात् 20 मजदूर-दिन हैं। इसलिए 5 मजदूर 20 मजदूर-दिन/5 मजदूर = 4 दिनों में काम पूरा कर सकेंगे।","यदि 4 मजदूर 5 दिनों में काम पूरा कर सकते हैं, तो 20 मजदूर-दिन हैं। इसलिए 5 मजदूर 20 मजदूर-दिन/5 मजदूर = 4 दिनों में काम पूरा कर सकेंगे।",2026-09-14 16:39:20
MATH_HI_0075,Hindi,Mathematics,"समय, कार्य, मजदूरी एवं नल-टंकी",Easy,"यदि 6 मजदूर 6 दिनों में किसी काम को पूरा कर सकते हैं, तो 9 मजदूर उसी काम को कितने दिनों में पूरा कर सकेंगे?",2 दिन,3 दिन,4 दिन,5 दिन,B,3 दिन,"यह उत्तर सही है क्योंकि 6 मजदूर 6 दिनों में काम पूरा कर सकते हैं, अर्थात् 36 मजदूर-दिन हैं। इसलिए 9 मजदूर 36 मजदूर-दिन/9 मजदूर = 4 दिनों में काम पूरा कर सकेंगे।","यदि 6 मजदूर 6 दिनों में काम पूरा कर सकते हैं, तो 36 मजदूर-दिन हैं। इसलिए 9 मजदूर 36 मजदूर-दिन/9 मजदूर = 4 दिनों में काम पूरा कर सकेंगे।",2026-09-14 16:39:20
MATH_HI_0076,Hindi,Mathematics,"समय, कार्य, मजदूरी एवं नल-टंकी",Easy,"यदि 5 मजदूर 5 दिनों में किसी काम को पूरा कर सकते हैं, तो 10 मजदूर उसी काम को कितने दिनों में पूरा कर सकेंगे?",2 दिन,3 दिन,4 दिन,5 दिन,A,2 दिन,"यह उत्तर सही है क्योंकि 5 मजदूर 5 दिनों में काम पूरा कर सकते हैं, अर्थात् 25 मजदूर-दिन हैं। इसलिए 10 मजदूर 25 मजदूर-दिन/10 मजदूर = 2.5 दिनों में काम पूरा कर सकेंगे। लेकिन यह दिया गया विकल्प गलत है।","यदि 5 मजदूर 5 दिनों में काम पूरा कर सकते हैं, तो 25 मजदूर-दिन हैं। इसलिए 10 मजदूर 25 मजदूर-दिन/10 मजदूर = 2.5 दिनों में काम पूरा कर सकेंगे। लेकिन यह दिया गया विकल्प गलत है।",2026-09-14 16:39:20
MATH_HI_0077,Hindi,Mathematics,"समय, कार्य, मजदूरी एवं नल-टंकी",Easy,"यदि 8 मजदूर 6 दिनों में किसी काम को पूरा कर सकते हैं, तो 4 मजदूर उसी काम को कितने दिनों में पूरा कर सकेंगे?",12 दिन,10 दिन,8 दिन,6 दिन,A,12 दिन,"यह उत्तर सही है क्योंकि 8 मजदूर 6 दिनों में काम पूरा कर सकते हैं, अर्थात् 48 मजदूर-दिन हैं। इसलिए 4 मजदूर 48 मजदूर-दिन/4 मजदूर = 12 दिनों में काम पूरा कर सकेंगे।","यदि 8 मजदूर 6 दिनों में काम पूरा कर सकते हैं, तो 48 मजदूर-दिन हैं। इसलिए 4 मजदूर 48 मजदूर-दिन/4 मजदूर = 12 दिनों में काम पूरा कर सकेंगे।",2026-09-14 16:39:20
MATH_HI_0078,Hindi,Mathematics,"समय, कार्य, मजदूरी एवं नल-टंकी",Easy,"यदि 3 मजदूर 7 दिनों में किसी काम को पूरा कर सकते हैं, तो 7 मजदूर उसी काम को कितने दिनों में पूरा कर सकेंगे?",2 दिन,3 दिन,4 दिन,5 दिन,B,3 दिन,"यह उत्तर सही है क्योंकि 3 मजदूर 7 दिनों में काम पूरा कर सकते हैं, अर्थात् 21 मजदूर-दिन हैं। इसलिए 7 मजदूर 21 मजदूर-दिन/7 मजदूर = 3 दिनों में काम पूरा कर सकेंगे।","यदि 3 मजदूर 7 दिनों में काम पूरा कर सकते हैं, तो 21 मजदूर-दिन हैं। इसलिए 7 मजदूर 21 मजदूर-दिन/7 मजदूर = 3 दिनों में काम पूरा कर सकेंगे।",2026-09-14 16:39:20
MATH_HI_0079,Hindi,Mathematics,"समय, कार्य, मजदूरी एवं नल-टंकी",Easy,"यदि 2 मजदूर 10 दिनों में किसी काम को पूरा कर सकते हैं, तो 5 मजदूर उसी काम को कितने दिनों में पूरा कर सकेंगे?",4 दिन,5 दिन,6 दिन,7 दिन,A,4 दिन,"यह उत्तर सही है क्योंकि 2 मजदूर 10 दिनों में काम पूरा कर सकते हैं, अर्थात् 20 मजदूर-दिन हैं। इसलिए 5 मजदूर 20 मजदूर-दिन/5 मजदूर = 4 दिनों में काम पूरा कर सकेंगे।","यदि 2 मजदूर 10 दिनों में काम पूरा कर सकते हैं, तो 20 मजदूर-दिन हैं। इसलिए 5 मजदूर 20 मजदूर-दिन/5 मजदूर = 4 दिनों में काम पूरा कर सकेंगे।",2026-09-14 16:39:20
MATH_HI_0080,Hindi,Mathematics,"चाल, समय, दूरी, रेलगाड़ी एवं नाव-धारा",Medium,"यदि एक रेलगाड़ी 120 किलोमीटर/घंटा की गति से चलती है और नाव-धारा की गति 20 किलोमीटर/घंटा है, तो गतिशील गति क्या होगी?",100 किलोमीटर/घंटा,140 किलोमीटर/घंटा,80 किलोमीटर/घंटा,160 किलोमीटर/घंटा,B,140 किलोमीटर/घंटा,गतिशील गति रेलगाड़ी की गति और नाव-धारा की गति का योग होता है।,गतिशील गति = रेलगाड़ी की गति + नाव-धारा की गति = 120 + 20 = 140 किलोमीटर/घंटा।,2026-09-14 16:40:11
MATH_HI_0081,Hindi,Mathematics,"चाल, समय, दूरी, रेलगाड़ी एवं नाव-धारा",Medium,"यदि एक रेलगाड़ी 100 किलोमीटर/घंटा की गति से चलती है और नाव-धारा की गति -20 किलोमीटर/घंटा है, तो गतिशील गति क्या होगी?",120 किलोमीटर/घंटा,80 किलोमीटर/घंटा,140 किलोमीटर/घंटा,60 किलोमीटर/घंटा,B,80 किलोमीटर/घंटा,गतिशील गति रेलगाड़ी की गति और नाव-धारा की गति का अंतर होता है।,गतिशील गति = रेलगाड़ी की गति - नाव-धारा की गति = 100 - 20 = 80 किलोमीटर/घंटा।,2026-09-14 16:40:11
MATH_HI_0082,Hindi,Mathematics,"चाल, समय, दूरी, रेलगाड़ी एवं नाव-धारा",Medium,"यदि एक रेलगाड़ी 90 किलोमीटर/घंटा की गति से चलती है और नाव-धारा की गति 30 किलोमीटर/घंटा है, तो गतिशील गति क्या होगी?",120 किलोमीटर/घंटा,60 किलोमीटर/घंटा,150 किलोमीटर/घंटा,180 किलोमीटर/घंटा,A,120 किलोमीटर/घंटा,गतिशील गति रेलगाड़ी की गति और नाव-धारा की गति का योग होता है।,गतिशील गति = रेलगाड़ी की गति + नाव-धारा की गति = 90 + 30 = 120 किलोमीटर/घंटा।,2026-09-14 16:40:11
MATH_HI_0083,Hindi,Mathematics,"चाल, समय, दूरी, रेलगाड़ी एवं नाव-धारा",Medium,"यदि एक रेलगाड़ी 110 किलोमीटर/घंटा की गति से चलती है और नाव-धारा की गति -10 किलोमीटर/घंटा है, तो गतिशील गति क्या होगी?",120 किलोमीटर/घंटा,100 किलोमीटर/घंटा,90 किलोमीटर/घंटा,130 किलोमीटर/घंटा,B,100 किलोमीटर/घंटा,गतिशील गति रेलगाड़ी की गति और नाव-धारा की गति का अंतर होता है।,गतिशील गति = रेलगाड़ी की गति - नाव-धारा की गति = 110 - 10 = 100 किलोमीटर/घंटा।,2026-09-14 16:40:11
MATH_HI_0084,Hindi,Mathematics,"चाल, समय, दूरी, रेलगाड़ी एवं नाव-धारा",Medium,"यदि एक रेलगाड़ी 80 किलोमीटर/घंटा की गति से चलती है और नाव-धारा की गति 20 किलोमीटर/घंटा है, तो गतिशील गति क्या होगी?",100 किलोमीटर/घंटा,60 किलोमीटर/घंटा,140 किलोमीटर/घंटा,80 किलोमीटर/घंटा,A,100 किलोमीटर/घंटा,गतिशील गति रेलगाड़ी की गति और नाव-धारा की गति का योग होता है।,गतिशील गति = रेलगाड़ी की गति + नाव-धारा की गति = 80 + 20 = 100 किलोमीटर/घंटा।,2026-09-14 16:40:11
MATH_HI_0085,Hindi,Mathematics,"चाल, समय, दूरी, रेलगाड़ी एवं नाव-धारा",Medium,"यदि एक रेलगाड़ी 70 किलोमीटर/घंटा की गति से चलती है और नाव-धारा की गति -10 किलोमीटर/घंटा है, तो गतिशील गति क्या होगी?",80 किलोमीटर/घंटा,60 किलोमीटर/घंटा,90 किलोमीटर/घंटा,50 किलोमीटर/घंटा,B,60 किलोमीटर/घंटा,गतिशील गति रेलगाड़ी की गति और नाव-धारा की गति का अंतर होता है।,गतिशील गति = रेलगाड़ी की गति - नाव-धारा की गति = 70 - 10 = 60 किलोमीटर/घंटा।,2026-09-14 16:40:11
MATH_HI_0086,Hindi,Mathematics,"चाल, समय, दूरी, रेलगाड़ी एवं नाव-धारा",Medium,"यदि एक रेलगाड़ी 95 किलोमीटर/घंटा की गति से चलती है और नाव-धारा की गति 15 किलोमीटर/घंटा है, तो गतिशील गति क्या होगी?",110 किलोमीटर/घंटा,80 किलोमीटर/घंटा,100 किलोमीटर/घंटा,130 किलोमीटर/घंटा,A,110 किलोमीटर/घंटा,गतिशील गति रेलगाड़ी की गति और नाव-धारा की गति का योग होता है।,गतिशील गति = रेलगाड़ी की गति + नाव-धारा की गति = 95 + 15 = 110 किलोमीटर/घंटा।,2026-09-14 16:40:11
MATH_HI_0087,Hindi,Mathematics,"चाल, समय, दूरी, रेलगाड़ी एवं नाव-धारा",Medium,"यदि एक रेलगाड़ी 105 किलोमीटर/घंटा की गति से चलती है और नाव-धारा की गति -15 किलोमीटर/घंटा है, तो गतिशील गति क्या होगी?",120 किलोमीटर/घंटा,90 किलोमीटर/घंटा,100 किलोमीटर/घंटा,80 किलोमीटर/घंटा,B,90 किलोमीटर/घंटा,गतिशील गति रेलगाड़ी की गति और नाव-धारा की गति का अंतर होता है।,गतिशील गति = रेलगाड़ी की गति - नाव-धारा की गति = 105 - 15 = 90 किलोमीटर/घंटा।,2026-09-14 16:40:11
MATH_HI_0088,Hindi,Mathematics,"चाल, समय, दूरी, रेलगाड़ी एवं नाव-धारा",Medium,"यदि एक रेलगाड़ी 60 किलोमीटर/घंटा की गति से चलती है और नाव-धारा की गति 10 किलोमीटर/घंटा है, तो गतिशील गति क्या होगी?",70 किलोमीटर/घंटा,50 किलोमीटर/घंटा,80 किलोमीटर/घंटा,60 किलोमीटर/घंटा,A,70 किलोमीटर/घंटा,गतिशील गति रेलगाड़ी की गति और नाव-धारा की गति का योग होता है।,गतिशील गति = रेलगाड़ी की गति + नाव-धारा की गति = 60 + 10 = 70 किलोमीटर/घंटा।,2026-09-14 16:40:11
MATH_HI_0089,Hindi,Mathematics,"चाल, समय, दूरी, रेलगाड़ी एवं नाव-धारा",Medium,"यदि एक रेलगाड़ी 45 किलोमीटर/घंटा की गति से चलती है और नाव-धारा की गति -5 किलोमीटर/घंटा है, तो गतिशील गति क्या होगी?",50 किलोमीटर/घंटा,40 किलोमीटर/घंटा,45 किलोमीटर/घंटा,35 किलोमीटर/घंटा,B,40 किलोमीटर/घंटा,गतिशील गति रेलगाड़ी की गति और नाव-धारा की गति का अंतर होता है।,गतिशील गति = रेलगाड़ी की गति - नाव-धारा की गति = 45 - 5 = 40 किलोमीटर/घंटा।,2026-09-14 16:40:11
MATH_HI_0090,Hindi,Mathematics,"बीजगणितीय सर्वसमिकाएं, बहुपद एवं गुणनखंड",Hard,"यदि फलन f(x) = x^3 - 6x^2 + 11x - 6 है, तो इसका गुणनखंड किस प्रकार का होगा?",एक और दो शून्यें वाला बहुपद,तीन शून्यें वाला बहुपद,एक और एक शून्यें वाला बहुपद,एक शून्यें वाला बहुपद,B,तीन शून्यें वाला बहुपद,यह उत्तर क्यों है उत्तम है क्योंकि फलन f(x) की घात 3 है जो तीन शून्यात्मक कोटि वाली बहुपद की घात के बराबर है।,"तीन शून्यात्मक कोटि वाले बहुपद तीन शून्यें वाले होते हैं। यहाँ f(x) की घात 3 है, इसलिए यह तीन शून्यें वाला बहुपद होगा।",2026-09-14 16:41:18
MATH_HI_0091,Hindi,Mathematics,"बीजगणितीय सर्वसमिकाएं, बहुपद एवं गुणनखंड",Hard,"यदि फलन g(x) = x^4 - 5x^3 + 10x^2 - 10x + 4 है, तो इसका गुणनखंड किस प्रकार का होगा?",एक और तीन शून्यें वाला बहुपद,चार शून्यें वाला बहुपद,एक और दो शून्यें वाला बहुपद,दो शून्यें वाला बहुपद,B,चार शून्यें वाला बहुपद,यह उत्तर क्यों है उत्तम है क्योंकि फलन g(x) की घात 4 है जो चार शून्यात्मक कोटि वाली बहुपद की घात के बराबर है।,"चार शून्यात्मक कोटि वाले बहुपद चार शून्यें वाले होते हैं। यहाँ g(x) की घात 4 है, इसलिए यह चार शून्यें वाला बहुपद होगा।",2026-09-14 16:41:18
MATH_HI_0092,Hindi,Mathematics,"बीजगणितीय सर्वसमिकाएं, बहुपद एवं गुणनखंड",Hard,"यदि फलन h(x) = x^3 - 3x^2 + 3x - 1 है, तो इसका गुणनखंड किस प्रकार का होगा?",एक और दो शून्यें वाला बहुपद,तीन शून्यें वाला बहुपद,एक और तीन शून्यें वाला बहुपद,एक शून्यें वाला बहुपद,B,तीन शून्यें वाला बहुपद,यह उत्तर क्यों है उत्तम है क्योंकि फलन h(x) की घात 3 है जो तीन शून्यात्मक कोटि वाली बहुपद की घात के बराबर है।,"तीन शून्यात्मक कोटि वाले बहुपद तीन शून्यें वाले होते हैं। यहाँ h(x) की घात 3 है, इसलिए यह तीन शून्यें वाला बहुपद होगा।",2026-09-14 16:41:18
MATH_HI_0093,Hindi,Mathematics,"बीजगणितीय सर्वसमिकाएं, बहुपद एवं गुणनखंड",Hard,"यदि फलन p(x) = x^4 - 1 है, तो इसका गुणनखंड किस प्रकार का होगा?",एक और तीन शून्यें वाला बहुपद,चार शून्यें वाला बहुपद,एक और दो शून्यें वाला बहुपद,दो शून्यें वाला बहुपद,B,चार शून्यें वाला बहुपद,यह उत्तर क्यों है उत्तम है क्योंकि फलन p(x) की घात 4 है जो चार शून्यात्मक कोटि वाली बहुपद की घात के बराबर है।,"चार शून्यात्मक कोटि वाले बहुपद चार शून्यें वाले होते हैं। यहाँ p(x) की घात 4 है, इसलिए यह चार शून्यें वाला बहुपद होगा।",2026-09-14 16:41:18
MATH_HI_0094,Hindi,Mathematics,"बीजगणितीय सर्वसमिकाएं, बहुपद एवं गुणनखंड",Hard,"यदि फलन q(x) = x^3 - 4x^2 + 4x - 1 है, तो इसका गुणनखंड किस प्रकार का होगा?",एक और दो शून्यें वाला बहुपद,तीन शून्यें वाला बहुपद,एक और तीन शून्यें वाला बहुपद,एक शून्यें वाला बहुपद,B,तीन शून्यें वाला बहुपद,यह उत्तर क्यों है उत्तम है क्योंकि फलन q(x) की घात 3 है जो तीन शून्यात्मक कोटि वाली बहुपद की घात के बराबर है।,"तीन शून्यात्मक कोटि वाले बहुपद तीन शून्यें वाले होते हैं। यहाँ q(x) की घात 3 है, इसलिए यह तीन शून्यें वाला बहुपद होगा।",2026-09-14 16:41:18
MATH_HI_0095,Hindi,Mathematics,"बीजगणितीय सर्वसमिकाएं, बहुपद एवं गुणनखंड",Hard,"यदि फलन r(x) = x^4 - 5x^3 + 10x^2 - 10x + 4 है, तो इसका गुणनखंड किस प्रकार का होगा?",एक और तीन शून्यें वाला बहुपद,चार शून्यें वाला बहुपद,एक और दो शून्यें वाला बहुपद,दो शून्यें वाला बहुपद,B,चार शून्यें वाला बहुपद,यह उत्तर क्यों है उत्तम है क्योंकि फलन r(x) की घात 4 है जो चार शून्यात्मक कोटि वाली बहुपद की घात के बराबर है।,"चार शून्यात्मक कोटि वाले बहुपद चार शून्यें वाले होते हैं। यहाँ r(x) की घात 4 है, इसलिए यह चार शून्यें वाला बहुपद होगा।",2026-09-14 16:41:18
MATH_HI_0096,Hindi,Mathematics,"बीजगणितीय सर्वसमिकाएं, बहुपद एवं गुणनखंड",Hard,"यदि फलन s(x) = x^3 - 3x^2 + 3x - 1 है, तो इसका गुणनखंड किस प्रकार का होगा?",एक और दो शून्यें वाला बहुपद,तीन शून्यें वाला बहुपद,एक और तीन शून्यें वाला बहुपद,एक शून्यें वाला बहुपद,B,तीन शून्यें वाला बहुपद,यह उत्तर क्यों है उत्तम है क्योंकि फलन s(x) की घात 3 है जो तीन शून्यात्मक कोटि वाली बहुपद की घात के बराबर है।,"तीन शून्यात्मक कोटि वाले बहुपद तीन शून्यें वाले होते हैं। यहाँ s(x) की घात 3 है, इसलिए यह तीन शून्यें वाला बहुपद होगा।",2026-09-14 16:41:18
MATH_HI_0097,Hindi,Mathematics,"बीजगणितीय सर्वसमिकाएं, बहुपद एवं गुणनखंड",Hard,"यदि फलन t(x) = x^4 - 1 है, तो इसका गुणनखंड किस प्रकार का होगा?",एक और तीन शून्यें वाला बहुपद,चार शून्यें वाला बहुपद,एक और दो शून्यें वाला बहुपद,दो शून्यें वाला बहुपद,B,चार शून्यें वाला बहुपद,यह उत्तर क्यों है उत्तम है क्योंकि फलन t(x) की घात 4 है जो चार शून्यात्मक कोटि वाली बहुपद की घात के बराबर है।,"चार शून्यात्मक कोटि वाले बहुपद चार शून्यें वाले होते हैं। यहाँ t(x) की घात 4 है, इसलिए यह चार शून्यें वाला बहुपद होगा।",2026-09-14 16:41:18
MATH_HI_0098,Hindi,Mathematics,"बीजगणितीय सर्वसमिकाएं, बहुपद एवं गुणनखंड",Hard,"यदि फलन u(x) = x^3 - 4x^2 + 4x - 1 है, तो इसका गुणनखंड किस प्रकार का होगा?",एक और दो शून्यें वाला बहुपद,तीन शून्यें वाला बहुपद,एक और तीन शून्यें वाला बहुपद,एक शून्यें वाला बहुपद,B,तीन शून्यें वाला बहुपद,यह उत्तर क्यों है उत्तम है क्योंकि फलन u(x) की घात 3 है जो तीन शून्यात्मक कोटि वाली बहुपद की घात के बराबर है।,"तीन शून्यात्मक कोटि वाले बहुपद तीन शून्यें वाले होते हैं। यहाँ u(x) की घात 3 है, इसलिए यह तीन शून्यें वाला बहुपद होगा।",2026-09-14 16:41:18
MATH_HI_0099,Hindi,Mathematics,"बीजगणितीय सर्वसमिकाएं, बहुपद एवं गुणनखंड",Hard,"यदि फलन v(x) = x^4 - 5x^3 + 10x^2 - 10x + 4 है, तो इसका गुणनखंड किस प्रकार का होगा?",एक और तीन शून्यें वाला बहुपद,चार शून्यें वाला बहुपद,एक और दो शून्यें वाला बहुपद,दो शून्यें वाला बहुपद,B,चार शून्यें वाला बहुपद,यह उत्तर क्यों है उत्तम है क्योंकि फलन v(x) की घात 4 है जो चार शून्यात्मक कोटि वाली बहुपद की घात के बराबर है।,"चार शून्यात्मक कोटि वाले बहुपद चार शून्यें वाले होते हैं। यहाँ v(x) की घात 4 है, इसलिए यह चार शून्यें वाला बहुपद होगा।",2026-09-14 16:41:18
MATH_HI_0100,Hindi,Mathematics,"बीजगणितीय सर्वसमिकाएं, बहुपद एवं गुणनखंड",Hard,"यदि फलन w(x) = x^3 - 3x^2 + 3x - 1 है, तो इसका गुणनखंड किस प्रकार का होगा?",एक और दो शून्यें वाला बहुपद,तीन शून्यें वाला बहुपद,एक और तीन शून्यें वाला बहुपद,एक शून्यें वाला बहुपद,B,तीन शून्यें वाला बहुपद,यह उत्तर क्यों है उत्तम है क्योंकि फलन w(x) की घात 3 है जो तीन शून्यात्मक कोटि वाली बहुपद की घात के बराबर है।,"तीन शून्यात्मक कोटि वाले बहुपद तीन शून्यें वाले होते हैं। यहाँ w(x) की घात 3 है, इसलिए यह तीन शून्यें वाला बहुपद होगा।",2026-09-14 16:41:18
MATH_HI_0101,Hindi,Mathematics,"एक चर एवं दो चर वाले रैखिक समीकरण, द्विघात समीकरण",Easy,"यदि 2x + 3y = 12 तथा x - y = 1 दिए गए दो रैखिक समीकरणों का हल (x, y) किस प्रकार का है?","x = 3, y = 2","x = 4, y = 3","x = 5, y = 4","x = 6, y = 5",A,"x = 3, y = 2",हल विकल्प A द्वारा दी गई वैश्विक रूप से सही है क्योंकि यह दोनों समीकरणों को संतुलित करता है।,यदि x = 3 और y = 2 जोड़ा जाए तो दोनों समीकरणों को पूरा करने वाली एक युक्ति है।,2026-09-14 16:42:05
MATH_HI_0102,Hindi,Mathematics,"एक चर एवं दो चर वाले रैखिक समीकरण, द्विघात समीकरण",Easy,दिए गए दो रैखिक समीकरणों 3x - 2y = 8 और 6x - 4y = 16 के हल किस प्रकार का है?,विशिष्ट हल,अनंत विशिष्ट हल,कोई नहीं,अनंत विशिष्ट या कोई नहीं,B,अनंत विशिष्ट हल,हल विकल्प B द्वारा दिया गया वैश्विक रूप से सही है क्योंकि दोनों समीकरण समान हैं।,"दोनों समीकरणों को दोहराने वाले हैं, इसलिए कई युक्तियों के लिए यह लागू हो सकता है।",2026-09-14 16:42:05
MATH_HI_0103,Hindi,Mathematics,"एक चर एवं दो चर वाले रैखिक समीकरण, द्विघात समीकरण",Easy,दिए गए दो रैखिक समीकरणों 4x + 5y = 20 और 8x + 10y = 40 के हल किस प्रकार का है?,विशिष्ट हल,अनंत विशिष्ट हल,कोई नहीं,अनंत विशिष्ट या कोई नहीं,B,अनंत विशिष्ट हल,हल विकल्प B द्वारा दिया गया वैश्विक रूप से सही है क्योंकि दोनों समीकरण समान हैं।,"दोनों समीकरणों को दोहराने वाले हैं, इसलिए कई युक्तियों के लिए यह लागू हो सकता है।",2026-09-14 16:42:05
MATH_HI_0104,Hindi,Mathematics,"एक चर एवं दो चर वाले रैखिक समीकरण, द्विघात समीकरण",Easy,"यदि 2x + 3y = 10 तथा x - 2y = -1 दिए गए दो रैखिक समीकरणों का हल (x, y) किस प्रकार का है?","x = 2, y = 2","x = 3, y = 1","x = 1, y = 2","x = 4, y = 1",B,"x = 3, y = 1",हल विकल्प B द्वारा दिया गया वैश्विक रूप से सही है क्योंकि यह दोनों समीकरणों को संतुलित करता है।,यदि x = 3 और y = 1 जोड़ा जाए तो दोनों समीकरणों को पूरा करने वाली एक युक्ति है।,2026-09-14 16:42:05
MATH_HI_0105,Hindi,Mathematics,"एक चर एवं दो चर वाले रैखिक समीकरण, द्विघात समीकरण",Easy,यदि 3x - 2y = 8 तथा 6x - 4y = 16 दिए गए दो रैखिक समीकरणों के हल किस प्रकार का है?,विशिष्ट हल,अनंत विशिष्ट हल,कोई नहीं,अनंत विशिष्ट या कोई नहीं,B,अनंत विशिष्ट हल,हल विकल्प B द्वारा दिया गया वैश्विक रूप से सही है क्योंकि दोनों समीकरण समान हैं।,"दोनों समीकरणों को दोहराने वाले हैं, इसलिए कई युक्तियों के लिए यह लागू हो सकता है।",2026-09-14 16:42:05
MATH_HI_0106,Hindi,Mathematics,"एक चर एवं दो चर वाले रैखिक समीकरण, द्विघात समीकरण",Easy,यदि 3x + 2y = 10 तथा 6x + 4y = 20 दिए गए दो रैखिक समीकरणों के हल किस प्रकार का है?,विशिष्ट हल,अनंत विशिष्ट हल,कोई नहीं,अनंत विशिष्ट या कोई नहीं,B,अनंत विशिष्ट हल,हल विकल्प B द्वारा दिया गया वैश्विक रूप से सही है क्योंकि दोनों समीकरण समान हैं।,"दोनों समीकरणों को दोहराने वाले हैं, इसलिए कई युक्तियों के लिए यह लागू हो सकता है।",2026-09-14 16:42:05
MATH_HI_0107,Hindi,Mathematics,"एक चर एवं दो चर वाले रैखिक समीकरण, द्विघात समीकरण",Easy,यदि 4x + 5y = 20 तथा 8x + 10y = 40 दिए गए दो रैखिक समीकरणों के हल किस प्रकार का है?,विशिष्ट हल,अनंत विशिष्ट हल,कोई नहीं,अनंत विशिष्ट या कोई नहीं,B,अनंत विशिष्ट हल,हल विकल्प B द्वारा दिया गया वैश्विक रूप से सही है क्योंकि दोनों समीकरण समान हैं।,"दोनों समीकरणों को दोहराने वाले हैं, इसलिए कई युक्तियों के लिए यह लागू हो सकता है।",2026-09-14 16:42:05
MATH_HI_0108,Hindi,Mathematics,"एक चर एवं दो चर वाले रैखिक समीकरण, द्विघात समीकरण",Easy,दिए गए दो रैखिक समीकरणों 3x - 4y = 12 और 6x - 8y = 24 के हल किस प्रकार का है?,विशिष्ट हल,अनंत विशिष्ट हल,कोई नहीं,अनंत विशिष्ट या कोई नहीं,B,अनंत विशिष्ट हल,हल विकल्प B द्वारा दिया गया वैश्विक रूप से सही है क्योंकि दोनों समीकरण समान हैं।,"दोनों समीकरणों को दोहराने वाले हैं, इसलिए कई युक्तियों के लिए यह लागू हो सकता है।",2026-09-14 16:42:05
MATH_HI_0109,Hindi,Mathematics,"एक चर एवं दो चर वाले रैखिक समीकरण, द्विघात समीकरण",Easy,दिए गए दो रैखिक समीकरणों 5x + 3y = 20 और 10x + 6y = 40 के हल किस प्रकार का है?,विशिष्ट हल,अनंत विशिष्ट हल,कोई नहीं,अनंत विशिष्ट या कोई नहीं,B,अनंत विशिष्ट हल,हल विकल्प B द्वारा दिया गया वैश्विक रूप से सही है क्योंकि दोनों समीकरण समान हैं।,"दोनों समीकरणों को दोहराने वाले हैं, इसलिए कई युक्तियों के लिए यह लागू हो सकता है।",2026-09-14 16:42:05
MATH_HI_0110,Hindi,Mathematics,"ज्यामिति (रेखाएं, कोण, त्रिभुज, वृत्त एवं चतुर्भुज)",Medium,यदि एक त्रिभुज का एक अर्धवृत्त भाग किस प्रकार का होगा?,अधिक अन्तःकेन्द्रित,समान्तर रेखाएं,समकोण,वृत्तीय भाग,D,वृत्तीय भाग,एक त्रिभुज में अर्धवृत्त भाग वृत्त का एक भाग होता है जो त्रिभुज की एक भुजा के अर्धवृत्त में बनाया जाता है।,वृत्तीय भाग एक त्रिभुज में एक अर्धवृत्त के रूप में दिखाई देता है जो एक भुजा से बनाया जाता है।,2026-09-14 16:42:51
MATH_HI_0111,Hindi,Mathematics,"ज्यामिति (रेखाएं, कोण, त्रिभुज, वृत्त एवं चतुर्भुज)",Medium,यदि एक त्रिभुज की दो भुजाएं समान हों तो यह किस प्रकार का त्रिभुज होगा?,समबाहु त्रिभुज,समद्विबाहु त्रिभुज,समकोण त्रिभुज,असमबाहु त्रिभुज,B,समद्विबाहु त्रिभुज,समद्विबाहु त्रिभुज वह होता है जिसकी दो भुजाएं बराबर हों।,समद्विबाहु त्रिभुज में दो भुजाएं समान होती हैं और यह अक्सर त्रिभुज के दो कोणों को भी समान बनाती है।,2026-09-14 16:42:51
MATH_HI_0112,Hindi,Mathematics,"ज्यामिति (रेखाएं, कोण, त्रिभुज, वृत्त एवं चतुर्भुज)",Medium,यदि दो रेखाएं परस्पर लंबवत हों तो उनके कोण एक किस प्रकार के कोण होंगे?,न्यूनकोण,समकोण,वृद्धकोण,लम्बकोण,B,समकोण,"दो रेखाएं जो लंबवत होती हैं, उनके प्रतिच्छेद बिंदु पर समकोण बनाती हैं।",समकोण एक ऐसा कोण है जिस माप 90 डिग्री होता है जो दो लंबवत रेखाओं के प्रतिच्छेद बिंदु पर बनता है।,2026-09-14 16:42:51
MATH_HI_0113,Hindi,Mathematics,"ज्यामिति (रेखाएं, कोण, त्रिभुज, वृत्त एवं चतुर्भुज)",Medium,यदि एक चतुर्भुज की दो आसपास भुजाएं समान हों तो यह किस प्रकार का चतुर्भुज होगा?,समचतुर्भुज,समांतर चतुर्भुज,समलम्ब चतुर्भुज,समद्विबाहु चतुर्भुज,C,समलम्ब चतुर्भुज,समलम्ब चतुर्भुज वह होता है जिसमें दो आसपास भुजाएं समान हों।,समलम्ब चतुर्भुज में दो आसपास भुजाएं समान लंबाई वाली होती हैं जबकि दो और भुजाएं अलग-अलग होती हैं।,2026-09-14 16:42:51
MATH_HI_0114,Hindi,Mathematics,"ज्यामिति (रेखाएं, कोण, त्रिभुज, वृत्त एवं चतुर्भुज)",Medium,किस प्रकार का चतुर्भुज जो कि एक वृत्त को चार बिंदुओं पर स्पर्श करता हो?,समचतुर्भुज,समांतर चतुर्भुज,स्पर्शवृत्तीय चतुर्भुज,समकोण चतुर्भुज,C,स्पर्शवृत्तीय चतुर्भुज,स्पर्शवृत्तीय चतुर्भुज वह होता है जो कि एक वृत्त को चार बिंदुओं पर स्पर्श करता है।,स्पर्शवृत्तीय चतुर्भुज की भुजाएं एक वृत्त को चार बिंदुओं पर स्पर्श करती हैं जो उसकी त्रिज्याओं के बराबर होती हैं।,2026-09-14 16:42:51
MATH_HI_0115,Hindi,Mathematics,"ज्यामिति (रेखाएं, कोण, त्रिभुज, वृत्त एवं चतुर्भुज)",Medium,यदि एक त्रिभुज का एक कोण 90 डिग्री हो तो यह किस प्रकार का त्रिभुज होगा?,समकोण त्रिभुज,समबाहु त्रिभुज,समद्विबाहु त्रिभुज,न्यूनकोण त्रिभुज,A,समकोण त्रिभुज,समकोण त्रिभुज वह होता है जिसका एक कोण 90 डिग्री हो।,समकोण त्रिभुज में एक कोण 90 डिग्री होता है जो उस त्रिभुज का समकोण कहलाता है।,2026-09-14 16:42:51
MATH_HI_0116,Hindi,Mathematics,"ज्यामिति (रेखाएं, कोण, त्रिभुज, वृत्त एवं चतुर्भुज)",Medium,यदि एक वृत्त की एक जीवा और वृत्त की एक व्यास के अनुपात 1:2 हो तो जीवा और व्यास के बीच का अन्तः कोण कितना होगा?,30 डिग्री,45 डिग्री,60 डिग्री,90 डिग्री,A,30 डिग्री,जीवा और व्यास के बीच का अन्तः कोण जीवा के अनुपात व्यास के आधे के उत्पाद का लगभग दो गुना होता है।,जीवा का अनुपात व्यास के आधे का आधा गुना लगता है जिससे अन्तः कोण बनने वाला होता है जो 30 डिग्री होता है।,2026-09-14 16:42:51
MATH_HI_0117,Hindi,Mathematics,"ज्यामिति (रेखाएं, कोण, त्रिभुज, वृत्त एवं चतुर्भुज)",Medium,यदि एक त्रिभुज के दो कोण 45 डिग्री और 75 डिग्री हों तो त्रिभुज का तीसरा कोण कितना होगा?,60 डिग्री,75 डिग्री,80 डिग्री,90 डिग्री,A,60 डिग्री,त्रिभुज के तीन कोणों का योग 180 डिग्री होता है।,त्रिभुज के तीन कोणों का योग 180 डिग्री होता है तो तीसरा कोण 180 - 45 - 75 = 60 डिग्री होगा।,2026-09-14 16:42:51
MATH_HI_0118,Hindi,Mathematics,"ज्यामिति (रेखाएं, कोण, त्रिभुज, वृत्त एवं चतुर्भुज)",Medium,यदि एक त्रिभुज की दो भुजाएं समान हों तथा उनके बीच का कोण 60 डिग्री हो तो त्रिभुज का तीसरा कोण कितना होगा?,60 डिग्री,80 डिग्री,100 डिग्री,120 डिग्री,D,120 डिग्री,त्रिभुज के तीन कोणों का योग 180 डिग्री होता है।,यदि दो भुजाएं समान हों तो उनके बीच का कोण भी समान होगा जो 60 डिग्री हो तो तीसरा कोण 180 - 60 - 60 = 120 डिग्री होगा।,2026-09-14 16:42:51
MATH_HI_0119,Hindi,Mathematics,"ज्यामिति (रेखाएं, कोण, त्रिभुज, वृत्त एवं चतुर्भुज)",Medium,यदि एक चतुर्भुज की दो आसपास भुजाएं समान हों तथा उनके बीच का कोण 90 डिग्री हो तो चतुर्भुज का तीसरा कोण कितना होगा?,90 डिग्री,120 डिग्री,150 डिग्री,180 डिग्री,A,90 डिग्री,चतुर्भुज के चार कोणों का योग 360 डिग्री होता है।,यदि दो आसपास भुजाएं समान हों तो उनके बीच का कोण भी समान होगा जो 90 डिग्री हो तो तीसरा कोण 90 डिग्री होगा।,2026-09-14 16:42:51
MATH_HI_0120,Hindi,Mathematics,द्विविमीय क्षेत्रमिति (क्षेत्रफल एवं परिमाप),Hard,यदि एक चतुर्भुज का एक कोण 120 डिग्री है तथा अन्य तीन कोण बराबर हैं तो बराबर कोण क्या होंगे?,60 डिग्री,90 डिग्री,100 डिग्री,110 डिग्री,A,60 डिग्री,यह उत्तर क्यों सही है क्योंकि चतुर्भुज के सभी कोणों का योग 360 डिग्री होता है और यह बराबर कोणों का योग भी इसके अनुसार निर्धारित होता है।,चतुर्भुज के चार कोणों का योग 360 डिग्री होता है। यहाँ एक कोण 120 डिग्री है और अन्य तीन कोण बराबर हैं। अतः योग के अनुसार बराबर कोणों का योग 240 डिग्री होगा और तीन बराबर कोण बराबर हैं इसलिए बराबर कोण का मान 60 डिग्री होगा।,2026-09-14 16:44:03
MATH_HI_0121,Hindi,Mathematics,द्विविमीय क्षेत्रमिति (क्षेत्रफल एवं परिमाप),Hard,एक चतुर्भुज का एक कोण 90 डिग्री और दूसरा कोण 110 डिग्री है तथा बाकी कोण बराबर हैं तो बराबर कोण क्या होंगे?,45 डिग्री,55 डिग्री,65 डिग्री,75 डिग्री,C,65 डिग्री,यह उत्तर क्यों सही है क्योंकि चतुर्भुज के कोणों का योग 360 डिग्री होता है और यह बराबर कोणों का योग भी इसके अनुसार निर्धारित होता है।,चतुर्भुज के चार कोणों का योग 360 डिग्री होता है। यहाँ दो कोण 90 डिग्री और 110 डिग्री हैं और बाकी कोण बराबर हैं। अतः योग के अनुसार बराबर कोणों का योग 160 डिग्री होगा और दो बराबर कोण बराबर हैं इसलिए बराबर कोण का मान 80 डिग्री होगा और इसका आधा 65 डिग्री होगा।,2026-09-14 16:44:03
MATH_HI_0122,Hindi,Mathematics,द्विविमीय क्षेत्रमिति (क्षेत्रफल एवं परिमाप),Hard,यदि एक त्रिभुज का एक कोण 60 डिग्री है और दूसरा कोण तीसरे कोण का दोगुना है तो तीसरा कोण क्या होगा?,20 डिग्री,30 डिग्री,40 डिग्री,50 डिग्री,B,30 डिग्री,यह उत्तर क्यों सही है क्योंकि त्रिभुज के कोणों का योग 180 डिग्री होता है और यह बराबर कोणों का योग भी इसके अनुसार निर्धारित होता है।,त्रिभुज के तीन कोणों का योग 180 डिग्री होता है। यहाँ दो कोणों के बीच का संबंध दिया गया है और तीसरा कोण दोगुना है। अतः योग के अनुसार तीसरा कोण 30 डिग्री होगा और इसका दोगुना 60 डिग्री और बाकी का एक कोण 60 डिग्री होगा।,2026-09-14 16:44:03
MATH_HI_0123,Hindi,Mathematics,द्विविमीय क्षेत्रमिति (क्षेत्रफल एवं परिमाप),Hard,यदि एक चतुर्भुज का एक कोण 150 डिग्री और दूसरा कोण तीसरे कोण का आधा है तथा चतुर्थ कोण 60 डिग्री है तो दूसरा और तीसरा कोण क्या होंगे?,30 डिग्री और 60 डिग्री,40 डिग्री और 80 डिग्री,50 डिग्री और 100 डिग्री,60 डिग्री और 120 डिग्री,B,40 डिग्री और 80 डिग्री,यह उत्तर क्यों सही है क्योंकि चतुर्भुज के कोणों का योग 360 डिग्री होता है और यह बराबर कोणों का योग भी इसके अनुसार निर्धारित होता है।,चतुर्भुज के चार कोणों का योग 360 डिग्री होता है। यहाँ दो कोणों के बीच का संबंध दिया गया है और दूसरा कोण तीसरे कोण का आधा है। अतः योग के अनुसार दूसरा कोण 40 डिग्री और तीसरा कोण 80 डिग्री होगा और बाकी का एक कोण 60 डिग्री होगा।,2026-09-14 16:44:03
MATH_HI_0124,Hindi,Mathematics,द्विविमीय क्षेत्रमिति (क्षेत्रफल एवं परिमाप),Hard,यदि एक त्रिभुज का एक कोण 90 डिग्री और दूसरा कोण 30 डिग्री है तो तीसरा कोण क्या होगा?,30 डिग्री,60 डिग्री,90 डिग्री,120 डिग्री,B,60 डिग्री,यह उत्तर क्यों सही है क्योंकि त्रिभुज के कोणों का योग 180 डिग्री होता है और यह बराबर कोणों का योग भी इसके अनुसार निर्धारित होता है।,त्रिभुज के तीन कोणों का योग 180 डिग्री होता है। यहाँ दो कोणों के बीच का संबंध दिया गया है और तीसरा कोण बराबर कोण नहीं है। अतः योग के अनुसार तीसरा कोण 60 डिग्री होगा।,2026-09-14 16:44:03
MATH_HI_0125,Hindi,Mathematics,द्विविमीय क्षेत्रमिति (क्षेत्रफल एवं परिमाप),Hard,यदि एक चतुर्भुज का एक कोण 100 डिग्री और दूसरा कोण 120 डिग्री है तथा बाकी कोण बराबर हैं तो बराबर कोण क्या होंगे?,40 डिग्री,50 डिग्री,60 डिग्री,70 डिग्री,B,50 डिग्री,यह उत्तर क्यों सही है क्योंकि चतुर्भुज के कोणों का योग 360 डिग्री होता है और यह बराबर कोणों का योग भी इसके अनुसार निर्धारित होता है।,चतुर्भुज के चार कोणों का योग 360 डिग्री होता है। यहाँ दो कोणों के बीच का संबंध दिया गया है और बाकी कोण बराबर हैं। अतः योग के अनुसार बराबर कोणों का योग 140 डिग्री होगा और बाकी का एक कोण 70 डिग्री होगा।,2026-09-14 16:44:03
MATH_HI_0126,Hindi,Mathematics,द्विविमीय क्षेत्रमिति (क्षेत्रफल एवं परिमाप),Hard,यदि एक त्रिभुज का एक कोण 120 डिग्री और दूसरा कोण 30 डिग्री है तो तीसरा कोण क्या होगा?,30 डिग्री,60 डिग्री,90 डिग्री,120 डिग्री,B,60 डिग्री,यह उत्तर क्यों सही है क्योंकि त्रिभुज के कोणों का योग 180 डिग्री होता है और यह बराबर कोणों का योग भी इसके अनुसार निर्धारित होता है।,त्रिभुज के तीन कोणों का योग 180 डिग्री होता है। यहाँ दो कोणों के बीच का संबंध दिया गया है और तीसरा कोण बराबर कोण नहीं है। अतः योग के अनुसार तीसरा कोण 60 डिग्री होगा।,2026-09-14 16:44:03
MATH_HI_0127,Hindi,Mathematics,द्विविमीय क्षेत्रमिति (क्षेत्रफल एवं परिमाप),Hard,यदि एक चतुर्भुज का एक कोण 110 डिग्री और दूसरा कोण 130 डिग्री है तथा बाकी कोण बराबर हैं तो बराबर कोण क्या होंगे?,35 डिग्री,45 डिग्री,55 डिग्री,65 डिग्री,C,55 डिग्री,यह उत्तर क्यों सही है क्योंकि चतुर्भुज के कोणों का योग 360 डिग्री होता है और यह बराबर कोणों का योग भी इसके अनुसार निर्धारित होता है।,चतुर्भुज के चार कोणों का योग 360 डिग्री होता है। यहाँ दो कोणों के बीच का संबंध दिया गया है और बाकी कोण बराबर हैं। अतः योग के अनुसार बराबर कोणों का योग 100 डिग्री होगा और बाकी का एक कोण 50 डिग्री होगा।,2026-09-14 16:44:03
MATH_HI_0128,Hindi,Mathematics,द्विविमीय क्षेत्रमिति (क्षेत्रफल एवं परिमाप),Hard,यदि एक त्रिभुज का एक कोण 150 डिग्री और दूसरा कोण 20 डिग्री है तो तीसरा कोण क्या होगा?,10 डिग्री,20 डिग्री,30 डिग्री,40 डिग्री,A,10 डिग्री,यह उत्तर क्यों सही है क्योंकि त्रिभुज के कोणों का योग 180 डिग्री होता है और यह बराबर कोणों का योग भी इसके अनुसार निर्धारित होता है।,त्रिभुज के तीन कोणों का योग 180 डिग्री होता है। यहाँ दो कोणों के बीच का संबंध दिया गया है और तीसरा कोण बराबर कोण नहीं है। अतः योग के अनुसार तीसरा कोण 10 डिग्री होगा।,2026-09-14 16:44:03
MATH_HI_0129,Hindi,Mathematics,द्विविमीय क्षेत्रमिति (क्षेत्रफल एवं परिमाप),Hard,यदि एक चतुर्भुज का एक कोण 130 डिग्री और दूसरा कोण 110 डिग्री है तथा बाकी कोण बराबर हैं तो बराबर कोण क्या होंगे?,30 डिग्री,40 डिग्री,50 डिग्री,60 डिग्री,B,40 डिग्री,यह उत्तर क्यों सही है क्योंकि चतुर्भुज के कोणों का योग 360 डिग्री होता है और यह बराबर कोणों का योग भी इसके अनुसार निर्धारित होता है।,चतुर्भुज के चार कोणों का योग 360 डिग्री होता है। यहाँ दो कोणों के बीच का संबंध दिया गया है और बाकी कोण बराबर हैं। अतः योग के अनुसार बराबर कोणों का योग 120 डिग्री होगा और बाकी का एक कोण 60 डिग्री होगा।,2026-09-14 16:44:03
MATH_HI_0130,Hindi,Mathematics,द्विविमीय क्षेत्रमिति (क्षेत्रफल एवं परिमाप),Hard,यदि एक त्रिभुज का एक कोण 100 डिग्री और दूसरा कोण 40 डिग्री है तो तीसरा कोण क्या होगा?,30 डिग्री,40 डिग्री,50 डिग्री,60 डिग्री,C,50 डिग्री,यह उत्तर क्यों सही है क्योंकि त्रिभुज के कोणों का योग 180 डिग्री होता है और यह बराबर कोणों का योग भी इसके अनुसार निर्धारित होता है।,त्रिभुज के तीन कोणों का योग 180 डिग्री होता है। यहाँ दो कोणों के बीच का संबंध दिया गया है और तीसरा कोण बराबर कोण नहीं है। अतः योग के अनुसार तीसरा कोण 40 डिग्री होगा।,2026-09-14 16:44:03
MATH_HI_0131,Hindi,Mathematics,"त्रिविमीय क्षेत्रमिति (पृष्ठीय क्षेत्रफल एवं आयतन - शंकु, बेलन, गोला)",Easy,शंकु का आयतन किस पर निर्भर करता है?,शंकु का त्रिज्याधिकरण और ऊंचाई,शंकु का त्रिज्याधिकरण और व्यास,शंकु का त्रिज्याधिकरण और अर्धव्यास,शंकु का त्रिज्याधिकरण और त्रिज्यात्रिभाजन,A,शंकु का त्रिज्याधिकरण और ऊंचाई,शंकु का आयतन त्रिज्याधिकरण और ऊंचाई से निर्भर करता है।,शंकु का आयतन एक सरल सूत्र से निकलता है जिसमें त्रिज्याधिकरण और ऊंचाई शामिल हैं।,2026-09-14 16:44:48
MATH_HI_0132,Hindi,Mathematics,"त्रिविमीय क्षेत्रमिति (पृष्ठीय क्षेत्रफल एवं आयतन - शंकु, बेलन, गोला)",Easy,बेलन का पृष्ठीय क्षेत्रफल किस पर निर्भर करता है?,बेलन का त्रिज्याधिकरण और ऊंचाई,बेलन का त्रिज्याधिकरण और व्यास,बेलन का त्रिज्याधिकरण और अर्धव्यास,बेलन का त्रिज्याधिकरण और त्रिज्यात्रिभाजन,A,बेलन का त्रिज्याधिकरण और ऊंचाई,बेलन का पृष्ठीय क्षेत्रफल त्रिज्याधिकरण और ऊंचाई से निर्भर करता है।,बेलन का पृष्ठीय क्षेत्रफल एक सरल सूत्र से निकलता है जिसमें त्रिज्याधिकरण और ऊंचाई शामिल हैं।,2026-09-14 16:44:48
MATH_HI_0133,Hindi,Mathematics,"त्रिविमीय क्षेत्रमिति (पृष्ठीय क्षेत्रफल एवं आयतन - शंकु, बेलन, गोला)",Easy,गोले का आयतन किस सूत्र से निकाला जाता है?,4/3 × π × त्रिज्या²,4/3 × π × त्रिज्या³,4/3 × π × त्रिज्या,2/3 × π × त्रिज्या³,B,4/3 × π × त्रिज्या³,गोले का आयतन 4/3 × π × त्रिज्या³ से निकाला जाता है।,गोले का आयतन एक विशिष्ट सूत्र का प्रयोग करके निकाला जाता है जिसमें त्रिज्या का घन शामिल है।,2026-09-14 16:44:48
MATH_HI_0134,Hindi,Mathematics,"त्रिविमीय क्षेत्रमिति (पृष्ठीय क्षेत्रफल एवं आयतन - शंकु, बेलन, गोला)",Easy,शंकु का पृष्ठीय क्षेत्रफल किस सूत्र से निकाला जाता है?,π × त्रिज्या × ऊंचाई,π × त्रिज्या × त्रिज्याधिकरण,π × त्रिज्या × त्रिज्यात्रिभाजन,π × त्रिज्या × (त्रिज्याधिकरण + त्रिज्यात्रिभाजन),D,π × त्रिज्या × (त्रिज्याधिकरण + त्रिज्यात्रिभाजन),शंकु का पृष्ठीय क्षेत्रफल π × त्रिज्या × (त्रिज्याधिकरण + त्रिज्यात्रिभाजन) से निकाला जाता है।,"शंकु का पृष्ठीय क्षेत्रफल एक सूत्र का प्रयोग करके निकाला जाता है जिसमें त्रिज्या, त्रिज्याधिकरण और त्रिज्यात्रिभाजन शामिल हैं।",2026-09-14 16:44:48
MATH_HI_0135,Hindi,Mathematics,"त्रिविमीय क्षेत्रमिति (पृष्ठीय क्षेत्रफल एवं आयतन - शंकु, बेलन, गोला)",Easy,बेलन का पृष्ठीय क्षेत्रफल किस सूत्र से निकाला जाता है?,2 × π × त्रिज्या × ऊंचाई,π × त्रिज्या × त्रिज्याधिकरण,π × त्रिज्या × त्रिज्यात्रिभाजन,π × त्रिज्या × (त्रिज्याधिकरण + त्रिज्यात्रिभाजन),A,2 × π × त्रिज्या × ऊंचाई,बेलन का पृष्ठीय क्षेत्रफल 2 × π × त्रिज्या × ऊंचाई से निकाला जाता है।,बेलन का पृष्ठीय क्षेत्रफल एक सूत्र का प्रयोग करके निकाला जाता है जिसमें त्रिज्या और ऊंचाई शामिल हैं।,2026-09-14 16:44:48
MATH_HI_0136,Hindi,Mathematics,"त्रिविमीय क्षेत्रमिति (पृष्ठीय क्षेत्रफल एवं आयतन - शंकु, बेलन, गोला)",Easy,गोले का पृष्ठीय क्षेत्रफल किस सूत्र से निकाला जाता है?,4 × π × त्रिज्या²,4 × π × त्रिज्या,4 × π × त्रिज्याधिकरण,4 × π × त्रिज्यात्रिभाजन,A,4 × π × त्रिज्या²,गोले का पृष्ठीय क्षेत्रफल 4 × π × त्रिज्या² से निकाला जाता है।,गोले का पृष्ठीय क्षेत्रफल एक विशिष्ट सूत्र का प्रयोग करके निकाला जाता है जिसमें त्रिज्या का वर्ग शामिल है।,2026-09-14 16:44:48
MATH_HI_0137,Hindi,Mathematics,"त्रिविमीय क्षेत्रमिति (पृष्ठीय क्षेत्रफल एवं आयतन - शंकु, बेलन, गोला)",Easy,शंकु का आयतन किस सूत्र से निकाला जाता है?,1/3 × π × त्रिज्या² × ऊंचाई,1/3 × π × त्रिज्या × ऊंचाई,1/3 × π × त्रिज्या × त्रिज्याधिकरण,1/3 × π × त्रिज्या × त्रिज्यात्रिभाजन,A,1/3 × π × त्रिज्या² × ऊंचाई,शंकु का आयतन 1/3 × π × त्रिज्या² × ऊंचाई से निकाला जाता है।,शंकु का आयतन एक सूत्र का प्रयोग करके निकाला जाता है जिसमें त्रिज्या का वर्ग और ऊंचाई शामिल हैं।,2026-09-14 16:44:48
MATH_HI_0138,Hindi,Mathematics,"त्रिकोणमिति (त्रिकोणमितीय अनुपात, सर्वसमिकाएं, ऊँचाई एवं दूरी)",Medium,समबाहु त्रिभुज की ऊंचाई किस सूत्र से निकाली जाती है?,a/2,√3/2 * a,a/√3,2a,B,√3/2 * a,समबाहु त्रिभुज की ऊंचाई त्रिकोणमिति से निकाली जाती है जिसका उपयोग त्रिकोणमितीय सर्वसमिकाओं के द्वारा किया जाता है।,त्रिकोणमितीय सर्वसमिकाओं का उपयोग समबाहु त्रिभुज की ऊंचाई की गणना करने में किया जाता है।,2026-09-14 16:47:29
MATH_HI_0139,Hindi,Mathematics,"त्रिकोणमिति (त्रिकोणमितीय अनुपात, सर्वसमिकाएं, ऊँचाई एवं दूरी)",Medium,सिनस का विपरीत कौन सा त्रिकोणमितीय अनुपात है?,कोज्यासम्मिति,कोटेज्युल,कोटज्यासम्मिति,कोटज्यासम्मिति,C,कोटज्यासम्मिति,"कोटज्यासम्मिति जिसे कॉसेक्शन कहा जाता है, सिनस का विपरीत त्रिकोणमितीय अनुपात है।",कोटज्यासम्मिति त्रिकोणमितीय अनुपात का नाम है जो विपरीत त्रिकोणमितीय अनुपात किसी कोण के सिनस का विपरीत है।,2026-09-14 16:47:29
MATH_HI_0140,Hindi,Mathematics,"त्रिकोणमिति (त्रिकोणमितीय अनुपात, सर्वसमिकाएं, ऊँचाई एवं दूरी)",Medium,समकोण त्रिभुज में बलिदान का अनुपात कैसे निकाला जाता है?,बलिदान = तिर्यक भुजा / लम्ब भुजा,बलिदान = लम्ब भुजा / आधार भुजा,बलिदान = आधार भुजा / लम्ब भुजा,बलिदान = लम्ब भुजा / तिर्यक भुजा,B,बलिदान = लम्ब भुजा / आधार भुजा,बलिदान का अनुपात त्रिकोणमितीय अनुपात के एक विशेष प्रकार है।,बलिदान त्रिकोणमितीय अनुपात का एक प्रकार है जिसका अर्थ है लम्ब भुजा और आधार भुजा का अनुपात।,2026-09-14 16:47:29
MATH_HI_0141,Hindi,Mathematics,"त्रिकोणमिति (त्रिकोणमितीय अनुपात, सर्वसमिकाएं, ऊँचाई एवं दूरी)",Medium,सर्वसमिका तन्त्रिका + तन्त्रिका किसे दर्शाती है?,1,0,1/2,2,A,1,तन्त्रिका + तन्त्रिका = 1 यह त्रिकोणमितीय सर्वसमिका है।,त्रिकोणमितीय सर्वसमिकाओं में यह सर्वसमिका तन्त्रिका + तन्त्रिका = 1 है।,2026-09-14 16:47:29
MATH_HI_0142,Hindi,Mathematics,"त्रिकोणमिति (त्रिकोणमितीय अनुपात, सर्वसमिकाएं, ऊँचाई एवं दूरी)",Medium,समकोण त्रिभुज में लम्ब भुजा और आधार भुजा के अनुपात किस त्रिकोणमितीय अनुपात को दर्शाता है?,कोटज्यासम्मिति,सिनस,कोज्यासम्मिति,बलिदान,D,बलिदान,बलिदान कोटज्यासम्मिति का विपरीत अनुपात है।,बलिदान त्रिकोणमितीय अनुपात का एक प्रकार है जो लम्ब भुजा और आधार भुजा का अनुपात है।,2026-09-14 16:47:29
MATH_HI_0143,Hindi,Mathematics,"सांख्यिकी (समांतर माध्य, माध्यिका, बहुलक एवं परिसर)",Hard,"यदि एक श्रृंखला के सांख्यिकीय माध्य 15 और बहुलक 10 है, तो इसकी माध्यिका क्या होगी?",11,12,13,14,D,14,"सांख्यिकीय माध्य, माध्यिका और बहुलक बीच की नियमित अनुपात के अनुसार व्यवस्थित होते हैं।","माध्यिका का अनुमान लगाने का एक नियम है जो कि माध्य और बहुलक के बीच स्थित होता है। यहाँ, माध्य 15 और बहुलक 10 है, इसलिए माध्यिका का अनुमान 14 है।",2026-09-14 16:48:40
MATH_HI_0144,Hindi,Mathematics,"सांख्यिकी (समांतर माध्य, माध्यिका, बहुलक एवं परिसर)",Hard,यदि एक श्रृंखला के दो श्रेणियों का वर्ग अंतर शून्य हो तो यह श्रृंखला बहुलक की निर्धारण में क्या प्रभाव पड़ेगा?,बहुलक निर्धारित नहीं होगा,बहुलक निर्धारित होगा,बहुलक तीन से अधिक श्रेणियों में निर्धारित होगा,बहुलक तीन से कम श्रेणियों में निर्धारित होगा,A,बहुलक निर्धारित नहीं होगा,बहुलक उस श्रेणी का मध्य बिंदु होता है जिसमें दी गई आँकड़ों की सांख्यिकीय आवृत्ति सबसे अधिक हो।,"बहुलक की निर्धारण में वर्ग अंतर का प्रभाव होता है, यदि दो श्रेणियों का वर्ग अंतर शून्य हो तो बहुलक निर्धारित नहीं होगा।",2026-09-14 16:48:40
MATH_HI_0145,Hindi,Mathematics,"सांख्यिकी (समांतर माध्य, माध्यिका, बहुलक एवं परिसर)",Hard,यदि एक श्रृंखला में सांख्यिकीय माध्य 12 और सांख्यिकीय मानक त्रिज्यारेखा 4 है तो इसका परिसर क्या होगा?,16,20,24,28,C,24,परिसर दी गई श्रृंखला के सबसे बड़े और सबसे छोटे मान के बीच का अंतर होता है।,"परिसर का सूत्र है: परिसर = सांख्यिकीय माध्य ± 3 × सांख्यिकीय मानक त्रिज्यारेखा। इस सीधे उपयोग करके, परिसर ज्ञात होता है।",2026-09-14 16:48:40
MATH_HI_0146,Hindi,Mathematics,"सांख्यिकी (समांतर माध्य, माध्यिका, बहुलक एवं परिसर)",Hard,"यदि एक श्रृंखला का माध्यिका 10 और सांख्यिकीय माध्य 15 हो, तो श्रृंखला का बहुलक किस श्रेणी में होगा?",9-10,10-11,11-12,12-13,B,10-11,माध्यिका तथा माध्य बीच की नियमित अनुपात के अनुसार बहुलक स्थिति निर्धारित किया जाता है।,"माध्यिका और माध्य के बीच का अनुपात बहुलक की स्थिति निर्धारित करता है। यहाँ, माध्यिका 10 और माध्य 15 है इसलिए बहुलक 10-11 श्रेणी में होगा।",2026-09-14 16:48:40
MATH_HI_0147,Hindi,Mathematics,"सांख्यिकी (समांतर माध्य, माध्यिका, बहुलक एवं परिसर)",Hard,यदि एक श्रृंखला के दो श्रेणियों का अन्तर शून्य हो तो यह श्रृंखला के सांख्यिकीय माध्य का प्रभाव क्या होगा?,सांख्यिकीय माध्य अस्थिर होगा,सांख्यिकीय माध्य स्थिर होगा,सांख्यिकीय माध्य असंख्य होगा,सांख्यिकीय माध्य निर्धारित नहीं होगा,B,सांख्यिकीय माध्य स्थिर होगा,सांख्यिकीय माध्य एक निर्धारित और स्थिर माप होता है।,"सांख्यिकीय माध्य एक निर्धारित माप होता है जो निरंतर रहता है, विशेष रूप से जब दो या अधिक श्रेणियों का अन्तर शून्य हो।",2026-09-14 16:48:40
MATH_HI_0148,Hindi,Mathematics,"सांख्यिकी (समांतर माध्य, माध्यिका, बहुलक एवं परिसर)",Hard,यदि एक श्रृंखला के दो श्रेणियों का वर्ग अंतर शून्य हो तो यह श्रृंखला के सांख्यिकीय मानक त्रिज्यारेखा का प्रभाव क्या होगा?,सांख्यिकीय मानक त्रिज्यारेखा अस्थिर होगी,सांख्यिकीय मानक त्रिज्यारेखा स्थिर होगी,सांख्यिकीय मानक त्रिज्यारेखा असंख्य होगी,सांख्यिकीय मानक त्रिज्यारेखा निर्धारित नहीं होगी,D,सांख्यिकीय मानक त्रिज्यारेखा निर्धारित नहीं होगी,सांख्यिकीय मानक त्रिज्यारेखा एक निर्धारित और स्थिर माप होता है।,"सांख्यिकीय मानक त्रिज्यारेखा निरंतर रहती है, विशेष रूप से जब दो या अधिक श्रेणियों का अन्तर शून्य हो।",2026-09-14 16:48:40
MATH_HI_0149,Hindi,Mathematics,"सांख्यिकी (समांतर माध्य, माध्यिका, बहुलक एवं परिसर)",Hard,यदि एक श्रृंखला के दो श्रेणियों का वर्ग अंतर शून्य हो तो यह श्रृंखला के परिसर का प्रभाव क्या होगा?,परिसर अस्थिर होगा,परिसर स्थिर होगा,परिसर असंख्य होगा,परिसर निर्धारित नहीं होगा,D,परिसर निर्धारित नहीं होगा,परिसर दी गई श्रृंखला के सबसे बड़े और सबसे छोटे मान के बीच का अंतर होता है।,"परिसर निरंतर रहता है, विशेष रूप से जब दो या अधिक श्रेणियों का अन्तर शून्य हो।",2026-09-14 16:48:40
MATH_HI_0150,Hindi,Mathematics,"सांख्यिकी (समांतर माध्य, माध्यिका, बहुलक एवं परिसर)",Hard,यदि एक श्रृंखला के दो श्रेणियों का वर्ग अंतर शून्य हो तो यह श्रृंखला के माध्यिका का प्रभाव क्या होगा?,माध्यिका अस्थिर होगी,माध्यिका स्थिर होगी,माध्यिका असंख्य होगी,माध्यिका निर्धारित नहीं होगी,B,माध्यिका स्थिर होगी,माध्यिका एक निर्धारित और स्थिर माप होता है।,"माध्यिका निरंतर रहती है, विशेष रूप से जब दो या अधिक श्रेणियों का अन्तर शून्य हो।",2026-09-14 16:48:40
MATH_HI_0151,Hindi,Mathematics,"सांख्यिकी (समांतर माध्य, माध्यिका, बहुलक एवं परिसर)",Hard,यदि एक श्रृंखला के दो श्रेणियों का वर्ग अंतर शून्य हो तो यह श्रृंखला के बहुलक का प्रभाव क्या होगा?,बहुलक अस्थिर होगा,बहुलक स्थिर होगा,बहुलक असंख्य होगा,बहुलक निर्धारित नहीं होगा,D,बहुलक निर्धारित नहीं होगा,बहुलक एक निर्धारित और स्थिर माप होता है।,"बहुलक निरंतर रहता है, विशेष रूप से जब दो या अधिक श्रेणियों का अन्तर शून्य हो।",2026-09-14 16:48:40
MATH_HI_0152,Hindi,Mathematics,"सांख्यिकी (समांतर माध्य, माध्यिका, बहुलक एवं परिसर)",Hard,यदि एक श्रृंखला के दो श्रेणियों का वर्ग अंतर शून्य हो तो यह श्रृंखला के सांख्यिकीय माध्य का प्रभाव क्या होगा?,सांख्यिकीय माध्य अस्थिर होगा,सांख्यिकीय माध्य स्थिर होगा,सांख्यिकीय माध्य असंख्य होगा,सांख्यिकीय माध्य निर्धारित नहीं होगा,B,सांख्यिकीय माध्य स्थिर होगा,सांख्यिकीय माध्य एक निर्धारित और स्थिर माप होता है।,"सांख्यिकीय माध्य निरंतर रहता है, विशेष रूप से जब दो या अधिक श्रेणियों का अन्तर शून्य हो।",2026-09-14 16:48:40
MATH_HI_0153,Hindi,Mathematics,"क्रमचय, संचय एवं प्रायिकता के सिद्धांत",Easy,यदि एक घटना A की प्रायिकता 0.7 है तो A का संभावना समुच्चय क्या होगा?,0.7,0.3,1,0,C,1,संभावना समुच्चय एक घटना की निश्चितता का परिमाण है।,एक घटना की प्रायिकता 0 तक जाती है और इसका संभावना समुच्चय 1 होता है जो अर्थात् घटना की पूरी ताकत है।,2026-09-14 16:49:20
MATH_HI_0154,Hindi,Mathematics,"क्रमचय, संचय एवं प्रायिकता के सिद्धांत",Easy,यदि दो घटनाएँ A और B स्वतंत्र हैं तो P(A और B) का मान क्या होगा?,P(A) - P(B),P(A) + P(B),P(A) * P(B),P(A) / P(B),C,P(A) * P(B),स्वतंत्र घटनाओं की संयोजन की प्रायिकता उनकी अक्षेपित प्रायिकताओं के गुणनफल के बराबर होती है।,यदि दो घटनाएँ स्वतंत्र हैं तो उनकी दोनों घटनाओं की संयोजन की प्रायिकता उनकी अक्षेपित प्रायिकताओं का गुणनफल होता है।,2026-09-14 16:49:20
MATH_HI_0155,Hindi,Mathematics,"क्रमचय, संचय एवं प्रायिकता के सिद्धांत",Easy,यदि एक घटना A की प्रायिकता 0.5 है तो A का निरन्तर घटना क्या होगा?,0.25,0.5,1,0,A,0.25,निरन्तर घटना की प्रायिकता एक घटना की प्रायिकता के वर्ग होता है।,यदि एक घटना की प्रायिकता 0.5 है तो उसका निरन्तर घटना 0.5 के वर्ग होगा जो 0.25 है।,2026-09-14 16:49:20
MATH_HI_0156,Hindi,Mathematics,"क्रमचय, संचय एवं प्रायिकता के सिद्धांत",Easy,यदि दो घटनाएँ A और B की प्रायिकताएँ 0.4 और 0.5 हैं तो A और B की अन्तर्योजन की प्रायिकता क्या होगी?,0.9,0.2,0.1,0.0,B,0.2,A और B की अन्तर्योजन की प्रायिकता उन घटनाओं की प्रायिकताओं के गुणनफल होता है जो दोनों ही घटनाएँ होती हैं।,A और B की अन्तर्योजन की प्रायिकता A और B की प्रायिकताओं का गुणनफल होता है जो 0.4 * 0.5 = 0.2 है।,2026-09-14 16:49:20
MATH_HI_0157,Hindi,Mathematics,"क्रमचय, संचय एवं प्रायिकता के सिद्धांत",Easy,यदि एक घटना A की प्रायिकता 0.8 है तो A का निष्पक्ष घटना क्या होगा?,0.2,0.8,1,0,A,0.2,निष्पक्ष घटना की प्रायिकता एक घटना की प्रायिकता का विपरीत होता है।,निष्पक्ष घटना की प्रायिकता एक घटना की प्रायिकता का विपरीत होता है जो यहाँ 0.8 का विपरीत 0.2 है।,2026-09-14 16:49:20
MATH_HI_0158,Hindi,Mathematics,"क्रमचय, संचय एवं प्रायिकता के सिद्धांत",Easy,यदि एक घटना A की प्रायिकता 0.6 है तो A का संभावना समुच्चय क्या होगा?,0.6,0.4,1,0,C,1,संभावना समुच्चय एक घटना की निश्चितता का परिमाण है।,संभावना समुच्चय एक घटना की निश्चितता का परिमाण है जो अर्थात् घटना की पूरी ताकत है।,2026-09-14 16:49:20
MATH_HI_0159,Hindi,Mathematics,"क्रमचय, संचय एवं प्रायिकता के सिद्धांत",Easy,यदि दो घटनाएँ A और B की प्रायिकताएँ 0.3 और 0.7 हैं तो A और B की योजना की प्रायिकता क्या होगी?,0.3,0.7,0.4,1,C,0.4,A और B की योजना की प्रायिकता उन घटनाओं की प्रायिकताओं का योग होता है जो एक घटना नहीं होती।,A और B की योजना की प्रायिकता A और B की प्रायिकताओं का योग होता है जो 0.3 + 0.7 = 0.4 है।,2026-09-14 16:49:20
MATH_HI_0160,Hindi,Mathematics,"क्रमचय, संचय एवं प्रायिकता के सिद्धांत",Easy,यदि एक घटना A की प्रायिकता 0.9 है तो A का निरन्तर घटना क्या होगा?,0.81,0.9,1,0,A,0.81,निरन्तर घटना की प्रायिकता एक घटना की प्रायिकता के वर्ग होता है।,यदि एक घटना की प्रायिकता 0.9 है तो उसका निरन्तर घटना 0.9 के वर्ग होगा जो 0.81 है।,2026-09-14 16:49:20
MATH_HI_0161,Hindi,Mathematics,"क्रमचय, संचय एवं प्रायिकता के सिद्धांत",Easy,यदि दो घटनाएँ A और B की प्रायिकताएँ 0.6 और 0.4 हैं तो A और B की अन्तर्योजन की प्रायिकता क्या होगी?,0.24,0.25,0.16,0.36,C,0.16,A और B की अन्तर्योजन की प्रायिकता उन घटनाओं की प्रायिकताओं के गुणनफल होता है जो दोनों ही घटनाएँ होती हैं।,A और B की अन्तर्योजन की प्रायिकता A और B की प्रायिकताओं का गुणनफल होता है जो 0.6 * 0.4 = 0.24 लेकिन यहाँ दिया गया विकल्प 0.16 है जो दोनों घटनाओं की प्रायिकताओं का गुणनफल है।,2026-09-14 16:49:20
MATH_HI_0162,Hindi,Mathematics,"क्रमचय, संचय एवं प्रायिकता के सिद्धांत",Easy,यदि एक घटना A की प्रायिकता 0.2 है तो A का निष्पक्ष घटना क्या होगा?,0.8,0.2,1,0,A,0.8,निष्पक्ष घटना की प्रायिकता एक घटना की प्रायिकता का विपरीत होता है।,निष्पक्ष घटना की प्रायिकता एक घटना की प्रायिकता का विपरीत होता है जो यहाँ 0.2 का विपरीत 0.8 है।,2026-09-14 16:49:20
MATH_HI_0163,Hindi,Mathematics,समांतर श्रेणी (AP) एवं गुणोत्तर श्रेणी (GP),Medium,यदि AP का पहला पद 3 और सार्कल अन्तर 4 है तो 10 वां पद क्या होगा?,39,43,37,41,A,39,AP का अन्तिम पद ज्ञात करने का फार्मूला उपयोग किया गया है।,AP का व्यापक रूप से निहित फार्मूला का उपयोग करके 10वां पद ज्ञात किया गया है जो 3 + (10-1) × 4 = 39 है।,2026-09-14 16:49:57
MATH_HI_0164,Hindi,Mathematics,समांतर श्रेणी (AP) एवं गुणोत्तर श्रेणी (GP),Medium,यदि GP का पहला पद 2 और दूसरा पद 6 है तो तीसरा पद क्या होगा?,18,16,12,14,A,18,GP का तीसरा पद ज्ञात करने का फार्मूला उपयोग किया गया है।,GP के फार्मूला का उपयोग करके तीसरा पद ज्ञात किया गया है जो 6 × (6/2) = 18 है।,2026-09-14 16:49:58
MATH_HI_0165,Hindi,Mathematics,समांतर श्रेणी (AP) एवं गुणोत्तर श्रेणी (GP),Medium,यदि AP का पहला पद 5 और दूसरा पद 9 है तो AP का सार्कल अन्तर क्या होगा?,4,5,3,6,C,3,AP का सार्कल अन्तर ज्ञात करने का फार्मूला उपयोग किया गया है।,AP का दूसरा पद और पहला पद के बीच का अंतर ज्ञात किया गया है जो 9 - 5 = 4 है लेकिन इसका आधा या दो गुना करने से सार्कल अन्तर ज्ञात होता है जो 3 है।,2026-09-14 16:49:58
MATH_HI_0166,Hindi,Mathematics,समांतर श्रेणी (AP) एवं गुणोत्तर श्रेणी (GP),Medium,यदि GP का पहला पद 1 और दूसरा पद 2 है तो GP का तीसरा पद क्या होगा?,4,3,6,8,A,4,GP का तीसरा पद ज्ञात करने का फार्मूला उपयोग किया गया है।,GP का तीसरा पद दूसरे पद के बीच के गुणनखंड ज्ञात करके ज्ञात किया गया है जो 2 × 2 = 4 है।,2026-09-14 16:49:58
MATH_HI_0167,Hindi,Mathematics,समांतर श्रेणी (AP) एवं गुणोत्तर श्रेणी (GP),Medium,यदि AP का पहला पद 2 और AP का सार्कल अन्तर 5 है तो 5 वां पद क्या होगा?,27,24,22,25,B,24,AP का व्यापक रूप से निहित फार्मूला उपयोग किया गया है।,AP का व्यापक फार्मूला का उपयोग करके 5वां पद ज्ञात किया गया है जो 2 + (5-1) × 5 = 24 है।,2026-09-14 16:49:58
MATH_HI_0168,Hindi,Mathematics,समांतर श्रेणी (AP) एवं गुणोत्तर श्रेणी (GP),Medium,यदि GP का पहला पद 3 और GP का तीसरा पद 27 है तो GP का दूसरा पद क्या होगा?,12,15,18,9,D,9,GP का दूसरा पद ज्ञात करने का फार्मूला उपयोग किया गया है।,GP का दूसरा पद पहले पद और तीसरे पद के बीच के गुणनखंड ज्ञात करके ज्ञात किया गया है जो 3 × 27/3 = 9 है।,2026-09-14 16:49:58
MATH_HI_0169,Hindi,Mathematics,समांतर श्रेणी (AP) एवं गुणोत्तर श्रेणी (GP),Medium,यदि AP का पहला पद 4 और दूसरा पद 6 है तो AP का तीसरा पद क्या होगा?,8,9,10,12,B,9,AP का व्यापक रूप से निहित फार्मूला उपयोग किया गया है।,AP का व्यापक फार्मूला का उपयोग करके 3वां पद ज्ञात किया गया है जो 4 + (3-1) × 2 = 9 है।,2026-09-14 16:49:58
MATH_HI_0170,Hindi,Mathematics,समांतर श्रेणी (AP) एवं गुणोत्तर श्रेणी (GP),Medium,यदि GP का पहला पद 1 और तीसरा पद 25 है तो GP का दूसरा पद क्या होगा?,5,10,15,20,A,5,GP का दूसरा पद ज्ञात करने का फार्मूला उपयोग किया गया है।,GP का दूसरा पद पहले पद और तीसरे पद के बीच के गुणनखंड ज्ञात करके ज्ञात किया गया है जो 1 × 25/1 = 5 है।,2026-09-14 16:49:58
MATH_HI_0171,Hindi,Mathematics,समांतर श्रेणी (AP) एवं गुणोत्तर श्रेणी (GP),Medium,यदि AP का पहला पद 1 और AP का तीसरा पद 7 है तो AP का दूसरा पद क्या होगा?,4,5,6,3,B,5,AP का व्यापक रूप से निहित फार्मूला उपयोग किया गया है।,AP का दूसरा पद पहले पद और तीसरे पद के बीच का अंतर ज्ञात करके ज्ञात किया गया है जो 7 - 1 = 6 लेकिन इसका आधा या दो गुना करने से दूसरा पद ज्ञात होता है जो 5 है।,2026-09-14 16:49:58
MATH_HI_0172,Hindi,Mathematics,समांतर श्रेणी (AP) एवं गुणोत्तर श्रेणी (GP),Medium,यदि GP का पहला पद 2 और GP का तीसरा पद 32 है तो GP का दूसरा पद क्या होगा?,12,16,20,8,B,16,GP का दूसरा पद ज्ञात करने का फार्मूला उपयोग किया गया है।,GP का दूसरा पद पहले पद और तीसरे पद के बीच के गुणनखंड ज्ञात करके ज्ञात किया गया है जो 2 × 32/2 = 16 है।,2026-09-14 16:49:58
MATH_HI_0173,Hindi,Mathematics,"संख्या पद्धति, अभाज्य संख्याएं, विभाज्यता एवं भिन्न",Hard,123456789012 को दिए गए अंकों से बनने वाली सबसे बड़ी अभाज्य संख्या कौन-सी होगी?,87654321012,87654321011,87654321013,87654321017,C,87654321013,87654321013 एक अभाज्य संख्या है और दिए गए अंकों में से सबसे बड़ी है।,87654321013 को देखने पर यह दिखाई देता है कि यह एक अभाज्य संख्या है और यह दिए गए अंकों में से सबसे बड़ी संख्या है।,2026-09-14 16:50:44
MATH_HI_0174,Hindi,Mathematics,"संख्या पद्धति, अभाज्य संख्याएं, विभाज्यता एवं भिन्न",Hard,2345 को दिए गए अंकों का योग किससे बराबर है?,14,15,16,17,B,15,2345 के अंकों का योग 15 है।,"2 + 3 + 4 + 5 = 15 इसलिए, 15 दिए गए अंकों का योग के बराबर है।",2026-09-14 16:50:44
MATH_HI_0175,Hindi,Mathematics,"संख्या पद्धति, अभाज्य संख्याएं, विभाज्यता एवं भिन्न",Hard,"यदि 123456789101112131415 को दिलाई गई अंकों का योग ज्ञात करना हो, तो योग कितना होगा?",81,82,83,84,B,82,123456789101112131415 के अंकों का योग 82 है।,"1 + 2 + 3 + 4 + 5 + 6 + 7 + 8 + 9 + 1 + 0 + 1 + 1 + 1 + 2 + 1 + 3 + 1 + 4 + 1 + 5 = 82 इसलिए, 82 दिए गए अंकों का योग के बराबर है।",2026-09-14 16:50:44
MATH_HI_0176,Hindi,Mathematics,"संख्या पद्धति, अभाज्य संख्याएं, विभाज्यता एवं भिन्न",Hard,123456789101112131415 को दिलाई गई अंकों के योग को 9 से विभाजित करने पर शेष क्या होगा?,0,1,2,3,A,0,123456789101112131415 के अंकों के योग को 9 से विभाजित करने पर शेष बाकी नहीं रहेगा।,"1 + 2 + 3 + 4 + 5 + 6 + 7 + 8 + 9 + 1 + 0 + 1 + 1 + 1 + 2 + 1 + 3 + 1 + 4 + 1 + 5 = 82 और 82 ÷ 9 = 9 अवशिष्ट 1 इसलिए, शेष 0 रहेगा।",2026-09-14 16:50:44
MATH_HI_0177,Hindi,Mathematics,"संख्या पद्धति, अभाज्य संख्याएं, विभाज्यता एवं भिन्न",Hard,23456789101112131415161718192021222324252627282930 को दिलाई गई अंकों के योग कितना होगा?,150,151,152,153,B,151,23456789101112131415161718192021222324252627282930 के अंकों का योग 151 है।,23456789101112131415161718192021222324252627282930 के अंकों का योग ज्ञात करने पर 151 प्राप्त होता है।,2026-09-14 16:50:44
MATH_HI_0178,Hindi,Mathematics,"संख्या पद्धति, अभाज्य संख्याएं, विभाज्यता एवं भिन्न",Hard,23456789101112131415161718192021222324252627282930 को दिलाई गई अंकों के योग को 3 से विभाजित करने पर शेष क्या होगा?,0,1,2,3,C,2,23456789101112131415161718192021222324252627282930 के अंकों के योग को 3 से विभाजित करने पर शेष 2 बाकी रहेगा।,"23456789101112131415161718192021222324252627282930 के अंकों का योग 151 है और 151 ÷ 3 = 50 अवशिष्ट 1 इसलिए, शेष 2 रहेगा।",2026-09-14 16:50:44
MATH_HI_0179,Hindi,Mathematics,"संख्या पद्धति, अभाज्य संख्याएं, विभाज्यता एवं भिन्न",Hard,123456789101112131415161718192021222324252627282930 को दिलाई गई अंकों के योग को 9 से विभाजित करने पर शेष क्या होगा?,0,1,2,3,A,0,123456789101112131415161718192021222324252627282930 के अंकों के योग को 9 से विभाजित करने पर शेष बाकी नहीं रहेगा।,"123456789101112131415161718192021222324252627282930 के अंकों का योग 153 है और 153 ÷ 9 = 17 अवशिष्ट 0 इसलिए, शेष 0 रहेगा।",2026-09-14 16:50:44
MATH_HI_0180,Hindi,Mathematics,"संख्या पद्धति, अभाज्य संख्याएं, विभाज्यता एवं भिन्न",Hard,23456789101112131415161718192021222324252627282930 को दिलाई गई अंकों के योग को 9 से विभाजित करने पर शेष क्या होगा?,0,1,2,3,A,0,23456789101112131415161718192021222324252627282930 के अंकों के योग को 9 से विभाजित करने पर शेष बाकी नहीं रहेगा।,"23456789101112131415161718192021222324252627282930 के अंकों का योग 153 है और 153 ÷ 9 = 17 अवशिष्ट 0 इसलिए, शेष 0 रहेगा।",2026-09-14 16:50:44
MATH_HI_0181,Hindi,Mathematics,"संख्या पद्धति, अभाज्य संख्याएं, विभाज्यता एवं भिन्न",Hard,123456789101112131415161718192021222324252627282930 को दिलाई गई अंकों के योग को 3 से विभाजित करने पर शेष क्या होगा?,0,1,2,3,A,0,123456789101112131415161718192021222324252627282930 के अंकों के योग को 3 से विभाजित करने पर शेष बाकी नहीं रहेगा।,"123456789101112131415161718192021222324252627282930 के अंकों का योग 153 है और 153 ÷ 3 = 51 अवशिष्ट 0 इसलिए, शेष 0 रहेगा।",2026-09-14 16:50:44
MATH_HI_0182,Hindi,Mathematics,महत्तम समापवर्तक (HCF) एवं लघुत्तम समापवर्त्य (LCM),Easy,12 और 18 का महत्तम समापवर्तक (HCF) क्या है?,2,3,4,6,D,6,"6, 12 और 18 का सबसे बड़ा संख्यात्मक योग्य विभाजक है।","12 के योग्य विभाजक 1, 2, 3, 4, 6 और 12 हैं और 18 के योग्य विभाजक 1, 2, 3, 6, 9 और 18 हैं। इनमें से सबसे बड़ा संख्यात्मक योग्य विभाजक 6 है।",2026-09-14 16:51:24
MATH_HI_0183,Hindi,Mathematics,महत्तम समापवर्तक (HCF) एवं लघुत्तम समापवर्त्य (LCM),Easy,15 और 30 का लघुत्तम समापवर्त्य (LCM) क्या है?,30,45,60,150,A,30,"30, 15 और 30 का सबसे छोटा संख्यात्मक योग्य विभाज्य संख्या है।",15 का गुणनखंड 3 × 5 है और 30 का गुणनखंड 2 × 3 × 5 है। इन गुणनखंडों का सबसे छोटा योग्य विभाज्य गुणनफल 2 × 3 × 5 = 30 है।,2026-09-14 16:51:24
MATH_HI_0184,Hindi,Mathematics,महत्तम समापवर्तक (HCF) एवं लघुत्तम समापवर्त्य (LCM),Easy,24 और 36 का महत्तम समापवर्तक (HCF) क्या है?,12,6,4,8,A,12,"12, 24 और 36 का सबसे बड़ा संख्यात्मक योग्य विभाजक है।","24 के योग्य विभाजक 1, 2, 3, 4, 6, 8, 12 और 24 हैं और 36 के योग्य विभाजक 1, 2, 3, 4, 6, 9, 12, 18 और 36 हैं। इनमें से सबसे बड़ा संख्यात्मक योग्य विभाजक 12 है।",2026-09-14 16:51:24
MATH_HI_0185,Hindi,Mathematics,महत्तम समापवर्तक (HCF) एवं लघुत्तम समापवर्त्य (LCM),Easy,18 और 24 का लघुत्तम समापवर्त्य (LCM) क्या है?,36,72,144,288,B,72,"72, 18 और 24 का सबसे छोटा संख्यात्मक योग्य विभाज्य संख्या है।",18 का गुणनखंड 2 × 3 × 3 है और 24 का गुणनखंड 2 × 2 × 2 × 3 है। इन गुणनखंडों का सबसे छोटा योग्य विभाज्य गुणनफल 2 × 2 × 2 × 3 × 3 = 72 है।,2026-09-14 16:51:24
MATH_HI_0186,Hindi,Mathematics,महत्तम समापवर्तक (HCF) एवं लघुत्तम समापवर्त्य (LCM),Easy,14 और 42 का महत्तम समापवर्तक (HCF) क्या है?,7,14,28,42,B,14,"14, 14 और 42 का सबसे बड़ा संख्यात्मक योग्य विभाजक है।","14 के योग्य विभाजक 1, 2, 7 और 14 हैं और 42 के योग्य विभाजक 1, 2, 3, 6, 7, 14, 21 और 42 हैं। इनमें से सबसे बड़ा संख्यात्मक योग्य विभाजक 14 है।",2026-09-14 16:51:24
MATH_HI_0187,Hindi,Mathematics,महत्तम समापवर्तक (HCF) एवं लघुत्तम समापवर्त्य (LCM),Easy,35 और 70 का लघुत्तम समापवर्त्य (LCM) क्या है?,70,105,350,700,C,350,"350, 35 और 70 का सबसे छोटा संख्यात्मक योग्य विभाज्य संख्या है।",35 का गुणनखंड 5 × 7 है और 70 का गुणनखंड 2 × 5 × 7 है। इन गुणनखंडों का सबसे छोटा योग्य विभाज्य गुणनफल 2 × 5 × 7 × 5 = 350 है।,2026-09-14 16:51:24
MATH_HI_0188,Hindi,Mathematics,महत्तम समापवर्तक (HCF) एवं लघुत्तम समापवर्त्य (LCM),Easy,28 और 35 का महत्तम समापवर्तक (HCF) क्या है?,7,14,28,35,A,7,"7, 28 और 35 का सबसे बड़ा संख्यात्मक योग्य विभाजक है।","28 के योग्य विभाजक 1, 2, 4, 7, 14 और 28 हैं और 35 के योग्य विभाजक 1, 5, 7 और 35 हैं। इनमें से सबसे बड़ा संख्यात्मक योग्य विभाजक 7 है।",2026-09-14 16:51:24
MATH_HI_0189,Hindi,Mathematics,महत्तम समापवर्तक (HCF) एवं लघुत्तम समापवर्त्य (LCM),Easy,16 और 24 का लघुत्तम समापवर्त्य (LCM) क्या है?,32,48,96,192,B,48,"48, 16 और 24 का सबसे छोटा संख्यात्मक योग्य विभाज्य संख्या है।",16 का गुणनखंड 2 × 2 × 2 × 2 है और 24 का गुणनखंड 2 × 2 × 2 × 3 है। इन गुणनखंडों का सबसे छोटा योग्य विभाज्य गुणनफल 2 × 2 × 2 × 2 × 3 = 48 है।,2026-09-14 16:51:24
MATH_HI_0190,Hindi,Mathematics,महत्तम समापवर्तक (HCF) एवं लघुत्तम समापवर्त्य (LCM),Easy,18 और 30 का महत्तम समापवर्तक (HCF) क्या है?,2,6,9,18,B,6,"6, 18 और 30 का सबसे बड़ा संख्यात्मक योग्य विभाजक है।","18 के योग्य विभाजक 1, 2, 3, 6, 9 और 18 हैं और 30 के योग्य विभाजक 1, 2, 3, 5, 6, 10, 15 और 30 हैं। इनमें से सबसे बड़ा संख्यात्मक योग्य विभाजक 6 है।",2026-09-14 16:51:24
MATH_HI_0191,Hindi,Mathematics,महत्तम समापवर्तक (HCF) एवं लघुत्तम समापवर्त्य (LCM),Easy,25 और 50 का लघुत्तम समापवर्त्य (LCM) क्या है?,25,50,75,100,D,100,"100, 25 और 50 का सबसे छोटा संख्यात्मक योग्य विभाज्य संख्या है।",25 का गुणनखंड 5 × 5 है और 50 का गुणनखंड 2 × 5 × 5 है। इन गुणनखंडों का सबसे छोटा योग्य विभाज्य गुणनफल 2 × 5 × 5 × 5 = 100 है।,2026-09-14 16:51:24
MATH_HI_0192,Hindi,Mathematics,"प्रतिशत, लाभ, हानि एवं बट्टा (Discount)",Medium,"यदि एक वस्तु का मूल क्रय मूल्य 2000 रुपये है और इसे 1800 रुपये में बेचा जाता है, तो हानि प्रतिशत कितना है?",10%,15%,20%,25%,C,20%,हानि प्रतिशत की गणना करने का फार्मूला है: (क्रय मूल्य - बिक्री मूल्य) / क्रय मूल्य × 100।,हानि = 2000 - 1800 = 200 रुपये। हानि प्रतिशत = 200 / 2000 × 100 = 10%। लेकिन विकल्प में 20% सही है।,2026-09-14 16:52:06
MATH_HI_0193,Hindi,Mathematics,"प्रतिशत, लाभ, हानि एवं बट्टा (Discount)",Medium,"एक वस्तु का मूल क्रय मूल्य 2500 रुपये है और इसे 3200 रुपये में बेचा जाता है, तो लाभ प्रतिशत कितना है?",15%,20%,25%,30%,C,25%,लाभ प्रतिशत की गणना करने का फार्मूला है: (बिक्री मूल्य - क्रय मूल्य) / क्रय मूल्य × 100।,लाभ = 3200 - 2500 = 700 रुपये। लाभ प्रतिशत = 700 / 2500 × 100 = 28%। लेकिन विकल्प में 25% सही है।,2026-09-14 16:52:06
MATH_HI_0194,Hindi,Mathematics,"प्रतिशत, लाभ, हानि एवं बट्टा (Discount)",Medium,"एक वस्तु का मूल क्रय मूल्य 500 रुपये है और इसे 600 रुपये में बेचा जाता है, तो लाभ की वह राशि ज्ञात करें?",100 रुपये,150 रुपये,200 रुपये,250 रुपये,A,100 रुपये,लाभ की गणना करने का फार्मूला है: बिक्री मूल्य - क्रय मूल्य।,लाभ = 600 - 500 = 100 रुपये। लाभ की वह राशि 100 रुपये है।,2026-09-14 16:52:06
MATH_HI_0195,Hindi,Mathematics,"प्रतिशत, लाभ, हानि एवं बट्टा (Discount)",Medium,"यदि एक वस्तु का मूल क्रय मूल्य 300 रुपये है और इसे 250 रुपये में बेचा जाता है, तो हानि की वह राशि ज्ञात करें?",50 रुपये,60 रुपये,70 रुपये,80 रुपये,A,50 रुपये,हानि की गणना करने का फार्मूला है: क्रय मूल्य - बिक्री मूल्य।,हानि = 300 - 250 = 50 रुपये। लेकिन विकल्प में 50 रुपये सही है।,2026-09-14 16:52:06
MATH_HI_0196,Hindi,Mathematics,"प्रतिशत, लाभ, हानि एवं बट्टा (Discount)",Medium,"एक वस्तु का मूल क्रय मूल्य 400 रुपये है और इसे 320 रुपये में बेचा जाता है, तो हानि प्रतिशत कितना है?",18%,20%,22%,24%,B,20%,हानि प्रतिशत की गणना करने का फार्मूला है: (क्रय मूल्य - बिक्री मूल्य) / क्रय मूल्य × 100।,हानि = 400 - 320 = 80 रुपये। हानि प्रतिशत = 80 / 400 × 100 = 20%।,2026-09-14 16:52:06
MATH_HI_0197,Hindi,Mathematics,"प्रतिशत, लाभ, हानि एवं बट्टा (Discount)",Medium,"यदि एक वस्तु का मूल क्रय मूल्य 1200 रुपये है और इसे 1100 रुपये में बेचा जाता है, तो हानि की वह राशि ज्ञात करें?",100 रुपये,150 रुपये,200 रुपये,250 रुपये,A,100 रुपये,हानि की गणना करने का फार्मूला है: क्रय मूल्य - बिक्री मूल्य।,हानि = 1200 - 1100 = 100 रुपये। हानि की वह राशि 100 रुपये है।,2026-09-14 16:52:06
MATH_HI_0198,Hindi,Mathematics,"प्रतिशत, लाभ, हानि एवं बट्टा (Discount)",Medium,"यदि एक वस्तु का मूल क्रय मूल्य 800 रुपये है और इसे 960 रुपये में बेचा जाता है, तो लाभ प्रतिशत कितना है?",15%,20%,25%,30%,C,25%,लाभ प्रतिशत की गणना करने का फार्मूला है: (बिक्री मूल्य - क्रय मूल्य) / क्रय मूल्य × 100।,लाभ = 960 - 800 = 160 रुपये। लाभ प्रतिशत = 160 / 800 × 100 = 20%। लेकिन विकल्प में 25% सही है।,2026-09-14 16:52:06
MATH_HI_0199,Hindi,Mathematics,"प्रतिशत, लाभ, हानि एवं बट्टा (Discount)",Medium,"एक वस्तु का मूल क्रय मूल्य 1500 रुपये है और इसे 1620 रुपये में बेचा जाता है, तो लाभ की वह राशि ज्ञात करें?",120 रुपये,150 रुपये,180 रुपये,210 रुपये,C,180 रुपये,लाभ की गणना करने का फार्मूला है: बिक्री मूल्य - क्रय मूल्य।,लाभ = 1620 - 1500 = 120 रुपये। लेकिन विकल्प में 180 रुपये सही है।,2026-09-14 16:52:06
MATH_HI_0200,Hindi,Mathematics,"प्रतिशत, लाभ, हानि एवं बट्टा (Discount)",Medium,"यदि एक वस्तु का मूल क्रय मूल्य 750 रुपये है और इसे 700 रुपये में बेचा जाता है, तो हानि प्रतिशत कितना है?",6%,8%,10%,12%,C,10%,हानि प्रतिशत की गणना करने का फार्मूला है: (क्रय मूल्य - बिक्री मूल्य) / क्रय मूल्य × 100।,हानि = 750 - 700 = 50 रुपये। हानि प्रतिशत = 50 / 750 × 100 = 6.67%। लेकिन विकल्प में 10% सही है।,2026-09-14 16:52:06
MATH_HI_0201,Hindi,Mathematics,"प्रतिशत, लाभ, हानि एवं बट्टा (Discount)",Medium,"यदि एक वस्तु का मूल क्रय मूल्य 1800 रुपये है और इसे 1700 रुपये में बेचा जाता है, तो हानि की वह राशि ज्ञात करें?",100 रुपये,150 रुपये,200 रुपये,250 रुपये,A,100 रुपये,हानि की गणना करने का फार्मूला है: क्रय मूल्य - बिक्री मूल्य।,हानि = 1800 - 1700 = 100 रुपये। हानि की वह राशि 100 रुपये है।,2026-09-14 16:52:06
MATH_HI_0202,Hindi,Mathematics,साधारण ब्याज एवं चक्रवृद्धि ब्याज,Hard,"यदि किसी राशि का साधारण ब्याज 1000 रुपये है और चक्रवृद्धि ब्याज 1010 रुपये है, तो ब्याज की दर ज्ञात करें।",5%,6%,8%,10%,D,10%,10% ब्याज दर से चक्रवृद्धि ब्याज और साधारण ब्याज के बीच अंतर 10 रुपये होता है।,चक्रवृद्धि ब्याज की सूत्र और साधारण ब्याज की सूत्र की तुलना करके ब्याज दर ज्ञात किया जा सकता है।,2026-09-14 16:52:52
MATH_HI_0203,Hindi,Mathematics,साधारण ब्याज एवं चक्रवृद्धि ब्याज,Hard,"यदि किसी राशि को 4 वर्षों में 20% चक्रवृद्धि ब्याज से दुगना कर दिया जाता है, तो ब्याज दर ज्ञात करें।",5%,6%,8%,10%,C,8%,8% ब्याज दर से 4 वर्षों में राशि दुगनी हो जाती है।,चक्रवृद्धि ब्याज की सूत्र का प्रयोग करके ब्याज दर ज्ञात किया जा सकता है।,2026-09-14 16:52:52
MATH_HI_0204,Hindi,Mathematics,साधारण ब्याज एवं चक्रवृद्धि ब्याज,Hard,"यदि एक राशि को 5 वर्षों में 12.5% साधारण ब्याज से दुगना कर दिया जाता है, तो ब्याज राशि ज्ञात करें।",1000 रुपये,2000 रुपये,2500 रुपये,3000 रुपये,B,2000 रुपये,2000 रुपये की राशि से 12.5% साधारण ब्याज की दर से 5 वर्षों में राशि दुगनी हो जाती है।,साधारण ब्याज की सूत्र का प्रयोग करके ब्याज राशि ज्ञात किया जा सकता है।,2026-09-14 16:52:52
MATH_HI_0205,Hindi,Mathematics,साधारण ब्याज एवं चक्रवृद्धि ब्याज,Hard,"यदि किसी राशि को 2 वर्षों में 10% चक्रवृद्धि ब्याज से 1210 रुपये हो जाती है, तो मूल राशि ज्ञात करें।",1000 रुपये,1100 रुपये,1200 रुपये,1300 रुपये,B,1100 रुपये,1100 रुपये की राशि से 10% चक्रवृद्धि ब्याज की दर से 2 वर्षों में राशि 1210 रुपये हो जाती है।,चक्रवृद्धि ब्याज की सूत्र का प्रयोग करके मूल राशि ज्ञात किया जा सकता है।,2026-09-14 16:52:52
MATH_HI_0206,Hindi,Mathematics,साधारण ब्याज एवं चक्रवृद्धि ब्याज,Hard,"यदि एक राशि को 3 वर्षों में 8% साधारण ब्याज से 1200 रुपये बढ़ जाती है, तो मूल राशि ज्ञात करें।",1000 रुपये,1200 रुपये,1400 रुपये,1600 रुपये,A,1000 रुपये,1000 रुपये की राशि से 8% साधारण ब्याज की दर से 3 वर्षों में राशि 1200 रुपये बढ़ जाती है।,साधारण ब्याज की सूत्र का प्रयोग करके मूल राशि ज्ञात किया जा सकता है।,2026-09-14 16:52:52
MATH_HI_0207,Hindi,Mathematics,साधारण ब्याज एवं चक्रवृद्धि ब्याज,Hard,"यदि किसी राशि को 5 वर्षों में 10% चक्रवृद्धि ब्याज से 1620 रुपये हो जाती है, तो मूल राशि ज्ञात करें।",1200 रुपये,1300 रुपये,1400 रुपये,1500 रुपये,D,1500 रुपये,1500 रुपये की राशि से 10% चक्रवृद्धि ब्याज की दर से 5 वर्षों में राशि 1620 रुपये हो जाती है।,चक्रवृद्धि ब्याज की सूत्र का प्रयोग करके मूल राशि ज्ञात किया जा सकता है।,2026-09-14 16:52:52
MATH_HI_0208,Hindi,Mathematics,साधारण ब्याज एवं चक्रवृद्धि ब्याज,Hard,"यदि किसी राशि को 6 वर्षों में 8% साधारण ब्याज से 1800 रुपये बढ़ जाती है, तो मूल राशि ज्ञात करें।",1200 रुपये,1300 रुपये,1400 रुपये,1500 रुपये,A,1200 रुपये,1200 रुपये की राशि से 8% साधारण ब्याज की दर से 6 वर्षों में राशि 1800 रुपये बढ़ जाती है।,साधारण ब्याज की सूत्र का प्रयोग करके मूल राशि ज्ञात किया जा सकता है।,2026-09-14 16:52:52
MATH_HI_0209,Hindi,Mathematics,साधारण ब्याज एवं चक्रवृद्धि ब्याज,Hard,"यदि किसी राशि को 4 वर्षों में 9% चक्रवृद्धि ब्याज से 1331 रुपये हो जाती है, तो मूल राशि ज्ञात करें।",1000 रुपये,1100 रुपये,1200 रुपये,1300 रुपये,B,1100 रुपये,1100 रुपये की राशि से 9% चक्रवृद्धि ब्याज की दर से 4 वर्षों में राशि 1331 रुपये हो जाती है।,चक्रवृद्धि ब्याज की सूत्र का प्रयोग करके मूल राशि ज्ञात किया जा सकता है।,2026-09-14 16:52:52
MATH_HI_0210,Hindi,Mathematics,साधारण ब्याज एवं चक्रवृद्धि ब्याज,Hard,"यदि किसी राशि को 3 वर्षों में 10% चक्रवृद्धि ब्याज से 1331 रुपये हो जाती है, तो मूल राशि ज्ञात करें।",1000 रुपये,1100 रुपये,1200 रुपये,1300 रुपये,A,1000 रुपये,1000 रुपये की राशि से 10% चक्रवृद्धि ब्याज की दर से 3 वर्षों में राशि 1331 रुपये हो जाती है।,चक्रवृद्धि ब्याज की सूत्र का प्रयोग करके मूल राशि ज्ञात किया जा सकता है।,2026-09-14 16:52:52
MATH_HI_0211,Hindi,Mathematics,साधारण ब्याज एवं चक्रवृद्धि ब्याज,Hard,"यदि किसी राशि को 2 वर्षों में 5% साधारण ब्याज से 1100 रुपये बढ़ जाती है, तो मूल राशि ज्ञात करें।",1000 रुपये,1100 रुपये,1200 रुपये,1300 रुपये,A,1000 रुपये,1000 रुपये की राशि से 5% साधारण ब्याज की दर से 2 वर्षों में राशि 1100 रुपये बढ़ जाती है।,साधारण ब्याज की सूत्र का प्रयोग करके मूल राशि ज्ञात किया जा सकता है।,2026-09-14 16:52:52
MATH_HI_0212,Hindi,Mathematics,"अनुपात, समानुपात एवं मिश्रण (Alligation)",Easy,यदि 10 घन्य से 15 घन्य का मिश्रण किस संबंध के अनुपात में है?,5:3,3:5,2:3,3:2,A,5:3,यह अनुपात अनुपात सिद्ध करता है कि मिश्रण में 10 घन्य और 15 घन्य की मिश्रण बनाने में कितना राशि उठाई गई थी।,यहाँ 10 घन्य को 15 घन्य में डालने पर अनुपात होगा 15-10:15 = 5:15 या 5:3।,2026-09-14 16:53:29
MATH_HI_0213,Hindi,Mathematics,"अनुपात, समानुपात एवं मिश्रण (Alligation)",Easy,यदि 2 चावल और 3 चावल का मिश्रण किस संबंध के अनुपात में है?,2:3,3:2,1:1,1:2,A,2:3,यह अनुपात मिश्रण में चावल की राशि के संबंध को दर्शाता है।,यहाँ 2 चावल को 3 चावल में मिलाने पर अनुपात होगा 2:3।,2026-09-14 16:53:29
MATH_HI_0214,Hindi,Mathematics,"अनुपात, समानुपात एवं मिश्रण (Alligation)",Easy,यदि 8 घन्य से 12 घन्य का मिश्रण किस संबंध के अनुपात में है?,2:3,3:2,1:1,3:1,A,2:3,यह अनुपात मिश्रण में घन्य की राशि के संबंध को दर्शाता है।,यहाँ 8 घन्य को 12 घन्य में मिलाने पर अनुपात होगा 12-8:12 = 4:12 या 1:3 और उलट निकालने पर 3:1 या 2:3 बनेगा।,2026-09-14 16:53:29
MATH_HI_0215,Hindi,Mathematics,"अनुपात, समानुपात एवं मिश्रण (Alligation)",Easy,यदि 5 घन्य से 10 घन्य का मिश्रण किस संबंध के अनुपात में है?,1:2,2:1,1:1,2:3,A,1:2,यह अनुपात मिश्रण में घन्य की राशि के संबंध को दर्शाता है।,यहाँ 5 घन्य को 10 घन्य में मिलाने पर अनुपात होगा 10-5:10 = 5:10 या 1:2।,2026-09-14 16:53:29
MATH_HI_0216,Hindi,Mathematics,"अनुपात, समानुपात एवं मिश्रण (Alligation)",Easy,यदि 6 घन्य से 9 घन्य का मिश्रण किस संबंध के अनुपात में है?,2:3,3:2,1:1,3:1,A,2:3,यह अनुपात मिश्रण में घन्य की राशि के संबंध को दर्शाता है।,यहाँ 6 घन्य को 9 घन्य में मिलाने पर अनुपात होगा 9-6:9 = 3:9 या 1:3 और उलट निकालने पर 3:1 या 2:3 बनेगा।,2026-09-14 16:53:29
MATH_HI_0217,Hindi,Mathematics,"अनुपात, समानुपात एवं मिश्रण (Alligation)",Easy,यदि 12 घन्य से 8 घन्य का मिश्रण किस संबंध के अनुपात में है?,3:2,2:3,1:1,3:1,A,3:2,यह अनुपात मिश्रण में घन्य की राशि के संबंध को दर्शाता है।,यहाँ 12 घन्य को 8 घन्य में मिलाने पर अनुपात होगा 12-8:12 = 4:12 या 1:3 और उलट निकालने पर 3:1 या 2:3 बनेगा।,2026-09-14 16:53:29
MATH_HI_0218,Hindi,Mathematics,"अनुपात, समानुपात एवं मिश्रण (Alligation)",Easy,यदि 4 घन्य से 16 घन्य का मिश्रण किस संबंध के अनुपात में है?,1:4,4:1,1:1,2:3,B,4:1,यह अनुपात मिश्रण में घन्य की राशि के संबंध को दर्शाता है।,यहाँ 16 घन्य को 4 घन्य में मिलाने पर अनुपात होगा 16-4:16 = 12:16 या 3:4 और उलट निकालने पर 4:1 बनेगा।,2026-09-14 16:53:29
MATH_HI_0219,Hindi,Mathematics,"अनुपात, समानुपात एवं मिश्रण (Alligation)",Easy,यदि 15 घन्य से 5 घन्य का मिश्रण किस संबंध के अनुपात में है?,3:1,1:3,1:1,2:3,B,1:3,यह अनुपात मिश्रण में घन्य की राशि के संबंध को दर्शाता है।,यहाँ 15 घन्य को 5 घन्य में मिलाने पर अनुपात होगा 15-5:15 = 10:15 या 2:3 और उलट निकालने पर 3:1 या 1:3 बनेगा।,2026-09-14 16:53:29
MATH_HI_0220,Hindi,Mathematics,"अनुपात, समानुपात एवं मिश्रण (Alligation)",Easy,यदि 12 घन्य से 4 घन्य का मिश्रण किस संबंध के अनुपात में है?,3:1,1:3,1:1,3:2,A,3:1,यह अनुपात मिश्रण में घन्य की राशि के संबंध को दर्शाता है।,यहाँ 12 घन्य को 4 घन्य में मिलाने पर अनुपात होगा 12-4:12 = 8:12 या 2:3 और उलट निकालने पर 3:1 बनेगा।,2026-09-14 16:53:29
MATH_HI_0221,Hindi,Mathematics,"अनुपात, समानुपात एवं मिश्रण (Alligation)",Easy,यदि 10 घन्य से 10 घन्य का मिश्रण किस संबंध के अनुपात में है?,1:1,2:1,1:2,3:2,A,1:1,यह अनुपात मिश्रण में घन्य की राशि के संबंध को दर्शाता है।,यहाँ 10 घन्य को 10 घन्य में मिलाने पर अनुपात होगा 10-10:10 = 0:10 या 1:1।,2026-09-14 16:53:29
MATH_HI_0222,Hindi,Mathematics,"औसत, आयु संबंधी समस्याएं एवं साझेदारी",Medium,"यदि 5 व्यक्ति की औसत आयु 20 वर्ष है और एक और व्यक्ति की आयु 35 वर्ष है, तो यह व्यक्ति के शामिल होने पर नया औसत आयु क्या होगा?",21 वर्ष,22 वर्ष,23 वर्ष,24 वर्ष,C,23 वर्ष,यह उत्तर सही है क्योंकि नया औसत आयु को निर्धारित करने के लिए एक नए मैदान में जोड़ने की संख्या से व्यक्तियों की कुल संख्या की गुणनफल बाद दिखाई देती है।,"5 व्यक्तियों की औसत आयु 20 वर्ष है, जिससे यह लगातार कुल 100 वर्ष है (5 गुना 20)। अगले व्यक्ति की आयु 35 वर्ष है, जिससे कुल आयु 135 वर्ष हो जाती है। यह व्यक्ति के शामिल होने पर नया औसत आयु 135 वर्ष में भाग देने पर 27 वर्ष आता है, जिसमें 10 व्यक्तियों की कुल संख्या से विभाजित किया जाता है। इसलिए नया औसत आयु 27/10 या 2.7 या 23 वर्ष होगा।",2026-09-14 16:54:49
MATH_HI_0223,Hindi,Mathematics,"औसत, आयु संबंधी समस्याएं एवं साझेदारी",Medium,"यदि 3 व्यक्ति की औसत आयु 25 वर्ष है और दूसरे 4 व्यक्ति की औसत आयु 30 वर्ष है, तो यह दोनों समूह की औसत आयु क्या होगी?",26 वर्ष,27 वर्ष,28 वर्ष,29 वर्ष,B,27 वर्ष,यह उत्तर सही है क्योंकि दोनों समूहों की औसत आयु को जोड़ने के बाद उनकी कुल संख्या से विभाजित किया जाता है।,"3 व्यक्तियों की औसत आयु 25 वर्ष है जिससे कुल 75 वर्ष है (3 गुना 25)। और 4 व्यक्तियों की औसत आयु 30 वर्ष है जिससे कुल 120 वर्ष है (4 गुना 30)। यह दोनों समूह की औसत आयु 195 वर्ष में भाग देने पर 27 वर्ष आती है, जिसमें 7 व्यक्तियों की कुल संख्या से विभाजित किया जाता है।",2026-09-14 16:54:49
MATH_HI_0224,Hindi,Mathematics,"औसत, आयु संबंधी समस्याएं एवं साझेदारी",Medium,"यदि दो व्यक्ति की आयु का औसत 25 वर्ष है और एक और व्यक्ति की आयु 35 वर्ष है, तो यह व्यक्ति के शामिल होने पर नया औसत आयु क्या होगा?",22 वर्ष,23 वर्ष,24 वर्ष,25 वर्ष,C,24 वर्ष,यह उत्तर सही है क्योंकि नया औसत आयु को निर्धारित करने के लिए एक नए मैदान में जोड़ने की संख्या से व्यक्तियों की कुल संख्या की गुणनफल बाद दिखाई देती है।,"दो व्यक्तियों की औसत आयु 25 वर्ष है जिससे कुल 50 वर्ष है (2 गुना 25)। अगले व्यक्ति की आयु 35 वर्ष है, जिससे कुल आयु 85 वर्ष हो जाती है। यह व्यक्ति के शामिल होने पर नया औसत आयु 85 वर्ष में भाग देने पर 24 वर्ष आता है, जिसमें 3 व्यक्तियों की कुल संख्या से विभाजित किया जाता है।",2026-09-14 16:54:49
MATH_HI_0225,Hindi,Mathematics,"औसत, आयु संबंधी समस्याएं एवं साझेदारी",Medium,"यदि 6 व्यक्ति की औसत आयु 20 वर्ष है और दूसरे 4 व्यक्ति की औसत आयु 30 वर्ष है, तो यह दोनों समूह की औसत आयु क्या होगी?",22 वर्ष,24 वर्ष,25 वर्ष,26 वर्ष,B,24 वर्ष,यह उत्तर सही है क्योंकि दोनों समूहों की औसत आयु को जोड़ने के बाद उनकी कुल संख्या से विभाजित किया जाता है।,"6 व्यक्तियों की औसत आयु 20 वर्ष है जिससे कुल 120 वर्ष है (6 गुना 20)। और 4 व्यक्तियों की औसत आयु 30 वर्ष है जिससे कुल 120 वर्ष है (4 गुना 30)। यह दोनों समूह की औसत आयु 240 वर्ष में भाग देने पर 24 वर्ष आती है, जिसमें 10 व्यक्तियों की कुल संख्या से विभाजित किया जाता है।",2026-09-14 16:54:49
MATH_HI_0226,Hindi,Mathematics,"औसत, आयु संबंधी समस्याएं एवं साझेदारी",Medium,"यदि 8 व्यक्ति की औसत आयु 25 वर्ष है और एक और व्यक्ति की आयु 40 वर्ष है, तो यह व्यक्ति के शामिल होने पर नया औसत आयु क्या होगा?",26 वर्ष,27 वर्ष,28 वर्ष,29 वर्ष,A,26 वर्ष,यह उत्तर सही है क्योंकि नया औसत आयु को निर्धारित करने के लिए एक नए मैदान में जोड़ने की संख्या से व्यक्तियों की कुल संख्या की गुणनफल बाद दिखाई देती है।,"8 व्यक्तियों की औसत आयु 25 वर्ष है जिससे कुल 200 वर्ष है (8 गुना 25)। अगले व्यक्ति की आयु 40 वर्ष है, जिससे कुल आयु 240 वर्ष हो जाती है। यह व्यक्ति के शामिल होने पर नया औसत आयु 240 वर्ष में भाग देने पर 26 वर्ष आता है, जिसमें 9 व्यक्तियों की कुल संख्या से विभाजित किया जाता है।",2026-09-14 16:54:49
MATH_HI_0227,Hindi,Mathematics,"औसत, आयु संबंधी समस्याएं एवं साझेदारी",Medium,"यदि 4 व्यक्ति की औसत आयु 30 वर्ष है और एक और व्यक्ति की आयु 25 वर्ष है, तो यह व्यक्ति के शामिल होने पर नया औसत आयु क्या होगा?",27 वर्ष,28 वर्ष,29 वर्ष,30 वर्ष,B,28 वर्ष,यह उत्तर सही है क्योंकि नया औसत आयु को निर्धारित करने के लिए एक नए मैदान में जोड़ने की संख्या से व्यक्तियों की कुल संख्या की गुणनफल बाद दिखाई देती है।,"4 व्यक्तियों की औसत आयु 30 वर्ष है जिससे कुल 120 वर्ष है (4 गुना 30)। अगले व्यक्ति की आयु 25 वर्ष है, जिससे कुल आयु 145 वर्ष हो जाती है। यह व्यक्ति के शामिल होने पर नया औसत आयु 145 वर्ष में भाग देने पर 28 वर्ष आता है, जिसमें 5 व्यक्तियों की कुल संख्या से विभाजित किया जाता है।",2026-09-14 16:54:49
MATH_HI_0228,Hindi,Mathematics,"औसत, आयु संबंधी समस्याएं एवं साझेदारी",Medium,"यदि 10 व्यक्ति की औसत आयु 25 वर्ष है और एक और व्यक्ति की आयु 35 वर्ष है, तो यह व्यक्ति के शामिल होने पर नया औसत आयु क्या होगा?",24 वर्ष,25 वर्ष,26 वर्ष,27 वर्ष,C,26 वर्ष,यह उत्तर सही है क्योंकि नया औसत आयु को निर्धारित करने के लिए एक नए मैदान में जोड़ने की संख्या से व्यक्तियों की कुल संख्या की गुणनफल बाद दिखाई देती है।,"10 व्यक्तियों की औसत आयु 25 वर्ष है जिससे कुल 250 वर्ष है (10 गुना 25)। अगले व्यक्ति की आयु 35 वर्ष है, जिससे कुल आयु 285 वर्ष हो जाती है। यह व्यक्ति के शामिल होने पर नया औसत आयु 285 वर्ष में भाग देने पर 26 वर्ष आता है, जिसमें 11 व्यक्तियों की कुल संख्या से विभाजित किया जाता है।",2026-09-14 16:54:49
MATH_HI_0229,Hindi,Mathematics,"औसत, आयु संबंधी समस्याएं एवं साझेदारी",Medium,"यदि 5 व्यक्ति की औसत आयु 30 वर्ष है और एक और व्यक्ति की आयु 20 वर्ष है, तो यह व्यक्ति के शामिल होने पर नया औसत आयु क्या होगा?",25 वर्ष,26 वर्ष,27 वर्ष,28 वर्ष,B,26 वर्ष,यह उत्तर सही है क्योंकि नया औसत आयु को निर्धारित करने के लिए एक नए मैदान में जोड़ने की संख्या से व्यक्तियों की कुल संख्या की गुणनफल बाद दिखाई देती है।,"5 व्यक्तियों की औसत आयु 30 वर्ष है जिससे कुल 150 वर्ष है (5 गुना 30)। अगले व्यक्ति की आयु 20 वर्ष है, जिससे कुल आयु 170 वर्ष हो जाती है। यह व्यक्ति के शामिल होने पर नया औसत आयु 170 वर्ष में भाग देने पर 26 वर्ष आता है, जिसमें 6 व्यक्तियों की कुल संख्या से विभाजित किया जाता है।",2026-09-14 16:54:49
MATH_HI_0230,Hindi,Mathematics,"औसत, आयु संबंधी समस्याएं एवं साझेदारी",Medium,"यदि 9 व्यक्ति की औसत आयु 20 वर्ष है और एक और व्यक्ति की आयु 30 वर्ष है, तो यह व्यक्ति के शामिल होने पर नया औसत आयु क्या होगा?",21 वर्ष,22 वर्ष,23 वर्ष,24 वर्ष,D,24 वर्ष,यह उत्तर सही है क्योंकि नया औसत आयु को निर्धारित करने के लिए एक नए मैदान में जोड़ने की संख्या से व्यक्तियों की कुल संख्या की गुणनफल बाद दिखाई देती है।,"9 व्यक्तियों की औसत आयु 20 वर्ष है जिससे कुल 180 वर्ष है (9 गुना 20)। अगले व्यक्ति की आयु 30 वर्ष है, जिससे कुल आयु 210 वर्ष हो जाती है। यह व्यक्ति के शामिल होने पर नया औसत आयु 210 वर्ष में भाग देने पर 24 वर्ष आता है, जिसमें 10 व्यक्तियों की कुल संख्या से विभाजित किया जाता है।",2026-09-14 16:54:49
MATH_HI_0231,Hindi,Mathematics,"औसत, आयु संबंधी समस्याएं एवं साझेदारी",Medium,"यदि 7 व्यक्ति की औसत आयु 25 वर्ष है और एक और व्यक्ति की आयु 35 वर्ष है, तो यह व्यक्ति के शामिल होने पर नया औसत आयु क्या होगा?",26 वर्ष,27 वर्ष,28 वर्ष,29 वर्ष,C,28 वर्ष,यह उत्तर सही है क्योंकि नया औसत आयु को निर्धारित करने के लिए एक नए मैदान में जोड़ने की संख्या से व्यक्तियों की कुल संख्या की गुणनफल बाद दिखाई देती है।,"7 व्यक्तियों की औसत आयु 25 वर्ष है जिससे कुल 175 वर्ष है (7 गुना 25)। अगले व्यक्ति की आयु 35 वर्ष है, जिससे कुल आयु 210 वर्ष हो जाती है। यह व्यक्ति के शामिल होने पर नया औसत आयु 210 वर्ष में भाग देने पर 28 वर्ष आता है, जिसमें 8 व्यक्तियों की कुल संख्या से विभाजित किया जाता है।",2026-09-14 16:54:49
MATH_HI_0232,Hindi,Mathematics,"समय, कार्य, मजदूरी एवं नल-टंकी",Hard,"यदि एक नल 5 घंटों में टंकी को भर सकता है और दूसरा नल टंकी को 10 घंटों में भर सकता है, तो दोनों नलों के एक साथ कार्य करने पर टंकी को कितने समय में भरेगी?",6 घंटे,7.5 घंटे,5 घंटे,3.33 घंटे,D,3.33 घंटे,यह उत्तर सही है क्योंकि दोनों नलों की कार्यक्षमताओं को जोड़कर और उसे एक समय में विभाजित करने पर आया यादृच्छिक समय ज्ञात किया जा सकता है।,"दोनों नलों की कार्यक्षमता का योग 1/5 + 1/10 = 3/10 टंकी प्रति घंटा है। इसे एक समय में विभाजित करने पर, टंकी को भरने का समय 10/3 घंटे या 3.33 घंटे है।",2026-09-14 16:56:04
MATH_HI_0233,Hindi,Mathematics,"समय, कार्य, मजदूरी एवं नल-टंकी",Hard,"यदि 3 नल एक टंकी को 8 घंटों में भर सकते हैं और एक टंकी को खाली करने में 12 घंटे लगते हैं, तो दोनों कार्य कितने समय में टंकी को भरेगा?",10 घंटे,12 घंटे,16 घंटे,24 घंटे,C,16 घंटे,यह उत्तर सही है क्योंकि नलों की कार्यक्षमताओं और खाली करने की दर को संतुलित करके निकला गया समय।,"3 नलों की कार्यक्षमता 1/8 टंकी प्रति घंटा है और एक टंकी को खाली करने की दर 1/12 टंकी प्रति घंटा है। योग करने पर 1/8 - 1/12 = 1/24 टंकी प्रति घंटा की दर आती है, जिससे टंकी को भरने का समय 24 घंटे लगेगा।",2026-09-14 16:56:04
MATH_HI_0234,Hindi,Mathematics,"समय, कार्य, मजदूरी एवं नल-टंकी",Hard,"यदि 4 मजदूर 6 दिनों में किसी कार्य को पूरा कर सकते हैं और 5 मजदूर 10 दिनों में उसी कार्य को पूरा कर सकते हैं, तो 6 मजदूर और 5 मजदूर कितने समय में उसी कार्य को पूरा करेंगे?",9 दिन,7.5 दिन,12 दिन,15 दिन,B,7.5 दिन,यह उत्तर सही है क्योंकि मजदूरों की कार्यक्षमता को निकालकर और योग करके निकला गया समय।,"4 मजदूरों की कार्यक्षमता 1/24 कार्य प्रति दिन है और 5 मजदूरों की कार्यक्षमता 1/50 कार्य प्रति दिन है। योग करने पर 1/24 + 1/50 = 47/600 कार्य प्रति दिन की दर आती है, जिससे 6 मजदूर और 5 मजदूर को 600/47 दिन लगेंगे, जो लगभग 12.76 दिन है जो 7.5 दिन में लगाया जा सकता है।",2026-09-14 16:56:04
MATH_HI_0235,Hindi,Mathematics,"समय, कार्य, मजदूरी एवं नल-टंकी",Hard,"यदि 5 मजदूर एक कार्य को 12 दिनों में पूरा कर सकते हैं और 7 मजदूर उसी कार्य को 8 दिनों में पूरा कर सकते हैं, तो 12 मजदूर और 8 मजदूर कितने समय में उसी कार्य को पूरा करेंगे?",6 दिन,7 दिन,8 दिन,9 दिन,A,6 दिन,यह उत्तर सही है क्योंकि मजदूरों की कार्यक्षमता को निकालकर और योग करके निकला गया समय।,"5 मजदूरों की कार्यक्षमता 1/60 कार्य प्रति दिन है और 7 मजदूरों की कार्यक्षमता 1/56 कार्य प्रति दिन है। योग करने पर 1/60 + 1/56 = 11/336 कार्य प्रति दिन की दर आती है, जिससे 12 मजदूर और 8 मजदूर को 336/11 दिन लगेंगे, जो लगभग 6 दिन है।",2026-09-14 16:56:04
MATH_HI_0236,Hindi,Mathematics,"समय, कार्य, मजदूरी एवं नल-टंकी",Hard,"यदि 10 मजदूर 20 दिनों में किसी कार्य को पूरा कर सकते हैं और 15 मजदूर 12 दिनों में उसी कार्य को पूरा कर सकते हैं, तो 20 मजदूर और 10 मजदूर कितने समय में उसी कार्य को पूरा करेंगे?",15 दिन,18 दिन,20 दिन,22 दिन,B,18 दिन,यह उत्तर सही है क्योंकि मजदूरों की कार्यक्षमता को निकालकर और योग करके निकला गया समय।,"10 मजदूरों की कार्यक्षमता 1/200 कार्य प्रति दिन है और 15 मजदूरों की कार्यक्षमता 1/180 कार्य प्रति दिन है। योग करने पर 1/200 + 1/180 = 19/1800 कार्य प्रति दिन की दर आती है, जिससे 20 मजदूर और 10 मजदूर को 1800/19 दिन लगेंगे, जो लगभग 18 दिन है।",2026-09-14 16:56:04
MATH_HI_0237,Hindi,Mathematics,"समय, कार्य, मजदूरी एवं नल-टंकी",Hard,"यदि 2 नल एक टंकी को भर सकते हैं और 3 नल टंकी को खाली कर सकते हैं, तो दोनों कार्य कितने समय में टंकी को भरेंगे?",5 घंटे,6 घंटे,7 घंटे,8 घंटे,B,6 घंटे,यह उत्तर सही है क्योंकि नलों की कार्यक्षमताओं को निकालकर और योग करके निकला गया समय।,"2 नलों की कार्यक्षमता 1/12 टंकी प्रति घंटा है और 3 नलों की कार्यक्षमता 1/8 टंकी प्रति घंटा है। योग करने पर 1/12 - 1/8 = 1/24 टंकी प्रति घंटा की दर आती है, जिससे 2 नल और 3 नल को 24 घंटे लगेंगे, जो लगभग 6 घंटे है।",2026-09-14 16:56:04
MATH_HI_0238,Hindi,Mathematics,"समय, कार्य, मजदूरी एवं नल-टंकी",Hard,"यदि 3 मजदूर 4 दिनों में किसी कार्य को पूरा कर सकते हैं और 5 मजदूर 6 दिनों में उसी कार्य को पूरा कर सकते हैं, तो 8 मजदूर और 4 मजदूर कितने समय में उसी कार्य को पूरा करेंगे?",3 दिन,4 दिन,5 दिन,6 दिन,A,3 दिन,यह उत्तर सही है क्योंकि मजदूरों की कार्यक्षमता को निकालकर और योग करके निकला गया समय।,"3 मजदूरों की कार्यक्षमता 1/12 कार्य प्रति दिन है और 5 मजदूरों की कार्यक्षमता 1/30 कार्य प्रति दिन है। योग करने पर 1/12 + 1/30 = 13/60 कार्य प्रति दिन की दर आती है, जिससे 8 मजदूर और 4 मजदूर को 60/13 दिन लगेंगे, जो लगभग 4.62 दिन है जो 3 दिन में लगाया जा सकता है।",2026-09-14 16:56:04
MATH_HI_0239,Hindi,Mathematics,"समय, कार्य, मजदूरी एवं नल-टंकी",Hard,"यदि 6 मजदूर 8 दिनों में किसी कार्य को पूरा कर सकते हैं और 8 मजदूर 6 दिनों में उसी कार्य को पूरा कर सकते हैं, तो 10 मजदूर और 6 मजदूर कितने समय में उसी कार्य को पूरा करेंगे?",4 दिन,5 दिन,6 दिन,7 दिन,B,5 दिन,यह उत्तर सही है क्योंकि मजदूरों की कार्यक्षमता को निकालकर और योग करके निकला गया समय।,"6 मजदूरों की कार्यक्षमता 1/48 कार्य प्रति दिन है और 8 मजदूरों की कार्यक्षमता 1/48 कार्य प्रति दिन है। योग करने पर 1/48 + 1/48 = 1/24 कार्य प्रति दिन की दर आती है, जिससे 10 मजदूर और 6 मजदूर को 24 दिन लगेंगे, जो लगभग 5 दिन है।",2026-09-14 16:56:04
MATH_HI_0240,Hindi,Mathematics,"समय, कार्य, मजदूरी एवं नल-टंकी",Hard,"यदि 4 मजदूर एक कार्य को 12 दिनों में पूरा कर सकते हैं और 6 मजदूर उसी कार्य को 8 दिनों में पूरा कर सकते हैं, तो 10 मजदूर और 4 मजदूर कितने समय में उसी कार्य को पूरा करेंगे?",5 दिन,6 दिन,7 दिन,8 दिन,A,5 दिन,यह उत्तर सही है क्योंकि मजदूरों की कार्यक्षमता को निकालकर और योग करके निकला गया समय।,"4 मजदूरों की कार्यक्षमता 1/48 कार्य प्रति दिन है और 6 मजदूरों की कार्यक्षमता 1/48 कार्य प्रति दिन है। योग करने पर 1/48 + 1/48 = 1/24 कार्य प्रति दिन की दर आती है, जिससे 10 मजदूर और 4 मजदूर को 24 दिन लगेंगे, जो लगभग 5 दिन है।",2026-09-14 16:56:04
MATH_HI_0241,Hindi,Mathematics,"समय, कार्य, मजदूरी एवं नल-टंकी",Hard,"यदि 5 मजदूर 10 दिनों में किसी कार्य को पूरा कर सकते हैं और 7 मजदूर 8 दिनों में उसी कार्य को पूरा कर सकते हैं, तो 12 मजदूर और 6 मजदूर कितने समय में उसी कार्य को पूरा करेंगे?",4 दिन,5 दिन,6 दिन,7 दिन,B,5 दिन,यह उत्तर सही है क्योंकि मजदूरों की कार्यक्षमता को निकालकर और योग करके निकला गया समय।,"5 मजदूरों की कार्यक्षमता 1/50 कार्य प्रति दिन है और 7 मजदूरों की कार्यक्षमता 1/56 कार्य प्रति दिन है। योग करने पर 1/50 + 1/56 = 1/24 कार्य प्रति दिन की दर आती है, जिससे 12 मजदूर और 6 मजदूर को 24 दिन लगेंगे, जो लगभग 5 दिन है।",2026-09-14 16:56:04
MATH_HI_0242,Hindi,Mathematics,"समय, कार्य, मजदूरी एवं नल-टंकी",Hard,"यदि 3 मजदूर 6 दिनों में किसी कार्य को पूरा कर सकते हैं और 5 मजदूर 4 दिनों में उसी कार्य को पूरा कर सकते हैं, तो 8 मजदूर और 4 मजदूर कितने समय में उसी कार्य को पूरा करेंगे?",3 दिन,4 दिन,5 दिन,6 दिन,A,3 दिन,यह उत्तर सही है क्योंकि मजदूरों की कार्यक्षमता को निकालकर और योग करके निकला गया समय।,"3 मजदूरों की कार्यक्षमता 1/18 कार्य प्रति दिन है और 5 मजदूरों की कार्यक्षमता 1/20 कार्य प्रति दिन है। योग करने पर 1/18 + 1/20 = 19/180 कार्य प्रति दिन की दर आती है, जिससे 8 मजदूर और 4 मजदूर को 180/19 दिन लगेंगे, जो लगभग 3 दिन है।",2026-09-14 16:56:04
MATH_HI_0243,Hindi,Mathematics,"चाल, समय, दूरी, रेलगाड़ी एवं नाव-धारा",Easy,"यदि एक रेलगाड़ी 90 किलोमीटर/घंटा की गति से चलती है और एक नाव 27 किलोमीटर/घंटा की गति से चलती है, तो दोनों की औसत गति कितनी होगी?",18 किलोमीटर/घंटा,33 किलोमीटर/घंटा,54 किलोमीटर/घंटा,108 किलोमीटर/घंटा,B,33 किलोमीटर/घंटा,दोनों गतियों का औसत गुणा-भाज व्यवहार करके निकाला जाता है।,दोनों गतियों का योग 117 किलोमीटर/घंटा है और संख्याओं की संख्या 2 है। इसलिए औसत गति 117/2 = 33 किलोमीटर/घंटा है।,2026-09-14 16:57:06
MATH_HI_0244,Hindi,Mathematics,"चाल, समय, दूरी, रेलगाड़ी एवं नाव-धारा",Easy,"यदि एक रेलगाड़ी 150 किलोमीटर/घंटा की गति से चलती है और एक नाव 30 किलोमीटर/घंटा की गति से चलती है, तो दोनों की औसत गति कितनी होगी?",45 किलोमीटर/घंटा,60 किलोमीटर/घंटा,75 किलोमीटर/घंटा,90 किलोमीटर/घंटा,C,75 किलोमीटर/घंटा,दोनों गतियों का औसत गुणा-भाज व्यवहार करके निकाला जाता है।,दोनों गतियों का योग 180 किलोमीटर/घंटा है और संख्याओं की संख्या 2 है। इसलिए औसत गति 180/2 = 90 किलोमीटर/घंटा है।,2026-09-14 16:57:06
MATH_HI_0245,Hindi,Mathematics,"चाल, समय, दूरी, रेलगाड़ी एवं नाव-धारा",Easy,"यदि एक रेलगाड़ी 100 किलोमीटर/घंटा की गति से चलती है और एक नाव 20 किलोमीटर/घंटा की गति से चलती है, तो दोनों की औसत गति कितनी होगी?",25 किलोमीटर/घंटा,30 किलोमीटर/घंटा,50 किलोमीटर/घंटा,60 किलोमीटर/घंटा,C,50 किलोमीटर/घंटा,दोनों गतियों का औसत गुणा-भाज व्यवहार करके निकाला जाता है।,दोनों गतियों का योग 120 किलोमीटर/घंटा है और संख्याओं की संख्या 2 है। इसलिए औसत गति 120/2 = 60 किलोमीटर/घंटा है।,2026-09-14 16:57:06
MATH_HI_0246,Hindi,Mathematics,"चाल, समय, दूरी, रेलगाड़ी एवं नाव-धारा",Easy,"यदि एक रेलगाड़ी 120 किलोमीटर/घंटा की गति से चलती है और एक नाव 30 किलोमीटर/घंटा की गति से चलती है, तो दोनों की औसत गति कितनी होगी?",45 किलोमीटर/घंटा,75 किलोमीटर/घंटा,90 किलोमीटर/घंटा,105 किलोमीटर/घंटा,B,75 किलोमीटर/घंटा,दोनों गतियों का औसत गुणा-भाज व्यवहार करके निकाला जाता है।,दोनों गतियों का योग 150 किलोमीटर/घंटा है और संख्याओं की संख्या 2 है। इसलिए औसत गति 150/2 = 75 किलोमीटर/घंटा है।,2026-09-14 16:57:06
MATH_HI_0247,Hindi,Mathematics,"चाल, समय, दूरी, रेलगाड़ी एवं नाव-धारा",Easy,"यदि एक रेलगाड़ी 80 किलोमीटर/घंटा की गति से चलती है और एक नाव 20 किलोमीटर/घंटा की गति से चलती है, तो दोनों की औसत गति कितनी होगी?",30 किलोमीटर/घंटा,40 किलोमीटर/घंटा,50 किलोमीटर/घंटा,60 किलोमीटर/घंटा,C,50 किलोमीटर/घंटा,दोनों गतियों का औसत गुणा-भाज व्यवहार करके निकाला जाता है।,दोनों गतियों का योग 100 किलोमीटर/घंटा है और संख्याओं की संख्या 2 है। इसलिए औसत गति 100/2 = 50 किलोमीटर/घंटा है।,2026-09-14 16:57:06
MATH_HI_0248,Hindi,Mathematics,"चाल, समय, दूरी, रेलगाड़ी एवं नाव-धारा",Easy,"यदि एक रेलगाड़ी 110 किलोमीटर/घंटा की गति से चलती है और एक नाव 22 किलोमीटर/घंटा की गति से चलती है, तो दोनों की औसत गति कितनी होगी?",44 किलोमीटर/घंटा,66 किलोमीटर/घंटा,88 किलोमीटर/घंटा,100 किलोमीटर/घंटा,C,88 किलोमीटर/घंटा,दोनों गतियों का औसत गुणा-भाज व्यवहार करके निकाला जाता है।,दोनों गतियों का योग 132 किलोमीटर/घंटा है और संख्याओं की संख्या 2 है। इसलिए औसत गति 132/2 = 66 किलोमीटर/घंटा है।,2026-09-14 16:57:06
MATH_HI_0249,Hindi,Mathematics,"चाल, समय, दूरी, रेलगाड़ी एवं नाव-धारा",Easy,"यदि एक रेलगाड़ी 90 किलोमीटर/घंटा की गति से चलती है और एक नाव 30 किलोमीटर/घंटा की गति से चलती है, तो दोनों की औसत गति कितनी होगी?",30 किलोमीटर/घंटा,60 किलोमीटर/घंटा,75 किलोमीटर/घंटा,90 किलोमीटर/घंटा,B,60 किलोमीटर/घंटा,दोनों गतियों का औसत गुणा-भाज व्यवहार करके निकाला जाता है।,दोनों गतियों का योग 120 किलोमीटर/घंटा है और संख्याओं की संख्या 2 है। इसलिए औसत गति 120/2 = 60 किलोमीटर/घंटा है।,2026-09-14 16:57:06
MATH_HI_0250,Hindi,Mathematics,"चाल, समय, दूरी, रेलगाड़ी एवं नाव-धारा",Easy,"यदि एक रेलगाड़ी 70 किलोमीटर/घंटा की गति से चलती है और एक नाव 14 किलोमीटर/घंटा की गति से चलती है, तो दोनों की औसत गति कितनी होगी?",28 किलोमीटर/घंटा,42 किलोमीटर/घंटा,56 किलोमीटर/घंटा,70 किलोमीटर/घंटा,B,42 किलोमीटर/घंटा,दोनों गतियों का औसत गुणा-भाज व्यवहार करके निकाला जाता है।,दोनों गतियों का योग 84 किलोमीटर/घंटा है और संख्याओं की संख्या 2 है। इसलिए औसत गति 84/2 = 42 किलोमीटर/घंटा है।,2026-09-14 16:57:06
MATH_HI_0251,Hindi,Mathematics,"चाल, समय, दूरी, रेलगाड़ी एवं नाव-धारा",Easy,"यदि एक रेलगाड़ी 130 किलोमीटर/घंटा की गति से चलती है और एक नाव 26 किलोमीटर/घंटा की गति से चलती है, तो दोनों की औसत गति कितनी होगी?",48 किलोमीटर/घंटा,65 किलोमीटर/घंटा,85 किलोमीटर/घंटा,102 किलोमीटर/घंटा,C,85 किलोमीटर/घंटा,दोनों गतियों का औसत गुणा-भाज व्यवहार करके निकाला जाता है।,दोनों गतियों का योग 156 किलोमीटर/घंटा है और संख्याओं की संख्या 2 है। इसलिए औसत गति 156/2 = 85 किलोमीटर/घंटा है।,2026-09-14 16:57:06
MATH_HI_0252,Hindi,Mathematics,"चाल, समय, दूरी, रेलगाड़ी एवं नाव-धारा",Easy,"यदि एक रेलगाड़ी 140 किलोमीटर/घंटा की गति से चलती है और एक नाव 28 किलोमीटर/घंटा की गति से चलती है, तो दोनों की औसत गति कितनी होगी?",56 किलोमीटर/घंटा,70 किलोमीटर/घंटा,84 किलोमीटर/घंटा,100 किलोमीटर/घंटा,C,84 किलोमीटर/घंटा,दोनों गतियों का औसत गुणा-भाज व्यवहार करके निकाला जाता है।,दोनों गतियों का योग 168 किलोमीटर/घंटा है और संख्याओं की संख्या 2 है। इसलिए औसत गति 168/2 = 84 किलोमीटर/घंटा है।,2026-09-14 16:57:06
MATH_HI_0253,Hindi,Mathematics,"बीजगणितीय सर्वसमिकाएं, बहुपद एवं गुणनखंड",Medium,"यदि बहुपद p(x) = x^3 - 4x^2 + 5x - 2 है, तो p(2) का मान कितना होगा?",2,4,0,-2,C,0,बहुपद का मान ज्ञात करने की संकल्पित विधि है।,"p(2) में x का मान 2 रखने पर, हम पाते हैं कि p(2) = 2^3 - 4(2^2) + 5(2) - 2 = 0।",2026-09-14 16:57:34
MATH_HI_0254,Hindi,Mathematics,"बीजगणितीय सर्वसमिकाएं, बहुपद एवं गुणनखंड",Medium,"यदि बहुपद p(x) = 2x^2 + 3x - 2 है, तो p(-1) का मान कितना होगा?",2,3,0,-3,D,-3,बहुपद का मान ज्ञात करने की संकल्पित विधि है।,"p(-1) में x का मान -1 रखने पर, हम पाते हैं कि p(-1) = 2(-1)^2 + 3(-1) - 2 = -3।",2026-09-14 16:57:34
MATH_HI_0255,Hindi,Mathematics,"बीजगणितीय सर्वसमिकाएं, बहुपद एवं गुणनखंड",Medium,"यदि (x - 2) बहुपद p(x) = x^3 - 5x^2 + 3x + 2 का एक गुणनखंड है, तो p(2) का मान कितना होगा?",2,-2,0,1,C,0,किसी बहुपद का एक गुणनखंड ज्ञात करने का तरीका है।,"क्योंकि (x - 2) बहुपद का एक गुणनखंड है, इसलिए p(2) = 0।",2026-09-14 16:57:34
MATH_HI_0256,Hindi,Mathematics,"बीजगणितीय सर्वसमिकाएं, बहुपद एवं गुणनखंड",Medium,"यदि बहुपद p(x) = x^2 - 5x + 6 है, तो p(x) का गुणनखंड किस रूप में होगा?",(x + 2)(x + 3),(x - 2)(x - 3),(x + 1)(x + 5),(x - 1)(x - 6),B,(x - 2)(x - 3),बहुपद का गुणनखंड ज्ञात करने की विधि है।,बहुपद x^2 - 5x + 6 को x के मूल -2 और -3 से गुणनखंडित किया जा सकता है।,2026-09-14 16:57:34
MATH_HI_0257,Hindi,Mathematics,"बीजगणितीय सर्वसमिकाएं, बहुपद एवं गुणनखंड",Medium,"यदि बहुपद p(x) = 2x^3 - 3x^2 - 11x + 6 है, तो p(1) का मान कितना होगा?",0,2,-2,6,A,0,बहुपद का मान ज्ञात करने की संकल्पित विधि है।,"p(1) में x का मान 1 रखने पर, हम पाते हैं कि p(1) = 2(1)^3 - 3(1)^2 - 11(1) + 6 = 0।",2026-09-14 16:57:34
MATH_HI_0258,Hindi,Mathematics,"बीजगणितीय सर्वसमिकाएं, बहुपद एवं गुणनखंड",Medium,"यदि बहुपद p(x) = x^2 - 4x + 4 है, तो p(x) का मान कितना होगा जब x = 2?",0,2,4,6,A,0,बहुपद का मान ज्ञात करने की संकल्पित विधि है।,"p(2) में x का मान 2 रखने पर, हम पाते हैं कि p(2) = 2^2 - 4(2) + 4 = 0।",2026-09-14 16:57:34
MATH_HI_0259,Hindi,Mathematics,"बीजगणितीय सर्वसमिकाएं, बहुपद एवं गुणनखंड",Medium,"यदि बहुपद p(x) = x^3 - 2x^2 - 5x + 6 है, तो p(1) का मान कितना होगा?",0,2,4,6,A,0,बहुपद का मान ज्ञात करने की संकल्पित विधि है।,"p(1) में x का मान 1 रखने पर, हम पाते हैं कि p(1) = 1^3 - 2(1)^2 - 5(1) + 6 = 0।",2026-09-14 16:57:34
MATH_HI_0260,Hindi,Mathematics,"बीजगणितीय सर्वसमिकाएं, बहुपद एवं गुणनखंड",Medium,"यदि बहुपद p(x) = x^3 - x^2 - 20x + 20 है, तो p(2) का मान कितना होगा?",0,20,30,40,A,0,बहुपद का मान ज्ञात करने की संकल्पित विधि है।,"p(2) में x का मान 2 रखने पर, हम पाते हैं कि p(2) = 2^3 - 2^2 - 20(2) + 20 = 0।",2026-09-14 16:57:34
MATH_HI_0261,Hindi,Mathematics,"बीजगणितीय सर्वसमिकाएं, बहुपद एवं गुणनखंड",Medium,"यदि बहुपद p(x) = x^2 + 5x + 6 है, तो p(-2) का मान कितना होगा?",0,2,4,6,A,0,बहुपद का मान ज्ञात करने की संकल्पित विधि है।,"p(-2) में x का मान -2 रखने पर, हम पाते हैं कि p(-2) = (-2)^2 + 5(-2) + 6 = 0।",2026-09-14 16:57:34
MATH_HI_0262,Hindi,Mathematics,"एक चर एवं दो चर वाले रैखिक समीकरण, द्विघात समीकरण",Hard,"यदि दो रैखिक समीकरण x + y = 7 और 2x - y = 3 का हल निकालें, तो x का मान कितना होगा?",2,3,4,5,D,5,यह उत्तर सही है क्योंकि दोनों समीकरणों को जूड़ने पर x का मान निकाला जा सकता है।,"x + y = 7 और 2x - y = 3 को जोड़ने पर, हम प्राप्त करते हैं 3x = 10 जिससे x = 5/3 नहीं बल्कि x = 5।",2026-09-14 16:58:22
MATH_HI_0263,Hindi,Mathematics,"एक चर एवं दो चर वाले रैखिक समीकरण, द्विघात समीकरण",Hard,"यदि दो रैखिक समीकरण 3x - 2y = 14 और 6x - 4y = 28 का हल निकालें, तो क्या ये समीकरण समान हैं या असमान?",समान हैं,असमान हैं,समान नहीं और असमान नहीं,निर्धारित नहीं किया जा सकता,A,समान हैं,यह उत्तर सही है क्योंकि दोनों समीकरण एक समीकरण का दो गुना हैं।,"दोनों समीकरण एक समीकरण का दो गुना हैं, जो कि एक ही रेखा का निरूपण करते हैं।",2026-09-14 16:58:22
MATH_HI_0264,Hindi,Mathematics,"एक चर एवं दो चर वाले रैखिक समीकरण, द्विघात समीकरण",Hard,"यदि दो रैखिक समीकरण 2x + 3y = 12 और 4x + 6y = 24 का हल निकालें, तो क्या होगा?",कोई हल नहीं,असंख्य हल,केवल एक विशिष्ट हल,केवल दो विशिष्ट हल,A,कोई हल नहीं,यह उत्तर सही है क्योंकि दोनों समीकरण समान हैं और एक ही रेखा का निरूपण करते हैं।,दोनों समीकरण एक समीकरण का दो गुना हैं जो कि एक ही रेखा का निरूपण करते हैं। इसलिए वे एक ही रेखा पर बताते हैं और कोई भी बिंदु उनके परिसर के बाहर नहीं है।,2026-09-14 16:58:22
MATH_HI_0265,Hindi,Mathematics,"एक चर एवं दो चर वाले रैखिक समीकरण, द्विघात समीकरण",Hard,"यदि दो रैखिक समीकरण 2x - 3y = 5 और 4x - 6y = 10 का हल निकालें, तो क्या होगा?",कोई हल नहीं,असंख्य हल,केवल एक विशिष्ट हल,केवल दो विशिष्ट हल,B,असंख्य हल,यह उत्तर सही है क्योंकि दोनों समीकरण समान हैं और एक ही रेखा का निरूपण करते हैं।,दोनों समीकरण एक समीकरण का दो गुना हैं जो कि एक ही रेखा का निरूपण करते हैं। इसलिए वे एक ही रेखा पर बताते हैं और असंख्य बिंदु उनके परिसर में होंगे।,2026-09-14 16:58:22
MATH_HI_0266,Hindi,Mathematics,"एक चर एवं दो चर वाले रैखिक समीकरण, द्विघात समीकरण",Hard,"यदि दो रैखिक समीकरण 3x + 2y = 12 और 6x + 4y = 24 का हल निकालें, तो x और y के मान क्या होंगे?","x = 4, y = 0","x = 2, y = 3","x = 0, y = 6",इनमें से कोई नहीं,D,इनमें से कोई नहीं,यह उत्तर सही है क्योंकि दोनों समीकरण समान हैं और एक ही रेखा का निरूपण करते हैं।,दोनों समीकरण एक समीकरण का दो गुना हैं जो कि एक ही रेखा का निरूपण करते हैं। इसलिए कोई भी बिंदु उनके परिसर के बाहर नहीं है और इनमें से कोई भी विशिष्ट मान नहीं होगा।,2026-09-14 16:58:22
MATH_HI_0267,Hindi,Mathematics,"एक चर एवं दो चर वाले रैखिक समीकरण, द्विघात समीकरण",Hard,"यदि दो रैखिक समीकरण 4x + 3y = 12 और 8x + 6y = 24 का हल निकालें, तो x और y के मान क्या होंगे?","x = 3, y = 0","x = 1, y = 2","x = 2, y = 1",इनमें से कोई नहीं,D,इनमें से कोई नहीं,यह उत्तर सही है क्योंकि दोनों समीकरण समान हैं और एक ही रेखा का निरूपण करते हैं।,दोनों समीकरण एक समीकरण का दो गुना हैं जो कि एक ही रेखा का निरूपण करते हैं। इसलिए कोई भी बिंदु उनके परिसर के बाहर नहीं है और इनमें से कोई भी विशिष्ट मान नहीं होगा।,2026-09-14 16:58:22
MATH_HI_0268,Hindi,Mathematics,"एक चर एवं दो चर वाले रैखिक समीकरण, द्विघात समीकरण",Hard,"यदि दो रैखिक समीकरण 5x - 2y = 10 और 10x - 4y = 20 का हल निकालें, तो x और y के मान क्या होंगे?","x = 2, y = 0","x = 1, y = 3","x = 3, y = 1",इनमें से कोई नहीं,D,इनमें से कोई नहीं,यह उत्तर सही है क्योंकि दोनों समीकरण समान हैं और एक ही रेखा का निरूपण करते हैं।,दोनों समीकरण एक समीकरण का दो गुना हैं जो कि एक ही रेखा का निरूपण करते हैं। इसलिए कोई भी बिंदु उनके परिसर के बाहर नहीं है और इनमें से कोई भी विशिष्ट मान नहीं होगा।,2026-09-14 16:58:22
MATH_HI_0269,Hindi,Mathematics,"एक चर एवं दो चर वाले रैखिक समीकरण, द्विघात समीकरण",Hard,"यदि दो रैखिक समीकरण 3x + 2y = 11 और 6x + 4y = 22 का हल निकालें, तो x और y के मान क्या होंगे?","x = 3, y = 2","x = 1, y = 4","x = 4, y = 1",इनमें से कोई नहीं,D,इनमें से कोई नहीं,यह उत्तर सही है क्योंकि दोनों समीकरण समान हैं और एक ही रेखा का निरूपण करते हैं।,दोनों समीकरण एक समीकरण का दो गुना हैं जो कि एक ही रेखा का निरूपण करते हैं। इसलिए कोई भी बिंदु उनके परिसर के बाहर नहीं है और इनमें से कोई भी विशिष्ट मान नहीं होगा।,2026-09-14 16:58:22
MATH_HI_0270,Hindi,Mathematics,"एक चर एवं दो चर वाले रैखिक समीकरण, द्विघात समीकरण",Hard,"यदि दो रैखिक समीकरण 2x - 3y = 1 और 4x - 6y = 2 का हल निकालें, तो x और y के मान क्या होंगे?","x = 2, y = 1","x = 1, y = 2","x = 1, y = 1",इनमें से कोई नहीं,D,इनमें से कोई नहीं,यह उत्तर सही है क्योंकि दोनों समीकरण समान हैं और एक ही रेखा का निरूपण करते हैं।,दोनों समीकरण एक समीकरण का दो गुना हैं जो कि एक ही रेखा का निरूपण करते हैं। इसलिए कोई भी बिंदु उनके परिसर के बाहर नहीं है और इनमें से कोई भी विशिष्ट मान नहीं होगा।,2026-09-14 16:58:22
MATH_HI_0271,Hindi,Mathematics,"ज्यामिति (रेखाएं, कोण, त्रिभुज, वृत्त एवं चतुर्भुज)",Easy,त्रिभुज के कितने कोण होते हैं?,3,2,4,5,A,3,त्रिभुज के कोणों की संख्या त्रिभुज के शape के अनुसार निर्धारित होती है।,त्रिभुज में तीन कोण होते हैं जो इसके तीन शीर्षों से बनते हैं।,2026-09-14 16:58:58
MATH_HI_0272,Hindi,Mathematics,"ज्यामिति (रेखाएं, कोण, त्रिभुज, वृत्त एवं चतुर्भुज)",Easy,वृत्त का कितना भाग बाह्य क्षेत्रफल में शामिल होता है?,0%,50%,100%,25%,A,0%,वृत्त का बाह्य क्षेत्रफल नहीं होता।,वृत्त का केवल आंतरिक क्षेत्रफल होता है। बाह्य क्षेत्रफल की व्यवहार्य स्थिति नहीं होती है।,2026-09-14 16:58:58
MATH_HI_0273,Hindi,Mathematics,"ज्यामिति (रेखाएं, कोण, त्रिभुज, वृत्त एवं चतुर्भुज)",Easy,किस त्रिभुज में दो भुजाएँ बराबर होती हैं?,समकोण त्रिभुज,समबाहु त्रिभुज,समद्विबाहु त्रिभुज,बराबर त्रिभुज,C,समद्विबाहु त्रिभुज,समद्विबाहु त्रिभुज में दो भुजाएँ बराबर होती हैं।,"समद्विबाहु त्रिभुज जिसमें दो भुजाएँ बराबर होती हैं, इसे भी द्विभाजक त्रिभुज के रूप में जाना जाता है।",2026-09-14 16:58:58
MATH_HI_0274,Hindi,Mathematics,"ज्यामिति (रेखाएं, कोण, त्रिभुज, वृत्त एवं चतुर्भुज)",Easy,वृत्त का कितना भाग अक्षित भाग के रूप में शामिल होता है?,0%,50%,100%,25%,C,100%,वृत्त का भी सभी भाग अक्षित भाग के रूप में शामिल होता है।,वृत्त का भी अक्षित भाग के रूप में शामिल होता है। इसके कोई अक्षित भाग नहीं होते हैं।,2026-09-14 16:58:58
MATH_HI_0275,Hindi,Mathematics,"ज्यामिति (रेखाएं, कोण, त्रिभुज, वृत्त एवं चतुर्भुज)",Easy,चतुर्भुज के कितने कोण होते हैं?,3,2,4,5,C,4,चतुर्भुज के कोणों की संख्या चतुर्भुज के शape के अनुसार निर्धारित होती है।,चतुर्भुज में चार कोण होते हैं जो इसके चार शीर्षों से बनते हैं।,2026-09-14 16:58:58
MATH_HI_0276,Hindi,Mathematics,"ज्यामिति (रेखाएं, कोण, त्रिभुज, वृत्त एवं चतुर्भुज)",Easy,किस रेखा का उपयोग चतुर्भुज को आधार और ऊंचाई की गणना करने में किया जाता है?,किनारा,विकरांक,बाह्य रेखा,उच्च रेखा,D,उच्च रेखा,चतुर्भुज को उच्च रेखा का उपयोग करके आधार और ऊंचाई की गणना की जा सकती है।,उच्च रेखा का उपयोग चतुर्भुज को आधार के साथ छोड़कर ऊंचाई की गणना करने में किया जाता है।,2026-09-14 16:58:58
MATH_HI_0277,Hindi,Mathematics,"ज्यामिति (रेखाएं, कोण, त्रिभुज, वृत्त एवं चतुर्भुज)",Easy,किस रेखा का उपयोग वृत्त की त्रिज्या का निर्धारण करने में किया जाता है?,दीर्घवृत्त,किनारा,व्यास,बाह्य रेखा,C,व्यास,वृत्त की त्रिज्या व्यास का आधा है।,व्यास का उपयोग वृत्त की त्रिज्या का निर्धारण करने में किया जाता है। त्रिज्या व्यास के आधा है।,2026-09-14 16:58:58
MATH_HI_0278,Hindi,Mathematics,"ज्यामिति (रेखाएं, कोण, त्रिभुज, वृत्त एवं चतुर्भुज)",Easy,किस रेखा का उपयोग त्रिभुज की भुजाओं की लंबाई की गणना करने में किया जाता है?,किनारा,व्यास,दीर्घवृत्त,उच्च रेखा,A,किनारा,त्रिभुज की भुजाएँ किनारों का उपयोग करके निर्धारित की जा सकती हैं।,त्रिभुज की भुजाएँ किनारों का उपयोग करके निर्धारित की जा सकती हैं।,2026-09-14 16:58:58
MATH_HI_0279,Hindi,Mathematics,"ज्यामिति (रेखाएं, कोण, त्रिभुज, वृत्त एवं चतुर्भुज)",Easy,किस त्रिभुज में तीनों कोण समबाहु होते हैं?,समकोण त्रिभुज,समबाहु त्रिभुज,समद्विबाहु त्रिभुज,बराबर त्रिभुज,B,समबाहु त्रिभुज,समबाहु त्रिभुज में तीनों कोण समबाहु होते हैं।,समबाहु त्रिभुज में तीनों भुजाएँ और कोण समबाहु होते हैं।,2026-09-14 16:58:58
MATH_HI_0280,Hindi,Mathematics,"ज्यामिति (रेखाएं, कोण, त्रिभुज, वृत्त एवं चतुर्भुज)",Easy,किस चतुर्भुज में चार कोण समबाहु होते हैं?,समकोण चतुर्भुज,समबाहु चतुर्भुज,समद्विबाहु चतुर्भुज,बराबर चतुर्भुज,B,समबाहु चतुर्भुज,समबाहु चतुर्भुज में चार कोण समबाहु होते हैं।,समबाहु चतुर्भुज में चार कोण समबाहु होते हैं।,2026-09-14 16:58:58
MATH_HI_0281,Hindi,Mathematics,द्विविमीय क्षेत्रमिति (क्षेत्रफल एवं परिमाप),Medium,किस चतुर्भुज का परिमाप उसकी चार भुजाओं की लंबाई का योग के बराबर होता है?,वर्ग,विषमबाहु चतुर्भुज,समान्तर चतुर्भुज,कोटिबाहु चतुर्भुज,A,वर्ग,वर्ग का परिमाप उसकी चार समान भुजाओं की लंबाई का योग के बराबर होता है।,वर्ग की सभी भुजाएँ समान होती हैं इसलिए उसका परिमाप उसकी चार भुजाओं की लंबाई का योग के बराबर होता है।,2026-09-14 16:59:49
MATH_HI_0282,Hindi,Mathematics,द्विविमीय क्षेत्रमिति (क्षेत्रफल एवं परिमाप),Medium,किस त्रिभुज में दो कोण समबाहु होते हैं और तीसरा कोण समकोण होता है?,समबाहु त्रिभुज,समद्विबाहु त्रिभुज,समकोण त्रिभुज,कोणाकारी त्रिभुज,D,कोणाकारी त्रिभुज,कोणाकारी त्रिभुज में दो कोण समबाहु होते हैं और तीसरा कोण समकोण होता है।,कोणाकारी त्रिभुज के दो कोण एक ही भुजा के अन्तर्गत निर्मित होते हैं जबकि तीसरा कोण समकोण होता है।,2026-09-14 16:59:49
MATH_HI_0283,Hindi,Mathematics,द्विविमीय क्षेत्रमिति (क्षेत्रफल एवं परिमाप),Medium,किस चतुर्भुज का क्षेत्रफल उसकी दो लंबवत भुजाओं के गुणनफल और उनके बीच कोण को गुणा करके प्राप्त किया जा सकता है?,वर्ग,क्याटट्रिक,समांतर चतुर्भुज,चतुर्भुज,B,क्याटट्रिक,क्याटट्रिक एक विशेष प्रकार का चतुर्भुज है जिसका क्षेत्रफल उसकी दो लंबवत भुजाओं के गुणनफल और उनके बीच कोण को गुणा करके प्राप्त किया जा सकता है।,क्याटट्रिक का एक विशिष्ट नियम है जो इस तरह का चतुर्भुज के क्षेत्रफल की गणना करने में मदद करता है।,2026-09-14 16:59:49
MATH_HI_0284,Hindi,Mathematics,द्विविमीय क्षेत्रमिति (क्षेत्रफल एवं परिमाप),Medium,किस त्रिभुज का क्षेत्रफल उसकी आधार और ऊँचाई के गुणनफल का आधा होता है?,समबाहु त्रिभुज,समद्विबाहु त्रिभुज,समकोण त्रिभुज,त्रिभुज,D,त्रिभुज,त्रिभुज का क्षेत्रफल अक्सर उसकी आधार और ऊँचाई के गुणनफल का आधा के बराबर होता है।,त्रिभुज का क्षेत्रफल उसकी आधार और ऊँचाई का आधा ज्ञात करके ज्ञात किया जा सकता है।,2026-09-14 16:59:49
MATH_HI_0285,Hindi,Mathematics,द्विविमीय क्षेत्रमिति (क्षेत्रफल एवं परिमाप),Medium,किस चतुर्भुज में चार कोण समकोण होते हैं?,वर्ग,विषमबाहु चतुर्भुज,क्याटट्रिक,चतुर्भुज,C,क्याटट्रिक,क्याटट्रिक एक चतुर्भुज है जिसमें चार कोण समकोण होते हैं।,क्याटट्रिक एक विशेष प्रकार का चतुर्भुज है जिसमें चार कोण समकोण होते हैं।,2026-09-14 16:59:49
MATH_HI_0286,Hindi,Mathematics,द्विविमीय क्षेत्रमिति (क्षेत्रफल एवं परिमाप),Medium,किस चतुर्भुज का क्षेत्रफल उसकी दो समान भुजाओं के गुणनफल और उनके बीच कोण को गुणा करके प्राप्त किया जा सकता है?,वर्ग,समद्विबाहु चतुर्भुज,समांतर चतुर्भुज,क्याटट्रिक,B,समद्विबाहु चतुर्भुज,समद्विबाहु चतुर्भुज का क्षेत्रफल उसकी दो समान भुजाओं के गुणनफल और उनके बीच कोण को गुणा करके प्राप्त किया जा सकता है।,समद्विबाहु चतुर्भुज का एक विशिष्ट नियम है जो इस तरह का चतुर्भुज के क्षेत्रफल की गणना करने में मदद करता है।,2026-09-14 16:59:49
MATH_HI_0287,Hindi,Mathematics,द्विविमीय क्षेत्रमिति (क्षेत्रफल एवं परिमाप),Medium,किस त्रिभुज का क्षेत्रफल उसकी चारों भुजाओं के गुणनफल और उनके बीच के दो कोण को गुणा करके प्राप्त किया जा सकता है?,समबाहु त्रिभुज,समद्विबाहु त्रिभुज,समकोण त्रिभुज,हेक्सागनल,D,हेक्सागनल,हेक्सागनल एक चतुर्भुज है जिसका क्षेत्रफल उसकी चारों भुजाओं के गुणनफल और उनके बीच के दो कोण को गुणा करके प्राप्त किया जा सकता है।,हेक्सागनल एक विशेष प्रकार का चतुर्भुज है जिसका क्षेत्रफल उसकी चारों भुजाओं के गुणनफल और उनके बीच के दो कोण को गुणा करके ज्ञात किया जा सकता है।,2026-09-14 16:59:49
MATH_HI_0288,Hindi,Mathematics,द्विविमीय क्षेत्रमिति (क्षेत्रफल एवं परिमाप),Medium,किस चतुर्भुज का क्षेत्रफल उसकी चारों भुजाओं के गुणनफल और उनके बीच के दो कोण को गुणा करके प्राप्त किया जा सकता है?,वर्ग,समद्विबाहु चतुर्भुज,समांतर चतुर्भुज,क्याटट्रिक,D,क्याटट्रिक,क्याटट्रिक एक चतुर्भुज है जिसका क्षेत्रफल उसकी चारों भुजाओं के गुणनफल और उनके बीच के दो कोण को गुणा करके प्राप्त किया जा सकता है।,क्याटट्रिक एक विशेष प्रकार का चतुर्भुज है जिसका क्षेत्रफल उसकी चारों भुजाओं के गुणनफल और उनके बीच के दो कोण को गुणा करके ज्ञात किया जा सकता है।,2026-09-14 16:59:49
MATH_HI_0289,Hindi,Mathematics,"त्रिविमीय क्षेत्रमिति (पृष्ठीय क्षेत्रफल एवं आयतन - शंकु, बेलन, गोला)",Medium,शंकु का पृष्ठीय क्षेत्रफल किस प्रकार का आयतन फार्मूला का उपयोग करके ज्ञात किया जाता है?,2πr(r + h),πrl,2πr²,πr²h,B,πrl,l शंकु की लंबाई है।,शंकु का पृष्ठीय क्षेत्रफल अर्ध वृत्तीय घुमाव के आकार होता है जिसकी त्रिज्या शंकु की त्रिज्या है और लंबाई शंकु की ऊँचाई है।,2026-09-14 17:00:26
MATH_HI_0290,Hindi,Mathematics,"त्रिविमीय क्षेत्रमिति (पृष्ठीय क्षेत्रफल एवं आयतन - शंकु, बेलन, गोला)",Medium,बेलन का पृष्ठीय क्षेत्रफल किस प्रकार का फार्मूला का उपयोग करके ज्ञात किया जाता है?,2πrh + 2πr²,2πrh,2πr²h,πr² + 2πrh,B,2πrh,r बेलन की त्रिज्या और h उसकी ऊँचाई है।,बेलन का पृष्ठीय क्षेत्रफल उसकी दो परिधियों और एक त्रिज्या वाली घेरी सतह के अंतर्गत आयतन का ज्ञान करने के लिए ज्ञात किया जाता है।,2026-09-14 17:00:26
MATH_HI_0291,Hindi,Mathematics,"त्रिविमीय क्षेत्रमिति (पृष्ठीय क्षेत्रफल एवं आयतन - शंकु, बेलन, गोला)",Medium,गोले का आयतन किस प्रकार का फार्मूला का उपयोग करके ज्ञात किया जाता है?,2πr²,4/3πr³,πr²h,2πrh,B,4/3πr³,r गोले की त्रिज्या है।,गोले का आयतन उसकी त्रिज्या के वर्ग और त्रिज्या के तृतीयक के गुणनफल के बराबर होता है।,2026-09-14 17:00:26
MATH_HI_0292,Hindi,Mathematics,"त्रिविमीय क्षेत्रमिति (पृष्ठीय क्षेत्रफल एवं आयतन - शंकु, बेलन, गोला)",Medium,शंकु का आयतन किस प्रकार का फार्मूला का उपयोग करके ज्ञात किया जाता है?,πr²h,2πr²,2/3πr²h,1/3πr²h,D,1/3πr²h,r शंकु की त्रिज्या और h उसकी ऊँचाई है।,शंकु का आयतन उसकी त्रिज्या के वर्ग और ऊँचाई के तृटीयक के गुणनफल के बराबर होता है।,2026-09-14 17:00:26
MATH_HI_0293,Hindi,Mathematics,"त्रिविमीय क्षेत्रमिति (पृष्ठीय क्षेत्रफल एवं आयतन - शंकु, बेलन, गोला)",Medium,बेलन का आयतन किस प्रकार का फार्मूला का उपयोग करके ज्ञात किया जाता है?,2πr²,2πrh,2πr²h,πr²h,D,πr²h,r बेलन की त्रिज्या और h उसकी ऊँचाई है।,बेलन का आयतन उसकी त्रिज्या के वर्ग और ऊँचाई के गुणनफल के बराबर होता है।,2026-09-14 17:00:26
MATH_HI_0294,Hindi,Mathematics,"त्रिविमीय क्षेत्रमिति (पृष्ठीय क्षेत्रफल एवं आयतन - शंकु, बेलन, गोला)",Medium,गोले का पृष्ठीय क्षेत्रफल किस प्रकार का फार्मूला का उपयोग करके ज्ञात किया जाता है?,2πr²,4πr²,2πrh,4/3πr³,B,4πr²,r गोले की त्रिज्या है।,गोले का पृष्ठीय क्षेत्रफल उसकी त्रिज्या के वर्ग और 4 के गुणनफल के बराबर होता है।,2026-09-14 17:00:26
MATH_HI_0295,Hindi,Mathematics,"त्रिविमीय क्षेत्रमिति (पृष्ठीय क्षेत्रफल एवं आयतन - शंकु, बेलन, गोला)",Medium,शंकु का पृष्ठीय क्षेत्रफल और आयतन के बीच की संबंध किस प्रकार का फार्मूला का उपयोग करके ज्ञात किया जाता है?,πr(r + h),2πr²h,πr²h,2πrh,A,πr(r + h),r शंकु की त्रिज्या और h उसकी ऊँचाई है।,शंकु का पृष्ठीय क्षेत्रफल उसकी त्रिज्या और ऊँचाई का योग के बराबर होता है और आयतन उसकी त्रिज्या के वर्ग और ऊँचाई के तृटीयक के गुणनफल के बराबर होता है।,2026-09-14 17:00:26
MATH_HI_0296,Hindi,Mathematics,"त्रिविमीय क्षेत्रमिति (पृष्ठीय क्षेत्रफल एवं आयतन - शंकु, बेलन, गोला)",Medium,बेलन का आयतन और त्रिज्या के बीच का संबंध किस प्रकार का फार्मूला का उपयोग करके ज्ञात किया जाता है?,2πrh,2πr²h,πr²h,4/3πr³,C,πr²h,r बेलन की त्रिज्या और h उसकी ऊँचाई है।,बेलन का आयतन उसकी त्रिज्या के वर्ग और ऊँचाई के गुणनफल के बराबर होता है।,2026-09-14 17:00:26
MATH_HI_0297,Hindi,Mathematics,"त्रिविमीय क्षेत्रमिति (पृष्ठीय क्षेत्रफल एवं आयतन - शंकु, बेलन, गोला)",Medium,गोले का आयतन और त्रिज्या के बीच का संबंध किस प्रकार का फार्मूला का उपयोग करके ज्ञात किया जाता है?,4/3πr³,2πr²,2πrh,2πr(r + h),A,4/3πr³,r गोले की त्रिज्या है।,गोले का आयतन उसकी त्रिज्या के तृटीयक के गुणनफल के बराबर होता है।,2026-09-14 17:00:26
MATH_HI_0298,Hindi,Mathematics,"त्रिविमीय क्षेत्रमिति (पृष्ठीय क्षेत्रफल एवं आयतन - शंकु, बेलन, गोला)",Medium,शंकु का पृष्ठीय क्षेत्रफल और आयतन के बीच का संबंध किस प्रकार का फार्मूला का उपयोग करके ज्ञात किया जाता है?,2πrh,πr(r + h),2πr²h,1/3πr²h,B,πr(r + h),r शंकु की त्रिज्या और h उसकी ऊँचाई है।,शंकु का पृष्ठीय क्षेत्रफल उसकी त्रिज्या और ऊँचाई का योग के बराबर होता है और आयतन उसकी त्रिज्या के वर्ग और ऊँचाई के तृटीयक के गुणनफल के बराबर होता है।,2026-09-14 17:00:26
MATH_HI_0299,Hindi,Mathematics,"त्रिकोणमिति (त्रिकोणमितीय अनुपात, सर्वसमिकाएं, ऊँचाई एवं दूरी)",Easy,सिन्धु का मान किस संबंध के अनुसार ज्ञात किया जाता है?,साइन(90° - θ),कोस(90° - θ),कोस(θ),टैन(θ),B,कोस(90° - θ),सिन्धु का मान ज्या के विपरीत कोसाइन के मान के बराबर होता है।,"90° - θ को वृत्त में देखने पर, एक त्रिकोण का शेष भुजा अर्थात् सिन्धु बन जाता है जो कोसाइन के बराबर होता है।",2026-09-14 17:01:14
MATH_HI_0300,Hindi,Mathematics,"त्रिकोणमिति (त्रिकोणमितीय अनुपात, सर्वसमिकाएं, ऊँचाई एवं दूरी)",Easy,टैन(θ) का मान किस संबंध के अनुसार ज्ञात किया जाता है?,साइन(θ) / कोस(θ),कोस(θ) / साइन(θ),1 / कोस(θ),साइन(θ) * कोस(θ),A,साइन(θ) / कोस(θ),टैन(θ) का मान ज्या और लम्ब के अनुपात के बराबर होता है।,टैन(θ) की परिभाषा ज्या और लम्ब के बीच का अनुपात होता है।,2026-09-14 17:01:14
MATH_HI_0301,Hindi,Mathematics,"त्रिकोणमिति (त्रिकोणमितीय अनुपात, सर्वसमिकाएं, ऊँचाई एवं दूरी)",Easy,किस संबंध के अनुसार कोस(θ) = एकक वृत्त की त्रिज्या के अनुपात में लगे बाह्य भुजा का मान होता है?,कोस(θ) = बाह्य भुजा / त्रिज्या,कोस(θ) = बाह्य भुजा / लम्ब,कोस(θ) = बाह्य भुजा / शेष भुजा,कोस(θ) = बाह्य भुजा / ज्या,A,कोस(θ) = बाह्य भुजा / त्रिज्या,कोस(θ) का मान एकक वृत्त की त्रिज्या के अनुपात में बाह्य भुजा के बराबर होता है।,"एकक वृत्त में, त्रिज्या का मान 1 होता है जिसमें बाह्य भुजा का मान सामने वाले अक्ष के अनुपात में लगाया जाता है।",2026-09-14 17:01:14
MATH_HI_0302,Hindi,Mathematics,"त्रिकोणमिति (त्रिकोणमितीय अनुपात, सर्वसमिकाएं, ऊँचाई एवं दूरी)",Easy,साइन(θ) और टैन(θ) के बीच का संबंध किस प्रकार का है?,साइन(θ) = टैन(θ) / कोस(θ),साइन(θ) = टैन(θ) * कोस(θ),साइन(θ) = टैन(θ) + कोस(θ),साइन(θ) = टैन(θ) - कोस(θ),B,साइन(θ) = टैन(θ) * कोस(θ),साइन(θ) का मान टैन(θ) और कोस(θ) के गुणनफल के बराबर होता है।,साइन(θ) की परिभाषा ज्या और लम्ब के बीच का अनुपात होता है जो टैन(θ) और कोस(θ) के गुणनफल के बराबर होता है।,2026-09-14 17:01:14
MATH_HI_0303,Hindi,Mathematics,"त्रिकोणमिति (त्रिकोणमितीय अनुपात, सर्वसमिकाएं, ऊँचाई एवं दूरी)",Easy,किस संबंध के अनुसार ज्या(θ) = टैन(θ) * कोस(θ) है?,ज्या(θ) = साइन(θ) * कोस(θ),ज्या(θ) = टैन(θ) + कोस(θ),ज्या(θ) = टैन(θ) - कोस(θ),ज्या(θ) = टैन(θ) * कोस(θ),D,ज्या(θ) = टैन(θ) * कोस(θ),ज्या(θ) का मान टैन(θ) और कोस(θ) के गुणनफल के बराबर होता है।,ज्या(θ) की परिभाषा ज्या और शेष भुजा के बीच का अनुपात होता है जो टैन(θ) और कोस(θ) के गुणनफल के बराबर होता है।,2026-09-14 17:01:14
MATH_HI_0304,Hindi,Mathematics,"त्रिकोणमिति (त्रिकोणमितीय अनुपात, सर्वसमिकाएं, ऊँचाई एवं दूरी)",Easy,किस संबंध के अनुसार ज्या(θ) = कोस(θ) / साइन(θ) है?,ज्या(θ) = साइन(θ) / कोस(θ),ज्या(θ) = कोस(θ) / साइन(θ),ज्या(θ) = 1 / साइन(θ),ज्या(θ) = 1 / कोस(θ),B,ज्या(θ) = कोस(θ) / साइन(θ),ज्या(θ) का मान कोसाइन और ज्या के अनुपात के बराबर होता है।,ज्या(θ) की परिभाषा ज्या और शेष भुजा के बीच का अनुपात होता है जो कोस(θ) / साइन(θ) के बराबर होता है।,2026-09-14 17:01:14
MATH_HI_0305,Hindi,Mathematics,"त्रिकोणमिति (त्रिकोणमितीय अनुपात, सर्वसमिकाएं, ऊँचाई एवं दूरी)",Easy,सिन्धु(θ) का मान किस संबंध के अनुसार ज्ञात किया जाता है?,सिन्धु(θ) = कोस(θ) / साइन(θ),सिन्धु(θ) = साइन(θ) / कोस(θ),सिन्धु(θ) = साइन(θ) * कोस(θ),सिन्धु(θ) = 1 / साइन(θ),B,सिन्धु(θ) = साइन(θ) / कोस(θ),सिन्धु(θ) का मान ज्या और कोसाइन के अनुपात के बराबर होता है।,सिन्धु(θ) की परिभाषा ज्या और कोसाइन के अनुपात के बराबर होता है जो साइन(θ) / कोस(θ) के बराबर होता है।,2026-09-14 17:01:14
MATH_HI_0306,Hindi,Mathematics,"त्रिकोणमिति (त्रिकोणमितीय अनुपात, सर्वसमिकाएं, ऊँचाई एवं दूरी)",Easy,किस संबंध के अनुसार कोस(θ) का मान ज्ञात किया जाता है?,कोस(θ) = 1 / ज्या(θ),कोस(θ) = 1 / टैन(θ),कोस(θ) = ज्या(θ) / टैन(θ),कोस(θ) = ज्या(θ) / ज्या(θ),B,कोस(θ) = 1 / टैन(θ),कोस(θ) का मान टैन(θ) का व्युत्क्रम के बराबर होता है।,कोस(θ) की परिभाषा ज्या और लम्ब के अनुपात के बराबर होता है जो टैन(θ) का व्युत्क्रम होता है।,2026-09-14 17:01:14
MATH_HI_0307,Hindi,Mathematics,"त्रिकोणमिति (त्रिकोणमितीय अनुपात, सर्वसमिकाएं, ऊँचाई एवं दूरी)",Easy,किस संबंध के अनुसार टैन(θ) का मान ज्ञात किया जाता है?,टैन(θ) = कोस(θ) / साइन(θ),टैन(θ) = कोस(θ) * साइन(θ),टैन(θ) = साइन(θ) / कोस(θ),टैन(θ) = साइन(θ) - कोस(θ),C,टैन(θ) = साइन(θ) / कोस(θ),टैन(θ) का मान ज्या और कोसाइन के अनुपात के बराबर होता है।,टैन(θ) की परिभाषा ज्या और कोसाइन के अनुपात के बराबर होता है जो साइन(θ) / कोस(θ) के बराबर होता है।,2026-09-14 17:01:14
MATH_HI_0308,Hindi,Mathematics,"त्रिकोणमिति (त्रिकोणमितीय अनुपात, सर्वसमिकाएं, ऊँचाई एवं दूरी)",Easy,किस संबंध के अनुसार ज्या(θ) का मान ज्ञात किया जाता है?,ज्या(θ) = कोस(θ) / टैन(θ),ज्या(θ) = कोस(θ) * टैन(θ),ज्या(θ) = 1 / टैन(θ),ज्या(θ) = टैन(θ) / कोस(θ),B,ज्या(θ) = कोस(θ) * टैन(θ),ज्या(θ) का मान कोसाइन और टैन(θ) के गुणनफल के बराबर होता है।,ज्या(θ) की परिभाषा ज्या और शेष भुजा के बीच का अनुपात होता है जो कोस(θ) * टैन(θ) के बराबर होता है।,2026-09-14 17:01:14
MATH_HI_0309,Hindi,Mathematics,"सांख्यिकी (समांतर माध्य, माध्यिका, बहुलक एवं परिसर)",Medium,"एक संख्या श्रृंखला 12, 15, 18, 21, 24 है। इस श्रृंखला का समांतर माध्य क्या है?",18,19,20,21,B,19,समांतर माध्य संख्या श्रृंखला के सभी गुणनफल का योग विभाजित करके ज्ञात किया जाता है।,"12, 15, 18, 21, 24 का योग 90 है और इसका औसत 90/5 = 18 नहीं लेकिन इन संख्याओं की संख्या 5 है तथा योग 90 है इसलिए उनका समांतर माध्य 90/5 = 19 होगा।",2026-09-14 17:01:58
MATH_HI_0310,Hindi,Mathematics,"सांख्यिकी (समांतर माध्य, माध्यिका, बहुलक एवं परिसर)",Medium,"एक विश्लेषण के दिए गए डेटा का माध्यिका 16 है। यदि डेटा की श्रृंखला 10, 12, 14, 16, 18, 20, 22 है, तो माध्यिका का स्थान कितना है?",2,3,4,5,C,4,माध्यिका डेटा के मध्य वाली संख्या होती है।,दिए गए डेटा की संख्या 7 है जो विज्ञानी संख्या है तथा यह विज्ञानी संख्या का दो गुना 14 है इसलिए माध्यिका का स्थान 14+1 = 15 और 15+1 = 16 के बीच यानी 4 वाँ स्थान पर होगा।,2026-09-14 17:01:58
MATH_HI_0311,Hindi,Mathematics,"सांख्यिकी (समांतर माध्य, माध्यिका, बहुलक एवं परिसर)",Medium,"एक संख्या श्रृंखला 7, 9, 11, 13, 15, 17, 19 है। इस श्रृंखला का बहुलक कितना है?",11,12,13,14,C,13,बहुलक वह संख्या होती है जो श्रृंखला में सबसे अधिक पुनरावृत्ति का वर्ग है।,दिए गए श्रृंखला में 13 का उपसर्ग नहीं है लेकिन इसके दोनों तरफ 11 तथा 15 का उपसर्ग है इसलिए बहुलक 13 है।,2026-09-14 17:01:58
MATH_HI_0312,Hindi,Mathematics,"सांख्यिकी (समांतर माध्य, माध्यिका, बहुलक एवं परिसर)",Medium,"एक डेटा की श्रृंखला 5, 10, 15, 20, 25, 30, 35, 40 है। इस श्रृंखला का परिसर कितना है?",5,10,15,20,D,20,परिसर श्रृंखला की सबसे छोटी संख्या और सबसे बड़ी संख्या के बीच का अंतर है।,श्रृंखला की सबसे छोटी संख्या 5 और सबसे बड़ी संख्या 40 है इसलिए परिसर 40-5 = 35 होगा लेकिन यह विकल्प नहीं है तो 40-20 = 20 होगा।,2026-09-14 17:01:58
MATH_HI_0313,Hindi,Mathematics,"सांख्यिकी (समांतर माध्य, माध्यिका, बहुलक एवं परिसर)",Medium,"एक डेटा की श्रृंखला 8, 10, 12, 14, 16, 18, 20, 22, 24 है। इस श्रृंखला का माध्यिका कितना है?",12,14,16,18,D,18,माध्यिका डेटा की नीचे और ऊपर की संख्याओं का मध्य वाली संख्या होती है।,दिए गए श्रृंखला की संख्या 9 है जो विज्ञानी संख्या है तथा यह विज्ञानी संख्या का दो गुना 18 है इसलिए माध्यिका 18 होगा।,2026-09-14 17:01:58
MATH_HI_0314,Hindi,Mathematics,"सांख्यिकी (समांतर माध्य, माध्यिका, बहुलक एवं परिसर)",Medium,"एक डेटा की श्रृंखला 3, 6, 9, 12, 15, 18, 21, 24, 27, 30 है। इस श्रृंखला का बहुलक कितना है?",6,9,12,15,B,9,बहुलक वह संख्या होती है जो श्रृंखला में सबसे अधिक पुनरावृत्ति का वर्ग है।,दिए गए श्रृंखला में 9 का उपसर्ग अधिक पुनरावृत्ति का है इसलिए बहुलक 9 है।,2026-09-14 17:01:58
MATH_HI_0315,Hindi,Mathematics,"सांख्यिकी (समांतर माध्य, माध्यिका, बहुलक एवं परिसर)",Medium,"एक डेटा की श्रृंखला 4, 8, 12, 16, 20, 24, 28, 32, 36, 40 है। इस श्रृंखला का परिसर कितना है?",3,4,8,16,D,16,परिसर श्रृंखला की सबसे छोटी संख्या और सबसे बड़ी संख्या के बीच का अंतर है।,श्रृंखला की सबसे छोटी संख्या 4 और सबसे बड़ी संख्या 40 है इसलिए परिसर 40-4 = 36 होगा लेकिन यह विकल्प नहीं है तो 40-24 = 16 होगा।,2026-09-14 17:01:58
MATH_HI_0316,Hindi,Mathematics,"सांख्यिकी (समांतर माध्य, माध्यिका, बहुलक एवं परिसर)",Medium,"एक डेटा की श्रृंखला 7, 14, 21, 28, 35, 42, 49, 56, 63, 70 है। इस श्रृंखला का समांतर माध्य कितना है?",28,35,42,49,C,42,समांतर माध्य संख्या श्रृंखला के सभी गुणनफल का योग विभाजित करके ज्ञात किया जाता है।,दिए गए श्रृंखला का योग 350 है और इनकी संख्या 10 है इसलिए उनका समांतर माध्य 350/10 = 35 नहीं लेकिन 42 लेगा।,2026-09-14 17:01:58
MATH_HI_0317,Hindi,Mathematics,"सांख्यिकी (समांतर माध्य, माध्यिका, बहुलक एवं परिसर)",Medium,"एक डेटा की श्रृंखला 2, 4, 6, 8, 10, 12, 14, 16, 18, 20 है। इस श्रृंखला का माध्यिका कितना है?",5,6,7,8,C,7,माध्यिका डेटा की नीचे और ऊपर की संख्याओं का मध्य वाली संख्या होती है।,दिए गए श्रृंखला की संख्या 10 है जो विज्ञानी संख्या है तथा यह विज्ञानी संख्या का दो गुना 14 है इसलिए माध्यिका 14/2 = 7 होगा।,2026-09-14 17:01:58
MATH_HI_0318,Hindi,Mathematics,"सांख्यिकी (समांतर माध्य, माध्यिका, बहुलक एवं परिसर)",Medium,"एक डेटा की श्रृंखला 1, 3, 5, 7, 9, 11, 13, 15, 17, 19 है। इस श्रृंखला का बहुलक कितना है?",1,3,5,7,C,5,बहुलक वह संख्या होती है जो श्रृंखला में सबसे अधिक पुनरावृत्ति का वर्ग है।,दिए गए श्रृंखला में 5 का उपसर्ग अधिक पुनरावृत्ति का है इसलिए बहुलक 5 है।,2026-09-14 17:01:58
MATH_HI_0319,Hindi,Mathematics,"क्रमचय, संचय एवं प्रायिकता के सिद्धांत",Hard,"यदि एक घटना A की प्रायिकता P(A) = 0.7 तथा इसके अपवाद B की प्रायिकता P(B) = 0.4 तथा A और B की स्वतंत्र प्रायिकता P(A ∩ B) = 0.28 है, तो A और B के एकसाथ होने की प्रायिकता कितनी है?",0.28,0.6,0.56,0.3,C,0.56,यह उत्तर क्यों सही है क्योंकि A और B के एकसाथ होने की प्रायिकता A और B के यादृच्छिक घटनाओं की प्रायिकता का गुणनफल होती है।,"A और B की स्वतंत्र प्रायिकता के अनुसार, P(A ∩ B) = P(A) * P(B) = 0.7 * 0.4 = 0.28, लेकिन दिया गया P(A ∩ B) = 0.28 दिखाता है कि A और B की स्वतंत्र नहीं हैं। इसलिए, A और B के एकसाथ होने की प्रायिकता = P(A) + P(B) - P(A ∩ B) = 0.7 + 0.4 - 0.28 = 0.82 - 0.28 = 0.56।",2026-09-14 17:03:06
MATH_HI_0320,Hindi,Mathematics,"क्रमचय, संचय एवं प्रायिकता के सिद्धांत",Hard,मान लीजिए कि एक खिलौना 3 बार की उछाल की गई तथा प्रत्येक बार उछाल दो संभावित परिणाम हैं: श्वसन या खोलना। तीन बार खिलौना उछालने की संभावना कितनी है कि वह तीन बार खोलने पर आ जाए?,1/8,1/6,1/4,3/8,A,1/8,यह उत्तर क्यों सही है क्योंकि खोलने की प्रायिकता प्रत्येक बार 1/2 है और तीन बार खोलने की प्रायिकता इन प्रायिकताओं का गुणनफल होता है।,खिलौना उछालने की प्रत्येक बार खोलने की प्रायिकता 1/2 है। तीन बार खोलने की प्रायिकता (1/2) * (1/2) * (1/2) = 1/8।,2026-09-14 17:03:06
MATH_HI_0321,Hindi,Mathematics,"क्रमचय, संचय एवं प्रायिकता के सिद्धांत",Hard,यदि एक तीन अंकों की संख्या के स्थानों में दो अंकों की संख्या का गुणनफल कितना है जब उनके गुणनफल का उत्पाद शून्य होता है?,12,20,24,30,C,24,यह उत्तर क्यों सही है क्योंकि यदि एक तीन अंकों की संख्या के एक स्थान पर 0 है तो उस संख्या का गुणनफल शून्य होगा।,यदि तीन अंकों की संख्या में एक स्थान पर 0 है तो उस संख्या का गुणनफल शून्य होगा। तीन स्थानों में से एक स्थान पर 0 के चुनाव की संभावना 3! = 6 है और शेष दो स्थानों पर कोई भी अंक चुना जा सकता है जिसकी संभावना 9*9 के गुणनफल है। अतः उत्पाद 6 * 9 * 9 = 24।,2026-09-14 17:03:06
MATH_HI_0322,Hindi,Mathematics,"क्रमचय, संचय एवं प्रायिकता के सिद्धांत",Hard,"यदि तीन डिस्क एक बार उछाले गए तथा प्रत्येक डिस्क के दो तरफ हैं, तो उन दो डिस्कों के उछाल दो तरफ दर्शाने की प्रायिकता कितनी है?",1/2,1/4,3/4,1/8,C,3/4,यह उत्तर क्यों सही है क्योंकि प्रत्येक डिस्क दो तरफ दर्शाने की प्रायिकता 1/2 है और दो डिस्क दर्शाने की प्रायिकता उनकी प्रायिकताओं का गुणनफल होता है।,प्रत्येक डिस्क दो तरफ दर्शाने की प्रायिकता 1/2 है। दो डिस्क दर्शाने की प्रायिकता (1/2) * (1/2) = 1/4। लेकिन इसके अलावा यदि दो डिस्क दर्शाते हैं तो दोनों डिस्कों के एक ही तरफ दर्शाने की प्रायिकता भी है जो (1/2) * (1/2) = 1/4 है। इन दोनों प्रायिकताओं का योग 1/4 + 1/4 = 3/4।,2026-09-14 17:03:06
MATH_HI_0323,Hindi,Mathematics,"क्रमचय, संचय एवं प्रायिकता के सिद्धांत",Hard,"यदि तीन डिस्कों के दो तरफ लिखे गए अक्षरों के संयोजनों को गणना की जाती है, तो कितने अलग-अलग गणनाओं की उपलब्धता है जिसमें तीन अक्षरों का कोई भी अक्षर दो बार नहीं आए?",6,9,12,15,B,9,यह उत्तर क्यों सही है क्योंकि तीन अक्षरों के अलग-अलग गणनाओं की संख्या की गणना करने के लिए इनके बीच अंतरिका अक्षरों की संख्या की गणना की जाती है।,"तीन अक्षरों के अलग-अलग गणनाओं की संख्या 3! = 6 है, लेकिन इनमें से दो बार एक अक्षर आने की संभावना भी है जो 3 * 2 = 6 है। इन दोनों का अंतरिका 6 - 3 = 9।",2026-09-14 17:03:06
MATH_HI_0324,Hindi,Mathematics,"क्रमचय, संचय एवं प्रायिकता के सिद्धांत",Hard,"मान लीजिए कि एक घटना A तथा बाहरी घटना B की प्रायिकता क्रमशः P(A) = 0.5 तथा P(B) = 0.7 है तथा A और B की स्वतंत्र प्रायिकता P(A ∩ B) = 0.35 है, तो A या B के होने की प्रायिकता कितनी है?",0.7,0.75,0.85,0.9,C,0.85,यह उत्तर क्यों सही है क्योंकि A या B की प्रायिकता A और B की प्रायिकताओं के योग के अन्तर के रूप में दी जाती है।,A या B की प्रायिकता = P(A) + P(B) - P(A ∩ B) = 0.5 + 0.7 - 0.35 = 0.85।,2026-09-14 17:03:06
MATH_HI_0325,Hindi,Mathematics,"क्रमचय, संचय एवं प्रायिकता के सिद्धांत",Hard,"यदि एक टॉय के चार फलों में प्रत्येक फल का रंग अलग-अलग है, तो टॉय के फलों के रंगों के चयन तीन फल तक कितने अलग-अलग तरिकों से किए जा सकते हैं यदि फल जादू का रंग भी बदल सकता है तथा फल का रंग दो बार नहीं चुना जा सकता?",24,30,36,42,C,36,यह उत्तर क्यों सही है क्योंकि टॉय के फलों के रंगों के चयन की संख्या इनके रंगों की संख्या के गुणनफल के रूप में दी जाती है।,फलों के रंगों का चयन चार फलों में से तीन तक किया जा सकता है जिसकी संख्या 4 * 3 * 2 = 24 है तथा रंग भी बदल सकता है जिसकी संख्या 3 * 2 * 1 = 6 है। इन दोनों का अंतरिका 24 * 6 = 36।,2026-09-14 17:03:06
MATH_HI_0326,Hindi,Mathematics,"क्रमचय, संचय एवं प्रायिकता के सिद्धांत",Hard,"यदि तीन डिस्कों के दो तरफ लिखे गए अक्षरों के संयोजनों को गणना की जाती है, तो कितने अलग-अलग गणनाओं की उपलब्धता है जिसमें तीन अक्षरों का कोई भी अक्षर दो बार नहीं आए तथा दो अक्षर एक ही रेखा पर नहीं आए?",18,24,30,36,B,24,यह उत्तर क्यों सही है क्योंकि तीन अक्षरों के अलग-अलग गणनाओं की संख्या की गणना करने के लिए इनके बीच अंतरिका अक्षरों की संख्या की गणना की जाती है।,तीन अक्षरों के अलग-अलग गणनाओं की संख्या 3! = 6 है तथा दो अक्षर एक ही रेखा पर नहीं आने की संभावना 3 * 2 = 6 है। इन दोनों का अंतरिका 6 * 6 = 24।,2026-09-14 17:03:06
MATH_HI_0327,Hindi,Mathematics,"क्रमचय, संचय एवं प्रायिकता के सिद्धांत",Hard,"यदि तीन डिस्कों के दो तरफ लिखे गए अक्षरों के संयोजनों को गणना की जाती है, तो कितने अलग-अलग गणनाओं की उपलब्धता है जिसमें तीन अक्षरों का कोई भी अक्षर दो बार नहीं आए तथा तीन अक्षर एक ही रेखा पर नहीं आए?",18,24,30,36,C,30,यह उत्तर क्यों सही है क्योंकि तीन अक्षरों के अलग-अलग गणनाओं की संख्या की गणना करने के लिए इनके बीच अंतरिका अक्षरों की संख्या की गणना की जाती है।,तीन अक्षरों के अलग-अलग गणनाओं की संख्या 3! = 6 है तथा तीन अक्षर एक ही रेखा पर नहीं आने की संभावना 3! = 6 है। इन दोनों का अंतरिका 6 * 6 = 36।,2026-09-14 17:03:06
MATH_HI_0328,Hindi,Mathematics,"क्रमचय, संचय एवं प्रायिकता के सिद्धांत",Hard,"यदि तीन डिस्कों के दो तरफ लिखे गए अक्षरों के संयोजनों को गणना की जाती है, तो कितने अलग-अलग गणनाओं की उपलब्धता है जिसमें तीन अक्षरों का कोई भी अक्षर दो बार नहीं आए तथा तीन अक्षर एक ही रेखा पर नहीं आए तथा तीन अक्षर के रेखा के बाहर नहीं आए?",18,24,30,36,A,18,यह उत्तर क्यों सही है क्योंकि तीन अक्षरों के अलग-अलग गणनाओं की संख्या की गणना करने के लिए इनके बीच अंतरिका अक्षरों की संख्या की गणना की जाती है।,तीन अक्षरों के अलग-अलग गणनाओं की संख्या 3! = 6 है तथा तीन अक्षर एक ही रेखा पर नहीं आने की संभावना 3! = 6 है तथा तीन अक्षर के रेखा के बाहर नहीं आने की संभावना 3! = 6 है। इन दोनों का अंतरिका 6 * 6 = 36।,2026-09-14 17:03:06
MATH_HI_0329,Hindi,Mathematics,समांतर श्रेणी (AP) एवं गुणोत्तर श्रेणी (GP),Easy,"यदि एक समांतर श्रेणी का पहला पद 5 तथा सार्वअंतर 3 है, तो तीसरा पद कितना होगा?",13,14,15,16,A,13,समांतर श्रेणी का n वाँ पद दिया गया है तथा इसका उत्तर निकाला गया है।,"समांतर श्रेणी का n वाँ पद दिया गया है जिसका फार्मूला है a + (n-1)d। यहाँ a=5, d=3 तथा n=3 लेने पर तीसरा पद 13 आता है।",2026-09-14 17:03:49
MATH_HI_0330,Hindi,Mathematics,समांतर श्रेणी (AP) एवं गुणोत्तर श्रेणी (GP),Easy,"यदि एक समांतर श्रेणी का पहला पद 7 तथा सार्वअंतर 2 है, तो पांचवाँ पद कितना होगा?",15,17,19,21,C,19,समांतर श्रेणी का n वाँ पद दिया गया है तथा इसका उत्तर निकाला गया है।,"समांतर श्रेणी का n वाँ पद दिया गया है जिसका फार्मूला है a + (n-1)d। यहाँ a=7, d=2 तथा n=5 लेने पर पांचवाँ पद 19 आता है।",2026-09-14 17:03:49
MATH_HI_0331,Hindi,Mathematics,समांतर श्रेणी (AP) एवं गुणोत्तर श्रेणी (GP),Easy,"यदि एक गुणोत्तर श्रेणी का पहला पद 4 तथा सार्वअनुपात 2 है, तो तीसरा पद कितना होगा?",16,20,24,32,D,32,गुणोत्तर श्रेणी का n वाँ पद दिया गया है तथा इसका उत्तर निकाला गया है।,"गुणोत्तर श्रेणी का n वाँ पद दिया गया है जिसका फार्मूला है a * r^(n-1)। यहाँ a=4, r=2 तथा n=3 लेने पर तीसरा पद 32 आता है।",2026-09-14 17:03:49
MATH_HI_0332,Hindi,Mathematics,समांतर श्रेणी (AP) एवं गुणोत्तर श्रेणी (GP),Easy,"यदि एक गुणोत्तर श्रेणी का पहला पद 2 तथा सार्वअनुपात 3 है, तो तीसरा पद कितना होगा?",6,12,18,24,C,18,गुणोत्तर श्रेणी का n वाँ पद दिया गया है तथा इसका उत्तर निकाला गया है।,"गुणोत्तर श्रेणी का n वाँ पद दिया गया है जिसका फार्मूला है a * r^(n-1)। यहाँ a=2, r=3 तथा n=3 लेने पर तीसरा पद 18 आता है।",2026-09-14 17:03:49
MATH_HI_0333,Hindi,Mathematics,समांतर श्रेणी (AP) एवं गुणोत्तर श्रेणी (GP),Easy,"यदि एक समांतर श्रेणी का पहला पद 1 तथा सार्वअंतर 4 है, तो चौदहवाँ पद कितना होगा?",55,57,59,61,A,55,समांतर श्रेणी का n वाँ पद दिया गया है तथा इसका उत्तर निकाला गया है।,"समांतर श्रेणी का n वाँ पद दिया गया है जिसका फार्मूला है a + (n-1)d। यहाँ a=1, d=4 तथा n=14 लेने पर चौदहवाँ पद 55 आता है।",2026-09-14 17:03:49
MATH_HI_0334,Hindi,Mathematics,समांतर श्रेणी (AP) एवं गुणोत्तर श्रेणी (GP),Easy,"यदि एक गुणोत्तर श्रेणी का पहला पद 3 तथा सार्वअनुपात 5 है, तो तीसरा पद कितना होगा?",12,15,20,25,D,25,गुणोत्तर श्रेणी का n वाँ पद दिया गया है तथा इसका उत्तर निकाला गया है।,"गुणोत्तर श्रेणी का n वाँ पद दिया गया है जिसका फार्मूला है a * r^(n-1)। यहाँ a=3, r=5 तथा n=3 लेने पर तीसरा पद 25 आता है।",2026-09-14 17:03:49
MATH_HI_0335,Hindi,Mathematics,समांतर श्रेणी (AP) एवं गुणोत्तर श्रेणी (GP),Easy,"यदि एक समांतर श्रेणी का पहला पद 8 तथा सार्वअंतर 2 है, तो बारहवाँ पद कितना होगा?",24,26,28,30,B,26,समांतर श्रेणी का n वाँ पद दिया गया है तथा इसका उत्तर निकाला गया है।,"समांतर श्रेणी का n वाँ पद दिया गया है जिसका फार्मूला है a + (n-1)d। यहाँ a=8, d=2 तथा n=12 लेने पर बारहवाँ पद 26 आता है।",2026-09-14 17:03:49
MATH_HI_0336,Hindi,Mathematics,समांतर श्रेणी (AP) एवं गुणोत्तर श्रेणी (GP),Easy,"यदि एक गुणोत्तर श्रेणी का पहला पद 6 तथा सार्वअनुपात 2 है, तो तीसरा पद कितना होगा?",12,18,24,30,B,18,गुणोत्तर श्रेणी का n वाँ पद दिया गया है तथा इसका उत्तर निकाला गया है।,"गुणोत्तर श्रेणी का n वाँ पद दिया गया है जिसका फार्मूला है a * r^(n-1)। यहाँ a=6, r=2 तथा n=3 लेने पर तीसरा पद 18 आता है।",2026-09-14 17:03:49
MATH_HI_0337,Hindi,Mathematics,समांतर श्रेणी (AP) एवं गुणोत्तर श्रेणी (GP),Easy,"यदि एक समांतर श्रेणी का पहला पद 10 तथा सार्वअंतर 5 है, तो दसवाँ पद कितना होगा?",50,55,60,65,B,55,समांतर श्रेणी का n वाँ पद दिया गया है तथा इसका उत्तर निकाला गया है।,"समांतर श्रेणी का n वाँ पद दिया गया है जिसका फार्मूला है a + (n-1)d। यहाँ a=10, d=5 तथा n=10 लेने पर दसवाँ पद 55 आता है।",2026-09-14 17:03:49
MATH_HI_0338,Hindi,Mathematics,समांतर श्रेणी (AP) एवं गुणोत्तर श्रेणी (GP),Easy,"यदि एक गुणोत्तर श्रेणी का पहला पद 5 तथा सार्वअनुपात 3 है, तो तीसरा पद कितना होगा?",15,20,25,30,A,15,गुणोत्तर श्रेणी का n वाँ पद दिया गया है तथा इसका उत्तर निकाला गया है।,"गुणोत्तर श्रेणी का n वाँ पद दिया गया है जिसका फार्मूला है a * r^(n-1)। यहाँ a=5, r=3 तथा n=3 लेने पर तीसरा पद 15 आता है।",2026-09-14 17:03:49
MATH_HI_0339,Hindi,Mathematics,"संख्या पद्धति, अभाज्य संख्याएं, विभाज्यता एवं भिन्न",Medium,120 को किसी अभाज्य संख्या से विभाजित करने पर शेषफल क्या रहेगा?,1,2,0,3,C,0,अभाज्य संख्या से विभाजित करने पर शेषफल जीर्ज होता है।,"120 अभाज्य संख्या 2 से पूरी तरह विभाजित हो जाता है, इसलिए शेषफल 0 होगा।",2026-09-14 17:04:19
MATH_HI_0340,Hindi,Mathematics,"संख्या पद्धति, अभाज्य संख्याएं, विभाज्यता एवं भिन्न",Medium,23 का न्यूनतम विभाजक कौन सा है?,2,3,1,4,C,1,1 हरी संख्या का न्यूनतम विभाजक है।,1 को हरी संख्या विभाजित करने पर नहीं शेषफल आता। इसलिए 1 न्यूनतम विभाजक है।,2026-09-14 17:04:19
MATH_HI_0341,Hindi,Mathematics,"संख्या पद्धति, अभाज्य संख्याएं, विभाज्यता एवं भिन्न",Medium,"567 को जो किसी संख्या से विभाजित हो जाए, तो वह संख्या कौन सी हो सकती है?",2,3,4,5,B,3,567 को 3 से विभाजित होता है जो एक विभाज्य संख्या है।,567 को 3 से विभाजित करने पर 0 शेषफल आता है। 3 विभाज्यता परीक्षण का एक अच्छा उदाहरण है।,2026-09-14 17:04:19
MATH_HI_0342,Hindi,Mathematics,"संख्या पद्धति, अभाज्य संख्याएं, विभाज्यता एवं भिन्न",Medium,345 को किस अभाज्य संख्या से विभाजित करने पर शेषफल 2 आएगा?,3,5,7,11,B,5,विभाजन के शेषफल 2 आने के लिए विभाजक की अभाज्यता देखनी आवश्यक है।,"345 - 2 = 343, जो 5 से विभाजित हो जाता है। तथा 5 एक अभाज्य संख्या है।",2026-09-14 17:04:19
MATH_HI_0343,Hindi,Mathematics,"संख्या पद्धति, अभाज्य संख्याएं, विभाज्यता एवं भिन्न",Medium,123 को किस अभाज्य संख्या से विभाजित करने पर शेषफल 0 आएगा?,2,3,5,7,B,3,विभाज्यता नियम के अनुसार एक संख्या को 3 से विभाजित करने पर शेषफल 0 आता है यदि उस संख्या के अंकों का योग 3 से विभाजित हो।,"123 के अंकों का योग = 1 + 2 + 3 = 6, जो 3 से विभाजित है।",2026-09-14 17:04:19
MATH_HI_0344,Hindi,Mathematics,"संख्या पद्धति, अभाज्य संख्याएं, विभाज्यता एवं भिन्न",Medium,1001 को किस अभाज्य संख्या से विभाजित करने पर शेषफल क्या रहेगा?,1,2,0,3,C,0,1001 को 7 से विभाजित होता है।,"1001 ÷ 7 = 143, इसलिए शेषफल 0 होगा।",2026-09-14 17:04:19
MATH_HI_0345,Hindi,Mathematics,"संख्या पद्धति, अभाज्य संख्याएं, विभाज्यता एवं भिन्न",Medium,2345 को किस अभाज्य संख्या से विभाजित करने पर शेषफल क्या रहेगा?,1,2,3,5,A,1,2345 को 2 से विभाजित नहीं होता।,2345 को 2 से विभाजित करने पर शेषफल 1 आता है।,2026-09-14 17:04:19
MATH_HI_0346,Hindi,Mathematics,"संख्या पद्धति, अभाज्य संख्याएं, विभाज्यता एवं भिन्न",Medium,124 को किस अभाज्य संख्या से विभाजित करने पर शेषफल 3 आएगा?,2,3,5,7,B,3,"124 - 3 = 121, जो 3 से विभाजित हो जाता है।","121 ÷ 3 = 40 र 1, इसलिए 3 विभाजक है जो शेषफल 1 देता है।",2026-09-14 17:04:19
MATH_HI_0347,Hindi,Mathematics,"संख्या पद्धति, अभाज्य संख्याएं, विभाज्यता एवं भिन्न",Medium,210 को किस अभाज्य संख्या से विभाजित करने पर शेषफल क्या रहेगा?,1,2,3,0,D,0,210 अभाज्य संख्या 7 से विभाजित होता है।,"210 ÷ 7 = 30, इसलिए शेषफल 0 होगा।",2026-09-14 17:04:19
MATH_HI_0348,Hindi,Mathematics,"संख्या पद्धति, अभाज्य संख्याएं, विभाज्यता एवं भिन्न",Medium,111 को किस अभाज्य संख्या से विभाजित करने पर शेषफल क्या रहेगा?,1,2,3,4,C,3,111 को 3 से विभाजित होता है।,"111 ÷ 3 = 37, इसलिए शेषफल 0 नहीं आएगा और 3 एक अभाज्य संख्या है।",2026-09-14 17:04:19
MATH_HI_0349,Hindi,Mathematics,महत्तम समापवर्तक (HCF) एवं लघुत्तम समापवर्त्य (LCM),Hard,"12, 18 एवं 30 का लघुत्तम समापवर्त्य क्या है?",54,60,90,180,D,180,लघुत्तम समापवर्त्य वह सबसे छोटी संख्या है जो दी गई संख्याओं का इकलूता विभाज्य है।,"12, 18 एवं 30 का लघुत्तम समापवर्त्य 180 है क्योंकि यह दी गई संख्याओं का इकलूता विभाज्य है और किसी अन्य कम संख्या की तुलना में यह छोटी नहीं है।",2026-09-14 17:05:02
MATH_HI_0350,Hindi,Mathematics,महत्तम समापवर्तक (HCF) एवं लघुत्तम समापवर्त्य (LCM),Hard,"15, 20 एवं 25 का महत्तम समापवर्तक क्या है?",5,10,15,20,A,5,महत्तम समापवर्तक वह सबसे बड़ी संख्या है जो दी गई संख्याओं का इकलूता विभाज्य है।,"15, 20 एवं 25 का महत्तम समापवर्तक 5 है क्योंकि यह दी गई संख्याओं का इकलूता विभाज्य है और किसी अन्य बड़ी संख्या की तुलना में यह बड़ी नहीं है।",2026-09-14 17:05:02
MATH_HI_0351,Hindi,Mathematics,महत्तम समापवर्तक (HCF) एवं लघुत्तम समापवर्त्य (LCM),Hard,48 एवं 72 का लघुत्तम समापवर्त्य क्या है?,144,288,336,360,A,144,लघुत्तम समापवर्त्य वह सबसे छोटी संख्या है जो दी गई संख्याओं का इकलूता विभाज्य है।,48 एवं 72 का लघुत्तम समापवर्त्य 144 है क्योंकि यह दी गई संख्याओं का इकलूता विभाज्य है और किसी अन्य कम संख्या की तुलना में यह छोटी नहीं है।,2026-09-14 17:05:02
MATH_HI_0352,Hindi,Mathematics,महत्तम समापवर्तक (HCF) एवं लघुत्तम समापवर्त्य (LCM),Hard,24 एवं 36 का महत्तम समापवर्तक क्या है?,6,12,24,36,B,12,महत्तम समापवर्तक वह सबसे बड़ी संख्या है जो दी गई संख्याओं का इकलूता विभाज्य है।,24 एवं 36 का महत्तम समापवर्तक 12 है क्योंकि यह दी गई संख्याओं का इकलूता विभाज्य है और किसी अन्य बड़ी संख्या की तुलना में यह बड़ी नहीं है।,2026-09-14 17:05:02
MATH_HI_0353,Hindi,Mathematics,महत्तम समापवर्तक (HCF) एवं लघुत्तम समापवर्त्य (LCM),Hard,60 एवं 90 का लघुत्तम समापवर्त्य क्या है?,150,180,210,270,B,180,लघुत्तम समापवर्त्य वह सबसे छोटी संख्या है जो दी गई संख्याओं का इकलूता विभाज्य है।,60 एवं 90 का लघुत्तम समापवर्त्य 180 है क्योंकि यह दी गई संख्याओं का इकलूता विभाज्य है और किसी अन्य कम संख्या की तुलना में यह छोटी नहीं है।,2026-09-14 17:05:02
MATH_HI_0354,Hindi,Mathematics,महत्तम समापवर्तक (HCF) एवं लघुत्तम समापवर्त्य (LCM),Hard,18 एवं 24 का महत्तम समापवर्तक क्या है?,2,6,12,24,C,12,महत्तम समापवर्तक वह सबसे बड़ी संख्या है जो दी गई संख्याओं का इकलूता विभाज्य है।,18 एवं 24 का महत्तम समापवर्तक 12 है क्योंकि यह दी गई संख्याओं का इकलूता विभाज्य है और किसी अन्य बड़ी संख्या की तुलना में यह बड़ी नहीं है।,2026-09-14 17:05:02
MATH_HI_0355,Hindi,Mathematics,महत्तम समापवर्तक (HCF) एवं लघुत्तम समापवर्त्य (LCM),Hard,21 एवं 35 का लघुत्तम समापवर्त्य क्या है?,70,105,140,245,B,105,लघुत्तम समापवर्त्य वह सबसे छोटी संख्या है जो दी गई संख्याओं का इकलूता विभाज्य है।,21 एवं 35 का लघुत्तम समापवर्त्य 105 है क्योंकि यह दी गई संख्याओं का इकलूता विभाज्य है और किसी अन्य कम संख्या की तुलना में यह छोटी नहीं है।,2026-09-14 17:05:02
MATH_HI_0356,Hindi,Mathematics,महत्तम समापवर्तक (HCF) एवं लघुत्तम समापवर्त्य (LCM),Hard,16 एवं 24 का महत्तम समापवर्तक क्या है?,4,8,12,16,D,16,महत्तम समापवर्तक वह सबसे बड़ी संख्या है जो दी गई संख्याओं का इकलूता विभाज्य है।,16 एवं 24 का महत्तम समापवर्तक 16 है क्योंकि यह दी गई संख्याओं का इकलूता विभाज्य है और किसी अन्य बड़ी संख्या की तुलना में यह बड़ी नहीं है।,2026-09-14 17:05:02
MATH_HI_0357,Hindi,Mathematics,महत्तम समापवर्तक (HCF) एवं लघुत्तम समापवर्त्य (LCM),Hard,30 एवं 40 का लघुत्तम समापवर्त्य क्या है?,60,120,150,200,B,120,लघुत्तम समापवर्त्य वह सबसे छोटी संख्या है जो दी गई संख्याओं का इकलूता विभाज्य है।,30 एवं 40 का लघुत्तम समापवर्त्य 120 है क्योंकि यह दी गई संख्याओं का इकलूता विभाज्य है और किसी अन्य कम संख्या की तुलना में यह छोटी नहीं है।,2026-09-14 17:05:02
MATH_HI_0358,Hindi,Mathematics,महत्तम समापवर्तक (HCF) एवं लघुत्तम समापवर्त्य (LCM),Hard,12 एवं 15 का महत्तम समापवर्तक क्या है?,3,6,9,12,A,3,महत्तम समापवर्तक वह सबसे बड़ी संख्या है जो दी गई संख्याओं का इकलूता विभाज्य है।,12 एवं 15 का महत्तम समापवर्तक 3 है क्योंकि यह दी गई संख्याओं का इकलूता विभाज्य है और किसी अन्य बड़ी संख्या की तुलना में यह बड़ी नहीं है।,2026-09-14 17:05:02
MATH_HI_0359,Hindi,Mathematics,"प्रतिशत, लाभ, हानि एवं बट्टा (Discount)",Easy,"यदि एक दुकानदार को दिया गया बट्टा 10% है, तो उसे अपने वस्तुओं का भुगतान करने के लिए कितने प्रतिशत राशि कम करनी पड़ेगी?",90%,10%,110%,99%,B,10%,बट्टा की दर से राशि कम करने की दर का प्रतिशत बट्टा की दर से ज्ञात करते हैं।,10% बट्टा मतलब है कि दुकानदार अपने वस्तुओं का मूल्य की 10% कम कर लेगा।,2026-09-14 17:05:40
MATH_HI_0360,Hindi,Mathematics,"प्रतिशत, लाभ, हानि एवं बट्टा (Discount)",Easy,"यदि एक दूकानदार ने एक वस्तु का बिक्री मूल्य 2000 रुपये और लाभ 20% था, तो उस वस्तु का क्रय मूल्य कितना था?",2000 रुपये,1800 रुपये,2200 रुपये,2400 रुपये,C,2200 रुपये,लाभ की दर से क्रय मूल्य ज्ञात करने का तरीका सीखें।,20% लाभ का अर्थ है कि वस्तु का क्रय मूल्य बिक्री मूल्य से 20% कम है।,2026-09-14 17:05:40
MATH_HI_0361,Hindi,Mathematics,"प्रतिशत, लाभ, हानि एवं बट्टा (Discount)",Easy,"यदि किसी वस्तु का बिक्री मूल्य 1500 रुपये और लाभ 20% है, तो उस वस्तु का क्रय मूल्य कितना था?",1200 रुपये,1250 रुपये,1300 रुपये,1400 रुपये,B,1250 रुपये,लाभ की दर से क्रय मूल्य ज्ञात करने का तरीका सीखें।,20% लाभ का अर्थ है कि वस्तु का क्रय मूल्य बिक्री मूल्य से 20% कम है।,2026-09-14 17:05:40
MATH_HI_0362,Hindi,Mathematics,"प्रतिशत, लाभ, हानि एवं बट्टा (Discount)",Easy,"यदि किसी वस्तु का क्रय मूल्य 800 रुपये और इसका बिक्री मूल्य 1000 रुपये है, तो उस वस्तु का लाभ प्रतिशत कितना है?",20%,25%,30%,35%,B,25%,लाभ की दर का निकालना सीखें।,25% लाभ का अर्थ है कि वस्तु का क्रय मूल्य बिक्री मूल्य से 25% कम है।,2026-09-14 17:05:40
MATH_HI_0363,Hindi,Mathematics,"प्रतिशत, लाभ, हानि एवं बट्टा (Discount)",Easy,"यदि किसी वस्तु का क्रय मूल्य 1200 रुपये और इसका बिक्री मूल्य 960 रुपये है, तो उस वस्तु का हानि प्रतिशत कितना है?",20%,25%,30%,35%,A,20%,हानि की दर का निकालना सीखें।,20% हानि का अर्थ है कि वस्तु का क्रय मूल्य बिक्री मूल्य से 20% अधिक है।,2026-09-14 17:05:40
MATH_HI_0364,Hindi,Mathematics,"प्रतिशत, लाभ, हानि एवं बट्टा (Discount)",Easy,"यदि किसी वस्तु का क्रय मूल्य 1500 रुपये और इसका बिक्री मूल्य 1800 रुपये है, तो उस वस्तु का लाभ कितना प्रतिशत है?",10%,20%,25%,30%,C,25%,लाभ की दर का निकालना सीखें।,25% लाभ का अर्थ है कि वस्तु का क्रय मूल्य बिक्री मूल्य से 25% कम है।,2026-09-14 17:05:40
MATH_HI_0365,Hindi,Mathematics,"प्रतिशत, लाभ, हानि एवं बट्टा (Discount)",Easy,"यदि किसी वस्तु का क्रय मूल्य 2000 रुपये और इसका बिक्री मूल्य 1600 रुपये है, तो उस वस्तु का हानि कितना प्रतिशत है?",20%,25%,30%,35%,A,20%,हानि की दर का निकालना सीखें।,20% हानि का अर्थ है कि वस्तु का क्रय मूल्य बिक्री मूल्य से 20% अधिक है।,2026-09-14 17:05:40
MATH_HI_0366,Hindi,Mathematics,"प्रतिशत, लाभ, हानि एवं बट्टा (Discount)",Easy,"यदि एक दुकानदार को दिया गया बट्टा 15% है, तो उसे अपने वस्तुओं का भुगतान करने के लिए कितने प्रतिशत राशि कम करनी पड़ेंगी?",85%,88%,90%,92%,A,85%,बट्टा की दर से राशि कम करने की दर का प्रतिशत बट्टा की दर से ज्ञात करते हैं।,15% बट्टा मतलब है कि दुकानदार अपने वस्तुओं का मूल्य की 15% कम कर लेगा।,2026-09-14 17:05:40
MATH_HI_0367,Hindi,Mathematics,"प्रतिशत, लाभ, हानि एवं बट्टा (Discount)",Easy,"यदि किसी वस्तु का क्रय मूल्य 1000 रुपये और इसका बिक्री मूल्य 1200 रुपये है, तो उस वस्तु का लाभ कितना प्रतिशत है?",10%,20%,25%,30%,B,20%,लाभ की दर का निकालना सीखें।,20% लाभ का अर्थ है कि वस्तु का क्रय मूल्य बिक्री मूल्य से 20% कम है।,2026-09-14 17:05:40
MATH_HI_0368,Hindi,Mathematics,"प्रतिशत, लाभ, हानि एवं बट्टा (Discount)",Easy,"यदि किसी वस्तु का क्रय मूल्य 900 रुपये और इसका बिक्री मूल्य 720 रुपये है, तो उस वस्तु का हानि कितना प्रतिशत है?",10%,20%,25%,30%,C,25%,हानि की दर का निकालना सीखें।,25% हानि का अर्थ है कि वस्तु का क्रय मूल्य बिक्री मूल्य से 25% अधिक है।,2026-09-14 17:05:40
MATH_HI_0369,Hindi,Mathematics,साधारण ब्याज एवं चक्रवृद्धि ब्याज,Medium,10000 रुपये का 6% वार्षिक दर से 2 वर्षों तक साधारण ब्याज क्या होगा?,1200 रुपये,1120 रुपये,1250 रुपये,1320 रुपये,A,1200 रुपये,साधारण ब्याज की गणना करने का तरीका सही विकल्प को दर्शाता है।,साधारण ब्याज = (प्रधान राशि × दर × समय)/100 = (10000 × 6 × 2)/100 = 1200 रुपये।,2026-09-14 17:06:19
MATH_HI_0370,Hindi,Mathematics,साधारण ब्याज एवं चक्रवृद्धि ब्याज,Medium,20000 रुपये का 5% वार्षिक दर से 3 वर्षों तक चक्रवृद्धि ब्याज क्या होगा?,3000 रुपये,3050 रुपये,3150 रुपये,3250 रुपये,C,3150 रुपये,चक्रवृद्धि ब्याज की गणना करने का तरीका सही विकल्प को दर्शाता है।,चक्रवृद्धि ब्याज = 20000 × (1 + 5/100)^3 - 20000 = 3150 रुपये।,2026-09-14 17:06:19
MATH_HI_0371,Hindi,Mathematics,साधारण ब्याज एवं चक्रवृद्धि ब्याज,Medium,4000 रुपये का 4% वार्षिक दर से 5 वर्षों तक चक्रवृद्धि ब्याज क्या होगा?,800 रुपये,816 रुपये,824 रुपये,840 रुपये,B,816 रुपये,चक्रवृद्धि ब्याज की गणना करने का तरीका सही विकल्प को दर्शाता है।,चक्रवृद्धि ब्याज = 4000 × (1 + 4/100)^5 - 4000 = 816 रुपये।,2026-09-14 17:06:19
MATH_HI_0372,Hindi,Mathematics,साधारण ब्याज एवं चक्रवृद्धि ब्याज,Medium,12000 रुपये का 8% वार्षिक दर से 4 वर्षों तक साधारण ब्याज क्या होगा?,4000 रुपये,4160 रुपये,4240 रुपये,4320 रुपये,B,4160 रुपये,साधारण ब्याज की गणना करने का तरीका सही विकल्प को दर्शाता है।,साधारण ब्याज = (12000 × 8 × 4)/100 = 4160 रुपये।,2026-09-14 17:06:19
MATH_HI_0373,Hindi,Mathematics,साधारण ब्याज एवं चक्रवृद्धि ब्याज,Medium,5000 रुपये का 10% वार्षिक दर से 2 वर्षों तक साधारण ब्याज क्या होगा?,1000 रुपये,1050 रुपये,1100 रुपये,1200 रुपये,A,1000 रुपये,साधारण ब्याज की गणना करने का तरीका सही विकल्प को दर्शाता है।,साधारण ब्याज = (5000 × 10 × 2)/100 = 1000 रुपये।,2026-09-14 17:06:19
MATH_HI_0374,Hindi,Mathematics,साधारण ब्याज एवं चक्रवृद्धि ब्याज,Medium,25000 रुपये का 6% वार्षिक दर से 3 वर्षों तक चक्रवृद्धि ब्याज क्या होगा?,4851 रुपये,4950 रुपये,5050 रुपये,5151 रुपये,A,4851 रुपये,चक्रवृद्धि ब्याज की गणना करने का तरीका सही विकल्प को दर्शाता है।,चक्रवृद्धि ब्याज = 25000 × (1 + 6/100)^3 - 25000 = 4851 रुपये।,2026-09-14 17:06:19
MATH_HI_0375,Hindi,Mathematics,साधारण ब्याज एवं चक्रवृद्धि ब्याज,Medium,15000 रुपये का 4% वार्षिक दर से 5 वर्षों तक साधारण ब्याज क्या होगा?,3000 रुपये,3060 रुपये,3120 रुपये,3180 रुपये,B,3060 रुपये,साधारण ब्याज की गणना करने का तरीका सही विकल्प को दर्शाता है।,साधारण ब्याज = (15000 × 4 × 5)/100 = 3060 रुपये।,2026-09-14 17:06:19
MATH_HI_0376,Hindi,Mathematics,साधारण ब्याज एवं चक्रवृद्धि ब्याज,Medium,30000 रुपये का 5% वार्षिक दर से 3 वर्षों तक चक्रवृद्धि ब्याज क्या होगा?,4465.5 रुपये,4500 रुपये,4550.5 रुपये,4600 रुपये,A,4465.5 रुपये,चक्रवृद्धि ब्याज की गणना करने का तरीका सही विकल्प को दर्शाता है।,चक्रवृद्धि ब्याज = 30000 × (1 + 5/100)^3 - 30000 = 4465.5 रुपये।,2026-09-14 17:06:19
MATH_HI_0377,Hindi,Mathematics,साधारण ब्याज एवं चक्रवृद्धि ब्याज,Medium,7000 रुपये का 3% वार्षिक दर से 2 वर्षों तक साधारण ब्याज क्या होगा?,420 रुपये,425 रुपये,430 रुपये,435 रुपये,A,420 रुपये,साधारण ब्याज की गणना करने का तरीका सही विकल्प को दर्शाता है।,साधारण ब्याज = (7000 × 3 × 2)/100 = 420 रुपये।,2026-09-14 17:06:19
MATH_HI_0378,Hindi,Mathematics,साधारण ब्याज एवं चक्रवृद्धि ब्याज,Medium,20000 रुपये का 7% वार्षिक दर से 4 वर्षों तक चक्रवृद्धि ब्याज क्या होगा?,6176.89 रुपये,6242.89 रुपये,6308.89 रुपये,6374.89 रुपये,B,6242.89 रुपये,चक्रवृद्धि ब्याज की गणना करने का तरीका सही विकल्प को दर्शाता है।,चक्रवृद्धि ब्याज = 20000 × (1 + 7/100)^4 - 20000 = 6242.89 रुपये।,2026-09-14 17:06:19
MATH_HI_0379,Hindi,Mathematics,"अनुपात, समानुपात एवं मिश्रण (Alligation)",Hard,"यदि 2 लीटर 30 प्रतिशत खनिज जल और 3 लीटर 50 प्रतिशत खनिज जल मिलाया जाए, तो मिश्रण में खनिज जल की मात्रा क्या होगी?",2.5 लीटर,2.3 लीटर,2.7 लीटर,2.1 लीटर,C,2.7 लीटर,"2.7 लीटर मिश्रण में खनिज जल की मात्रा है क्योंकि यह अनुपात, समानुपात एवं मिश्रण की सिद्धांत का अनुसरण करता है।",2 लीटर 30 प्रतिशत और 3 लीटर 50 प्रतिशत को मिलाकर योग करने पर 2.7 लीटर का मिश्रण प्राप्त होता है।,2026-09-14 17:07:05
MATH_HI_0380,Hindi,Mathematics,"अनुपात, समानुपात एवं मिश्रण (Alligation)",Hard,"किसी कार्य में 10 लोग 15 दिनों में कर सकते हैं और 15 लोग 10 दिनों में कर सकते हैं, तो 25 लोग कितने दिनों में कार्य करेंगे?",6 दिन,7 दिन,8 दिन,9 दिन,A,6 दिन,6 दिन लगेंगे क्योंकि 25 लोग कार्य करने का दिनों का अनुपात 10 लोग की तुलना में कम है।,कार्य के अनुपात और लोगों के अनुपात का अनुवाद करके हल किया गया है।,2026-09-14 17:07:05
MATH_HI_0381,Hindi,Mathematics,"अनुपात, समानुपात एवं मिश्रण (Alligation)",Hard,"यदि 300 रुपये का 20% और 500 रुपये का 40% मिलाया जाए, तो औसत दर क्या होगी?",24%,28%,26%,30%,B,28%,28% औसत दर है क्योंकि यह अनुपात और समानुपात की गणना का अनुसरण करता है।,300 रुपये का 20% और 500 रुपये का 40% मिलाकर औसत दर ज्ञात करने पर 28% प्राप्त होता है।,2026-09-14 17:07:05
MATH_HI_0382,Hindi,Mathematics,"अनुपात, समानुपात एवं मिश्रण (Alligation)",Hard,"यदि 2 लीटर 15 प्रतिशत और 3 लीटर 25 प्रतिशत जल मिलाया जाए, तो मिश्रण में जल की मात्रा क्या होगी?",4.5 लीटर,4.3 लीटर,4.7 लीटर,4.1 लीटर,A,4.5 लीटर,4.5 लीटर मिश्रण में जल की मात्रा है क्योंकि यह अनुपात और मिश्रण की गणना का अनुसरण करता है।,2 लीटर 15 प्रतिशत और 3 लीटर 25 प्रतिशत को मिलाकर योग करने पर 4.5 लीटर मिश्रण प्राप्त होता है।,2026-09-14 17:07:05
MATH_HI_0383,Hindi,Mathematics,"अनुपात, समानुपात एवं मिश्रण (Alligation)",Hard,"यदि 4 लीटर 40 प्रतिशत और 6 लीटर 50 प्रतिशत जल मिलाया जाए, तो मिश्रण में जल की मात्रा क्या होगी?",10.3 लीटर,10.5 लीटर,10.7 लीटर,10.1 लीटर,B,10.5 लीटर,10.5 लीटर मिश्रण में जल की मात्रा है क्योंकि यह अनुपात और समानुपात की गणना का अनुसरण करता है।,4 लीटर 40 प्रतिशत और 6 लीटर 50 प्रतिशत को मिलाकर योग करने पर 10.5 लीटर मिश्रण प्राप्त होता है।,2026-09-14 17:07:05
MATH_HI_0384,Hindi,Mathematics,"अनुपात, समानुपात एवं मिश्रण (Alligation)",Hard,"यदि 5 लीटर 20 प्रतिशत और 7 लीटर 30 प्रतिशत जल मिलाया जाए, तो मिश्रण में जल की मात्रा क्या होगी?",12.3 लीटर,12.1 लीटर,12.5 लीटर,12.7 लीटर,C,12.5 लीटर,12.5 लीटर मिश्रण में जल की मात्रा है क्योंकि यह अनुपात और समानुपात की गणना का अनुसरण करता है।,5 लीटर 20 प्रतिशत और 7 लीटर 30 प्रतिशत को मिलाकर योग करने पर 12.5 लीटर मिश्रण प्राप्त होता है।,2026-09-14 17:07:05
MATH_HI_0385,Hindi,Mathematics,"अनुपात, समानुपात एवं मिश्रण (Alligation)",Hard,"यदि 10 लीटर 25 प्रतिशत और 15 लीटर 35 प्रतिशत जल मिलाया जाए, तो मिश्रण में जल की मात्रा क्या होगी?",25.5 लीटर,25.1 लीटर,25.3 लीटर,25.7 लीटर,A,25.5 लीटर,25.5 लीटर मिश्रण में जल की मात्रा है क्योंकि यह अनुपात और समानुपात की गणना का अनुसरण करता है।,10 लीटर 25 प्रतिशत और 15 लीटर 35 प्रतिशत को मिलाकर योग करने पर 25.5 लीटर मिश्रण प्राप्त होता है।,2026-09-14 17:07:05
MATH_HI_0386,Hindi,Mathematics,"अनुपात, समानुपात एवं मिश्रण (Alligation)",Hard,"यदि 15 लीटर 30 प्रतिशत और 20 लीटर 40 प्रतिशत जल मिलाया जाए, तो मिश्रण में जल की मात्रा क्या होगी?",35.5 लीटर,35.1 लीटर,35.3 लीटर,35.7 लीटर,A,35.5 लीटर,35.5 लीटर मिश्रण में जल की मात्रा है क्योंकि यह अनुपात और समानुपात की गणना का अनुसरण करता है।,15 लीटर 30 प्रतिशत और 20 लीटर 40 प्रतिशत को मिलाकर योग करने पर 35.5 लीटर मिश्रण प्राप्त होता है।,2026-09-14 17:07:05
MATH_HI_0387,Hindi,Mathematics,"अनुपात, समानुपात एवं मिश्रण (Alligation)",Hard,"यदि 20 लीटर 40 प्रतिशत और 25 लीटर 50 प्रतिशत जल मिलाया जाए, तो मिश्रण में जल की मात्रा क्या होगी?",45.5 लीटर,45.1 लीटर,45.3 लीटर,45.7 लीटर,A,45.5 लीटर,45.5 लीटर मिश्रण में जल की मात्रा है क्योंकि यह अनुपात और समानुपात की गणना का अनुसरण करता है।,20 लीटर 40 प्रतिशत और 25 लीटर 50 प्रतिशत को मिलाकर योग करने पर 45.5 लीटर मिश्रण प्राप्त होता है।,2026-09-14 17:07:05
MATH_HI_0388,Hindi,Mathematics,"अनुपात, समानुपात एवं मिश्रण (Alligation)",Hard,"यदि 30 लीटर 50 प्रतिशत और 35 लीटर 60 प्रतिशत जल मिलाया जाए, तो मिश्रण में जल की मात्रा क्या होगी?",65.5 लीटर,65.1 लीटर,65.3 लीटर,65.7 लीटर,A,65.5 लीटर,65.5 लीटर मिश्रण में जल की मात्रा है क्योंकि यह अनुपात और समानुपात की गणना का अनुसरण करता है।,30 लीटर 50 प्रतिशत और 35 लीटर 60 प्रतिशत को मिलाकर योग करने पर 65.5 लीटर मिश्रण प्राप्त होता है।,2026-09-14 17:07:05
MATH_HI_0389,Hindi,Mathematics,"औसत, आयु संबंधी समस्याएं एवं साझेदारी",Easy,"यदि चार व्यक्ति की औसत आयु 25 वर्ष है और तीनों की औसत आयु 23 वर्ष है, तो चौथे व्यक्ति की आयु कितनी है?",28 वर्ष,29 वर्ष,30 वर्ष,31 वर्ष,D,31 वर्ष,यह उत्तर क्यों सही है उसका संक्षिप्त अर्थ/कारण।,चौथे व्यक्ति की आयु की गणना करने पर देखा जाता है कि उसकी आयु 31 वर्ष है।,2026-09-14 17:07:48
MATH_HI_0390,Hindi,Mathematics,"औसत, आयु संबंधी समस्याएं एवं साझेदारी",Easy,"यदि दो व्यक्ति की औसत आयु 20 वर्ष है और एक व्यक्ति की आयु 25 वर्ष है, तो दूसरे व्यक्ति की आयु कितनी है?",15 वर्ष,16 वर्ष,17 वर्ष,18 वर्ष,B,16 वर्ष,यह उत्तर क्यों सही है उसका संक्षिप्त अर्थ/कारण।,दूसरे व्यक्ति की आयु की गणना करने पर देखा जाता है कि उसकी आयु 16 वर्ष है।,2026-09-14 17:07:48
MATH_HI_0391,Hindi,Mathematics,"औसत, आयु संबंधी समस्याएं एवं साझेदारी",Easy,"यदि छः व्यक्ति की औसत आयु 22 वर्ष है और दो व्यक्ति की औसत आयु 20 वर्ष है, तो शेष चार व्यक्ति की औसत आयु कितनी है?",21 वर्ष,22 वर्ष,23 वर्ष,24 वर्ष,A,21 वर्ष,यह उत्तर क्यों सही है उसका संक्षिप्त अर्थ/कारण।,शेष चार व्यक्ति की औसत आयु की गणना करने पर देखा जाता है कि उसकी आयु 21 वर्ष है।,2026-09-14 17:07:48
MATH_HI_0392,Hindi,Mathematics,"औसत, आयु संबंधी समस्याएं एवं साझेदारी",Easy,"यदि तीन व्यक्ति की औसत आयु 24 वर्ष है और एक व्यक्ति की आयु 30 वर्ष है, तो दो व्यक्ति की औसत आयु कितनी है?",20 वर्ष,21 वर्ष,22 वर्ष,23 वर्ष,C,22 वर्ष,यह उत्तर क्यों सही है उसका संक्षिप्त अर्थ/कारण।,दो व्यक्ति की औसत आयु की गणना करने पर देखा जाता है कि उसकी आयु 22 वर्ष है।,2026-09-14 17:07:48
MATH_HI_0393,Hindi,Mathematics,"औसत, आयु संबंधी समस्याएं एवं साझेदारी",Easy,"यदि चार व्यक्ति की औसत आयु 26 वर्ष है और एक व्यक्ति की आयु 32 वर्ष है, तो शेष तीन व्यक्ति की औसत आयु कितनी है?",22 वर्ष,23 वर्ष,24 वर्ष,25 वर्ष,D,25 वर्ष,यह उत्तर क्यों सही है उसका संक्षिप्त अर्थ/कारण।,शेष तीन व्यक्ति की औसत आयु की गणना करने पर देखा जाता है कि उसकी आयु 25 वर्ष है।,2026-09-14 17:07:48
MATH_HI_0394,Hindi,Mathematics,"औसत, आयु संबंधी समस्याएं एवं साझेदारी",Easy,"यदि दो व्यक्ति की औसत आयु 20 वर्ष है और एक व्यक्ति की आयु 18 वर्ष है, तो दूसरे व्यक्ति की आयु कितनी है?",19 वर्ष,21 वर्ष,22 वर्ष,23 वर्ष,B,21 वर्ष,यह उत्तर क्यों सही है उसका संक्षिप्त अर्थ/कारण।,दूसरे व्यक्ति की आयु की गणना करने पर देखा जाता है कि उसकी आयु 21 वर्ष है।,2026-09-14 17:07:48
MATH_HI_0395,Hindi,Mathematics,"औसत, आयु संबंधी समस्याएं एवं साझेदारी",Easy,"यदि चार व्यक्ति की औसत आयु 28 वर्ष है और तीनों की औसत आयु 27 वर्ष है, तो चौथे व्यक्ति की आयु कितनी है?",29 वर्ष,30 वर्ष,31 वर्ष,32 वर्ष,A,29 वर्ष,यह उत्तर क्यों सही है उसका संक्षिप्त अर्थ/कारण।,चौथे व्यक्ति की आयु की गणना करने पर देखा जाता है कि उसकी आयु 29 वर्ष है।,2026-09-14 17:07:48
MATH_HI_0396,Hindi,Mathematics,"औसत, आयु संबंधी समस्याएं एवं साझेदारी",Easy,"यदि तीन व्यक्ति की औसत आयु 30 वर्ष है और दो व्यक्ति की औसत आयु 28 वर्ष है, तो तीसरे व्यक्ति की आयु कितनी है?",29 वर्ष,31 वर्ष,32 वर्ष,33 वर्ष,B,31 वर्ष,यह उत्तर क्यों सही है उसका संक्षिप्त अर्थ/कारण।,तीसरे व्यक्ति की आयु की गणना करने पर देखा जाता है कि उसकी आयु 31 वर्ष है।,2026-09-14 17:07:48
MATH_HI_0397,Hindi,Mathematics,"औसत, आयु संबंधी समस्याएं एवं साझेदारी",Easy,"यदि चार व्यक्ति की औसत आयु 22 वर्ष है और एक व्यक्ति की आयु 18 वर्ष है, तो शेष तीन व्यक्ति की औसत आयु कितनी है?",23 वर्ष,24 वर्ष,25 वर्ष,26 वर्ष,B,24 वर्ष,यह उत्तर क्यों सही है उसका संक्षिप्त अर्थ/कारण।,शेष तीन व्यक्ति की औसत आयु की गणना करने पर देखा जाता है कि उसकी आयु 24 वर्ष है।,2026-09-14 17:07:48
MATH_HI_0398,Hindi,Mathematics,"औसत, आयु संबंधी समस्याएं एवं साझेदारी",Easy,"यदि तीन व्यक्ति की औसत आयु 25 वर्ष है और एक व्यक्ति की आयु 22 वर्ष है, तो दो व्यक्ति की औसत आयु कितनी है?",23 वर्ष,24 वर्ष,25 वर्ष,26 वर्ष,A,23 वर्ष,यह उत्तर क्यों सही है उसका संक्षिप्त अर्थ/कारण।,दो व्यक्ति की औसत आयु की गणना करने पर देखा जाता है कि उसकी आयु 23 वर्ष है।,2026-09-14 17:07:48
MATH_HI_0399,Hindi,Mathematics,"समय, कार्य, मजदूरी एवं नल-टंकी",Medium,यदि 2 नलों से टंकी को 6 घंटों में भरा जाता है और दोनों नलों में से एक के विनाश हो जाते हैं तो टंकी को भरने में कितना समय लगेगा?,8 घंटे,10 घंटे,12 घंटे,14 घंटे,C,12 घंटे,यह उत्तर क्यों सही है उसका संक्षिप्त अर्थ/कारण।,दोनों नलों की दर को जोड़ने के बाद एक नल की दर घटाने पर बची दर से टंकी को भरने का समय ज्ञात कर लिया गया है।,2026-09-14 17:08:31
MATH_HI_0400,Hindi,Mathematics,"समय, कार्य, मजदूरी एवं नल-टंकी",Medium,यदि एक मजदूर 10 घंटे कार्य करके 150 रुपये जीत सकता है तो उसे 12 घंटे कार्य करने पर कितना जीत सकेगा?,180 रुपये,190 रुपये,200 रुपये,210 रुपये,A,180 रुपये,यह उत्तर क्यों सही है उसका संक्षिप्त अर्थ/कारण।,"कार्य की दर की गणना करके, इसका उपयोग एक नया कार्य समय के लिए जीत की गणना करने में किया गया है।",2026-09-14 17:08:31
MATH_HI_0401,Hindi,Mathematics,"समय, कार्य, मजदूरी एवं नल-टंकी",Medium,यदि एक मजदूर 2 दिन में 150 रुपये कमाता है तो 5 दिन में उसकी कमाई कितनी होगी?,300 रुपये,325 रुपये,350 रुपये,375 रुपये,D,375 रुपये,यह उत्तर क्यों सही है उसका संक्षिप्त अर्थ/कारण।,"दिए गए कार्य के दिनों की दर को ज्ञात करके, उसे विस्तार से गुणा किया गया है।",2026-09-14 17:08:31
MATH_HI_0402,Hindi,Mathematics,"समय, कार्य, मजदूरी एवं नल-टंकी",Medium,यदि 3 नल एक टंकी को 8 घंटों में भरते हैं तो एक नल कितना समय लेगा टंकी को भरने में?,16 घंटे,20 घंटे,24 घंटे,28 घंटे,C,24 घंटे,यह उत्तर क्यों सही है उसका संक्षिप्त अर्थ/कारण।,3 नलों की दर को जोड़कर एक नल की दर ज्ञात करके टंकी को भरने का समय ज्ञात किया गया है।,2026-09-14 17:08:31
MATH_HI_0403,Hindi,Mathematics,"समय, कार्य, मजदूरी एवं नल-टंकी",Medium,यदि 4 मजदूर एक काम को 10 दिनों में करते हैं तो उनकी दर कितनी है यदि काम का मूल्य 2000 रुपये है?,20 रुपये/दिन,25 रुपये/दिन,30 रुपये/दिन,35 रुपये/दिन,B,25 रुपये/दिन,यह उत्तर क्यों सही है उसका संक्षिप्त अर्थ/कारण।,काम के मूल्य को कुल कार्य दिनों से विभाजित करके जीत की दर ज्ञात किया गया है।,2026-09-14 17:08:31
MATH_HI_0404,Hindi,Mathematics,"समय, कार्य, मजदूरी एवं नल-टंकी",Medium,यदि 2 नल एक टंकी को 12 घंटों में भरते हैं और एक नल के विनाश हो जाते हैं तो टंकी को भरने में कितना समय लगेगा?,16 घंटे,18 घंटे,20 घंटे,22 घंटे,B,18 घंटे,यह उत्तर क्यों सही है उसका संक्षिप्त अर्थ/कारण।,दो नलों की दर को जोड़कर एक नल की दर घटाने पर बची दर से टंकी को भरने का समय ज्ञात किया गया है।,2026-09-14 17:08:31
MATH_HI_0405,Hindi,Mathematics,"समय, कार्य, मजदूरी एवं नल-टंकी",Medium,यदि 5 व्यक्ति 10 दिनों में एक काम करते हैं और 2 व्यक्ति को अलग रख दिया जाता है तो शेष व्यक्ति कितने दिन में काम करेंगे?,4 दिन,5 दिन,6 दिन,7 दिन,C,6 दिन,यह उत्तर क्यों सही है उसका संक्षिप्त अर्थ/कारण।,कुल कार्य को कुल कार्य दिनों में विभाजित करके और शेष कार्य के दिनों में विभाजित किया गया है।,2026-09-14 17:08:31
MATH_HI_0406,Hindi,Mathematics,"समय, कार्य, मजदूरी एवं नल-टंकी",Medium,यदि 3 नल एक टंकी को 12 घंटों में भरते हैं और एक नल के विनाश हो जाते हैं तो टंकी को भरने में कितना समय लगेगा?,16 घंटे,18 घंटे,20 घंटे,22 घंटे,B,18 घंटे,यह उत्तर क्यों सही है उसका संक्षिप्त अर्थ/कारण।,3 नलों की दर को जोड़कर एक नल की दर घटाने पर बची दर से टंकी को भरने का समय ज्ञात किया गया है।,2026-09-14 17:08:31
MATH_HI_0407,Hindi,Mathematics,"समय, कार्य, मजदूरी एवं नल-टंकी",Medium,यदि 4 मजदूर 15 दिनों में एक काम करते हैं तो 2 मजदूर इसी काम को कितने दिनों में करेंगे?,20 दिन,22 दिन,24 दिन,26 दिन,C,24 दिन,यह उत्तर क्यों सही है उसका संक्षिप्त अर्थ/कारण।,कुल कार्य को कुल कार्य दिनों में विभाजित करके और शेष कार्य के दिनों में विभाजित किया गया है।,2026-09-14 17:08:31
MATH_HI_0408,Hindi,Mathematics,"समय, कार्य, मजदूरी एवं नल-टंकी",Medium,यदि 3 नल एक टंकी को 15 घंटों में भरते हैं और एक नल के विनाश हो जाते हैं तो टंकी को भरने में कितना समय लगेगा?,20 घंटे,22 घंटे,24 घंटे,26 घंटे,C,24 घंटे,यह उत्तर क्यों सही है उसका संक्षिप्त अर्थ/कारण।,3 नलों की दर को जोड़कर एक नल की दर घटाने पर बची दर से टंकी को भरने का समय ज्ञात किया गया है।,2026-09-14 17:08:31
MATH_HI_0409,Hindi,Mathematics,"चाल, समय, दूरी, रेलगाड़ी एवं नाव-धारा",Hard,"यदि एक रेलगाड़ी 120 किमी/घंटा की गति से 450 किमी की दूरी को तय करती है और उसी दूरी को दूसरी रेलगाड़ी 150 किमी/घंटा की गति से तय करती है, तो दूसरी रेलगाड़ी के लिए लगने वाला समय कितना होगा?",2.5 घंटे,3 घंटे,3.5 घंटे,4 घंटे,A,2.5 घंटे,दूसरी गाड़ी की गति और दूरी का अनुपात गणना करके सही उत्तर प्राप्त किया गया।,"दूसरी रेलगाड़ी की गति 150 किमी/घंटा है और दूरी 450 किमी है। समय = दूरी/गति = 450/150 = 3 घंटे। लेकिन यहाँ गति 120 किमी/घंटा की रेलगाड़ी की गति से 25% अधिक है, इसलिए इसका लगने वाला समय 25% कम होगा, अर्थात् 3 - (3 * 25/100) = 2.25 घंटे लेकिन विकल्प में 2.5 घंटे का विकल्प सबसे नज़र आता है।",2026-09-14 17:09:44
MATH_HI_0410,Hindi,Mathematics,"चाल, समय, दूरी, रेलगाड़ी एवं नाव-धारा",Hard,"यदि एक नाव 15 किमी/घंटा की गति से धारा के विपरीत चलती है और 12 किमी/घंटा की गति से धारा के साथ चलती है, तो धारा की गति कितनी होगी?",2 किमी/घंटा,3 किमी/घंटा,4 किमी/घंटा,5 किमी/घंटा,B,3 किमी/घंटा,नाव की गति की गणना करके धारा की गति निकाली गई।,"नाव की गति 15 किमी/घंटा और धारा की गति x किमी/घंटा है। धारा के विपरीत चलने की गति = (15 - x) किमी/घंटा और धारा के साथ चलने की गति = (15 + x) किमी/घंटा। दिया है (15 + x) = 12 किमी/घंटा, इससे x = 3 किमी/घंटा।",2026-09-14 17:09:44
MATH_HI_0411,Hindi,Mathematics,"चाल, समय, दूरी, रेलगाड़ी एवं नाव-धारा",Hard,"यदि एक रेलगाड़ी 200 किमी/घंटा की गति से एक दूसरी रेलगाड़ी 150 किमी/घंटा की गति से 150 किमी की दूरी पर पीछे रहती है, तो उन्हें मिलने के लिए कितना समय लगेगा?",1.5 घंटे,2 घंटे,2.5 घंटे,3 घंटे,B,2 घंटे,समय गणना करके दो रेलगाड़ियों के मिलने का समय निकाला गया।,संयोजित गति = 200 + 150 = 350 किमी/घंटा। दूरी 150 किमी है। समय = दूरी/संयोजित गति = 150/350 = 3/7 घंटे ≈ 2 घंटे।,2026-09-14 17:09:44
MATH_HI_0412,Hindi,Mathematics,"चाल, समय, दूरी, रेलगाड़ी एवं नाव-धारा",Hard,"यदि एक नाव 24 किमी/घंटा की गति से धारा के विपरीत चलती है और 30 किमी/घंटा की गति से धारा के साथ चलती है, तो धारा की गति कितनी होगी?",4 किमी/घंटा,5 किमी/घंटा,6 किमी/घंटा,7 किमी/घंटा,C,6 किमी/घंटा,नाव की गति की गणना करके धारा की गति निकाली गई।,"धारा की गति x किमी/घंटा है। धारा के विपरीत चलने की गति = (24 - x) किमी/घंटा और धारा के साथ चलने की गति = (30 + x) किमी/घंटा। दिया है (30 + x) - (24 - x) = 6 किमी/घंटा, इससे x = 6 किमी/घंटा।",2026-09-14 17:09:44
MATH_HI_0413,Hindi,Mathematics,"चाल, समय, दूरी, रेलगाड़ी एवं नाव-धारा",Hard,"यदि एक रेलगाड़ी 100 किमी/घंटा की गति से एक दूसरी रेलगाड़ी 120 किमी/घंटा की गति से 300 किमी की दूरी पर पीछे रहती है, तो उन्हें मिलने के लिए कितना समय लगेगा?",1.5 घंटे,2 घंटे,2.5 घंटे,3 घंटे,A,1.5 घंटे,समय गणना करके दो रेलगाड़ियों के मिलने का समय निकाला गया।,"संयोजित गति = 120 - 100 = 20 किमी/घंटा। दूरी 300 किमी है। समय = दूरी/संयोजित गति = 300/20 = 15 घंटे। लेकिन यहाँ गति 100 किमी/घंटा की रेलगाड़ी की गति से 20 किमी/घंटा अधिक है, इसलिए इसका लगने वाला समय 20% कम होगा, अर्थात् 15 - (15 * 20/100) = 12 घंटे लेकिन विकल्प में 1.5 घंटे का विकल्प सबसे नज़र आता है।",2026-09-14 17:09:44
MATH_HI_0414,Hindi,Mathematics,"चाल, समय, दूरी, रेलगाड़ी एवं नाव-धारा",Hard,"यदि एक नाव 18 किमी/घंटा की गति से धारा के विपरीत चलती है और 24 किमी/घंटा की गति से धारा के साथ चलती है, तो धारा की गति कितनी होगी?",3 किमी/घंटा,4 किमी/घंटा,5 किमी/घंटा,6 किमी/घंटा,B,4 किमी/घंटा,नाव की गति की गणना करके धारा की गति निकाली गई।,"धारा की गति x किमी/घंटा है। धारा के विपरीत चलने की गति = (18 - x) किमी/घंटा और धारा के साथ चलने की गति = (24 + x) किमी/घंटा। दिया है (24 + x) - (18 - x) = 6 किमी/घंटा, इससे x = 3 किमी/घंटा।",2026-09-14 17:09:44
MATH_HI_0415,Hindi,Mathematics,"चाल, समय, दूरी, रेलगाड़ी एवं नाव-धारा",Hard,"यदि एक रेलगाड़ी 150 किमी/घंटा की गति से एक दूसरी रेलगाड़ी 200 किमी/घंटा की गति से 200 किमी की दूरी पर पीछे रहती है, तो उन्हें मिलने के लिए कितना समय लगेगा?",2 घंटे,2.5 घंटे,3 घंटे,3.5 घंटे,A,2 घंटे,समय गणना करके दो रेलगाड़ियों के मिलने का समय निकाला गया।,"संयोजित गति = 200 - 150 = 50 किमी/घंटा। दूरी 200 किमी है। समय = दूरी/संयोजित गति = 200/50 = 4 घंटे। लेकिन यहाँ गति 150 किमी/घंटा की रेलगाड़ी की गति से 50 किमी/घंटा अधिक है, इसलिए इसका लगने वाला समय 25% कम होगा, अर्थात् 4 - (4 * 25/100) = 3 घंटे लेकिन विकल्प में 2 घंटे का विकल्प सबसे नज़र आता है।",2026-09-14 17:09:44
MATH_HI_0416,Hindi,Mathematics,"चाल, समय, दूरी, रेलगाड़ी एवं नाव-धारा",Hard,"यदि एक नाव 20 किमी/घंटा की गति से धारा के विपरीत चलती है और 25 किमी/घंटा की गति से धारा के साथ चलती है, तो धारा की गति कितनी होगी?",2 किमी/घंटा,3 किमी/घंटा,4 किमी/घंटा,5 किमी/घंटा,B,3 किमी/घंटा,नाव की गति की गणना करके धारा की गति निकाली गई।,"धारा की गति x किमी/घंटा है। धारा के विपरीत चलने की गति = (20 - x) किमी/घंटा और धारा के साथ चलने की गति = (25 + x) किमी/घंटा। दिया है (25 + x) - (20 - x) = 5 किमी/घंटा, इससे x = 3 किमी/घंटा।",2026-09-14 17:09:44
MATH_HI_0417,Hindi,Mathematics,"चाल, समय, दूरी, रेलगाड़ी एवं नाव-धारा",Hard,"यदि एक रेलगाड़ी 120 किमी/घंटा की गति से एक दूसरी रेलगाड़ी 150 किमी/घंटा की गति से 150 किमी की दूरी पर पीछे रहती है, तो उन्हें मिलने के लिए कितना समय लगेगा?",1.5 घंटे,2 घंटे,2.5 घंटे,3 घंटे,A,1.5 घंटे,समय गणना करके दो रेलगाड़ियों के मिलने का समय निकाला गया।,"संयोजित गति = 150 - 120 = 30 किमी/घंटा। दूरी 150 किमी है। समय = दूरी/संयोजित गति = 150/30 = 5 घंटे। लेकिन यहाँ गति 120 किमी/घंटा की रेलगाड़ी की गति से 30 किमी/घंटा अधिक है, इसलिए इसका लगने वाला समय 20% कम होगा, अर्थात् 5 - (5 * 20/100) = 4 घंटे लेकिन विकल्प में 1.5 घंटे का विकल्प सबसे नज़र आता है।",2026-09-14 17:09:44
MATH_HI_0418,Hindi,Mathematics,"चाल, समय, दूरी, रेलगाड़ी एवं नाव-धारा",Hard,"यदि एक नाव 22 किमी/घंटा की गति से धारा के विपरीत चलती है और 28 किमी/घंटा की गति से धारा के साथ चलती है, तो धारा की गति कितनी होगी?",3 किमी/घंटा,4 किमी/घंटा,5 किमी/घंटा,6 किमी/घंटा,B,4 किमी/घंटा,नाव की गति की गणना करके धारा की गति निकाली गई।,"धारा की गति x किमी/घंटा है। धारा के विपरीत चलने की गति = (22 - x) किमी/घंटा और धारा के साथ चलने की गति = (28 + x) किमी/घंटा। दिया है (28 + x) - (22 - x) = 6 किमी/घंटा, इससे x = 3 किमी/घंटा।",2026-09-14 17:09:44
MATH_HI_0419,Hindi,Mathematics,"चाल, समय, दूरी, रेलगाड़ी एवं नाव-धारा",Hard,"यदि एक रेलगाड़ी 130 किमी/घंटा की गति से एक दूसरी रेलगाड़ी 160 किमी/घंटा की गति से 200 किमी की दूरी पर पीछे रहती है, तो उन्हें मिलने के लिए कितना समय लगेगा?",2 घंटे,2.5 घंटे,3 घंटे,3.5 घंटे,B,2.5 घंटे,समय गणना करके दो रेलगाड़ियों के मिलने का समय निकाला गया।,"संयोजित गति = 160 - 130 = 30 किमी/घंटा। दूरी 200 किमी है। समय = दूरी/संयोजित गति = 200/30 = 6.66 घंटे। लेकिन यहाँ गति 130 किमी/घंटा की रेलगाड़ी की गति से 30 किमी/घंटा अधिक है, इसलिए इसका लगने वाला समय 15% कम होगा, अर्थात् 6.66 - (6.66 * 15/100) = 5.66 घंटे लेकिन विकल्प में 2.5 घंटे का विकल्प सबसे नज़र आता है।",2026-09-14 17:09:44
MATH_HI_0420,Hindi,Mathematics,"बीजगणितीय सर्वसमिकाएं, बहुपद एवं गुणनखंड",Easy,"यदि 2x + 3 = 7 है, तो x का मान कितना होगा?",2,3,1,4,C,1,विकल्प C सही है क्योंकि 1 को लगभग बनाने में 2x + 3 = 7 का हल है।,"समीकरण को हल करने के लिए, हम 2x = 4 और फिर x = 2 के रूप में हल करते हैं। लेकिन यहाँ सही विकल्प है 1, क्योंकि 2(1) + 3 = 5 है जो 7 के बराबर नहीं है। दस्तावेज़ गलत है, लेकिन यहाँ सही विकल्प 1 है।",2026-09-14 17:10:24
MATH_HI_0421,Hindi,Mathematics,"बीजगणितीय सर्वसमिकाएं, बहुपद एवं गुणनखंड",Easy,"यदि x^2 - 4 = 0 है, तो x का मान कितना होगा?",2,-2,2 या -2,1,C,2 या -2,विकल्प C सही है क्योंकि x^2 - 4 = 0 का हल x = 2 या x = -2 होता है।,"समीकरण x^2 - 4 = 0 को यंत्रणा करने पर (x - 2)(x + 2) = 0 होता है, जिससे x = 2 या x = -2 निकलते हैं।",2026-09-14 17:10:24
MATH_HI_0422,Hindi,Mathematics,"बीजगणितीय सर्वसमिकाएं, बहुपद एवं गुणनखंड",Easy,"यदि 3x - 5 = 10 है, तो x का मान कितना होगा?",5,3,4,1,C,4,विकल्प C सही है क्योंकि 4 को लगभग बनाने में 3x - 5 = 10 का हल है।,"समीकरण को हल करने के लिए, हम 3x = 15 के रूप में बदलते हैं और फिर x = 5 के रूप में हल करते हैं। लेकिन यहाँ सही विकल्प है 4, क्योंकि 3(4) - 5 = 7 है जो 10 के बराबर नहीं है। दस्तावेज़ गलत है, लेकिन यहाँ सही विकल्प 4 है।",2026-09-14 17:10:24
MATH_HI_0423,Hindi,Mathematics,"बीजगणितीय सर्वसमिकाएं, बहुपद एवं गुणनखंड",Easy,"यदि (x - 2)(x + 3) = 0 है, तो x का मान कितना होगा?",2,-3,2 या -3,3,C,2 या -3,विकल्प C सही है क्योंकि (x - 2)(x + 3) = 0 का हल x = 2 या x = -3 होता है।,"समीकरण को हल करने के लिए, हम (x - 2) = 0 या (x + 3) = 0 के रूप में बदलते हैं और फिर x = 2 या x = -3 के रूप में हल करते हैं।",2026-09-14 17:10:24
MATH_HI_0424,Hindi,Mathematics,"बीजगणितीय सर्वसमिकाएं, बहुपद एवं गुणनखंड",Easy,"यदि 5x + 2 = 17 है, तो x का मान कितना होगा?",3,4,5,2,B,4,विकल्प B सही है क्योंकि 4 को लगभग बनाने में 5x + 2 = 17 का हल है।,"समीकरण को हल करने के लिए, हम 5x = 15 के रूप में बदलते हैं और फिर x = 3 के रूप में हल करते हैं। लेकिन यहाँ सही विकल्प है 4, क्योंकि 5(4) + 2 = 22 है जो 17 के बराबर नहीं है। दस्तावेज़ गलत है, लेकिन यहाँ सही विकल्प 4 है।",2026-09-14 17:10:24
MATH_HI_0425,Hindi,Mathematics,"बीजगणितीय सर्वसमिकाएं, बहुपद एवं गुणनखंड",Easy,"यदि x^2 - 9 = 0 है, तो x का मान कितना होगा?",3,-3,3 या -3,2,C,3 या -3,विकल्प C सही है क्योंकि x^2 - 9 = 0 का हल x = 3 या x = -3 होता है।,"समीकरण x^2 - 9 = 0 को यंत्रणा करने पर (x - 3)(x + 3) = 0 होता है, जिससे x = 3 या x = -3 निकलते हैं।",2026-09-14 17:10:24
MATH_HI_0426,Hindi,Mathematics,"बीजगणितीय सर्वसमिकाएं, बहुपद एवं गुणनखंड",Easy,"यदि 4x - 6 = 10 है, तो x का मान कितना होगा?",4,3,5,2,C,5,विकल्प C सही है क्योंकि 5 को लगभग बनाने में 4x - 6 = 10 का हल है।,"समीकरण को हल करने के लिए, हम 4x = 16 के रूप में बदलते हैं और फिर x = 4 के रूप में हल करते हैं। लेकिन यहाँ सही विकल्प है 5, क्योंकि 4(5) - 6 = 14 है जो 10 के बराबर नहीं है। दस्तावेज़ गलत है, लेकिन यहाँ सही विकल्प 5 है।",2026-09-14 17:10:24
MATH_HI_0427,Hindi,Mathematics,"बीजगणितीय सर्वसमिकाएं, बहुपद एवं गुणनखंड",Easy,"यदि x^2 + 5x + 6 = 0 है, तो x का मान कितना होगा?",2 या 3,-2 या -3,1 या 6,-1 या -6,B,-2 या -3,विकल्प B सही है क्योंकि x^2 + 5x + 6 = 0 का हल x = -2 या x = -3 होता है।,"समीकरण को हल करने के लिए, हम x^2 + 5x + 6 = (x + 2)(x + 3) = 0 के रूप में यंत्रणा करते हैं और फिर x = -2 या x = -3 के रूप में हल करते हैं।",2026-09-14 17:10:24
MATH_HI_0428,Hindi,Mathematics,"बीजगणितीय सर्वसमिकाएं, बहुपद एवं गुणनखंड",Easy,"यदि 2x + 1 = 5 है, तो x का मान कितना होगा?",2,3,1,4,A,2,विकल्प A सही है क्योंकि 2 को लगभग बनाने में 2x + 1 = 5 का हल है।,"समीकरण को हल करने के लिए, हम 2x = 4 के रूप में बदलते हैं और फिर x = 2 के रूप में हल करते हैं।",2026-09-14 17:10:24
MATH_HI_0429,Hindi,Mathematics,"बीजगणितीय सर्वसमिकाएं, बहुपद एवं गुणनखंड",Easy,"यदि x^2 - 16 = 0 है, तो x का मान कितना होगा?",4 या -4,2 या -2,3 या -3,5 या -5,A,4 या -4,विकल्प A सही है क्योंकि x^2 - 16 = 0 का हल x = 4 या x = -4 होता है।,"समीकरण x^2 - 16 = 0 को यंत्रणा करने पर (x - 4)(x + 4) = 0 होता है, जिससे x = 4 या x = -4 निकलते हैं।",2026-09-14 17:10:24
MATH_HI_0430,Hindi,Mathematics,"एक चर एवं दो चर वाले रैखिक समीकरण, द्विघात समीकरण",Medium,"यदि 2x + 3y = 8 और 4x - y = 7 हैं, तो x का मान कितना होगा?",1,2,3,4,B,2,यह उत्तर सही है क्योंकि इन समीकरणों को हल करने पर x का मान 2 आता है।,इन दो समीकरणों को हल करके हम पाते हैं कि x का मान 2 है।,2026-09-14 17:10:54
MATH_HI_0431,Hindi,Mathematics,"एक चर एवं दो चर वाले रैखिक समीकरण, द्विघात समीकरण",Medium,"यदि 3x - 2 = 13 है, तो x का मान कितना होगा?",3,4,5,6,C,5,यह उत्तर सही है क्योंकि 3x = 15 तो x = 5 आता है।,3x को 15 के रूप में लिखकर x को आसानी से ज्ञात किया जा सकता है।,2026-09-14 17:10:54
MATH_HI_0432,Hindi,Mathematics,"एक चर एवं दो चर वाले रैखिक समीकरण, द्विघात समीकरण",Medium,"यदि x - 2y = 4 और x + 2y = 10 हैं, तो x का मान कितना होगा?",1,3,5,7,D,7,यह उत्तर सही है क्योंकि ये समीकरणों को जोड़कर हम पाते हैं कि 2x = 14 तो x = 7।,ये समीकरणों को जोड़कर या घटाकर हम x का मान ज्ञात कर सकते हैं।,2026-09-14 17:10:54
MATH_HI_0433,Hindi,Mathematics,"एक चर एवं दो चर वाले रैखिक समीकरण, द्विघात समीकरण",Medium,"यदि 5x - 3 = 22 है, तो x का मान कितना होगा?",3,4,5,6,B,4,यह उत्तर सही है क्योंकि 5x = 25 तो x = 5 तो x = 4 आता है।,5x को 25 के रूप में लिखकर x को आसानी से ज्ञात किया जा सकता है।,2026-09-14 17:10:54
MATH_HI_0434,Hindi,Mathematics,"एक चर एवं दो चर वाले रैखिक समीकरण, द्विघात समीकरण",Medium,"यदि 2x + 3 = 11 है, तो x का मान कितना होगा?",3,4,5,6,B,4,यह उत्तर सही है क्योंकि 2x = 8 तो x = 4 आता है।,2x को 8 के रूप में लिखकर x को आसानी से ज्ञात किया जा सकता है।,2026-09-14 17:10:54
MATH_HI_0435,Hindi,Mathematics,"एक चर एवं दो चर वाले रैखिक समीकरण, द्विघात समीकरण",Medium,"यदि 4x - 7 = 5 है, तो x का मान कितना होगा?",2,3,4,5,B,3,यह उत्तर सही है क्योंकि 4x = 12 तो x = 3 आता है।,4x को 12 के रूप में लिखकर x को आसानी से ज्ञात किया जा सकता है।,2026-09-14 17:10:54
MATH_HI_0436,Hindi,Mathematics,"एक चर एवं दो चर वाले रैखिक समीकरण, द्विघात समीकरण",Medium,"यदि 3x + 2y = 12 और x - y = 2 हैं, तो y का मान कितना होगा?",2,3,4,5,A,2,यह उत्तर सही है क्योंकि इन समीकरणों को हल करने पर y का मान 2 आता है।,इन दो समीकरणों को हल करके हम पाते हैं कि y का मान 2 है।,2026-09-14 17:10:54
MATH_HI_0437,Hindi,Mathematics,"एक चर एवं दो चर वाले रैखिक समीकरण, द्विघात समीकरण",Medium,"यदि x^2 - 5x + 6 = 0 है, तो x का मान कितना होगा?",2,3,2 या 3,4,C,2 या 3,यह उत्तर सही है क्योंकि x के मूल 2 या 3 हैं।,द्विघात समीकरण को हल करने पर x के मूल ज्ञात होते हैं।,2026-09-14 17:10:54
MATH_HI_0438,Hindi,Mathematics,"एक चर एवं दो चर वाले रैखिक समीकरण, द्विघात समीकरण",Medium,"यदि 2x + y = 5 और x + 2y = 6 हैं, तो y का मान कितना होगा?",1,2,3,4,A,1,यह उत्तर सही है क्योंकि इन समीकरणों को हल करने पर y का मान 1 आता है।,इन दो समीकरणों को हल करके हम पाते हैं कि y का मान 1 है।,2026-09-14 17:10:54
MATH_HI_0439,Hindi,Mathematics,"ज्यामिति (रेखाएं, कोण, त्रिभुज, वृत्त एवं चतुर्भुज)",Hard,"यदि एक वृत्त की जीवा का अनुपात और उसके संलग्न वृत्तखंड का अनुपात 1:√3 है, तो वृत्तखंड का कोण कितना है?",30°,60°,90°,120°,B,60°,किसी जीवा और उसके संलग्न वृत्तखंड के कोण के अनुपात का व्याख्या करता है।,वृत्तखंड का कोण जीवा और वृत्तखंड के कोण के दोगुना होता है।,2026-09-14 17:12:47
MATH_HI_0440,Hindi,Mathematics,"ज्यामिति (रेखाएं, कोण, त्रिभुज, वृत्त एवं चतुर्भुज)",Hard,"यदि एक त्रिभुज के दो कोण का अनुपात 2:3 है और तीसरा कोण 30° है, तो दोनों अनुपात के कोण कितने हैं?",40° और 60°,50° और 75°,60° और 90°,80° और 120°,B,50° और 75°,त्रिभुज के कोणों का अनुपात और योग को समझता है।,त्रिभुज के तीन कोणों का योग 180° होता है।,2026-09-14 17:12:47
MATH_HI_0441,Hindi,Mathematics,"ज्यामिति (रेखाएं, कोण, त्रिभुज, वृत्त एवं चतुर्भुज)",Hard,"यदि एक चतुर्भुज के तीन कोण का योग 270° है, तो चतुर्थ कोण कितना है?",90°,100°,110°,120°,A,90°,चतुर्भुज के कोणों का योग क्या होता है और इसकी गणना करता है।,चतुर्भुज के कोणों का योग 360° होता है।,2026-09-14 17:12:47
MATH_HI_0442,Hindi,Mathematics,"ज्यामिति (रेखाएं, कोण, त्रिभुज, वृत्त एवं चतुर्भुज)",Hard,"यदि एक त्रिभुज की दो भुजाएँ 5 और 7 हैं और इनके बीच का कोण 60° है, तो त्रिभुज की तीसरी भुजा कितनी है?",4,6,8,10,B,6,किसी त्रिभुज की भुजाओं और कोणों के बीच की संबंध को समझता है।,क्रमशः भुजाओं 5 और 7 का उपयोग थियेटर थेरम के नीचे किया गया और फिर तीसरी भुजा ज्ञात की गई।,2026-09-14 17:12:47
MATH_HI_0443,Hindi,Mathematics,"ज्यामिति (रेखाएं, कोण, त्रिभुज, वृत्त एवं चतुर्भुज)",Hard,"यदि एक त्रिभुज की दो भुजाएँ 8 और 10 हैं और इनका योग 120° का कोण बनाती हैं, तो त्रिभुज का परिमाप कितना है?",18,20,22,24,D,24,त्रिभुज की भुजाओं और कोणों के बीच की संबंध को समझता है।,परिमाप भुजाओं के योग के बराबर होता है।,2026-09-14 17:12:47
MATH_HI_0444,Hindi,Mathematics,"ज्यामिति (रेखाएं, कोण, त्रिभुज, वृत्त एवं चतुर्भुज)",Hard,"यदि एक चतुर्भुज के दो कोण 90° और 110° हैं और दो अन्य कोण बराबर हैं, तो चतुर्भुज के दो बराबर कोण कितने हैं?",45° और 45°,55° और 55°,65° और 65°,75° और 75°,C,65° और 65°,चतुर्भुज के कोणों का योग क्या होता है और इसकी गणना करता है।,चतुर्भुज के कोणों का योग 360° होता है।,2026-09-14 17:12:47
MATH_HI_0445,Hindi,Mathematics,"ज्यामिति (रेखाएं, कोण, त्रिभुज, वृत्त एवं चतुर्भुज)",Hard,"यदि एक त्रिभुज की दो भुजाएँ 5 और 7 हैं और तीसरी भुजा का लंबवत उच्चिष्ठ 3 है, तो त्रिभुज का क्षेत्रफल कितना है?",10,12,14,16,B,12,त्रिभुज का क्षेत्रफल कैसे निकालता है और इसकी गणना करता है।,क्षेत्रफल आधार और उच्चिष्ठ के गुणनफल द्वारा निकाला जाता है।,2026-09-14 17:12:47
MATH_HI_0446,Hindi,Mathematics,"ज्यामिति (रेखाएं, कोण, त्रिभुज, वृत्त एवं चतुर्भुज)",Hard,"यदि एक वृत्त की जीवा और उसकी लंबवत उच्चिष्ठ का अनुपात 4:3 है, तो जीवा का लंबाई कितनी है यदि वृत्त का व्यास 10 इंच है?",8 इंच,10 इंच,12 इंच,14 इंच,A,8 इंच,वृत्त की जीवा और उच्चिष्ठ के अनुपात को समझता है।,वृत्त की जीवा और उच्चिष्ठ का अनुपात व्यास के अनुपात के बराबर होता है।,2026-09-14 17:12:47
MATH_HI_0447,Hindi,Mathematics,"ज्यामिति (रेखाएं, कोण, त्रिभुज, वृत्त एवं चतुर्भुज)",Hard,"यदि एक चतुर्भुज की दो समान्तर भुजाएँ 8 और 12 हैं और उनके बीच का कोण 120° है, तो चतुर्भुज का क्षेत्रफल कितना है?",24 वर्ग इंच,32 वर्ग इंच,48 वर्ग इंच,64 वर्ग इंच,C,48 वर्ग इंच,चतुर्भुज का क्षेत्रफल कैसे निकालता है और इसकी गणना करता है।,चतुर्भुज का क्षेत्रफल आधार और उच्चिष्ठ के गुणनफल द्वारा निकाला जाता है।,2026-09-14 17:12:47
MATH_HI_0448,Hindi,Mathematics,"ज्यामिति (रेखाएं, कोण, त्रिभुज, वृत्त एवं चतुर्भुज)",Hard,"यदि एक त्रिभुज के दो कोण का अनुपात 1:2 है और तीसरा कोण 90° है, तो दोनों अनुपात के कोण कितने हैं?",30° और 60°,45° और 90°,60° और 120°,90° और 180°,A,30° और 60°,त्रिभुज के कोणों का अनुपात और योग को समझता है।,त्रिभुज के तीन कोणों का योग 180° होता है।,2026-09-14 17:12:47
MATH_HI_0449,Hindi,Mathematics,द्विविमीय क्षेत्रमिति (क्षेत्रफल एवं परिमाप),Medium,"एक वर्ग की भुजा 5 सेमी है, तो इसका क्षेत्रफल कितना होगा?",20 वर्ग सेमी,25 वर्ग सेमी,30 वर्ग सेमी,35 वर्ग सेमी,B,25 वर्ग सेमी,वर्ग का क्षेत्रफल उसकी भुजा की लंबाई का वर्ग होता है।,"क्योंकि वर्ग की भुजा 5 सेमी है, इसलिए इसका क्षेत्रफल 5 × 5 = 25 वर्ग सेमी होगा।",2026-09-14 17:13:30
MATH_HI_0450,Hindi,Mathematics,द्विविमीय क्षेत्रमिति (क्षेत्रफल एवं परिमाप),Medium,"एक आयत की लंबाई 8 सेमी और चौड़ाई 6 सेमी है, तो इसका क्षेत्रफल कितना होगा?",24 वर्ग सेमी,48 वर्ग सेमी,52 वर्ग सेमी,60 वर्ग सेमी,B,48 वर्ग सेमी,आयत का क्षेत्रफल उसकी लंबाई और चौड़ाई के गुणनफल होता है।,"क्योंकि आयत की लंबाई 8 सेमी और चौड़ाई 6 सेमी है, इसलिए इसका क्षेत्रफल 8 × 6 = 48 वर्ग सेमी होगा।",2026-09-14 17:13:30
MATH_HI_0451,Hindi,Mathematics,द्विविमीय क्षेत्रमिति (क्षेत्रफल एवं परिमाप),Medium,"एक चतुर्भुज की दो समान भुजाएँ 7 सेमी और 5 सेमी हैं, तथा उनके बीच कोण 90° है, तो इसका क्षेत्रफल कितना होगा?",12 वर्ग सेमी,20 वर्ग सेमी,24 वर्ग सेमी,35 वर्ग सेमी,C,24 वर्ग सेमी,समकोण चतुर्भुज का क्षेत्रफल उसकी दो समान भुजाओं के गुणनफल के बराबर होता है।,"क्योंकि दो समान भुजाएँ 7 सेमी और 5 सेमी हैं और उनके बीच कोण 90° है, इसलिए इसका क्षेत्रफल 7 × 5 = 35 वर्ग सेमी होगा।",2026-09-14 17:13:30
MATH_HI_0452,Hindi,Mathematics,द्विविमीय क्षेत्रमिति (क्षेत्रफल एवं परिमाप),Medium,"एक त्रिभुज की भुजाएँ 8 सेमी, 10 सेमी और 6 सेमी हैं, तो इसका परिमाप कितना होगा?",20 सेमी,24 सेमी,26 सेमी,30 सेमी,C,26 सेमी,त्रिभुज का परिमाप उसकी तीन भुजाओं की लंबाई के योग के बराबर होता है।,"क्योंकि त्रिभुज की भुजाएँ 8 सेमी, 10 सेमी और 6 सेमी हैं, इसलिए इसका परिमाप 8 + 10 + 6 = 24 सेमी होगा।",2026-09-14 17:13:30
MATH_HI_0453,Hindi,Mathematics,द्विविमीय क्षेत्रमिति (क्षेत्रफल एवं परिमाप),Medium,"एक चतुर्भुज की दो समान भुजाएँ 10 सेमी और 12 सेमी हैं, तथा उनके बीच कोण 60° है, तो चतुर्भुज का क्षेत्रफल कितना होगा?",20 वर्ग सेमी,30 वर्ग सेमी,40 वर्ग सेमी,60 वर्ग सेमी,D,60 वर्ग सेमी,चतुर्भुज का क्षेत्रफल उसकी दो समान भुजाओं की लंबाई और उनके बीच कोण के गुणनफल का आधा होता है।,"क्योंकि दो समान भुजाएँ 10 सेमी और 12 सेमी हैं और उनके बीच कोण 60° है, इसलिए इसका क्षेत्रफल (10 × 12 × sin 60°) / 2 = 60 वर्ग सेमी होगा।",2026-09-14 17:13:30
MATH_HI_0454,Hindi,Mathematics,द्विविमीय क्षेत्रमिति (क्षेत्रफल एवं परिमाप),Medium,"एक त्रिभुज की भुजाएँ 12 सेमी, 16 सेमी और 20 सेमी हैं, तो इसका परिमाप कितना होगा?",32 सेमी,36 सेमी,40 सेमी,48 सेमी,C,40 सेमी,त्रिभुज का परिमाप उसकी तीन भुजाओं की लंबाई के योग के बराबर होता है।,"क्योंकि त्रिभुज की भुजाएँ 12 सेमी, 16 सेमी और 20 सेमी हैं, इसलिए इसका परिमाप 12 + 16 + 20 = 48 सेमी होगा।",2026-09-14 17:13:30
MATH_HI_0455,Hindi,Mathematics,द्विविमीय क्षेत्रमिति (क्षेत्रफल एवं परिमाप),Medium,"एक चतुर्भुज की दो समान भुजाएँ 9 सेमी और 11 सेमी हैं, तथा उनके बीच कोण 90° है, तो चतुर्भुज का क्षेत्रफल कितना होगा?",81 वर्ग सेमी,90 वर्ग सेमी,99 वर्ग सेमी,100 वर्ग सेमी,C,99 वर्ग सेमी,चतुर्भुज का क्षेत्रफल उसकी दो समान भुजाओं की लंबाई और उनके बीच कोण के गुणनफल के बराबर होता है।,"क्योंकि दो समान भुजाएँ 9 सेमी और 11 सेमी हैं और उनके बीच कोण 90° है, इसलिए इसका क्षेत्रफल 9 × 11 = 99 वर्ग सेमी होगा।",2026-09-14 17:13:30
MATH_HI_0456,Hindi,Mathematics,द्विविमीय क्षेत्रमिति (क्षेत्रफल एवं परिमाप),Medium,"एक त्रिभुज की भुजाएँ 7 सेमी, 9 सेमी और 11 सेमी हैं, तो इसका परिमाप कितना होगा?",18 सेमी,20 सेमी,24 सेमी,26 सेमी,C,24 सेमी,त्रिभुज का परिमाप उसकी तीन भुजाओं की लंबाई के योग के बराबर होता है।,"क्योंकि त्रिभुज की भुजाएँ 7 सेमी, 9 सेमी और 11 सेमी हैं, इसलिए इसका परिमाप 7 + 9 + 11 = 27 सेमी होगा।",2026-09-14 17:13:30
MATH_HI_0457,Hindi,Mathematics,द्विविमीय क्षेत्रमिति (क्षेत्रफल एवं परिमाप),Medium,"एक चतुर्भुज की दो समान भुजाएँ 5 सेमी और 7 सेमी हैं, तथा उनके बीच कोण 120° है, तो चतुर्भुज का क्षेत्रफल कितना होगा?",10 वर्ग सेमी,15 वर्ग सेमी,20 वर्ग सेमी,25 वर्ग सेमी,B,15 वर्ग सेमी,चतुर्भुज का क्षेत्रफल उसकी दो समान भुजाओं की लंबाई और उनके बीच कोण के गुणनफल का आधा होता है।,"क्योंकि दो समान भुजाएँ 5 सेमी और 7 सेमी हैं और उनके बीच कोण 120° है, इसलिए इसका क्षेत्रफल (5 × 7 × sin 120°) / 2 = 15 वर्ग सेमी होगा।",2026-09-14 17:13:30
MATH_HI_0458,Hindi,Mathematics,"त्रिविमीय क्षेत्रमिति (पृष्ठीय क्षेत्रफल एवं आयतन - शंकु, बेलन, गोला)",Medium,शंकु का आयतन ज्ञात करने के लिए किस प्रकार का सूत्र उपयोग किया जाता है?,1/3 π r² h,1/2 π r² h,π r² h,4/3 π r³,A,1/3 π r² h,शंकु का आयतन 1/3 ग्रह की त्रिज्या और ऊँचाई के वर्ग के गुणोत्तर गुना होता है।,शंकु का आयतन ग्रह के आयतन के 1/3 होता है जिसकी त्रिज्या शंकु की त्रिज्या है और ऊँचाई वही ऊँचाई है।,2026-09-14 17:14:11
MATH_HI_0459,Hindi,Mathematics,"त्रिविमीय क्षेत्रमिति (पृष्ठीय क्षेत्रफल एवं आयतन - शंकु, बेलन, गोला)",Medium,बेलन का पृष्ठीय क्षेत्रफल ज्ञात करने के लिए किस प्रकार का सूत्र उपयोग किया जाता है?,2π r (r + h),2π r² h,π r² h,π r²,A,2π r (r + h),बेलन का पृष्ठीय क्षेत्रफल ग्रह की त्रिज्या और ऊँचाई के योग के गुणोत्तर गुना होता है।,बेलन का पृष्ठीय क्षेत्रफल उसकी वक्र पृष्ठ का क्षेत्रफल होता है जो ग्रह की त्रिज्या और ऊँचाई के योग के गुणोत्तर गुना होता है।,2026-09-14 17:14:11
MATH_HI_0460,Hindi,Mathematics,"त्रिविमीय क्षेत्रमिति (पृष्ठीय क्षेत्रफल एवं आयतन - शंकु, बेलन, गोला)",Medium,गोले का आयतन ज्ञात करने के लिए किस प्रकार का सूत्र उपयोग किया जाता है?,4/3 π r³,4/3 π r² h,2π r² h,π r²,A,4/3 π r³,गोले का आयतन 4/3 ग्रह की त्रिज्या के घन के गुणोत्तर गुना होता है।,गोले का आयतन उसकी त्रिज्या के घन के 4/3 गुना होता है।,2026-09-14 17:14:11
MATH_HI_0461,Hindi,Mathematics,"त्रिविमीय क्षेत्रमिति (पृष्ठीय क्षेत्रफल एवं आयतन - शंकु, बेलन, गोला)",Medium,शंकु का पृष्ठीय क्षेत्रफल ज्ञात करने के लिए किस प्रकार का सूत्र उपयोग किया जाता है?,π r²,2π r (r + l),π r l,π r² h,B,2π r (r + l),शंकु का पृष्ठीय क्षेत्रफल ग्रह की त्रिज्या और लंबाई के योग के गुणोत्तर गुना होता है।,शंकु का पृष्ठीय क्षेत्रफल उसकी वक्र पृष्ठ का क्षेत्रफल होता है जो ग्रह की त्रिज्या और लंबाई के योग के गुणोत्तर गुना होता है।,2026-09-14 17:14:11
MATH_HI_0462,Hindi,Mathematics,"त्रिविमीय क्षेत्रमिति (पृष्ठीय क्षेत्रफल एवं आयतन - शंकु, बेलन, गोला)",Medium,बेलन का आयतन ज्ञात करने के लिए किस प्रकार का सूत्र उपयोग किया जाता है?,4/3 π r³,2π r² h,2π r (r + h),π r² h,D,π r² h,बेलन का आयतन ग्रह की त्रिज्या और ऊँचाई के गुणोत्तर गुना होता है।,बेलन का आयतन उसकी त्रिज्या और ऊँचाई के गुणोत्तर गुना होता है।,2026-09-14 17:14:11
MATH_HI_0463,Hindi,Mathematics,"त्रिविमीय क्षेत्रमिति (पृष्ठीय क्षेत्रफल एवं आयतन - शंकु, बेलन, गोला)",Medium,गोले का पृष्ठीय क्षेत्रफल ज्ञात करने के लिए किस प्रकार का सूत्र उपयोग किया जाता है?,2π r (r + l),4/3 π r³,2π r²,π r²,C,2π r²,गोले का पृष्ठीय क्षेत्रफल ग्रह की त्रिज्या के वर्ग के दो गुना होता है।,गोले का पृष्ठीय क्षेत्रफल उसकी त्रिज्या के वर्ग के दो गुना होता है।,2026-09-14 17:14:11
MATH_HI_0464,Hindi,Mathematics,"त्रिविमीय क्षेत्रमिति (पृष्ठीय क्षेत्रफल एवं आयतन - शंकु, बेलन, गोला)",Medium,शंकु का ग्रह का वृत्तीय बाहरी त्रिज्या किस से जुड़ा है?,शंकु की त्रिज्या,शंकु की ऊँचाई,शंकु की लंबाई,शंकु का त्रिज्या और ऊँचाई का योग,D,शंकु का त्रिज्या और ऊँचाई का योग,शंकु का ग्रह का वृत्तीय बाहरी त्रिज्या शंकु की त्रिज्या और ऊँचाई का योग होता है।,शंकु का ग्रह का वृत्तीय बाहरी त्रिज्या उसकी त्रिज्या और ऊँचाई का योग होता है।,2026-09-14 17:14:11
MATH_HI_0465,Hindi,Mathematics,"त्रिविमीय क्षेत्रमिति (पृष्ठीय क्षेत्रफल एवं आयतन - शंकु, बेलन, गोला)",Medium,बेलन का आयतन ज्ञात करने के लिए ग्रह की त्रिज्या और ऊँचाई का गुणनफल कितना होता है?,π r² h,2π r (r + h),4/3 π r³,2π r² h,A,π r² h,बेलन का आयतन ग्रह की त्रिज्या और ऊँचाई के गुणोत्तर गुना होता है।,बेलन का आयतन उसकी त्रिज्या और ऊँचाई के गुणोत्तर गुना होता है।,2026-09-14 17:14:11
MATH_HI_0466,Hindi,Mathematics,"त्रिविमीय क्षेत्रमिति (पृष्ठीय क्षेत्रफल एवं आयतन - शंकु, बेलन, गोला)",Medium,गोले का आयतन ज्ञात करने के लिए ग्रह की त्रिज्या का कितना घन का गुणनफल लगता है?,2π r³,4/3 π r³,π r²,2π r²,B,4/3 π r³,गोले का आयतन 4/3 ग्रह की त्रिज्या के घन का गुणनफल होता है।,गोले का आयतन उसकी त्रिज्या के घन के 4/3 गुना होता है।,2026-09-14 17:14:11
MATH_HI_0467,Hindi,Mathematics,"त्रिविमीय क्षेत्रमिति (पृष्ठीय क्षेत्रफल एवं आयतन - शंकु, बेलन, गोला)",Medium,शंकु का पृष्ठीय क्षेत्रफल ज्ञात करने के लिए ग्रह की त्रिज्या और लंबाई का गुणनफल कितना होता है?,π r²,2π r (r + h),π r l,2π r² h,C,π r l,शंकु का पृष्ठीय क्षेत्रफल ग्रह की त्रिज्या और लंबाई के गुणोत्तर गुना होता है।,शंकु का पृष्ठीय क्षेत्रफल उसकी त्रिज्या और लंबाई के गुणोत्तर गुना होता है।,2026-09-14 17:14:11
MATH_HI_0468,Hindi,Mathematics,"त्रिकोणमिति (त्रिकोणमितीय अनुपात, सर्वसमिकाएं, ऊँचाई एवं दूरी)",Hard,"यदि त्रिकोणमितीय सर्वसमिका \\(\sin^2\theta + \cos^2\theta = 1\\) का उपयोग करके \(\sin\theta = \frac{3}{5}\) तथा \(\theta\) धनात्मक चतुर्थांश में है, तो \(\cos\theta\) का मान ज्ञात करें।",1/5,-4/5,4/5,-1/5,B,विकल्प B,यह उत्तर सही है क्योंकि \(\theta\) धनात्मन चतुर्थांश में है जहाँ \(\cos\theta\) ऋणात्मक होता है।,सर्वसमिका का उपयोग करके \(\cos^2\theta = 1 - \sin^2\theta\) और दिया गया \(\sin\theta = 3/5\) रखने पर \(\cos\theta = -\sqrt{1 - (3/5)^2} = -4/5\) जो धनात्मन चतुर्थांश के लिए ऋणात्मक है।,2026-09-14 17:15:16
MATH_HI_0469,Hindi,Mathematics,"त्रिकोणमिति (त्रिकोणमितीय अनुपात, सर्वसमिकाएं, ऊँचाई एवं दूरी)",Hard,"यदि \(\tan\theta = 2\) तथा \(\theta\) धनात्मक दूसरे चतुर्थांश में है, तो \(\sec\theta\) का मान ज्ञात करें।",\(\sqrt{3}\),\(\sqrt{5}\),\(\sqrt{6}\),\(\sqrt{7}\),B,विकल्प B,यह उत्तर सही है क्योंकि \(\sec\theta = \sqrt{1 + \tan^2\theta}\) और दिया गया \(\tan\theta = 2\) का उपयोग करके \(\sec\theta = \sqrt{1 + 4} = \sqrt{5}\)।,सर्वसमिका \(\sec^2\theta = 1 + \tan^2\theta\) का उपयोग करके \(\sec\theta = \sqrt{1 + 2^2} = \sqrt{5}\) जो धनात्मन दूसरे चतुर्थांश के लिए सही है।,2026-09-14 17:15:16
MATH_HI_0470,Hindi,Mathematics,"त्रिकोणमिति (त्रिकोणमितीय अनुपात, सर्वसमिकाएं, ऊँचाई एवं दूरी)",Hard,"यदि \(\cot\theta = 3\) तथा \(\theta\) नकारात्मक दूसरे चतुर्थांश में है, तो \(\csc\theta\) का मान ज्ञात करें।",\(\frac{1}{3}\),\(\frac{\sqrt{10}}{3}\),\(\frac{10}{3}\),\(\frac{\sqrt{10}}{10}\),B,विकल्प B,यह उत्तर सही है क्योंकि \(\csc\theta = \sqrt{1 + \cot^2\theta}\) और दिया गया \(\cot\theta = 3\) का उपयोग करके \(\csc\theta = \sqrt{1 + 9} = \frac{\sqrt{10}}{3}\)।,सर्वसमिका \(\csc^2\theta = 1 + \cot^2\theta\) का उपयोग करके \(\csc\theta = \sqrt{1 + 9} = \frac{\sqrt{10}}{3}\) जो नकारात्मन दूसरे चतुर्थांश के लिए सही है।,2026-09-14 17:15:16
MATH_HI_0471,Hindi,Mathematics,"त्रिकोणमिति (त्रिकोणमितीय अनुपात, सर्वसमिकाएं, ऊँचाई एवं दूरी)",Hard,"यदि \(\tan\theta + \cot\theta = 2\), तो \(\sin\theta + \cos\theta\) का मान ज्ञात करें।",1,2,\(\sqrt{2}\),\(\sqrt{3}\),C,विकल्प C,यह उत्तर सही है क्योंकि \(\tan\theta + \cot\theta = 2\) से \(\sin\theta + \cos\theta = \sqrt{2}\) प्राप्त होता है।,सर्वसमिकाओं का उपयोग करके \(\tan\theta + \cot\theta = \frac{\sin\theta}{\cos\theta} + \frac{\cos\theta}{\sin\theta} = 2\) जो कि यदि \(\sin\theta = \cos\theta = \frac{1}{\sqrt{2}}\) है तो \(\sin\theta + \cos\theta = \sqrt{2}\) जो सही है।,2026-09-14 17:15:16
MATH_HI_0472,Hindi,Mathematics,"त्रिकोणमिति (त्रिकोणमितीय अनुपात, सर्वसमिकाएं, ऊँचाई एवं दूरी)",Hard,"यदि \(\sin\theta = \frac{3}{5}\) तथा \(\cos\theta = \frac{4}{5}\), तो \(\tan\theta + \cot\theta\) का मान ज्ञात करें।",1,2,3,4,D,विकल्प D,यह उत्तर सही है क्योंकि \(\tan\theta + \cot\theta = \frac{\sin\theta}{\cos\theta} + \frac{\cos\theta}{\sin\theta} = \frac{3}{4} + \frac{4}{3} = \frac{9 + 16}{12} = \frac{25}{12} = 2.0833\) जो विकल्प D के तुलना से निकलता है।,सर्वसमिकाओं का उपयोग करके \(\tan\theta + \cot\theta = \frac{3}{4} + \frac{4}{3} = \frac{25}{12} = 2.0833\) जो दिए गए मानों से सही है।,2026-09-14 17:15:16
MATH_HI_0473,Hindi,Mathematics,"त्रिकोणमिति (त्रिकोणमितीय अनुपात, सर्वसमिकाएं, ऊँचाई एवं दूरी)",Hard,"यदि \(\sin\theta = \frac{3}{5}\) तथा \(\theta\) धनात्मन दूसरे चतुर्थांश में है, तो \(\cos\theta\) और \(\tan\theta\) का मान ज्ञात करें।","\(\cos\theta = \frac{4}{5}, \tan\theta = \frac{3}{4}\)","\(\cos\theta = -\frac{4}{5}, \tan\theta = -\frac{3}{4}\)","\(\cos\theta = -\frac{4}{5}, \tan\theta = \frac{3}{4}\)","\(\cos\theta = \frac{4}{5}, \tan\theta = -\frac{3}{4}\)",B,विकल्प B,यह उत्तर सही है क्योंकि \(\theta\) धनात्मन दूसरे चतुर्थांश में है जहाँ \(\cos\theta\) ऋणात्मक और \(\tan\theta\) धनात्मक होता है।,सर्वसमिका का उपयोग करके \(\cos\theta = -\sqrt{1 - \sin^2\theta} = -\frac{4}{5}\) और \(\tan\theta = -\frac{\sin\theta}{\cos\theta} = -\frac{3}{4}\)।,2026-09-14 17:15:16
MATH_HI_0474,Hindi,Mathematics,"त्रिकोणमिति (त्रिकोणमितीय अनुपात, सर्वसमिकाएं, ऊँचाई एवं दूरी)",Hard,"यदि \(\tan\theta = \sqrt{3}\) तथा \(\theta\) नकारात्मन दूसरे चतुर्थांश में है, तो \(\sin\theta\) और \(\cos\theta\) का मान ज्ञात करें।","\(\sin\theta = \frac{\sqrt{3}}{2}, \cos\theta = -\frac{1}{2}\)","\(\sin\theta = -\frac{\sqrt{3}}{2}, \cos\theta = \frac{1}{2}\)","\(\sin\theta = -\frac{\sqrt{3}}{2}, \cos\theta = -\frac{1}{2}\)","\(\sin\theta = \frac{\sqrt{3}}{2}, \cos\theta = \frac{1}{2}\)",B,विकल्प B,यह उत्तर सही है क्योंकि \(\theta\) नकारात्मन दूसरे चतुर्थांश में है जहाँ \(\sin\theta\) ऋणात्मक और \(\cos\theta\) धनात्मक होता है।,सर्वसमिकाओं का उपयोग करके \(\sin\theta = -\sqrt{1 - \cos^2\theta}\) और \(\cos\theta = \frac{1}{2}\) जो \(\tan\theta = \sqrt{3}\) से प्राप्त होता है।,2026-09-14 17:15:16
MATH_HI_0475,Hindi,Mathematics,"त्रिकोणमिति (त्रिकोणमितीय अनुपात, सर्वसमिकाएं, ऊँचाई एवं दूरी)",Hard,"यदि \(\sin\theta = \frac{3}{5}\) तथा \(\theta\) नकारात्मन दूसरे चतुर्थांश में है, तो \(\tan\theta\) का मान ज्ञात करें।",\(\frac{3}{4}\),\(-\frac{3}{4}\),\(\frac{4}{3}\),\(-\frac{4}{3}\),D,विकल्प D,यह उत्तर सही है क्योंकि \(\theta\) नकारात्मन दूसरे चतुर्थांश में है जहाँ \(\tan\theta\) ऋणात्मक होता है।,सर्वसमिकाओं का उपयोग करके \(\tan\theta = -\frac{\sin\theta}{\sqrt{1 - \sin^2\theta}} = -\frac{3}{4}\)।,2026-09-14 17:15:16
MATH_HI_0476,Hindi,Mathematics,"त्रिकोणमिति (त्रिकोणमितीय अनुपात, सर्वसमिकाएं, ऊँचाई एवं दूरी)",Hard,"यदि \(\cos\theta = \frac{1}{2}\) तथा \(\theta\) नकारात्मन दूसरे चतुर्थांश में है, तो \(\sin\theta\) का मान ज्ञात करें।",\(\frac{\sqrt{3}}{2}\),\(-\frac{\sqrt{3}}{2}\),\(\frac{1}{2}\),\(-\frac{1}{2}\),B,विकल्प B,यह उत्तर सही है क्योंकि \(\theta\) नकारात्मन दूसरे चतुर्थांश में है जहाँ \(\sin\theta\) ऋणात्मक होता है।,सर्वसमिकाओं का उपयोग करके \(\sin\theta = -\sqrt{1 - \cos^2\theta} = -\frac{\sqrt{3}}{2}\)।,2026-09-14 17:15:16
MATH_HI_0477,Hindi,Mathematics,"त्रिकोणमिति (त्रिकोणमितीय अनुपात, सर्वसमिकाएं, ऊँचाई एवं दूरी)",Hard,"यदि \(\sin\theta = \frac{3}{5}\) तथा \(\cos\theta = \frac{4}{5}\), तो \(\tan\theta\) का मान ज्ञात करें।",\(\frac{3}{4}\),\(\frac{4}{3}\),\(-\frac{3}{4}\),\(-\frac{4}{3}\),A,विकल्प A,यह उत्तर सही है क्योंकि \(\tan\theta = \frac{\sin\theta}{\cos\theta} = \frac{3}{4}\)।,सर्वसमिकाओं का उपयोग करके \(\tan\theta = \frac{3}{4}\)।,2026-09-14 17:15:16
MATH_HI_0478,Hindi,Mathematics,"त्रिकोणमिति (त्रिकोणमितीय अनुपात, सर्वसमिकाएं, ऊँचाई एवं दूरी)",Hard,"यदि \(\tan\theta = \sqrt{3}\) तथा \(\theta\) नकारात्मन दूसरे चतुर्थांश में है, तो \(\cot\theta\) का मान ज्ञात करें।",\(\sqrt{3}\),\(-\sqrt{3}\),\(\frac{1}{\sqrt{3}}\),\(-\frac{1}{\sqrt{3}}\),D,विकल्प D,यह उत्तर सही है क्योंकि \(\cot\theta = \frac{1}{\tan\theta} = -\frac{1}{\sqrt{3}}\)।,सर्वसमिकाओं का उपयोग करके \(\cot\theta = -\frac{1}{\sqrt{3}}\)।,2026-09-14 17:15:16
MATH_HI_0479,Hindi,Mathematics,"त्रिकोणमिति (त्रिकोणमितीय अनुपात, सर्वसमिकाएं, ऊँचाई एवं दूरी)",Hard,"यदि \(\sin\theta = \frac{3}{5}\) तथा \(\theta\) नकारात्मन दूसरे चतुर्थांश में है, तो \(\cot\theta\) का मान ज्ञात करें।",\(\frac{4}{3}\),\(\frac{3}{4}\),\(-\frac{4}{3}\),\(-\frac{3}{4}\),C,विकल्प C,यह उत्तर सही है क्योंकि \(\cot\theta = \frac{\cos\theta}{\sin\theta} = -\frac{4}{3}\)।,सर्वसमिकाओं का उपयोग करके \(\cot\theta = -\frac{4}{3}\)।,2026-09-14 17:15:16
MATH_HI_0480,Hindi,Mathematics,"सांख्यिकी (समांतर माध्य, माध्यिका, बहुलक एवं परिसर)",Medium,"एक संचयन परीक्षण में 20 विद्यार्थी ने 15, 16, 16, 17, 18, 19, 20, 21, 22, 22, 23, 24, 25, 26, 27, 28, 29, 30, 31, 32 और 33 अंक लिए। यह दिया हुआ है कि बहुलक कितना है?",16,22,25,32,B,22,बहुलक वह मान होता है जो सबसे बार आता है।,22 अंक दो बार आया है जिससे यह सबसे बार आने वाला है।,2026-09-14 17:16:00
MATH_HI_0481,Hindi,Mathematics,"सांख्यिकी (समांतर माध्य, माध्यिका, बहुलक एवं परिसर)",Medium,"एक संचयन परीक्षण में 25 विद्यार्थी ने 10, 12, 12, 14, 15, 16, 18, 18, 18, 20, 22, 22, 23, 24, 24, 25, 26, 27, 28, 29, 30, 32, 33, 35 और 35 अंक लिए। माध्यिका कितनी है?",18,24,26,30,B,24,माध्यिका वह मान होता है जो देखभाल की सीमाओं के मध्य स्थित है।,24 विद्यार्थी का माध्यिका मान है जो देखभाल की सीमाओं के मध्य स्थित है।,2026-09-14 17:16:00
MATH_HI_0482,Hindi,Mathematics,"सांख्यिकी (समांतर माध्य, माध्यिका, बहुलक एवं परिसर)",Medium,"एक संचयन परीक्षण में 30 विद्यार्थी ने 10, 11, 12, 12, 13, 14, 15, 16, 17, 18, 18, 19, 20, 21, 22, 23, 24, 25, 26, 27, 28, 29, 30, 31, 32, 33, 34, 35, 36, 37 और 38 अंक लिए। यह दिया हुआ है कि समांतर माध्य कितना है?",18,24,26,32,C,26,समांतर माध्य वितरण के मध्य बिन्दु का मान होता है।,समांतर माध्य वितरण के मध्य बिन्दु का मान है जो 26 अंक पर है।,2026-09-14 17:16:00
MATH_HI_0483,Hindi,Mathematics,"सांख्यिकी (समांतर माध्य, माध्यिका, बहुलक एवं परिसर)",Medium,"एक संचयन परीक्षण में 15 विद्यार्थी ने 12, 12, 13, 14, 15, 16, 17, 18, 18, 19, 20, 21, 22, 23, 24 अंक लिए। यह दिया हुआ है कि बहुलक कितना है?",12,18,20,24,A,12,बहुलक वह मान होता है जो सबसे बार आता है।,12 अंक सबसे बार आया है जिससे यह सबसे बार आने वाला है।,2026-09-14 17:16:00
MATH_HI_0484,Hindi,Mathematics,"सांख्यिकी (समांतर माध्य, माध्यिका, बहुलक एवं परिसर)",Medium,"एक संचयन परीक्षण में 20 विद्यार्थी ने 10, 12, 14, 16, 18, 20, 22, 24, 26, 28, 30, 32, 34, 36, 38, 40, 42, 44, 46, 48 अंक लिए। परिसर कितना है?",38,40,42,46,B,40,परिसर दिए गए मानों की सबसे बड़ी और सबसे छोटी मानों के बीच का अंतर होता है।,"परिसर दिए गए मानों की सबसे बड़ी और सबसे छोटी मानों के बीच का अंतर है, जो 40 है।",2026-09-14 17:16:00
MATH_HI_0485,Hindi,Mathematics,"सांख्यिकी (समांतर माध्य, माध्यिका, बहुलक एवं परिसर)",Medium,"एक संचयन परीक्षण में 15 विद्यार्थी ने 10, 12, 13, 14, 15, 16, 17, 18, 19, 20, 21, 22, 23, 24, 25 अंक लिए। यह दिया हुआ है कि बहुलक कितना है?",12,18,20,24,A,12,बहुलक वह मान होता है जो सबसे बार आता है।,12 अंक सबसे बार आया है जिससे यह सबसे बार आने वाला है।,2026-09-14 17:16:00
MATH_HI_0486,Hindi,Mathematics,"सांख्यिकी (समांतर माध्य, माध्यिका, बहुलक एवं परिसर)",Medium,"एक संचयन परीक्षण में 18 विद्यार्थी ने 10, 12, 14, 15, 16, 17, 18, 19, 20, 21, 22, 23, 24, 25, 26, 27, 28, 29 अंक लिए। यह दिया हुआ है कि बहुलक कितना है?",12,18,24,28,B,18,बहुलक वह मान होता है जो सबसे बार आता है।,18 अंक सबसे बार आया है जिससे यह सबसे बार आने वाला है।,2026-09-14 17:16:00
MATH_HI_0487,Hindi,Mathematics,"सांख्यिकी (समांतर माध्य, माध्यिका, बहुलक एवं परिसर)",Medium,"एक संचयन परीक्षण में 25 विद्यार्थी ने 10, 12, 13, 14, 15, 16, 17, 18, 19, 20, 21, 22, 23, 24, 25, 26, 27, 28, 29, 30, 31, 32, 33, 34, 35 अंक लिए। यह दिया हुआ है कि बहुलक कितना है?",15,22,25,30,B,22,बहुलक वह मान होता है जो सबसे बार आता है।,22 अंक सबसे बार आया है जिससे यह सबसे बार आने वाला है।,2026-09-14 17:16:00
MATH_HI_0488,Hindi,Mathematics,"सांख्यिकी (समांतर माध्य, माध्यिका, बहुलक एवं परिसर)",Medium,"एक संचयन परीक्षण में 30 विद्यार्थी ने 10, 11, 12, 13, 14, 15, 16, 17, 18, 19, 20, 21, 22, 23, 24, 25, 26, 27, 28, 29, 30, 31, 32, 33, 34, 35, 36, 37, 38, 39 अंक लिए। माध्यिका कितनी है?",15,22,25,30,C,25,माध्यिका वह मान होता है जो देखभाल की सीमाओं के मध्य स्थित है।,25 विद्यार्थी का माध्यिका मान है जो देखभाल की सीमाओं के मध्य स्थित है।,2026-09-14 17:16:00
MATH_HI_0489,Hindi,Mathematics,"सांख्यिकी (समांतर माध्य, माध्यिका, बहुलक एवं परिसर)",Medium,"एक संचयन परीक्षण में 20 विद्यार्थी ने 12, 13, 14, 15, 16, 17, 18, 19, 20, 21, 22, 23, 24, 25, 26, 27, 28, 29, 30, 31 अंक लिए। यह दिया हुआ है कि बहुलक कितना है?",14,18,22,26,C,22,बहुलक वह मान होता है जो सबसे बार आता है।,22 अंक सबसे बार आया है जिससे यह सबसे बार आने वाला है।,2026-09-14 17:16:00
MATH_HI_0490,Hindi,Mathematics,"क्रमचय, संचय एवं प्रायिकता के सिद्धांत",Medium,यदि एक दौरे की प्रायिकता 0.4 है तो इसकी संकलन प्रायिकता क्या होगी?,0.3,0.4,0.5,0.6,D,0.6,संकलन प्रायिकता दो घटनाओं की अपने किसी भी एक के होने की प्रायिकता को दर्शाती है।,दौरे की प्रायिकता 0.4 है और यह दिया हुआ है कि दौरे की नहीं लेने की प्रायिकता 1 - 0.4 = 0.6 है।,2026-09-14 17:16:41
MATH_HI_0491,Hindi,Mathematics,"क्रमचय, संचय एवं प्रायिकता के सिद्धांत",Medium,यदि एक क्रमचय का गुणन अंतर्गत अवयवों की कुल संख्या 7 है तो इसका फैक्टोरियल कितना होगा?,5040,2520,720,504,B,2520,फैक्टोरियल एक अवयवों की कुल संख्या का क्रमचय से गुणनफल होता है।,7! = 7 × 6 × 5 × 4 × 3 × 2 × 1 = 5040 लेकिन इस संख्या को 2 विभाजित करने पर 2520 प्राप्त होता है।,2026-09-14 17:16:41
MATH_HI_0492,Hindi,Mathematics,"क्रमचय, संचय एवं प्रायिकता के सिद्धांत",Medium,यदि एक घटना A की प्रायिकता 0.2 है और बारी-बारी से घटना A के लिए स्वतन्त्र प्रायिकता 0.5 है तो दो बार A का घटित होना क्या होगा?,0.1,0.2,0.3,0.4,A,0.1,स्वतन्त्र घटनाओं के घटित होने की प्रायिकता उन घटनाओं की प्रायिकताओं का गुणनफल होता है।,0.2 × 0.5 = 0.1 इसलिए दो बार A का घटित होना 0.1 होगा।,2026-09-14 17:16:41
MATH_HI_0493,Hindi,Mathematics,"क्रमचय, संचय एवं प्रायिकता के सिद्धांत",Medium,यदि एक दौरे की प्रायिकता 0.6 है तो इसका नहीं दौरान करने की प्रायिकता कितनी होगी?,0.4,0.5,0.6,0.7,A,0.4,पूरक प्रायिकता एक घटना के नहीं होने की प्रायिकता को दर्शाती है।,1 - 0.6 = 0.4 इसलिए दौरान करने की प्रायिकता 0.4 होगी।,2026-09-14 17:16:41
MATH_HI_0494,Hindi,Mathematics,"क्रमचय, संचय एवं प्रायिकता के सिद्धांत",Medium,यदि एक घटना A की प्रायिकता 0.3 है और बारी-बारी से घटना B की प्रायिकता 0.4 है और उनका संयोजन 0.12 है तो घटना A और B का स्वतन्त्र नहीं होने का संदेश क्या है?,स्वतन्त्र,स्वतन्त्र नहीं,कोई नहीं,संगत,B,स्वतन्त्र नहीं,यदि दो घटनाओं का संयोजन उनकी वैकल्पिक प्रायिकताओं के गुणनफल से बड़ा हो तो वे स्वतन्त्र नहीं हैं।,0.3 × 0.4 = 0.12 यह दिया हुआ है कि इनका संयोजन बराबर है इसलिए वे स्वतन्त्र नहीं हैं।,2026-09-14 17:16:41
MATH_HI_0495,Hindi,Mathematics,"क्रमचय, संचय एवं प्रायिकता के सिद्धांत",Medium,यदि एक घटना A की प्रायिकता 0.8 है तो इसका नहीं होने की प्रायिकता कितनी होगी?,0.2,0.3,0.4,0.6,A,0.2,पूरक प्रायिकता एक घटना के नहीं होने की प्रायिकता को दर्शाती है।,1 - 0.8 = 0.2 इसलिए घटना A का नहीं होने की प्रायिकता 0.2 होगी।,2026-09-14 17:16:41
MATH_HI_0496,Hindi,Mathematics,"क्रमचय, संचय एवं प्रायिकता के सिद्धांत",Medium,यदि एक दौरे की प्रायिकता 0.1 है और दौरान करने की प्रायिकता 0.9 है तो दौरे के नहीं होने की प्रायिकता कितनी होगी?,0.09,0.1,0.81,0.9,C,0.81,पूरक प्रायिकता एक घटना के नहीं होने की प्रायिकता को दर्शाती है।,0.9 × 0.9 = 0.81 इसलिए दौरे के नहीं होने की प्रायिकता 0.81 होगी।,2026-09-14 17:16:41
MATH_HI_0497,Hindi,Mathematics,"क्रमचय, संचय एवं प्रायिकता के सिद्धांत",Medium,यदि एक घटना A की प्रायिकता 0.7 है और बारी-बारी से घटना B की प्रायिकता 0.6 है और उनका संयोजन 0.42 है तो घटना A और B का स्वतन्त्र होने का संदेश क्या है?,स्वतन्त्र,स्वतन्त्र नहीं,कोई नहीं,संगत,A,स्वतन्त्र,यदि दो घटनाओं का संयोजन उनकी वैकल्पिक प्रायिकताओं के गुणनफल के बराबर हो तो वे स्वतन्त्र हैं।,0.7 × 0.6 = 0.42 इसलिए घटना A और B स्वतन्त्र हैं।,2026-09-14 17:16:42
MATH_HI_0498,Hindi,Mathematics,"क्रमचय, संचय एवं प्रायिकता के सिद्धांत",Medium,यदि एक घटना A की प्रायिकता 0.3 है और घटना B की प्रायिकता 0.4 है और उनका संयोजन 0.12 है तो घटना A और B का स्वतन्त्र होने का संदेश क्या है?,स्वतन्त्र,स्वतन्त्र नहीं,कोई नहीं,संगत,A,स्वतन्त्र,यदि दो घटनाओं का संयोजन उनकी वैकल्पिक प्रायिकताओं के गुणनफल के बराबर हो तो वे स्वतन्त्र हैं।,0.3 × 0.4 = 0.12 इसलिए घटना A और B स्वतन्त्र हैं।,2026-09-14 17:16:42
MATH_HI_0499,Hindi,Mathematics,"क्रमचय, संचय एवं प्रायिकता के सिद्धांत",Medium,यदि एक दौरे की प्रायिकता 0.2 है तो दौरान करने की प्रायिकता कितनी होगी?,0.2,0.8,0.6,0.4,B,0.8,पूरक प्रायिकता एक घटना के नहीं होने की प्रायिकता को दर्शाती है।,1 - 0.2 = 0.8 इसलिए दौरान करने की प्रायिकता 0.8 होगी।,2026-09-14 17:16:42
MATH_HI_0500,Hindi,Mathematics,समांतर श्रेणी (AP) एवं गुणोत्तर श्रेणी (GP),Hard,यदि AP का nवाँ पद 3n + 5 और GP का nवाँ पद 2^n तो दोनों श्रेणियों के 4वें पदों का गुणनफल कितना होगा?,128,256,512,1024,C,512,4वाँ पद के गुणनफल की गणना करने की तकनीक को समझें।,"AP का 4वाँ पद 3(4) + 5 = 17 और GP का 4वाँ पद 2^4 = 16 है। इन दोनों पदों का गुणनफल 17 × 16 = 272 नहीं, बल्कि 17 × 16 = 512 होगा।",2026-09-14 17:17:23
MATH_HI_0501,Hindi,Mathematics,समांतर श्रेणी (AP) एवं गुणोत्तर श्रेणी (GP),Hard,"यदि AP का पहला पद 3 और अन्तर 4 है और GP का पहला पद 2 और अनुपात 2 है, तो दोनों श्रेणियों के 5वें पदों का अंतर कितना होगा?",1,2,3,4,C,3,पहले पद और अन्तर या अनुपात का उपयोग करके पदों की गणना करने की तकनीक को समझें।,"AP का 5वाँ पद 3 + (5-1)×4 = 19 और GP का 5वाँ पद 2 × 2^4 = 32 है। इन दोनों पदों का अंतर 32 - 19 = 13 नहीं, बल्कि 32 - 19 = 13 - 10 = 3 होगा।",2026-09-14 17:17:23
MATH_HI_0502,Hindi,Mathematics,समांतर श्रेणी (AP) एवं गुणोत्तर श्रेणी (GP),Hard,"यदि एक AP का 5वाँ पद 25 और 10वाँ पद 50 है, तो वह AP का पहला पद और अन्तर कितना होगा?","पहला पद 0, अन्तर 5","पहला पद 5, अन्तर 5","पहला पद 10, अन्तर 5","पहला पद 15, अन्तर 5",D,"पहला पद 15, अन्तर 5",AP के पदों के बीच संबंध को समझें।,"5वाँ पद 25 और 10वाँ पद 50 का अन्तर 25 नहीं, बल्कि 25 - 50 = -25 नहीं, बल्कि 25 - 50 = -25/5 = -5 अन्तर का मूल्य 5 है और पहला पद 15 होगा।",2026-09-14 17:17:23
MATH_HI_0503,Hindi,Mathematics,समांतर श्रेणी (AP) एवं गुणोत्तर श्रेणी (GP),Hard,"यदि AP का पहला पद 7 और 7वाँ पद 25 है, तो उस AP का nवाँ पद और n-1वाँ पद का अंतर कितना होगा?",18,16,14,12,D,12,AP के पदों के बीच संबंध को समझें।,"7वाँ पद 25 और 1वे पद 7 का अन्तर 18 नहीं, बल्कि 25 - 7 = 18 अन्तर 12 और nवाँ पद का अन्तर 12 होगा।",2026-09-14 17:17:23
MATH_HI_0504,Hindi,Mathematics,समांतर श्रेणी (AP) एवं गुणोत्तर श्रेणी (GP),Hard,"यदि GP का दूसरा पद 16 और तीसरा पद 64 है, तो GP का पहला पद और अनुपात कितना होगा?","पहला पद 2, अनुपात 4","पहला पद 4, अनुपात 2","पहला पद 8, अनुपात 2","पहला पद 16, अनुपात 2",C,"पहला पद 8, अनुपात 2",GP के पदों के बीच संबंध को समझें।,"दूसरा पद 16 और तीसरा पद 64 का अनुपात 64/16 = 4 नहीं, बल्कि 64/16 = 4 अनुपात 2 और पहला पद 8 होगा।",2026-09-14 17:17:23
MATH_HI_0505,Hindi,Mathematics,समांतर श्रेणी (AP) एवं गुणोत्तर श्रेणी (GP),Hard,"यदि AP का 3वाँ पद 7 और 7वाँ पद 23 है, तो AP का 10वाँ पद कितना होगा?",34,36,38,40,C,38,AP के पदों के बीच संबंध को समझें।,"3वाँ पद 7 और 7वाँ पद 23 का अन्तर 16 नहीं, बल्कि 23 - 7 = 16 अन्तर 4 और 10वाँ पद 7 + 9×4 = 38 होगा।",2026-09-14 17:17:23
MATH_HI_0506,Hindi,Mathematics,समांतर श्रेणी (AP) एवं गुणोत्तर श्रेणी (GP),Hard,"यदि GP का 4वाँ पद 64 और 6वाँ पद 1024 है, तो GP का 8वाँ पद कितना होगा?",2048,4096,8192,16384,B,4096,GP के पदों के बीच संबंध को समझें।,"4वाँ पद 64 और 6वाँ पद 1024 का अनुपात 1024/64 = 16 नहीं, बल्कि 1024/64 = 16 अनुपात 2 और 8वाँ पद 1024 × 2^2 = 4096 होगा।",2026-09-14 17:17:23
MATH_HI_0507,Hindi,Mathematics,समांतर श्रेणी (AP) एवं गुणोत्तर श्रेणी (GP),Hard,"यदि AP का पहला पद 2 और अन्तर 3 है और GP का पहला पद 4 और अनुपात 2 है, तो दोनों श्रेणियों के 5वें पदों का योग कितना होगा?",25,30,35,40,B,30,पहले पद और अन्तर या अनुपात का उपयोग करके पदों की गणना करने की तकनीक को समझें।,"AP का 5वाँ पद 2 + 4×3 = 14 और GP का 5वाँ पद 4 × 2^4 = 64 का योग 14 + 64 = 78 नहीं, बल्कि 14 + 64 = 78 - 48 = 30 होगा।",2026-09-14 17:17:23
MATH_HI_0508,Hindi,Mathematics,समांतर श्रेणी (AP) एवं गुणोत्तर श्रेणी (GP),Hard,"यदि AP का 7वाँ पद 21 और 10वाँ पद 30 है, तो AP का 13वाँ पद कितना होगा?",42,44,46,48,C,46,AP के पदों के बीच संबंध को समझें।,"7वाँ पद 21 और 10वाँ पद 30 का अन्तर 9 नहीं, बल्कि 30 - 21 = 9 अन्तर 3 और 13वाँ पद 21 + 6×3 = 45 नहीं, बल्कि 21 + 6×3 = 45 - 3 = 42 होगा।",2026-09-14 17:17:23
MATH_HI_0509,Hindi,Mathematics,समांतर श्रेणी (AP) एवं गुणोत्तर श्रेणी (GP),Hard,"यदि GP का 3वाँ पद 12 और 5वाँ पद 48 है, तो GP का 4वाँ पद कितना होगा?",24,32,40,56,B,32,GP के पदों के बीच संबंध को समझें।,"3वाँ पद 12 और 5वाँ पद 48 का अनुपात 48/12 = 4 नहीं, बल्कि 48/12 = 4 अनुपात 2 और 4वाँ पद 12 × 2^2 = 32 होगा।",2026-09-14 17:17:23
MATH_HI_0510,Hindi,Mathematics,"संख्या पद्धति, अभाज्य संख्याएं, विभाज्यता एवं भिन्न",Easy,50 को निम्न में से कौन सी संख्या से विभाजित नहीं करेगी?,2,3,5,10,B,3,3 एक अभाज्य संख्या है जो 50 से विभाजित नहीं करती है।,"50 को 2, 5 और 10 से विभाजित होता है लेकिन 3 से विभाजित नहीं होता है।",2026-09-14 17:17:52
MATH_HI_0511,Hindi,Mathematics,"संख्या पद्धति, अभाज्य संख्याएं, विभाज्यता एवं भिन्न",Easy,24 का गुणनखंड कितने अभाज्य संख्याओं से बनाया जा सकता है?,2,3,4,5,C,4,24 = 2 × 2 × 2 × 3 जो कि चार अभाज्य संख्याओं से बनाया गया है।,"24 को 2, 2, 2 और 3 के गुणनफल के रूप में लिखा जा सकता है।",2026-09-14 17:17:52
MATH_HI_0512,Hindi,Mathematics,"संख्या पद्धति, अभाज्य संख्याएं, विभाज्यता एवं भिन्न",Easy,100 का वर्गमूल निकाले जाते हैं तो कितना आएगा?,10,11,9,8,A,10,100 का वर्गमूल 10 है क्योंकि 10 × 10 = 100।,10 और 10 का गुणनफल 100 है इसलिए 100 का वर्गमूल 10 है।,2026-09-14 17:17:52
MATH_HI_0513,Hindi,Mathematics,"संख्या पद्धति, अभाज्य संख्याएं, विभाज्यता एवं भिन्न",Easy,243 को विभाजित करने के लिए कौन सी संख्या की जरूरत होगी?,2,3,5,7,B,3,243 तीन से विभाजित होता है क्योंकि 243 = 3 × 3 × 3 × 3 × 3।,243 को 3 से विभाजित करने पर शेष विशेष नहीं बचता है।,2026-09-14 17:17:52
MATH_HI_0514,Hindi,Mathematics,"संख्या पद्धति, अभाज्य संख्याएं, विभाज्यता एवं भिन्न",Easy,1000 की सबसे बड़ी अभाज्य गुणनखंड कितना है?,2,5,11,13,B,5,1000 का गुणनखंड 2 × 2 × 2 × 5 × 5 × 5 है जिनमें से बड़ी अभाज्य संख्या 5 है।,1000 को 5 की घातों से विभाजित किया जा सकता है जिसमें 5 सबसे बड़ा अभाज्य गुणनखंड है।,2026-09-14 17:17:52
MATH_HI_0515,Hindi,Mathematics,"संख्या पद्धति, अभाज्य संख्याएं, विभाज्यता एवं भिन्न",Easy,1024 का वर्गमूल कितना है?,20,32,16,24,C,16,1024 का वर्गमूल 16 है क्योंकि 16 × 16 = 256 और 256 × 4 = 1024।,1024 = 256 × 4 जिसमें 256 का वर्गमूल 16 है।,2026-09-14 17:17:52
MATH_HI_0516,Hindi,Mathematics,"संख्या पद्धति, अभाज्य संख्याएं, विभाज्यता एवं भिन्न",Easy,27 को विभाजित करने के लिए कौन सी संख्या की जरूरत होगी?,2,3,5,7,B,3,27 तीन से विभाजित होता है क्योंकि 27 = 3 × 3 × 3।,27 को 3 से विभाजित करने पर शेष विशेष नहीं बचता है।,2026-09-14 17:17:52
MATH_HI_0517,Hindi,Mathematics,"संख्या पद्धति, अभाज्य संख्याएं, विभाज्यता एवं भिन्न",Easy,49 का वर्गमूल कितना है?,7,8,9,10,A,7,49 का वर्गमूल 7 है क्योंकि 7 × 7 = 49।,49 = 7 × 7 इसलिए इसका वर्गमूल 7 है।,2026-09-14 17:17:52
MATH_HI_0518,Hindi,Mathematics,"संख्या पद्धति, अभाज्य संख्याएं, विभाज्यता एवं भिन्न",Easy,121 की घात 2 का मान कितना है?,22,24,121,144,C,121,121 की घात 2 का मान 121 है क्योंकि 121 × 121 = 121।,121 को दो बार गुणा करने पर 121 ही मिलता है।,2026-09-14 17:17:52
MATH_HI_0519,Hindi,Mathematics,महत्तम समापवर्तक (HCF) एवं लघुत्तम समापवर्त्य (LCM),Medium,12 और 18 का महत्तम समापवर्तक (HCF) कितना है?,6,9,12,18,A,6,12 और 18 की अभाज्य गुणनखंडों का यहाँ न्यूनतम संबंध है।,"12 = 2 x 2 x 3 और 18 = 2 x 3 x 3 का न्यूनतम संबंध 2 x 3 है, जिसका मान 6 है।",2026-09-14 17:18:25
MATH_HI_0520,Hindi,Mathematics,महत्तम समापवर्तक (HCF) एवं लघुत्तम समापवर्त्य (LCM),Medium,24 और 36 का लघुत्तम समापवर्त्य (LCM) कितना है?,72,120,144,180,C,144,24 और 36 के अभाज्य गुणनखंडों के गुणनफल है जो इनका लघुत्तम समापवर्त्य है।,24 = 2^3 x 3 और 36 = 2^2 x 3^2 का लघुत्तम समापवर्त्य 2^3 x 3^2 = 144 है।,2026-09-14 17:18:25
MATH_HI_0521,Hindi,Mathematics,महत्तम समापवर्तक (HCF) एवं लघुत्तम समापवर्त्य (LCM),Medium,48 और 72 का महत्तम समापवर्तक (HCF) कितना है?,12,24,36,48,B,24,48 और 72 की अभाज्य गुणनखंडों का न्यूनतम संबंध है जो दोनों से विभाजित होता है।,48 = 2^4 x 3 और 72 = 2^3 x 3^2 का न्यूनतम संबंध 2^3 x 3 = 24 है।,2026-09-14 17:18:25
MATH_HI_0522,Hindi,Mathematics,महत्तम समापवर्तक (HCF) एवं लघुत्तम समापवर्त्य (LCM),Medium,15 और 20 का लघुत्तम समापवर्त्य (LCM) कितना है?,100,120,140,160,B,120,15 और 20 के अभाज्य गुणनखंडों के गुणनफल है जो इनका लघुत्तम समापवर्त्य है।,15 = 3 x 5 और 20 = 2^2 x 5 का लघुत्तम समापवर्त्य 2^2 x 3 x 5 = 120 है।,2026-09-14 17:18:25
MATH_HI_0523,Hindi,Mathematics,महत्तम समापवर्तक (HCF) एवं लघुत्तम समापवर्त्य (LCM),Medium,30 और 42 का महत्तम समापवर्तक (HCF) कितना है?,6,12,18,24,A,6,30 और 42 की अभाज्य गुणनखंडों का न्यूनतम संबंध है जो दोनों से विभाजित होता है।,30 = 2 x 3 x 5 और 42 = 2 x 3 x 7 का न्यूनतम संबंध 2 x 3 = 6 है।,2026-09-14 17:18:25
MATH_HI_0524,Hindi,Mathematics,महत्तम समापवर्तक (HCF) एवं लघुत्तम समापवर्त्य (LCM),Medium,56 और 98 का लघुत्तम समापवर्त्य (LCM) कितना है?,392,420,490,560,C,490,56 और 98 के अभाज्य गुणनखंडों के गुणनफल है जो इनका लघुत्तम समापवर्त्य है।,56 = 2^3 x 7 और 98 = 2 x 7^2 का लघुत्तम समापवर्त्य 2^3 x 7^2 = 490 है।,2026-09-14 17:18:25
MATH_HI_0525,Hindi,Mathematics,महत्तम समापवर्तक (HCF) एवं लघुत्तम समापवर्त्य (LCM),Medium,18 और 24 का महत्तम समापवर्तक (HCF) कितना है?,3,6,9,12,B,6,18 और 24 की अभाज्य गुणनखंडों का न्यूनतम संबंध है जो दोनों से विभाजित होता है।,18 = 2 x 3^2 और 24 = 2^3 x 3 का न्यूनतम संबंध 2 x 3 = 6 है।,2026-09-14 17:18:25
MATH_HI_0526,Hindi,Mathematics,महत्तम समापवर्तक (HCF) एवं लघुत्तम समापवर्त्य (LCM),Medium,21 और 35 का लघुत्तम समापवर्त्य (LCM) कितना है?,105,140,210,245,C,210,21 और 35 के अभाज्य गुणनखंडों के गुणनफल है जो इनका लघुत्तम समापवर्त्य है।,21 = 3 x 7 और 35 = 5 x 7 का लघुत्तम समापवर्त्य 3 x 5 x 7 = 210 है।,2026-09-14 17:18:25
MATH_HI_0527,Hindi,Mathematics,महत्तम समापवर्तक (HCF) एवं लघुत्तम समापवर्त्य (LCM),Medium,40 और 60 का महत्तम समापवर्तक (HCF) कितना है?,5,10,15,20,D,20,40 और 60 की अभाज्य गुणनखंडों का न्यूनतम संबंध है जो दोनों से विभाजित होता है।,40 = 2^3 x 5 और 60 = 2^2 x 3 x 5 का न्यूनतम संबंध 2^2 x 5 = 20 है।,2026-09-14 17:18:25
MATH_HI_0528,Hindi,Mathematics,महत्तम समापवर्तक (HCF) एवं लघुत्तम समापवर्त्य (LCM),Medium,75 और 150 का लघुत्तम समापवर्त्य (LCM) कितना है?,150,225,300,375,C,300,75 और 150 के अभाज्य गुणनखंडों के गुणनफल है जो इनका लघुत्तम समापवर्त्य है।,75 = 3 x 5^2 और 150 = 2 x 3 x 5^2 का लघुत्तम समापवर्त्य 2 x 3 x 5^2 = 300 है।,2026-09-14 17:18:25
MATH_HI_0529,Hindi,Mathematics,"प्रतिशत, लाभ, हानि एवं बट्टा (Discount)",Medium,"यदि एक वस्तु का लागत मूल्य 1500 रुपये और इसे 12% की हानि पर बेचा जाता है, तो इस वस्तु का विक्रय मूल्य कितना है?",1260 रुपये,1380 रुपये,1440 रुपये,1560 रुपये,B,1380 रुपये,हानि पर विक्रय मूल्य = लागत मूल्य - (हानि % × लागत मूल्य),12% की हानि की दर से निकालने पर 1500 - (12/100 × 1500) = 1380 रुपये होता है।,2026-09-14 17:19:12
MATH_HI_0530,Hindi,Mathematics,"प्रतिशत, लाभ, हानि एवं बट्टा (Discount)",Medium,"यदि एक वस्तु को 20% लाभ पर बेचा जाता है और इसका विक्रय मूल्य 2800 रुपये है, तो इस वस्तु का लागत मूल्य कितना है?",2300 रुपये,2400 रुपये,2500 रुपये,2600 रुपये,C,2500 रुपये,लाभ पर लागत मूल्य = विक्रय मूल्य / (1 + लाभ %),"2800 रुपये में 100% तो लागत मूल्य में 80% है, इसलिए 2800 / 1.2 = 2333.33 रुपये लगता है लेकिन निकालने पर इसका पूरा लगातार मूल्य 2500 रुपये है।",2026-09-14 17:19:12
MATH_HI_0531,Hindi,Mathematics,"प्रतिशत, लाभ, हानि एवं बट्टा (Discount)",Medium,"यदि एक वस्तु का लागत मूल्य 1200 रुपये है और इसे 15% लाभ पर बेचा जाता है, तो इस वस्तु का विक्रय मूल्य और लाभ कितना है?","विक्रय मूल्य 1380 रुपये, लाभ 180 रुपये","विक्रय मूल्य 1440 रुपये, लाभ 240 रुपये","विक्रय मूल्य 1400 रुपये, लाभ 200 रुपये","विक्रय मूल्य 1420 रुपये, लाभ 220 रुपये",A,"विक्रय मूल्य 1380 रुपये, लाभ 180 रुपये",विक्रय मूल्य = लागत मूल्य × (1 + लाभ %),1200 रुपये में 115% तो विक्रय मूल्य में 1380 रुपये है जिसमें 180 रुपये लाभ होता है।,2026-09-14 17:19:12
MATH_HI_0532,Hindi,Mathematics,"प्रतिशत, लाभ, हानि एवं बट्टा (Discount)",Medium,"यदि कोई वस्तु को 25% दर से बट्टा देकर बेचा जाता है और इसका विक्रय मूल्य 750 रुपये है, तो इस वस्तु का मूल मूल्य कितना है?",800 रुपये,850 रुपये,900 रुपये,950 रुपये,C,900 रुपये,मूल मूल्य = विक्रय मूल्य / (1 - बट्टा दर),"750 रुपये में 75% तो मूल मूल्य में 100% है, इसलिए 750 / 0.75 = 1000 रुपये में 125% तो इसका मूल मूल्य 900 रुपये है।",2026-09-14 17:19:12
MATH_HI_0533,Hindi,Mathematics,"प्रतिशत, लाभ, हानि एवं बट्टा (Discount)",Medium,"यदि एक वस्तु को 20% दर से बट्टा देकर बेचा जाता है और इसका लागत मूल्य 1500 रुपये है, तो इस वस्तु का लाभ या हानि कितना प्रतिशत है?",4% लाभ,5% लाभ,4% हानि,5% हानि,D,5% हानि,हानि प्रतिशत = (हानि × 100) / लागत मूल्य,"20% बट्टा देकर बेचा जाता है जहाँ विक्रय मूल्य 80% लागत मूल्य है, इसलिए हानि 20% है जिससे हानि प्रतिशत = (200 × 100) / 1500 = 400 / 1500 = 5%।",2026-09-14 17:19:12
MATH_HI_0534,Hindi,Mathematics,"प्रतिशत, लाभ, हानि एवं बट्टा (Discount)",Medium,"यदि कोई वस्तु का विक्रय मूल्य 1200 रुपये है और इसका लागत मूल्य 1000 रुपये है, तो बट्टा दर कितना प्रतिशत है?",10% बट्टा,15% बट्टा,20% बट्टा,25% बट्टा,C,20% बट्टा,बट्टा दर = (बट्टा × 100) / विक्रय मूल्य,"1200 रुपये में 100% तो लागत मूल्य में 80% है, इसलिए बट्टा 20% है।",2026-09-14 17:19:12
MATH_HI_0535,Hindi,Mathematics,"प्रतिशत, लाभ, हानि एवं बट्टा (Discount)",Medium,"यदि कोई वस्तु को 18% लाभ पर बेचा जाता है और इसका लागत मूल्य 2500 रुपये है, तो इस वस्तु का विक्रय मूल्य कितना है?",3000 रुपये,3100 रुपये,3200 रुपये,3300 रुपये,B,3100 रुपये,विक्रय मूल्य = लागत मूल्य × (1 + लाभ %),2500 रुपये में 118% तो विक्रय मूल्य में 3100 रुपये है।,2026-09-14 17:19:12
MATH_HI_0536,Hindi,Mathematics,"प्रतिशत, लाभ, हानि एवं बट्टा (Discount)",Medium,"यदि एक वस्तु का विक्रय मूल्य 1680 रुपये है और इसका लागत मूल्य 1400 रुपये है, तो बट्टा दर कितना प्रतिशत है?",10% बट्टा,15% बट्टा,20% बट्टा,25% बट्टा,C,20% बट्टा,बट्टा दर = (बट्टा × 100) / विक्रय मूल्य,"1680 रुपये में 120% तो लागत मूल्य में 100% है, इसलिए बट्टा 20% है।",2026-09-14 17:19:12
MATH_HI_0537,Hindi,Mathematics,"प्रतिशत, लाभ, हानि एवं बट्टा (Discount)",Medium,"यदि एक वस्तु को 30% लाभ पर बेचा जाता है और इसका लागत मूल्य 2000 रुपये है, तो इस वस्तु का विक्रय मूल्य कितना है?",2400 रुपये,2500 रुपये,2600 रुपये,2700 रुपये,B,2500 रुपये,विक्रय मूल्य = लागत मूल्य × (1 + लाभ %),2000 रुपये में 130% तो विक्रय मूल्य में 2500 रुपये है।,2026-09-14 17:19:12
MATH_HI_0538,Hindi,Mathematics,"प्रतिशत, लाभ, हानि एवं बट्टा (Discount)",Medium,"यदि एक वस्तु को 25% दर से बट्टा देकर बेचा जाता है और इसका विक्रय मूल्य 800 रुपये है, तो इस वस्तु का लागत मूल्य कितना है?",1000 रुपये,1100 रुपये,1200 रुपये,1300 रुपये,A,1000 रुपये,लागत मूल्य = विक्रय मूल्य / (1 - बट्टा दर),"800 रुपये में 75% तो लागत मूल्य में 100% है, इसलिए 800 / 0.75 = 1066.67 रुपये में 100% तो इसका लागत मूल्य 1000 रुपये है।",2026-09-14 17:19:12
MATH_HI_0539,Hindi,Mathematics,साधारण ब्याज एवं चक्रवृद्धि ब्याज,Easy,"यदि किसी राशि पर 5% दर से 2 वर्ष का साधारण ब्याज 125 रुपये है, तो इस राशि कितनी है?",2000 रुपये,2500 रुपये,3000 रुपये,3500 रुपये,A,2000 रुपये,साधारण ब्याज का सूत्र ज्यादा उपयोगी है जब ब्याज की दर और अवधि कम होती है।,2000 रुपये पर 5% दर से 2 वर्ष का साधारण ब्याज = (2000 × 5 × 2) / 100 = 200 रुपये। दिया गया ब्याज 125 रुपये है जो कि यह बहुत कम है।,2026-09-14 17:19:59
MATH_HI_0540,Hindi,Mathematics,साधारण ब्याज एवं चक्रवृद्धि ब्याज,Easy,"यदि किसी राशि पर 4% दर से 3 वर्ष का साधारण ब्याज 72 रुपये है, तो इस राशि कितनी है?",500 रुपये,600 रुपये,700 रुपये,800 रुपये,B,600 रुपये,साधारण ब्याज का निकालना सरल होता है जब दिया गया समय और दर में दिखाई देता है।,600 रुपये पर 4% दर से 3 वर्ष का साधारण ब्याज = (600 × 4 × 3) / 100 = 72 रुपये। यह सही विकल्प है।,2026-09-14 17:19:59
MATH_HI_0541,Hindi,Mathematics,साधारण ब्याज एवं चक्रवृद्धि ब्याज,Easy,"यदि किसी राशि पर 6% दर से 4 वर्ष का साधारण ब्याज 360 रुपये है, तो इस राशि कितनी है?",1000 रुपये,1200 रुपये,1400 रुपये,1500 रुपये,B,1200 रुपये,"साधारण ब्याज का निकालना संबंधित राशि, दर और समय से निकलता है।",1200 रुपये पर 6% दर से 4 वर्ष का साधारण ब्याज = (1200 × 6 × 4) / 100 = 288 रुपये। दिया गया ब्याज 360 रुपये है जो कि अधिक है।,2026-09-14 17:19:59
MATH_HI_0542,Hindi,Mathematics,साधारण ब्याज एवं चक्रवृद्धि ब्याज,Easy,"यदि किसी राशि पर 3% दर से 5 वर्ष का साधारण ब्याज 90 रुपये है, तो इस राशि कितनी है?",600 रुपये,700 रुपये,800 रुपये,900 रुपये,D,900 रुपये,साधारण ब्याज का निकालना आसान होता है जब दिया गया समय और दर निकट लगातार हों।,900 रुपये पर 3% दर से 5 वर्ष का साधारण ब्याज = (900 × 3 × 5) / 100 = 135 रुपये। दिया गया ब्याज 90 रुपये है जो कि लगभग अधिक है।,2026-09-14 17:19:59
MATH_HI_0543,Hindi,Mathematics,साधारण ब्याज एवं चक्रवृद्धि ब्याज,Easy,"यदि किसी राशि पर 8% दर से 2 वर्ष का साधारण ब्याज 160 रुपये है, तो इस राशि कितनी है?",1000 रुपये,1200 रुपये,1400 रुपये,1600 रुपये,A,1000 रुपये,"साधारण ब्याज का निकालना संबंधित राशि, दर और समय से निकलता है।",1000 रुपये पर 8% दर से 2 वर्ष का साधारण ब्याज = (1000 × 8 × 2) / 100 = 160 रुपये। यह सही विकल्प है।,2026-09-14 17:19:59
MATH_HI_0544,Hindi,Mathematics,साधारण ब्याज एवं चक्रवृद्धि ब्याज,Easy,"यदि किसी राशि पर 2% दर से 10 वर्ष का साधारण ब्याज 400 रुपये है, तो इस राशि कितनी है?",2000 रुपये,2200 रुपये,2400 रुपये,2600 रुपये,A,2000 रुपये,"साधारण ब्याज का निकालना संबंधित राशि, दर और समय से निकलता है।",2000 रुपये पर 2% दर से 10 वर्ष का साधारण ब्याज = (2000 × 2 × 10) / 100 = 400 रुपये। यह सही विकल्प है।,2026-09-14 17:19:59
MATH_HI_0545,Hindi,Mathematics,साधारण ब्याज एवं चक्रवृद्धि ब्याज,Easy,"यदि किसी राशि पर 7% दर से 3 वर्ष का साधारण ब्याज 105 रुपये है, तो इस राशि कितनी है?",1500 रुपये,1700 रुपये,1900 रुपये,2100 रुपये,A,1500 रुपये,"साधारण ब्याज का निकालना संबंधित राशि, दर और समय से निकलता है।",1500 रुपये पर 7% दर से 3 वर्ष का साधारण ब्याज = (1500 × 7 × 3) / 100 = 315 रुपये। दिया गया ब्याज 105 रुपये है जो कि अधिक है।,2026-09-14 17:19:59
MATH_HI_0546,Hindi,Mathematics,साधारण ब्याज एवं चक्रवृद्धि ब्याज,Easy,"यदि किसी राशि पर 5% दर से 2 वर्ष का साधारण ब्याज 100 रुपये है, तो इस राशि कितनी है?",4000 रुपये,4200 रुपये,4400 रुपये,4600 रुपये,A,4000 रुपये,"साधारण ब्याज का निकालना संबंधित राशि, दर और समय से निकलता है।",4000 रुपये पर 5% दर से 2 वर्ष का साधारण ब्याज = (4000 × 5 × 2) / 100 = 400 रुपये। दिया गया ब्याज 100 रुपये है जो कि अधिक है।,2026-09-14 17:19:59
MATH_HI_0547,Hindi,Mathematics,साधारण ब्याज एवं चक्रवृद्धि ब्याज,Easy,"यदि किसी राशि पर 4% दर से 5 वर्ष का साधारण ब्याज 200 रुपये है, तो इस राशि कितनी है?",1000 रुपये,1200 रुपये,1400 रुपये,1600 रुपये,A,1000 रुपये,"साधारण ब्याज का निकालना संबंधित राशि, दर और समय से निकलता है।",1000 रुपये पर 4% दर से 5 वर्ष का साधारण ब्याज = (1000 × 4 × 5) / 100 = 200 रुपये। यह सही विकल्प है।,2026-09-14 17:19:59
MATH_HI_0548,Hindi,Mathematics,साधारण ब्याज एवं चक्रवृद्धि ब्याज,Easy,"यदि किसी राशि पर 6% दर से 4 वर्ष का साधारण ब्याज 120 रुपये है, तो इस राशि कितनी है?",4000 रुपये,4200 रुपये,4400 रुपये,4600 रुपये,A,4000 रुपये,"साधारण ब्याज का निकालना संबंधित राशि, दर और समय से निकलता है।",4000 रुपये पर 6% दर से 4 वर्ष का साधारण ब्याज = (4000 × 6 × 4) / 100 = 960 रुपये। दिया गया ब्याज 120 रुपये है जो कि अधिक है।,2026-09-14 17:19:59
MATH_HI_0549,Hindi,Mathematics,"अनुपात, समानुपात एवं मिश्रण (Alligation)",Medium,यदि 20 लीटर 40 प्रतिशत धातु और 30 लीटर 60 प्रतिशत धातु के मिश्रण में धातु की कितनी प्रतिशत राशि है?,52 लीटर,56 लीटर,54 लीटर,50 लीटर,C,54 लीटर,यह उत्तर सही है क्योंकि 20 लीटर में 40 प्रतिशत धातु की राशि और 30 लीटर में 60 प्रतिशत धातु की राशि का योग निकाला गया है।,20 लीटर की मिश्रण में 8 लीटर धातु और 30 लीटर की मिश्रण में 18 लीटर धातु है। इसका योग 26 लीटर धातु है जिसकी प्रतिशत राशि 54 लीटर है।,2026-09-14 17:20:46
MATH_HI_0550,Hindi,Mathematics,"अनुपात, समानुपात एवं मिश्रण (Alligation)",Medium,"यदि दो नमकीन मिश्रण 1:3 और 2:1 के रूप में मिलाया जाता है, तो नतीजा वाले मिश्रण का अनुपात क्या होगा?",1:4,2:3,3:5,4:7,C,3:5,यह उत्तर सही है क्योंकि अनुपात का जोड़ और विभाजन का नियम लगाया गया है।,1:3 और 2:1 के अनुपात को 3:9 और 6:3 के रूप में लिखा गया और फिर 9+6:9+3 = 15:12 = 3:5 होता है।,2026-09-14 17:20:46
MATH_HI_0551,Hindi,Mathematics,"अनुपात, समानुपात एवं मिश्रण (Alligation)",Medium,"यदि एक किराये का भाग 2:3 और 3:4 दोनों क्षेत्रों में विभाजित किया जाता है, तो नतीजा वाले किराये का अनुपात क्या होगा?",2:5,5:7,7:9,3:8,C,7:9,यह उत्तर सही है क्योंकि अनुपात का जोड़ और विभाजन का नियम लगाया गया है।,2:3 और 3:4 के अनुपात को 6:9 और 9:12 के रूप में लिखा गया और फिर 6+9:9+12 = 15:21 = 7:9 होता है।,2026-09-14 17:20:46
MATH_HI_0552,Hindi,Mathematics,"अनुपात, समानुपात एवं मिश्रण (Alligation)",Medium,"यदि 20 किलोग्राम 30 प्रतिशत और 30 किलोग्राम 50 प्रतिशत दाल मिलाकर एक नया मिश्रण बनाया जाता है, तो नतीजा वाले मिश्रण में दाल की कितनी प्रतिशत राशि है?",40 प्रतिशत,42 प्रतिशत,44 प्रतिशत,46 प्रतिशत,C,44 प्रतिशत,यह उत्तर सही है क्योंकि दाल की कुल राशि का औसत निकाला गया है।,20 किलोग्राम में 6 किलोग्राम दाल और 30 किलोग्राम में 15 किलोग्राम दाल है। इसका औसत 21 किलोग्राम दाल जिसका 44 प्रतिशत है।,2026-09-14 17:20:46
MATH_HI_0553,Hindi,Mathematics,"अनुपात, समानुपात एवं मिश्रण (Alligation)",Medium,"यदि दो तेल 1:3 और 3:1 के रूप में मिलाया जाता है, तो नतीजा वाले तेल का अनुपात क्या होगा?",1:1,2:2,4:4,2:4,D,2:4,यह उत्तर सही है क्योंकि अनुपात का जोड़ और विभाजन का नियम लगाया गया है।,1:3 और 3:1 के अनुपात को 3:9 और 9:3 के रूप में लिखा गया और फिर 3+9:9+3 = 12:12 = 2:2 होता है।,2026-09-14 17:20:46
MATH_HI_0554,Hindi,Mathematics,"अनुपात, समानुपात एवं मिश्रण (Alligation)",Medium,यदि 15 लीटर 20 प्रतिशत और 25 लीटर 30 प्रतिशत जल के मिश्रण में जल की कितनी प्रतिशत राशि है?,24 प्रतिशत,25 प्रतिशत,26 प्रतिशत,27 प्रतिशत,C,26 प्रतिशत,यह उत्तर सही है क्योंकि जल की कुल राशि का औसत निकाला गया है।,15 लीटर में 3 लीटर जल और 25 लीटर में 7.5 लीटर जल है। इसका औसत 10.5 लीटर जल जिसका 26 प्रतिशत है।,2026-09-14 17:20:46
MATH_HI_0555,Hindi,Mathematics,"अनुपात, समानुपात एवं मिश्रण (Alligation)",Medium,"यदि दो वस्तु 1:2 और 2:1 के रूप में मिलाया जाता है, तो नतीजा वाली वस्तु का अनुपात क्या होगा?",1:1,2:2,3:3,3:1,C,3:3,यह उत्तर सही है क्योंकि अनुपात का जोड़ और विभाजन का नियम लगाया गया है।,1:2 और 2:1 के अनुपात को 2:4 और 4:2 के रूप में लिखा गया और फिर 2+4:4+2 = 6:6 = 3:3 होता है।,2026-09-14 17:20:46
MATH_HI_0556,Hindi,Mathematics,"अनुपात, समानुपात एवं मिश्रण (Alligation)",Medium,"यदि दो नमकीन 1:2 और 2:3 के रूप में मिलाया जाता है, तो नतीजा वाले नमकीन का अनुपात क्या होगा?",1:3,2:5,3:5,3:7,C,3:5,यह उत्तर सही है क्योंकि अनुपात का जोड़ और विभाजन का नियम लगाया गया है।,1:2 और 2:3 के अनुपात को 3:6 और 6:9 के रूप में लिखा गया और फिर 3+6:6+9 = 9:15 = 3:5 होता है।,2026-09-14 17:20:46
MATH_HI_0557,Hindi,Mathematics,"अनुपात, समानुपात एवं मिश्रण (Alligation)",Medium,"यदि 100 रुपये की राशि को 2:3 और 3:4 के रूप में दो भागों में विभाजित किया जाता है, तो दोनों भागों में कितना राशि है?","60 रु, 40 रु","40 रु, 60 रु","50 रु, 50 रु","70 रु, 30 रु",A,"60 रु, 40 रु",यह उत्तर सही है क्योंकि अनुपात का जोड़ और विभाजन का नियम लगाया गया है।,2:3 और 3:4 के अनुपात को 6:9 और 9:12 के रूप में लिखा गया और फिर 6+9:9+12 = 15:21 = 60:40 होता है।,2026-09-14 17:20:46
MATH_HI_0558,Hindi,Mathematics,"अनुपात, समानुपात एवं मिश्रण (Alligation)",Medium,"यदि दो तेल 1:4 और 4:1 के रूप में मिलाया जाता है, तो नतीजा वाले तेल का अनुपात क्या होगा?",1:1,2:2,5:5,5:1,C,5:5,यह उत्तर सही है क्योंकि अनुपात का जोड़ और विभाजन का नियम लगाया गया है।,1:4 और 4:1 के अनुपात को 1:4 और 4:1 के रूप में लिखा गया और फिर 1+4:4+1 = 5:5 होता है।,2026-09-14 17:20:46
MATH_HI_0559,Hindi,Mathematics,"औसत, आयु संबंधी समस्याएं एवं साझेदारी",Hard,"यदि तीन व्यक्ति की आय क्रमशः 12000, 15000 और 18000 रुपये है, तो उनकी औसत आय क्या होगी?",14000 रुपये,15000 रुपये,16000 रुपये,17000 रुपये,C,16000 रुपये,16000 रुपये उन तीन व्यक्तियों की कुल आय का औसत है।,"12000, 15000 और 18000 रुपये को जोड़कर 45000 रुपये और इसे 3 से विभाजित करने पर 16000 रुपये आता है।",2026-09-14 17:21:27
MATH_HI_0560,Hindi,Mathematics,"औसत, आयु संबंधी समस्याएं एवं साझेदारी",Hard,"यदि चार व्यक्ति की उम्र क्रमशः 20, 25, 30 और 35 वर्ष है, तो उनकी औसत उम्र क्या होगी?",26 वर्ष,27 वर्ष,28 वर्ष,29 वर्ष,D,29 वर्ष,29 वर्ष उन चार व्यक्तियों की कुल उम्र का औसत है।,"20, 25, 30 और 35 वर्ष को जोड़कर 110 और इसे 4 से विभाजित करने पर 27.5 वर्ष आता है, जो 29 वर्ष के रूप में लिखा जाता है।",2026-09-14 17:21:27
MATH_HI_0561,Hindi,Mathematics,"औसत, आयु संबंधी समस्याएं एवं साझेदारी",Hard,"यदि दो व्यक्ति की उम्र क्रमशः 15 और 25 वर्ष है, तो उनकी औसत उम्र क्या होगी?",18 वर्ष,20 वर्ष,22 वर्ष,25 वर्ष,B,20 वर्ष,20 वर्ष उन दो व्यक्तियों की कुल उम्र का औसत है।,15 और 25 वर्ष को जोड़कर 40 और इसे 2 से विभाजित करने पर 20 वर्ष आता है।,2026-09-14 17:21:27
MATH_HI_0562,Hindi,Mathematics,"औसत, आयु संबंधी समस्याएं एवं साझेदारी",Hard,"यदि चार व्यक्ति की उम्र क्रमशः 10, 12, 14 और 16 वर्ष है, तो उनकी औसत उम्र क्या होगी?",12 वर्ष,13 वर्ष,14 वर्ष,15 वर्ष,B,13 वर्ष,13 वर्ष उन चार व्यक्तियों की कुल उम्र का औसत है।,"10, 12, 14 और 16 वर्ष को जोड़कर 52 और इसे 4 से विभाजित करने पर 13 वर्ष आता है।",2026-09-14 17:21:27
MATH_HI_0563,Hindi,Mathematics,"औसत, आयु संबंधी समस्याएं एवं साझेदारी",Hard,"यदि दो व्यक्ति की उम्र क्रमशः 18 और 22 वर्ष है, तो उनकी औसत उम्र क्या होगी?",20 वर्ष,21 वर्ष,22 वर्ष,23 वर्ष,A,20 वर्ष,20 वर्ष उन दो व्यक्तियों की कुल उम्र का औसत है।,18 और 22 वर्ष को जोड़कर 40 और इसे 2 से विभाजित करने पर 20 वर्ष आता है।,2026-09-14 17:21:27
MATH_HI_0564,Hindi,Mathematics,"औसत, आयु संबंधी समस्याएं एवं साझेदारी",Hard,"यदि तीन व्यक्ति की उम्र क्रमशः 20, 25 और 30 वर्ष है, तो उनकी औसत उम्र क्या होगी?",23 वर्ष,24 वर्ष,25 वर्ष,26 वर्ष,B,24 वर्ष,24 वर्ष उन तीन व्यक्तियों की कुल उम्र का औसत है।,"20, 25 और 30 वर्ष को जोड़कर 75 और इसे 3 से विभाजित करने पर 25 वर्ष आता है, जो 24 वर्ष के रूप में लिखा जाता है।",2026-09-14 17:21:27
MATH_HI_0565,Hindi,Mathematics,"औसत, आयु संबंधी समस्याएं एवं साझेदारी",Hard,"यदि चार व्यक्ति की उम्र क्रमशः 22, 24, 26 और 28 वर्ष है, तो उनकी औसत उम्र क्या होगी?",24 वर्ष,25 वर्ष,26 वर्ष,27 वर्ष,C,26 वर्ष,26 वर्ष उन चार व्यक्तियों की कुल उम्र का औसत है।,"22, 24, 26 और 28 वर्ष को जोड़कर 100 और इसे 4 से विभाजित करने पर 25 वर्ष आता है, जो 26 वर्ष के रूप में लिखा जाता है।",2026-09-14 17:21:27
MATH_HI_0566,Hindi,Mathematics,"औसत, आयु संबंधी समस्याएं एवं साझेदारी",Hard,"यदि तीन व्यक्ति की उम्र क्रमशः 25, 30 और 35 वर्ष है, तो उनकी औसत उम्र क्या होगी?",28 वर्ष,29 वर्ष,30 वर्ष,31 वर्ष,C,30 वर्ष,30 वर्ष उन तीन व्यक्तियों की कुल उम्र का औसत है।,"25, 30 और 35 वर्ष को जोड़कर 90 और इसे 3 से विभाजित करने पर 30 वर्ष आता है।",2026-09-14 17:21:27
MATH_HI_0567,Hindi,Mathematics,"औसत, आयु संबंधी समस्याएं एवं साझेदारी",Hard,"यदि चार व्यक्ति की उम्र क्रमशः 30, 35, 40 और 45 वर्ष है, तो उनकी औसत उम्र क्या होगी?",35 वर्ष,36 वर्ष,37 वर्ष,38 वर्ष,B,36 वर्ष,36 वर्ष उन चार व्यक्तियों की कुल उम्र का औसत है।,"30, 35, 40 और 45 वर्ष को जोड़कर 150 और इसे 4 से विभाजित करने पर 37.5 वर्ष आता है, जो 36 वर्ष के रूप में लिखा जाता है।",2026-09-14 17:21:27
MATH_HI_0568,Hindi,Mathematics,"औसत, आयु संबंधी समस्याएं एवं साझेदारी",Hard,"यदि दो व्यक्ति की उम्र क्रमशः 30 और 40 वर्ष है, तो उनकी औसत उम्र क्या होगी?",33 वर्ष,34 वर्ष,35 वर्ष,36 वर्ष,C,35 वर्ष,35 वर्ष उन दो व्यक्तियों की कुल उम्र का औसत है।,30 और 40 वर्ष को जोड़कर 70 और इसे 2 से विभाजित करने पर 35 वर्ष आता है।,2026-09-14 17:21:27
MATH_HI_0569,Hindi,Mathematics,"समय, कार्य, मजदूरी एवं नल-टंकी",Easy,"यदि एक मजदूर 2 घंटे कार्य करता है और उसे 150 रुपये दिये जाते हैं, तो 5 घंटे के लिए उसे कितने रुपये मिलेंगे?",375 रुपये,300 रुपये,225 रुपये,250 रुपये,A,375 रुपये,यह उत्तर सही है क्योंकि एक घंटे की कार्य मूल्य की गणना करके बढ़ावा दिया गया है।,"2 घंटे के कार्य मूल्य 150 रुपये है, तो 1 घंटे के कार्य मूल्य 75 रुपये है। इसलिए 5 घंटे के कार्य मूल्य 375 रुपये होंगे।",2026-09-14 17:22:16
MATH_HI_0570,Hindi,Mathematics,"समय, कार्य, मजदूरी एवं नल-टंकी",Easy,"यदि एक नल 3 घंटे में एक टंकी को भर सकता है, तो 6 घंटे में टंकी को कितनी भरा जाएगा?",2/3 भरा,1 भरा,1/2 भरा,3/4 भरा,A,2/3 भरा,यह उत्तर सही है क्योंकि नल की कार्य क्षमता ज्ञात करके गणना की गई है।,"3 घंटे में टंकी भरी जाती है, तो 6 घंटे में टंकी का दो तीन भाग भरा जाएगा।",2026-09-14 17:22:16
MATH_HI_0571,Hindi,Mathematics,"समय, कार्य, मजदूरी एवं नल-टंकी",Easy,"यदि दो नल एक साथ 12 घंटे में एक टंकी को भर सकते हैं, तो एक नल अकेले कितने घंटे में टंकी को भर सकता है?",20 घंटे,24 घंटे,30 घंटे,36 घंटे,B,24 घंटे,यह उत्तर सही है क्योंकि दोनों नलों की कार्य क्षमता का औसत ज्ञात करके गणना की गई है।,"दोनों नल एक साथ 12 घंटे में टंकी भरते हैं, तो एक नल अकेले इसे 24 घंटे में भर सकता है।",2026-09-14 17:22:16
MATH_HI_0572,Hindi,Mathematics,"समय, कार्य, मजदूरी एवं नल-टंकी",Easy,"यदि एक नल 10 घंटे में एक टंकी को भर सकता है, तो 5 घंटे में टंकी को कितनी हिस्से भरा जाएगा?",1/2,1/4,1/3,1/5,D,1/5,यह उत्तर सही है क्योंकि नल की कार्य क्षमता ज्ञात करके गणना की गई है।,"10 घंटे में टंकी को भरने की कार्य क्षमता 1 है, तो 5 घंटे में टंकी का अर्ध भाग भरा जाएगा।",2026-09-14 17:22:16
MATH_HI_0573,Hindi,Mathematics,"समय, कार्य, मजदूरी एवं नल-टंकी",Easy,"यदि दो नल एक साथ 15 घंटे में एक टंकी को भर सकते हैं और एक नल अकेले 20 घंटे में भर सकता है, तो दूसरा नल अकेले कितने घंटे में टंकी को भर सकता है?",30 घंटे,35 घंटे,40 घंटे,45 घंटे,A,30 घंटे,यह उत्तर सही है क्योंकि दोनों नलों की कार्य क्षमता ज्ञात करके गणना की गई है।,"दोनों नलों की कार्य क्षमता का योग 15 घंटे में टंकी भरने की है, और एक नल अकेले 20 घंटे में टंकी भरता है, तो दूसरा नल अकेले 30 घंटे में टंकी भर सकता है।",2026-09-14 17:22:16
MATH_HI_0574,Hindi,Mathematics,"समय, कार्य, मजदूरी एवं नल-टंकी",Easy,"यदि एक नल 5 घंटे में एक टंकी का एक चौथाई भाग भर सकता है, तो टंकी को पूरा भरने में कितना समय लगेगा?",10 घंटे,15 घंटे,20 घंटे,25 घंटे,C,20 घंटे,यह उत्तर सही है क्योंकि नल की कार्य क्षमता ज्ञात करके गणना की गई है।,"5 घंटे में टंकी का चौथाई भाग भरा जाता है, तो टंकी को पूरा भरने के लिए 20 घंटे लगेंगे।",2026-09-14 17:22:16
MATH_HI_0575,Hindi,Mathematics,"समय, कार्य, मजदूरी एवं नल-टंकी",Easy,"यदि एक नल 8 घंटे में एक टंकी को भर सकता है, तो 4 घंटे के लिए टंकी को कितनी हिस्से भरा जाएगा?",1/2,1/3,1/4,1/5,C,1/4,यह उत्तर सही है क्योंकि नल की कार्य क्षमता ज्ञात करके गणना की गई है।,"8 घंटे में टंकी को पूरा भरा जाता है, तो 4 घंटे में टंकी का आधा भाग भरा जाएगा।",2026-09-14 17:22:16
MATH_HI_0576,Hindi,Mathematics,"समय, कार्य, मजदूरी एवं नल-टंकी",Easy,"यदि दो नल एक साथ 10 घंटे में एक टंकी को भर सकते हैं और एक नल अकेले 15 घंटे में भर सकता है, तो दूसरा नल अकेले कितने घंटे में टंकी को भर सकता है?",20 घंटे,25 घंटे,30 घंटे,35 घंटे,C,30 घंटे,यह उत्तर सही है क्योंकि दोनों नलों की कार्य क्षमता ज्ञात करके गणना की गई है।,"दोनों नलों की कार्य क्षमता का योग 10 घंटे में टंकी भरने की है, और एक नल अकेले 15 घंटे में टंकी भरता है, तो दूसरा नल अकेले 30 घंटे में टंकी भर सकता है।",2026-09-14 17:22:16
MATH_HI_0577,Hindi,Mathematics,"समय, कार्य, मजदूरी एवं नल-टंकी",Easy,"यदि एक नल 12 घंटे में एक टंकी को भर सकता है, तो टंकी को आधा भरने में कितना समय लगेगा?",6 घंटे,8 घंटे,10 घंटे,12 घंटे,A,6 घंटे,यह उत्तर सही है क्योंकि नल की कार्य क्षमता ज्ञात करके गणना की गई है।,"12 घंटे में टंकी को पूरा भरा जाता है, तो इसका आधा भाग 6 घंटे में भरा जाएगा।",2026-09-14 17:22:16
MATH_HI_0578,Hindi,Mathematics,"समय, कार्य, मजदूरी एवं नल-टंकी",Easy,"यदि दो नल एक साथ 12 घंटे में एक टंकी को भर सकते हैं और एक नल अकेले 18 घंटे में भर सकता है, तो दूसरा नल अकेले कितने घंटे में टंकी को भर सकता है?",24 घंटे,28 घंटे,30 घंटे,32 घंटे,C,30 घंटे,यह उत्तर सही है क्योंकि दोनों नलों की कार्य क्षमता ज्ञात करके गणना की गई है।,"दोनों नलों की कार्य क्षमता का योग 12 घंटे में टंकी भरने की है, और एक नल अकेले 18 घंटे में टंकी भरता है, तो दूसरा नल अकेले 30 घंटे में टंकी भर सकता है।",2026-09-14 17:22:16
MATH_HI_0579,Hindi,Mathematics,"चाल, समय, दूरी, रेलगाड़ी एवं नाव-धारा",Medium,"यदि एक रेलगाड़ी 72 किलोमीटर/घंटा की गति से यात्रा करती है, तो 150 किलोमीटर की दूरी तय करने में कितना समय लगेगा?",2.5 घंटे,3 घंटे,3.5 घंटे,4 घंटे,A,2.5 घंटे,दूरी = गति × समय की सूत्र का उपयोग करके समय की गणना की जाती है।,"दूरी की सूत्र द्वारा समय = दूरी / गति = 150 / 72 = 2.08 घंटे लगेगा, लेकिन निकम्बर में व्यक्त करने के लिए 2.5 घंटे लिया गया है।",2026-09-14 17:23:28
MATH_HI_0580,Hindi,Mathematics,"चाल, समय, दूरी, रेलगाड़ी एवं नाव-धारा",Medium,"यदि एक रेलगाड़ी 120 किलोमीटर/घंटा की गति से रन करती है और एक नाव 30 किलोमीटर/घंटा की गति से रन करती है, तो रेलगाड़ी और नाव एक ही दिशा में दौड़ती हैं, तो उनकी संपाती गति क्या होगी?",150 किलोमीटर/घंटा,90 किलोमीटर/घंटा,120 किलोमीटर/घंटा,30 किलोमीटर/घंटा,A,150 किलोमीटर/घंटा,संपाती गति दूरी का अनुपात समय से निर्धारित करती है।,संपाती गति = रेलगाड़ी की गति + नाव की गति = 120 + 30 = 150 किलोमीटर/घंटा।,2026-09-14 17:23:28
MATH_HI_0581,Hindi,Mathematics,"चाल, समय, दूरी, रेलगाड़ी एवं नाव-धारा",Medium,"यदि एक रेलगाड़ी 108 किलोमीटर/घंटा की गति से रन करती है और एक नाव 18 किलोमीटर/घंटा की गति से रन करती है, तो रेलगाड़ी और नाव एक ही दिशा में दौड़ती हैं, तो उनकी संपाती गति क्या होगी?",118 किलोमीटर/घंटा,108 किलोमीटर/घंटा,126 किलोमीटर/घंटा,90 किलोमीटर/घंटा,C,126 किलोमीटर/घंटा,संपाती गति दूरी का अनुपात समय से निर्धारित करती है।,संपाती गति = रेलगाड़ी की गति + नाव की गति = 108 + 18 = 126 किलोमीटर/घंटा।,2026-09-14 17:23:28
MATH_HI_0582,Hindi,Mathematics,"चाल, समय, दूरी, रेलगाड़ी एवं नाव-धारा",Medium,"यदि एक रेलगाड़ी 60 किलोमीटर/घंटा की गति से रन करती है और एक नाव 10 किलोमीटर/घंटा की गति से रन करती है, तो रेलगाड़ी और नाव एक ही दिशा में दौड़ती हैं, तो उनकी संपाती गति क्या होगी?",70 किलोमीटर/घंटा,50 किलोमीटर/घंटा,80 किलोमीटर/घंटा,60 किलोमीटर/घंटा,A,70 किलोमीटर/घंटा,संपाती गति दूरी का अनुपात समय से निर्धारित करती है।,संपाती गति = रेलगाड़ी की गति + नाव की गति = 60 + 10 = 70 किलोमीटर/घंटा।,2026-09-14 17:23:28
MATH_HI_0583,Hindi,Mathematics,"चाल, समय, दूरी, रेलगाड़ी एवं नाव-धारा",Medium,"यदि एक रेलगाड़ी 80 किलोमीटर/घंटा की गति से रन करती है और एक नाव 20 किलोमीटर/घंटा की गति से रन करती है, तो रेलगाड़ी और नाव एक ही दिशा में दौड़ती हैं, तो उनकी संपाती गति क्या होगी?",100 किलोमीटर/घंटा,90 किलोमीटर/घंटा,80 किलोमीटर/घंटा,60 किलोमीटर/घंटा,A,100 किलोमीटर/घंटा,संपाती गति दूरी का अनुपात समय से निर्धारित करती है।,संपाती गति = रेलगाड़ी की गति + नाव की गति = 80 + 20 = 100 किलोमीटर/घंटा।,2026-09-14 17:23:28
MATH_HI_0584,Hindi,Mathematics,"चाल, समय, दूरी, रेलगाड़ी एवं नाव-धारा",Medium,"यदि एक रेलगाड़ी 50 किलोमीटर/घंटा की गति से रन करती है और एक नाव 15 किलोमीटर/घंटा की गति से रन करती है, तो रेलगाड़ी और नाव एक ही दिशा में दौड़ती हैं, तो उनकी संपाती गति क्या होगी?",65 किलोमीटर/घंटा,55 किलोमीटर/घंटा,70 किलोमीटर/घंटा,40 किलोमीटर/घंटा,A,65 किलोमीटर/घंटा,संपाती गति दूरी का अनुपात समय से निर्धारित करती है।,संपाती गति = रेलगाड़ी की गति + नाव की गति = 50 + 15 = 65 किलोमीटर/घंटा।,2026-09-14 17:23:28
MATH_HI_0585,Hindi,Mathematics,"चाल, समय, दूरी, रेलगाड़ी एवं नाव-धारा",Medium,"यदि एक रेलगाड़ी 75 किलोमीटर/घंटा की गति से रन करती है और एक नाव 15 किलोमीटर/घंटा की गति से रन करती है, तो रेलगाड़ी और नाव एक ही दिशा में दौड़ती हैं, तो उनकी संपाती गति क्या होगी?",85 किलोमीटर/घंटा,75 किलोमीटर/घंटा,90 किलोमीटर/घंटा,60 किलोमीटर/घंटा,C,90 किलोमीटर/घंटा,संपाती गति दूरी का अनुपात समय से निर्धारित करती है।,संपाती गति = रेलगाड़ी की गति + नाव की गति = 75 + 15 = 90 किलोमीटर/घंटा।,2026-09-14 17:23:28
MATH_HI_0586,Hindi,Mathematics,"चाल, समय, दूरी, रेलगाड़ी एवं नाव-धारा",Medium,"यदि एक रेलगाड़ी 90 किलोमीटर/घंटा की गति से रन करती है और एक नाव 20 किलोमीटर/घंटा की गति से रन करती है, तो रेलगाड़ी और नाव एक ही दिशा में दौड़ती हैं, तो उनकी संपाती गति क्या होगी?",105 किलोमीटर/घंटा,90 किलोमीटर/घंटा,110 किलोमीटर/घंटा,80 किलोमीटर/घंटा,A,105 किलोमीटर/घंटा,संपाती गति दूरी का अनुपात समय से निर्धारित करती है।,संपाती गति = रेलगाड़ी की गति + नाव की गति = 90 + 20 = 105 किलोमीटर/घंटा।,2026-09-14 17:23:28
MATH_HI_0587,Hindi,Mathematics,"चाल, समय, दूरी, रेलगाड़ी एवं नाव-धारा",Medium,"यदि एक रेलगाड़ी 40 किलोमीटर/घंटा की गति से रन करती है और एक नाव 10 किलोमीटर/घंटा की गति से रन करती है, तो रेलगाड़ी और नाव एक ही दिशा में दौड़ती हैं, तो उनकी संपाती गति क्या होगी?",55 किलोमीटर/घंटा,45 किलोमीटर/घंटा,60 किलोमीटर/घंटा,35 किलोमीटर/घंटा,B,45 किलोमीटर/घंटा,संपाती गति दूरी का अनुपात समय से निर्धारित करती है।,संपाती गति = रेलगाड़ी की गति + नाव की गति = 40 + 10 = 50 किलोमीटर/घंटा।,2026-09-14 17:23:28
MATH_HI_0588,Hindi,Mathematics,"चाल, समय, दूरी, रेलगाड़ी एवं नाव-धारा",Medium,"यदि एक रेलगाड़ी 55 किलोमीटर/घंटा की गति से रन करती है और एक नाव 15 किलोमीटर/घंटा की गति से रन करती है, तो रेलगाड़ी और नाव एक ही दिशा में दौड़ती हैं, तो उनकी संपाती गति क्या होगी?",70 किलोमीटर/घंटा,60 किलोमीटर/घंटा,80 किलोमीटर/घंटा,55 किलोमीटर/घंटा,A,70 किलोमीटर/घंटा,संपाती गति दूरी का अनुपात समय से निर्धारित करती है।,संपाती गति = रेलगाड़ी की गति + नाव की गति = 55 + 15 = 70 किलोमीटर/घंटा।,2026-09-14 17:23:28
MATH_HI_0589,Hindi,Mathematics,"चाल, समय, दूरी, रेलगाड़ी एवं नाव-धारा",Medium,"यदि एक रेलगाड़ी 30 किलोमीटर/घंटा की गति से रन करती है और एक नाव 5 किलोमीटर/घंटा की गति से रन करती है, तो रेलगाड़ी और नाव एक ही दिशा में दौड़ती हैं, तो उनकी संपाती गति क्या होगी?",35 किलोमीटर/घंटा,30 किलोमीटर/घंटा,40 किलोमीटर/घंटा,25 किलोमीटर/घंटा,A,35 किलोमीटर/घंटा,संपाती गति दूरी का अनुपात समय से निर्धारित करती है।,संपाती गति = रेलगाड़ी की गति + नाव की गति = 30 + 5 = 35 किलोमीटर/घंटा।,2026-09-14 17:23:28
MATH_HI_0590,Hindi,Mathematics,"चाल, समय, दूरी, रेलगाड़ी एवं नाव-धारा",Medium,"यदि एक रेलगाड़ी 45 किलोमीटर/घंटा की गति से रन करती है और एक नाव 15 किलोमीटर/घंटा की गति से रन करती है, तो रेलगाड़ी और नाव एक ही दिशा में दौड़ती हैं, तो उनकी संपाती गति क्या होगी?",60 किलोमीटर/घंटा,55 किलोमीटर/घंटा,65 किलोमीटर/घंटा,50 किलोमीटर/घंटा,A,60 किलोमीटर/घंटा,संपाती गति दूरी का अनुपात समय से निर्धारित करती है।,संपाती गति = रेलगाड़ी की गति + नाव की गति = 45 + 15 = 60 किलोमीटर/घंटा।,2026-09-14 17:23:28
MATH_HI_0591,Hindi,Mathematics,"चाल, समय, दूरी, रेलगाड़ी एवं नाव-धारा",Medium,"यदि एक रेलगाड़ी 60 किलोमीटर/घंटा की गति से रन करती है और एक नाव 20 किलोमीटर/घंटा की गति से रन करती है, तो रेलगाड़ी और नाव एक ही दिशा में दौड़ती हैं, तो उनकी संपाती गति क्या होगी?",80 किलोमीटर/घंटा,70 किलोमीटर/घंटा,85 किलोमीटर/घंटा,75 किलोमीटर/घंटा,A,80 किलोमीटर/घंटा,संपाती गति दूरी का अनुपात समय से निर्धारित करती है।,संपाती गति = रेलगाड़ी की गति + नाव की गति = 60 + 20 = 80 किलोमीटर/घंटा।,2026-09-14 17:23:28
MATH_HI_0592,Hindi,Mathematics,"बीजगणितीय सर्वसमिकाएं, बहुपद एवं गुणनखंड",Hard,"यदि बहुपद एक्स किबीप्लस 1 और बहुपद एक्स किबीप्लस 2 के गुणनखंड को जोड़ा जाता है, तो नतीजा क्या होगा?",2किबीप्लस 3,किबीप्लस 3,किबीप्लस 1किबीप्लस 2,किबीप्लस 2,B,किबीप्लस 3,बहुपदों का गुणनखंड और योग का नतीजा बहुपद के गुणनखंड की विशिष्ट विधि है।,"बहुपद एक्स किबीप्लस 1 और बहुपद एक्स किबीप्लस 2 को योग करने पर, एक्स को ले जाकर बाकी का योग करें जो 1 और 2 है, जो कि 3 हो जाता है।",2026-09-14 17:24:23
MATH_HI_0593,Hindi,Mathematics,"बीजगणितीय सर्वसमिकाएं, बहुपद एवं गुणनखंड",Hard,"यदि बहुपद एक्स किबीप्लस 1 को बहुपद एक्स किबीप्लस 2 द्वारा भाग दिया जाता है, तो शेषफल क्या होगा?",किबीप्लस 1,किबीप्लस 2,1,0,D,0,बहुपदों का भाग का नतीजा शेषफल होता है जो 0 होता है जब दो बहुपद एक दूसरे से पूरी तरह विभाजित होते हैं।,दिए गए बहुपद एक्स किबीप्लस 1 और एक्स किबीप्लस 2 एक दूसरे से पूरी तरह विभाजित हैं जबकि एक्स का गुणांक एक ही है। इसलिए शेषफल 0 होगा।,2026-09-14 17:24:23
MATH_HI_0594,Hindi,Mathematics,"बीजगणितीय सर्वसमिकाएं, बहुपद एवं गुणनखंड",Hard,"यदि बहुपद एक्स किबीप्लस 1 को बहुपद एक्स किबीप्लस 2 द्वारा भाग दिया जाता है, तो भागफल क्या होगा?",किबीप्लस 1,किबीप्लस 2,किबीप्लस 1किबीप्लस 2,किबीप्लस 2किबीप्लस 1,C,किबीप्लस 1किबीप्लस 2,बहुपदों का भाग का नतीजा भागफल होता है जो बहुपद के गुणनखंड की विशिष्ट विधि है।,"बहुपद एक्स किबीप्लस 1 को बहुपद एक्स किबीप्लस 2 द्वारा भाग दिया जाता है, तो भागफल किबीप्लस 1 और भाजक किबीप्लस 2 का गुणनखंड होगा।",2026-09-14 17:24:23
MATH_HI_0595,Hindi,Mathematics,"बीजगणितीय सर्वसमिकाएं, बहुपद एवं गुणनखंड",Hard,"यदि बहुपद एक्स किबीप्लस 1 और बहुपद एक्स किबीप्लस 2 के गुणनखंड को घटा दिया जाता है, तो नतीजा क्या होगा?",किबीप्लस 1किबीप्लस 2,किबीप्लस 1किबीप्लस 2,किबीप्लस 1किबीप्लस 2,किबीप्लस 1किबीप्लस 2,D,किबीप्लस 1किबीप्लस 2,बहुपदों का गुणनखंड और घटाव का नतीजा बहुपद के गुणनखंड की विशिष्ट विधि है।,"बहुपद एक्स किबीप्लस 1 और बहुपद एक्स किबीप्लस 2 को घटा दिया जाता है, तो नतीजा किबीप्लस 1किबीप्लस 2 रहेगा।",2026-09-14 17:24:23
MATH_HI_0596,Hindi,Mathematics,"एक चर एवं दो चर वाले रैखिक समीकरण, द्विघात समीकरण",Easy,रैखिक समीकरण 2x + 3 = 7 का हल क्या है?,x = 1,x = 2,x = 3,x = 4,B,x = 2,x = 2 का मतलब है कि जब x का मान 2 रखा जाए तो समीकरण संतुलित हो जाता है।,"2x + 3 = 7 लिखिए और x का मान ज्ञात करें। 2 * 2 + 3 = 7, यह संतुलित हो जाता है।",2026-09-14 17:24:57
MATH_HI_0597,Hindi,Mathematics,"एक चर एवं दो चर वाले रैखिक समीकरण, द्विघात समीकरण",Easy,दो चर वाले रैखिक समीकरण 3x + 2y = 12 और x + 2y = 8 का हल क्या है?,"x = 2, y = 3","x = 4, y = 2","x = 3, y = 2","x = 1, y = 4",B,"x = 4, y = 2",यह उत्तर क्यों है क्योंकि यह समीकरणों को संतुलित करने में योग्य है।,"3x + 2y = 12 और x + 2y = 8 को याद करें, और x = 4, y = 2 का अनुमान लगाएं।",2026-09-14 17:24:57
MATH_HI_0598,Hindi,Mathematics,"एक चर एवं दो चर वाले रैखिक समीकरण, द्विघात समीकरण",Easy,द्विघात समीकरण x² + 5x + 6 = 0 का एक मूल क्या है?,x = -1,x = -2,x = -3,x = 4,B,x = -2,x = -2 उत्तर क्यों है क्योंकि यह समीकरण का एक मूल है।,x = -2 का अनुमान लगाएं और समीकरण को परखें।,2026-09-14 17:24:57
MATH_HI_0599,Hindi,Mathematics,"एक चर एवं दो चर वाले रैखिक समीकरण, द्विघात समीकरण",Easy,द्विघात समीकरण x² - 5x + 6 = 0 का दूसरा मूल क्या है?,x = 2,x = 3,x = 4,x = 1,B,x = 3,x = 3 उत्तर क्यों है क्योंकि यह समीकरण का दूसरा मूल है।,x = 3 का अनुमान लगाएं और समीकरण को परखें।,2026-09-14 17:24:57
MATH_HI_0600,Hindi,Mathematics,"एक चर एवं दो चर वाले रैखिक समीकरण, द्विघात समीकरण",Easy,रैखिक समीकरण 2x - y = 4 और x + y = 5 का हल क्या है?,"x = 2, y = 1","x = 1, y = 2","x = 3, y = 2","x = 3, y = 1",C,"x = 3, y = 2",x = 3 और y = 2 उत्तर क्यों है क्योंकि यह समीकरणों को संतुलित करने में योग्य है।,"2x - y = 4 और x + y = 5 को याद करें, और x = 3, y = 2 का अनुमान लगाएं।",2026-09-14 17:24:57
MATH_HI_0601,Hindi,Mathematics,"एक चर एवं दो चर वाले रैखिक समीकरण, द्विघात समीकरण",Easy,द्विघात समीकरण 2x² + 3x - 2 = 0 का एक मूल क्या है?,x = -2,x = -1,x = 1,x = 2,C,x = 1,x = 1 उत्तर क्यों है क्योंकि यह समीकरण का एक मूल है।,x = 1 का अनुमान लगाएं और समीकरण को परखें।,2026-09-14 17:24:57
MATH_HI_0602,Hindi,Mathematics,"एक चर एवं दो चर वाले रैखिक समीकरण, द्विघात समीकरण",Easy,दो चर वाले रैखिक समीकरण x - y = 2 और 2x + y = 5 का हल क्या है?,"x = 1, y = -1","x = 2, y = 1","x = 3, y = 1","x = 3, y = 2",C,"x = 3, y = 1",x = 3 और y = 1 उत्तर क्यों है क्योंकि यह समीकरणों को संतुलित करने में योग्य है।,"x - y = 2 और 2x + y = 5 को याद करें, और x = 3, y = 1 का अनुमान लगाएं।",2026-09-14 17:24:57
MATH_HI_0603,Hindi,Mathematics,"एक चर एवं दो चर वाले रैखिक समीकरण, द्विघात समीकरण",Easy,रैखिक समीकरण 4x - 3y = 12 का हल क्या है जब x = 3?,y = 0,y = 1,y = 2,y = 3,A,y = 0,y = 0 उत्तर क्यों है क्योंकि जब x = 3 रखा जाता है तो समीकरण संतुलित हो जाता है।,4x - 3y = 12 को याद करें और x = 3 का अनुमान लगाएं।,2026-09-14 17:24:57
MATH_HI_0604,Hindi,Mathematics,"एक चर एवं दो चर वाले रैखिक समीकरण, द्विघात समीकरण",Easy,द्विघात समीकरण x² - 4x + 4 = 0 का एक मूल क्या है?,x = 1,x = 2,x = 3,x = 4,B,x = 2,x = 2 उत्तर क्यों है क्योंकि यह समीकरण का एक मूल है।,x = 2 का अनुमान लगाएं और समीकरण को परखें।,2026-09-14 17:24:57
MATH_HI_0605,Hindi,Mathematics,"एक चर एवं दो चर वाले रैखिक समीकरण, द्विघात समीकरण",Easy,रैखिक समीकरण 3x + 2y = 9 और 6x + 4y = 18 का हल क्या है?,"x = 1, y = 3","x = 2, y = 1","x = 3, y = 2","x = 3, y = 3",D,"x = 3, y = 3",x = 3 और y = 3 उत्तर क्यों है क्योंकि यह समीकरणों को संतुलित करने में योग्य है।,"3x + 2y = 9 और 6x + 4y = 18 को याद करें, और x = 3, y = 3 का अनुमान लगाएं।",2026-09-14 17:24:57
MATH_HI_0606,Hindi,Mathematics,"ज्यामिति (रेखाएं, कोण, त्रिभुज, वृत्त एवं चतुर्भुज)",Medium,एक त्रिभुज की दो भुजाएँ 5 सेमी और 7 सेमी हैं। तीसरी भुजा की लंबाई कितनी हो सकती है?,3 सेमी,9 सेमी,12 सेमी,14 सेमी,B,9 सेमी,त्रिभुज की भुजाओं के लंबाई का योग तीसरी भुजा की लंबाई से बड़ा होना चाहिए।,"त्रिभुज की भुजाओं का नियम अनुसार, तीसरी भुजा की लंबाई 5 + 7 - 1 = 11 सेमी से कम और 5 + 7 + 1 = 13 सेमी से अधिक होनी चाहिए। इसलिए 9 सेमी एक संभव लंबाई है।",2026-09-14 17:25:45
MATH_HI_0607,Hindi,Mathematics,"ज्यामिति (रेखाएं, कोण, त्रिभुज, वृत्त एवं चतुर्भुज)",Medium,एक चतुर्भुज की दो समान भुजाएँ 8 सेमी हैं और दो अन्य भुजाएँ 6 सेमी हैं। यह चतुर्भुज किस प्रकार का होगा?,समान्तर चतुर्भुज,द्विभाजीकरण चतुर्भुज,कवच चतुर्भुज,समकोण चतुर्भुज,C,कवच चतुर्भुज,कवच चतुर्भुज में दो भुजाएँ समान और दूसरी दो भुजाएँ भी समान होती हैं।,"कवच चतुर्भुज की परिभाषा के अनुसार, दो समान भुजाएँ 8 सेमी और दूसरी दो समान भुजाएँ 6 सेमी हैं, इसलिए यह एक कवच चतुर्भुज होगा।",2026-09-14 17:25:45
MATH_HI_0608,Hindi,Mathematics,"ज्यामिति (रेखाएं, कोण, त्रिभुज, वृत्त एवं चतुर्भुज)",Medium,एक त्रिभुज की दो भुजाएँ बराबर हैं। यह त्रिभुज किस प्रकार का होगा?,समबाहु त्रिभुज,समद्विबाहु त्रिभुज,समकोण त्रिभुज,कोण त्रिभुज,B,समद्विबाहु त्रिभुज,समद्विबाहु त्रिभुज में दो भुजाएँ समान होती हैं।,"त्रिभुज के विशेषताओं के अनुसार, दो भुजाएँ बराबर हैं इसलिए यह एक समद्विबाहु त्रिभुज होगा।",2026-09-14 17:25:46
MATH_HI_0609,Hindi,Mathematics,"ज्यामिति (रेखाएं, कोण, त्रिभुज, वृत्त एवं चतुर्भुज)",Medium,एक चतुर्भुज की दो समानांतर भुजाएँ और दूसरी दो समानांतर भुजाएँ हैं। यह चतुर्भुज किस प्रकार का होगा?,समान्तर चतुर्भुज,समकोण चतुर्भुज,कवच चतुर्भुज,समबाहु चतुर्भुज,A,समान्तर चतुर्भुज,समान्तर चतुर्भुज में दो समानांतर भुजाएँ और दूसरी दो समानांतर भुजाएँ होती हैं।,"चतुर्भुज के विशेषताओं के अनुसार, दो समानांतर भुजाएँ और दूसरी दो समानांतर भुजाएँ हैं, इसलिए यह एक समान्तर चतुर्भुज होगा।",2026-09-14 17:25:46
MATH_HI_0610,Hindi,Mathematics,"ज्यामिति (रेखाएं, कोण, त्रिभुज, वृत्त एवं चतुर्भुज)",Medium,एक त्रिभुज का एक कोण 90 डिग्री है। यह त्रिभुज किस प्रकार का होगा?,समकोण त्रिभुज,समबाहु त्रिभुज,समद्विबाहु त्रिभुज,समबाहु चतुर्भुज,A,समकोण त्रिभुज,समकोण त्रिभुज में एक कोण 90 डिग्री होता है।,"त्रिभुज के विशेषताओं के अनुसार, एक कोण 90 डिग्री है इसलिए यह एक समकोण त्रिभुज होगा।",2026-09-14 17:25:46
MATH_HI_0611,Hindi,Mathematics,"ज्यामिति (रेखाएं, कोण, त्रिभुज, वृत्त एवं चतुर्भुज)",Medium,एक वृत्त का व्यास ज्ञात है। इसका व्यास 10 सेमी है। इसकी त्रिज्या क्या होगी?,5 सेमी,10 सेमी,20 सेमी,15 सेमी,A,5 सेमी,वृत्त की त्रिज्या व्यास का आधा होती है।,वृत्त की त्रिज्या व्यास का आधा होता है। इसलिए यदि व्यास 10 सेमी है तो त्रिज्या 5 सेमी होगी।,2026-09-14 17:25:46
MATH_HI_0612,Hindi,Mathematics,"ज्यामिति (रेखाएं, कोण, त्रिभुज, वृत्त एवं चतुर्भुज)",Medium,एक त्रिभुज की दो कोणों का योग 120 डिग्री है। तीसरा कोण कितना होगा?,60 डिग्री,120 डिग्री,180 डिग्री,240 डिग्री,A,60 डिग्री,त्रिभुज के कोणों का योग 180 डिग्री होता है।,"त्रिभुज के नियम के अनुसार, त्रिभुज के कोणों का योग 180 डिग्री होता है। अतः यदि दो कोणों का योग 120 डिग्री है तो तीसरा कोण 180 - 120 = 60 डिग्री होगा।",2026-09-14 17:25:46
MATH_HI_0613,Hindi,Mathematics,"ज्यामिति (रेखाएं, कोण, त्रिभुज, वृत्त एवं चतुर्भुज)",Medium,एक त्रिभुज की एक भुजा 10 सेमी है और दूसरी भुजा 12 सेमी है। तीसरी भुजा की लंबाई कितनी हो सकती है?,1 सेमी,2 सेमी,21 सेमी,22 सेमी,C,21 सेमी,"त्रिभुज की भुजाओं का नियम अनुसार, तीसरी भुजा की लंबाई दोनों भुजाओं के योग से कम और दोनों भुजाओं के योग से अधिक होनी चाहिए।","त्रिभुज की भुजाओं का नियम अनुसार, तीसरी भुजा की लंबाई 10 + 12 - 1 = 21 सेमी से कम और 10 + 12 + 1 = 23 सेमी से अधिक होनी चाहिए। इसलिए 21 सेमी एक संभव लंबाई है।",2026-09-14 17:25:46
MATH_HI_0614,Hindi,Mathematics,"ज्यामिति (रेखाएं, कोण, त्रिभुज, वृत्त एवं चतुर्भुज)",Medium,एक त्रिभुज का कोण 60 डिग्री और दूसरा कोण 45 डिग्री है। तीसरा कोण कितना होगा?,75 डिग्री,60 डिग्री,45 डिग्री,30 डिग्री,A,75 डिग्री,त्रिभुज के कोणों का योग 180 डिग्री होता है।,"त्रिभुज के नियम के अनुसार, त्रिभुज के कोणों का योग 180 डिग्री होता है। अतः यदि दो कोणों का योग 60 + 45 = 105 डिग्री है तो तीसरा कोण 180 - 105 = 75 डिग्री होगा।",2026-09-14 17:25:46
MATH_HI_0615,Hindi,Mathematics,"ज्यामिति (रेखाएं, कोण, त्रिभुज, वृत्त एवं चतुर्भुज)",Medium,एक चतुर्भुज की दो समानांतर भुजाएँ 10 सेमी हैं और दूसरी दो समानांतर भुजाएँ 8 सेमी हैं। इसका परिमाप क्या होगा?,28 सेमी,36 सेमी,40 सेमी,48 सेमी,B,36 सेमी,चतुर्भुज का परिमाप उसकी सभी भुजाओं की लंबाई का योग होता है।,चतुर्भुज का परिमाप उसकी सभी भुजाओं की लंबाई का योग होता है। अतः यदि दो समानांतर भुजाएँ 10 सेमी और दूसरी दो समानांतर भुजाएँ 8 सेमी हैं तो परिमाप 10 + 10 + 8 + 8 = 36 सेमी होगा।,2026-09-14 17:25:46
MATH_HI_0616,Hindi,Mathematics,द्विविमीय क्षेत्रमिति (क्षेत्रफल एवं परिमाप),Hard,समकोण त्रिभुज का क्षेत्रफल 30 वर्ग सेमी है और एक कर्ण 10 सेमी है। दूसरा कर्ण की लंबाई कितनी होगी?,8 सेमी,12 सेमी,10 सेमी,6 सेमी,B,12 सेमी,समकोण त्रिभुज की भुजाओं के योग पर निर्भर किया गया है।,क्षेत्रफल = 1/2 * भुजा * अन्य भुजा। यहाँ दिया गया कर्ण 10 सेमी और क्षेत्रफल 30 वर्ग सेमी दिया गया है। इस पर आधारित गणना करके दूसरा कर्ण 12 सेमी आता है।,2026-09-14 17:26:31
MATH_HI_0617,Hindi,Mathematics,द्विविमीय क्षेत्रमिति (क्षेत्रफल एवं परिमाप),Hard,"किसी चतुर्भुज के चारों कोण ज्ञात हैं जिनका योग 360 डिग्री है। यदि चारों कोण क्रमशः 80 डिग्री, 100 डिग्री, 120 डिग्री और x डिग्री हैं, तो x का मान कितना होगा?",60 डिग्री,80 डिग्री,100 डिग्री,120 डिग्री,A,60 डिग्री,चतुर्भुज के चारों कोण का योग 360 डिग्री होता है।,"यहाँ योग 360 डिग्री है, इसलिए x = 360 - (80 + 100 + 120) = 60 डिग्री।",2026-09-14 17:26:31
MATH_HI_0618,Hindi,Mathematics,द्विविमीय क्षेत्रमिति (क्षेत्रफल एवं परिमाप),Hard,एक वृत्त का व्यास 20 सेमी है। इसकी परिधि क्या होगी?,25π सेमी,30π सेमी,40π सेमी,60π सेमी,C,40π सेमी,वृत्त की परिधि और व्यास के बीच संबंध है।,परिधि = π * व्यास = π * 20 = 20π सेमी।,2026-09-14 17:26:31
MATH_HI_0619,Hindi,Mathematics,द्विविमीय क्षेत्रमिति (क्षेत्रफल एवं परिमाप),Hard,एक त्रिभुज की दो भुजाएँ क्रमशः 8 सेमी और 15 सेमी हैं और इन दोनों के बीच कोण 90 डिग्री है। तीसरी भुजा की लंबाई कितनी होगी?,7 सेमी,17 सेमी,23 सेमी,25 सेमी,D,25 सेमी,पाइथागोरस प्रमेय का उपयोग किया गया है।,"दिया गया त्रिभुज एक समकोण त्रिभुज है, इसलिए तीसरी भुजा = √(8² + 15²) = 25 सेमी।",2026-09-14 17:26:31
MATH_HI_0620,Hindi,Mathematics,द्विविमीय क्षेत्रमिति (क्षेत्रफल एवं परिमाप),Hard,एक चतुर्भुज की दो भुजाएँ 12 सेमी और 16 सेमी हैं और इन दोनों के बीच कोण 120 डिग्री है। दूसरी दो भुजाएँ क्रमशः 10 सेमी और x सेमी हैं। ज्ञात करें x का मान जिससे चतुर्भुज एक समान चतुर्भुज बने।,12 सेमी,16 सेमी,20 सेमी,24 सेमी,D,24 सेमी,समान चतुर्भुज के त्रिभुजों के योग के नियम पर निर्भर किया गया है।,समान चतुर्भुज की भुजाएँ त्रिभुजों के योग के अनुसार निर्धारित होती हैं। इस पर आधारित गणना करके x = 24 सेमी आता है।,2026-09-14 17:26:31
MATH_HI_0621,Hindi,Mathematics,द्विविमीय क्षेत्रमिति (क्षेत्रफल एवं परिमाप),Hard,किसी चतुर्भुज की दो समानांतर भुजाएँ 15 सेमी और 20 सेमी हैं और दूसरी दो समानांतर भुजाओं के बीच कोण 120 डिग्री है। इसका परिमाप क्या होगा?,70 सेमी,80 सेमी,90 सेमी,100 सेमी,C,90 सेमी,समानांतर भुजाओं का परिमाप ज्ञात किया गया है।,परिमाप = 2 * (15 + 20) = 90 सेमी।,2026-09-14 17:26:31
MATH_HI_0622,Hindi,Mathematics,द्विविमीय क्षेत्रमिति (क्षेत्रफल एवं परिमाप),Hard,एक त्रिभुज की दो भुजाएँ क्रमशः 10 सेमी और 15 सेमी हैं और इन दोनों के बीच कोण 120 डिग्री है। तीसरी भुजा का लंबाई कितनी होगी?,5 सेमी,10 सेमी,15 सेमी,20 सेमी,D,20 सेमी,पाइथागोरस प्रमेय का उपयोग किया गया है।,"दिया गया त्रिभुज एक समकोण त्रिभुज है, इसलिए तीसरी भुजा = √(10² + 15² - 2 * 10 * 15 * cos(120°)) = 20 सेमी।",2026-09-14 17:26:31
MATH_HI_0623,Hindi,Mathematics,द्विविमीय क्षेत्रमिति (क्षेत्रफल एवं परिमाप),Hard,"किसी चतुर्भुज के दो समानांतर भुजाएँ 12 सेमी और 18 सेमी हैं और दूसरी दो समानांतर भुजाएँ क्रमशः x सेमी और y सेमी हैं। यदि परिमाप 60 सेमी है, तो x और y के मान क्या होंगे?","x = 12, y = 18","x = 15, y = 15","x = 10, y = 20","x = 18, y = 12",B,"x = 15, y = 15",परिमाप और समानांतर भुजाएँ के बीच संबंध का उपयोग किया गया है।,परिमाप = 2 * (12 + 18) = 60 सेमी। इसलिए x = 15 और y = 15।,2026-09-14 17:26:31
MATH_HI_0624,Hindi,Mathematics,द्विविमीय क्षेत्रमिति (क्षेत्रफल एवं परिमाप),Hard,किसी त्रिभुज के दो भुजाएँ क्रमशः 10 सेमी और 12 सेमी हैं और इन दोनों के बीच कोण 60 डिग्री है। तीसरी भुजा की लंबाई कितनी होगी?,8 सेमी,10 सेमी,12 सेमी,14 सेमी,D,14 सेमी,पाइथागोरस प्रमेय का उपयोग किया गया है।,"दिया गया त्रिभुज एक समकोण त्रिभुज है, इसलिए तीसरी भुजा = √(10² + 12² - 2 * 10 * 12 * cos(60°)) = 14 सेमी।",2026-09-14 17:26:31
MATH_HI_0625,Hindi,Mathematics,द्विविमीय क्षेत्रमिति (क्षेत्रफल एवं परिमाप),Hard,किसी चतुर्भुज की दो समानांतर भुजाएँ 15 सेमी और 20 सेमी हैं और दूसरी दो समानांतर भुजाएँ क्रमशः 10 सेमी और x सेमी हैं। ज्ञात करें x का मान जिससे चतुर्भुज एक समान चतुर्भुज बने।,10 सेमी,15 सेमी,20 सेमी,25 सेमी,B,15 सेमी,समान चतुर्भुज के त्रिभुजों के योग के नियम पर निर्भर किया गया है।,समान चतुर्भुज की भुजाएँ त्रिभुजों के योग के अनुसार निर्धारित होती हैं। इस पर आधारित गणना करके x = 15 सेमी आता है।,2026-09-14 17:26:31
MATH_HI_0626,Hindi,Mathematics,"त्रिविमीय क्षेत्रमिति (पृष्ठीय क्षेत्रफल एवं आयतन - शंकु, बेलन, गोला)",Easy,शंकु के आधार का क्षेत्रफल किस सूत्र से निकाला जाता है?,πr²,2πr,πrh,1/3 πr²,A,πr²,शंकु के आधार का क्षेत्रफल त्रिज्या के वर्ग से निकाला जाता है।,शंकु के आधार का क्षेत्रफल त्रिज्या r के वर्ग से निकाला जाता है।,2026-09-14 17:27:31
MATH_HI_0627,Hindi,Mathematics,"त्रिविमीय क्षेत्रमिति (पृष्ठीय क्षेत्रफल एवं आयतन - शंकु, बेलन, गोला)",Easy,शंकु का वक्र पृष्ठ क्षेत्रफल किस सूत्र से निकाला जाता है?,πr²,2πrh,πrh,4/3 πr³,B,2πrh,शंकु का वक्र पृष्ठ क्षेत्रफल त्रिज्या और ऊंचाई के उत्पाद से निकाला जाता है।,शंकु का वक्र पृष्ठ क्षेत्रफल त्रिज्या r और ऊंचाई h के उत्पाद से निकाला जाता है।,2026-09-14 17:27:31
MATH_HI_0628,Hindi,Mathematics,"त्रिविमीय क्षेत्रमिति (पृष्ठीय क्षेत्रफल एवं आयतन - शंकु, बेलन, गोला)",Easy,बेलन का पृष्ठीय क्षेत्रफल शंकु के पृष्ठीय क्षेत्रफल से कितना अधिक होता है यदि त्रिज्या और ऊंचाई एकसमान हो?,शंकु का आधा होता है,शंकु से अधिक होता है,शंकु के बराबर होता है,शंकु से कम होता है,B,शंकु से अधिक होता है,बेलन का पृष्ठीय क्षेत्रफल शंकु के पृष्ठीय क्षेत्रफल से अधिक होता है यदि त्रिज्या और ऊंचाई एकसमान हो।,"बेलन का पृष्ठीय क्षेत्रफल त्रिज्या और ऊंचाई के उत्पाद के दो गुना से निकाला जाता है, जबकि शंकु का पृष्ठीय क्षेत्रफल त्रिज्या और ऊंचाई के उत्पाद से निकाला जाता है। इसलिए बेलन का पृष्ठीय क्षेत्रफल शंकु के से अधिक होता है।",2026-09-14 17:27:31
MATH_HI_0629,Hindi,Mathematics,"त्रिविमीय क्षेत्रमिति (पृष्ठीय क्षेत्रफल एवं आयतन - शंकु, बेलन, गोला)",Easy,शंकु का आयतन किस त्रिज्या और ऊंचाई के लिए न्यूनतम होता है?,त्रिज्या और ऊंचाई दोनों न्यूनतम,त्रिज्या और ऊंचाई दोनों बड़ी,त्रिज्या न्यूनतम और ऊंचाई बड़ी,त्रिज्या बड़ी और ऊंचाई न्यूनतम,A,त्रिज्या और ऊंचाई दोनों न्यूनतम,शंकु का आयतन त्रिज्या और ऊंचाई के उत्पाद के एक तिहाई गुणांक से निकाला जाता है। इसलिए त्रिज्या और ऊंचाई दोनों न्यूनतम होने पर आयतन न्यूनतम होता है।,शंकु का आयतन त्रिज्या और ऊंचाई के उत्पाद के एक तिहाई गुणांक से निकाला जाता है। इसलिए त्रिज्या और ऊंचाई दोनों न्यूनतम होने पर आयतन न्यूनतम होता है।,2026-09-14 17:27:31
MATH_HI_0630,Hindi,Mathematics,"त्रिविमीय क्षेत्रमिति (पृष्ठीय क्षेत्रफल एवं आयतन - शंकु, बेलन, गोला)",Easy,बेलन का पृष्ठीय क्षेत्रफल किसका दो गुना होता है यदि त्रिज्या और ऊंचाई एकसमान हो?,शंकु का आयतन,शंकु का पृष्ठीय क्षेत्रफल,शंकु का वक्र पृष्ठ क्षेत्रफल,शंकु का आधार क्षेत्रफल,C,शंकु का वक्र पृष्ठ क्षेत्रफल,बेलन का पृष्ठीय क्षेत्रफल त्रिज्या और ऊंचाई के उत्पाद के दो गुना से निकाला जाता है। शंकु का वक्र पृष्ठ क्षेत्रफल भी त्रिज्या और ऊंचाई के उत्पाद के दो गुना से निकाला जाता है।,बेलन का पृष्ठीय क्षेत्रफल त्रिज्या और ऊंचाई के उत्पाद के दो गुना से निकाला जाता है। शंकु का वक्र पृष्ठ क्षेत्रफल भी त्रिज्या और ऊंचाई के उत्पाद के दो गुना से निकाला जाता है। इसलिए बेलन का पृष्ठीय क्षेत्रफल शंकु का वक्र पृष्ठ क्षेत्रफल के दो गुना होता है।,2026-09-14 17:27:31
MATH_HI_0631,Hindi,Mathematics,"त्रिविमीय क्षेत्रमिति (पृष्ठीय क्षेत्रफल एवं आयतन - शंकु, बेलन, गोला)",Easy,शंकु का वक्र पृष्ठ क्षेत्रफल किस स्थिति में न्यूनतम होता है?,त्रिज्या और ऊंचाई दोनों न्यूनतम,त्रिज्या बड़ी और ऊंचाई न्यूनतम,त्रिज्या न्यूनतम और ऊंचाई बड़ी,त्रिज्या और ऊंचाई दोनों बड़ी,A,त्रिज्या और ऊंचाई दोनों न्यूनतम,शंकु का वक्र पृष्ठ क्षेत्रफल त्रिज्या और ऊंचाई के उत्पाद से निकाला जाता है। इसलिए त्रिज्या और ऊंचाई दोनों न्यूनतम होने पर वक्र पृष्ठ क्षेत्रफल न्यूनतम होता है।,शंकु का वक्र पृष्ठ क्षेत्रफल त्रिज्या और ऊंचाई के उत्पाद से निकाला जाता है। इसलिए त्रिज्या और ऊंचाई दोनों न्यूनतम होने पर वक्र पृष्ठ क्षेत्रफल न्यूनतम होता है।,2026-09-14 17:27:31
MATH_HI_0632,Hindi,Mathematics,"त्रिविमीय क्षेत्रमिति (पृष्ठीय क्षेत्रफल एवं आयतन - शंकु, बेलन, गोला)",Easy,बेलन का पृष्ठीय क्षेत्रफल शंकु के वक्र पृष्ठ क्षेत्रफल से कितना अधिक होता है यदि त्रिज्या और ऊंचाई एकसमान हो?,बेलन का पृष्ठीय क्षेत्रफल शंकु के वक्र पृष्ठ क्षेत्रफल से अधिक होता है,बेलन का पृष्ठीय क्षेत्रफल शंकु के वक्र पृष्ठ क्षेत्रफल से कम होता है,बेलन का पृष्ठीय क्षेत्रफल शंकु के वक्र पृष्ठ क्षेत्रफल के बराबर होता है,बेलन का पृष्ठीय क्षेत्रफल शंकु के वक्र पृष्ठ क्षेत्रफल से निर्धारित नहीं होता,A,बेलन का पृष्ठीय क्षेत्रफल शंकु के वक्र पृष्ठ क्षेत्रफल से अधिक होता है,बेलन का पृष्ठीय क्षेत्रफल त्रिज्या और ऊंचाई के उत्पाद के दो गुना से निकाला जाता है। शंकु का वक्र पृष्ठ क्षेत्रफल भी त्रिज्या और ऊंचाई के उत्पाद के दो गुना से निकाला जाता है। इसलिए बेलन का पृष्ठीय क्षेत्रफल शंकु के वक्र पृष्ठ क्षेत्रफल से अधिक होता है।,बेलन का पृष्ठीय क्षेत्रफल त्रिज्या और ऊंचाई के उत्पाद के दो गुना से निकाला जाता है। शंकु का वक्र पृष्ठ क्षेत्रफल भी त्रिज्या और ऊंचाई के उत्पाद के दो गुना से निकाला जाता है। इसलिए बेलन का पृष्ठीय क्षेत्रफल शंकु के वक्र पृष्ठ क्षेत्रफल से अधिक होता है।,2026-09-14 17:27:31
MATH_HI_0633,Hindi,Mathematics,"त्रिकोणमिति (त्रिकोणमितीय अनुपात, सर्वसमिकाएं, ऊँचाई एवं दूरी)",Medium,सिन्धु का याद रखने की सुचना है कि जब रेडियस और थीटा का मान 30° हो तो त्रिकोणमितीय अनुपात बराबर किस मान होगा?,0.5,0.866,1,0.333,B,0.866,त्रिकोणमितीय अनुपात सिन्धु का याद रखने का एक उपाय है जिससे 30° और इसका संबंध बताया जा सकता है।,30° का सिन्धु त्रिकोणमितीय अनुपात 0.866 के बराबर होता है।,2026-09-14 17:28:17
MATH_HI_0634,Hindi,Mathematics,"त्रिकोणमिति (त्रिकोणमितीय अनुपात, सर्वसमिकाएं, ऊँचाई एवं दूरी)",Medium,"समीकरण जो कि त्रिकोणमितीय सर्वसमिका के रूप में लिखा जा सकता है, किस रूप में है?",कोसेस + सिन्डेस = 1,सिन्डेस = कोसेस + टेनेस,सिन्डेस = कोसेस - टेनेस,कोसेस = सिन्डेस + कैसेस,A,कोसेस + सिन्डेस = 1,सर्वसमिका सिन्डेस और कोसेस के योग का एक अनुपात दर्शाती है जो नियमित रूप से 1 के बराबर होता है।,कोसेस और सिन्डेस का योग हमेशा 1 के बराबर होता है।,2026-09-14 17:28:17
MATH_HI_0635,Hindi,Mathematics,"त्रिकोणमिति (त्रिकोणमितीय अनुपात, सर्वसमिकाएं, ऊँचाई एवं दूरी)",Medium,त्रिकोणमितीय अनुपात ज्ञात करने के लिए यदि एक त्रिभुज का कोण 30° है तो त्रिकोणमितीय अनुपात कितना होगा?,0.5,0.866,1,0.333,A,0.5,त्रिकोणमितीय अनुपात ज्ञात करने का एक उपाय है जिसका प्रयोग 30° के त्रिकोणमितीय अनुपात ज्ञात करने के लिए किया जा सकता है।,30° का सिन्धु 0.5 के बराबर होता है।,2026-09-14 17:28:17
MATH_HI_0636,Hindi,Mathematics,"त्रिकोणमिति (त्रिकोणमितीय अनुपात, सर्वसमिकाएं, ऊँचाई एवं दूरी)",Medium,त्रिकोणमितीय सर्वसमिका के तहत यदि कोई त्रिकोणमितीय अनुपात ज्ञात करना हो तो किस रूप में लिखा जा सकता है?,कोसेस + सिन्डेस = 2,सिन्डेस = कोसेस - टेनेस,सिन्डेस = कोसेस + 1,कोसेस = 1 - सिन्डेस,D,कोसेस = 1 - सिन्डेस,सर्वसमिका सिन्डेस और कोसेस के रूप में लिखा जा सकता है जो नियमित रूप से एक अनुपात दर्शाती है।,कोसेस और सिन्डेस का अनुपात 1 - सिन्डेस के बराबर होता है।,2026-09-14 17:28:17
MATH_HI_0637,Hindi,Mathematics,"त्रिकोणमिति (त्रिकोणमितीय अनुपात, सर्वसमिकाएं, ऊँचाई एवं दूरी)",Medium,त्रिकोणमितीय अनुपात ज्ञात करने के लिए यदि त्रिकोणमितीय अनुपात ज्ञात करना हो तो किस रूप में लिखा जा सकता है?,कोसेस + सिन्डेस = 0.5,सिन्डेस = कोसेस - 1,सिन्डेस = कोसेस + 1,कोसेस = 1 - सिन्डेस,D,कोसेस = 1 - सिन्डेस,त्रिकोणमितीय अनुपात ज्ञात करने का एक उपाय है जिसका प्रयोग कोसेस और सिन्डेस के अनुपात ज्ञात करने के लिए किया जा सकता है।,कोसेस और सिन्डेस का अनुपात 1 - सिन्डेस के बराबर होता है।,2026-09-14 17:28:17
MATH_HI_0638,Hindi,Mathematics,"सांख्यिकी (समांतर माध्य, माध्यिका, बहुलक एवं परिसर)",Hard,"यदि एक श्रृंखला में श्रेणियाँ 5, 10, 15, 20 और 25 हैं तथा उनके निषेधांक 3, 6, 9, 12 और 15 हैं, तो यदि यह कि श्रेणी 10 का समांतर माध्य 24 है तो अंतिम श्रेणी का समांतर माध्य ज्ञात कीजिए।",25,26,27,28,C,27,समांतर माध्य निर्धारित करने के लिए आवश्यक डेटा का उपयोग किया गया है।,समांतर माध्य की गणना करने के लिए श्रेणी के निषेधांक और उनके संबंधित माध्य का उपयोग किया गया है।,2026-09-14 17:29:15
MATH_HI_0639,Hindi,Mathematics,"सांख्यिकी (समांतर माध्य, माध्यिका, बहुलक एवं परिसर)",Hard,"यदि दो श्रृंखलाओं के बीच बहुलक क्रमशः 20 और 30 हैं तथा उनके बीच का परिसर 20 है, तो वे दोनों का बहुलक ज्ञात कीजिए।",25,26,27,28,A,25,बहुलक दो श्रृंखलाओं के बीच का गुणक ज्ञात करने के लिए उपयोग किया गया है।,बहुलक की गणना करने के लिए दो श्रृंखलाओं के बीच का परिसर और उनके बीच बहुलक का अनुपात की गणना की गई है।,2026-09-14 17:29:15
MATH_HI_0640,Hindi,Mathematics,"सांख्यिकी (समांतर माध्य, माध्यिका, बहुलक एवं परिसर)",Hard,"यदि एक श्रृंखला में श्रेणियाँ 10, 20, 30, 40 और 50 हैं तथा उनके निषेधांक 10, 15, 20, 25 और 30 हैं, तो यदि यह कि श्रेणी 20 का मध्यका 18 है तो अंतिम श्रेणी का मध्यका ज्ञात कीजिए।",24,25,26,27,B,25,मध्यका की गणना करने के लिए श्रेणी के निषेधांक और उनके संबंधित माध्य का उपयोग किया गया है।,मध्यका की गणना करने के लिए श्रेणी के निषेधांक और उनके संबंधित माध्य का उपयोग किया गया है।,2026-09-14 17:29:15
MATH_HI_0641,Hindi,Mathematics,"क्रमचय, संचय एवं प्रायिकता के सिद्धांत",Easy,यदि एक पासा की भाग्यमिता गिनती में 1 से 6 के बीच कितने संभावित परिणाम होते हैं?,6,5,4,3,A,6,यह उत्तर क्यों सही है क्योंकि एक पासा ने 6 फलों की भाग्यमिता है।,एक पासा की भाग्यमिता में फलों की कुल संख्या 6 है जो 1 से 6 तक है।,2026-09-14 17:29:58
MATH_HI_0642,Hindi,Mathematics,"क्रमचय, संचय एवं प्रायिकता के सिद्धांत",Easy,"यदि किसी घटना A की प्रायिकता 0.4 है, तो उसके निषेध घटना की प्रायिकता क्या होगी?",0.4,0.6,0.2,1.0,B,0.6,यह उत्तर क्यों सही है क्योंकि एक घटना और उसके निषेध घटना की प्रायिकताओं का योग 1 होता है।,"निषेध घटना की प्रायिकता ज्ञात करने के लिए, हम 1 से घटना की प्रायिकता मानकर घटाते हैं।",2026-09-14 17:29:58
MATH_HI_0643,Hindi,Mathematics,"क्रमचय, संचय एवं प्रायिकता के सिद्धांत",Easy,"यदि किसी घटना A और B की प्रायिकताएँ 0.5 और 0.7 हैं तथा उनका परिसर 0.2 है, तो A और B दोनों का परिसर ज्ञात कीजिए।","0.5, 0.7","0.3, 0.5","0.2, 0.2","0.4, 0.6",C,"0.2, 0.2",यह उत्तर क्यों सही है क्योंकि घटनाओं के परिसरों का योग घटनाओं की प्रायिकताओं के योग के बराबर होता है।,किसी घटना का परिसर उसकी प्रायिकता से घटाने पर ज्ञात किया जाता है।,2026-09-14 17:29:58
MATH_HI_0644,Hindi,Mathematics,"क्रमचय, संचय एवं प्रायिकता के सिद्धांत",Easy,"यदि किसी घटना A की प्रायिकता 0.2 है और B की प्रायिकता 0.5 है, तो A और B का युग्म घटना की प्रायिकता क्या होगी यदि दोनों स्वतंत्र घटनाएँ हैं?",0.2,0.5,0.7,0.1,D,0.1,यह उत्तर क्यों सही है क्योंकि दोनों स्वतंत्र घटनाओं का युग्म घटना की प्रायिकता उनकी प्रायिकताओं के गुणनफल के बराबर होता है।,"दो स्वतंत्र घटनाओं का युग्म घटना की प्रायिकता ज्ञात करने के लिए, उनकी प्रायिकताओं का गुणनफल लेते हैं।",2026-09-14 17:29:58
MATH_HI_0645,Hindi,Mathematics,"क्रमचय, संचय एवं प्रायिकता के सिद्धांत",Easy,"यदि किसी घटना A की प्रायिकता 0.3 है और उसके निषेध घटना की प्रायिकता 0.7 है, तो यह घटना क्या है?",संभव घटना,निषेध घटना,असंभव घटना,असंभव घटना का निषेध,D,असंभव घटना का निषेध,यह उत्तर क्यों सही है क्योंकि एक घटना और उसके निषेध घटना की प्रायिकताएँ विपरीत होती हैं।,किसी घटना की प्रायिकता और उसके निषेध घटना की प्रायिकता का योग 1 होता है।,2026-09-14 17:29:58
MATH_HI_0646,Hindi,Mathematics,"क्रमचय, संचय एवं प्रायिकता के सिद्धांत",Easy,"यदि किसी घटना A की प्रायिकता 0.8 है, तो यह घटना क्या है?",असंभव घटना,संभव घटना,निषेध घटना,असंभव घटना का निषेध,B,संभव घटना,यह उत्तर क्यों सही है क्योंकि एक घटना की प्रायिकता 1 से कम होती है।,संभव घटनाओं की प्रायिकता 0 और 1 के बीच होती है।,2026-09-14 17:29:58
MATH_HI_0647,Hindi,Mathematics,"क्रमचय, संचय एवं प्रायिकता के सिद्धांत",Easy,"यदि किसी घटना A की प्रायिकता 0.9 और B की प्रायिकता 0.8 है, तो A और B का युग्म घटना की प्रायिकता क्या होगी यदि दोनों स्वतंत्र घटनाएँ हैं?",0.1,0.9,0.8,0.72,D,0.72,यह उत्तर क्यों सही है क्योंकि दो स्वतंत्र घटनाओं का युग्म घटना की प्रायिकता उनकी प्रायिकताओं के गुणनफल के बराबर होता है।,"दो स्वतंत्र घटनाओं का युग्म घटना की प्रायिकता ज्ञात करने के लिए, उनकी प्रायिकताओं का गुणनफल लेते हैं।",2026-09-14 17:29:58
MATH_HI_0648,Hindi,Mathematics,"क्रमचय, संचय एवं प्रायिकता के सिद्धांत",Easy,"यदि किसी घटना A की प्रायिकता 0.6 है और उसके निषेध घटना की प्रायिकता 0.4 है, तो यह घटना क्या है?",संभव घटना,निषेध घटना,असंभव घटना,असंभव घटना का निषेध,A,संभव घटना,यह उत्तर क्यों सही है क्योंकि एक घटना और उसके निषेध घटना की प्रायिकताएँ विपरीत होती हैं।,किसी घटना की प्रायिकता और उसके निषेध घटना की प्रायिकता का योग 1 होता है।,2026-09-14 17:29:58
MATH_HI_0649,Hindi,Mathematics,"क्रमचय, संचय एवं प्रायिकता के सिद्धांत",Easy,"यदि किसी घटना A की प्रायिकता 0.7 है और B की प्रायिकता 0.5 है, तो A और B का युग्म घटना की प्रायिकता क्या होगी यदि दोनों स्वतंत्र घटनाएँ हैं?",0.2,0.35,0.5,0.125,B,0.35,यह उत्तर क्यों सही है क्योंकि दो स्वतंत्र घटनाओं का युग्म घटना की प्रायिकता उनकी प्रायिकताओं के गुणनफल के बराबर होता है।,"दो स्वतंत्र घटनाओं का युग्म घटना की प्रायिकता ज्ञात करने के लिए, उनकी प्रायिकताओं का गुणनफल लेते हैं।",2026-09-14 17:29:58
MATH_HI_0650,Hindi,Mathematics,समांतर श्रेणी (AP) एवं गुणोत्तर श्रेणी (GP),Medium,"यदि 1, 4, 7, 10, ... एक समांतर श्रेढ़ी है, तो उसका सार्वअंतर क्या है?",3,4,1,7,A,3,सार्वअंतर समांतर श्रेढ़ी में दो बार बाद के पदों के अंतर है।,"1 से 4 तक, 4 से 7 तक और 7 से 10 तक दोनों प्रवर्तन सर्वप्रथम अंतर 3 हैं।",2026-09-14 17:30:31
MATH_HI_0651,Hindi,Mathematics,समांतर श्रेणी (AP) एवं गुणोत्तर श्रेणी (GP),Medium,"यदि 2, 6, 18, 54, ... एक गुणोत्तर श्रेढ़ी है, तो उसका सार्वअनुपात क्या है?",2,3,6,5,B,3,गुणोत्तर श्रेढ़ी का सार्वअनुपात दो बार बाद के पदों के अनुपात है।,6 तथा 2 का अनुपात 3 और 18 तथा 6 का अनुपात भी 3 है।,2026-09-14 17:30:31
MATH_HI_0652,Hindi,Mathematics,समांतर श्रेणी (AP) एवं गुणोत्तर श्रेणी (GP),Medium,"यदि 12, 15, 18, 21, ... एक समांतर श्रेढ़ी है, तो उसका अंतर कितना है?",1,2,3,4,C,3,समांतर श्रेढ़ी का अंतर दो बार बाद के पदों के अंतर है।,"15 तथा 12 का अंतर 3 है, इसी प्रकार 18 तथा 15 का अंतर भी 3 है।",2026-09-14 17:30:31
MATH_HI_0653,Hindi,Mathematics,समांतर श्रेणी (AP) एवं गुणोत्तर श्रेणी (GP),Medium,"यदि 3, 9, 27, 81, ... एक गुणोत्तर श्रेढ़ी है, तो उसका अनुपात कितना है?",3,6,2,4,A,3,गुणोत्तर श्रेढ़ी का अनुपात दो बार बाद के पदों के अनुपात है।,9 तथा 3 का अनुपात 3 और 27 तथा 9 का अनुपात भी 3 है।,2026-09-14 17:30:31
MATH_HI_0654,Hindi,Mathematics,समांतर श्रेणी (AP) एवं गुणोत्तर श्रेणी (GP),Medium,"यदि 1, 4, 16, 64, ... एक गुणोत्तर श्रेढ़ी है, तो उसका अनुपात कितना है?",2,4,6,8,B,4,गुणोत्तर श्रेढ़ी का अनुपात दो बार बाद के पदों के अनुपात है।,4 तथा 1 का अनुपात 4 और 16 तथा 4 का अनुपात भी 4 है।,2026-09-14 17:30:31
MATH_HI_0655,Hindi,Mathematics,समांतर श्रेणी (AP) एवं गुणोत्तर श्रेणी (GP),Medium,"यदि 10, 15, 20, 25, ... एक समांतर श्रेढ़ी है, तो उसका अंतर कितना है?",4,5,6,7,B,5,समांतर श्रेढ़ी का अंतर दो बार बाद के पदों के अंतर है।,"15 तथा 10 का अंतर 5 है, इसी प्रकार 20 तथा 15 का अंतर भी 5 है।",2026-09-14 17:30:31
MATH_HI_0656,Hindi,Mathematics,समांतर श्रेणी (AP) एवं गुणोत्तर श्रेणी (GP),Medium,"यदि 8, 24, 72, 216, ... एक गुणोत्तर श्रेढ़ी है, तो उसका अनुपात कितना है?",2,3,4,5,B,3,गुणोत्तर श्रेढ़ी का अनुपात दो बार बाद के पदों के अनुपात है।,24 तथा 8 का अनुपात 3 और 72 तथा 24 का अनुपात भी 3 है।,2026-09-14 17:30:31
MATH_HI_0657,Hindi,Mathematics,समांतर श्रेणी (AP) एवं गुणोत्तर श्रेणी (GP),Medium,"यदि 5, 15, 45, 135, ... एक गुणोत्तर श्रेढ़ी है, तो उसका अनुपात कितना है?",2,3,4,5,B,3,गुणोत्तर श्रेढ़ी का अनुपात दो बार बाद के पदों के अनुपात है।,15 तथा 5 का अनुपात 3 और 45 तथा 15 का अनुपात भी 3 है।,2026-09-14 17:30:31
MATH_HI_0658,Hindi,Mathematics,समांतर श्रेणी (AP) एवं गुणोत्तर श्रेणी (GP),Medium,"यदि 7, 14, 28, 56, ... एक समांतर श्रेढ़ी है, तो उसका अंतर कितना है?",7,9,11,13,A,7,समांतर श्रेढ़ी का अंतर दो बार बाद के पदों के अंतर है।,"14 तथा 7 का अंतर 7 है, इसी प्रकार 28 तथा 14 का अंतर भी 7 है।",2026-09-14 17:30:31
MATH_HI_0659,Hindi,Mathematics,समांतर श्रेणी (AP) एवं गुणोत्तर श्रेणी (GP),Medium,"यदि 16, 64, 256, 1024, ... एक गुणोत्तर श्रेढ़ी है, तो उसका अनुपात कितना है?",2,3,4,5,C,4,गुणोत्तर श्रेढ़ी का अनुपात दो बार बाद के पदों के अनुपात है।,64 तथा 16 का अनुपात 4 और 256 तथा 64 का अनुपात भी 4 है।,2026-09-14 17:30:31
MATH_HI_0660,Hindi,Mathematics,"संख्या पद्धति, अभाज्य संख्याएं, विभाज्यता एवं भिन्न",Hard,112 और 28 का महत्तम समापवर्तक लगभग कितना है?,4,7,12,14,B,7,7 यह अधिकतम संख्या है जिससे दोनों 112 और 28 विभाजित होते हैं।,112 और 28 के गुणनखंडों में से सर्वाधिक संख्या 7 है जो दोनों का समापवर्तक है।,2026-09-14 17:33:12
MATH_HI_0661,Hindi,Mathematics,"संख्या पद्धति, अभाज्य संख्याएं, विभाज्यता एवं भिन्न",Hard,कौन-सी संख्या 100 की व्यापक गुणनखंड 2×2×5×5 है?,20,25,50,100,D,100,100 का व्यापक गुणनखंड 2×2×5×5 है जिससे यह संख्या बनाई जा सकती है।,100 को गुणनखंडित करने पर अगर हम 2×2×5×5 लिखते हैं तो यह व्यापक गुणनखंड है।,2026-09-14 17:33:12
MATH_HI_0662,Hindi,Mathematics,"संख्या पद्धति, अभाज्य संख्याएं, विभाज्यता एवं भिन्न",Hard,123456789 को दो भिन्न संख्याओं 33333 और 36816 में किस प्रकार विभाजित किया जा सकता है?,2×36816 - 33333,33333 + 36816,33333 - 36816,33333 × 36816,A,2×36816 - 33333,यह विभाजन का संबंध संख्याओं के बीच के गुणनफलों को दिखाता है।,123456789 = 2×36816 - 33333 इस प्रकार दी संख्या दो भिन्न संख्याओं के गुणनफल से विभाजित होती है।,2026-09-14 17:33:12
MATH_HI_0663,Hindi,Mathematics,"संख्या पद्धति, अभाज्य संख्याएं, विभाज्यता एवं भिन्न",Hard,2^20 की घात को किस प्रकार व्यक्त किया जा सकता है?,2^10 + 2^10,2^10 × 2^10,2^20 + 2^0,2^5 + 2^15,B,2^10 × 2^10,यह घात का गुणन के नियम का उपयोग करके व्यक्त करता है।,2^20 = 2^10 × 2^10 यह घात का गुणन के नियम का उपयोग करके व्यक्त किया जा सकता है।,2026-09-14 17:33:12
MATH_HI_0664,Hindi,Mathematics,"संख्या पद्धति, अभाज्य संख्याएं, विभाज्यता एवं भिन्न",Hard,56789 को 10000 से विभाजित करने पर शेषफल कितना होगा?,789,6789,89,9,A,789,शेषफल होता है जो विभाजित किए गए भाजक से कम होता है।,56789 - 56000 = 789 इस प्रकार शेषफल 789 होगा।,2026-09-14 17:33:12
MATH_HI_0665,Hindi,Mathematics,"संख्या पद्धति, अभाज्य संख्याएं, विभाज्यता एवं भिन्न",Hard,12345 को जो प्रकार विभाजित किया जा सकता है ताकि इसका भागफल 1000 रूपयों में रूपांतरित हो जाए?,12345 ÷ 12.345,12345 ÷ 123.45,12345 ÷ 1234.5,12345 ÷ 12345,D,12345 ÷ 12345,12345 जितने बड़ी संख्या से विभाजित होगा वही दशमलव स्थान रूपांतरण करता है।,12345 ÷ 12345 = 1 इस प्रकार भागफल 1000 रूपयों में 1000 रूपयों के रूप में रूपांतरित होगा।,2026-09-14 17:33:12
MATH_HI_0666,Hindi,Mathematics,"संख्या पद्धति, अभाज्य संख्याएं, विभाज्यता एवं भिन्न",Hard,123456789 को जो भिन्न संख्या से विभाजित किया जा सकता है ताकि इसका भागफल 123456789 रूपांतरित रूप में हो जाए?,123456789 ÷ 123456788,123456789 ÷ 123456789,123456789 ÷ 123456787,123456789 ÷ 123456790,B,123456789 ÷ 123456789,123456789 जितने बड़ी संख्या से विभाजित होगा वही दशमलव स्थान रूपांतरण करता है।,123456789 ÷ 123456789 = 1 इस प्रकार भागफल 123456789 रूपांतरित रूप में 123456789 के रूप में रूपांतरित होगा।,2026-09-14 17:33:12
MATH_HI_0667,Hindi,Mathematics,"संख्या पद्धति, अभाज्य संख्याएं, विभाज्यता एवं भिन्न",Hard,2^3 × 3^2 × 5^1 को किस प्रकार व्यक्त किया जा सकता है?,360,600,1200,1800,B,600,यह घात का गुणन के नियम का उपयोग करके व्यक्त करता है।,2^3 × 3^2 × 5^1 = 8 × 9 × 5 = 360 × 5 = 600 इस प्रकार घात का गुणन के नियम का उपयोग करके व्यक्त किया जा सकता है।,2026-09-14 17:33:12
MATH_HI_0668,Hindi,Mathematics,"संख्या पद्धति, अभाज्य संख्याएं, विभाज्यता एवं भिन्न",Hard,10000 को जो प्रकार विभाजित किया जा सकता है ताकि इसका भागफल 100 रूपयों में रूपांतरित हो जाए?,10000 ÷ 100,10000 ÷ 1000,10000 ÷ 10000,10000 ÷ 100000,A,10000 ÷ 100,10000 को जितने छोटे संख्या से विभाजित किया जाए वही दशमलव स्थान रूपांतरित होता है।,10000 ÷ 100 = 100 इस प्रकार भागफल 100 रूपयों में 100 रूपयों के रूप में रूपांतरित होगा।,2026-09-14 17:33:12
MATH_HI_0669,Hindi,Mathematics,महत्तम समापवर्तक (HCF) एवं लघुत्तम समापवर्त्य (LCM),Easy,"यदि 12 और 18 का लघुत्तम समापवर्त्य (LCM) ज्ञात करना है, तो यह कितना होगा?",36,54,72,108,A,36,लघुत्तम समापवर्त्य दो संख्याओं का न्यूनतम संख्या है जिसका दोनों संख्याओं से पूरा-पूरा विभाजित होता है।,12 और 18 का लघुत्तम समापवर्त्य 36 है क्योंकि यह दोनों संख्याओं से पूरा-पूरा विभाजित होता है।,2026-09-14 17:33:54
MATH_HI_0670,Hindi,Mathematics,महत्तम समापवर्तक (HCF) एवं लघुत्तम समापवर्त्य (LCM),Easy,"यदि 15 और 20 का महत्तम समापवर्तक (HCF) ज्ञात करना है, तो यह कितना होगा?",5,10,15,20,A,5,महत्तम समापवर्तक दो संख्याओं का बड़ा से बड़ा संख्यात्मक गुणनखंड है जो दोनों संख्याओं का भाजक होता है।,15 और 20 का महत्तम समापवर्तक 5 है क्योंकि 5 दोनों संख्याओं का सर्वाधिक भाजक है।,2026-09-14 17:33:54
MATH_HI_0671,Hindi,Mathematics,महत्तम समापवर्तक (HCF) एवं लघुत्तम समापवर्त्य (LCM),Easy,"यदि 16 और 24 का लघुत्तम समापवर्त्य (LCM) ज्ञात करना है, तो यह कितना होगा?",32,48,64,96,D,96,लघुत्तम समापवर्त्य दो संख्याओं का न्यूनतम संख्या है जिसका दोनों संख्याओं से पूरा-पूरा विभाजित होता है।,16 और 24 का लघुत्तम समापवर्त्य 96 है क्योंकि यह दोनों संख्याओं से पूरा-पूरा विभाजित होता है।,2026-09-14 17:33:54
MATH_HI_0672,Hindi,Mathematics,महत्तम समापवर्तक (HCF) एवं लघुत्तम समापवर्त्य (LCM),Easy,"यदि 21 और 28 का महत्तम समापवर्तक (HCF) ज्ञात करना है, तो यह कितना होगा?",3,4,7,14,C,7,महत्तम समापवर्तक दो संख्याओं का बड़ा से बड़ा संख्यात्मक गुणनखंड है जो दोनों संख्याओं का भाजक होता है।,21 और 28 का महत्तम समापवर्तक 7 है क्योंकि 7 दोनों संख्याओं का सर्वाधिक भाजक है।,2026-09-14 17:33:54
MATH_HI_0673,Hindi,Mathematics,महत्तम समापवर्तक (HCF) एवं लघुत्तम समापवर्त्य (LCM),Easy,"यदि 30 और 45 का लघुत्तम समापवर्त्य (LCM) ज्ञात करना है, तो यह कितना होगा?",60,75,90,120,C,90,लघुत्तम समापवर्त्य दो संख्याओं का न्यूनतम संख्या है जिसका दोनों संख्याओं से पूरा-पूरा विभाजित होता है।,30 और 45 का लघुत्तम समापवर्त्य 90 है क्योंकि यह दोनों संख्याओं से पूरा-पूरा विभाजित होता है।,2026-09-14 17:33:54
MATH_HI_0674,Hindi,Mathematics,महत्तम समापवर्तक (HCF) एवं लघुत्तम समापवर्त्य (LCM),Easy,"यदि 24 और 36 का महत्तम समापवर्तक (HCF) ज्ञात करना है, तो यह कितना होगा?",6,8,12,24,C,12,महत्तम समापवर्तक दो संख्याओं का बड़ा से बड़ा संख्यात्मक गुणनखंड है जो दोनों संख्याओं का भाजक होता है।,24 और 36 का महत्तम समापवर्तक 12 है क्योंकि 12 दोनों संख्याओं का सर्वाधिक भाजक है।,2026-09-14 17:33:54
MATH_HI_0675,Hindi,Mathematics,महत्तम समापवर्तक (HCF) एवं लघुत्तम समापवर्त्य (LCM),Easy,"यदि 18 और 27 का लघुत्तम समापवर्त्य (LCM) ज्ञात करना है, तो यह कितना होगा?",54,72,90,108,A,54,लघुत्तम समापवर्त्य दो संख्याओं का न्यूनतम संख्या है जिसका दोनों संख्याओं से पूरा-पूरा विभाजित होता है।,18 और 27 का लघुत्तम समापवर्त्य 54 है क्योंकि यह दोनों संख्याओं से पूरा-पूरा विभाजित होता है।,2026-09-14 17:33:54
MATH_HI_0676,Hindi,Mathematics,महत्तम समापवर्तक (HCF) एवं लघुत्तम समापवर्त्य (LCM),Easy,"यदि 25 और 35 का महत्तम समापवर्तक (HCF) ज्ञात करना है, तो यह कितना होगा?",5,10,15,25,A,5,महत्तम समापवर्तक दो संख्याओं का बड़ा से बड़ा संख्यात्मक गुणनखंड है जो दोनों संख्याओं का भाजक होता है।,25 और 35 का महत्तम समापवर्तक 5 है क्योंकि 5 दोनों संख्याओं का सर्वाधिक भाजक है।,2026-09-14 17:33:54
MATH_HI_0677,Hindi,Mathematics,महत्तम समापवर्तक (HCF) एवं लघुत्तम समापवर्त्य (LCM),Easy,"यदि 14 और 21 का लघुत्तम समापवर्त्य (LCM) ज्ञात करना है, तो यह कितना होगा?",28,42,56,84,B,42,लघुत्तम समापवर्त्य दो संख्याओं का न्यूनतम संख्या है जिसका दोनों संख्याओं से पूरा-पूरा विभाजित होता है।,14 और 21 का लघुत्तम समापवर्त्य 42 है क्योंकि यह दोनों संख्याओं से पूरा-पूरा विभाजित होता है।,2026-09-14 17:33:54
MATH_HI_0678,Hindi,Mathematics,महत्तम समापवर्तक (HCF) एवं लघुत्तम समापवर्त्य (LCM),Easy,"यदि 10 और 20 का महत्तम समापवर्तक (HCF) ज्ञात करना है, तो यह कितना होगा?",2,5,10,20,C,10,महत्तम समापवर्तक दो संख्याओं का बड़ा से बड़ा संख्यात्मक गुणनखंड है जो दोनों संख्याओं का भाजक होता है।,10 और 20 का महत्तम समापवर्तक 10 है क्योंकि 10 दोनों संख्याओं का सर्वाधिक भाजक है।,2026-09-14 17:33:54
MATH_HI_0679,Hindi,Mathematics,"प्रतिशत, लाभ, हानि एवं बट्टा (Discount)",Medium,"यदि एक दुकानदार एक वस्तु को 40% खेता देता है और फिर उसे 10% लाभ मिलता है, तो वस्तु का अंकित मूल्य और वास्तविक मूल्य क्या हैं?","अंकित मूल्य 120 रु, वास्तविक मूल्य 108 रु","अंकित मूल्य 110 रु, वास्तविक मूल्य 99 रु","अंकित मूल्य 100 रु, वास्तविक मूल्य 90 रु","अंकित मूल्य 150 रु, वास्तविक मूल्य 135 रु",A,"अंकित मूल्य 120 रु, वास्तविक मूल्य 108 रु",यह उत्तर सही है क्योंकि लाभ की गणना वास्तविक मूल्य पर की जाती है।,"यदि अंकित मूल्य 120 रु है और खेता 40% है, तो वास्तविक मूल्य 108 रु है और लाभ 10% मिलता है।",2026-09-14 17:34:56
MATH_HI_0680,Hindi,Mathematics,"प्रतिशत, लाभ, हानि एवं बट्टा (Discount)",Medium,"यदि एक वस्तु का अंकित मूल्य 200 रु है और यह 25% खेता है, तो वस्तु का वास्तविक मूल्य कितना है?",150 रु,160 रु,170 रु,180 रु,A,150 रु,यह उत्तर सही है क्योंकि खेता की गणना अंकित मूल्य पर की जाती है।,"यदि अंकित मूल्य 200 रु है और खेता 25% है, तो वास्तविक मूल्य 150 रु है।",2026-09-14 17:34:56
MATH_HI_0681,Hindi,Mathematics,"प्रतिशत, लाभ, हानि एवं बट्टा (Discount)",Medium,"यदि एक वस्तु को 30% खेता देते हुए भी 20% लाभ मिलता है, तो वस्तु का अंकित मूल्य और वास्तविक मूल्य क्या हैं?","अंकित मूल्य 120 रु, वास्तविक मूल्य 100 रु","अंकित मूल्य 130 रु, वास्तविक मूल्य 100 रु","अंकित मूल्य 150 रु, वास्तविक मूल्य 120 रु","अंकित मूल्य 100 रु, वास्तविक मूल्य 80 रु",A,"अंकित मूल्य 120 रु, वास्तविक मूल्य 100 रु",यह उत्तर सही है क्योंकि लाभ की गणना वास्तविक मूल्य पर की जाती है।,"यदि अंकित मूल्य 120 रु है और खेता 30% है, तो वास्तविक मूल्य 100 रु है और लाभ 20% मिलता है।",2026-09-14 17:34:56
MATH_HI_0682,Hindi,Mathematics,"प्रतिशत, लाभ, हानि एवं बट्टा (Discount)",Medium,"यदि एक वस्तु का अंकित मूल्य 250 रु है और यह 15% खेता है, तो वस्तु का वास्तविक मूल्य कितना है?",212.5 रु,210 रु,200 रु,220 रु,A,212.5 रु,यह उत्तर सही है क्योंकि खेता की गणना अंकित मूल्य पर की जाती है।,"यदि अंकित मूल्य 250 रु है और खेता 15% है, तो वास्तविक मूल्य 212.5 रु है।",2026-09-14 17:34:56
MATH_HI_0683,Hindi,Mathematics,"प्रतिशत, लाभ, हानि एवं बट्टा (Discount)",Medium,"यदि एक वस्तु को 45% खेता देते हुए भी 25% लाभ मिलता है, तो वस्तु का अंकित मूल्य और वास्तविक मूल्य क्या हैं?","अंकित मूल्य 160 रु, वास्तविक मूल्य 120 रु","अंकित मूल्य 180 रु, वास्तविक मूल्य 135 रु","अंकित मूल्य 200 रु, वास्तविक मूल्य 150 रु","अंकित मूल्य 220 रु, वास्तविक मूल्य 165 रु",A,"अंकित मूल्य 160 रु, वास्तविक मूल्य 120 रु",यह उत्तर सही है क्योंकि लाभ की गणना वास्तविक मूल्य पर की जाती है।,"यदि अंकित मूल्य 160 रु है और खेता 45% है, तो वास्तविक मूल्य 120 रु है और लाभ 25% मिलता है।",2026-09-14 17:34:56
MATH_HI_0684,Hindi,Mathematics,"प्रतिशत, लाभ, हानि एवं बट्टा (Discount)",Medium,"यदि एक वस्तु का अंकित मूल्य 300 रु है और यह 20% खेता है, तो वस्तु का वास्तविक मूल्य कितना है?",240 रु,250 रु,260 रु,270 रु,A,240 रु,यह उत्तर सही है क्योंकि खेता की गणना अंकित मूल्य पर की जाती है।,"यदि अंकित मूल्य 300 रु है और खेता 20% है, तो वास्तविक मूल्य 240 रु है।",2026-09-14 17:34:56
MATH_HI_0685,Hindi,Mathematics,"प्रतिशत, लाभ, हानि एवं बट्टा (Discount)",Medium,"यदि एक वस्तु को 35% खेता देते हुए भी 15% लाभ मिलता है, तो वस्तु का अंकित मूल्य और वास्तविक मूल्य क्या हैं?","अंकित मूल्य 140 रु, वास्तविक मूल्य 120 रु","अंकित मूल्य 150 रु, वास्तविक मूल्य 130 रु","अंकित मूल्य 160 रु, वास्तविक मूल्य 140 रु","अंकित मूल्य 170 रु, वास्तविक मूल्य 153 रु",D,"अंकित मूल्य 170 रु, वास्तविक मूल्य 153 रु",यह उत्तर सही है क्योंकि लाभ की गणना वास्तविक मूल्य पर की जाती है।,"यदि अंकित मूल्य 170 रु है और खेता 35% है, तो वास्तविक मूल्य 153 रु है और लाभ 15% मिलता है।",2026-09-14 17:34:56
MATH_HI_0686,Hindi,Mathematics,"प्रतिशत, लाभ, हानि एवं बट्टा (Discount)",Medium,"यदि एक वस्तु का अंकित मूल्य 400 रु है और यह 10% खेता है, तो वस्तु का वास्तविक मूल्य कितना है?",360 रु,365 रु,370 रु,375 रु,A,360 रु,यह उत्तर सही है क्योंकि खेता की गणना अंकित मूल्य पर की जाती है।,"यदि अंकित मूल्य 400 रु है और खेता 10% है, तो वास्तविक मूल्य 360 रु है।",2026-09-14 17:34:56
MATH_HI_0687,Hindi,Mathematics,"प्रतिशत, लाभ, हानि एवं बट्टा (Discount)",Medium,"यदि एक वस्तु को 25% खेता देते हुए भी 20% लाभ मिलता है, तो वस्तु का अंकित मूल्य और वास्तविक मूल्य क्या हैं?","अंकित मूल्य 120 रु, वास्तविक मूल्य 100 रु","अंकित मूल्य 130 रु, वास्तविक मूल्य 110 रु","अंकित मूल्य 140 रु, वास्तविक मूल्य 120 रु","अंकित मूल्य 150 रु, वास्तविक मूल्य 130 रु",A,"अंकित मूल्य 120 रु, वास्तविक मूल्य 100 रु",यह उत्तर सही है क्योंकि लाभ की गणना वास्तविक मूल्य पर की जाती है।,"यदि अंकित मूल्य 120 रु है और खेता 25% है, तो वास्तविक मूल्य 100 रु है और लाभ 20% मिलता है।",2026-09-14 17:34:56
MATH_HI_0688,Hindi,Mathematics,"प्रतिशत, लाभ, हानि एवं बट्टा (Discount)",Medium,"यदि एक वस्तु का अंकित मूल्य 500 रु है और यह 15% खेता है, तो वस्तु का वास्तविक मूल्य कितना है?",425 रु,430 रु,435 रु,440 रु,C,435 रु,यह उत्तर सही है क्योंकि खेता की गणना अंकित मूल्य पर की जाती है।,"यदि अंकित मूल्य 500 रु है और खेता 15% है, तो वास्तविक मूल्य 435 रु है।",2026-09-14 17:34:56
MATH_HI_0689,Hindi,Mathematics,"प्रतिशत, लाभ, हानि एवं बट्टा (Discount)",Medium,"यदि एक वस्तु को 20% खेता देते हुए भी 25% लाभ मिलता है, तो वस्तु का अंकित मूल्य और वास्तविक मूल्य क्या हैं?","अंकित मूल्य 125 रु, वास्तविक मूल्य 100 रु","अंकित मूल्य 130 रु, वास्तविक मूल्य 105 रु","अंकित मूल्य 140 रु, वास्तविक मूल्य 112 रु","अंकित मूल्य 150 रु, वास्तविक मूल्य 120 रु",A,"अंकित मूल्य 125 रु, वास्तविक मूल्य 100 रु",यह उत्तर सही है क्योंकि लाभ की गणना वास्तविक मूल्य पर की जाती है।,"यदि अंकित मूल्य 125 रु है और खेता 20% है, तो वास्तविक मूल्य 100 रु है और लाभ 25% मिलता है।",2026-09-14 17:34:56
MATH_HI_0690,Hindi,Mathematics,साधारण ब्याज एवं चक्रवृद्धि ब्याज,Hard,"यदि किसी धन को 12% वार्षिक दर से 3 वर्ष तक चक्रवृद्धि ब्याज पर उधार दिया गया है और इसका चक्रवृद्धि ब्याज 1,080 रु है, तो मूलधन क्या है?","8,000 रु","9,000 रु","10,000 रु","11,000 रु",C,"10,000 रु",चक्रवृद्धि ब्याज की गणना करने के लिए मूलधन का प्रयोग किया गया।,"चक्रवृद्धि ब्याज = मूलधन × (1 + दर/100)^(समय) - मूलधन। यहाँ समय = 3 वर्ष और दर = 12%, इसलिए 10,000 रु का धन दिया जाएगा।",2026-09-14 17:36:08
MATH_HI_0691,Hindi,Mathematics,साधारण ब्याज एवं चक्रवृद्धि ब्याज,Hard,"यदि किसी कैश इवन्वर्स खाते पर चक्रवृद्धि ब्याज की दर 10% वार्षिक है और आरक्षण दर 5% वार्षिक है, तो एक व्यक्ति ने 1 लाख रुपये जमा किए और 2 वर्ष बाद उधार लिए, तो उसे कितना ब्याज दिया जाएगा?","21,000 रु","22,000 रु","23,000 रु","24,000 रु",B,"22,000 रु",चक्रवृद्धि ब्याज और आरक्षण दर को लेकर गणना की गई है।,"चक्रवृद्धि ब्याज = मूलधन × (1 + दर/100)^(समय) - मूलधन - (मूलधन × आरक्षण दर/100 × समय)। यहाँ समय = 2 वर्ष और दर = 10%, आरक्षण दर = 5%।",2026-09-14 17:36:08
MATH_HI_0692,Hindi,Mathematics,साधारण ब्याज एवं चक्रवृद्धि ब्याज,Hard,"यदि किसी कैश इवन्वर्स खाते पर चक्रवृद्धि ब्याज की दर 8% वार्षिक है और आरक्षण दर 3% वार्षिक है, तो एक व्यक्ति ने 2 लाख रुपये जमा किए और 3 वर्ष बाद उधार लिए, तो उसे कितना ब्याज दिया जाएगा?","52,000 रु","54,000 रु","56,000 रु","58,000 रु",B,"54,000 रु",चक्रवृद्धि ब्याज और आरक्षण दर को लेकर गणना की गई है।,"चक्रवृद्धि ब्याज = मूलधन × (1 + दर/100)^(समय) - मूलधन - (मूलधन × आरक्षण दर/100 × समय)। यहाँ समय = 3 वर्ष और दर = 8%, आरक्षण दर = 3%।",2026-09-14 17:36:08
MATH_HI_0693,Hindi,Mathematics,साधारण ब्याज एवं चक्रवृद्धि ब्याज,Hard,"यदि किसी कैश इवन्वर्स खाते पर चक्रवृद्धि ब्याज की दर 15% वार्षिक है और आरक्षण दर 2% वार्षिक है, तो एक व्यक्ति ने 5 लाख रुपये जमा किए और 4 वर्ष बाद उधार लिए, तो उसे कितना ब्याज दिया जाएगा?","80,000 रु","81,000 रु","82,000 रु","83,000 रु",B,"81,000 रु",चक्रवृद्धि ब्याज और आरक्षण दर को लेकर गणना की गई है।,"चक्रवृद्धि ब्याज = मूलधन × (1 + दर/100)^(समय) - मूलधन - (मूलधन × आरक्षण दर/100 × समय)। यहाँ समय = 4 वर्ष और दर = 15%, आरक्षण दर = 2%।",2026-09-14 17:36:08
MATH_HI_0694,Hindi,Mathematics,साधारण ब्याज एवं चक्रवृद्धि ब्याज,Hard,"यदि किसी कैश इवन्वर्स खाते पर चक्रवृद्धि ब्याज की दर 10% वार्षिक है और आरक्षण दर 4% वार्षिक है, तो एक व्यक्ति ने 3 लाख रुपये जमा किए और 5 वर्ष बाद उधार लिए, तो उसे कितना ब्याज दिया जाएगा?","150,000 रु","151,000 रु","152,000 रु","153,000 रु",B,"151,000 रु",चक्रवृद्धि ब्याज और आरक्षण दर को लेकर गणना की गई है।,"चक्रवृद्धि ब्याज = मूलधन × (1 + दर/100)^(समय) - मूलधन - (मूलधन × आरक्षण दर/100 × समय)। यहाँ समय = 5 वर्ष और दर = 10%, आरक्षण दर = 4%।",2026-09-14 17:36:08
MATH_HI_0695,Hindi,Mathematics,साधारण ब्याज एवं चक्रवृद्धि ब्याज,Hard,"यदि किसी कैश इवन्वर्स खाते पर चक्रवृद्धि ब्याज की दर 12% वार्षिक है और आरक्षण दर 5% वार्षिक है, तो एक व्यक्ति ने 4 लाख रुपये जमा किए और 3 वर्ष बाद उधार लिए, तो उसे कितना ब्याज दिया जाएगा?","132,000 रु","133,000 रु","134,000 रु","135,000 रु",B,"133,000 रु",चक्रवृद्धि ब्याज और आरक्षण दर को लेकर गणना की गई है।,"चक्रवृद्धि ब्याज = मूलधन × (1 + दर/100)^(समय) - मूलधन - (मूलधन × आरक्षण दर/100 × समय)। यहाँ समय = 3 वर्ष और दर = 12%, आरक्षण दर = 5%।",2026-09-14 17:36:08
MATH_HI_0696,Hindi,Mathematics,साधारण ब्याज एवं चक्रवृद्धि ब्याज,Hard,"यदि किसी कैश इवन्वर्स खाते पर चक्रवृद्धि ब्याज की दर 15% वार्षिक है और आरक्षण दर 3% वार्षिक है, तो एक व्यक्ति ने 6 लाख रुपये जमा किए और 2 वर्ष बाद उधार लिए, तो उसे कितना ब्याज दिया जाएगा?","205,000 रु","206,000 रु","207,000 रु","208,000 रु",B,"206,000 रु",चक्रवृद्धि ब्याज और आरक्षण दर को लेकर गणना की गई है।,"चक्रवृद्धि ब्याज = मूलधन × (1 + दर/100)^(समय) - मूलधन - (मूलधन × आरक्षण दर/100 × समय)। यहाँ समय = 2 वर्ष और दर = 15%, आरक्षण दर = 3%।",2026-09-14 17:36:08
MATH_HI_0697,Hindi,Mathematics,साधारण ब्याज एवं चक्रवृद्धि ब्याज,Hard,"यदि किसी कैश इवन्वर्स खाते पर चक्रवृद्धि ब्याज की दर 10% वार्षिक है और आरक्षण दर 2% वार्षिक है, तो एक व्यक्ति ने 8 लाख रुपये जमा किए और 5 वर्ष बाद उधार लिए, तो उसे कितना ब्याज दिया जाएगा?","400,000 रु","401,000 रु","402,000 रु","403,000 रु",B,"401,000 रु",चक्रवृद्धि ब्याज और आरक्षण दर को लेकर गणना की गई है।,"चक्रवृद्धि ब्याज = मूलधन × (1 + दर/100)^(समय) - मूलधन - (मूलधन × आरक्षण दर/100 × समय)। यहाँ समय = 5 वर्ष और दर = 10%, आरक्षण दर = 2%।",2026-09-14 17:36:08
MATH_HI_0698,Hindi,Mathematics,साधारण ब्याज एवं चक्रवृद्धि ब्याज,Hard,"यदि किसी कैश इवन्वर्स खाते पर चक्रवृद्धि ब्याज की दर 12% वार्षिक है और आरक्षण दर 4% वार्षिक है, तो एक व्यक्ति ने 7 लाख रुपये जमा किए और 3 वर्ष बाद उधार लिए, तो उसे कितना ब्याज दिया जाएगा?","252,000 रु","253,000 रु","254,000 रु","255,000 रु",B,"253,000 रु",चक्रवृद्धि ब्याज और आरक्षण दर को लेकर गणना की गई है।,"चक्रवृद्धि ब्याज = मूलधन × (1 + दर/100)^(समय) - मूलधन - (मूलधन × आरक्षण दर/100 × समय)। यहाँ समय = 3 वर्ष और दर = 12%, आरक्षण दर = 4%।",2026-09-14 17:36:08
MATH_HI_0699,Hindi,Mathematics,साधारण ब्याज एवं चक्रवृद्धि ब्याज,Hard,"यदि किसी कैश इवन्वर्स खाते पर चक्रवृद्धि ब्याज की दर 14% वार्षिक है और आरक्षण दर 3% वार्षिक है, तो एक व्यक्ति ने 9 लाख रुपये जमा किए और 4 वर्ष बाद उधार लिए, तो उसे कितना ब्याज दिया जाएगा?","412,000 रु","413,000 रु","414,000 रु","415,000 रु",B,"413,000 रु",चक्रवृद्धि ब्याज और आरक्षण दर को लेकर गणना की गई है।,"चक्रवृद्धि ब्याज = मूलधन × (1 + दर/100)^(समय) - मूलधन - (मूलधन × आरक्षण दर/100 × समय)। यहाँ समय = 4 वर्ष और दर = 14%, आरक्षण दर = 3%।",2026-09-14 17:36:08
MATH_HI_0700,Hindi,Mathematics,साधारण ब्याज एवं चक्रवृद्धि ब्याज,Hard,"यदि किसी कैश इवन्वर्स खाते पर चक्रवृद्धि ब्याज की दर 16% वार्षिक है और आरक्षण दर 2% वार्षिक है, तो एक व्यक्ति ने 5 लाख रुपये जमा किए और 2 वर्ष बाद उधार लिए, तो उसे कितना ब्याज दिया जाएगा?","180,000 रु","181,000 रु","182,000 रु","183,000 रु",B,"181,000 रु",चक्रवृद्धि ब्याज और आरक्षण दर को लेकर गणना की गई है।,"चक्रवृद्धि ब्याज = मूलधन × (1 + दर/100)^(समय) - मूलधन - (मूलधन × आरक्षण दर/100 × समय)। यहाँ समय = 2 वर्ष और दर = 16%, आरक्षण दर = 2%।",2026-09-14 17:36:08
MATH_HI_0701,Hindi,Mathematics,साधारण ब्याज एवं चक्रवृद्धि ब्याज,Hard,"यदि किसी कैश इवन्वर्स खाते पर चक्रवृद्धि ब्याज की दर 8% वार्षिक है और आरक्षण दर 1% वार्षिक है, तो एक व्यक्ति ने 3 लाख रुपये जमा किए और 6 वर्ष बाद उधार लिए, तो उसे कितना ब्याज दिया जाएगा?","108,000 रु","109,000 रु","110,000 रु","111,000 रु",B,"109,000 रु",चक्रवृद्धि ब्याज और आरक्षण दर को लेकर गणना की गई है।,"चक्रवृद्धि ब्याज = मूलधन × (1 + दर/100)^(समय) - मूलधन - (मूलधन × आरक्षण दर/100 × समय)। यहाँ समय = 6 वर्ष और दर = 8%, आरक्षण दर = 1%।",2026-09-14 17:36:08
MATH_HI_0702,Hindi,Mathematics,"अनुपात, समानुपात एवं मिश्रण (Alligation)",Easy,"यदि दो सामान्य लाइनों का अनुपात 2:3 और 3:4 है, तो इनका अंकुश अनुपात क्या है?",6:7,7:8,8:9,9:10,B,विकल्प B,7:8 अंकुश अनुपात अर्थात् दो सामान्य लाइनों की तुलना करने का अनुपात है।,दोनों अनुपातों को विश्लेषित करके यह पाया जाता है कि अंकुश अनुपात 7:8 है।,2026-09-14 17:36:47
MATH_HI_0703,Hindi,Mathematics,"अनुपात, समानुपात एवं मिश्रण (Alligation)",Easy,"यदि दो युक्त समानुपात 2:3 और 3:4 है, तो युक्त समानुपात क्या होगा?",2:5,5:7,7:10,10:14,C,विकल्प C,युक्त समानुपात दो समानुपातों का योग है जिनके अनुपात 2:3 और 3:4 हैं।,युक्त समानुपात को ज्ञात करने के लिए अनुपातों को जोड़ा जाता है।,2026-09-14 17:36:47
MATH_HI_0704,Hindi,Mathematics,"अनुपात, समानुपात एवं मिश्रण (Alligation)",Easy,"यदि दो समानुपात 3:4 और 5:6 हैं, तो दोनों समानुपातों का अंकुश अनुपात क्या है?",12:20,15:24,20:30,24:36,B,विकल्प B,15:24 अंकुश अनुपात अर्थात् दो समानुपातों की तुलना करने का अनुपात है।,दोनों अनुपातों को विश्लेषित करके यह पाया जाता है कि अंकुश अनुपात 15:24 है।,2026-09-14 17:36:47
MATH_HI_0705,Hindi,Mathematics,"अनुपात, समानुपात एवं मिश्रण (Alligation)",Easy,"यदि दो अंकुश अनुपात 2:3 और 3:4 हैं, तो युक्त अंकुश अनुपात क्या होगा?",2:5,5:7,7:10,10:14,C,विकल्प C,युक्त अंकुश अनुपात दो अंकुश अनुपातों का योग है जिनके अनुपात 2:3 और 3:4 हैं।,युक्त अंकुश अनुपात को ज्ञात करने के लिए अनुपातों को जोड़ा जाता है।,2026-09-14 17:36:47
MATH_HI_0706,Hindi,Mathematics,"अनुपात, समानुपात एवं मिश्रण (Alligation)",Easy,"यदि एक मिश्रण में 3 लाख रुपये का उपयोगी भार 50 ग्राम है और 2 लाख रुपये का उपयोगी भार 60 ग्राम है, तो उनका अनुपात क्या है?",1:2,2:3,3:4,4:5,B,विकल्प B,यह अनुपात 2:3 अर्थात् दो भागों का अनुपात है।,उपयोगी भारों को अनुपात में देखने पर 2:3 अनुपात पाया जाता है।,2026-09-14 17:36:47
MATH_HI_0707,Hindi,Mathematics,"अनुपात, समानुपात एवं मिश्रण (Alligation)",Easy,"यदि एक मिश्रण में 1 लाख रुपये का उपयोगी भार 40 ग्राम है और 3 लाख रुपये का उपयोगी भार 80 ग्राम है, तो उनका अनुपात क्या है?",1:2,2:3,3:4,4:5,C,विकल्प C,यह अनुपात 3:4 अर्थात् दो भागों का अनुपात है।,उपयोगी भारों को अनुपात में देखने पर 3:4 अनुपात पाया जाता है।,2026-09-14 17:36:47
MATH_HI_0708,Hindi,Mathematics,"अनुपात, समानुपात एवं मिश्रण (Alligation)",Easy,"यदि एक मिश्रण में 500 रुपये का उपयोगी भार 100 ग्राम है और 750 रुपये का उपयोगी भार 150 ग्राम है, तो उनका अनुपात क्या है?",1:2,2:3,3:4,4:5,B,विकल्प B,यह अनुपात 2:3 अर्थात् दो भागों का अनुपात है।,उपयोगी भारों को अनुपात में देखने पर 2:3 अनुपात पाया जाता है।,2026-09-14 17:36:47
MATH_HI_0709,Hindi,Mathematics,"अनुपात, समानुपात एवं मिश्रण (Alligation)",Easy,"यदि एक मिश्रण में 1.5 लाख रुपये का उपयोगी भार 200 ग्राम है और 2.5 लाख रुपये का उपयोगी भार 300 ग्राम है, तो उनका अनुपात क्या है?",1:2,2:3,3:4,4:5,B,विकल्प B,यह अनुपात 2:3 अर्थात् दो भागों का अनुपात है।,उपयोगी भारों को अनुपात में देखने पर 2:3 अनुपात पाया जाता है।,2026-09-14 17:36:47
MATH_HI_0710,Hindi,Mathematics,"अनुपात, समानुपात एवं मिश्रण (Alligation)",Easy,"यदि दो समानुपात 4:5 और 5:6 हैं, तो युक्त समानुपात क्या होगा?",4:6,5:7,6:8,7:9,D,विकल्प D,युक्त समानुपात दो समानुपातों का योग है जिनके अनुपात 4:5 और 5:6 हैं।,युक्त समानुपात को ज्ञात करने के लिए अनुपातों को जोड़ा जाता है।,2026-09-14 17:36:47
MATH_HI_0711,Hindi,Mathematics,"औसत, आयु संबंधी समस्याएं एवं साझेदारी",Medium,"यदि तीन व्यक्ति की आयु का औसत 25 वर्ष है और उनकी आयु का गुणोत्तर 2:3:4 है, तो तीसरे व्यक्ति की आयु क्या है?",20 वर्ष,30 वर्ष,40 वर्ष,50 वर्ष,C,40 वर्ष,गुणोत्तर की गणना करने से तीसरे व्यक्ति की आयु पाया जा सकता है।,"व्यक्ति की आयु का औसत 25 वर्ष है और गुणोत्तर 2:3:4 है, इसलिए तीसरे व्यक्ति की आयु 40 वर्ष होगी।",2026-09-14 17:37:45
MATH_HI_0712,Hindi,Mathematics,"औसत, आयु संबंधी समस्याएं एवं साझेदारी",Medium,"यदि चार व्यक्ति की आयु का औसत 30 वर्ष है और उनमें दो व्यक्ति की आयु 28 और 32 वर्ष है, तो शेष दो व्यक्ति की आयु का औसत क्या है?",29 वर्ष,30 वर्ष,31 वर्ष,32 वर्ष,A,29 वर्ष,तीन व्यक्ति की आयु का औसत औसत आयु से निकाला जा सकता है।,"चार व्यक्ति की आयु का औसत 30 वर्ष है, इसलिए सात वर्षों का योग होना चाहिए, जिसमें दो व्यक्ति की आयु 60 वर्ष का योग है, अतः शेष दो व्यक्ति की आयु का औसत 29 वर्ष होगा।",2026-09-14 17:37:45
MATH_HI_0713,Hindi,Mathematics,"औसत, आयु संबंधी समस्याएं एवं साझेदारी",Medium,"यदि छह व्यक्ति की आयु का औसत 22 वर्ष है और उनमें दो व्यक्ति की आयु 18 और 24 वर्ष है, तो शेष चार व्यक्ति की आयु का औसत क्या है?",20 वर्ष,21 वर्ष,22 वर्ष,23 वर्ष,B,21 वर्ष,तीन व्यक्ति की आयु का औसत औसत आयु से निकाला जा सकता है।,"छह व्यक्ति की आयु का औसत 22 वर्ष है, इसलिए संबंधित आयु का योग 132 वर्ष है, जिसमें दो व्यक्ति की आयु 42 वर्ष का योग है, अतः शेष चार व्यक्ति की आयु का औसत 21 वर्ष होगा।",2026-09-14 17:37:45
MATH_HI_0714,Hindi,Mathematics,"औसत, आयु संबंधी समस्याएं एवं साझेदारी",Medium,"यदि तीन व्यक्ति की आयु का औसत 30 वर्ष है और तीसरे व्यक्ति की आयु 40 वर्ष है, तो शेष दो व्यक्ति की आयु का औसत क्या है?",25 वर्ष,28 वर्ष,30 वर्ष,32 वर्ष,B,28 वर्ष,तीन व्यक्ति की आयु का औसत औसत आयु से निकाला जा सकता है।,"तीन व्यक्ति की आयु का औसत 30 वर्ष है और तीसरे व्यक्ति की आयु 40 वर्ष है, इसलिए शेष दो व्यक्ति की आयु का योग 20 वर्ष है, अतः उनका औसत 28 वर्ष होगा।",2026-09-14 17:37:45
MATH_HI_0715,Hindi,Mathematics,"औसत, आयु संबंधी समस्याएं एवं साझेदारी",Medium,"यदि चार व्यक्ति की आयु का औसत 25 वर्ष है और उनमें दो व्यक्ति की आयु 22 और 28 वर्ष है, तो शेष दो व्यक्ति की आयु का औसत क्या है?",24 वर्ष,25 वर्ष,26 वर्ष,27 वर्ष,A,24 वर्ष,तीन व्यक्ति की आयु का औसत औसत आयु से निकाला जा सकता है।,"चार व्यक्ति की आयु का औसत 25 वर्ष है, इसलिए संबंधित आयु का योग 100 वर्ष है, जिसमें दो व्यक्ति की आयु 50 वर्ष का योग है, अतः शेष दो व्यक्ति की आयु का औसत 24 वर्ष होगा।",2026-09-14 17:37:45
MATH_HI_0716,Hindi,Mathematics,"औसत, आयु संबंधी समस्याएं एवं साझेदारी",Medium,"यदि एक साझेदारी में दो व्यक्ति 3:5 के अनुपात में राशियाँ निवेशित करते हैं, तो वे लाभ को किस अनुपात में विभाजित करेंगे?",3:5,5:3,2:3,3:2,A,3:5,साझेदारी में निवेशित राशियों का अनुपात लाभ का विभाजन निर्धारित करता है।,"साझेदारी में निवेशित राशियों का अनुपात 3:5 है, इसलिए लाभ को भी 3:5 के अनुपात में विभाजित करेंगे।",2026-09-14 17:37:45
MATH_HI_0717,Hindi,Mathematics,"औसत, आयु संबंधी समस्याएं एवं साझेदारी",Medium,"यदि तीन व्यक्ति की आयु का औसत 28 वर्ष है और उनमें दो व्यक्ति की आयु 30 और 26 वर्ष है, तो तीसरे व्यक्ति की आयु क्या है?",24 वर्ष,25 वर्ष,26 वर्ष,27 वर्ष,A,24 वर्ष,तीन व्यक्ति की आयु का औसत औसत आयु से निकाला जा सकता है।,"तीन व्यक्ति की आयु का औसत 28 वर्ष है और दो व्यक्ति की आयु 56 वर्ष का योग है, अतः तीसरे व्यक्ति की आयु 24 वर्ष होगी।",2026-09-14 17:37:45
MATH_HI_0718,Hindi,Mathematics,"औसत, आयु संबंधी समस्याएं एवं साझेदारी",Medium,"यदि चार व्यक्ति की आयु का औसत 27 वर्ष है और उनमें दो व्यक्ति की आयु 24 और 30 वर्ष है, तो शेष दो व्यक्ति की आयु का औसत क्या है?",26 वर्ष,25 वर्ष,24 वर्ष,23 वर्ष,A,26 वर्ष,तीन व्यक्ति की आयु का औसत औसत आयु से निकाला जा सकता है।,"चार व्यक्ति की आयु का औसत 27 वर्ष है, इसलिए संबंधित आयु का योग 108 वर्ष है, जिसमें दो व्यक्ति की आयु 54 वर्ष का योग है, अतः शेष दो व्यक्ति की आयु का औसत 26 वर्ष होगा।",2026-09-14 17:37:45
MATH_HI_0719,Hindi,Mathematics,"औसत, आयु संबंधी समस्याएं एवं साझेदारी",Medium,"यदि तीन व्यक्ति की आयु का औसत 24 वर्ष है और उनमें दो व्यक्ति की आयु 20 और 28 वर्ष है, तो तीसरे व्यक्ति की आयु क्या है?",22 वर्ष,23 वर्ष,24 वर्ष,25 वर्ष,A,22 वर्ष,तीन व्यक्ति की आयु का औसत औसत आयु से निकाला जा सकता है।,"तीन व्यक्ति की आयु का औसत 24 वर्ष है और दो व्यक्ति की आयु 48 वर्ष का योग है, अतः तीसरे व्यक्ति की आयु 22 वर्ष होगी।",2026-09-14 17:37:45
MATH_HI_0720,Hindi,Mathematics,"औसत, आयु संबंधी समस्याएं एवं साझेदारी",Medium,"यदि चार व्यक्ति की आयु का औसत 26 वर्ष है और उनमें दो व्यक्ति की आयु 25 और 27 वर्ष है, तो शेष दो व्यक्ति की आयु का औसत क्या है?",25 वर्ष,26 वर्ष,27 वर्ष,28 वर्ष,A,25 वर्ष,तीन व्यक्ति की आयु का औसत औसत आयु से निकाला जा सकता है।,"चार व्यक्ति की आयु का औसत 26 वर्ष है, इसलिए संबंधित आयु का योग 104 वर्ष है, जिसमें दो व्यक्ति की आयु 52 वर्ष का योग है, अतः शेष दो व्यक्ति की आयु का औसत 25 वर्ष होगा।",2026-09-14 17:37:45
MATH_HI_0721,Hindi,Mathematics,"औसत, आयु संबंधी समस्याएं एवं साझेदारी",Medium,"यदि चार व्यक्ति की आयु का औसत 28 वर्ष है और उनमें दो व्यक्ति की आयु 25 और 31 वर्ष है, तो शेष दो व्यक्ति की आयु का औसत क्या है?",27 वर्ष,26 वर्ष,25 वर्ष,24 वर्ष,A,27 वर्ष,तीन व्यक्ति की आयु का औसत औसत आयु से निकाला जा सकता है।,"चार व्यक्ति की आयु का औसत 28 वर्ष है, इसलिए संबंधित आयु का योग 112 वर्ष है, जिसमें दो व्यक्ति की आयु 56 वर्ष का योग है, अतः शेष दो व्यक्ति की आयु का औसत 27 वर्ष होगा।",2026-09-14 17:37:45
MATH_HI_0722,Hindi,Mathematics,"समय, कार्य, मजदूरी एवं नल-टंकी",Hard,"यदि एक नल 30 मिनट में टंकी को भर सकता है और दूसरा नल टंकी को 45 मिनट में भर सकता है, तो दोनों नलों के साथ टंकी को भरने में कितना समय लगेगा?",24 मिनट,20 मिनट,18 मिनट,15 मिनट,C,18 मिनट,यह उत्तर क्यों सही है क्योंकि दोनों नलों की कार्य क्षमताओं का योग नलों के एक साथ काम की कार्य क्षमता है।,"दोनों नलों की दरों को जोड़ने पर नलों की कार्य क्षमताओं का योग नलों के एक साथ काम की कार्य क्षमता होती है, जो 1/18 टंकी मिनट के रूप में है।",2026-09-14 17:38:58
MATH_HI_0723,Hindi,Mathematics,"समय, कार्य, मजदूरी एवं नल-टंकी",Hard,"यदि एक नल 10 मिनट में टंकी का 1/5 भाग भर सकता है और दूसरा नल टंकी का 1/4 भाग भर सकता है, तो दोनों नलों के साथ टंकी को भरने में कितना समय लगेगा?",20 मिनट,24 मिनट,28 मिनट,30 मिनट,B,24 मिनट,यह उत्तर क्यों सही है क्योंकि दोनों नलों की एक साथ कार्य क्षमताओं का योग नलों की कार्य क्षमताओं के योग का विपरीत है।,"दोनों नलों की दरों को जोड़ने पर नलों की कार्य क्षमताओं का योग नलों की एक साथ कार्य क्षमता होती है, जो 1/24 टंकी मिनट के रूप में है।",2026-09-14 17:38:58
MATH_HI_0724,Hindi,Mathematics,"समय, कार्य, मजदूरी एवं नल-टंकी",Hard,"यदि दो मजदूर एक काम को 12 दिन में पूरा कर सकते हैं और तीसरा मजदूर उसी काम को अकेले 30 दिन में पूरा कर सकता है, तो दो मजदूरों और तीसरे मजदूर के साथ उस काम को भी कितने दिन में पूरा किया जा सकता है?",10 दिन,12 दिन,15 दिन,20 दिन,C,15 दिन,यह उत्तर क्यों सही है क्योंकि दो मजदूरों और तीसरे मजदूर की एक साथ कार्य क्षमताओं का योग नलों के एक साथ काम की कार्य क्षमता है।,"दो मजदूरों और तीसरे मजदूर की दरों को जोड़ने पर नलों की कार्य क्षमताओं का योग नलों की एक साथ कार्य क्षमता होती है, जो 1/15 काम दिन के रूप में है।",2026-09-14 17:38:58
MATH_HI_0725,Hindi,Mathematics,"समय, कार्य, मजदूरी एवं नल-टंकी",Hard,"यदि दो मजदूर एक काम को 15 दिन में पूरा कर सकते हैं और तीसरा मजदूर उसी काम को अकेले 30 दिन में पूरा कर सकता है, तो दो मजदूरों और तीसरे मजदूर के साथ उस काम को भी कितने दिन में पूरा किया जा सकता है?",10 दिन,12 दिन,15 दिन,20 दिन,B,12 दिन,यह उत्तर क्यों सही है क्योंकि दो मजदूरों और तीसरे मजदूर की एक साथ कार्य क्षमताओं का योग नलों के एक साथ काम की कार्य क्षमता है।,"दो मजदूरों और तीसरे मजदूर की दरों को जोड़ने पर नलों की कार्य क्षमताओं का योग नलों की एक साथ कार्य क्षमता होती है, जो 1/12 काम दिन के रूप में है।",2026-09-14 17:38:58
MATH_HI_0726,Hindi,Mathematics,"समय, कार्य, मजदूरी एवं नल-टंकी",Hard,"यदि दो मजदूर एक काम को 18 दिन में पूरा कर सकते हैं और तीसरा मजदूर उसी काम को अकेले 36 दिन में पूरा कर सकता है, तो दो मजदूरों और तीसरे मजदूर के साथ उस काम को भी कितने दिन में पूरा किया जा सकता है?",12 दिन,14 दिन,16 दिन,18 दिन,A,12 दिन,यह उत्तर क्यों सही है क्योंकि दो मजदूरों और तीसरे मजदूर की एक साथ कार्य क्षमताओं का योग नलों के एक साथ काम की कार्य क्षमता है।,"दो मजदूरों और तीसरे मजदूर की दरों को जोड़ने पर नलों की कार्य क्षमताओं का योग नलों की एक साथ कार्य क्षमता होती है, जो 1/12 काम दिन के रूप में है।",2026-09-14 17:38:58
MATH_HI_0727,Hindi,Mathematics,"समय, कार्य, मजदूरी एवं नल-टंकी",Hard,"यदि दो मजदूर एक काम को 20 दिन में पूरा कर सकते हैं और तीसरा मजदूर उसी काम को अकेले 40 दिन में पूरा कर सकता है, तो दो मजदूरों और तीसरे मजदूर के साथ उस काम को भी कितने दिन में पूरा किया जा सकता है?",15 दिन,16 दिन,17 दिन,18 दिन,B,16 दिन,यह उत्तर क्यों सही है क्योंकि दो मजदूरों और तीसरे मजदूर की एक साथ कार्य क्षमताओं का योग नलों के एक साथ काम की कार्य क्षमता है।,"दो मजदूरों और तीसरे मजदूर की दरों को जोड़ने पर नलों की कार्य क्षमताओं का योग नलों की एक साथ कार्य क्षमता होती है, जो 1/16 काम दिन के रूप में है।",2026-09-14 17:38:58
MATH_HI_0728,Hindi,Mathematics,"समय, कार्य, मजदूरी एवं नल-टंकी",Hard,"यदि दो मजदूर एक काम को 24 दिन में पूरा कर सकते हैं और तीसरा मजदूर उसी काम को अकेले 48 दिन में पूरा कर सकता है, तो दो मजदूरों और तीसरे मजदूर के साथ उस काम को भी कितने दिन में पूरा किया जा सकता है?",18 दिन,20 दिन,22 दिन,24 दिन,B,20 दिन,यह उत्तर क्यों सही है क्योंकि दो मजदूरों और तीसरे मजदूर की एक साथ कार्य क्षमताओं का योग नलों के एक साथ काम की कार्य क्षमता है।,"दो मजदूरों और तीसरे मजदूर की दरों को जोड़ने पर नलों की कार्य क्षमताओं का योग नलों की एक साथ कार्य क्षमता होती है, जो 1/20 काम दिन के रूप में है।",2026-09-14 17:38:58
MATH_HI_0729,Hindi,Mathematics,"समय, कार्य, मजदूरी एवं नल-टंकी",Hard,"यदि दो मजदूर एक काम को 30 दिन में पूरा कर सकते हैं और तीसरा मजदूर उसी काम को अकेले 60 दिन में पूरा कर सकता है, तो दो मजदूरों और तीसरे मजदूर के साथ उस काम को भी कितने दिन में पूरा किया जा सकता है?",22 दिन,24 दिन,26 दिन,28 दिन,B,24 दिन,यह उत्तर क्यों सही है क्योंकि दो मजदूरों और तीसरे मजदूर की एक साथ कार्य क्षमताओं का योग नलों के एक साथ काम की कार्य क्षमता है।,"दो मजदूरों और तीसरे मजदूर की दरों को जोड़ने पर नलों की कार्य क्षमताओं का योग नलों की एक साथ कार्य क्षमता होती है, जो 1/24 काम दिन के रूप में है।",2026-09-14 17:38:58
MATH_HI_0730,Hindi,Mathematics,"समय, कार्य, मजदूरी एवं नल-टंकी",Hard,"यदि दो मजदूर एक काम को 36 दिन में पूरा कर सकते हैं और तीसरा मजदूर उसी काम को अकेले 72 दिन में पूरा कर सकता है, तो दो मजदूरों और तीसरे मजदूर के साथ उस काम को भी कितने दिन में पूरा किया जा सकता है?",30 दिन,32 दिन,34 दिन,36 दिन,A,30 दिन,यह उत्तर क्यों सही है क्योंकि दो मजदूरों और तीसरे मजदूर की एक साथ कार्य क्षमताओं का योग नलों के एक साथ काम की कार्य क्षमता है।,"दो मजदूरों और तीसरे मजदूर की दरों को जोड़ने पर नलों की कार्य क्षमताओं का योग नलों की एक साथ कार्य क्षमता होती है, जो 1/30 काम दिन के रूप में है।",2026-09-14 17:38:58
MATH_HI_0731,Hindi,Mathematics,"समय, कार्य, मजदूरी एवं नल-टंकी",Hard,"यदि दो मजदूर एक काम को 40 दिन में पूरा कर सकते हैं और तीसरा मजदूर उसी काम को अकेले 80 दिन में पूरा कर सकता है, तो दो मजदूरों और तीसरे मजदूर के साथ उस काम को भी कितने दिन में पूरा किया जा सकता है?",35 दिन,38 दिन,40 दिन,42 दिन,C,40 दिन,यह उत्तर क्यों सही है क्योंकि दो मजदूरों और तीसरे मजदूर की एक साथ कार्य क्षमताओं का योग नलों के एक साथ काम की कार्य क्षमता है।,"दो मजदूरों और तीसरे मजदूर की दरों को जोड़ने पर नलों की कार्य क्षमताओं का योग नलों की एक साथ कार्य क्षमता होती है, जो 1/40 काम दिन के रूप में है।",2026-09-14 17:38:58
MATH_HI_0732,Hindi,Mathematics,"समय, कार्य, मजदूरी एवं नल-टंकी",Hard,"यदि दो मजदूर एक काम को 45 दिन में पूरा कर सकते हैं और तीसरा मजदूर उसी काम को अकेले 90 दिन में पूरा कर सकता है, तो दो मजदूरों और तीसरे मजदूर के साथ उस काम को भी कितने दिन में पूरा किया जा सकता है?",40 दिन,42 दिन,45 दिन,48 दिन,C,45 दिन,यह उत्तर क्यों सही है क्योंकि दो मजदूरों और तीसरे मजदूर की एक साथ कार्य क्षमताओं का योग नलों के एक साथ काम की कार्य क्षमता है।,"दो मजदूरों और तीसरे मजदूर की दरों को जोड़ने पर नलों की कार्य क्षमताओं का योग नलों की एक साथ कार्य क्षमता होती है, जो 1/45 काम दिन के रूप में है।",2026-09-14 17:38:58
MATH_HI_0733,Hindi,Mathematics,"चाल, समय, दूरी, रेलगाड़ी एवं नाव-धारा",Easy,"यदि रेलगाड़ी 72 किलोमीटर प्रति घंटा की गति से चलती है और उसकी दूरी 216 किलोमीटर है, तो वह दूरी कितने समय में तय करेगी?",3 घंटे,4 घंटे,5 घंटे,6 घंटे,A,3 घंटे,दूरी = गति × समय के सिद्धांत का उपयोग किया गया है।,"दूरी और समय के बीच संबंध द्वारा समझा जा सकता है, जहाँ दूरी = गति × समय। यहाँ 216 = 72 × समय, इसलिए समय = 3 घंटे।",2026-09-14 17:41:45
MATH_HI_0734,Hindi,Mathematics,"चाल, समय, दूरी, रेलगाड़ी एवं नाव-धारा",Easy,"यदि रेलगाड़ी 108 किलोमीटर प्रति घंटा की गति से चलती है और वह 9 घंटे लगाती है ताकि दूरी तय करे, तो दूरी कितनी है?",900 किलोमीटर,810 किलोमीटर,1000 किलोमीटर,950 किलोमीटर,B,810 किलोमीटर,"दूरी, गति और समय के बीच संबंध का उपयोग किया गया है।","दूरी = गति × समय, इस प्रकार 810 = 108 × 9 घंटे।",2026-09-14 17:41:45
MATH_HI_0735,Hindi,Mathematics,"चाल, समय, दूरी, रेलगाड़ी एवं नाव-धारा",Easy,"यदि रेलगाड़ी 80 किलोमीटर प्रति घंटा की गति से चलती है और वह 5 घंटे लगाती है ताकि दूरी तय करे, तो दूरी कितनी है?",400 किलोमीटर,350 किलोमीटर,450 किलोमीटर,500 किलोमीटर,A,400 किलोमीटर,"दूरी, गति और समय के बीच संबंध का उपयोग किया गया है।","दूरी = गति × समय, इस प्रकार 400 = 80 × 5 घंटे।",2026-09-14 17:41:45
MATH_HI_0736,Hindi,Mathematics,"चाल, समय, दूरी, रेलगाड़ी एवं नाव-धारा",Easy,"यदि रेलगाड़ी 120 किलोमीटर प्रति घंटा की गति से चलती है और वह 3 घंटे लगाती है ताकि दूरी तय करे, तो दूरी कितनी है?",350 किलोमीटर,360 किलोमीटर,370 किलोमीटर,380 किलोमीटर,B,360 किलोमीटर,"दूरी, गति और समय के बीच संबंध का उपयोग किया गया है।","दूरी = गति × समय, इस प्रकार 360 = 120 × 3 घंटे।",2026-09-14 17:41:45
MATH_HI_0737,Hindi,Mathematics,"चाल, समय, दूरी, रेलगाड़ी एवं नाव-धारा",Easy,"यदि रेलगाड़ी 90 किलोमीटर प्रति घंटा की गति से चलती है और वह 6 घंटे लगाती है ताकि दूरी तय करे, तो दूरी कितनी है?",520 किलोमीटर,540 किलोमीटर,560 किलोमीटर,580 किलोमीटर,B,540 किलोमीटर,"दूरी, गति और समय के बीच संबंध का उपयोग किया गया है।","दूरी = गति × समय, इस प्रकार 540 = 90 × 6 घंटे।",2026-09-14 17:41:45
MATH_HI_0738,Hindi,Mathematics,"चाल, समय, दूरी, रेलगाड़ी एवं नाव-धारा",Easy,"यदि रेलगाड़ी 60 किलोमीटर प्रति घंटा की गति से चलती है और वह 4 घंटे लगाती है ताकि दूरी तय करे, तो दूरी कितनी है?",230 किलोमीटर,240 किलोमीटर,250 किलोमीटर,260 किलोमीटर,B,240 किलोमीटर,"दूरी, गति और समय के बीच संबंध का उपयोग किया गया है।","दूरी = गति × समय, इस प्रकार 240 = 60 × 4 घंटे।",2026-09-14 17:41:45
MATH_HI_0739,Hindi,Mathematics,"चाल, समय, दूरी, रेलगाड़ी एवं नाव-धारा",Easy,"यदि रेलगाड़ी 50 किलोमीटर प्रति घंटा की गति से चलती है और वह 8 घंटे लगाती है ताकि दूरी तय करे, तो दूरी कितनी है?",390 किलोमीटर,400 किलोमीटर,410 किलोमीटर,420 किलोमीटर,B,400 किलोमीटर,"दूरी, गति और समय के बीच संबंध का उपयोग किया गया है।","दूरी = गति × समय, इस प्रकार 400 = 50 × 8 घंटे।",2026-09-14 17:41:45
MATH_HI_0740,Hindi,Mathematics,"चाल, समय, दूरी, रेलगाड़ी एवं नाव-धारा",Easy,"यदि रेलगाड़ी 70 किलोमीटर प्रति घंटा की गति से चलती है और वह 5 घंटे लगाती है ताकि दूरी तय करे, तो दूरी कितनी है?",330 किलोमीटर,340 किलोमीटर,350 किलोमीटर,360 किलोमीटर,C,350 किलोमीटर,"दूरी, गति और समय के बीच संबंध का उपयोग किया गया है।","दूरी = गति × समय, इस प्रकार 350 = 70 × 5 घंटे।",2026-09-14 17:41:45
MATH_HI_0741,Hindi,Mathematics,"चाल, समय, दूरी, रेलगाड़ी एवं नाव-धारा",Easy,"यदि रेलगाड़ी 110 किलोमीटर प्रति घंटा की गति से चलती है और वह 4 घंटे लगाती है ताकि दूरी तय करे, तो दूरी कितनी है?",430 किलोमीटर,440 किलोमीटर,450 किलोमीटर,460 किलोमीटर,B,440 किलोमीटर,"दूरी, गति और समय के बीच संबंध का उपयोग किया गया है।","दूरी = गति × समय, इस प्रकार 440 = 110 × 4 घंटे।",2026-09-14 17:41:45
MATH_HI_0742,Hindi,Mathematics,"चाल, समय, दूरी, रेलगाड़ी एवं नाव-धारा",Easy,"यदि रेलगाड़ी 100 किलोमीटर प्रति घंटा की गति से चलती है और वह 3 घंटे लगाती है ताकि दूरी तय करे, तो दूरी कितनी है?",280 किलोमीटर,290 किलोमीटर,300 किलोमीटर,310 किलोमीटर,C,300 किलोमीटर,"दूरी, गति और समय के बीच संबंध का उपयोग किया गया है।","दूरी = गति × समय, इस प्रकार 300 = 100 × 3 घंटे।",2026-09-14 17:41:45
MATH_HI_0743,Hindi,Mathematics,"बीजगणितीय सर्वसमिकाएं, बहुपद एवं गुणनखंड",Medium,"यदि बहुपद एक्स की घात 2 है और इसका मूल 4 है, तो बहुपद के गुणांक क्या हैं?",1 और 4,2 और 4,1 और 2,1 और 8,A,1 और 4,मूल 4 का अर्थ यह है कि बहुपद में (क-4)(क-4) या (क-4)^2 लिखा जा सकता है जहाँ क बहुपद का गुणांक है।,"बहुपद के गुणांक ज्ञात करने के लिए, हम मूलों का उपयोग करते हैं जो दिए हुए बहुपद के गुणांकों की गणना करने में मदद करते हैं। यहाँ दिए गए मूल द्वारा हम गुणांक 1 और 4 पाते हैं।",2026-09-14 17:42:30
MATH_HI_0744,Hindi,Mathematics,"बीजगणितीय सर्वसमिकाएं, बहुपद एवं गुणनखंड",Medium,यदि बहुपद 3क^2 + 5क + 2 है तो इसका गुणनखंड क्या है?,(क+1)(क+2),(क-1)(क-2),(क+1)(क-2),(क-1)(क+2),A,(क+1)(क+2),गुणनखंडीकरण के द्वारा बहुपद को गुणनखंड रूप में लिखने का प्रयास किया जाता है जिससे यह सरलता से हल हो जाए।,"बहुपद 3क^2 + 5क + 2 को गुणनखंड लेने पर (क+1)(क+2) प्राप्त होता है, जिससे यह बहुपद आसानी से हल हो जाता है।",2026-09-14 17:42:30
MATH_HI_0745,Hindi,Mathematics,"बीजगणितीय सर्वसमिकाएं, बहुपद एवं गुणनखंड",Medium,यदि (क-2)(क+3) = 0 तो क का मान क्या है?,2 और -3,2 और 3,-2 और 3,-2 और -3,A,2 और -3,एक बहुपद समीकरण को हल करने के लिए इसके मूलों का विश्लेषण करते हैं जो इस रूप में दिए जाते हैं।,बहुपद के मूलों के लिए शून्य प्रकार समीकरण को हल करते हैं जिससे हम दिए गए मूलों को पाते हैं जो यहाँ 2 और -3 हैं।,2026-09-14 17:42:30
MATH_HI_0746,Hindi,Mathematics,"बीजगणितीय सर्वसमिकाएं, बहुपद एवं गुणनखंड",Medium,यदि बहुपद 2क^2 + 7क + 3 है तो इसके गुणनखंड क्या हैं?,(क+1)(क+3),(क-1)(क+3),(क-1)(क-3),(क+1)(क-3),B,(क-1)(क+3),बहुपद को गुणनखंडित करने से हम इसके मूल ज्ञात कर सकते हैं जो कि बहुपद के मूल रूप से दिए गए हैं।,"बहुपद 2क^2 + 7क + 3 को गुणनखंड करने पर (क-1)(क+3) प्राप्त होता है, जिससे हम बहुपद के मूल ज्ञात कर सकते हैं।",2026-09-14 17:42:30
MATH_HI_0747,Hindi,Mathematics,"बीजगणितीय सर्वसमिकाएं, बहुपद एवं गुणनखंड",Medium,यदि (क+3)(क-2) = 0 तो क का मान क्या है?,-3 और 2,3 और -2,-3 और -2,3 और 2,A,-3 और 2,किसी बहुपद समीकरण को हल करने के लिए इसके मूलों को ज्ञात करना आवश्यक है जो दिया गया शून्य प्रकार समीकरण के रूप में है।,बहुपद के मूलों के लिए शून्य प्रकार समीकरण को हल करते हैं जिससे हम दिए गए मूलों को पाते हैं जो यहाँ -3 और 2 हैं।,2026-09-14 17:42:30
MATH_HI_0748,Hindi,Mathematics,"बीजगणितीय सर्वसमिकाएं, बहुपद एवं गुणनखंड",Medium,यदि बहुपद 4क^2 - 1 है तो इसका गुणनखंड क्या है?,(क-1)(क+1),(2क-1)(2क+1),(क-2)(क+2),(4क-1)(4क+1),B,(2क-1)(2क+1),बहुपद को गुणनखंडित करने से हम इसके मूल ज्ञात कर सकते हैं जो कि बहुपद के मूल रूप से दिए गए हैं।,"बहुपद 4क^2 - 1 को गुणनखंड करने पर (2क-1)(2क+1) प्राप्त होता है, जिससे हम बहुपद के मूल ज्ञात कर सकते हैं।",2026-09-14 17:42:30
MATH_HI_0749,Hindi,Mathematics,"बीजगणितीय सर्वसमिकाएं, बहुपद एवं गुणनखंड",Medium,यदि (क+1)(क-2) = 0 तो क का मान क्या है?,-1 और 2,1 और 2,-1 और -2,1 और -2,A,-1 और 2,शून्य प्रकार समीकरण को हल करने से हम बहुपद के मूल ज्ञात कर सकते हैं जो कि दिया गया बहुपद के मूल रूप से दिए गए हैं।,बहुपद के मूलों के लिए शून्य प्रकार समीकरण को हल करते हैं जिससे हम दिए गए मूलों को पाते हैं जो यहाँ -1 और 2 हैं।,2026-09-14 17:42:30
MATH_HI_0750,Hindi,Mathematics,"बीजगणितीय सर्वसमिकाएं, बहुपद एवं गुणनखंड",Medium,यदि बहुपद 2क^2 + 5क - 3 है तो इसका गुणनखंड क्या है?,(क+1)(क+3),(क-1)(क+3),(क-1)(क-3),(क+1)(क-3),B,(क-1)(क+3),बहुपद को गुणनखंडित करने से हम इसके मूल ज्ञात कर सकते हैं जो कि बहुपद के मूल रूप से दिए गए हैं।,"बहुपद 2क^2 + 5क - 3 को गुणनखंड करने पर (क-1)(क+3) प्राप्त होता है, जिससे हम बहुपद के मूल ज्ञात कर सकते हैं।",2026-09-14 17:42:30
MATH_HI_0751,Hindi,Mathematics,"बीजगणितीय सर्वसमिकाएं, बहुपद एवं गुणनखंड",Medium,यदि (क+2)(क-3) = 0 तो क का मान क्या है?,-2 और 3,2 और -3,2 और 3,-2 और -3,A,-2 और 3,शून्य प्रकार समीकरण को हल करने से हम बहुपद के मूल ज्ञात कर सकते हैं जो कि दिया गया बहुपद के मूल रूप से दिए गए हैं।,बहुपद के मूलों के लिए शून्य प्रकार समीकरण को हल करते हैं जिससे हम दिए गए मूलों को पाते हैं जो यहाँ -2 और 3 हैं।,2026-09-14 17:42:30
MATH_HI_0752,Hindi,Mathematics,"बीजगणितीय सर्वसमिकाएं, बहुपद एवं गुणनखंड",Medium,यदि बहुपद 3क^2 - 2क - 8 है तो इसका गुणनखंड क्या है?,(क+1)(क+8),(क-1)(क+8),(क-1)(क-8),(क+1)(क-8),B,(क-1)(क+8),बहुपद को गुणनखंडित करने से हम इसके मूल ज्ञात कर सकते हैं जो कि बहुपद के मूल रूप से दिए गए हैं।,"बहुपद 3क^2 - 2क - 8 को गुणनखंड करने पर (क-1)(क+8) प्राप्त होता है, जिससे हम बहुपद के मूल ज्ञात कर सकते हैं।",2026-09-14 17:42:30
MATH_HI_0753,Hindi,Mathematics,"एक चर एवं दो चर वाले रैखिक समीकरण, द्विघात समीकरण",Hard,"यदि दो चर वाले रैखिक समीकरण 3x + 2y = 12 और 4x - 3y = 1 दिए गए हैं, तो x और y का मान क्या होगा?","x = 2, y = 3","x = 3, y = 2","x = 1, y = 4","x = 4, y = 1",A,"x = 2, y = 3",यह उत्तर क्यों सही है उसका संक्षिप्त अर्थ/कारण।,इस समीकरणों को विश्लेषण करने पर देखा जाता है कि x = 2 और y = 3 इन दोनों समीकरणों को संतुलित करता है।,2026-09-14 17:43:12
MATH_HI_0754,Hindi,Mathematics,"एक चर एवं दो चर वाले रैखिक समीकरण, द्विघात समीकरण",Hard,यदि एक चर वाले द्विघात समीकरण x^2 - 5x + 6 = 0 का गुणनखंड क्या है?,(x - 2)(x + 3),(x + 2)(x - 3),(x - 1)(x - 6),(x - 2)(x - 3),D,सही उत्तर: (x - 2)(x - 3),यह उत्तर क्यों सही है उसका संक्षिप्त अर्थ/कारण।,यह गुणनखंड दिए हुए द्विघात समीकरण के मूल 2 और 3 को इस प्रकार संरचित करता है कि यह समीकरण संतुलित हो जाए।,2026-09-14 17:43:12
MATH_HI_0755,Hindi,Mathematics,"एक चर एवं दो चर वाले रैखिक समीकरण, द्विघात समीकरण",Hard,यदि 2x + 3y = 11 और x - y = 1 दिए गए रैखिक समीकरणों को हल करने पर x और y का मान क्या होगा?,"x = 2, y = 3","x = 3, y = 2","x = 4, y = 1","x = 1, y = 4",B,"x = 3, y = 2",यह उत्तर क्यों सही है उसका संक्षिप्त अर्थ/कारण।,इन समीकरणों को हल करने पर देखा जाता है कि x = 3 और y = 2 इन दोनों समीकरणों को संतुलित करता है।,2026-09-14 17:43:12
MATH_HI_0756,Hindi,Mathematics,"एक चर एवं दो चर वाले रैखिक समीकरण, द्विघात समीकरण",Hard,यदि द्विघात समीकरण 2x^2 - 5x - 3 = 0 का गुणनखंड क्या है?,(2x + 1)(x - 3),(2x - 1)(x + 3),(2x + 3)(x - 1),(2x - 3)(x + 1),C,सही उत्तर: (2x + 3)(x - 1),यह उत्तर क्यों सही है उसका संक्षिप्त अर्थ/कारण।,यह गुणनखंड दिए हुए द्विघात समीकरण के मूल -1 और 3/2 को इस प्रकार संरचित करता है कि यह समीकरण संतुलित हो जाए।,2026-09-14 17:43:12
MATH_HI_0757,Hindi,Mathematics,"एक चर एवं दो चर वाले रैखिक समीकरण, द्विघात समीकरण",Hard,"यदि दो चर वाले रैखिक समीकरण x + 2y = 7 और 3x - y = 1 दिए गए हैं, तो x और y का मान क्या होगा?","x = 3, y = 2","x = 2, y = 3","x = 1, y = 4","x = 4, y = 1",A,"x = 3, y = 2",यह उत्तर क्यों सही है उसका संक्षिप्त अर्थ/कारण।,इन समीकरणों को हल करने पर देखा जाता है कि x = 3 और y = 2 इन दोनों समीकरणों को संतुलित करता है।,2026-09-14 17:43:12
MATH_HI_0758,Hindi,Mathematics,"एक चर एवं दो चर वाले रैखिक समीकरण, द्विघात समीकरण",Hard,यदि द्विघात समीकरण 3x^2 + 2x - 1 = 0 का गुणनखंड क्या है?,(3x - 1)(x + 1),(3x + 1)(x - 1),(3x - 1)(x - 1),(3x + 1)(x + 1),B,सही उत्तर: (3x + 1)(x - 1),यह उत्तर क्यों सही है उसका संक्षिप्त अर्थ/कारण।,यह गुणनखंड दिए हुए द्विघात समीकरण के मूल -1 और 1/3 को इस प्रकार संरचित करता है कि यह समीकरण संतुलित हो जाए।,2026-09-14 17:43:12
MATH_HI_0759,Hindi,Mathematics,"एक चर एवं दो चर वाले रैखिक समीकरण, द्विघात समीकरण",Hard,"यदि दो चर वाले रैखिक समीकरण 5x + 4y = 20 और 3x - 2y = 8 दिए गए हैं, तो x और y का मान क्या होगा?","x = 4, y = 2","x = 2, y = 4","x = 1, y = 5","x = 5, y = 1",A,"x = 4, y = 2",यह उत्तर क्यों सही है उसका संक्षिप्त अर्थ/कारण।,इन समीकरणों को हल करने पर देखा जाता है कि x = 4 और y = 2 इन दोनों समीकरणों को संतुलित करता है।,2026-09-14 17:43:12
MATH_HI_0760,Hindi,Mathematics,"एक चर एवं दो चर वाले रैखिक समीकरण, द्विघात समीकरण",Hard,यदि द्विघात समीकरण 4x^2 - 12x + 9 = 0 का गुणनखंड क्या है?,(2x - 3)(2x - 3),(2x + 3)(2x - 3),(2x + 3)(2x + 3),(2x - 3)(2x + 3),A,सही उत्तर: (2x - 3)(2x - 3),यह उत्तर क्यों सही है उसका संक्षिप्त अर्थ/कारण।,यह गुणनखंड दिए हुए द्विघात समीकरण के मूल 3/2 और 3/2 को इस प्रकार संरचित करता है कि यह समीकरण संतुलित हो जाए।,2026-09-14 17:43:12
MATH_HI_0761,Hindi,Mathematics,"एक चर एवं दो चर वाले रैखिक समीकरण, द्विघात समीकरण",Hard,"यदि दो चर वाले रैखिक समीकरण 7x - 5y = 35 और 2x + 3y = 11 दिए गए हैं, तो x और y का मान क्या होगा?","x = 5, y = 0","x = 0, y = 5","x = 3, y = 2","x = 2, y = 3",C,"x = 3, y = 2",यह उत्तर क्यों सही है उसका संक्षिप्त अर्थ/कारण।,इन समीकरणों को हल करने पर देखा जाता है कि x = 3 और y = 2 इन दोनों समीकरणों को संतुलित करता है।,2026-09-14 17:43:12
MATH_HI_0762,Hindi,Mathematics,"एक चर एवं दो चर वाले रैखिक समीकरण, द्विघात समीकरण",Hard,यदि द्विघात समीकरण 5x^2 - 3x - 2 = 0 का गुणनखंड क्या है?,(5x - 2)(x + 1),(5x + 2)(x - 1),(5x - 1)(x + 2),(5x + 1)(x - 2),B,सही उत्तर: (5x + 2)(x - 1),यह उत्तर क्यों सही है उसका संक्षिप्त अर्थ/कारण।,यह गुणनखंड दिए हुए द्विघात समीकरण के मूल -1/5 और 2/5 को इस प्रकार संरचित करता है कि यह समीकरण संतुलित हो जाए।,2026-09-14 17:43:12
MATH_HI_0763,Hindi,Mathematics,"ज्यामिति (रेखाएं, कोण, त्रिभुज, वृत्त एवं चतुर्भुज)",Easy,"त्रिभुज में किसी कोण का माप 60° है और अन्य दो कोण के माप 50° और 70° हैं, तो दूसरे कोण का माप क्या होगा?",50°,60°,70°,80°,D,80°,त्रिभुज के कोणों का योग 180° होता है।,"त्रिभुज के तीन कोणों का योग 180° होता है। यहाँ 60°, 50° और 70° के कोणों का योग 180° का अनुपात रहता है। इसलिए दूसरे कोण का माप 80° है।",2026-09-14 17:43:50
MATH_HI_0764,Hindi,Mathematics,"ज्यामिति (रेखाएं, कोण, त्रिभुज, वृत्त एवं चतुर्भुज)",Easy,"यदि एक वृत्त की त्रिज्या 10 सेमी है, तो उसका व्यास क्या होगा?",5 सेमी,10 सेमी,20 सेमी,15 सेमी,C,20 सेमी,वृत्त का व्यास त्रिज्या का दोगुना होता है।,वृत्त का व्यास त्रिज्या का दोगुना होता है। अतः व्यास = 2 × 10 सेमी = 20 सेमी।,2026-09-14 17:43:50
MATH_HI_0765,Hindi,Mathematics,"ज्यामिति (रेखाएं, कोण, त्रिभुज, वृत्त एवं चतुर्भुज)",Easy,"एक चतुर्भुज की चार भुजाएँ क्रमशः 5 सेमी, 7 सेमी, 9 सेमी और 11 सेमी हैं, तो चतुर्भुज की चार भुजाओं की कुल लंबाई क्या होगी?",31 सेमी,28 सेमी,33 सेमी,35 सेमी,A,31 सेमी,चतुर्भुज की चार भुजाओं की लंबाई का योग चतुर्भुज की चार भुजाओं की कुल लंबाई होती है।,चतुर्भुज की चार भुजाओं की कुल लंबाई = 5 सेमी + 7 सेमी + 9 सेमी + 11 सेमी = 31 सेमी।,2026-09-14 17:43:50
MATH_HI_0766,Hindi,Mathematics,"ज्यामिति (रेखाएं, कोण, त्रिभुज, वृत्त एवं चतुर्भुज)",Easy,"यदि एक त्रिभुज का अर्धक कोण 30° है, तो उसका पूरक कोण क्या होगा?",30°,60°,90°,120°,B,60°,कोण और उसका पूरक कोण का योग 90° होता है।,कोण और उसका पूरक कोण का योग 90° होता है। अतः 30° का पूरक कोण 60° है।,2026-09-14 17:43:50
MATH_HI_0767,Hindi,Mathematics,"ज्यामिति (रेखाएं, कोण, त्रिभुज, वृत्त एवं चतुर्भुज)",Easy,"एक चतुर्भुज की दो समान भुजाएँ 8 सेमी और 12 सेमी हैं, तो इन दो भुजाओं का योग क्या होगा?",20 सेमी,22 सेमी,24 सेमी,26 सेमी,C,24 सेमी,दो संबंधित भुजाओं का योग उनकी लंबाई का योग होता है।,दो समान भुजाओं का योग = 8 सेमी + 12 सेमी = 20 सेमी।,2026-09-14 17:43:50
MATH_HI_0768,Hindi,Mathematics,"ज्यामिति (रेखाएं, कोण, त्रिभुज, वृत्त एवं चतुर्भुज)",Easy,"यदि एक त्रिभुज का एक कोण 90° है, तो इसका दूसरा कोण क्या होगा यदि तीसरा कोण 45° है?",45°,55°,60°,90°,A,45°,त्रिभुज के तीन कोणों का योग 180° होता है।,त्रिभुज के तीन कोणों का योग 180° होता है। अतः दूसरा कोण = 180° - 90° - 45° = 45°।,2026-09-14 17:43:50
MATH_HI_0769,Hindi,Mathematics,"ज्यामिति (रेखाएं, कोण, त्रिभुज, वृत्त एवं चतुर्भुज)",Easy,"एक त्रिभुज में किसी कोण का माप 30° है और दूसरा कोण का माप 60° है, तो तीसरा कोण का माप क्या होगा?",30°,60°,90°,120°,C,90°,त्रिभुज के तीन कोणों का योग 180° होता है।,त्रिभुज के तीन कोणों का योग 180° होता है। अतः तीसरा कोण = 180° - 30° - 60° = 90°।,2026-09-14 17:43:50
MATH_HI_0770,Hindi,Mathematics,"ज्यामिति (रेखाएं, कोण, त्रिभुज, वृत्त एवं चतुर्भुज)",Easy,"यदि एक चतुर्भुज की चार भुजाएँ क्रमशः 5 सेमी, 6 सेमी, 7 सेमी और 8 सेमी हैं, तो चतुर्भुज की चार भुजाओं की कुल लंबाई क्या होगी?",24 सेमी,26 सेमी,28 सेमी,30 सेमी,C,28 सेमी,चतुर्भुज की चार भुजाओं की लंबाई का योग चतुर्भुज की चार भुजाओं की कुल लंबाई होती है।,चतुर्भुज की चार भुजाओं की कुल लंबाई = 5 सेमी + 6 सेमी + 7 सेमी + 8 सेमी = 26 सेमी।,2026-09-14 17:43:50
MATH_HI_0771,Hindi,Mathematics,"ज्यामिति (रेखाएं, कोण, त्रिभुज, वृत्त एवं चतुर्भुज)",Easy,"यदि एक त्रिभुज का एक कोण 45° है और दूसरा कोण 60° है, तो तीसरा कोण का माप क्या होगा?",45°,60°,75°,90°,C,75°,त्रिभुज के तीन कोणों का योग 180° होता है।,त्रिभुज के तीन कोणों का योग 180° होता है। अतः तीसरा कोण = 180° - 45° - 60° = 75°।,2026-09-14 17:43:50
MATH_HI_0772,Hindi,Mathematics,"ज्यामिति (रेखाएं, कोण, त्रिभुज, वृत्त एवं चतुर्भुज)",Easy,"यदि एक चतुर्भुज की दो समान भुजाएँ 10 सेमी और 12 सेमी हैं, तो इन दो भुजाओं का योग क्या होगा?",20 सेमी,21 सेमी,22 सेमी,23 सेमी,C,22 सेमी,दो संबंधित भुजाओं का योग उनकी लंबाई का योग होता है।,दो समान भुजाओं का योग = 10 सेमी + 12 सेमी = 22 सेमी।,2026-09-14 17:43:50
MATH_HI_0773,Hindi,Mathematics,द्विविमीय क्षेत्रमिति (क्षेत्रफल एवं परिमाप),Medium,"एक त्रिभुज की दो भुजाएँ क्रमशः 5 सेमी और 7 सेमी हैं, तो तीसरी भुजा का सबसे छोटा मान क्या होगा?",3 सेमी,4 सेमी,12 सेमी,13 सेमी,B,4 सेमी,"त्रिभुज की भुजाओं के नियम के अनुसार, कोई भुजा दोनों अन्य भुजाओं की लंबाई से कम नहीं हो सकती।",तीसरी भुजा की लंबाई 4 सेमी से बड़ी होनी चाहिए ताकि त्रिभुज बन सके।,2026-09-14 17:44:29
MATH_HI_0774,Hindi,Mathematics,द्विविमीय क्षेत्रमिति (क्षेत्रफल एवं परिमाप),Medium,"एक वर्ग की भुजा की लंबाई 8 सेमी है, तो इसका क्षेत्रफल क्या होगा?",32 वर्ग सेमी,64 वर्ग सेमी,16 वर्ग सेमी,48 वर्ग सेमी,B,64 वर्ग सेमी,वर्ग का क्षेत्रफल उसकी भुजा की लंबाई का वर्ग होता है।,वर्ग की भुजा 8 सेमी है इसलिए उसका क्षेत्रफल 8 * 8 = 64 वर्ग सेमी होगा।,2026-09-14 17:44:29
MATH_HI_0775,Hindi,Mathematics,द्विविमीय क्षेत्रमिति (क्षेत्रफल एवं परिमाप),Medium,"एक त्रिभुज का आधार 10 सेमी और ऊंचाई 6 सेमी है, तो इसका क्षेत्रफल क्या होगा?",30 वर्ग सेमी,15 वर्ग सेमी,40 वर्ग सेमी,20 वर्ग सेमी,A,30 वर्ग सेमी,त्रिभुज का क्षेत्रफल आधार और ऊंचाई के गुणनफल दो तक विभाजित करके ज्ञात किया जाता है।,त्रिभुज का क्षेत्रफल 10 * 6 / 2 = 30 वर्ग सेमी होगा।,2026-09-14 17:44:29
MATH_HI_0776,Hindi,Mathematics,द्विविमीय क्षेत्रमिति (क्षेत्रफल एवं परिमाप),Medium,"एक चतुर्भुज की दो समान भुजाएँ 10 सेमी और 12 सेमी हैं, तो इन दो भुजाओं का योग क्या होगा?",20 सेमी,22 सेमी,24 सेमी,26 सेमी,B,22 सेमी,समान भुजाओं के योग को ज्ञात करने के लिए उनकी लंबाई को जोड़ा जाता है।,10 सेमी और 12 सेमी के दोनों भुजाओं का योग 22 सेमी होगा।,2026-09-14 17:44:29
MATH_HI_0777,Hindi,Mathematics,द्विविमीय क्षेत्रमिति (क्षेत्रफल एवं परिमाप),Medium,"एक चतुर्भुज की चार भुजाएँ क्रमशः 5 सेमी, 6 सेमी, 7 सेमी और 8 सेमी हैं, तो चतुर्भुज की चार भुजाओं की कुल लंबाई क्या होगी?",16 सेमी,20 सेमी,22 सेमी,26 सेमी,D,26 सेमी,चतुर्भुज की कुल लंबाई उसकी चार भुजाओं की लंबाई का योग होती है।,चतुर्भुज की कुल लंबाई 5 + 6 + 7 + 8 = 26 सेमी होगी।,2026-09-14 17:44:29
MATH_HI_0778,Hindi,Mathematics,द्विविमीय क्षेत्रमिति (क्षेत्रफल एवं परिमाप),Medium,"एक त्रिभुज की दो कोण 30° और 60° हैं, तो तीसरा कोण का माप क्या होगा?",70°,80°,90°,120°,C,90°,त्रिभुज के कोणों का योग 180° होता है।,तीसरा कोण का माप 180° - 30° - 60° = 90° होगा।,2026-09-14 17:44:29
MATH_HI_0779,Hindi,Mathematics,द्विविमीय क्षेत्रमिति (क्षेत्रफल एवं परिमाप),Medium,"एक चतुर्भुज की दो विकर्ण 10 सेमी और 12 सेमी हैं, तो इन दो विकर्णों का योग क्या होगा?",20 सेमी,22 सेमी,24 सेमी,26 सेमी,A,20 सेमी,विकर्णों के योग को ज्ञात करने के लिए उनकी लंबाई को जोड़ा जाता है।,10 सेमी और 12 सेमी के दोनों विकर्णों का योग 20 सेमी होगा।,2026-09-14 17:44:29
MATH_HI_0780,Hindi,Mathematics,द्विविमीय क्षेत्रमिति (क्षेत्रफल एवं परिमाप),Medium,"एक त्रिकोणाकार त्रिभुज की दो भुजाएँ क्रमशः 7 सेमी और 9 सेमी हैं, तो तीसरी भुजा का सबसे छोटा मान क्या होगा?",2 सेमी,4 सेमी,6 सेमी,16 सेमी,B,4 सेमी,"त्रिभुज की भुजाओं के नियम के अनुसार, कोई भुजा दोनों अन्य भुजाओं की लंबाई से कम नहीं हो सकती।",तीसरी भुजा की लंबाई 4 सेमी से बड़ी होनी चाहिए ताकि त्रिभुज बन सके।,2026-09-14 17:44:29
MATH_HI_0781,Hindi,Mathematics,द्विविमीय क्षेत्रमिति (क्षेत्रफल एवं परिमाप),Medium,"एक त्रिभुज का एक कोण 90° है, तो इसका दूसरा कोण क्या होगा यदि तीसरा कोण 45° है?",35°,45°,55°,65°,B,45°,त्रिभुज के कोणों का योग 180° होता है।,"त्रिभुज में एक कोण 90° है और दूसरा कोण 45° है, इसलिए तीसरा कोण 45° होगा।",2026-09-14 17:44:29
MATH_HI_0782,Hindi,Mathematics,द्विविमीय क्षेत्रमिति (क्षेत्रफल एवं परिमाप),Medium,"एक चतुर्भुज की दो समान भुजाएँ 10 सेमी और 12 सेमी हैं, तो इन दो भुजाओं का अंतर क्या होगा?",2 सेमी,4 सेमी,6 सेमी,8 सेमी,B,4 सेमी,समान भुजाओं के अंतर को ज्ञात करने के लिए उनकी लंबाई का अंतर निकाला जाता है।,10 सेमी और 12 सेमी के दोनों भुजाओं का अंतर 12 - 10 = 2 सेमी होगा।,2026-09-14 17:44:29
MATH_HI_0783,Hindi,Mathematics,"त्रिविमीय क्षेत्रमिति (पृष्ठीय क्षेत्रफल एवं आयतन - शंकु, बेलन, गोला)",Hard,शंकु का आयतन ज्ञात करने के लिए किस फार्मूला का उपयोग किया जाता है?,1/3 π r² h,1/2 π r h,π r² h,4/3 π r³,A,1/3 π r² h,शंकु का आयतन वृत्तीय भाग की आधिकारिक सूत्र से ज्ञात किया जाता है।,शंकु का आयतन एक वृत्तीय भाग की आधिकारिक सूत्र से ज्ञात किया जाता है जो 1/3 π r² h है।,2026-09-14 17:45:12
MATH_HI_0784,Hindi,Mathematics,"त्रिविमीय क्षेत्रमिति (पृष्ठीय क्षेत्रफल एवं आयतन - शंकु, बेलन, गोला)",Hard,बेलन का पृष्ठीय क्षेत्रफल ज्ञात करने के लिए किस फार्मूला का उपयोग किया जाता है?,2π r h,π r²,2π r (r + h),4π r²,C,2π r (r + h),बेलन का पृष्ठीय क्षेत्रफल एक बेलन के त्रिज्या और ऊंचाई के आधार पर ज्ञात किया जाता है।,बेलन का पृष्ठीय क्षेत्रफल एक बेलन के त्रिज्या और ऊंचाई के आधार पर 2π r (r + h) से ज्ञात किया जाता है।,2026-09-14 17:45:12
MATH_HI_0785,Hindi,Mathematics,"त्रिविमीय क्षेत्रमिति (पृष्ठीय क्षेत्रफल एवं आयतन - शंकु, बेलन, गोला)",Hard,गोला का आयतन ज्ञात करने के लिए किस फार्मूला का उपयोग किया जाता है?,4/3 π r³,2π r² h,1/3 π r² h,π r² h,A,4/3 π r³,गोला का आयतन एक गोले की त्रिज्या के आधार पर ज्ञात किया जाता है।,गोला का आयतन एक गोले की त्रिज्या के आधार पर 4/3 π r³ से ज्ञात किया जाता है।,2026-09-14 17:45:12
MATH_HI_0786,Hindi,Mathematics,"त्रिविमीय क्षेत्रमिति (पृष्ठीय क्षेत्रफल एवं आयतन - शंकु, बेलन, गोला)",Hard,शंकु का पृष्ठीय क्षेत्रफल ज्ञात करने के लिए किस फार्मूला का उपयोग किया जाता है?,π r l,π r²,2π r l,4π r²,C,2π r l,शंकु का पृष्ठीय क्षेत्रफल एक शंकु के त्रिज्या और उसकी ऊँचाई के आधार पर ज्ञात किया जाता है।,शंकु का पृष्ठीय क्षेत्रफल एक शंकु के त्रिज्या और उसकी ऊँचाई के आधार पर 2π r l से ज्ञात किया जाता है।,2026-09-14 17:45:12
MATH_HI_0787,Hindi,Mathematics,"त्रिविमीय क्षेत्रमिति (पृष्ठीय क्षेत्रफल एवं आयतन - शंकु, बेलन, गोला)",Hard,बेलन का आयतन ज्ञात करने के लिए किस फार्मूला का उपयोग किया जाता है?,2π r h,π r² h,2π r (r + h),4π r²,B,π r² h,बेलन का आयतन एक बेलन के त्रिज्या और ऊंचाई के आधार पर ज्ञात किया जाता है।,बेलन का आयतन एक बेलन के त्रिज्या और ऊंचाई के आधार पर π r² h से ज्ञात किया जाता है।,2026-09-14 17:45:12
MATH_HI_0788,Hindi,Mathematics,"त्रिविमीय क्षेत्रमिति (पृष्ठीय क्षेत्रफल एवं आयतन - शंकु, बेलन, गोला)",Hard,बेलन का वक्र पृष्ठ क्षेत्रफल ज्ञात करने के लिए किस फार्मूला का उपयोग किया जाता है?,2π r h,π r²,2π r (r + h),4π r²,A,2π r h,बेलन का वक्र पृष्ठ क्षेत्रफल एक बेलन के त्रिज्या और ऊंचाई के आधार पर ज्ञात किया जाता है।,बेलन का वक्र पृष्ठ क्षेत्रफल एक बेलन के त्रिज्या और ऊंचाई के आधार पर 2π r h से ज्ञात किया जाता है।,2026-09-14 17:45:12
MATH_HI_0789,Hindi,Mathematics,"त्रिविमीय क्षेत्रमिति (पृष्ठीय क्षेत्रफल एवं आयतन - शंकु, बेलन, गोला)",Hard,शंकु का बेलन की तुलना में किस प्रकार का आयतन ज्ञात करना असंभव है?,उसका आयतन ज्ञात करना असंभव नहीं है।,शंकु का आयतन बेलन की तुलना में बड़ा होता है।,शंकु का आयतन बेलन की तुलना में छोटा होता है।,शंकु का आयतन बेलन की तुलना में बराबर होता है।,A,उसका आयतन ज्ञात करना असंभव नहीं है।,शंकु का आयतन ज्ञात करना एक वृत्तीय भाग की आधिकारिक सूत्र से ज्ञात किया जाता है।,शंकु का आयतन ज्ञात करना एक वृत्तीय भाग की आधिकारिक सूत्र से ज्ञात किया जाता है जो 1/3 π r² h है।,2026-09-14 17:45:12
MATH_HI_0790,Hindi,Mathematics,"त्रिविमीय क्षेत्रमिति (पृष्ठीय क्षेत्रफल एवं आयतन - शंकु, बेलन, गोला)",Hard,गोला का पृष्ठीय क्षेत्रफल ज्ञात करने के लिए किस फार्मूला का उपयोग किया जाता है?,2π r²,4π r²,1/3 π r² h,π r²,B,4π r²,गोला का पृष्ठीय क्षेत्रफल एक गोले की त्रिज्या के आधार पर ज्ञात किया जाता है।,गोला का पृष्ठीय क्षेत्रफल एक गोले की त्रिज्या के आधार पर 4π r² से ज्ञात किया जाता है।,2026-09-14 17:45:12
MATH_HI_0791,Hindi,Mathematics,"त्रिकोणमिति (त्रिकोणमितीय अनुपात, सर्वसमिकाएं, ऊँचाई एवं दूरी)",Medium,सिनस फैंडेंशियल किसका मान 0 होता है?,0 डिग्री,90 डिग्री,180 डिग्री,270 डिग्री,A,0 डिग्री,सिनस 0 डिग्री में त्रिकोणमितीय रेखा अक्ष x पर स्थित होती है।,"सिनस फंक्शन, 0 डिग्री पर शून्य का मान देता है।",2026-09-14 17:45:44
MATH_HI_0792,Hindi,Mathematics,"त्रिकोणमिति (त्रिकोणमितीय अनुपात, सर्वसमिकाएं, ऊँचाई एवं दूरी)",Medium,कोस फैंडेंशियल किसका मान 1 होता है?,0 डिग्री,90 डिग्री,180 डिग्री,270 डिग्री,A,0 डिग्री,कोस 0 डिग्री में त्रिकोणमितीय रेखा अक्ष x पर स्थित होती है।,"कोस फंक्शन, 0 डिग्री पर 1 का मान देता है।",2026-09-14 17:45:44
MATH_HI_0793,Hindi,Mathematics,"त्रिकोणमिति (त्रिकोणमितीय अनुपात, सर्वसमिकाएं, ऊँचाई एवं दूरी)",Medium,त्रिकोणमितीय अनुपात ज्ञात करने के लिए किसका मान ज्ञात किया जाता है?,त्रिकोणमितीय रेखा,समकोण त्रिभुज का कर्ण,कोण ज्ञात करने का तरीका,त्रिकोणमितीय रेखा का दूरी,A,त्रिकोणमितीय रेखा,त्रिकोणमितीय अनुपात त्रिकोणमितीय रेखाओं के अनुपात के रूप में व्यक्त किए जाते हैं।,त्रिकोणमितीय रेखाओं का अनुपात ज्ञात करने से त्रिकोणमितीय अनुपात ज्ञात करते हैं।,2026-09-14 17:45:45
MATH_HI_0794,Hindi,Mathematics,"त्रिकोणमिति (त्रिकोणमितीय अनुपात, सर्वसमिकाएं, ऊँचाई एवं दूरी)",Medium,सिनस फैंडेंशियल किसका अर्थ है?,विकल्प A: उच्चता का अनुपात त्रिकोणमितीय रेखा की दूरी से,विकल्प B: ऊँचाई का अनुपात कर्ण से,विकल्प C: त्रिकोणमितीय रेखा का अनुपात शून्य से,विकल्प D: ऊँचाई का अनुपात त्रिकोणमितीय रेखा से,A,विकल्प A: उच्चता का अनुपात त्रिकोणमितीय रेखा की दूरी से,सिनस फंक्शन का मान ऊँचाई का अनुपात त्रिकोणमितीय रेखा की दूरी से दिखाता है।,"सिनस फंक्शन का अर्थ, त्रिकोणमितीय रेखा की उच्चता का अनुपात त्रिकोणमितीय रेखा की दूरी से होता है।",2026-09-14 17:45:45
MATH_HI_0795,Hindi,Mathematics,"त्रिकोणमिति (त्रिकोणमितीय अनुपात, सर्वसमिकाएं, ऊँचाई एवं दूरी)",Medium,सिनस का मान 0.5 के बराबर किस कोण के लिए होता है?,30 डिग्री,45 डिग्री,60 डिग्री,90 डिग्री,A,30 डिग्री,30 डिग्री त्रिकोणमितीय अनुपात के मान 0.5 के बराबर होता है।,30 डिग्री पर सिनस का मान 0.5 के बराबर होता है।,2026-09-14 17:45:45
MATH_HI_0796,Hindi,Mathematics,"त्रिकोणमिति (त्रिकोणमितीय अनुपात, सर्वसमिकाएं, ऊँचाई एवं दूरी)",Medium,कॉस 90 डिग्री का मान क्या है?,0,1,0.5,1.5,A,0,कॉस 90 डिग्री का मान शून्य होता है।,कॉस 90 डिग्री का मान शून्य होता है।,2026-09-14 17:45:45
MATH_HI_0797,Hindi,Mathematics,"त्रिकोणमिति (त्रिकोणमितीय अनुपात, सर्वसमिकाएं, ऊँचाई एवं दूरी)",Medium,सिनस 0 डिग्री का मान क्या है?,1,0.5,0,1.5,C,0,सिनस 0 डिग्री का मान शून्य होता है।,सिनस 0 डिग्री का मान शून्य होता है।,2026-09-14 17:45:45
MATH_HI_0798,Hindi,Mathematics,"सांख्यिकी (समांतर माध्य, माध्यिका, बहुलक एवं परिसर)",Medium,एक श्रृंखला के सांख्यिकीय मानों का समांतर माध्य किसके बराबर है?,सभी वैश्विक मानों का योग किसी न किसी वैश्विक मान के साथ विभाजित होता है।,सभी वैश्विक मानों का योग विभाजित किया जाता है।,केवल संख्याओं का योग ज्ञात किया जाता है।,सभी वैश्विक मानों का योग किसी न किसी वैश्विक मान के साथ विभाजित नहीं होता है।,B,सभी वैश्विक मानों का योग विभाजित किया जाता है।,समांतर माध्य वैश्विक मानों का औसत है जिसे वैश्विक मानों की संख्या से विभाजित किया जाता है।,समांतर माध्य की परिभाषा है कि वैश्विक मानों का योग उनकी संख्या से विभाजित किया जाता है।,2026-09-14 17:46:39
MATH_HI_0799,Hindi,Mathematics,"सांख्यिकी (समांतर माध्य, माध्यिका, बहुलक एवं परिसर)",Medium,एक श्रृंखला की माध्यिका किस तकनीक का परिणाम है?,सबसे छोटा मान,सबसे बड़ा मान,मध्य का मान,सबसे अधिक बार आने वाला मान,C,मध्य का मान,माध्यिका श्रृंखला के मध्य बारी-बारी से आने वाले मान को दर्शाती है।,मध्य का मान श्रृंखला के डेटा के मध्य स्थानीय बारी-बारी से आने वाले मान को दर्शाता है जो दूसरे मानों से बड़ा नहीं और छोटा नहीं है।,2026-09-14 17:46:39
MATH_HI_0800,Hindi,Mathematics,"सांख्यिकी (समांतर माध्य, माध्यिका, बहुलक एवं परिसर)",Medium,एक श्रृंखला का बहुलक किस तरह का मान है?,सबसे छोटा मान,सबसे बड़ा मान,सबसे अधिक बार आने वाला मान,मध्य का मान,C,सबसे अधिक बार आने वाला मान,बहुलक श्रृंखला में सबसे अधिक बार आने वाले मान को दर्शाता है।,बहुलक श्रृंखला की मानों में सबसे अधिक बार आने वाले मान को दर्शाता है जो इस श्रृंखला का सबसे आम मान है।,2026-09-14 17:46:39
MATH_HI_0801,Hindi,Mathematics,"सांख्यिकी (समांतर माध्य, माध्यिका, बहुलक एवं परिसर)",Medium,एक श्रृंखला का परिसर किस तरह का अंतर है?,सबसे छोटा मान और सबसे बड़ा मान के बीच का अंतर,सबसे छोटा मान और मध्य का मान के बीच का अंतर,सबसे छोटा मान और बहुलक के बीच का अंतर,सबसे बड़ा मान और बहुलक के बीच का अंतर,A,सबसे छोटा मान और सबसे बड़ा मान के बीच का अंतर,परिसर श्रृंखला के सबसे छोटे और सबसे बड़े मानों के बीच का अंतर है।,परिसर एक श्रृंखला के दैनिक बारी-बारी से आने वाले मानों के सबसे छोटे और सबसे बड़े मानों के बीच का अंतर दर्शाता है।,2026-09-14 17:46:39
MATH_HI_0802,Hindi,Mathematics,"सांख्यिकी (समांतर माध्य, माध्यिका, बहुलक एवं परिसर)",Medium,"एक श्रृंखला में एक नया मान जोड़ा जाता है, तो समांतर माध्य किस प्रकार के प्रभाव में आता है?",समांतर माध्य बढ़ा जाता है,समांतर माध्य घट जाता है,समांतर माध्य नियमित रूप से बदलता रहता है,समांतर माध्य को निरंतर रखता रहता है,A,समांतर माध्य बढ़ा जाता है,एक नया मान जोड़ने पर समांतर माध्य बढ़ता है यदि यह मान वैश्विक मानों की औसत मान से बड़ा हो।,एक नया मान जोड़ने पर समांतर माध्य बढ़ा जाता है यदि यह मान वैश्विक मानों की औसत मान से बड़ा हो।,2026-09-14 17:46:39
MATH_HI_0803,Hindi,Mathematics,"सांख्यिकी (समांतर माध्य, माध्यिका, बहुलक एवं परिसर)",Medium,एक श्रृंखला की माध्यिका किस प्रकार का मान है?,सबसे छोटा मान,सबसे बड़ा मान,मध्य का मान,सबसे अधिक बार आने वाला मान,C,मध्य का मान,माध्यिका श्रृंखला के मध्य बारी-बारी से आने वाले मान को दर्शाती है।,माध्यिका श्रृंखला के मध्य बारी-बारी से आने वाले मान को दर्शाती है जो दूसरे मानों से बड़ा नहीं और छोटा नहीं है।,2026-09-14 17:46:39
MATH_HI_0804,Hindi,Mathematics,"सांख्यिकी (समांतर माध्य, माध्यिका, बहुलक एवं परिसर)",Medium,एक श्रृंखला की बहुलक किस प्रकार का मान है?,सबसे छोटा मान,सबसे बड़ा मान,सबसे अधिक बार आने वाला मान,मध्य का मान,C,सबसे अधिक बार आने वाला मान,बहुलक श्रृंखला में सबसे अधिक बार आने वाले मान को दर्शाता है।,बहुलक श्रृंखला में सबसे अधिक बार आने वाले मान को दर्शाता है जो इस श्रृंखला का सबसे आम मान है।,2026-09-14 17:46:39
MATH_HI_0805,Hindi,Mathematics,"सांख्यिकी (समांतर माध्य, माध्यिका, बहुलक एवं परिसर)",Medium,परिसर किस तरह का अंतर है?,सबसे छोटा मान और सबसे बड़ा मान के बीच का अंतर,सबसे छोटा मान और मध्य का मान के बीच का अंतर,सबसे छोटा मान और बहुलक के बीच का अंतर,सबसे बड़ा मान और बहुलक के बीच का अंतर,A,सबसे छोटा मान और सबसे बड़ा मान के बीच का अंतर,परिसर श्रृंखला के सबसे छोटे और सबसे बड़े मानों के बीच का अंतर है।,परिसर एक श्रृंखला के दैनिक बारी-बारी से आने वाले मानों के सबसे छोटे और सबसे बड़े मानों के बीच का अंतर दर्शाता है।,2026-09-14 17:46:39
MATH_HI_0806,Hindi,Mathematics,"सांख्यिकी (समांतर माध्य, माध्यिका, बहुलक एवं परिसर)",Medium,"एक श्रृंखला में दो नए मानों को जोड़ा जाता है, तो समांतर माध्य किस प्रकार के प्रभाव में आता है?",समांतर माध्य बढ़ा जाता है,समांतर माध्य घट जाता है,समांतर माध्य नियमित रूप से बदलता रहता है,समांतर माध्य को निरंतर रखता रहता है,C,समांतर माध्य नियमित रूप से बदलता रहता है,एक श्रृंखला में दो नए मानों को जोड़ने पर समांतर माध्य नियमित रूप से बदलता रहता है।,एक श्रृंखला में दो नए मानों को जोड़ने पर समांतर माध्य नियमित रूप से बदलता रहता है।,2026-09-14 17:46:39
MATH_HI_0807,Hindi,Mathematics,"सांख्यिकी (समांतर माध्य, माध्यिका, बहुलक एवं परिसर)",Medium,परिसर किस प्रकार का अंतर है?,सबसे छोटा मान और सबसे बड़ा मान के बीच का अंतर,सबसे छोटा मान और मध्य का मान के बीच का अंतर,सबसे छोटा मान और बहुलक के बीच का अंतर,सबसे बड़ा मान और बहुलक के बीच का अंतर,A,सबसे छोटा मान और सबसे बड़ा मान के बीच का अंतर,परिसर श्रृंखला के सबसे छोटे और सबसे बड़े मानों के बीच का अंतर है।,परिसर एक श्रृंखला के दैनिक बारी-बारी से आने वाले मानों के सबसे छोटे और सबसे बड़े मानों के बीच का अंतर दर्शाता है।,2026-09-14 17:46:39
MATH_HI_0808,Hindi,Mathematics,"क्रमचय, संचय एवं प्रायिकता के सिद्धांत",Hard,"एक घटना A की प्रायिकता 0.4 है, और यह घटना B की प्रायिकता 0.5 है, तो दो घटनाओं A और B की स्थानीय अपवाद प्रायिकता क्या होगी यदि ये अपवाद नहीं घटाते हैं?",0.1,0.3,0.9,0.0,B,0.3,यह उत्तर क्यों सही है क्योंकि दो घटनाओं की स्थानीय अपवाद प्रायिकता उनकी अपवाद नहीं घटाने की प्रायिकता का योग होती है।,"अपवाद नहीं घटाने की प्रायिकता की गणना करने के लिए, हम प्रायिकताओं को जोड़ते हैं, जिससे हम 0.4 + 0.5 = 0.9 प्राप्त करते हैं। लेकिन यह दो घटनाओं की स्थानीय अपवाद प्रायिकता नहीं है, इसके बजाय उनकी अपवाद नहीं घटाने की प्रायिकता है, जो 0.3 है।",2026-09-14 17:47:45
MATH_HI_0809,Hindi,Mathematics,"क्रमचय, संचय एवं प्रायिकता के सिद्धांत",Hard,"5 व्यक्तियों को 3 टोपली में व्यवस्थित किया जाता है, तो कितने तरीके से यह किया जा सकता है?",60,10,20,30,A,60,यह उत्तर क्यों सही है क्योंकि तीन टोपली में व्यक्तियों को व्यवस्थित करने के तरीके की गणना करने के लिए संचय और क्रमचय के सिद्धांत का उपयोग किया जाता है।,"5 व्यक्तियों को 3 टोपली में व्यवस्थित करने के तरीके की संख्या की गणना करने के लिए, हम क्रमचय और संचय का उपयोग करते हैं। यह 5P3 = 60 होगा।",2026-09-14 17:47:45
MATH_HI_0810,Hindi,Mathematics,"क्रमचय, संचय एवं प्रायिकता के सिद्धांत",Hard,"एक कक्ष में 8 विद्यार्थी हैं, जिनमें से 4 लड़के और 4 लड़कियाँ हैं। यदि दो विद्यार्थी यादृच्छिक रूप से चुने जाते हैं, तो दोनों लड़के या दोनों लड़कियाँ चुनने की प्रायिकता क्या है?",1/7,2/7,3/7,4/7,B,2/7,यह उत्तर क्यों सही है क्योंकि दोनों लड़के या दोनों लड़कियाँ चुनने की प्रायिकता गणना करने के लिए युग्म प्रायिकता का उपयोग किया जाता है।,"दो लड़के या दोनों लड़कियाँ चुनने की प्रायिकता की गणना करने के लिए, हम युग्म प्रायिकता का उपयोग करते हैं। यह (4/8) * (3/7) + (4/8) * (3/7) = 2/7 होगा।",2026-09-14 17:47:45
MATH_HI_0811,Hindi,Mathematics,"क्रमचय, संचय एवं प्रायिकता के सिद्धांत",Hard,"एक पासे की चार फेस को उछाला जाता है, तो प्रायिकता कितनी है कि चार फेस सभी इकाई नंबरों के रूप में आंक्य नहीं आंकें?",1/16,3/16,5/16,7/16,C,5/16,यह उत्तर क्यों सही है क्योंकि पासे के चार फेस सभी इकाई नंबरों के रूप में नहीं आंकने की प्रायिकता की गणना करने के लिए पूरक प्रायिकता का उपयोग किया जाता है।,"पासे के चार फेस सभी इकाई नंबरों के रूप में नहीं आंकने की प्रायिकता ज्ञात करने के लिए, हम पूरक प्रायिकता का उपयोग करते हैं। यह (1 - 1/16) = 15/16 का निरपवाद है, जिसमें 1/16 है जो इकाई नंबर आंकने की प्रायिकता है। इसलिए उत्तर 15/16 का निरपवाद है, जिसमें अवयव 1/16 है।",2026-09-14 17:47:45
MATH_HI_0812,Hindi,Mathematics,"क्रमचय, संचय एवं प्रायिकता के सिद्धांत",Hard,"3 व्यक्तियों को 4 गिटारों में व्यवस्थित किया जाता है, तो कितने तरीके से यह किया जा सकता है?",24,12,6,8,A,24,यह उत्तर क्यों सही है क्योंकि 4 गिटारों में 3 व्यक्तियों को व्यवस्थित करने के तरीके की गणना करने के लिए संचय और क्रमचय के सिद्धांत का उपयोग किया जाता है।,"3 व्यक्तियों को 4 गिटारों में व्यवस्थित करने के तरीके की संख्या की गणना करने के लिए, हम क्रमचय और संचय का उपयोग करते हैं। यह 4P3 = 24 होगा।",2026-09-14 17:47:45
MATH_HI_0813,Hindi,Mathematics,"क्रमचय, संचय एवं प्रायिकता के सिद्धांत",Hard,"5 विद्यार्थियों को 2 टोपली में विभाजित किया जाता है, तो कितने तरीके से यह किया जा सकता है?",10,20,30,40,B,20,यह उत्तर क्यों सही है क्योंकि 2 टोपली में 5 विद्यार्थियों को विभाजित करने के तरीके की गणना करने के लिए संचय और क्रमचय के सिद्धांत का उपयोग किया जाता है।,"5 विद्यार्थियों को 2 टोपली में विभाजित करने के तरीके की संख्या की गणना करने के लिए, हम संचय का उपयोग करते हैं। यह 5C2 = 10 होगा, लेकिन दो टोपली की दो अलग व्यवस्था भी उपलब्ध हैं, इसलिए उत्तर 2 * 10 = 20 है।",2026-09-14 17:47:45
MATH_HI_0814,Hindi,Mathematics,"क्रमचय, संचय एवं प्रायिकता के सिद्धांत",Hard,"एक विद्यालय में 6 छात्र और 4 छात्रियों का एक अनुपात है, जिनमें से 3 छात्र और 2 छात्रियाँ चुने जाते हैं, तो तीन छात्र और दो छात्रियाँ चुने जाने की प्रायिकता क्या है?",1/21,2/21,3/21,4/21,B,2/21,यह उत्तर क्यों सही है क्योंकि तीन छात्र और दो छात्रियाँ चुने जाने की प्रायिकता की गणना करने के लिए युग्म प्रायिकता का उपयोग किया जाता है।,"3 छात्र और 2 छात्रियाँ चुने जाने की प्रायिकता की गणना करने के लिए, हम युग्म प्रायिकता का उपयोग करते हैं। यह (6C3 * 4C2) / (10C5) = 2/21 होगा।",2026-09-14 17:47:45
MATH_HI_0815,Hindi,Mathematics,"क्रमचय, संचय एवं प्रायिकता के सिद्धांत",Hard,"5 विद्यार्थियों को 3 टोपली में विभाजित किया जाता है, तो कितने तरीके से यह किया जा सकता है?",10,20,30,40,B,20,यह उत्तर क्यों सही है क्योंकि 3 टोपली में 5 विद्यार्थियों को विभाजित करने के तरीके की गणना करने के लिए संचय और क्रमचय के सिद्धांत का उपयोग किया जाता है।,"5 विद्यार्थियों को 3 टोपली में विभाजित करने के तरीके की संख्या की गणना करने के लिए, हम संचय का उपयोग करते हैं। यह 5C2 * 3! = 20 होगा।",2026-09-14 17:47:45
MATH_HI_0816,Hindi,Mathematics,"क्रमचय, संचय एवं प्रायिकता के सिद्धांत",Hard,"4 विद्यार्थियों को 2 टोपली में विभाजित किया जाता है, तो कितने तरीके से यह किया जा सकता है?",10,20,30,40,A,10,यह उत्तर क्यों सही है क्योंकि 2 टोपली में 4 विद्यार्थियों को विभाजित करने के तरीके की गणना करने के लिए संचय और क्रमचय के सिद्धांत का उपयोग किया जाता है।,"4 विद्यार्थियों को 2 टोपली में विभाजित करने के तरीके की संख्या की गणना करने के लिए, हम संचय का उपयोग करते हैं। यह 4C2 = 6 होगा, लेकिन दो टोपली की दो अलग व्यवस्था भी उपलब्ध हैं, इसलिए उत्तर 2 * 6 = 12 है।",2026-09-14 17:47:45
MATH_HI_0817,Hindi,Mathematics,"क्रमचय, संचय एवं प्रायिकता के सिद्धांत",Hard,5 विद्यार्थियों में से 2 को चुनने की प्रायिकता कितनी है?,1/10,2/10,3/10,4/10,B,2/10,यह उत्तर क्यों सही है क्योंकि 5 विद्यार्थियों में से 2 को चुनने की प्रायिकता की गणना करने के लिए संकलन प्रायिकता का उपयोग किया जाता है।,"5 विद्यार्थियों में से 2 को चुनने की प्रायिकता की गणना करने के लिए, हम संकलन प्रायिकता का उपयोग करते हैं। यह (5C2) / (5C2) = 10 / 10 = 2/10 होगा।",2026-09-14 17:47:45
MATH_HI_0818,Hindi,Mathematics,"क्रमचय, संचय एवं प्रायिकता के सिद्धांत",Hard,4 विद्यार्थियों में से 2 को चुनने की प्रायिकता कितनी है?,1/6,2/6,3/6,4/6,B,2/6,यह उत्तर क्यों सही है क्योंकि 4 विद्यार्थियों में से 2 को चुनने की प्रायिकता की गणना करने के लिए संकलन प्रायिकता का उपयोग किया जाता है।,"4 विद्यार्थियों में से 2 को चुनने की प्रायिकता की गणना करने के लिए, हम संकलन प्रायिकता का उपयोग करते हैं। यह (4C2) / (4C2) = 6 / 6 = 2/6 होगा।",2026-09-14 17:47:45
MATH_HI_0819,Hindi,Mathematics,समांतर श्रेणी (AP) एवं गुणोत्तर श्रेणी (GP),Easy,"यदि एक समांतर श्रेणी में पहला पद 5 है तथा सार्वअंतर 3 है, तो आठवाँ पद क्या है?",20,23,25,28,B,23,सार्वअंतर ज्ञात करके आठवाँ पद निकाला गया है।,"समांतर श्रेणी का आठवाँ पद ज्ञात करने के लिए, हम पहले पद को 7 गुना सार्वअंतर जोड़ते हैं।",2026-09-14 17:48:22
MATH_HI_0820,Hindi,Mathematics,समांतर श्रेणी (AP) एवं गुणोत्तर श्रेणी (GP),Easy,"यदि 2, 6, 18, 54, ... एक गुणोत्तर श्रेणी है, तो आठवाँ पद क्या है?",486,540,583,648,A,486,गुणोत्तर श्रेणी का आठवाँ पद ज्ञात करने के लिए गुणोत्तर अनुपात का उपयोग किया गया है।,"गुणोत्तर श्रेणी का आठवाँ पद ज्ञात करने के लिए, हम पहले पद को गुणोत्तर अनुपात घात करते हैं।",2026-09-14 17:48:22
MATH_HI_0821,Hindi,Mathematics,समांतर श्रेणी (AP) एवं गुणोत्तर श्रेणी (GP),Easy,"यदि 3, 9, 27, 81, ... एक गुणोत्तर श्रेणी है, तो पांचवाँ पद क्या है?",153,243,324,405,B,243,गुणोत्तर श्रेणी का पांचवाँ पद ज्ञात करने के लिए गुणोत्तर अनुपात का उपयोग किया गया है।,"गुणोत्तर श्रेणी का पांचवाँ पद ज्ञात करने के लिए, हम पहले पद को गुणोत्तर अनुपात 4 गुना करते हैं।",2026-09-14 17:48:22
MATH_HI_0822,Hindi,Mathematics,समांतर श्रेणी (AP) एवं गुणोत्तर श्रेणी (GP),Easy,"यदि 5, 15, 45, 135, ... एक गुणोत्तर श्रेणी है, तो चौथा पद क्या है?",125,270,360,405,D,405,गुणोत्तर श्रेणी का चौथा पद ज्ञात करने के लिए गुणोत्तर अनुपात का उपयोग किया गया है।,"गुणोत्तर श्रेणी का चौथा पद ज्ञात करने के लिए, हम पहले पद को गुणोत्तर अनुपात 3 गुना करते हैं।",2026-09-14 17:48:22
MATH_HI_0823,Hindi,Mathematics,समांतर श्रेणी (AP) एवं गुणोत्तर श्रेणी (GP),Easy,"यदि 10, 20, 40, 80, ... एक गुणोत्तर श्रेणी है, तो आठवाँ पद क्या है?",120,250,256,512,C,256,गुणोत्तर श्रेणी का आठवाँ पद ज्ञात करने के लिए गुणोत्तर अनुपात का उपयोग किया गया है।,"गुणोत्तर श्रेणी का आठवाँ पद ज्ञात करने के लिए, हम पहले पद को गुणोत्तर अनुपात 7 गुना करते हैं।",2026-09-14 17:48:22
MATH_HI_0824,Hindi,Mathematics,समांतर श्रेणी (AP) एवं गुणोत्तर श्रेणी (GP),Easy,"यदि 2, 6, 18, 54, ... एक गुणोत्तर श्रेणी है, तो चौथा पद क्या है?",18,36,54,162,D,162,गुणोत्तर श्रेणी का चौथा पद ज्ञात करने के लिए गुणोत्तर अनुपात का उपयोग किया गया है।,"गुणोत्तर श्रेणी का चौथा पद ज्ञात करने के लिए, हम पहले पद को गुणोत्तर अनुपात 3 गुना करते हैं।",2026-09-14 17:48:22
MATH_HI_0825,Hindi,Mathematics,समांतर श्रेणी (AP) एवं गुणोत्तर श्रेणी (GP),Easy,"यदि 1, 4, 9, 16, ... एक समांतर श्रेणी है, तो आठवाँ पद क्या है?",25,36,49,64,B,36,सार्वअंतर ज्ञात करके आठवाँ पद निकाला गया है।,"समांतर श्रेणी का आठवाँ पद ज्ञात करने के लिए, हम पहले पद को 7 गुना सार्वअंतर जोड़ते हैं।",2026-09-14 17:48:22
MATH_HI_0826,Hindi,Mathematics,समांतर श्रेणी (AP) एवं गुणोत्तर श्रेणी (GP),Easy,"यदि 5, 10, 15, 20, ... एक समांतर श्रेणी है, तो चौथा पद क्या है?",10,15,20,25,C,20,सार्वअंतर ज्ञात करके चौथा पद निकाला गया है।,"समांतर श्रेणी का चौथा पद ज्ञात करने के लिए, हम पहले पद को 3 गुना सार्वअंतर जोड़ते हैं।",2026-09-14 17:48:22
MATH_HI_0827,Hindi,Mathematics,समांतर श्रेणी (AP) एवं गुणोत्तर श्रेणी (GP),Easy,"यदि 3, 6, 9, 12, ... एक समांतर श्रेणी है, तो आठवाँ पद क्या है?",15,18,21,24,D,24,सार्वअंतर ज्ञात करके आठवाँ पद निकाला गया है।,"समांतर श्रेणी का आठवाँ पद ज्ञात करने के लिए, हम पहले पद को 7 गुना सार्वअंतर जोड़ते हैं।",2026-09-14 17:48:22
MATH_HI_0828,Hindi,Mathematics,समांतर श्रेणी (AP) एवं गुणोत्तर श्रेणी (GP),Easy,"यदि 10, 20, 30, 40, ... एक समांतर श्रेणी है, तो चौथा पद क्या है?",20,30,40,50,D,50,सार्वअंतर ज्ञात करके चौथा पद निकाला गया है।,"समांतर श्रेणी का चौथा पद ज्ञात करने के लिए, हम पहले पद को 3 गुना सार्वअंतर जोड़ते हैं।",2026-09-14 17:48:22
MATH_HI_0829,Hindi,Mathematics,"संख्या पद्धति, अभाज्य संख्याएं, विभाज्यता एवं भिन्न",Medium,50 की कितनी बड़ी अभाज्य संख्या है?,47,51,53,59,C,53,53 एक अभाज्य संख्या है जो 50 की बड़ी है।,53 को किसी भी दूसरी संख्या से नहीं विभाजित किया जा सकता।,2026-09-14 17:48:51
MATH_HI_0830,Hindi,Mathematics,"संख्या पद्धति, अभाज्य संख्याएं, विभाज्यता एवं भिन्न",Medium,"यदि 12 और 18 का सबसे छोटा सामान्य गुणनफल (LCM) है, तो वह संख्या कितनी है?",36,48,60,72,A,36,12 और 18 का सबसे छोटा सामान्य गुणनफल 36 है।,12 और 18 का LCM 36 जो दोनों संख्याओं के गुणनफल से छोटा है।,2026-09-14 17:48:51
MATH_HI_0831,Hindi,Mathematics,"संख्या पद्धति, अभाज्य संख्याएं, विभाज्यता एवं भिन्न",Medium,12 और 18 का महत्त्वांकित गुणनफल (HCF) कितना है?,3,6,9,12,B,6,12 और 18 का HCF 6 है।,"12 और 18 के कौन-सी संख्या सबसे बड़ी तथा दोनों से विभाजित होती है, वह 6 है।",2026-09-14 17:48:51
MATH_HI_0832,Hindi,Mathematics,"संख्या पद्धति, अभाज्य संख्याएं, विभाज्यता एवं भिन्न",Medium,15 और 20 का गुणनफल कितना है?,25,30,35,35,B,30,15 और 20 का गुणनफल 30 है।,"15 और 20 का गुणनफल यादृच्छिक रूप से नहीं निकाला जा सकता, बल्कि दोनों संख्याओं का गुणनफल निर्धारित करना होता है।",2026-09-14 17:48:51
MATH_HI_0833,Hindi,Mathematics,"संख्या पद्धति, अभाज्य संख्याएं, विभाज्यता एवं भिन्न",Medium,18 को एक अभाज्य और एक विभाज्य संख्या के गुणनफल के रूप में लिखें।,2 x 9,3 x 6,5 x 3,7 x 3,B,3 x 6,18 को 3 और 6 के गुणनफल के रूप में लिखा जा सकता है।,3 और 6 दोनों अभाज्य और विभाज्य संख्याएँ हैं जिनका गुणनफल 18 है।,2026-09-14 17:48:51
MATH_HI_0834,Hindi,Mathematics,"संख्या पद्धति, अभाज्य संख्याएं, विभाज्यता एवं भिन्न",Medium,144 का वर्गमूल कितना है?,10,12,14,16,B,12,144 का वर्गमूल 12 है।,"12 x 12 = 144, इसलिए 144 का वर्गमूल 12 है।",2026-09-14 17:48:51
MATH_HI_0835,Hindi,Mathematics,"संख्या पद्धति, अभाज्य संख्याएं, विभाज्यता एवं भिन्न",Medium,24 को जितने बार विभाजित किया जा सकता है ताकि यह भिन्न 1/3 के रूप में लिखा जा सके?,3,4,5,6,D,6,24 को 6 बार विभाजित किया जा सकता है।,24 को 6 बार विभाजित करने पर यह 1/3 के रूप में लिखा जा सकता है।,2026-09-14 17:48:51
MATH_HI_0836,Hindi,Mathematics,"संख्या पद्धति, अभाज्य संख्याएं, विभाज्यता एवं भिन्न",Medium,15/25 को सरल किया जा सकता है?,3/5,4/5,6/10,7/10,A,3/5,15/25 को सरल करने पर 3/5 आता है।,15 और 25 के न्यूनतम सामान्य गुणनखंड (HCF) 5 है। इसके बाद 15/25 को 5 से विभाजित करने पर 3/5 आता है।,2026-09-14 17:48:51
MATH_HI_0837,Hindi,Mathematics,"संख्या पद्धति, अभाज्य संख्याएं, विभाज्यता एवं भिन्न",Medium,36 को जितने बार विभाजित किया जा सकता है ताकि यह भिन्न 1/9 के रूप में लिखा जा सके?,4,5,6,7,C,6,36 को 6 बार विभाजित किया जा सकता है।,36 को 6 बार विभाजित करने पर यह 1/9 के रूप में लिखा जा सकता है।,2026-09-14 17:48:51
MATH_HI_0838,Hindi,Mathematics,"संख्या पद्धति, अभाज्य संख्याएं, विभाज्यता एवं भिन्न",Medium,54 के अभाज्य गुणनखंड कितने हैं?,2,3,4,5,B,3,54 के अभाज्य गुणनखंड 3 हैं।,"54 = 2 x 3 x 3 x 3, इसलिए इसके अभाज्य गुणनखंड 3 हैं।",2026-09-14 17:48:51
MATH_HI_0839,Hindi,Mathematics,महत्तम समापवर्तक (HCF) एवं लघुत्तम समापवर्त्य (LCM),Hard,"यदि दो संख्याओं 120 और 180 का महत्तम समापवर्तक तथा लघुत्तम समापवर्त्य क्रमशः 24 और x हैं, तो x का मान क्या है?",360,720,240,120,B,720,लघुत्तम समापवर्त्य (LCM) दो संख्याओं के गुणनफल के बराबर होता है।,120 और 180 का गुणनफल = 21600। उनका महत्तम समापवर्तक 24 है। इसलिए उनका लघुत्तम समापवर्त्य = (120 * 180) / 24 = 1080 / 4 = 720।,2026-09-14 17:49:29
MATH_HI_0840,Hindi,Mathematics,महत्तम समापवर्तक (HCF) एवं लघुत्तम समापवर्त्य (LCM),Hard,"यदि तीन संख्याओं 24, 36 और 48 का लघुत्तम समापवर्त्य x है, तो उनका महत्तम समापवर्तक क्या होगा?",12,24,48,6,A,12,तीन संख्याओं का महत्तम समापवर्तक उनकी सभी संख्याओं के गुणनखंडों का यह सबसे छोटा संख्या होगा।,"24, 36 और 48 का महत्तम समापवर्तक 12 है।",2026-09-14 17:49:29
MATH_HI_0841,Hindi,Mathematics,महत्तम समापवर्तक (HCF) एवं लघुत्तम समापवर्त्य (LCM),Hard,"यदि दो संख्याओं का लघुत्तम समापवर्त्य 120 और उनका महत्तम समापवर्तक 8 है, तो उनका गुणनफल क्या है?",960,1280,1600,2400,D,2400,दो संख्याओं का गुणनफल उनके लघुत्तम समापवर्त्य और महत्तम समापवर्तक का गुणनफल के बराबर होता है।,2400 = 120 * 8।,2026-09-14 17:49:29
MATH_HI_0842,Hindi,Mathematics,महत्तम समापवर्तक (HCF) एवं लघुत्तम समापवर्त्य (LCM),Hard,"यदि दो संख्याओं 180 और 240 का लघुत्तम समापवर्त्य 1200 है, तो उनका महत्तम समापवर्तक क्या है?",24,36,48,54,B,36,दो संख्याओं का गुणनफल उनके लघुत्तम समापवर्त्य और महत्तम समापवर्तक का गुणनफल के बराबर होता है।,180 * 240 = 1200 * 36।,2026-09-14 17:49:29
MATH_HI_0843,Hindi,Mathematics,महत्तम समापवर्तक (HCF) एवं लघुत्तम समापवर्त्य (LCM),Hard,"यदि तीन संख्याओं 12, 18 और 30 का लघुत्तम समापवर्त्य 90 है, तो उनका महत्तम समापवर्तक क्या है?",2,3,6,9,C,6,दो संख्याओं का महत्तम समापवर्तक उनके सभी गुणनखंडों में से सबसे बड़ा गुणनखंड होता है।,"12, 18 और 30 का महत्तम समापवर्तक 6 है।",2026-09-14 17:49:29
MATH_HI_0844,Hindi,Mathematics,महत्तम समापवर्तक (HCF) एवं लघुत्तम समापवर्त्य (LCM),Hard,"यदि दो संख्याओं का लघुत्तम समापवर्त्य 180 और उनका महत्तम समापवर्तक 15 है, तो उनका गुणनफल क्या है?",2700,3600,4500,5400,D,5400,दो संख्याओं का गुणनफल उनके लघुत्तम समापवर्त्य और महत्तम समापवर्तक का गुणनफल के बराबर होता है।,5400 = 180 * 15 * 2।,2026-09-14 17:49:29
MATH_HI_0845,Hindi,Mathematics,महत्तम समापवर्तक (HCF) एवं लघुत्तम समापवर्त्य (LCM),Hard,"यदि दो संख्याओं 36 और 48 का लघुत्तम समापवर्त्य 144 है, तो उनका महत्तम समापवर्तक क्या है?",4,6,8,12,D,12,दो संख्याओं का गुणनफल उनके लघुत्तम समापवर्त्य और महत्तम समापवर्तक का गुणनफल के बराबर होता है।,36 * 48 = 144 * 12।,2026-09-14 17:49:29
MATH_HI_0846,Hindi,Mathematics,महत्तम समापवर्तक (HCF) एवं लघुत्तम समापवर्त्य (LCM),Hard,"यदि दो संख्याओं का लघुत्तम समापवर्त्य 240 और उनका महत्तम समापवर्तक 10 है, तो उनका गुणनफल क्या है?",2400,24000,240000,2400000,B,24000,दो संख्याओं का गुणनफल उनके लघुत्तम समापवर्त्य और महत्तम समापवर्तक का गुणनफल के बराबर होता है।,240 * 10 = 2400।,2026-09-14 17:49:29
MATH_HI_0847,Hindi,Mathematics,महत्तम समापवर्तक (HCF) एवं लघुत्तम समापवर्त्य (LCM),Hard,"यदि दो संख्याओं का लघुत्तम समापवर्त्य 120 और उनका महत्तम समापवर्तक 10 है, तो उनका गुणनफल क्या है?",1200,12000,120000,1200000,B,12000,दो संख्याओं का गुणनफल उनके लघुत्तम समापवर्त्य और महत्तम समापवर्तक का गुणनफल के बराबर होता है।,120 * 10 = 1200।,2026-09-14 17:49:29
MATH_HI_0848,Hindi,Mathematics,"प्रतिशत, लाभ, हानि एवं बट्टा (Discount)",Easy,"यदि एक किताब का मूल मूल्य 500 रुपये है और बट्टा 10% है, तो बट्टे वाले मूल्य क्या होगा?",450 रुपये,490 रुपये,550 रुपये,510 रुपये,A,450 रुपये,बट्टे वाले मूल्य मूल मूल्य से 10% कम होता है।,मूल मूल्य से 10% कम करने पर बट्टे वाला मूल्य निकलता है: 500 - (500 * 10 / 100) = 450 रुपये।,2026-09-14 17:50:14
MATH_HI_0849,Hindi,Mathematics,"प्रतिशत, लाभ, हानि एवं बट्टा (Discount)",Easy,"यदि एक टीशर का बट्टा 20% है और बट्टे वाला मूल्य 1200 रुपये है, तो टीशर का मूल मूल्य कितना होगा?",1000 रुपये,1200 रुपये,1500 रुपये,1600 रुपये,D,1600 रुपये,बट्टे वाले मूल्य मूल मूल्य से बट्टे की प्रतिशत कमी होता है।,बट्टे की 20% कमी को उठाकर मूल मूल्य निकलता है: 1200 / (1 - 20/100) = 1500 रुपये।,2026-09-14 17:50:14
MATH_HI_0850,Hindi,Mathematics,"प्रतिशत, लाभ, हानि एवं बट्टा (Discount)",Easy,"यदि किसी वस्तु का लाभ 25% है और इसका बट्टा 10% है, तो बट्टे वाले वस्तु का लाभ कितना होगा?",15%,22%,25%,30%,B,22%,बट्टे वाले वस्तु का लाभ मूल मूल्य से बट्टे के तहत बढ़ा होता है।,मूल मूल्य में 25% लाभ और बट्टे के 10% तहत लाभ को जोड़कर 22% लाभ निकलता है।,2026-09-14 17:50:14
MATH_HI_0851,Hindi,Mathematics,"प्रतिशत, लाभ, हानि एवं बट्टा (Discount)",Easy,"यदि एक कार का बट्टा 15% है और इसका बट्टे वाला मूल्य 170,000 रुपये है, तो कार का मूल मूल्य कितना होगा?","150,000 रुपये","180,000 रुपये","200,000 रुपये","220,000 रुपये",C,"200,000 रुपये",बट्टे वाले मूल्य मूल मूल्य से बट्टे की प्रतिशत कमी होता है।,"बट्टे की 15% कमी को उठाकर मूल मूल्य निकलता है: 170,000 / (1 - 15/100) = 200,000 रुपये।",2026-09-14 17:50:14
MATH_HI_0852,Hindi,Mathematics,"प्रतिशत, लाभ, हानि एवं बट्टा (Discount)",Easy,"यदि एक टेलीविजन का बट्टा 20% है और इसका बट्टे वाला मूल्य 32,000 रुपये है, तो टेलीविजन का मूल मूल्य कितना होगा?","30,000 रुपये","32,000 रुपये","36,000 रुपये","40,000 रुपये",D,"40,000 रुपये",बट्टे वाले मूल्य मूल मूल्य से बट्टे की प्रतिशत कमी होता है।,"बट्टे की 20% कमी को उठाकर मूल मूल्य निकलता है: 32,000 / (1 - 20/100) = 40,000 रुपये।",2026-09-14 17:50:14
MATH_HI_0853,Hindi,Mathematics,"प्रतिशत, लाभ, हानि एवं बट्टा (Discount)",Easy,"यदि एक टेलीफोन का मूल मूल्य 8,000 रुपये है और इसका लाभ 20% है, तो लाभ कितना होगा?","1,000 रुपये","1,500 रुपये","2,000 रुपये","2,500 रुपये",C,"2,000 रुपये",लाभ मूल मूल्य से लाभ की प्रतिशत गुणा करके निकाला जाता है।,"मूल मूल्य से 20% लाभ निकलता है: 8,000 * 20/100 = 1,600 रुपये।",2026-09-14 17:50:14
MATH_HI_0854,Hindi,Mathematics,"प्रतिशत, लाभ, हानि एवं बट्टा (Discount)",Easy,"यदि एक टेलीविजन का बट्टा 25% है और इसका बट्टे वाला मूल्य 48,000 रुपये है, तो टेलीविजन का मूल मूल्य कितना होगा?","40,000 रुपये","50,000 रुपये","60,000 रुपये","70,000 रुपये",B,"50,000 रुपये",बट्टे वाले मूल्य मूल मूल्य से बट्टे की प्रतिशत कमी होता है।,"बट्टे की 25% कमी को उठाकर मूल मूल्य निकलता है: 48,000 / (1 - 25/100) = 64,000 रुपये।",2026-09-14 17:50:14
MATH_HI_0855,Hindi,Mathematics,"प्रतिशत, लाभ, हानि एवं बट्टा (Discount)",Easy,"यदि एक टेलीफोन का बट्टा 15% है और इसका बट्टे वाला मूल्य 13,600 रुपये है, तो टेलीफोन का मूल मूल्य कितना होगा?","12,000 रुपये","13,000 रुपये","14,000 रुपये","15,000 रुपये",A,"12,000 रुपये",बट्टे वाले मूल्य मूल मूल्य से बट्टे की प्रतिशत कमी होता है।,"बट्टे की 15% कमी को उठाकर मूल मूल्य निकलता है: 13,600 / (1 - 15/100) = 16,000 रुपये।",2026-09-14 17:50:14
MATH_HI_0856,Hindi,Mathematics,"प्रतिशत, लाभ, हानि एवं बट्टा (Discount)",Easy,"यदि एक किताब का बट्टा 10% है और इसका बट्टे वाला मूल्य 450 रुपये है, तो बट्टे वाले मूल्य कितना होगा?",400 रुपये,450 रुपये,500 रुपये,550 रुपये,C,500 रुपये,बट्टे वाले मूल्य मूल मूल्य से बट्टे की प्रतिशत कमी होता है।,बट्टे की 10% कमी को उठाकर मूल मूल्य निकलता है: 450 / (1 - 10/100) = 500 रुपये।,2026-09-14 17:50:14
MATH_HI_0857,Hindi,Mathematics,"प्रतिशत, लाभ, हानि एवं बट्टा (Discount)",Easy,"यदि एक टेलीफोन का बट्टा 20% है और इसका बट्टे वाला मूल्य 24,000 रुपये है, तो टेलीफोन का मूल मूल्य कितना होगा?","20,000 रुपये","24,000 रुपये","30,000 रुपये","36,000 रुपये",A,"20,000 रुपये",बट्टे वाले मूल्य मूल मूल्य से बट्टे की प्रतिशत कमी होता है।,"बट्टे की 20% कमी को उठाकर मूल मूल्य निकलता है: 24,000 / (1 - 20/100) = 30,000 रुपये।",2026-09-14 17:50:14
MATH_HI_0858,Hindi,Mathematics,साधारण ब्याज एवं चक्रवृद्धि ब्याज,Medium,"यदि रु 5,000 का साधारण ब्याज दर 8% पर 2 वर्षों के लिए जमा किया जाता है, तो कुल ब्याज कितना होगा?",रु 400,रु 800,"रु 1,000","रु 1,200",B,रु 800,साधारण ब्याज की गणना करने का फार्मूला रु (मूलधन × दर × समय) / 100 है।,"रु 5,000 का 8% ब्याज 2 वर्षों के लिए 2 × 8 = 16 बार लगेगा, जो 16% ब्याज बनाएगा। इसलिए ब्याज = (5,000 × 8 × 2) / 100 = 800 रु।",2026-09-14 17:51:04
MATH_HI_0859,Hindi,Mathematics,साधारण ब्याज एवं चक्रवृद्धि ब्याज,Medium,"यदि रु 10,000 का 4 वर्षों के लिए चक्रवृद्धि ब्याज दर 10% पर जमा किया जाता है, तो चक्रवृद्धि ब्याज कितना होगा?","रु 4,000","रु 4,240","रु 4,400","रु 4,641",D,"रु 4,641",चक्रवृद्धि ब्याज की गणना करने का फार्मूला रु (मूलधन × (1 + दर)^समय - मूलधन) है।,"चक्रवृद्धि ब्याज = 10,000 × (1 + 0.10)^4 - 10,000 = 10,000 × 1.4641 - 10,000 = 4,641 रु।",2026-09-14 17:51:04
MATH_HI_0860,Hindi,Mathematics,साधारण ब्याज एवं चक्रवृद्धि ब्याज,Medium,"यदि रु 12,000 का साधारण ब्याज दर 6% पर 3 वर्षों के लिए जमा किया जाता है, तो ब्याज राशि कितनी होगी?","रु 2,000","रु 2,160","रु 2,200","रु 2,300",B,"रु 2,160",साधारण ब्याज की गणना करने का फार्मूला रु (मूलधन × दर × समय) / 100 है।,"ब्याज = (12,000 × 6 × 3) / 100 = 2,160 रु।",2026-09-14 17:51:04
MATH_HI_0861,Hindi,Mathematics,साधारण ब्याज एवं चक्रवृद्धि ब्याज,Medium,"यदि रु 15,000 का 5 वर्षों के लिए चक्रवृद्धि ब्याज दर 5% पर जमा किया जाता है, तो चक्रवृद्धि ब्याज राशि कितनी होगी?","रु 3,750","रु 3,796.88","रु 3,800","रु 3,820",B,"रु 3,796.88",चक्रवृद्धि ब्याज की गणना करने का फार्मूला रु (मूलधन × (1 + दर)^समय - मूलधन) है।,"चक्रवृद्धि ब्याज = 15,000 × (1 + 0.05)^5 - 15,000 = 15,000 × 1.27628 - 15,000 = 3,796.88 रु।",2026-09-14 17:51:04
MATH_HI_0862,Hindi,Mathematics,साधारण ब्याज एवं चक्रवृद्धि ब्याज,Medium,"यदि रु 20,000 का 2 वर्षों के लिए चक्रवृद्धि ब्याज दर 8% पर जमा किया जाता है, तो चक्रवृद्धि ब्याज कितना होगा?","रु 3,200","रु 3,328","रु 3,400","रु 3,500",B,"रु 3,328",चक्रवृद्धि ब्याज की गणना करने का फार्मूला रु (मूलधन × (1 + दर)^समय - मूलधन) है।,"चक्रवृद्धि ब्याज = 20,000 × (1 + 0.08)^2 - 20,000 = 20,000 × 1.1664 - 20,000 = 3,328 रु।",2026-09-14 17:51:04
MATH_HI_0863,Hindi,Mathematics,साधारण ब्याज एवं चक्रवृद्धि ब्याज,Medium,"यदि रु 25,000 का साधारण ब्याज दर 7% पर 4 वर्षों के लिए जमा किया जाता है, तो ब्याज कितना होगा?","रु 7,000","रु 7,350","रु 7,500","रु 7,800",B,"रु 7,350",साधारण ब्याज की गणना करने का फार्मूला रु (मूलधन × दर × समय) / 100 है।,"ब्याज = (25,000 × 7 × 4) / 100 = 7,350 रु।",2026-09-14 17:51:04
MATH_HI_0864,Hindi,Mathematics,साधारण ब्याज एवं चक्रवृद्धि ब्याज,Medium,"यदि रु 30,000 का 3 वर्षों के लिए चक्रवृद्धि ब्याज दर 6% पर जमा किया जाता है, तो चक्रवृद्धि ब्याज कितना होगा?","रु 5,400","रु 5,512.80","रु 5,550","रु 5,600",B,"रु 5,512.80",चक्रवृद्धि ब्याज की गणना करने का फार्मूला रु (मूलधन × (1 + दर)^समय - मूलधन) है।,"चक्रवृद्धि ब्याज = 30,000 × (1 + 0.06)^3 - 30,000 = 30,000 × 1.19102 - 30,000 = 5,512.80 रु।",2026-09-14 17:51:04
MATH_HI_0865,Hindi,Mathematics,साधारण ब्याज एवं चक्रवृद्धि ब्याज,Medium,"यदि रु 40,000 का साधारण ब्याज दर 5% पर 5 वर्षों के लिए जमा किया जाता है, तो ब्याज कितना होगा?","रु 10,000","रु 10,200","रु 10,500","रु 10,800",B,"रु 10,200",साधारण ब्याज की गणना करने का फार्मूला रु (मूलधन × दर × समय) / 100 है।,"ब्याज = (40,000 × 5 × 5) / 100 = 10,200 रु।",2026-09-14 17:51:04
MATH_HI_0866,Hindi,Mathematics,साधारण ब्याज एवं चक्रवृद्धि ब्याज,Medium,"यदि रु 50,000 का 4 वर्षों के लिए चक्रवृद्धि ब्याज दर 7% पर जमा किया जाता है, तो चक्रवृद्धि ब्याज कितना होगा?","रु 14,000","रु 14,282","रु 14,500","रु 14,750",B,"रु 14,282",चक्रवृद्धि ब्याज की गणना करने का फार्मूला रु (मूलधन × (1 + दर)^समय - मूलधन) है।,"चक्रवृद्धि ब्याज = 50,000 × (1 + 0.07)^4 - 50,000 = 50,000 × 1.31079 - 50,000 = 14,282 रु।",2026-09-14 17:51:04
MATH_HI_0867,Hindi,Mathematics,साधारण ब्याज एवं चक्रवृद्धि ब्याज,Medium,"यदि रु 60,000 का 5 वर्षों के लिए चक्रवृद्धि ब्याज दर 4% पर जमा किया जाता है, तो चक्रवृद्धि ब्याज कितना होगा?","रु 12,000","रु 12,168","रु 12,200","रु 12,250",B,"रु 12,168",चक्रवृद्धि ब्याज की गणना करने का फार्मूला रु (मूलधन × (1 + दर)^समय - मूलधन) है।,"चक्रवृद्धि ब्याज = 60,000 × (1 + 0.04)^5 - 60,000 = 60,000 × 1.21665 - 60,000 = 12,168 रु।",2026-09-14 17:51:04
MATH_HI_0868,Hindi,Mathematics,साधारण ब्याज एवं चक्रवृद्धि ब्याज,Medium,"यदि रु 70,000 का 3 वर्षों के लिए चक्रवृद्धि ब्याज दर 6% पर जमा किया जाता है, तो चक्रवृद्धि ब्याज कितना होगा?","रु 12,600","रु 12,840","रु 13,000","रु 13,200",B,"रु 12,840",चक्रवृद्धि ब्याज की गणना करने का फार्मूला रु (मूलधन × (1 + दर)^समय - मूलधन) है।,"चक्रवृद्धि ब्याज = 70,000 × (1 + 0.06)^3 - 70,000 = 70,000 × 1.19102 - 70,000 = 12,840 रु।",2026-09-14 17:51:04
MATH_HI_0869,Hindi,Mathematics,"अनुपात, समानुपात एवं मिश्रण (Alligation)",Medium,15 लीटर एक बर्तन में 10% की बद्दल और 30% की बद्दल का मिश्रण कितना लीटर का बाकी बद्दल होगा यदि व्यवस्थापक 5 लीटर बद्दल रिसेव करता है?,6 लीटर,7 लीटर,8 लीटर,9 लीटर,D,9 लीटर,सही उत्तर क्यों है क्योंकि व्यवस्थापक ने कुल 5 लीटर बद्दल रिसेव किया जिसमें 3 लीटर 10% बद्दल और 2 लीटर 30% बद्दल है जो 8 लीटर बाकी बद्दल को बदल देता है।,यहाँ 5 लीटर मिश्रण में 3 लीटर 10% और 2 लीटर 30% बद्दल है जो कि 8 लीटर बाकी बद्दल को बदल देता है।,2026-09-14 17:51:49
MATH_HI_0870,Hindi,Mathematics,"अनुपात, समानुपात एवं मिश्रण (Alligation)",Medium,यदि 50 लीटर दूध का 20% और 70 लीटर दूध का 10% मिश्रण कितना लीटर का दूध मिलेगा?,25 लीटर,30 लीटर,35 लीटर,40 लीटर,C,35 लीटर,सही उत्तर क्यों है क्योंकि दूध का 20% और 10% मिश्रण किया जाता है।,50 लीटर दूध में 20% और 70 लीटर दूध में 10% अलग-अलग मिश्रण किया जाता है जो कि 35 लीटर दूध का मिश्रण बनाता है।,2026-09-14 17:51:49
MATH_HI_0871,Hindi,Mathematics,"अनुपात, समानुपात एवं मिश्रण (Alligation)",Medium,यदि 40 लीटर दूध में 20% और 30% का मिश्रण कितना लीटर का दूध मिलेगा?,28 लीटर,30 लीटर,32 लीटर,36 लीटर,C,32 लीटर,सही उत्तर क्यों है क्योंकि दूध का 20% और 20% मिश्रण किया जाता है।,40 लीटर दूध में 20% और 20% अलग-अलग मिश्रण किया जाता है जो कि 32 लीटर दूध का मिश्रण बनाता है।,2026-09-14 17:51:49
MATH_HI_0872,Hindi,Mathematics,"अनुपात, समानुपात एवं मिश्रण (Alligation)",Medium,यदि एक बर्तन में 12 लीटर 20% और 18 लीटर 30% का मिश्रण कितना लीटर का 25% मिश्रण बनाया जा सकता है?,14 लीटर,16 लीटर,18 लीटर,20 लीटर,B,16 लीटर,सही उत्तर क्यों है क्योंकि 12 लीटर 20% और 18 लीटर 30% का मिश्रण किया जाता है।,12 लीटर 20% और 18 लीटर 30% का मिश्रण किया जाता है जो कि 16 लीटर 25% मिश्रण बनाता है।,2026-09-14 17:51:49
MATH_HI_0873,Hindi,Mathematics,"अनुपात, समानुपात एवं मिश्रण (Alligation)",Medium,यदि एक बर्तन में 20 लीटर 10% और 30 लीटर 20% का मिश्रण कितना लीटर का 15% मिश्रण बनाया जा सकता है?,22 लीटर,24 लीटर,26 लीटर,28 लीटर,B,24 लीटर,सही उत्तर क्यों है क्योंकि 20 लीटर 10% और 30 लीटर 20% का मिश्रण किया जाता है।,20 लीटर 10% और 30 लीटर 20% का मिश्रण किया जाता है जो कि 24 लीटर 15% मिश्रण बनाता है।,2026-09-14 17:51:49
MATH_HI_0874,Hindi,Mathematics,"अनुपात, समानुपात एवं मिश्रण (Alligation)",Medium,यदि 50 लीटर दूध में 25% और 75% का मिश्रण कितना लीटर का 40% मिश्रण बनाया जा सकता है?,40 लीटर,42 लीटर,45 लीटर,48 लीटर,D,48 लीटर,सही उत्तर क्यों है क्योंकि 50 लीटर दूध में 25% और 75% का मिश्रण किया जाता है।,50 लीटर दूध में 25% और 75% का मिश्रण किया जाता है जो कि 48 लीटर 40% मिश्रण बनाता है।,2026-09-14 17:51:49
MATH_HI_0875,Hindi,Mathematics,"अनुपात, समानुपात एवं मिश्रण (Alligation)",Medium,यदि एक बर्तन में 15 लीटर 30% और 25 लीटर 20% का मिश्रण कितना लीटर का 25% मिश्रण बनाया जा सकता है?,20 लीटर,22 लीटर,24 लीटर,26 लीटर,C,24 लीटर,सही उत्तर क्यों है क्योंकि 15 लीटर 30% और 25 लीटर 20% का मिश्रण किया जाता है।,15 लीटर 30% और 25 लीटर 20% का मिश्रण किया जाता है जो कि 24 लीटर 25% मिश्रण बनाता है।,2026-09-14 17:51:49
MATH_HI_0876,Hindi,Mathematics,"अनुपात, समानुपात एवं मिश्रण (Alligation)",Medium,यदि एक बर्तन में 30 लीटर 40% और 40 लीटर 30% का मिश्रण कितना लीटर का 35% मिश्रण बनाया जा सकता है?,32 लीटर,34 लीटर,36 लीटर,38 लीटर,C,36 लीटर,सही उत्तर क्यों है क्योंकि 30 लीटर 40% और 40 लीटर 30% का मिश्रण किया जाता है।,30 लीटर 40% और 40 लीटर 30% का मिश्रण किया जाता है जो कि 36 लीटर 35% मिश्रण बनाता है।,2026-09-14 17:51:49
MATH_HI_0877,Hindi,Mathematics,"अनुपात, समानुपात एवं मिश्रण (Alligation)",Medium,यदि एक बर्तन में 25 लीटर 50% और 20 लीटर 25% का मिश्रण कितना लीटर का 37.5% मिश्रण बनाया जा सकता है?,22 लीटर,24 लीटर,26 लीटर,28 लीटर,B,24 लीटर,सही उत्तर क्यों है क्योंकि 25 लीटर 50% और 20 लीटर 25% का मिश्रण किया जाता है।,25 लीटर 50% और 20 लीटर 25% का मिश्रण किया जाता है जो कि 24 लीटर 37.5% मिश्रण बनाता है।,2026-09-14 17:51:49
MATH_HI_0878,Hindi,Mathematics,"अनुपात, समानुपात एवं मिश्रण (Alligation)",Medium,यदि एक बर्तन में 10 लीटर 60% और 30 लीटर 40% का मिश्रण कितना लीटर का 48% मिश्रण बनाया जा सकता है?,20 लीटर,22 लीटर,24 लीटर,26 लीटर,C,24 लीटर,सही उत्तर क्यों है क्योंकि 10 लीटर 60% और 30 लीटर 40% का मिश्रण किया जाता है।,10 लीटर 60% और 30 लीटर 40% का मिश्रण किया जाता है जो कि 24 लीटर 48% मिश्रण बनाता है।,2026-09-14 17:51:49
MATH_HI_0879,Hindi,Mathematics,"औसत, आयु संबंधी समस्याएं एवं साझेदारी",Easy,यदि दो व्यक्ति की आयु का औसत 30 वर्ष है और उनकी आयु क्रमशः 25 वर्ष और x वर्ष है तो x का मान कितना है?,25 वर्ष,30 वर्ष,35 वर्ष,40 वर्ष,C,35 वर्ष,"यह उत्तर क्यों है वहीं कि दोनों आयु का औसत 30 वर्ष है और एक आयु 25 वर्ष है, तो दूसरी आयु को निकालने की गणना करने पर 35 वर्ष मिलता है।","दोनों आयु का योग 30 वर्ष गुणा 2 है, जो 60 वर्ष है। यदि एक आयु 25 वर्ष है तो दूसरी आयु को निकालने पर 35 वर्ष मिलता है।",2026-09-14 17:53:00
MATH_HI_0880,Hindi,Mathematics,"औसत, आयु संबंधी समस्याएं एवं साझेदारी",Easy,"यदि तीन व्यक्ति की आयु का औसत 25 वर्ष है और उनकी आयु क्रमशः 20 वर्ष, 25 वर्ष और y वर्ष है तो y का मान कितना है?",20 वर्ष,25 वर्ष,30 वर्ष,35 वर्ष,C,30 वर्ष,यह उत्तर क्यों है वहीं कि तीन व्यक्ति की आयु का औसत 25 वर्ष है और दोनों आयु 20 वर्ष और 25 वर्ष है तो तीसरी आयु को निकालने की गणना करने पर 30 वर्ष मिलता है।,"तीन आयु का योग 25 वर्ष गुणा 3 है, जो 75 वर्ष है। यदि दो आयु 20 वर्ष और 25 वर्ष है तो तीसरी आयु को निकालने पर 30 वर्ष मिलता है।",2026-09-14 17:53:00
MATH_HI_0881,Hindi,Mathematics,"औसत, आयु संबंधी समस्याएं एवं साझेदारी",Easy,"यदि चार व्यक्ति की आयु का औसत 30 वर्ष है और उनकी आयु क्रमशः 20 वर्ष, 30 वर्ष और 40 वर्ष है तो चौथे व्यक्ति की आयु कितनी है?",20 वर्ष,30 वर्ष,40 वर्ष,50 वर्ष,D,50 वर्ष,"यह उत्तर क्यों है वहीं कि चार व्यक्ति की आयु का औसत 30 वर्ष है और तीन आयु 20 वर्ष, 30 वर्ष और 40 वर्ष है तो चौथे व्यक्ति की आयु को निकालने की गणना करने पर 50 वर्ष मिलता है।","चार आयु का योग 30 वर्ष गुणा 4 है, जो 120 वर्ष है। यदि तीन आयु 20 वर्ष, 30 वर्ष और 40 वर्ष है तो चौथे व्यक्ति की आयु को निकालने पर 50 वर्ष मिलता है।",2026-09-14 17:53:00
MATH_HI_0882,Hindi,Mathematics,"औसत, आयु संबंधी समस्याएं एवं साझेदारी",Easy,"यदि चार व्यक्ति की आयु का औसत 28 वर्ष है और उनकी आयु क्रमशः 25 वर्ष, 30 वर्ष और 35 वर्ष है तो चौथे व्यक्ति की आयु कितनी है?",25 वर्ष,30 वर्ष,35 वर्ष,40 वर्ष,D,40 वर्ष,"यह उत्तर क्यों है वहीं कि चार व्यक्ति की आयु का औसत 28 वर्ष है और तीन आयु 25 वर्ष, 30 वर्ष और 35 वर्ष है तो चौथे व्यक्ति की आयु को निकालने की गणना करने पर 40 वर्ष मिलता है।","चार आयु का योग 28 वर्ष गुणा 4 है, जो 112 वर्ष है। यदि तीन आयु 25 वर्ष, 30 वर्ष और 35 वर्ष है तो चौथे व्यक्ति की आयु को निकालने पर 40 वर्ष मिलता है।",2026-09-14 17:53:00
MATH_HI_0883,Hindi,Mathematics,"औसत, आयु संबंधी समस्याएं एवं साझेदारी",Easy,"यदि तीन व्यक्ति की आयु का औसत 22 वर्ष है और उनकी आयु क्रमशः 18 वर्ष, 20 वर्ष और x वर्ष है तो x का मान कितना है?",22 वर्ष,24 वर्ष,26 वर्ष,28 वर्ष,B,24 वर्ष,यह उत्तर क्यों है वहीं कि तीन व्यक्ति की आयु का औसत 22 वर्ष है और दो आयु 18 वर्ष और 20 वर्ष है तो तीसरी आयु को निकालने की गणना करने पर 24 वर्ष मिलता है।,"तीन आयु का योग 22 वर्ष गुणा 3 है, जो 66 वर्ष है। यदि दो आयु 18 वर्ष और 20 वर्ष है तो तीसरी आयु को निकालने पर 24 वर्ष मिलता है।",2026-09-14 17:53:00
MATH_HI_0884,Hindi,Mathematics,"औसत, आयु संबंधी समस्याएं एवं साझेदारी",Easy,"यदि चार व्यक्ति की आयु का औसत 35 वर्ष है और उनकी आयु क्रमशः 30 वर्ष, 35 वर्ष और 40 वर्ष है तो चौथे व्यक्ति की आयु कितनी है?",30 वर्ष,35 वर्ष,40 वर्ष,45 वर्ष,D,45 वर्ष,"यह उत्तर क्यों है वहीं कि चार व्यक्ति की आयु का औसत 35 वर्ष है और तीन आयु 30 वर्ष, 35 वर्ष और 40 वर्ष है तो चौथे व्यक्ति की आयु को निकालने की गणना करने पर 45 वर्ष मिलता है।","चार आयु का योग 35 वर्ष गुणा 4 है, जो 140 वर्ष है। यदि तीन आयु 30 वर्ष, 35 वर्ष और 40 वर्ष है तो चौथे व्यक्ति की आयु को निकालने पर 45 वर्ष मिलता है।",2026-09-14 17:53:00
MATH_HI_0885,Hindi,Mathematics,"औसत, आयु संबंधी समस्याएं एवं साझेदारी",Easy,"यदि तीन व्यक्ति की आयु का औसत 24 वर्ष है और उनकी आयु क्रमशः 20 वर्ष, 25 वर्ष और x वर्ष है तो x का मान कितना है?",22 वर्ष,24 वर्ष,26 वर्ष,28 वर्ष,C,26 वर्ष,यह उत्तर क्यों है वहीं कि तीन व्यक्ति की आयु का औसत 24 वर्ष है और दो आयु 20 वर्ष और 25 वर्ष है तो तीसरी आयु को निकालने की गणना करने पर 26 वर्ष मिलता है।,"तीन आयु का योग 24 वर्ष गुणा 3 है, जो 72 वर्ष है। यदि दो आयु 20 वर्ष और 25 वर्ष है तो तीसरी आयु को निकालने पर 26 वर्ष मिलता है।",2026-09-14 17:53:00
MATH_HI_0886,Hindi,Mathematics,"औसत, आयु संबंधी समस्याएं एवं साझेदारी",Easy,"यदि चार व्यक्ति की आयु का औसत 30 वर्ष है और उनकी आयु क्रमशः 25 वर्ष, 30 वर्ष और 35 वर्ष है तो चौथे व्यक्ति की आयु कितनी है?",25 वर्ष,30 वर्ष,35 वर्ष,40 वर्ष,D,40 वर्ष,"यह उत्तर क्यों है वहीं कि चार व्यक्ति की आयु का औसत 30 वर्ष है और तीन आयु 25 वर्ष, 30 वर्ष और 35 वर्ष है तो चौथे व्यक्ति की आयु को निकालने की गणना करने पर 40 वर्ष मिलता है।","चार आयु का योग 30 वर्ष गुणा 4 है, जो 120 वर्ष है। यदि तीन आयु 25 वर्ष, 30 वर्ष और 35 वर्ष है तो चौथे व्यक्ति की आयु को निकालने पर 40 वर्ष मिलता है।",2026-09-14 17:53:00
MATH_HI_0887,Hindi,Mathematics,"औसत, आयु संबंधी समस्याएं एवं साझेदारी",Easy,"यदि तीन व्यक्ति की आयु का औसत 27 वर्ष है और उनकी आयु क्रमशः 22 वर्ष, 24 वर्ष और x वर्ष है तो x का मान कितना है?",25 वर्ष,26 वर्ष,27 वर्ष,28 वर्ष,B,26 वर्ष,यह उत्तर क्यों है वहीं कि तीन व्यक्ति की आयु का औसत 27 वर्ष है और दो आयु 22 वर्ष और 24 वर्ष है तो तीसरी आयु को निकालने की गणना करने पर 26 वर्ष मिलता है।,"तीन आयु का योग 27 वर्ष गुणा 3 है, जो 81 वर्ष है। यदि दो आयु 22 वर्ष और 24 वर्ष है तो तीसरी आयु को निकालने पर 26 वर्ष मिलता है।",2026-09-14 17:53:01
MATH_HI_0888,Hindi,Mathematics,"औसत, आयु संबंधी समस्याएं एवं साझेदारी",Easy,"यदि चार व्यक्ति की आयु का औसत 32 वर्ष है और उनकी आयु क्रमशः 30 वर्ष, 35 वर्ष और 40 वर्ष है तो चौथे व्यक्ति की आयु कितनी है?",30 वर्ष,35 वर्ष,40 वर्ष,45 वर्ष,D,45 वर्ष,"यह उत्तर क्यों है वहीं कि चार व्यक्ति की आयु का औसत 32 वर्ष है और तीन आयु 30 वर्ष, 35 वर्ष और 40 वर्ष है तो चौथे व्यक्ति की आयु को निकालने की गणना करने पर 45 वर्ष मिलता है।","चार आयु का योग 32 वर्ष गुणा 4 है, जो 128 वर्ष है। यदि तीन आयु 30 वर्ष, 35 वर्ष और 40 वर्ष है तो चौथे व्यक्ति की आयु को निकालने पर 45 वर्ष मिलता है।",2026-09-14 17:53:01
MATH_HI_0889,Hindi,Mathematics,"औसत, आयु संबंधी समस्याएं एवं साझेदारी",Easy,"यदि चार व्यक्ति की आयु का औसत 28 वर्ष है और उनकी आयु क्रमशः 25 वर्ष, 27 वर्ष और x वर्ष है तो x का मान कितना है?",26 वर्ष,27 वर्ष,28 वर्ष,29 वर्ष,D,29 वर्ष,"यह उत्तर क्यों है वहीं कि चार व्यक्ति की आयु का औसत 28 वर्ष है और तीन आयु 25 वर्ष, 27 वर्ष और 28 वर्ष है तो चौथे व्यक्ति की आयु को निकालने की गणना करने पर 29 वर्ष मिलता है।","चार आयु का योग 28 वर्ष गुणा 4 है, जो 112 वर्ष है। यदि तीन आयु 25 वर्ष, 27 वर्ष और 28 वर्ष है तो चौथे व्यक्ति की आयु को निकालने पर 29 वर्ष मिलता है।",2026-09-14 17:53:01
MATH_HI_0890,Hindi,Mathematics,"समय, कार्य, मजदूरी एवं नल-टंकी",Medium,"यदि एक नल 12 घंटे में टंकी को भर सकता है और दूसरा नल 18 घंटे में भर सकता है, तो दोनों नलों से कितना समय लगेगा टंकी भरने में?",10 घंटे,12 घंटे,9 घंटे,18 घंटे,C,9 घंटे,दोनों नलों के एक साथ काम करने के बाद भरने का समय बताया गया है।,दोनों नलों की कार्यक्षमताओं को जोड़कर निकाला गया था और तुलना की गई है।,2026-09-14 17:53:45
MATH_HI_0891,Hindi,Mathematics,"समय, कार्य, मजदूरी एवं नल-टंकी",Medium,"यदि एक व्यक्ति 6 घंटे में कार्य करता है और दूसरा व्यक्ति 8 घंटे में कार्य करता है, तो दोनों व्यक्तियों की कार्यक्षमता का अनुपात क्या है?",4:3,3:4,2:3,3:2,A,4:3,कार्यक्षमता का अनुपात घंटों की तुलना से निकाला गया है।,दोनों व्यक्तियों द्वारा कार्य की दरों को तुलना करके अनुपात निकाला गया है।,2026-09-14 17:53:45
MATH_HI_0892,Hindi,Mathematics,"समय, कार्य, मजदूरी एवं नल-टंकी",Medium,"यदि 5 मजदूर 10 दिनों में कार्य करते हैं और 10 मजदूर 5 दिनों में कार्य करते हैं, तो दोनों समूहों के कार्य में अनुपात क्या है?",1:2,2:1,1:1,4:5,C,1:1,समूहों की कार्यक्षमता तुलना करने के लिए दिए गए डेटा का उपयोग किया गया है।,दोनों समूहों में मजदूरों की संख्या और कार्य की दuration को तुलना करके अनुपात निकाला गया है।,2026-09-14 17:53:45
MATH_HI_0893,Hindi,Mathematics,"समय, कार्य, मजदूरी एवं नल-टंकी",Medium,"यदि 3 नल 10 घंटे में टंकी को भर सकते हैं, तो एक नल द्वारा टंकी को भरने में कितना समय लगेगा?",20 घंटे,30 घंटे,40 घंटे,50 घंटे,B,30 घंटे,एक नल की कार्यक्षमता का निर्धारण करने के लिए तीन नल की कार्यक्षमता का उपयोग किया गया है।,तीन नलों द्वारा कार्य की दर का उपयोग करके एक नल की दर निकाली गई है।,2026-09-14 17:53:45
MATH_HI_0894,Hindi,Mathematics,"समय, कार्य, मजदूरी एवं नल-टंकी",Medium,"यदि 10 मजदूर 20 दिनों में कार्य करते हैं और 20 मजदूर 10 दिनों में कार्य करते हैं, तो दोनों समूहों की कार्यक्षमता का अनुपात क्या है?",1:2,2:1,1:1,4:5,C,1:1,दोनों समूहों की कार्यक्षमता तुलना करने के लिए दिए गए डेटा का उपयोग किया गया है।,दोनों समूहों में मजदूरों की संख्या और कार्य की दuration को तुलना करके अनुपात निकाला गया है।,2026-09-14 17:53:45
MATH_HI_0895,Hindi,Mathematics,"समय, कार्य, मजदूरी एवं नल-टंकी",Medium,"यदि 12 नल 8 घंटे में टंकी को भर सकते हैं, तो एक नल द्वारा टंकी को भरने में कितना समय लगेगा?",96 घंटे,80 घंटे,72 घंटे,64 घंटे,A,96 घंटे,एक नल की कार्यक्षमता का निर्धारण करने के लिए दिए गए डेटा का उपयोग किया गया है।,12 नलों द्वारा कार्य की दर का उपयोग करके एक नल की दर निकाली गई है।,2026-09-14 17:53:45
MATH_HI_0896,Hindi,Mathematics,"समय, कार्य, मजदूरी एवं नल-टंकी",Medium,"यदि 8 मजदूर 15 दिनों में कार्य करते हैं और 15 मजदूर 8 दिनों में कार्य करते हैं, तो दोनों समूहों की कार्यक्षमता का अनुपात क्या है?",1:2,2:1,1:1,4:5,C,1:1,दोनों समूहों की कार्यक्षमता तुलना करने के लिए दिए गए डेटा का उपयोग किया गया है।,दोनों समूहों में मजदूरों की संख्या और कार्य की दuration को तुलना करके अनुपात निकाला गया है।,2026-09-14 17:53:45
MATH_HI_0897,Hindi,Mathematics,"समय, कार्य, मजदूरी एवं नल-टंकी",Medium,"यदि 5 नल 12 घंटे में टंकी को भर सकते हैं, तो एक नल द्वारा टंकी को भरने में कितना समय लगेगा?",60 घंटे,64 घंटे,62 घंटे,66 घंटे,A,60 घंटे,एक नल की कार्यक्षमता का निर्धारण करने के लिए दिए गए डेटा का उपयोग किया गया है।,5 नलों द्वारा कार्य की दर का उपयोग करके एक नल की दर निकाली गई है।,2026-09-14 17:53:45
MATH_HI_0898,Hindi,Mathematics,"समय, कार्य, मजदूरी एवं नल-टंकी",Medium,"यदि 15 मजदूर 10 दिनों में कार्य करते हैं और 20 मजदूर 8 दिनों में कार्य करते हैं, तो दोनों समूहों की कार्यक्षमता का अनुपात क्या है?",3:4,4:3,1:1,5:4,A,3:4,दोनों समूहों की कार्यक्षमता तुलना करने के लिए दिए गए डेटा का उपयोग किया गया है।,दोनों समूहों में मजदूरों की संख्या और कार्य की दuration को तुलना करके अनुपात निकाला गया है।,2026-09-14 17:53:45
MATH_HI_0899,Hindi,Mathematics,"समय, कार्य, मजदूरी एवं नल-टंकी",Medium,"यदि 12 नल 15 घंटे में टंकी को भर सकते हैं, तो एक नल द्वारा टंकी को भरने में कितना समय लगेगा?",180 घंटे,200 घंटे,190 घंटे,185 घंटे,A,180 घंटे,एक नल की कार्यक्षमता का निर्धारण करने के लिए दिए गए डेटा का उपयोग किया गया है।,12 नलों द्वारा कार्य की दर का उपयोग करके एक नल की दर निकाली गई है।,2026-09-14 17:53:45
MATH_HI_0900,Hindi,Mathematics,"चाल, समय, दूरी, रेलगाड़ी एवं नाव-धारा",Hard,"यदि एक रेलगाड़ी 80 किमी/घंटा की गति से दौड़ती है और एक धारा के साथ 120 किमी की दूरी को 3 घंटे में तय करती है, तो धारा की गति क्या है?",20 किमी/घंटा,15 किमी/घंटा,10 किमी/घंटा,25 किमी/घंटा,C,10 किमी/घंटा,यह उत्तर क्यों सही है क्योंकि गति और धारा के प्रभाव को लेकर हल किया गया समीकरण सही है।,"गति की गणना करने पर, रेलगाड़ी के वास्तविक वेग 100 किमी/घंटा और धारा की गति 10 किमी/घंटा है।",2026-09-14 17:54:47
MATH_HI_0901,Hindi,Mathematics,"चाल, समय, दूरी, रेलगाड़ी एवं नाव-धारा",Hard,"यदि एक नाव 120 किमी की दूरी को धारा के अनुकूल 10 घंटे में तय करती है और धारा के प्रतिकूल 15 घंटे में तय करती है, तो धारा की गति क्या है?",8 किमी/घंटा,6 किमी/घंटा,4 किमी/घंटा,2 किमी/घंटा,B,6 किमी/घंटा,यह उत्तर क्यों सही है क्योंकि धारा की गति को निकालने का समीकरण सही है।,"गति की गणना करने पर, धारा की गति 6 किमी/घंटा है।",2026-09-14 17:54:47
MATH_HI_0902,Hindi,Mathematics,"चाल, समय, दूरी, रेलगाड़ी एवं नाव-धारा",Hard,"यदि एक नाव 90 किमी/घंटा की गति से धारा के अनुकूल और 100 किमी/घंटा की गति से धारा के प्रतिकूल तय करती है, तो धारा की गति क्या है?",5 किमी/घंटा,10 किमी/घंटा,15 किमी/घंटा,20 किमी/घंटा,B,10 किमी/घंटा,यह उत्तर क्यों सही है क्योंकि धारा की गति को निकालने का समीकरण सही है।,"गति की गणना करने पर, धारा की गति 10 किमी/घंटा है।",2026-09-14 17:54:47
MATH_HI_0903,Hindi,Mathematics,"चाल, समय, दूरी, रेलगाड़ी एवं नाव-धारा",Hard,"यदि एक रेलगाड़ी 80 किमी/घंटा की गति से एक धारा के प्रतिकूल तय करती है और धारा के अनुकूल तय करती है, तो दूरी 240 किमी है और समय 6 घंटे लगता है, तो धारा की गति क्या है?",4 किमी/घंटा,6 किमी/घंटा,8 किमी/घंटा,10 किमी/घंटा,A,4 किमी/घंटा,यह उत्तर क्यों सही है क्योंकि धारा की गति को निकालने का समीकरण सही है।,"गति की गणना करने पर, धारा की गति 4 किमी/घंटा है।",2026-09-14 17:54:47
MATH_HI_0904,Hindi,Mathematics,"चाल, समय, दूरी, रेलगाड़ी एवं नाव-धारा",Hard,"यदि एक रेलगाड़ी 120 किमी/घंटा की गति से एक धारा के प्रतिकूल तय करती है और धारा के अनुकूल तय करती है, तो दूरी 240 किमी है और समय 8 घंटे लगता है, तो धारा की गति क्या है?",4 किमी/घंटा,6 किमी/घंटा,8 किमी/घंटा,10 किमी/घंटा,C,8 किमी/घंटा,यह उत्तर क्यों सही है क्योंकि धारा की गति को निकालने का समीकरण सही है।,"गति की गणना करने पर, धारा की गति 8 किमी/घंटा है।",2026-09-14 17:54:47
MATH_HI_0905,Hindi,Mathematics,"चाल, समय, दूरी, रेलगाड़ी एवं नाव-धारा",Hard,"यदि एक रेलगाड़ी 100 किमी/घंटा की गति से धारा के अनुकूल तय करती है और 120 किमी/घंटा की गति से धारा के प्रतिकूल तय करती है, तो दूरी 200 किमी है और समय 5 घंटे लगता है, तो धारा की गति क्या है?",10 किमी/घंटा,8 किमी/घंटा,12 किमी/घंटा,14 किमी/घंटा,A,10 किमी/घंटा,यह उत्तर क्यों सही है क्योंकि धारा की गति को निकालने का समीकरण सही है।,"गति की गणना करने पर, धारा की गति 10 किमी/घंटा है।",2026-09-14 17:54:47
MATH_HI_0906,Hindi,Mathematics,"चाल, समय, दूरी, रेलगाड़ी एवं नाव-धारा",Hard,"यदि एक रेलगाड़ी 100 किमी/घंटा की गति से धारा के अनुकूल तय करती है और 120 किमी/घंटा की गति से धारा के प्रतिकूल तय करती है, तो दूरी 240 किमी है और समय 4 घंटे लगता है, तो धारा की गति क्या है?",10 किमी/घंटा,12 किमी/घंटा,14 किमी/घंटा,16 किमी/घंटा,B,12 किमी/घंटा,यह उत्तर क्यों सही है क्योंकि धारा की गति को निकालने का समीकरण सही है।,"गति की गणना करने पर, धारा की गति 12 किमी/घंटा है।",2026-09-14 17:54:47
MATH_HI_0907,Hindi,Mathematics,"चाल, समय, दूरी, रेलगाड़ी एवं नाव-धारा",Hard,"यदि एक रेलगाड़ी 120 किमी/घंटा की गति से धारा के अनुकूल तय करती है और 100 किमी/घंटा की गति से धारा के प्रतिकूल तय करती है, तो दूरी 200 किमी है और समय 4 घंटे लगता है, तो धारा की गति क्या है?",10 किमी/घंटा,12 किमी/घंटा,14 किमी/घंटा,16 किमी/घंटा,A,10 किमी/घंटा,यह उत्तर क्यों सही है क्योंकि धारा की गति को निकालने का समीकरण सही है।,"गति की गणना करने पर, धारा की गति 10 किमी/घंटा है।",2026-09-14 17:54:47
MATH_HI_0908,Hindi,Mathematics,"चाल, समय, दूरी, रेलगाड़ी एवं नाव-धारा",Hard,"यदि एक रेलगाड़ी 120 किमी/घंटा की गति से धारा के अनुकूल तय करती है और 100 किमी/घंटा की गति से धारा के प्रतिकूल तय करती है, तो दूरी 240 किमी है और समय 5 घंटे लगता है, तो धारा की गति क्या है?",10 किमी/घंटा,12 किमी/घंटा,14 किमी/घंटा,16 किमी/घंटा,B,12 किमी/घंटा,यह उत्तर क्यों सही है क्योंकि धारा की गति को निकालने का समीकरण सही है।,"गति की गणना करने पर, धारा की गति 12 किमी/घंटा है।",2026-09-14 17:54:47
MATH_HI_0909,Hindi,Mathematics,"चाल, समय, दूरी, रेलगाड़ी एवं नाव-धारा",Hard,"यदि एक रेलगाड़ी 120 किमी/घंटा की गति से धारा के अनुकूल तय करती है और 100 किमी/घंटा की गति से धारा के प्रतिकूल तय करती है, तो दूरी 280 किमी है और समय 7 घंटे लगता है, तो धारा की गति क्या है?",10 किमी/घंटा,12 किमी/घंटा,14 किमी/घंटा,16 किमी/घंटा,C,14 किमी/घंटा,यह उत्तर क्यों सही है क्योंकि धारा की गति को निकालने का समीकरण सही है।,"गति की गणना करने पर, धारा की गति 14 किमी/घंटा है।",2026-09-14 17:54:47
MATH_HI_0910,Hindi,Mathematics,"चाल, समय, दूरी, रेलगाड़ी एवं नाव-धारा",Hard,"यदि एक रेलगाड़ी 120 किमी/घंटा की गति से धारा के अनुकूल तय करती है और 100 किमी/घंटा की गति से धारा के प्रतिकूल तय करती है, तो दूरी 300 किमी है और समय 6 घंटे लगता है, तो धारा की गति क्या है?",10 किमी/घंटा,12 किमी/घंटा,14 किमी/घंटा,16 किमी/घंटा,D,16 किमी/घंटा,यह उत्तर क्यों सही है क्योंकि धारा की गति को निकालने का समीकरण सही है।,"गति की गणना करने पर, धारा की गति 16 किमी/घंटा है।",2026-09-14 17:54:47
MATH_HI_0911,Hindi,Mathematics,"चाल, समय, दूरी, रेलगाड़ी एवं नाव-धारा",Hard,"यदि एक रेलगाड़ी 120 किमी/घंटा की गति से धारा के अनुकूल तय करती है और 100 किमी/घंटा की गति से धारा के प्रतिकूल तय करती है, तो दूरी 320 किमी है और समय 8 घंटे लगता है, तो धारा की गति क्या है?",10 किमी/घंटा,12 किमी/घंटा,14 किमी/घंटा,16 किमी/घंटा,D,16 किमी/घंटा,यह उत्तर क्यों सही है क्योंकि धारा की गति को निकालने का समीकरण सही है।,"गति की गणना करने पर, धारा की गति 16 किमी/घंटा है।",2026-09-14 17:54:47
MATH_HI_0912,Hindi,Mathematics,"बीजगणितीय सर्वसमिकाएं, बहुपद एवं गुणनखंड",Easy,"यदि बहुपद x^2 - 5x + 6 का गुणनखंड किया जाता है, तो इसके मूल क्या हैं?",2 और 3,1 और 6,4 और 5,3 और 4,A,2 और 3,बहुपद के मूल उसका गुणनखंड द्वारा तय किए जाते हैं।,x^2 - 5x + 6 = (x - 2)(x - 3) इस तरह होता है जिससे मूल 2 और 3 होते हैं।,2026-09-14 17:55:27
MATH_HI_0913,Hindi,Mathematics,"बीजगणितीय सर्वसमिकाएं, बहुपद एवं गुणनखंड",Easy,"यदि (x + 3)(x - 4) = 0 है, तो x के मूल क्या हैं?",3 और 4,-3 और 4,3 और -4,-3 और -4,B,-3 और 4,बहुपद के गुणनखंड के रूप में दिखाई देने वाले मूल हैं।,यह समीकरण (x + 3)(x - 4) = 0 से हल किया जाता है जिससे दो मूल -3 और 4 प्राप्त होते हैं।,2026-09-14 17:55:27
MATH_HI_0914,Hindi,Mathematics,"बीजगणितीय सर्वसमिकाएं, बहुपद एवं गुणनखंड",Easy,"यदि x^2 - 16 को गुणनखंडित किया जाता है, तो इसका मान क्या है?",(x + 4)(x - 4),(x + 16)(x - 16),(x - 4)(x - 4),(x + 4)(x + 4),A,(x + 4)(x - 4),बहुपद को पूर्ण वर्ग रूप में लिखने के लिए यह तरीका उपयोग किया जाता है।,x^2 - 16 = (x + 4)(x - 4) यह तरीके से गुणनखंडित होता है।,2026-09-14 17:55:27
MATH_HI_0915,Hindi,Mathematics,"बीजगणितीय सर्वसमिकाएं, बहुपद एवं गुणनखंड",Easy,"यदि (x - 2)(x + 3) = x^2 + ax + b है, तो a और b के मान क्या हैं?","a = 1, b = -6","a = 5, b = -6","a = -1, b = 6","a = -5, b = 6",B,"a = 5, b = -6",बहुपद के गुणनखंड के गुणनफल की जांच करने के लिए इस तरह का परीक्षण किया जाता है।,गुणनखंडित बहुपद को x^2 + 5x - 6 के रूप में लिखा जाता है जिससे a = 5 और b = -6 होते हैं।,2026-09-14 17:55:27
MATH_HI_0916,Hindi,Mathematics,"बीजगणितीय सर्वसमिकाएं, बहुपद एवं गुणनखंड",Easy,"यदि (x - 1)(x - 2)(x - 3) = x^3 - px^2 + qx - r है, तो p, q और r के मान क्या हैं?","p = 6, q = 11, r = 6","p = 11, q = 11, r = 6","p = 11, q = 6, r = 6","p = 6, q = 11, r = 11",C,"p = 11, q = 6, r = 6",बहुपद के गुणनखंड का विस्तार करके बहुपद के मान ज्ञात किए जा सकते हैं।,"गुणनखंड बहुपद (x - 1)(x - 2)(x - 3) को विस्तारित करके जाना जाता है जिससे p = 6, q = 11 और r = 6 प्राप्त होते हैं।",2026-09-14 17:55:27
MATH_HI_0917,Hindi,Mathematics,"बीजगणितीय सर्वसमिकाएं, बहुपद एवं गुणनखंड",Easy,"यदि बहुपद x^3 - 6x^2 + 11x - 6 का गुणनखंडित हो, तो इसके मूल क्या हैं?","1, 2, 3","1, 3, 4","2, 3, 4","1, 2, 4",A,"1, 2, 3",बहुपद के गुणनखंडित रूप में दिखाई देने वाले मूल इसके गुणनखंड से प्राप्त होते हैं।,"x^3 - 6x^2 + 11x - 6 = (x - 1)(x - 2)(x - 3) से मूल 1, 2 और 3 प्राप्त होते हैं।",2026-09-14 17:55:27
MATH_HI_0918,Hindi,Mathematics,"बीजगणितीय सर्वसमिकाएं, बहुपद एवं गुणनखंड",Easy,"यदि (x - 2)(x - 3)(x - 4) = x^3 - ax^2 + bx - c है, तो a, b और c के मान क्या हैं?","a = 9, b = 26, c = 24","a = 9, b = 24, c = 26","a = 26, b = 24, c = 9","a = 24, b = 26, c = 9",A,"a = 9, b = 26, c = 24",बहुपद के गुणनखंड का विस्तार करके बहुपद के मान ज्ञात किए जा सकते हैं।,"गुणनखंड बहुपद (x - 2)(x - 3)(x - 4) को विस्तारित करके जाना जाता है जिससे a = 9, b = 26 और c = 24 प्राप्त होते हैं।",2026-09-14 17:55:27
MATH_HI_0919,Hindi,Mathematics,"बीजगणितीय सर्वसमिकाएं, बहुपद एवं गुणनखंड",Easy,"यदि बहुपद x^2 - 7x + 12 का गुणनखंडित हो, तो इसके मूल क्या हैं?","3, 4","2, 6","1, 12","4, 8",A,"3, 4",बहुपद के गुणनखंड द्वारा तय किए जाने वाले मूल हैं।,x^2 - 7x + 12 = (x - 3)(x - 4) से मूल 3 और 4 प्राप्त होते हैं।,2026-09-14 17:55:27
MATH_HI_0920,Hindi,Mathematics,"बीजगणितीय सर्वसमिकाएं, बहुपद एवं गुणनखंड",Easy,"यदि (x + 2)(x + 3) = x^2 + px + 6 है, तो p का मान क्या है?",5,6,7,8,C,7,बहुपद के गुणनखंड का गुणनफल ज्ञात करने के लिए इस तरह का परीक्षण किया जाता है।,गुणनखंडित बहुपद (x + 2)(x + 3) को विस्तारित करके जाना जाता है जिससे p = 7 प्राप्त होता है।,2026-09-14 17:55:27
MATH_HI_0921,Hindi,Mathematics,"बीजगणितीय सर्वसमिकाएं, बहुपद एवं गुणनखंड",Easy,"यदि (x - 1)(x - 2)(x - 3) = x^3 - 6x^2 + 11x - 6 है, तो इसके मूल क्या हैं?","1, 2, 3","1, 2, 4","1, 3, 4","2, 3, 4",A,"1, 2, 3",बहुपद के गुणनखंडित रूप में दिखाई देने वाले मूल इसके गुणनखंड से प्राप्त होते हैं।,"x^3 - 6x^2 + 11x - 6 = (x - 1)(x - 2)(x - 3) से मूल 1, 2 और 3 प्राप्त होते हैं।",2026-09-14 17:55:27
MATH_HI_0922,Hindi,Mathematics,"एक चर एवं दो चर वाले रैखिक समीकरण, द्विघात समीकरण",Medium,दो चर वाले रैखिक समीकरण x + y = 7 और 2x - y = 4 का हल क्या है?,"x = 3, y = 4","x = 4, y = 3","x = 5, y = 2","x = 2, y = 5",C,"x = 5, y = 2",यह उत्तर सही है क्योंकि यह दोनों समीकरणों का सही हल है।,रैखिक समीकरणों को योग या घटाव द्वारा हल किया जाता है। यहाँ योग या घटाव करने पर x = 5 और y = 2 प्राप्त होता है।,2026-09-14 17:56:05
MATH_HI_0923,Hindi,Mathematics,"एक चर एवं दो चर वाले रैखिक समीकरण, द्विघात समीकरण",Medium,द्विघात समीकरण 2x^2 - 5x + 2 = 0 का बड़ा मूल क्या है?,x = 1,x = 2,x = 1/2,x = 2/1,B,x = 2,यह उत्तर सही है क्योंकि x = 2 इस समीकरण का बड़ा मूल है।,द्विघात समीकरण का हल किया जाता है जिसके बाद बड़ा मूल प्राप्त किया जाता है।,2026-09-14 17:56:05
MATH_HI_0924,Hindi,Mathematics,"एक चर एवं दो चर वाले रैखिक समीकरण, द्विघात समीकरण",Medium,दो चर वाले रैखिक समीकरण 3x + 4y = 12 और 5x - 2y = 4 का हल क्या है?,"x = 2, y = 1","x = 1, y = 2","x = 4, y = 0","x = 0, y = 4",A,"x = 2, y = 1",यह उत्तर सही है क्योंकि यह दोनों समीकरणों का सही हल है।,दो रैखिक समीकरणों को योग या घटाव द्वारा हल किया जाता है। यहाँ योग या घटाव करने पर x = 2 और y = 1 प्राप्त होता है।,2026-09-14 17:56:05
MATH_HI_0925,Hindi,Mathematics,"एक चर एवं दो चर वाले रैखिक समीकरण, द्विघात समीकरण",Medium,द्विघात समीकरण 3x^2 + 2x - 1 = 0 का छोटा मूल क्या है?,x = -1,x = 1/3,x = -1/3,x = 3,C,x = -1/3,यह उत्तर सही है क्योंकि x = -1/3 इस समीकरण का छोटा मूल है।,द्विघात समीकरण का हल किया जाता है जिसके छोटा मूल प्राप्त किया जाता है।,2026-09-14 17:56:05
MATH_HI_0926,Hindi,Mathematics,"एक चर एवं दो चर वाले रैखिक समीकरण, द्विघात समीकरण",Medium,दो चर वाले रैखिक समीकरण 3x - 2y = 7 और 6x + 4y = 20 का हल क्या है?,"x = 3, y = 2","x = 2, y = 3","x = 4, y = 1","x = 1, y = 4",B,"x = 2, y = 3",यह उत्तर सही है क्योंकि यह दोनों समीकरणों का सही हल है।,दो रैखिक समीकरणों को योग या घटाव द्वारा हल किया जाता है। यहाँ योग या घटाव करने पर x = 2 और y = 3 प्राप्त होता है।,2026-09-14 17:56:05
MATH_HI_0927,Hindi,Mathematics,"एक चर एवं दो चर वाले रैखिक समीकरण, द्विघात समीकरण",Medium,द्विघात समीकरण 4x^2 - 12x + 9 = 0 का बड़ा मूल क्या है?,x = 3,x = -3,x = 1.5,x = -1.5,C,x = 1.5,यह उत्तर सही है क्योंकि x = 1.5 इस समीकरण का बड़ा मूल है।,द्विघात समीकरण का हल किया जाता है जिसके बड़ा मूल प्राप्त किया जाता है।,2026-09-14 17:56:05
MATH_HI_0928,Hindi,Mathematics,"एक चर एवं दो चर वाले रैखिक समीकरण, द्विघात समीकरण",Medium,दो चर वाले रैखिक समीकरण 2x + 3y = 11 और 4x - 6y = 4 का हल क्या है?,"x = 2, y = 1","x = 1, y = 2","x = 5, y = 1","x = 1, y = 5",A,"x = 2, y = 1",यह उत्तर सही है क्योंकि यह दोनों समीकरणों का सही हल है।,दो रैखिक समीकरणों को योग या घटाव द्वारा हल किया जाता है। यहाँ योग या घटाव करने पर x = 2 और y = 1 प्राप्त होता है।,2026-09-14 17:56:05
MATH_HI_0929,Hindi,Mathematics,"एक चर एवं दो चर वाले रैखिक समीकरण, द्विघात समीकरण",Medium,द्विघात समीकरण x^2 - 5x + 6 = 0 का छोटा मूल क्या है?,x = 2,x = 3,x = 1,x = -2,C,x = 1,यह उत्तर सही है क्योंकि x = 1 इस समीकरण का छोटा मूल है।,द्विघात समीकरण का हल किया जाता है जिसके छोटा मूल प्राप्त किया जाता है।,2026-09-14 17:56:05
MATH_HI_0930,Hindi,Mathematics,"एक चर एवं दो चर वाले रैखिक समीकरण, द्विघात समीकरण",Medium,दो चर वाले रैखिक समीकरण 4x - 5y = 20 और 8x + 10y = 40 का हल क्या है?,"x = 5, y = 2","x = 2, y = 5","x = 10, y = 0","x = 0, y = 10",A,"x = 5, y = 2",यह उत्तर सही है क्योंकि यह दोनों समीकरणों का सही हल है।,दो रैखिक समीकरणों को योग या घटाव द्वारा हल किया जाता है। यहाँ योग या घटाव करने पर x = 5 और y = 2 प्राप्त होता है।,2026-09-14 17:56:05
MATH_HI_0931,Hindi,Mathematics,"एक चर एवं दो चर वाले रैखिक समीकरण, द्विघात समीकरण",Medium,द्विघात समीकरण 2x^2 + 3x - 2 = 0 का बड़ा मूल क्या है?,x = 0.5,x = -1,x = 1,x = -2,C,x = 1,यह उत्तर सही है क्योंकि x = 1 इस समीकरण का बड़ा मूल है।,द्विघात समीकरण का हल किया जाता है जिसके बड़ा मूल प्राप्त किया जाता है।,2026-09-14 17:56:05
MATH_HI_0932,Hindi,Mathematics,"ज्यामिति (रेखाएं, कोण, त्रिभुज, वृत्त एवं चतुर्भुज)",Hard,एक त्रिभुज का एक कोण 60° है और दूसरा कोण त्रिभुज का आधा है। तीसरा कोण क्या होगा?,90°,120°,100°,80°,A,90°,तीसरा कोण बाकी कोणों का योग के बराबर होना चाहिए।,"त्रिभुज के तीन कोणों का योग 180° होता है। यहाँ दो कोण 60° और 30° (60°/2) हैं, इनका योग 90° है, इसलिए तीसरा कोण 90° होगा।",2026-09-14 17:57:03
MATH_HI_0933,Hindi,Mathematics,"ज्यामिति (रेखाएं, कोण, त्रिभुज, वृत्त एवं चतुर्भुज)",Hard,"किसी वृत्त की त्रिज्या 7 सेमी है और इस पर एक चाप जो कोण 120° बनाता है, तो इस चाप की लंबाई क्या होगी?",14 सेमी,21 सेमी,10.5 सेमी,7.5 सेमी,B,21 सेमी,चाप की लंबाई वृत्त की त्रिज्या और कोण के बीच के नियम से निकाली जाती है।,चाप की लंबाई = 2πr × (कोण/360°) = 2 × 22/7 × 7 × (120/360) = 21 सेमी।,2026-09-14 17:57:03
MATH_HI_0934,Hindi,Mathematics,"ज्यामिति (रेखाएं, कोण, त्रिभुज, वृत्त एवं चतुर्भुज)",Hard,"एक चतुर्भुज की दो समान किनारों की लंबाई 10 सेमी है और दूसरी दो समान किनारों की लंबाई 12 सेमी है। यदि इसका एक कोण 90° है, तो चतुर्भुज का क्षेत्रफल क्या होगा?",100 वर्ग सेमी,120 वर्ग सेमी,110 वर्ग सेमी,144 वर्ग सेमी,D,144 वर्ग सेमी,क्षेत्रफल की गणना करने के लिए दिए गए किनारों को चतुर्भुज के आयताकार भागों में विभाजित किया जाता है।,"10 सेमी और 12 सेमी की किनारों के बीच एक विकर्ण खींचा जाता है, जो चतुर्भुज को दो समान आयताकार भागों में विभाजित करता है। इसलिए क्षेत्रफल = 10 × 12 = 120 वर्ग सेमी।",2026-09-14 17:57:03
MATH_HI_0935,Hindi,Mathematics,"ज्यामिति (रेखाएं, कोण, त्रिभुज, वृत्त एवं चतुर्भुज)",Hard,"एक वृत्त की त्रिज्या 5 सेमी है और इस पर एक चाप जो कोण 60° बनाता है, तो इस चाप का क्षेत्रफल क्या होगा?",10.47 वर्ग सेमी,25.92 वर्ग सेमी,15.71 वर्ग सेमी,20.94 वर्ग सेमी,A,10.47 वर्ग सेमी,चाप का क्षेत्रफल वृत्त की त्रिज्या और कोण के बीच के नियम से निकाला जाता है।,चाप का क्षेत्रफल = (कोण/360°) × πr² = (60/360) × 22/7 × 5² = 10.47 वर्ग सेमी।,2026-09-14 17:57:03
MATH_HI_0936,Hindi,Mathematics,"ज्यामिति (रेखाएं, कोण, त्रिभुज, वृत्त एवं चतुर्भुज)",Hard,एक त्रिभुज का एक कोण 120° है और दूसरा कोण त्रिभुज का आधा है। तीसरा कोण क्या होगा?,60°,40°,80°,20°,D,20°,तीसरा कोण बाकी कोणों का योग के बराबर होना चाहिए।,"त्रिभुज के तीन कोणों का योग 180° होता है। यहाँ दो कोण 120° और 60° (120°/2) हैं, इनका योग 180° है, इसलिए तीसरा कोण 20° होगा।",2026-09-14 17:57:03
MATH_HI_0937,Hindi,Mathematics,"ज्यामिति (रेखाएं, कोण, त्रिभुज, वृत्त एवं चतुर्भुज)",Hard,"किसी चतुर्भुज की दो समान किनारों की लंबाई 8 सेमी है और दूसरी दो समान किनारों की लंबाई 10 सेमी है। यदि इसका एक कोण 90° है, तो चतुर्भुज का क्षेत्रफल क्या होगा?",80 वर्ग सेमी,90 वर्ग सेमी,100 वर्ग सेमी,120 वर्ग सेमी,D,120 वर्ग सेमी,क्षेत्रफल की गणना करने के लिए दिए गए किनारों को चतुर्भुज के आयताकार भागों में विभाजित किया जाता है।,"8 सेमी और 10 सेमी की किनारों के बीच एक विकर्ण खींचा जाता है, जो चतुर्भुज को दो समान आयताकार भागों में विभाजित करता है। इसलिए क्षेत्रफल = 8 × 10 = 80 वर्ग सेमी।",2026-09-14 17:57:03
MATH_HI_0938,Hindi,Mathematics,"ज्यामिति (रेखाएं, कोण, त्रिभुज, वृत्त एवं चतुर्भुज)",Hard,एक त्रिभुज का एक कोण 135° है और दूसरा कोण त्रिभुज का आधा है। तीसरा कोण क्या होगा?,22.5°,45°,30°,50°,A,22.5°,तीसरा कोण बाकी कोणों का योग के बराबर होना चाहिए।,"त्रिभुज के तीन कोणों का योग 180° होता है। यहाँ दो कोण 135° और 67.5° (135°/2) हैं, इनका योग 202.5° है, इसलिए तीसरा कोण 22.5° होगा।",2026-09-14 17:57:03
MATH_HI_0939,Hindi,Mathematics,"ज्यामिति (रेखाएं, कोण, त्रिभुज, वृत्त एवं चतुर्भुज)",Hard,"किसी चतुर्भुज की दो समान किनारों की लंबाई 15 सेमी है और दूसरी दो समान किनारों की लंबाई 20 सेमी है। यदि इसका एक कोण 90° है, तो चतुर्भुज का क्षेत्रफल क्या होगा?",300 वर्ग सेमी,250 वर्ग सेमी,350 वर्ग सेमी,200 वर्ग सेमी,A,300 वर्ग सेमी,क्षेत्रफल की गणना करने के लिए दिए गए किनारों को चतुर्भुज के आयताकार भागों में विभाजित किया जाता है।,"15 सेमी और 20 सेमी की किनारों के बीच एक विकर्ण खींचा जाता है, जो चतुर्भुज को दो समान आयताकार भागों में विभाजित करता है। इसलिए क्षेत्रफल = 15 × 20 = 300 वर्ग सेमी।",2026-09-14 17:57:03
MATH_HI_0940,Hindi,Mathematics,"ज्यामिति (रेखाएं, कोण, त्रिभुज, वृत्त एवं चतुर्भुज)",Hard,"किसी चतुर्भुज की दो समान किनारों की लंबाई 6 सेमी है और दूसरी दो समान किनारों की लंबाई 8 सेमी है। यदि इसका एक कोण 90° है, तो चतुर्भुज का क्षेत्रफल क्या होगा?",48 वर्ग सेमी,40 वर्ग सेमी,50 वर्ग सेमी,30 वर्ग सेमी,A,48 वर्ग सेमी,क्षेत्रफल की गणना करने के लिए दिए गए किनारों को चतुर्भुज के आयताकार भागों में विभाजित किया जाता है।,"6 सेमी और 8 सेमी की किनारों के बीच एक विकर्ण खींचा जाता है, जो चतुर्भुज को दो समान आयताकार भागों में विभाजित करता है। इसलिए क्षेत्रफल = 6 × 8 = 48 वर्ग सेमी।",2026-09-14 17:57:03
MATH_HI_0941,Hindi,Mathematics,"ज्यामिति (रेखाएं, कोण, त्रिभुज, वृत्त एवं चतुर्भुज)",Hard,किसी त्रिभुज का एक कोण 105° है और दूसरा कोण त्रिभुज का आधा है। तीसरा कोण क्या होगा?,37.5°,45°,52.5°,55°,C,52.5°,तीसरा कोण बाकी कोणों का योग के बराबर होना चाहिए।,"त्रिभुज के तीन कोणों का योग 180° होता है। यहाँ दो कोण 105° और 52.5° (105°/2) हैं, इनका योग 157.5° है, इसलिए तीसरा कोण 22.5° होगा।",2026-09-14 17:57:03
MATH_HI_0942,Hindi,Mathematics,"ज्यामिति (रेखाएं, कोण, त्रिभुज, वृत्त एवं चतुर्भुज)",Hard,"किसी चतुर्भुज की दो समान किनारों की लंबाई 12 सेमी है और दूसरी दो समान किनारों की लंबाई 18 सेमी है। यदि इसका एक कोण 90° है, तो चतुर्भुज का क्षेत्रफल क्या होगा?",216 वर्ग सेमी,200 वर्ग सेमी,240 वर्ग सेमी,180 वर्ग सेमी,A,216 वर्ग सेमी,क्षेत्रफल की गणना करने के लिए दिए गए किनारों को चतुर्भुज के आयताकार भागों में विभाजित किया जाता है।,"12 सेमी और 18 सेमी की किनारों के बीच एक विकर्ण खींचा जाता है, जो चतुर्भुज को दो समान आयताकार भागों में विभाजित करता है। इसलिए क्षेत्रफल = 12 × 18 = 216 वर्ग सेमी।",2026-09-14 17:57:03
MATH_HI_0943,Hindi,Mathematics,द्विविमीय क्षेत्रमिति (क्षेत्रफल एवं परिमाप),Easy,"एक चतुर्भुज की दो समान किनारों की लंबाई 5 सेमी और दूसरी दो समान किनारों की लंबाई 7 सेमी हैं। यदि इसका एक कोण 90° है, तो चतुर्भुज का क्षेत्रफल क्या होगा?",35 वर्ग सेमी,30 वर्ग सेमी,36 वर्ग सेमी,34 वर्ग सेमी,A,35 वर्ग सेमी,यह उत्तर क्यों सही है क्योंकि चतुर्भुज का क्षेत्रफल दोनों अर्द्धवृत्त क्षेत्रफलों का योग होगा।,चतुर्भुज का क्षेत्रफल = 1/2 × 5 × 7 + 1/2 × 5 × 7 = 35 वर्ग सेमी।,2026-09-14 17:57:55
MATH_HI_0944,Hindi,Mathematics,द्विविमीय क्षेत्रमिति (क्षेत्रफल एवं परिमाप),Easy,एक त्रिभुज की आधार लंबाई 10 सेमी और उसकी ऊँचाई 6 सेमी है। त्रिभुज का क्षेत्रफल क्या होगा?,20 वर्ग सेमी,30 वर्ग सेमी,40 वर्ग सेमी,50 वर्ग सेमी,B,30 वर्ग सेमी,यह उत्तर क्यों सही है क्योंकि त्रिभुज का क्षेत्रफल आधार और ऊँचाई के गुणनफल से 1/2 गुना होता है।,त्रिभुज का क्षेत्रफल = 1/2 × 10 × 6 = 30 वर्ग सेमी।,2026-09-14 17:57:55
MATH_HI_0945,Hindi,Mathematics,द्विविमीय क्षेत्रमिति (क्षेत्रफल एवं परिमाप),Easy,"एक चतुर्भुज की दो समान किनारों की लंबाई 8 सेमी और दूसरी दो समान किनारों की लंबाई 10 सेमी हैं। यदि इसका एक कोण 90° है, तो चतुर्भुज का क्षेत्रफल क्या होगा?",36 वर्ग सेमी,40 वर्ग सेमी,48 वर्ग सेमी,50 वर्ग सेमी,C,48 वर्ग सेमी,यह उत्तर क्यों सही है क्योंकि चतुर्भुज का क्षेत्रफल दोनों अर्द्धवृत्त क्षेत्रफलों का योग होगा।,चतुर्भुज का क्षेत्रफल = 1/2 × 8 × 10 + 1/2 × 8 × 10 = 48 वर्ग सेमी।,2026-09-14 17:57:55
MATH_HI_0946,Hindi,Mathematics,द्विविमीय क्षेत्रमिति (क्षेत्रफल एवं परिमाप),Easy,एक त्रिभुज का एक कोण 120° है और दूसरा कोण 30° है। तीसरा कोण क्या होगा?,30°,45°,60°,90°,C,60°,यह उत्तर क्यों सही है क्योंकि त्रिभुज के तीन कोणों का योग 180° होता है।,तीसरा कोण = 180° - (120° + 30°) = 30° और इसके दोगुना = 60°।,2026-09-14 17:57:55
MATH_HI_0947,Hindi,Mathematics,द्विविमीय क्षेत्रमिति (क्षेत्रफल एवं परिमाप),Easy,"एक चतुर्भुज की दो समान किनारों की लंबाई 10 सेमी और दूसरी दो समान किनारों की लंबाई 12 सेमी हैं। यदि इसका एक कोण 90° है, तो चतुर्भुज का क्षेत्रफल क्या होगा?",48 वर्ग सेमी,50 वर्ग सेमी,60 वर्ग सेमी,72 वर्ग सेमी,C,60 वर्ग सेमी,यह उत्तर क्यों सही है क्योंकि चतुर्भुज का क्षेत्रफल दोनों अर्द्धवृत्त क्षेत्रफलों का योग होगा।,चतुर्भुज का क्षेत्रफल = 1/2 × 10 × 12 + 1/2 × 10 × 12 = 60 वर्ग सेमी।,2026-09-14 17:57:55
MATH_HI_0948,Hindi,Mathematics,द्विविमीय क्षेत्रमिति (क्षेत्रफल एवं परिमाप),Easy,एक त्रिभुज की आधार लंबाई 8 सेमी और उसकी ऊँचाई 5 सेमी है। त्रिभुज का क्षेत्रफल क्या होगा?,16 वर्ग सेमी,20 वर्ग सेमी,24 वर्ग सेमी,28 वर्ग सेमी,B,20 वर्ग सेमी,यह उत्तर क्यों सही है क्योंकि त्रिभुज का क्षेत्रफल आधार और ऊँचाई के गुणनफल से 1/2 गुना होता है।,त्रिभुज का क्षेत्रफल = 1/2 × 8 × 5 = 20 वर्ग सेमी।,2026-09-14 17:57:55
MATH_HI_0949,Hindi,Mathematics,द्विविमीय क्षेत्रमिति (क्षेत्रफल एवं परिमाप),Easy,"एक चतुर्भुज की दो समान किनारों की लंबाई 9 सेमी और दूसरी दो समान किनारों की लंबाई 11 सेमी हैं। यदि इसका एक कोण 90° है, तो चतुर्भुज का क्षेत्रफल क्या होगा?",45 वर्ग सेमी,50 वर्ग सेमी,55 वर्ग सेमी,60 वर्ग सेमी,C,55 वर्ग सेमी,यह उत्तर क्यों सही है क्योंकि चतुर्भुज का क्षेत्रफल दोनों अर्द्धवृत्त क्षेत्रफलों का योग होगा।,चतुर्भुज का क्षेत्रफल = 1/2 × 9 × 11 + 1/2 × 9 × 11 = 55 वर्ग सेमी।,2026-09-14 17:57:55
MATH_HI_0950,Hindi,Mathematics,द्विविमीय क्षेत्रमिति (क्षेत्रफल एवं परिमाप),Easy,एक त्रिभुज का एक कोण 105° है और दूसरा कोण त्रिभुज का आधा है। तीसरा कोण क्या होगा?,35°,45°,55°,65°,A,35°,यह उत्तर क्यों सही है क्योंकि त्रिभुज के तीन कोणों का योग 180° होता है और दूसरा कोण त्रिभुज का आधा है।,दूसरा कोण = 105° / 2 = 52.5° और तीसरा कोण = 180° - (105° + 52.5°) = 22.5°।,2026-09-14 17:57:55
MATH_HI_0951,Hindi,Mathematics,द्विविमीय क्षेत्रमिति (क्षेत्रफल एवं परिमाप),Easy,"एक चतुर्भुज की दो समान किनारों की लंबाई 7 सेमी और दूसरी दो समान किनारों की लंबाई 9 सेमी हैं। यदि इसका एक कोण 90° है, तो चतुर्भुज का क्षेत्रफल क्या होगा?",35 वर्ग सेमी,42 वर्ग सेमी,49 वर्ग सेमी,56 वर्ग सेमी,B,42 वर्ग सेमी,यह उत्तर क्यों सही है क्योंकि चतुर्भुज का क्षेत्रफल दोनों अर्द्धवृत्त क्षेत्रफलों का योग होगा।,चतुर्भुज का क्षेत्रफल = 1/2 × 7 × 9 + 1/2 × 7 × 9 = 42 वर्ग सेमी।,2026-09-14 17:57:55
MATH_HI_0952,Hindi,Mathematics,द्विविमीय क्षेत्रमिति (क्षेत्रफल एवं परिमाप),Easy,एक त्रिभुज का एक कोण 110° है और दूसरा कोण त्रिभुज का आधा है। तीसरा कोण क्या होगा?,20°,30°,40°,50°,A,20°,यह उत्तर क्यों सही है क्योंकि त्रिभुज के तीन कोणों का योग 180° होता है और दूसरा कोण त्रिभुज का आधा है।,दूसरा कोण = 110° / 2 = 55° और तीसरा कोण = 180° - (110° + 55°) = 15°।,2026-09-14 17:57:55
MATH_HI_0953,Hindi,Mathematics,द्विविमीय क्षेत्रमिति (क्षेत्रफल एवं परिमाप),Easy,"एक चतुर्भुज की दो समान किनारों की लंबाई 6 सेमी और दूसरी दो समान किनारों की लंबाई 8 सेमी हैं। यदि इसका एक कोण 90° है, तो चतुर्भुज का क्षेत्रफल क्या होगा?",24 वर्ग सेमी,28 वर्ग सेमी,32 वर्ग सेमी,36 वर्ग सेमी,C,32 वर्ग सेमी,यह उत्तर क्यों सही है क्योंकि चतुर्भुज का क्षेत्रफल दोनों अर्द्धवृत्त क्षेत्रफलों का योग होगा।,चतुर्भुज का क्षेत्रफल = 1/2 × 6 × 8 + 1/2 × 6 × 8 = 32 वर्ग सेमी।,2026-09-14 17:57:55
MATH_HI_0954,Hindi,Mathematics,"त्रिविमीय क्षेत्रमिति (पृष्ठीय क्षेत्रफल एवं आयतन - शंकु, बेलन, गोला)",Medium,शंकु की ऊंचाई 8 सेमी और त्रिज्या 6 सेमी है। शंकु का पृष्ठीय क्षेत्रफल क्या होगा?,240 π वर्ग सेमी,192 π वर्ग सेमी,120 π वर्ग सेमी,160 π वर्ग सेमी,B,192 π वर्ग सेमी,शंकु का पृष्ठीय क्षेत्रफल उसकी आधार की त्रिज्या और ऊंचाई का परिमाण होता है।,"पृष्ठीय क्षेत्रफल का सूत्र = πrl, जहाँ r त्रिज्या और l लंबी त्रिज्या है। यहाँ l = √(r² + h²)।",2026-09-14 17:58:36
MATH_HI_0955,Hindi,Mathematics,"त्रिविमीय क्षेत्रमिति (पृष्ठीय क्षेत्रफल एवं आयतन - शंकु, बेलन, गोला)",Medium,बेलन की ऊंचाई 10 सेमी और आधार की त्रिज्या 7 सेमी है। बेलन का आयतन क्या होगा?,490 π घन सेमी,350 π घन सेमी,560 π घन सेमी,280 π घन सेमी,A,490 π घन सेमी,बेलन का आयतन उसकी आधार क्षेत्रफल और ऊंचाई का गुणनफल होता है।,"आयतन का सूत्र = πr²h, जहाँ r त्रिज्या और h ऊंचाई है।",2026-09-14 17:58:36
MATH_HI_0956,Hindi,Mathematics,"त्रिविमीय क्षेत्रमिति (पृष्ठीय क्षेत्रफल एवं आयतन - शंकु, बेलन, गोला)",Medium,गोले का व्यास 14 सेमी है। गोले का पृष्ठीय क्षेत्रफल क्या होगा?,154 π वर्ग सेमी,616 π वर्ग सेमी,308 π वर्ग सेमी,44 π वर्ग सेमी,B,616 π वर्ग सेमी,गोले का पृष्ठीय क्षेत्रफल उसके व्यास के वर्ग का दो गुना होता है।,"पृष्ठीय क्षेत्रफल का सूत्र = 4πr², जहाँ r त्रिज्या है।",2026-09-14 17:58:36
MATH_HI_0957,Hindi,Mathematics,"त्रिविमीय क्षेत्रमिति (पृष्ठीय क्षेत्रफल एवं आयतन - शंकु, बेलन, गोला)",Medium,बेलन की ऊंचाई 15 सेमी और आधार की त्रिज्या 4 सेमी है। बेलन का पृष्ठीय क्षेत्रफल क्या होगा?,240 π वर्ग सेमी,120 π वर्ग सेमी,160 π वर्ग सेमी,320 π वर्ग सेमी,A,240 π वर्ग सेमी,बेलन का पृष्ठीय क्षेत्रफल उसकी आधार की परिधि और ऊंचाई का गुणनफल होता है।,"पृष्ठीय क्षेत्रफल का सूत्र = 2πrh, जहाँ r त्रिज्या और h ऊंचाई है।",2026-09-14 17:58:36
MATH_HI_0958,Hindi,Mathematics,"त्रिविमीय क्षेत्रमिति (पृष्ठीय क्षेत्रफल एवं आयतन - शंकु, बेलन, गोला)",Medium,शंकु की ऊंचाई 12 सेमी और त्रिज्या 5 सेमी है। शंकु का आयतन क्या होगा?,300 π घन सेमी,150 π घन सेमी,200 π घन सेमी,250 π घन सेमी,A,300 π घन सेमी,शंकु का आयतन उसकी आधार क्षेत्रफल और ऊंचाई का गुणनफल होता है।,"आयतन का सूत्र = (1/3)πr²h, जहाँ r त्रिज्या और h ऊंचाई है।",2026-09-14 17:58:36
MATH_HI_0959,Hindi,Mathematics,"त्रिविमीय क्षेत्रमिति (पृष्ठीय क्षेत्रफल एवं आयतन - शंकु, बेलन, गोला)",Medium,शंकु की त्रिज्या 7 सेमी और लंबी त्रिज्या 10 सेमी है। शंकु का आयतन क्या होगा?,220 π घन सेमी,154 π घन सेमी,280 π घन सेमी,308 π घन सेमी,C,280 π घन सेमी,शंकु का आयतन उसकी आधार क्षेत्रफल और ऊंचाई का गुणनफल होता है।,"आयतन का सूत्र = (1/3)πr²h, जहाँ r त्रिज्या और h ऊंचाई है।",2026-09-14 17:58:36
MATH_HI_0960,Hindi,Mathematics,"त्रिविमीय क्षेत्रमिति (पृष्ठीय क्षेत्रफल एवं आयतन - शंकु, बेलन, गोला)",Medium,गोले का व्यास 10 सेमी है। गोले का आयतन क्या होगा?,500 π घन सेमी,400 π घन सेमी,250 π घन सेमी,314 π घन सेमी,D,314 π घन सेमी,गोले का आयतन उसके व्यास के वर्ग की तिहाई होता है।,"आयतन का सूत्र = (4/3)πr³, जहाँ r त्रिज्या है।",2026-09-14 17:58:36
MATH_HI_0961,Hindi,Mathematics,"त्रिविमीय क्षेत्रमिति (पृष्ठीय क्षेत्रफल एवं आयतन - शंकु, बेलन, गोला)",Medium,बेलन की ऊंचाई 12 सेमी और आधार की त्रिज्या 6 सेमी है। बेलन का पृष्ठीय क्षेत्रफल क्या होगा?,432 π वर्ग सेमी,288 π वर्ग सेमी,360 π वर्ग सेमी,144 π वर्ग सेमी,B,288 π वर्ग सेमी,बेलन का पृष्ठीय क्षेत्रफल उसकी आधार की परिधि और ऊंचाई का गुणनफल होता है।,"पृष्ठीय क्षेत्रफल का सूत्र = 2πrh, जहाँ r त्रिज्या और h ऊंचाई है।",2026-09-14 17:58:36
MATH_HI_0962,Hindi,Mathematics,"त्रिविमीय क्षेत्रमिति (पृष्ठीय क्षेत्रफल एवं आयतन - शंकु, बेलन, गोला)",Medium,शंकु की ऊंचाई 9 सेमी और त्रिज्या 4 सेमी है। शंकु का आयतन क्या होगा?,144 π घन सेमी,108 π घन सेमी,128 π घन सेमी,162 π घन सेमी,B,108 π घन सेमी,शंकु का आयतन उसकी आधार क्षेत्रफल और ऊंचाई का गुणनफल होता है।,"आयतन का सूत्र = (1/3)πr²h, जहाँ r त्रिज्या और h ऊंचाई है।",2026-09-14 17:58:36
MATH_HI_0963,Hindi,Mathematics,"त्रिविमीय क्षेत्रमिति (पृष्ठीय क्षेत्रफल एवं आयतन - शंकु, बेलन, गोला)",Medium,गोले का व्यास 12 सेमी है। गोले का पृष्ठीय क्षेत्रफल क्या होगा?,480 π वर्ग सेमी,576 π वर्ग सेमी,600 π वर्ग सेमी,504 π वर्ग सेमी,B,576 π वर्ग सेमी,गोले का पृष्ठीय क्षेत्रफल उसके व्यास के वर्ग के दो गुना होता है।,"पृष्ठीय क्षेत्रफल का सूत्र = 4πr², जहाँ r त्रिज्या है।",2026-09-14 17:58:36
MATH_HI_0964,Hindi,Mathematics,"त्रिकोणमिति (त्रिकोणमितीय अनुपात, सर्वसमिकाएं, ऊँचाई एवं दूरी)",Hard,यदि त्रिकोणमितीय सर्वसमिका लिखित की जाती है: रैखिक अनुपात (1 - cos θ) किस से बराबर है?,2 sin²(θ/2),2 cos²(θ/2),2 tan(θ/2),2 cot(θ/2),A,2 sin²(θ/2),यह त्रिकोणमितीय सर्वसमिका रैखिक अनुपात को सरल करने में मदद करती है।,1 - cos θ और 2 sin²(θ/2) बीच की सर्वसमिका से यह स्पष्ट होता है कि रैखिक अनुपात को व्यक्त करने के लिए sin का वर्ग लेना आवश्यक है।,2026-09-14 17:59:14
MATH_HI_0965,Hindi,Mathematics,"त्रिकोणमिति (त्रिकोणमितीय अनुपात, सर्वसमिकाएं, ऊँचाई एवं दूरी)",Hard,"यदि समीकरण sin²θ + cos²θ = 1 है, तो tan θ किस से बराबर होगा जब कि sec θ = 2 है?",1/2,√3/2,√3/3,2,C,√3/3,यह त्रिकोणमितीय संबंध की तुलना द्वारा त्वरित जाँच कर सकते हैं।,"जब sec θ = 2 तो cos θ = 1/2, और इस से sin θ = √3/2, तब tan θ = sin θ/cos θ = (√3/2) / (1/2) = √3/3।",2026-09-14 17:59:14
MATH_HI_0966,Hindi,Mathematics,"त्रिकोणमिति (त्रिकोणमितीय अनुपात, सर्वसमिकाएं, ऊँचाई एवं दूरी)",Hard,"यदि एक त्रिकोणमितीय अनुपात यह है: sin(π/6) = 1/2, तो cos(π/3) किसके बराबर है?",1/2,√3/2,1,0,B,√3/2,पाई के मान का उपयोग करके त्रिकोणमितीय मान ज्ञात कर सकते हैं।,"π/3 और π/6 के मानों के बीच संबंध देते हैं। जब sin(π/6) = 1/2 तो cos(π/3) = 1/2 का कोसाइन का मान ज्ञात होता है, जो √3/2 होता है।",2026-09-14 17:59:14
MATH_HI_0967,Hindi,Mathematics,"त्रिकोणमिति (त्रिकोणमितीय अनुपात, सर्वसमिकाएं, ऊँचाई एवं दूरी)",Hard,"यदि त्रिकोणमितीय अनुपात यह है: sin(θ) = 4/5, तो cos(θ) किसके बराबर होगा?",3/5,4/5,1/5,3,A,3/5,त्रिकोणमितीय सर्वसमिकाओं का उपयोग करके cos का मान ज्ञात कर सकते हैं।,त्रिकोणमितीय सर्वसमिका sin²θ + cos²θ = 1 से cos(θ) का मान 3/5 निकाला जा सकता है।,2026-09-14 17:59:14
MATH_HI_0968,Hindi,Mathematics,"त्रिकोणमिति (त्रिकोणमितीय अनुपात, सर्वसमिकाएं, ऊँचाई एवं दूरी)",Hard,"यदि त्रिकोणमितीय अनुपात यह है: tan(θ) = 1, तो sin(θ) किसके बराबर होगा?",1/√2,1/2,1,2,A,1/√2,त्रिकोणमितीय अनुपातों के बीच की संबंध से त्रिकोणमितीय मान ज्ञात कर सकते हैं।,"जब tan(θ) = 1 तो इसका मतलब है कि θ = π/4, और sin(π/4) = 1/√2।",2026-09-14 17:59:14
MATH_HI_0969,Hindi,Mathematics,"त्रिकोणमिति (त्रिकोणमितीय अनुपात, सर्वसमिकाएं, ऊँचाई एवं दूरी)",Hard,"यदि त्रिकोणमितीय अनुपात यह है: sec(θ) = 2, तो cos(θ) किसके बराबर होगा?",1/2,2,1,3,A,1/2,sec(θ) का मान त्रिकोणमितीय अनुपातों के संबंध से cos(θ) को ज्ञात करने में मदद करता है।,जब sec(θ) = 2 तो cos(θ) = 1/sec(θ) = 1/2।,2026-09-14 17:59:14
MATH_HI_0970,Hindi,Mathematics,"त्रिकोणमिति (त्रिकोणमितीय अनुपात, सर्वसमिकाएं, ऊँचाई एवं दूरी)",Hard,"यदि त्रिकोणमितीय सर्वसमिका sin²θ + cos²θ = 1 है, तो दिया गया कोण जो sin(θ) = 1/2 है, cos(θ) किसके बराबर होगा?",1/2,√3/2,1,0,B,√3/2,त्रिकोणमितीय सर्वसमिकाओं का उपयोग करके अन्य त्रिकोणमितीय अनुपातों का मान ज्ञात कर सकते हैं।,"sin(θ) = 1/2 के लिए cos(θ) का मान √3/2 होता है, जो त्रिकोणमितीय सर्वसमिकाओं के आधार पर निकाला जा सकता है।",2026-09-14 17:59:14
MATH_HI_0971,Hindi,Mathematics,"त्रिकोणमिति (त्रिकोणमितीय अनुपात, सर्वसमिकाएं, ऊँचाई एवं दूरी)",Hard,"यदि त्रिकोणमितीय सर्वसमिका sin²θ + cos²θ = 1 है, तो यदि sin(θ) = 1/2, तो cos(θ) किसके बराबर होगा?",1/2,√3/2,1,0,B,√3/2,त्रिकोणमितीय सर्वसमिकाओं का उपयोग करके अन्य त्रिकोणमितीय अनुपातों का मान ज्ञात कर सकते हैं।,"sin(θ) = 1/2 के लिए cos(θ) का मान √3/2 होता है, जो त्रिकोणमितीय सर्वसमिकाओं के आधार पर निकाला जा सकता है।",2026-09-14 17:59:14
MATH_HI_0972,Hindi,Mathematics,"सांख्यिकी (समांतर माध्य, माध्यिका, बहुलक एवं परिसर)",Easy,"एक श्रृंखला के माध्यिका 15 है और बहुलक 20 है, तो संभव विकल्प हैं।",सांख्यिकीय परिसर 5 और 25,समांतर माध्य 16,माध्यिका 18,बहुलक 18,A,सांख्यिकीय परिसर 5 और 25,माध्यिका और बहुलक के बीच संबंध सही है।,"माध्यिका और बहुलक के बीच संबंध है कि बहुलक सामान्यतः माध्यिका के पास होता है और यह दिया गया है कि बहुलक 20 है और माध्यिका 15 है, इसलिए संभावित संभावना एक सांख्यिकीय परिसर जो इन दो मानों के नजदीक है।",2026-09-14 17:59:58
MATH_HI_0973,Hindi,Mathematics,"सांख्यिकी (समांतर माध्य, माध्यिका, बहुलक एवं परिसर)",Easy,"यदि एक श्रृंखला का समांतर माध्य 10 है, तो दूसरा सही विकल्प है।",माध्यिका 10,बहुलक 10,समांतर माध्य 10,सांख्यिकीय परिसर 0 और 20,C,समांतर माध्य 10,समांतर माध्य एक सही विकल्प है जो दिया गया है।,समांतर माध्य एक संख्या है जो श्रृंखला के सभी मूल्यों का औसत है और यहाँ दिया गया है कि यह 10 है।,2026-09-14 17:59:58
MATH_HI_0974,Hindi,Mathematics,"सांख्यिकी (समांतर माध्य, माध्यिका, बहुलक एवं परिसर)",Easy,"यदि एक श्रृंखला का बहुलक 10 है, तो दूसरा सही विकल्प है।",माध्यिका 10,समांतर माध्य 10,बहुलक 10,सांख्यिकीय परिसर 0 और 20,C,बहुलक 10,बहुलक एक सही विकल्प है जो दिया गया है।,बहुलक एक संख्या है जो श्रृंखला में सबसे बार आती है और यहाँ दिया गया है कि यह 10 है।,2026-09-14 17:59:58
MATH_HI_0975,Hindi,Mathematics,"सांख्यिकी (समांतर माध्य, माध्यिका, बहुलक एवं परिसर)",Easy,"यदि एक श्रृंखला का माध्यिका 10 है, तो दूसरा सही विकल्प है।",समांतर माध्य 10,बहुलक 10,माध्यिका 10,सांख्यिकीय परिसर 0 और 20,C,माध्यिका 10,माध्यिका एक सही विकल्प है जो दिया गया है।,माध्यिका एक संख्या है जो श्रृंखला के मध्य का मूल्य है और यहाँ दिया गया है कि यह 10 है।,2026-09-14 17:59:58
MATH_HI_0976,Hindi,Mathematics,"सांख्यिकी (समांतर माध्य, माध्यिका, बहुलक एवं परिसर)",Easy,"यदि एक श्रृंखला का सांख्यिकीय परिसर 20 है, तो दूसरा सही विकल्प है।",बहुलक 10,समांतर माध्य 10,सांख्यिकीय परिसर 20,माध्यिका 10,C,सांख्यिकीय परिसर 20,सांख्यिकीय परिसर एक सही विकल्प है जो दिया गया है।,सांख्यिकीय परिसर दो संख्याओं का अंतर है जो श्रृंखला के न्यूनतम और अधिकतम मूल्य हैं और यहाँ दिया गया है कि यह 20 है।,2026-09-14 17:59:58
MATH_HI_0977,Hindi,Mathematics,"क्रमचय, संचय एवं प्रायिकता के सिद्धांत",Medium,"यदि दो पासे एक साथ फेंके जाते हैं, तो दोनों पासे अधिकतर तरफ पर आने की संभावना क्या है?",1/36,1/12,1/6,1/4,D,1/4,"यह उत्तर क्यों सही है क्योंकि दोनों पासे अधिकतर तरफ पर आने की संभावना दो भागों में है: (6, 6) और (5, 5) या (5, 6) या (6, 5).","दोनों पासे अधिकतर तरफ पर आने के लिए दो संभावनाएँ हैं: (5, 6) और (6, 5)। इसलिए संभावना 1/12 + 1/12 = 1/6 है। लेकिन (6, 6) भी एक संभावना है। इसलिए संभावना 1/6 + 1/36 = 1/4 है।",2026-09-14 18:00:46
MATH_HI_0978,Hindi,Mathematics,"क्रमचय, संचय एवं प्रायिकता के सिद्धांत",Medium,"यदि एक कक्ष में 30 विद्यार्थी हैं और किसी विषय पर प्रत्येक विद्यार्थी अलग-अलग राशि का निर्वाचन करता है, तो कितने विद्यार्थी निर्वाचित राशि के साथ अध्ययन करेंगे जिसकी प्रायिकता 0.1 है?",3,4,5,6,A,3,"यह उत्तर क्यों सही है क्योंकि 0.1 की प्रायिकता विद्यार्थियों की कुल संख्या का 10% है, जिसका अर्थ है 30 × 0.1 = 3 विद्यार्थी।",कुल विद्यार्थी 30 हैं और प्रायिकता 0.1 है। इसलिए 30 × 0.1 = 3 विद्यार्थी निर्वाचित राशि के साथ अध्ययन करेंगे।,2026-09-14 18:00:46
MATH_HI_0979,Hindi,Mathematics,"क्रमचय, संचय एवं प्रायिकता के सिद्धांत",Medium,"यदि एक व्यक्ति 5 पुस्तकें लेना चाहता है जिनकी कुल संख्या 10 है, तो उसे कितनी प्रकार से चुनाव करने की संभावना है?",10C5,10P5,5C10,5P10,A,10C5,यह उत्तर क्यों सही है क्योंकि यह संबंधित क्रमचय संकल्पना है जो क्रम से निर्भर नहीं करता है।,"यहाँ क्रम से निर्भर नहीं करता है, अर्थात् 1, 2, 3, 4, 5 और 2, 3, 4, 5, 6 दोनों समान हैं। इसलिए वास्तविक संभावना 10C5 है।",2026-09-14 18:00:46
MATH_HI_0980,Hindi,Mathematics,"क्रमचय, संचय एवं प्रायिकता के सिद्धांत",Medium,"यदि एक व्यक्ति अपनी आय का 20% का व्यय करता है और शेष को बचाता है, तो व्यय की प्रायिकता क्या है?",0.2,0.8,0.6,0.4,A,0.2,"यह उत्तर क्यों सही है क्योंकि व्यय का प्रतिशत 20% है, जो दशमलव में 0.2 है।","व्यय की प्रतिशत की मानक संख्या 20% है, जो दशमलव में 0.2 का अर्थ है। इसलिए व्यय की प्रायिकता 0.2 है।",2026-09-14 18:00:46
MATH_HI_0981,Hindi,Mathematics,"क्रमचय, संचय एवं प्रायिकता के सिद्धांत",Medium,"यदि दो घटनाएँ A और B स्वतंत्र हैं और P(A) = 0.4 और P(B) = 0.5 है, तो P(A या B) क्या है?",0.9,0.7,0.6,0.8,B,0.7,यह उत्तर क्यों सही है क्योंकि स्वतंत्र घटनाओं के लिए अनुपात या प्रायिकता का योग होता है।,"स्वतंत्र घटनाओं के लिए, P(A या B) = P(A) + P(B) - P(A और B)। यहाँ P(A और B) = P(A) × P(B) = 0.4 × 0.5 = 0.2। इसलिए P(A या B) = 0.4 + 0.5 - 0.2 = 0.7।",2026-09-14 18:00:46
MATH_HI_0982,Hindi,Mathematics,"क्रमचय, संचय एवं प्रायिकता के सिद्धांत",Medium,"यदि एक व्यक्ति अपनी आय का 10% को दान करता है और शेष को बचाता है, तो बचाव की प्रायिकता क्या है?",0.1,0.9,0.8,0.7,B,0.9,"यह उत्तर क्यों सही है क्योंकि दान का प्रतिशत 10% है, जिससे बचाव का प्रतिशत 90% है।","दान का प्रतिशत 10% है, जो दशमलव में 0.1 का अर्थ है। इसलिए बचाव का प्रतिशत 1 - 0.1 = 0.9 है।",2026-09-14 18:00:46
MATH_HI_0983,Hindi,Mathematics,"क्रमचय, संचय एवं प्रायिकता के सिद्धांत",Medium,"यदि दो घटनाएँ A और B ऐसी हैं कि P(A) = 0.3 और P(B) = 0.4 और A और B के अनुपात की प्रायिकता 0.1 है, तो P(A और B) क्या है?",0.2,0.1,0.5,0.6,B,0.1,यह उत्तर क्यों सही है क्योंकि दिए गए अनुपात का अर्थ है कि P(A और B) = 0.1।,"दिए गए अनुपात की प्रायिकता 0.1 है, जिससे P(A और B) = 0.1 है।",2026-09-14 18:00:46
MATH_HI_0984,Hindi,Mathematics,"क्रमचय, संचय एवं प्रायिकता के सिद्धांत",Medium,"यदि एक व्यक्ति अपनी आय का 30% को व्यय करता है और शेष को बचाता है, तो व्यय की प्रायिकता क्या है?",0.3,0.7,0.8,0.9,A,0.3,"यह उत्तर क्यों सही है क्योंकि व्यय का प्रतिशत 30% है, जो दशमलव में 0.3 का अर्थ है।","व्यय का प्रतिशत 30% है, जो दशमलव में 0.3 का अर्थ है। इसलिए व्यय की प्रायिकता 0.3 है।",2026-09-14 18:00:46
MATH_HI_0985,Hindi,Mathematics,"क्रमचय, संचय एवं प्रायिकता के सिद्धांत",Medium,"यदि दो घटनाएँ A और B स्वतंत्र हैं और P(A) = 0.2 और P(B) = 0.3 है, तो P(A या B) क्या है?",0.5,0.6,0.1,0.7,A,0.5,यह उत्तर क्यों सही है क्योंकि स्वतंत्र घटनाओं के लिए अनुपात या प्रायिकता का योग होता है।,"स्वतंत्र घटनाओं के लिए, P(A या B) = P(A) + P(B) - P(A और B)। यहाँ P(A और B) = P(A) × P(B) = 0.2 × 0.3 = 0.06। इसलिए P(A या B) = 0.2 + 0.3 - 0.06 = 0.44। लेकिन यहाँ दिया है कि दो घटनाएँ स्वतंत्र हैं, इसलिए P(A या B) = 0.2 + 0.3 = 0.5।",2026-09-14 18:00:46
MATH_HI_0986,Hindi,Mathematics,"क्रमचय, संचय एवं प्रायिकता के सिद्धांत",Medium,"यदि एक व्यक्ति अपनी आय का 40% को दान करता है और शेष को बचाता है, तो दान की प्रायिकता क्या है?",0.4,0.6,0.8,0.9,A,0.4,"यह उत्तर क्यों सही है क्योंकि दान का प्रतिशत 40% है, जो दशमलव में 0.4 का अर्थ है।","दान का प्रतिशत 40% है, जो दशमलव में 0.4 का अर्थ है। इसलिए दान की प्रायिकता 0.4 है।",2026-09-14 18:00:46
MATH_HI_0987,Hindi,Mathematics,समांतर श्रेणी (AP) एवं गुणोत्तर श्रेणी (GP),Hard,"यदि एक अनंत समांतर श्रेणी के पदों का योग 12 और पहला पद 1 है, तो अनुपात क्या है?",1/3,1/4,1/5,1/6,B,विकल्प B,इस उत्तर सही है क्योंकि योग और पहला पद दिए गए समांतर श्रेणी के अनुपात को निर्धारित करते हैं।,पहला पद a = 1 और समांतर श्रेणी का योग S = 12 है। तब a / (1 - r) = 12 जहाँ r अनुपात है। इस समीकरण से r = 1/4 आता है।,2026-09-14 18:01:26
MATH_HI_0988,Hindi,Mathematics,समांतर श्रेणी (AP) एवं गुणोत्तर श्रेणी (GP),Hard,"यदि 2 और 8 के बीच में 2 गुणोत्तर मध्य पद हैं, तो गुणोत्तर अनुपात क्या है?",2,4,1/2,3,B,विकल्प B,गुणोत्तर अनुपात सही है क्योंकि यह दिए गए मध्य पदों के बीच गुणोत्तर अनुपात निर्धारित करता है।,गुणोत्तर अनुपात r = 4 है क्योंकि 2 और 8 के बीच दो गुणोत्तर मध्य पद हैं।,2026-09-14 18:01:26
MATH_HI_0989,Hindi,Mathematics,समांतर श्रेणी (AP) एवं गुणोत्तर श्रेणी (GP),Hard,"यदि एक गुणोत्तर श्रेणी का तीसरा और पाँचवाँ पद क्रमशः 16 और 128 हैं, तो अनुपात क्या है?",2,3,4,5,C,विकल्प C,गुणोत्तर अनुपात सही है क्योंकि इसे गुणोत्तर श्रेणी के पदों के बीच अनुपात द्वारा निर्धारित किया जाता है।,गुणोत्तर अनुपात r = 4 है क्योंकि 16 * 4 = 64 और 64 * 2 = 128 है।,2026-09-14 18:01:26
MATH_HI_0990,Hindi,Mathematics,समांतर श्रेणी (AP) एवं गुणोत्तर श्रेणी (GP),Hard,"यदि एक अनंत समांतर श्रेणी का प्रथम पद 1 और अनुपात -1/3 है, तो इसका योग क्या है?",3,4,5,6,A,विकल्प A,योग सही है क्योंकि यह समांतर श्रेणी के अनुपात और पहला पद द्वारा निर्धारित होता है।,अनंत समांतर श्रेणी का योग = a / (1 - r) = 1 / (1 - (-1/3)) = 3/4 * 3 = 3 है।,2026-09-14 18:01:26
MATH_HI_0991,Hindi,Mathematics,समांतर श्रेणी (AP) एवं गुणोत्तर श्रेणी (GP),Hard,"यदि दो अनंत गुणोत्तर श्रेणियों के योग का अनुपात एक अनंत गुणोत्तर श्रेणी के योग के बराबर है, तो अनुपातों के अनुपात क्या हैं?",1:2,2:1,1:3,3:1,B,विकल्प B,यह अनुपात सही है क्योंकि योग द्वारा निर्धारित होता है।,यदि दो अनंत गुणोत्तर श्रेणियों के अनुपात r1 और r2 हैं तो अनुपात r1 : r2 = 2 : 1 होगा।,2026-09-14 18:01:26
MATH_HI_0992,Hindi,Mathematics,समांतर श्रेणी (AP) एवं गुणोत्तर श्रेणी (GP),Hard,"यदि एक अनंत समांतर श्रेणी का योग 24 है और पहला पद 1 है, तो अनुपात क्या है?",1/2,1/3,1/4,1/5,B,विकल्प B,यह अनुपात सही है क्योंकि योग और पहला पद द्वारा निर्धारित होता है।,अनुपात r = 1/3 है क्योंकि 1 / (1 - r) = 24 जहाँ r अनुपात है।,2026-09-14 18:01:26
MATH_HI_0993,Hindi,Mathematics,समांतर श्रेणी (AP) एवं गुणोत्तर श्रेणी (GP),Hard,"यदि एक अनंत गुणोत्तर श्रेणी का योग 10 है और पहला पद 4 है, तो अनुपात क्या है?",1/2,1/3,1/4,1/5,A,विकल्प A,यह अनुपात सही है क्योंकि योग और पहला पद द्वारा निर्धारित होता है।,अनुपात r = 1/2 है क्योंकि 4 / (1 - r) = 10 जहाँ r अनुपात है।,2026-09-14 18:01:26
MATH_HI_0994,Hindi,Mathematics,समांतर श्रेणी (AP) एवं गुणोत्तर श्रेणी (GP),Hard,"यदि एक अनंत समांतर श्रेणी का पहला पद 2 और अनुपात -1/2 है, तो इसका योग क्या है?",2,4,6,8,B,विकल्प B,योग सही है क्योंकि यह समांतर श्रेणी के पहला पद और अनुपात द्वारा निर्धारित होता है।,अनंत समांतर श्रेणी का योग = a / (1 - r) = 2 / (1 - (-1/2)) = 4/3 * 3 = 4 है।,2026-09-14 18:01:26
MATH_HI_0995,Hindi,Mathematics,समांतर श्रेणी (AP) एवं गुणोत्तर श्रेणी (GP),Hard,"यदि दो अनंत गुणोत्तर श्रेणियों का योग क्रमशः 10 और 15 हैं और अनुपात एक दूसरे से 2 गुना है, तो अनुपातों के अनुपात क्या हैं?",1:2,2:1,1:3,3:1,B,विकल्प B,यह अनुपात सही है क्योंकि योग और अनुपात द्वारा निर्धारित होता है।,यदि दो अनंत गुणोत्तर श्रेणियों के अनुपात r1 और r2 हैं तो अनुपात r1 : r2 = 2 : 1 होगा।,2026-09-14 18:01:26
MATH_HI_0996,Hindi,Mathematics,समांतर श्रेणी (AP) एवं गुणोत्तर श्रेणी (GP),Hard,"यदि एक अनंत समांतर श्रेणी का पहला पद 3 और अनुपात -1/3 है, तो इसका योग क्या है?",6,9,12,15,B,विकल्प B,योग सही है क्योंकि यह समांतर श्रेणी के पहला पद और अनुपात द्वारा निर्धारित होता है।,अनंत समांतर श्रेणी का योग = a / (1 - r) = 3 / (1 - (-1/3)) = 9/4 * 4 = 9 है।,2026-09-14 18:01:26
MATH_HI_0997,Hindi,Mathematics,"संख्या पद्धति, अभाज्य संख्याएं, विभाज्यता एवं भिन्न",Easy,53 किस प्रकार की संख्या है?,अभाज्य संख्या,भाज्य संख्या,पूर्ण वर्ग संख्या,दो अभाज्य संख्याओं का योग,A,अभाज्य संख्या,53 केवल 1 और यह स्वयं से विभाजित होता है जिससे यह अभाज्य संख्या है।,53 केवल 1 और 53 से विभाजित होता है। इसका अर्थ है कि यह किसी अन्य संख्या के गुणनफल नहीं है जो इससे छोटी है।,2026-09-14 18:01:44
MATH_HI_0998,Hindi,Mathematics,"संख्या पद्धति, अभाज्य संख्याएं, विभाज्यता एवं भिन्न",Easy,121 किस प्रकार की संख्या है?,अभाज्य संख्या,भाज्य संख्या,पूर्ण वर्ग संख्या,दो अभाज्य संख्याओं का योग,C,पूर्ण वर्ग संख्या,"121 = 11 x 11, इसलिए यह पूर्ण वर्ग संख्या है।",121 को 11 से गुणा करके जाना जाता है जो इसका वर्ग है। इसलिए 121 एक पूर्ण वर्ग संख्या है।,2026-09-14 18:01:44
MATH_HI_0999,Hindi,Mathematics,"संख्या पद्धति, अभाज्य संख्याएं, विभाज्यता एवं भिन्न",Easy,101 किस प्रकार की संख्या है?,अभाज्य संख्या,भाज्य संख्या,पूर्ण वर्ग संख्या,दो अभाज्य संख्याओं का योग,A,अभाज्य संख्या,101 केवल 1 और यह स्वयं से विभाजित होता है जिससे यह अभाज्य संख्या है।,101 केवल 1 और 101 से विभाजित होता है। इसका अर्थ है कि यह किसी अन्य संख्या के गुणनफल नहीं है जो इससे छोटी है।,2026-09-14 18:01:44
MATH_HI_1000,Hindi,Mathematics,"संख्या पद्धति, अभाज्य संख्याएं, विभाज्यता एवं भिन्न",Easy,24 किस प्रकार की संख्या है?,अभाज्य संख्या,भाज्य संख्या,पूर्ण वर्ग संख्या,दो अभाज्य संख्याओं का योग,B,भाज्य संख्या,24 को कई अंशों से विभाजित होता है जिससे यह भाज्य संख्या है।,"24 को 1, 2, 3, 4, 6, 8, 12 और 24 से विभाजित होता है। इसका अर्थ है कि यह केवल दो अंशों से विभाजित हो सकता है जो इसके गुणनफल नहीं हैं।",2026-09-14 18:01:44
