id,language,category,subtopic,difficulty,question,option_a,option_b,option_c,option_d,correct_option,correct_answer,meaning,explanation,created_at
SCI_HI_0001,Hindi,Science,Science Sample,Medium,पौधे प्रकाश संश्लेषण के दौरान कौन सी गैस अवशोषित करते हैं?,कार्बन डाइऑक्साइड,ऑक्सीजन,नाइट्रोजन,हाइड्रोजन,A,कार्बन डाइऑक्साइड,पौधे पर्णहरित और सूर्य के प्रकाश में CO2 ग्रहण करके भोजन व ऑक्सीजन बनाते हैं।,पौधे सूर्य के प्रकाश और कार्बन डाइऑक्साइड (CO2) की मदद से ग्लूकोज बनाते हैं।,2026-09-14 08:47:50
SCI_HI_0002,Hindi,Science,Science Sample,Medium,मानव शरीर की सबसे बड़ी ग्रंथि कौन सी है?,यकृत (लिवर),थायरॉयड,अग्न्याशय,पीयूष ग्रंथि,A,यकृत (लिवर),यकृत शरीर के चयापचय और पित्त रस उत्पादन का मुख्य अंग है।,यकृत मानव शरीर की सबसे बड़ी और भारी आंतरिक ग्रंथि है।,2026-09-14 08:47:50
SCI_HI_0003,Hindi,Science,Science Sample,Medium,जल का रासायनिक सूत्र क्या है?,H2O,CO2,NaCl,O2,A,H2O,जल के प्रत्येक अणु में दो हाइड्रोजन और एक ऑक्सीजन परमाणु बंधे होते हैं।,जल दो हाइड्रोजन और एक ऑक्सीजन के परमाणु से मिलकर बनता है।,2026-09-14 08:47:50
SCI_HI_0004,Hindi,Science,Science Sample,Medium,ध्वनि की गति सर्वाधिक किस माध्यम में होती है?,ठोस,द्रव,गैस,निर्वात,A,ठोस,ठोस माध्यम में अणुओं का घनत्व व प्रत्यास्थता अधिक होने से ध्वनि तीव्र गति से संचरित होती है।,ठोस में कण पास-पास होने के कारण ध्वनि की चाल सर्वाधिक होती है; निर्वात में ध्वनि गमन नहीं कर सकती।,2026-09-14 08:47:50
SCI_HI_0005,Hindi,Science,Science Sample,Medium,विद्युत बल्ब का फिलामेंट किस धातु का बना होता है?,टंगस्टन,तांबा,लोहा,नाइक्रोम,A,टंगस्टन,टंगस्टन का गलनांक बहुत उच्च होता है जिससे यह गर्म होकर बिना पिघले प्रकाश देता है।,टंगस्टन का गलनांक बहुत उच्च (लगभग 3422°C) होता है।,2026-09-14 08:47:50
SCI_HI_0006,Hindi,Science,"यांत्रिकी, बल, कार्य, ऊर्जा एवं गति के नियम",Easy,किस नियम के अनुसार बल प्रतिबल का उत्पन्न करता है?,न्यूटन का दूसरा नियम,न्यूटन का तीसरा नियम,न्यूटन का पहला नियम,कार्य-ऊर्जा नियम,A,न्यूटन का दूसरा नियम,बल प्रतिबल की प्रणाली न्यूटन का दूसरा नियम द्वारा बताई जाती है।,न्यूटन का दूसरा नियम कहता है कि बल दूसरे वस्तु का प्रतिबल उत्पन्न करता है जो उसके विरुद्ध कार्य करता है।,2026-09-14 11:02:23
SCI_HI_0007,Hindi,Science,"यांत्रिकी, बल, कार्य, ऊर्जा एवं गति के नियम",Easy,किस वस्तु का कार्य बराबर ऊर्जा का अनुक्रमण करता है?,चालक वस्तु,स्थैतिक वस्तु,क्षुव्यात स्थित वस्तु,परिवर्तनशील वस्तु,A,चालक वस्तु,चालक वस्तु का कार्य बराबर ऊर्जा का अनुक्रमण करता है।,चालक वस्तु का कार्य उस वस्तु का उपयोग होने पर उसकी ऊर्जा की मात्रा को निर्धारित करता है।,2026-09-14 11:02:23
SCI_HI_0008,Hindi,Science,"यांत्रिकी, बल, कार्य, ऊर्जा एवं गति के नियम",Easy,किस दृश्य काल के लिए अधिक प्रकाश उत्सर्जित होता है?,गहरे रंग का दृश्य,सफेद रंग का दृश्य,काला रंग का दृश्य,पीला रंग का दृश्य,B,सफेद रंग का दृश्य,सफेद रंग का दृश्य सब रंगों का प्रकाश उत्सर्जित करता है।,सफेद रंग का दृश्य सब रंगों को अनुप्रासित करता है इसलिए यह अधिक प्रकाश उत्सर्जित करता है।,2026-09-14 11:02:23
SCI_HI_0009,Hindi,Science,"यांत्रिकी, बल, कार्य, ऊर्जा एवं गति के नियम",Easy,किस नियम के अनुसार कार्य अनुक्रमणित ऊर्जा के बराबर होता है?,कार्य-ऊर्जा नियम,पावर नियम,कार्य-कार्य नियम,ऊर्जा-ऊर्जा नियम,A,कार्य-ऊर्जा नियम,कार्य-ऊर्जा नियम कहता है कि किसी वस्तु के कार्य उसकी ऊर्जा का अनुक्रमण करता है।,कार्य-ऊर्जा नियम कहता है कि एक वस्तु के कार्य उसकी ऊर्जा के बराबर होता है।,2026-09-14 11:02:23
SCI_HI_0010,Hindi,Science,"यांत्रिकी, बल, कार्य, ऊर्जा एवं गति के नियम",Easy,किस परिस्थिति में गति का नियम लागू नहीं होता?,स्थैतिक वस्तु पर,चालक वस्तु पर,क्रिस्टल वस्तु पर,कोई भी वस्तु पर,A,स्थैतिक वस्तु पर,गति का नियम स्थैतिक वस्तु पर लागू नहीं होता।,गति का नियम वह वस्तु के गति के संबंधित कानून है जो चालक वस्तु पर लागू होता है।,2026-09-14 11:02:23
SCI_HI_0011,Hindi,Science,"यांत्रिकी, बल, कार्य, ऊर्जा एवं गति के नियम",Medium,दिए गए प्रश्न का उत्तर निम्न में से कौन-सा है: यदि दो वस्तुएँ एक ही दिशा में गति कर रही हैं तो उनकी गति को किस नियम से व्यक्त किया जाता है?,गति का नियम,बल का नियम,ऊर्जा का नियम,कार्य का नियम,A,गति का नियम,गति का नियम गति की दिशा और गति की दर को व्यक्त करता है।,"गति का नियम वस्तुओं की गति की दिशा और गति की दर को व्यक्त करता है, जिसमें दो वस्तुएँ एक ही दिशा में गति कर रही हैं।",2026-09-14 14:54:08
SCI_HI_0012,Hindi,Science,"यांत्रिकी, बल, कार्य, ऊर्जा एवं गति के नियम",Medium,दिए गए प्रश्न का उत्तर निम्न में से कौन-सा है: यदि एक वस्तु को चालक की सहायता से विस्थापित किया जाता है तो यह वस्तु के लिए किस नियम का उपयोग किया जाएगा?,बल का नियम,कार्य का नियम,ऊर्जा का नियम,गति का नियम,B,कार्य का नियम,कार्य का नियम चालक की सहायता से किसी वस्तु को विस्थापित किये जाने पर उसकी ऊर्जा को व्यक्त करता है।,कार्य का नियम वस्तुओं की गति और उनकी चालक की सहायता को जोड़कर उनकी ऊर्जा को व्यक्त करता है।,2026-09-14 14:54:08
SCI_HI_0013,Hindi,Science,"यांत्रिकी, बल, कार्य, ऊर्जा एवं गति के नियम",Medium,दिए गए प्रश्न का उत्तर निम्न में से कौन-सा है: जब दो बल परस्पर लगते हैं तो उनका योग किस नियम का उपयोग करके ज्ञात किया जाता है?,गति का नियम,बल का नियम,ऊर्जा का नियम,कार्य का नियम,B,बल का नियम,बल का नियम दो बलों के योग को व्यक्त करता है।,बल का नियम दो बलों के योग को व्यक्त करता है जो एक ही दिशा में लगते हैं।,2026-09-14 14:54:08
SCI_HI_0014,Hindi,Science,"यांत्रिकी, बल, कार्य, ऊर्जा एवं गति के नियम",Medium,दिए गए प्रश्न का उत्तर निम्न में से कौन-सा है: किस नियम का उपयोग करके एक वस्तु का चालक को व्यक्त किया जा सकता है?,गति का नियम,बल का नियम,ऊर्जा का नियम,कार्य का नियम,A,गति का नियम,गति का नियम वस्तु की गति की दिशा और गति की दर को व्यक्त करता है।,गति का नियम वस्तु की गति की दिशा और गति की दर को व्यक्त करता है जो वस्तु का चालक को दर्शाता है।,2026-09-14 14:54:08
SCI_HI_0015,Hindi,Science,"यांत्रिकी, बल, कार्य, ऊर्जा एवं गति के नियम",Medium,दिए गए प्रश्न का उत्तर निम्न में से कौन-सा है: यदि एक वस्तु विस्थापित कर रही है तो वस्तु का चालक किस नियम का उपयोग करके व्यक्त किया जाता है?,गति का नियम,बल का नियम,ऊर्जा का नियम,कार्य का नियम,D,कार्य का नियम,कार्य का नियम वस्तु का चालक को व्यक्त करता है जो विस्थापन करता है।,कार्य का नियम वस्तु का चालक को व्यक्त करता है जो विस्थापन करता है जिसमें वस्तु का विस्थापन होता है।,2026-09-14 14:54:08
SCI_HI_0016,Hindi,Science,"यांत्रिकी, बल, कार्य, ऊर्जा एवं गति के नियम",Medium,दिए गए प्रश्न का उत्तर निम्न में से कौन-सा है: यदि दो वस्तुएँ एक ही दिशा में गति कर रही हैं तो उनके गति की दर को किस नियम से व्यक्त किया जाता है?,गति का नियम,बल का नियम,ऊर्जा का नियम,कार्य का नियम,A,गति का नियम,गति का नियम वस्तु की गति की दर को व्यक्त करता है।,गति का नियम वस्तु की गति की दर को व्यक्त करता है जो वस्तु की गति की दर को दर्शाता है।,2026-09-14 14:54:08
SCI_HI_0017,Hindi,Science,"यांत्रिकी, बल, कार्य, ऊर्जा एवं गति के नियम",Medium,दिए गए प्रश्न का उत्तर निम्न में से कौन-सा है: यदि एक वस्तु विस्थापित कर रही है तो उसका चालक किस नियम का उपयोग करके व्यक्त किया जाता है?,गति का नियम,बल का नियम,ऊर्जा का नियम,कार्य का नियम,D,कार्य का नियम,कार्य का नियम वस्तु का चालक को व्यक्त करता है जो विस्थापन करता है।,कार्य का नियम वस्तु का चालक को व्यक्त करता है जो विस्थापन करता है जिसमें वस्तु का विस्थापन होता है।,2026-09-14 14:54:08
SCI_HI_0018,Hindi,Science,"ऊष्मा, तापमान एवं ऊष्मागतिकी के सिद्धांत",Medium,दिए गए दो वस्तुओं की ऊष्मा व्याप्ति को निर्धारित करने के लिए आरोही अनुक्रम का उपयोग किस प्रकार की ऊष्मागतिकी गतिविधि का उपयोग किया जाता है?,द्रव ऊष्मागतिकी,द्रव ऊष्मागतिकी,द्रव ऊष्मागतिकी,द्रव ऊष्मागतिकी,D,द्रव ऊष्मागतिकी,द्रव ऊष्मागतिकी गतिविधि के माध्यम से दो वस्तुओं की ऊष्मा व्याप्ति निर्धारित करने का तरीका आरोही अनुक्रम का उपयोग करती है।,द्रव ऊष्मागतिकी गतिविधि में दो वस्तुओं को एक साथ रखा जाता है जिनकी तापमान आरोही अनुक्रम में होती है। यह तरीका तापमान की व्याप्ति निर्धारित करने में मदद करता है।,2026-09-14 14:55:24
SCI_HI_0019,Hindi,Science,"ऊष्मा, तापमान एवं ऊष्मागतिकी के सिद्धांत",Medium,दिए गए वस्तु की ऊष्मा व्याप्ति ज्ञात करने के लिए आरोही अनुक्रम का उपयोग किस प्रकार की ऊष्मागतिकी गतिविधि का उपयोग किया जाता है?,द्रव ऊष्मागतिकी,द्रव ऊष्मागतिकी,द्रव ऊष्मागतिकी,द्रव ऊष्मागतिकी,D,द्रव ऊष्मागतिकी,द्रव ऊष्मागतिकी गतिविधि के माध्यम से वस्तु की ऊष्मा व्याप्ति निर्धारित करने का तरीका आरोही अनुक्रम का उपयोग करती है।,द्रव ऊष्मागतिकी गतिविधि में वस्तु को एक साथ रखा जाता है जिसकी तापमान आरोही अनुक्रम में होती है। यह तरीका तापमान की व्याप्ति निर्धारित करने में मदद करता है।,2026-09-14 14:55:24
SCI_HI_0020,Hindi,Science,"ऊष्मा, तापमान एवं ऊष्मागतिकी के सिद्धांत",Medium,दिए गए दो वस्तुओं की तापमान व्याप्ति को निर्धारित करने के लिए आरोही अनुक्रम का उपयोग किस प्रकार की ऊष्मागतिकी गतिविधि का उपयोग किया जाता है?,द्रव ऊष्मागतिकी,द्रव ऊष्मागतिकी,द्रव ऊष्मागतिकी,द्रव ऊष्मागतिकी,D,द्रव ऊष्मागतिकी,द्रव ऊष्मागतिकी गतिविधि के माध्यम से दो वस्तुओं की तापमान व्याप्ति निर्धारित करने का तरीका आरोही अनुक्रम का उपयोग करती है।,द्रव ऊष्मागतिकी गतिविधि में दो वस्तुओं को एक साथ रखा जाता है जिनकी तापमान आरोही अनुक्रम में होती है। यह तरीका तापमान की व्याप्ति निर्धारित करने में मदद करता है।,2026-09-14 14:55:24
SCI_HI_0021,Hindi,Science,"प्रकाशिकी, परावर्तन, अपवर्तन एवं प्रकाश के गुण",Hard,प्रकाश की बैक्सर व्यवस्था का वर्णन किस प्रकार के परावर्तन है जिसमें एक उन्नत परावर्तक वस्तु का उपयोग किया जाता है जो प्रकाश को दो बार वर्तमान दीर्घकालिक लाइट है बनाने में मदद करता है?,एक विस्तारित रेडियेशनल परावर्तन व्यवस्था,एक उन्नत परावर्तन व्यवस्था,एक बैक्सर व्यवस्था,एक सरल वर्तमान दीर्घकालिक लाइट परावर्तन व्यवस्था,C,एक बैक्सर व्यवस्था,बैक्सर व्यवस्था में दो बार परावर्तन होता है जिसमें परावर्तक वस्तु प्रकाश को दो बार वर्तमान दीर्घकालिक लाइट में परावर्तित करती है।,बैक्सर व्यवस्था में दो बार परावर्तन होता है जिससे उन्नत परावर्तन दर प्राप्त होती है। यह व्यवस्था एक उन्नत परावर्तन व्यवस्था की तुलना में अधिक दीर्घकालिक लाइट उत्पन्न करती है।,2026-09-14 14:56:44
SCI_HI_0022,Hindi,Science,"प्रकाशिकी, परावर्तन, अपवर्तन एवं प्रकाश के गुण",Hard,प्रकाश और एक बहुत विस्तारित वस्तु के बीच परावर्तन उच्च होने की अनुमान क्यों होती है जब वस्तु का अवकाश बहुत छोटा है?,क्योंकि उच्च अवकाश की वस्तु में प्रकाश के आकार का परावर्तन अधिक दिखने में अच्छा होता है,क्योंकि बहुत विस्तारित वस्तु को अवकाश की दर से परावर्तन अधिक होता है,क्योंकि बहुत विस्तारित वस्तु की तुलना में उच्च अवकाश की वस्तु में प्रकाश की धारिता कम होती है,क्योंकि बहुत विस्तारित वस्तु की तुलना में उच्च अवकाश की वस्तु में प्रकाश का अवकाश बहुत तेज होता है,D,क्योंकि बहुत विस्तारित वस्तु की तुलना में उच्च अवकाश की वस्तु में प्रकाश का अवकाश बहुत तेज होता है,विस्तारित वस्तुओं में प्रकाश का अवकाश तेज होता है जिससे परावर्तन कम होता है।,बहुत विस्तारित वस्तुओं में प्रकाश का अवकाश तेज होता है जिससे परावर्तन कम होता है। उच्च अवकाश की वस्तुओं में प्रकाश का अवकाश कम होता है जिससे परावर्तन अधिक होता है।,2026-09-14 14:56:44
SCI_HI_0023,Hindi,Science,"प्रकाशिकी, परावर्तन, अपवर्तन एवं प्रकाश के गुण",Hard,प्रकाश के रंग सूचकांक क्या है जब प्रकाश को एक निशाने द्वारा अपवर्तित किया जाता है जो निशाने के अवकाश वाला है?,कम रंग सूचकांक,समान रंग सूचकांक,अधिक रंग सूचकांक,निशाने के अवकाश पर निर्भर करता है,A,कम रंग सूचकांक,अपवर्तित प्रकाश के रंग सूचकांक कम होता है जब प्रकाश को निशाने द्वारा अपवर्तित किया जाता है जो निशाने के अवकाश वाला है।,अपवर्तित प्रकाश के रंग सूचकांक कम होता है जब प्रकाश को निशाने द्वारा अपवर्तित किया जाता है जो निशाने के अवकाश वाला है। यह क्योंकि निशाने के अवकाश वाले अधिक प्रकाश को अपवर्तित करते हैं जिससे प्रकाश का रंग कम हो जाता है।,2026-09-14 14:56:44
SCI_HI_0024,Hindi,Science,"प्रकाशिकी, परावर्तन, अपवर्तन एवं प्रकाश के गुण",Hard,प्रकाश के अपवर्तन गुण क्या है जब प्रकाश को द्रव वस्तुओं से अपवर्तित किया जाता है?,कम अपवर्तन गुण,अपवर्तन गुण निशाने वाले निर्भर करता है,अधिक अपवर्तन गुण,निशाने के अवकाश पर निर्भर करता है,B,अपवर्तन गुण निशाने वाले निर्भर करता है,अपवर्तन गुण प्रकाश के अपवर्तन की प्रतिरोधिता को दर्शाता है जो निशाने के अवकाश वाले निर्भर करता है।,अपवर्तन गुण प्रकाश के अपवर्तन की प्रतिरोधिता को दर्शाता है जो निशाने के अवकाश वाले निर्भर करता है। द्रव वस्तुओं में निशाने के अवकाश वाले अधिक प्रकाश को अपवर्तित करते हैं जिससे अपवर्तन गुण निशाने वाले निर्भर करता है।,2026-09-14 14:56:44
SCI_HI_0025,Hindi,Science,"प्रकाशिकी, परावर्तन, अपवर्तन एवं प्रकाश के गुण",Hard,प्रकाश का अपवर्तन गुण क्या है जब प्रकाश को एक डिस्क के किनारे से अपवर्तित किया जाता है जो रेखीय अवकाश वाला है?,अधिक अपवर्तन गुण,कम अपवर्तन गुण,अपवर्तन गुण निशाने वाले निर्भर करता है,निशाने के अवकाश पर निर्भर करता है,A,अधिक अपवर्तन गुण,प्रकाश का अपवर्तन गुण रेखीय अवकाश वाले निशानों के किनारों से अपवर्तित प्रकाश के लिए अधिक होता है।,रेखीय अवकाश वाले निशानों के किनारों से अपवर्तित प्रकाश का अपवर्तन गुण अधिक होता है। यह क्योंकि निशानों के किनारे अधिक प्रकाश को अपवर्तित करते हैं जिससे अपवर्तन गुण अधिक होता है।,2026-09-14 14:56:44
SCI_HI_0026,Hindi,Science,"प्रकाशिकी, परावर्तन, अपवर्तन एवं प्रकाश के गुण",Hard,प्रकाश के अपवर्तन गुण क्या है जब प्रकाश को एक निशाने द्वारा अपवर्तित किया जाता है जो निशाने के अवकाश वाला है और रेखीय अवकाश वाला नहीं है?,कम अपवर्तन गुण,अपवर्तन गुण निशाने वाले निर्भर करता है,अधिक अपवर्तन गुण,निशाने के अवकाश पर निर्भर करता है,C,अधिक अपवर्तन गुण,प्रकाश का अपवर्तन गुण निशाने के अवकाश वाले निर्भर करता है जो निशाने के किनारों से अपवर्तित प्रकाश के लिए अधिक होता है।,प्रकाश का अपवर्तन गुण निशाने के अवकाश वाले निर्भर करता है जो निशाने के किनारों से अपवर्तित प्रकाश के लिए अधिक होता है। यह क्योंकि निशाने के किनारे अधिक प्रकाश को अपवर्तित करते हैं जिससे अपवर्तन गुण अधिक होता है।,2026-09-14 14:56:44
SCI_HI_0027,Hindi,Science,"प्रकाशिकी, परावर्तन, अपवर्तन एवं प्रकाश के गुण",Hard,प्रकाश का अपवर्तन गुण क्या है जब प्रकाश को एक निशाने द्वारा अपवर्तित किया जाता है जो निशाने के अवकाश वाला है और रेखीय अवकाश वाला नहीं है?,कम अपवर्तन गुण,अपवर्तन गुण निशाने वाले निर्भर करता है,अधिक अपवर्तन गुण,निशाने के अवकाश पर निर्भर करता है,C,अधिक अपवर्तन गुण,प्रकाश का अपवर्तन गुण निशाने के अवकाश वाले निर्भर करता है जो निशाने के किनारों से अपवर्तित प्रकाश के लिए अधिक होता है।,प्रकाश का अपवर्तन गुण निशाने के अवकाश वाले निर्भर करता है जो निशाने के किनारों से अपवर्तित प्रकाश के लिए अधिक होता है। यह क्योंकि निशाने के किनारे अधिक प्रकाश को अपवर्तित करते हैं जिससे अपवर्तन गुण अधिक होता है।,2026-09-14 14:56:44
SCI_HI_0028,Hindi,Science,"ध्वनि, तरंगें एवं कंपन",Medium,ध्वनि की तरंग दैर्ध्य किस स्तर की तरंगों के बीच स्थित है?,विकल्प A: वायु तरंगों में,विकल्प B: वाटरलॉग तरंगों में,विकल्प C: इलेक्ट्रॉमैग्नेटिक तरंगों में,विकल्प D: अक्सर वाटरलॉग तरंगों और इलेक्ट्रॉमैग्नेटिक तरंगों के बीच,D,विकल्प D: अक्सर वाटरलॉग तरंगों और इलेक्ट्रॉमैग्नेटिक तरंगों के बीच,ध्वनि तरंगों की दैर्ध्य अक्सर वाटरलॉग तरंगों और इलेक्ट्रॉमैग्नेटिक तरंगों के बीच स्थित हैं।,"ध्वनि तरंगों की दैर्ध्य अक्सर 20 हर्ट्ज से 20 कीलोहर्ट्ज के बीच होती है, जो वाटरलॉग तरंगों और इलेक्ट्रॉमैग्नेटिक तरंगों के बीच स्थित है।",2026-09-14 14:57:48
SCI_HI_0029,Hindi,Science,"ध्वनि, तरंगें एवं कंपन",Medium,ध्वनि के रेखीय कंपन किस प्रकार की तरंगों से जुड़े हैं?,विकल्प A: वाटरलॉग तरंगों से,विकल्प B: इलेक्ट्रॉमैग्नेटिक तरंगों से,विकल्प C: वायु तरंगों से,विकल्प D: वाटरलॉग तरंगों और इलेक्ट्रॉमैग्नेटिक तरंगों से,C,विकल्प C: वायु तरंगों से,रेखीय कंपन वायु तरंगों से संबंधित है।,"ध्वनि के रेखीय कंपन वायु तरंगों से संबंधित हैं, जिनकी दैर्ध्य ध्वनि तरंगों की दैर्ध्य के अनुसार होती है।",2026-09-14 14:57:48
SCI_HI_0030,Hindi,Science,"ध्वनि, तरंगें एवं कंपन",Medium,ध्वनि के अवकाश कंपन किस प्रकार की तरंगों से जुड़े हैं?,विकल्प A: वाटरलॉग तरंगों से,विकल्प B: इलेक्ट्रॉमैग्नेटिक तरंगों से,विकल्प C: वायु तरंगों से,विकल्प D: वाटरलॉग तरंगों और इलेक्ट्रॉमैग्नेटिक तरंगों से,A,विकल्प A: वाटरलॉग तरंगों से,अवकाश कंपन वाटरलॉग तरंगों से संबंधित है।,"ध्वनि के अवकाश कंपन वाटरलॉग तरंगों से संबंधित हैं, जिनकी दैर्ध्य ध्वनि तरंगों की दैर्ध्य के अनुसार होती है।",2026-09-14 14:57:48
SCI_HI_0031,Hindi,Science,"ध्वनि, तरंगें एवं कंपन",Medium,किस प्रकार की तरंगें ध्वनि के रेखीय कंपन में शामिल होती हैं?,विकल्प A: वाटरलॉग तरंगों से,विकल्प B: इलेक्ट्रॉमैग्नेटिक तरंगों से,विकल्प C: वायु तरंगों से,विकल्प D: वाटरलॉग तरंगों और इलेक्ट्रॉमैग्नेटिक तरंगों से,C,विकल्प C: वायु तरंगों से,रेखीय कंपन वायु तरंगों से संबंधित है।,"ध्वनि के रेखीय कंपन वायु तरंगों से संबंधित हैं, जिनकी दैर्ध्य ध्वनि तरंगों की दैर्ध्य के अनुसार होती है।",2026-09-14 14:57:48
SCI_HI_0032,Hindi,Science,"ध्वनि, तरंगें एवं कंपन",Medium,किस प्रकार की तरंगें ध्वनि के अवकाश कंपन में शामिल होती हैं?,विकल्प A: वाटरलॉग तरंगों से,विकल्प B: इलेक्ट्रॉमैग्नेटिक तरंगों से,विकल्प C: वायु तरंगों से,विकल्प D: वाटरलॉग तरंगों और इलेक्ट्रॉमैग्नेटिक तरंगों से,B,विकल्प B: इलेक्ट्रॉमैग्नेटिक तरंगों से,अवकाश कंपन इलेक्ट्रॉमैग्नेटिक तरंगों से संबंधित है।,"ध्वनि के अवकाश कंपन इलेक्ट्रॉमैग्नेटिक तरंगों से संबंधित हैं, जिनकी दैर्ध्य ध्वनि तरंगों की दैर्ध्य के अनुसार होती है।",2026-09-14 14:57:48
SCI_HI_0033,Hindi,Science,"ध्वनि, तरंगें एवं कंपन",Medium,रेखीय कंपन तथा अवकाश कंपन किस प्रकार की तरंगों से जुड़े हैं?,विकल्प A: वाटरलॉग तरंगों से,विकल्प B: इलेक्ट्रॉमैग्नेटिक तरंगों से,विकल्प C: वायु तरंगों से,विकल्प D: वाटरलॉग तरंगों और इलेक्ट्रॉमैग्नेटिक तरंगों से,D,विकल्प D: वाटरलॉग तरंगों और इलेक्ट्रॉमैग्नेटिक तरंगों से,रेखीय कंपन वायु तरंगों और अवकाश कंपन इलेक्ट्रॉमैग्नेटिक तरंगों से संबंधित है।,"रेखीय कंपन वायु तरंगों और अवकाश कंपन इलेक्ट्रॉमैग्नेटिक तरंगों से संबंधित हैं, जिनकी दैर्ध्य ध्वनि तरंगों की दैर्ध्य के अनुसार होती है।",2026-09-14 14:57:48
SCI_HI_0034,Hindi,Science,"विद्युत धारा, विभव, प्रतिरोध एवं चुंबकत्व",Medium,विद्युत धारा किसी विद्युत वाहन में किस प्रकार के इलेक्ट्रोनों का गतिशीलता है?,विद्युत वाहन में उत्पन्न इलेक्ट्रोनों,विद्युत वाहन में उत्पन्न प्लास्ट्रोनों,विद्युत वाहन में उपस्थित इलेक्ट्रोनों,विद्युत वाहन में उपस्थित प्लास्ट्रोनों,C,विद्युत वाहन में उपस्थित इलेक्ट्रोनों,इलेक्ट्रोनों का गतिशीलता विद्युत धारा की अपेक्षा इसे बेहतर समझने में मदद करता है।,विद्युत धारा इलेक्ट्रोनों का गतिशीलता से होती है जो विद्युत वाहन में उपस्थित होते हैं।,2026-09-14 14:58:31
SCI_HI_0035,Hindi,Science,"विद्युत धारा, विभव, प्रतिरोध एवं चुंबकत्व",Medium,किसका वैश्विक प्रतिरोध विद्युत धारा को रोक देता है?,विद्युत धारा का विभव,विद्युत धारा का प्रवाह,विद्युत धारा का प्रतिरोध,विद्युत धारा का चुंबकत्व,C,विद्युत धारा का प्रतिरोध,प्रतिरोध विद्युत धारा को रोकता है और इसके प्रवाह को सीमित करता है।,प्रतिरोध विद्युत धारा को रोकता है और इसकी गति को सीमित करता है।,2026-09-14 14:58:32
SCI_HI_0036,Hindi,Science,"विद्युत धारा, विभव, प्रतिरोध एवं चुंबकत्व",Medium,चुंबकत्व किस प्रकार की तरंग को गенरेट करता है?,प्रकाश तरंग,कोशिकीय तरंग,माइग्नेटो तरंग,विद्युत तरंग,C,माइग्नेटो तरंग,चुंबकत्व विद्युत धारा के फायदे से उत्पन्न तरंगों को बताता है।,चुंबकत्व विद्युत धारा के फायदे से उत्पन्न चुंबकीय तरंगों को गनरेट करता है।,2026-09-14 14:58:32
SCI_HI_0037,Hindi,Science,"विद्युत धारा, विभव, प्रतिरोध एवं चुंबकत्व",Medium,विद्युत धारा किस प्रकार के विभव को तनाव में डालती है?,विद्युत विभव,कोशिकीय विभव,कार्यक्षमता विभव,माइग्नेटो विभव,A,विद्युत विभव,विद्युत धारा विद्युत विभव को विकसित करती है जो तनाव को तनाव में डालता है।,विद्युत धारा विद्युत विभव को तनाव में डालती है जो तनाव को बढ़ावा देता है।,2026-09-14 14:58:32
SCI_HI_0038,Hindi,Science,"विद्युत धारा, विभव, प्रतिरोध एवं चुंबकत्व",Medium,विद्युत विभव किस प्रकार का विभव है?,विद्युत विभव,कोशिकीय विभव,कार्यक्षमता विभव,माइग्नेटो विभव,A,विद्युत विभव,विद्युत विभव विद्युत क्षेत्र का विभव है।,विद्युत विभव विद्युत क्षेत्र की तनाव से संबंधित होता है और इससे विद्युत धारा का विकास होता है।,2026-09-14 14:58:32
SCI_HI_0039,Hindi,Science,"विद्युत धारा, विभव, प्रतिरोध एवं चुंबकत्व",Medium,विद्युत धारा किसका प्रतिरोध रहित है?,विद्युत विभव,विद्युत प्रतिरोध,विद्युत चुंबकत्व,विद्युत धारा विभव,B,विद्युत प्रतिरोध,विद्युत प्रतिरोध विद्युत धारा को रोकता है जिसे विद्युत प्रतिरोध कहा जाता है।,विद्युत प्रतिरोध विद्युत धारा को रोकता है जिसे विद्युत प्रतिरोध कहा जाता है।,2026-09-14 14:58:32
SCI_HI_0040,Hindi,Science,"विद्युत धारा, विभव, प्रतिरोध एवं चुंबकत्व",Medium,विद्युत धारा किसका एक प्रतिरोध है?,विद्युत प्रतिरोध,विद्युत विभव,विद्युत चुंबकत्व,विद्युत धारा विभव,A,विद्युत प्रतिरोध,विद्युत प्रतिरोध विद्युत धारा को रोकता है और इसके प्रवाह को सीमित करता है।,विद्युत प्रतिरोध विद्युत धारा को रोकता है और इसका प्रवाह को सीमित करता है।,2026-09-14 14:58:32
SCI_HI_0041,Hindi,Science,"विद्युत धारा, विभव, प्रतिरोध एवं चुंबकत्व",Medium,किस प्रकार का विभव विद्युत धारा को तनाव में डालता है?,विद्युत विभव,कोशिकीय विभव,कार्यक्षमता विभव,माइग्नेटो विभव,A,विद्युत विभव,विद्युत विभव विद्युत धारा को तनाव में डालता है जो तनाव को बढ़ावा देता है।,विद्युत विभव विद्युत धारा को तनाव में डालता है जो तनाव को बढ़ावा देता है।,2026-09-14 14:58:32
SCI_HI_0042,Hindi,Science,"आधुनिक भौतिकी, परमाणु संरचना एवं नाभिकीय ऊर्जा",Hard,नाभिकीय ऊर्जा के लिए निर्मित परमाणु बैंडरिंग किस प्रकार के परमाणु संरचनाओं के लिए उपयुक्त हैं?,सूर्याकार परमाणु बैंडरिंग,संक्षिप्त परमाणु बैंडरिंग,मानक परमाणु बैंडरिंग,संरचनात्मक परमाणु बैंडरिंग,B,संक्षिप्त परमाणु बैंडरिंग,संक्षिप्त परमाणु बैंडरिंग की उपयुक्तता उच्च ऊर्जा नाभिकों के लिए होती है।,संक्षिप्त परमाणु बैंडरिंग नाभिकीय ऊर्जा के लिए उच्च ऊर्जा नाभिकों को तेजी से बैंडरिंग करने में मदद करता है।,2026-09-14 14:59:29
SCI_HI_0043,Hindi,Science,"आधुनिक भौतिकी, परमाणु संरचना एवं नाभिकीय ऊर्जा",Hard,नाभिकीय ऊर्जा के लिए निर्मित अनुकूलन इलेक्ट्रॉन बैंड किस प्रकार के नाभिकों के लिए उपयुक्त हैं?,लालनीय नाभिक,ट्रांजिटरी नाभिक,ट्रांजिटरी-लालनीय नाभिक,मानक नाभिक,C,ट्रांजिटरी-लालनीय नाभिक,ट्रांजिटरी-लालनीय नाभिक नाभिकीय ऊर्जा उत्पादन के लिए अनुकूलन इलेक्ट्रॉन बैंड की वांछित उपयुक्तता है।,ट्रांजिटरी-लालनीय नाभिक अनुकूलन इलेक्ट्रॉन बैंड को उच्च ऊर्जा नाभिकों में अधिक प्रतिस्पर्धी बनाती है।,2026-09-14 14:59:29
SCI_HI_0044,Hindi,Science,"आधुनिक भौतिकी, परमाणु संरचना एवं नाभिकीय ऊर्जा",Hard,नाभिकीय ऊर्जा के लिए किस प्रकार की परमाणु संरचना आर्यभट निर्मित परमाणु संरचना के अनुरूप है?,सूर्याकार परमाणु संरचना,क्वार्टर लालनीय परमाणु संरचना,ट्रांजिटरी परमाणु संरचना,हीलीय परमाणु संरचना,B,क्वार्टर लालनीय परमाणु संरचना,क्वार्टर लालनीय परमाणु संरचना आर्यभट निर्मित परमाणु संरचना के अनुरूप है।,क्वार्टर लालनीय परमाणु संरचना आर्यभट निर्मित परमाणु संरचना के रूप के बारे में विशेष विश्लेषण देता है।,2026-09-14 14:59:29
SCI_HI_0045,Hindi,Science,"आधुनिक भौतिकी, परमाणु संरचना एवं नाभिकीय ऊर्जा",Hard,नाभिकीय ऊर्जा के लिए किस प्रकार का बैंडरिंग विधान अधिक रहित है?,सूर्याकार परमाणु बैंडरिंग,संक्षिप्त परमाणु बैंडरिंग,मानक परमाणु बैंडरिंग,क्वार्टर लालनीय परमाणु बैंडरिंग,B,संक्षिप्त परमाणु बैंडरिंग,संक्षिप्त परमाणु बैंडरिंग अधिक रहित है और तेजी से नाभिकीय ऊर्जा उत्पादन के लिए उपयुक्त है।,संक्षिप्त परमाणु बैंडरिंग तेजी से बैंडरिंग और नाभिकीय ऊर्जा उत्पादन के लिए अधिक रहित है।,2026-09-14 14:59:29
SCI_HI_0046,Hindi,Science,"आधुनिक भौतिकी, परमाणु संरचना एवं नाभिकीय ऊर्जा",Hard,नाभिकीय ऊर्जा के लिए निर्मित बैंडरिंग या नाभिकीय बैंडरिंग किस प्रकार के नाभिकों को विद्युत धारा में बदल सकता है?,सूर्याकार नाभिक,लालनीय नाभिक,ट्रांजिटरी नाभिक,क्वार्टर लालनीय नाभिक,C,ट्रांजिटरी नाभिक,ट्रांजिटरी नाभिक बैंडरिंग नाभिकीय ऊर्जा उत्पादन के लिए विद्युत धारा में बदलने में उपयुक्त है।,ट्रांजिटरी नाभिक बैंडरिंग विद्युत धारा में बदलने के लिए अधिक प्रतिस्पर्धी हैं।,2026-09-14 14:59:29
SCI_HI_0047,Hindi,Science,"आधुनिक भौतिकी, परमाणु संरचना एवं नाभिकीय ऊर्जा",Hard,नाभिकीय ऊर्जा के लिए किस प्रकार का नाभिकीय बैंडरिंग विधान नाभिकीय रिएक्टर में अधिक ऊर्जा उत्पादन के लिए उपयुक्त है?,सूर्याकार बैंडरिंग,क्वार्टर लालनीय बैंडरिंग,मानक बैंडरिंग,ट्रांजिटरी बैंडरिंग,D,ट्रांजिटरी बैंडरिंग,ट्रांजिटरी बैंडरिंग नाभिकीय रिएक्टर में अधिक ऊर्जा उत्पादन के लिए उपयुक्त है।,ट्रांजिटरी बैंडरिंग नाभिकीय रिएक्टर में अधिक ऊर्जा उत्पादन के लिए अधिक प्रतिस्पर्धी है।,2026-09-14 14:59:29
SCI_HI_0048,Hindi,Science,"आधुनिक भौतिकी, परमाणु संरचना एवं नाभिकीय ऊर्जा",Hard,नाभिकीय ऊर्जा के लिए निर्मित किस प्रकार के परमाणु संरचनाओं में नाभिकीय बैंडरिंग अधिक रहित है?,सूर्याकार परमाणु संरचना,क्वार्टर लालनीय परमाणु संरचना,ट्रांजिटरी परमाणु संरचना,मानक परमाणु संरचना,C,ट्रांजिटरी परमाणु संरचना,ट्रांजिटरी परमाणु संरचना नाभिकीय बैंडरिंग अधिक रहित है।,ट्रांजिटरी परमाणु संरचना नाभिकीय बैंडरिंग अधिक रहित है और नाभिकीय ऊर्जा उत्पादन के लिए उपयुक्त है।,2026-09-14 14:59:29
SCI_HI_0049,Hindi,Science,"आधुनिक भौतिकी, परमाणु संरचना एवं नाभिकीय ऊर्जा",Hard,नाभिकीय ऊर्जा के लिए निर्मित अनुकूलन इलेक्ट्रॉन बैंड किस प्रकार के नाभिकों को विद्युत धारा में बदल सकता है?,सूर्याकार नाभिक,लालनीय नाभिक,ट्रांजिटरी नाभिक,क्वार्टर लालनीय नाभिक,C,ट्रांजिटरी नाभिक,ट्रांजिटरी नाभिक अनुकूलन इलेक्ट्रॉन बैंड विद्युत धारा में बदलने में उपयुक्त है।,ट्रांजिटरी नाभिक अनुकूलन इलेक्ट्रॉन बैंड नाभिकीय ऊर्जा उत्पादन के लिए विद्युत धारा में बदलने में उपयुक्त है।,2026-09-14 14:59:29
SCI_HI_0050,Hindi,Science,"आधुनिक भौतिकी, परमाणु संरचना एवं नाभिकीय ऊर्जा",Hard,नाभिकीय ऊर्जा के लिए निर्मित बैंडरिंग किस प्रकार के नाभिकों को विद्युत धारा में बदल सकता है?,सूर्याकार नाभिक,लालनीय नाभिक,ट्रांजिटरी नाभिक,क्वार्टर लालनीय नाभिक,C,ट्रांजिटरी नाभिक,ट्रांजिटरी नाभिक बैंडरिंग नाभिकीय ऊर्जा उत्पादन के लिए विद्युत धारा में बदलने में उपयुक्त है।,ट्रांजिटरी नाभिक बैंडरिंग नाभिकीय ऊर्जा उत्पादन के लिए विद्युत धारा में बदलने में उपयुक्त है।,2026-09-14 14:59:29
SCI_HI_0051,Hindi,Science,"तत्व, यौगिक, मिश्रण एवं रासायनिक आबंधन",Easy,कौन-सा तत्व अणुभार 18.0 वाला है?,हाइड्रोजन,कार्बन,क्लोरीन,ब्लॉक गैस,C,क्लोरीन,"क्लोरीन का अणुभार लगभग 35.5 है, लेकिन यहाँ सवाल 18 वाले तत्व का उल्लेख करता है जो क्लोरीन के पास है जो इसकी तुलना में छोटा है।",क्लोरीन के बाद आने वाले तत्वों में से एक और है ब्लॉक गैस जिसका अणुभार लगभग 18 है।,2026-09-14 15:02:15
SCI_HI_0052,Hindi,Science,"तत्व, यौगिक, मिश्रण एवं रासायनिक आबंधन",Easy,नातिका किस तत्व का उदाहरण है?,हाइड्रोजन,कार्बन,क्लोरीन,सिलिकन,A,हाइड्रोजन,हाइड्रोजन को एक नातिका के रूप में वर्गीकृत किया जाता है क्योंकि यह तत्व अपने विभिन्न स्तर पर विभिन्न प्रकार की संरचनाओं में पाया जाता है।,हाइड्रोजन को नातिका के रूप में वर्गीकृत किया जाता है क्योंकि यह तत्व अपने विभिन्न स्तर पर विभिन्न प्रकार की संरचनाओं में पाया जाता है।,2026-09-14 15:02:15
SCI_HI_0053,Hindi,Science,"तत्व, यौगिक, मिश्रण एवं रासायनिक आबंधन",Easy,मिश्रण किस तत्व का उदाहरण है?,हाइड्रोजन,कार्बन,क्लोरीन,संयोजन,D,संयोजन,संयोजन तत्व विभिन्न तत्वों को मिश्रण में लेकर बनाये जाते हैं।,संयोजन तत्व विभिन्न तत्वों को मिश्रण में लेकर बनाये जाते हैं।,2026-09-14 15:02:15
SCI_HI_0054,Hindi,Science,"तत्व, यौगिक, मिश्रण एवं रासायनिक आबंधन",Easy,कौन-सा तत्व एक यौगिक का अनुपात निर्धारित करता है?,मिश्रण,रासायनिक आबंधन,नातिका,कार्बन,B,रासायनिक आबंधन,रासायनिक आबंधन का कार्य यौगिक में तत्वों के अनुपात निर्धारित करना है।,रासायनिक आबंधन का कार्य यौगिक में तत्वों के अनुपात निर्धारित करना है।,2026-09-14 15:02:15
SCI_HI_0055,Hindi,Science,"तत्व, यौगिक, मिश्रण एवं रासायनिक आबंधन",Easy,किस प्रकार के मिश्रण होते हैं?,क्रिस्टलीय,जलीय,स्वतंत्र तत्वों से बनाए गए,क्रिस्टलीय और जलीय,D,क्रिस्टलीय और जलीय,मिश्रण तत्वों को लेकर बनाए जाते हैं और ये जलीय या क्रिस्टलीय हो सकते हैं।,मिश्रण तत्वों को लेकर बनाए जाते हैं और ये जलीय या क्रिस्टलीय हो सकते हैं।,2026-09-14 15:02:15
SCI_HI_0056,Hindi,Science,"तत्व, यौगिक, मिश्रण एवं रासायनिक आबंधन",Easy,कौन-सा तत्व संयोजन के रूप में वर्गीकृत किया जाता है?,हाइड्रोजन,कार्बन,क्लोरीन,सिलिकन,B,कार्बन,कार्बन तत्व संयोजन के रूप में वर्गीकृत किया जाता है क्योंकि यह तत्व अपनी अपनी शैली से अन्य तत्वों को संयोजित करता है।,कार्बन तत्व संयोजन के रूप में वर्गीकृत किया जाता है क्योंकि यह तत्व अपनी अपनी शैली से अन्य तत्वों को संयोजित करता है।,2026-09-14 15:02:15
SCI_HI_0057,Hindi,Science,"तत्व, यौगिक, मिश्रण एवं रासायनिक आबंधन",Easy,रासायनिक आबंधन किसका उत्पन्न होता है?,मिश्रण,यौगिक,नातिका,क्रिस्टलीय मिश्रण,B,यौगिक,रासायनिक आबंधन तत्वों की यौगिक संरचना के बीच होता है।,रासायनिक आबंधन तत्वों की यौगिक संरचना के बीच होता है।,2026-09-14 15:02:15
SCI_HI_0058,Hindi,Science,"तत्व, यौगिक, मिश्रण एवं रासायनिक आबंधन",Easy,किस प्रकार के तत्व नातिका के रूप में वर्गीकृत किए जाते हैं?,कार्बन,हाइड्रोजन,क्लोरीन,सिलिकन,B,हाइड्रोजन,हाइड्रोजन तत्व नातिका के रूप में वर्गीकृत किया जाता है क्योंकि यह तत्व अपनी विभिन्न स्तर पर विभिन्न प्रकार की संरचनाओं में पाया जाता है।,हाइड्रोजन तत्व नातिका के रूप में वर्गीकृत किया जाता है क्योंकि यह तत्व अपनी विभिन्न स्तर पर विभिन्न प्रकार की संरचनाओं में पाया जाता है।,2026-09-14 15:02:15
SCI_HI_0059,Hindi,Science,"तत्व, यौगिक, मिश्रण एवं रासायनिक आबंधन",Easy,मिश्रण किस तत्व के रूप में वर्गीकृत किया जाता है?,हाइड्रोजन,कार्बन,क्लोरीन,सिलिकन,D,सिलिकन,सिलिकन तत्व नातिका के रूप में वर्गीकृत किया जाता है।,सिलिकन तत्व नातिका के रूप में वर्गीकृत किया जाता है।,2026-09-14 15:02:15
SCI_HI_0060,Hindi,Science,"तत्व, यौगिक, मिश्रण एवं रासायनिक आबंधन",Easy,रासायनिक आबंधन किस प्रकार के तत्वों के बीच होता है?,मिश्रण,कार्बन,क्लोरीन,यौगिक,D,यौगिक,रासायनिक आबंधन तत्वों की यौगिक संरचना के बीच होता है।,रासायनिक आबंधन तत्वों की यौगिक संरचना के बीच होता है।,2026-09-14 15:02:15
SCI_HI_0061,Hindi,Science,"आवर्त सारणी, प्रमुख धातुएं एवं अधातुएं",Medium,वैश्विक आवर्त सारणी में किस धातु का स्थान 2 वें राउंड और 4 वें स्त्रोत का है?,कार्बन,क्रोमियम,कैल्मनियम,कैल्कियम,D,कैल्कियम,"कैल्कियम का स्थान 2 वें राउंड और 4 वें स्त्रोत के बीच है क्योंकि यह आवर्त सारणी में जैसे ही राउंड 2 में संपल आता है, तो स्त्रोत 4 में आता है।","कैल्कियम का इलेक्ट्रॉन व्यवस्था 2, 8, 8, 2 होता है, जिससे यह 2 वें राउंड और 4 वें स्त्रोत पर आता है।",2026-09-14 15:03:04
SCI_HI_0062,Hindi,Science,"आवर्त सारणी, प्रमुख धातुएं एवं अधातुएं",Medium,नाइट्रोजन के निम्न किसी प्रकार के तत्व के साथ रासायनिक आबंधन कर सकता है?,कार्बन,क्रोमियम,कैल्मनियम,कार्बनियम,D,कार्बनियम,कार्बनियम एक अधात्म है जिसका इलेक्ट्रॉन व्यवस्था 4 वें राउंड के 3 इलेक्ट्रॉन होते हैं जिससे यह नाइट्रोजन के साथ आबंधन कर सकता है।,"कार्बनियम अधात्म है जिसका इलेक्ट्रॉन व्यवस्था 4s² 3p³ है, जहाँ इसका 3p³ इलेक्ट्रॉन नाइट्रोजन के 3p² इलेक्ट्रॉन के साथ आबंधन कर सकता है।",2026-09-14 15:03:04
SCI_HI_0063,Hindi,Science,"आवर्त सारणी, प्रमुख धातुएं एवं अधातुएं",Medium,किस धातु की परमाणु आवृत्ति 13.6 रिंगन है?,ब्रॉमेन,बरियम,बारियम,ब्रॉमिन,B,बरियम,बरियम की परमाणु आवृत्ति 13.6 रिंगन है क्योंकि यह चार राउंड और चार स्त्रोतों में आता है जिससे यह रिंगन आवृत्ति दर्शाता है।,"बरियम का परमाणु आवृत्ति 13.6 रिंगन है, जो चार राउंड और चार स्त्रोतों के बीच है जिससे यह रिंगन आवृत्ति दर्शाता है।",2026-09-14 15:03:04
SCI_HI_0064,Hindi,Science,"आवर्त सारणी, प्रमुख धातुएं एवं अधातुएं",Medium,नाइट्रोजन के निम्न परमाणु संख्या का मान कितना है?,10,14,15,17,C,15,नाइट्रोजन की परमाणु संख्या 15 है क्योंकि यह आवर्त सारणी में तीसरे राउंड और तीसरे स्त्रोत में आता है।,"नाइट्रोजन की परमाणु संख्या 15 है जो इलेक्ट्रॉन व्यवस्था 1s² 2s² 2p³ के बाद है, जहाँ कुल इलेक्ट्रॉन 15 हैं।",2026-09-14 15:03:04
SCI_HI_0065,Hindi,Science,"आवर्त सारणी, प्रमुख धातुएं एवं अधातुएं",Medium,किस धातु का स्थान 4 वें राउंड और 14 वें स्त्रोत का है?,कैल्मनियम,कैल्कियम,क्रोमियम,कार्बनियम,A,कैल्मनियम,कैल्मनियम का स्थान 4 वें राउंड और 14 वें स्त्रोत का है क्योंकि यह आवर्त सारणी में चौथे राउंड और चौदहवें स्त्रोत में आता है।,"कैल्मनियम का परमाणु आवृत्ति 13.6 रिंगन है और इसका इलेक्ट्रॉन व्यवस्था 1s² 2s² 2p⁶ 3s² 3p⁶ 4s² 3d¹⁰ है, जिससे यह 4 वें राउंड और 14 वें स्त्रोत पर आता है।",2026-09-14 15:03:04
SCI_HI_0066,Hindi,Science,"आवर्त सारणी, प्रमुख धातुएं एवं अधातुएं",Medium,किस धातु का वर्णन आवर्त सारणी का उपयोग करके जाना जा सकता है?,क्रोमियम,कैल्मनियम,कैल्कियम,कार्बन,B,कैल्मनियम,कैल्मनियम का वर्णन आवर्त सारणी का उपयोग करके जाना जा सकता है क्योंकि यह एक मध्य धातु है जिसका इलेक्ट्रॉन व्यवस्था 1s² 2s² 2p⁶ 3s² 3p⁶ 4s¹ 3d⁵ है।,कैल्मनियम का इलेक्ट्रॉन व्यवस्था 1s² 2s² 2p⁶ 3s² 3p⁶ 4s¹ 3d⁵ है जो आवर्त सारणी का उपयोग करके जाना जा सकता है।,2026-09-14 15:03:04
SCI_HI_0067,Hindi,Science,"आवर्त सारणी, प्रमुख धातुएं एवं अधातुएं",Medium,किस धातु का इलेक्ट्रॉन व्यवस्था 1s² 2s² 2p⁶ 3s² 3p⁶ 4s² 3d¹⁰ है?,क्रोमियम,कैल्मनियम,कैल्कियम,कार्बनियम,B,कैल्मनियम,कैल्मनियम का इलेक्ट्रॉन व्यवस्था 1s² 2s² 2p⁶ 3s² 3p⁶ 4s² 3d¹⁰ है क्योंकि यह एक राउंड 4 और स्त्रोत 14 का धातु है।,कैल्मनियम का इलेक्ट्रॉन व्यवस्था 1s² 2s² 2p⁶ 3s² 3p⁶ 4s² 3d¹⁰ है जो आवर्त सारणी का उपयोग करके जाना जा सकता है।,2026-09-14 15:03:04
SCI_HI_0068,Hindi,Science,"आवर्त सारणी, प्रमुख धातुएं एवं अधातुएं",Medium,किस धातु का इलेक्ट्रॉन व्यवस्था 1s² 2s² 2p⁶ 3s² 3p⁶ 4s¹ 3d⁵ है?,कार्बनियम,कैल्मनियम,कैल्कियम,क्रोमियम,D,क्रोमियम,क्रोमियम का इलेक्ट्रॉन व्यवस्था 1s² 2s² 2p⁶ 3s² 3p⁶ 4s¹ 3d⁵ है क्योंकि यह एक राउंड 4 और स्त्रोत 5 का धातु है।,क्रोमियम का इलेक्ट्रॉन व्यवस्था 1s² 2s² 2p⁶ 3s² 3p⁶ 4s¹ 3d⁵ है जो आवर्त सारणी का उपयोग करके जाना जा सकता है।,2026-09-14 15:03:04
SCI_HI_0069,Hindi,Science,"आवर्त सारणी, प्रमुख धातुएं एवं अधातुएं",Medium,किस धातु का परमाणु संख्या 11 है?,ब्रॉमेन,बरियम,बरियम,ब्रॉमिन,C,बरियम,बरियम का परमाणु संख्या 11 है क्योंकि यह आवर्त सारणी में तीसरे राउंड और तीसरे स्त्रोत में आता है।,बरियम का परमाणु संख्या 11 है जो इलेक्ट्रॉन व्यवस्था 1s² 2s² 2p⁶ 3s² 3p⁶ है।,2026-09-14 15:03:04
SCI_HI_0070,Hindi,Science,"आवर्त सारणी, प्रमुख धातुएं एवं अधातुएं",Medium,किस धातु का इलेक्ट्रॉन व्यवस्था 1s² 2s² 2p⁶ 3s² 3p⁶ 4s² है?,क्रोमियम,कैल्मनियम,कैल्कियम,कार्बनियम,C,कैल्कियम,कैल्कियम का इलेक्ट्रॉन व्यवस्था 1s² 2s² 2p⁶ 3s² 3p⁶ 4s² है क्योंकि यह एक राउंड 4 और स्त्रोत 1 का धातु है।,कैल्कियम का इलेक्ट्रॉन व्यवस्था 1s² 2s² 2p⁶ 3s² 3p⁶ 4s² है जो आवर्त सारणी का उपयोग करके जाना जा सकता है।,2026-09-14 15:03:04
SCI_HI_0071,Hindi,Science,"अम्ल, क्षार, लवण एवं दैनिक जीवन में रसायन",Hard,कैसे यौगिक अम्ल की पहचान कर सकते हैं?,सायलेटिक टेस्ट से अम्ल की पहचान कर सकते हैं।,अम्ल अपने रसायन गुणों से पहचाना जा सकता है।,किसी अम्ल की पहचान अपनी जलता दवा से की जा सकती है।,किसी अम्ल की पहचान अपने रसायन गुणों और अभ्यासों से की जा सकती है।,D,किसी अम्ल की पहचान अपने रसायन गुणों और अभ्यासों से की जा सकती है।,यह उत्तर सही है क्योंकि अम्ल अपने रसायन गुणों जैसे पH और विद्युत आवर्तन के आधार पर विश्लेषित किये जाते हैं।,अम्ल अपने रसायन गुणों जैसे पH और विद्युत आवर्तन के आधार पर विश्लेषित किये जाते हैं जो उनकी अम्लीयता का प्रतीक है। इन गुणों का अध्ययन अम्ल की पहचान करने में मदद करता है।,2026-09-14 15:04:23
SCI_HI_0072,Hindi,Science,"अम्ल, क्षार, लवण एवं दैनिक जीवन में रसायन",Hard,कैसे यौगिक क्षार की पहचान कर सकते हैं?,क्षार की पहचान उन यौगिकों के रसायन गुणों और अभ्यासों से की जा सकती है।,क्षार की पहचान उन यौगिकों के रसायन गुणों और अभ्यासों से की जा सकती है।,क्षार की पहचान उन यौगिकों के रसायन गुणों और अभ्यासों से की जा सकती है।,क्षार की पहचान उन यौगिकों के रसायन गुणों और अभ्यासों से की जा सकती है।,A,क्षार की पहचान उन यौगिकों के रसायन गुणों और अभ्यासों से की जा सकती है।,यह उत्तर सही है क्योंकि क्षार की पहचान उन यौगिकों के रसायन गुणों और अभ्यासों के आधार पर की जा सकती है।,क्षार की पहचान उन यौगिकों के रसायन गुणों जैसे पH और तापमान विद्युत आवर्तन के आधार पर की जा सकती है। इन गुणों का अध्ययन उनकी क्षारीयता का प्रतीक है।,2026-09-14 15:04:23
SCI_HI_0073,Hindi,Science,"अम्ल, क्षार, लवण एवं दैनिक जीवन में रसायन",Hard,कैसे यौगिक लवण की पहचान कर सकते हैं?,लवण की पहचान उन यौगिकों के रसायन गुणों और अभ्यासों से की जा सकती है।,लवण की पहचान उन यौगिकों के रसायन गुणों और अभ्यासों से की जा सकती है।,लवण की पहचान उन यौगिकों के रसायन गुणों और अभ्यासों से की जा सकती है।,लवण की पहचान उन यौगिकों के रसायन गुणों और अभ्यासों से की जा सकती है।,A,लवण की पहचान उन यौगिकों के रसायन गुणों और अभ्यासों से की जा सकती है।,यह उत्तर सही है क्योंकि लवण की पहचान उन यौगिकों के रसायन गुणों और अभ्यासों के आधार पर की जा सकती है।,लवण की पहचान उन यौगिकों के रसायन गुणों जैसे पH और विद्युत आवर्तन के आधार पर की जा सकती है। इन गुणों का अध्ययन उनके लवणीयता का प्रतीक है।,2026-09-14 15:04:23
SCI_HI_0074,Hindi,Science,"अम्ल, क्षार, लवण एवं दैनिक जीवन में रसायन",Hard,"कैसे रसायन अभ्यासों का उपयोग करके अम्ल, क्षार और लवण रूपांतरण की पहचान कर सकते हैं?","अम्ल, क्षार और लवण रूपांतरण की पहचान रसायन अभ्यासों जैसे पH पर आधारित नियमों के आधार पर की जा सकती है।","अम्ल, क्षार और लवण रूपांतरण की पहचान रसायन अभ्यासों जैसे पH पर आधारित नियमों के आधार पर की जा सकती है।","अम्ल, क्षार और लवण रूपांतरण की पहचान रसायन अभ्यासों जैसे पH पर आधारित नियमों के आधार पर की जा सकती है।","अम्ल, क्षार और लवण रूपांतरण की पहचान रसायन अभ्यासों जैसे पH पर आधारित नियमों के आधार पर की जा सकती है।",A,"अम्ल, क्षार और लवण रूपांतरण की पहचान रसायन अभ्यासों जैसे पH पर आधारित नियमों के आधार पर की जा सकती है।","यह उत्तर सही है क्योंकि अम्ल, क्षार और लवण रूपांतरण की पहचान रसायन अभ्यासों जैसे पH पर आधारित नियमों के आधार पर की जा सकती है।","अम्ल, क्षार और लवण रूपांतरण की पहचान रसायन अभ्यासों जैसे पH पर आधारित नियमों के आधार पर की जा सकती है। ये नियम अम्ल, क्षार और लवण के रसायन गुणों का अध्ययन करने में मदद करते हैं।",2026-09-14 15:04:23
SCI_HI_0075,Hindi,Science,"अम्ल, क्षार, लवण एवं दैनिक जीवन में रसायन",Hard,कैसे रसायन अभ्यासों का उपयोग करके यौगिक अम्ल की पहचान कर सकते हैं?,यौगिक अम्ल की पहचान रसायन अभ्यासों जैसे रहित डाइसलिक अम्ल की उपयोग करके की जा सकती है।,यौगिक अम्ल की पहचान रसायन अभ्यासों जैसे रहित डाइसलिक अम्ल की उपयोग करके की जा सकती है।,यौगिक अम्ल की पहचान रसायन अभ्यासों जैसे रहित डाइसलिक अम्ल की उपयोग करके की जा सकती है।,यौगिक अम्ल की पहचान रसायन अभ्यासों जैसे रहित डाइसलिक अम्ल की उपयोग करके की जा सकती है।,A,यौगिक अम्ल की पहचान रसायन अभ्यासों जैसे रहित डाइसलिक अम्ल की उपयोग करके की जा सकती है।,यह उत्तर सही है क्योंकि यौगिक अम्ल की पहचान रसायन अभ्यासों जैसे रहित डाइसलिक अम्ल की उपयोग करके की जा सकती है।,यौगिक अम्ल की पहचान रसायन अभ्यासों जैसे रहित डाइसलिक अम्ल की उपयोग करके की जा सकती है। रहित डाइसलिक अम्ल यौगिक अम्ल के लिए एक प्रतिक्रिया रहित होता है जिससे यौगिक अम्ल की पहचान की जा सकती है।,2026-09-14 15:04:23
SCI_HI_0076,Hindi,Science,"अम्ल, क्षार, लवण एवं दैनिक जीवन में रसायन",Hard,कैसे रसायन अभ्यासों का उपयोग करके यौगिक क्षार की पहचान कर सकते हैं?,यौगिक क्षार की पहचान रसायन अभ्यासों जैसे रहित डाइसलिक अम्ल की उपयोग करके की जा सकती है।,यौगिक क्षार की पहचान रसायन अभ्यासों जैसे रहित डाइसलिक अम्ल की उपयोग करके की जा सकती है।,यौगिक क्षार की पहचान रसायन अभ्यासों जैसे रहित डाइसलिक अम्ल की उपयोग करके की जा सकती है।,यौगिक क्षार की पहचान रसायन अभ्यासों जैसे रहित डाइसलिक अम्ल की उपयोग करके की जा सकती है।,A,यौगिक क्षार की पहचान रसायन अभ्यासों जैसे रहित डाइसलिक अम्ल की उपयोग करके की जा सकती है।,यह उत्तर सही है क्योंकि यौगिक क्षार की पहचान रसायन अभ्यासों जैसे रहित डाइसलिक अम्ल की उपयोग करके की जा सकती है।,यौगिक क्षार की पहचान रसायन अभ्यासों जैसे रहित डाइसलिक अम्ल की उपयोग करके की जा सकती है। रहित डाइसलिक अम्ल यौगिक क्षार के लिए एक प्रतिक्रिया रहित होता है जिससे यौगिक क्षार की पहचान की जा सकती है।,2026-09-14 15:04:23
SCI_HI_0077,Hindi,Science,"अम्ल, क्षार, लवण एवं दैनिक जीवन में रसायन",Hard,कैसे रसायन अभ्यासों का उपयोग करके यौगिक लवण की पहचान कर सकते हैं?,यौगिक लवण की पहचान रसायन अभ्यासों जैसे रहित डाइसलिक अम्ल की उपयोग करके की जा सकती है।,यौगिक लवण की पहचान रसायन अभ्यासों जैसे रहित डाइसलिक अम्ल की उपयोग करके की जा सकती है।,यौगिक लवण की पहचान रसायन अभ्यासों जैसे रहित डाइसलिक अम्ल की उपयोग करके की जा सकती है।,यौगिक लवण की पहचान रसायन अभ्यासों जैसे रहित डाइसलिक अम्ल की उपयोग करके की जा सकती है।,A,यौगिक लवण की पहचान रसायन अभ्यासों जैसे रहित डाइसलिक अम्ल की उपयोग करके की जा सकती है।,यह उत्तर सही है क्योंकि यौगिक लवण की पहचान रसायन अभ्यासों जैसे रहित डाइसलिक अम्ल की उपयोग करके की जा सकती है।,यौगिक लवण की पहचान रसायन अभ्यासों जैसे रहित डाइसलिक अम्ल की उपयोग करके की जा सकती है। रहित डाइसलिक अम्ल यौगिक लवण के लिए एक प्रतिक्रिया रहित होता है जिससे यौगिक लवण की पहचान की जा सकती है।,2026-09-14 15:04:23
SCI_HI_0078,Hindi,Science,"अम्ल, क्षार, लवण एवं दैनिक जीवन में रसायन",Hard,"कैसे रसायन अभ्यासों का उपयोग करके रसायन अभ्यास लेकर अम्ल, क्षार और लवण की पहचान कर सकते हैं?","अम्ल, क्षार और लवण की पहचान रसायन अभ्यासों जैसे परमिट्रिक अम्ल की उपयोग करके की जा सकती है।","अम्ल, क्षार और लवण की पहचान रसायन अभ्यासों जैसे परमिट्रिक अम्ल की उपयोग करके की जा सकती है।","अम्ल, क्षार और लवण की पहचान रसायन अभ्यासों जैसे परमिट्रिक अम्ल की उपयोग करके की जा सकती है।","अम्ल, क्षार और लवण की पहचान रसायन अभ्यासों जैसे परमिट्रिक अम्ल की उपयोग करके की जा सकती है।",A,"अम्ल, क्षार और लवण की पहचान रसायन अभ्यासों जैसे परमिट्रिक अम्ल की उपयोग करके की जा सकती है।","यह उत्तर सही है क्योंकि अम्ल, क्षार और लवण की पहचान रसायन अभ्यासों जैसे परमिट्रिक अम्ल की उपयोग करके की जा सकती है।","अम्ल, क्षार और लवण की पहचान रसायन अभ्यासों जैसे परमिट्रिक अम्ल की उपयोग करके की जा सकती है। परमिट्रिक अम्ल एक रसायन अभ्यास रहित होता है जिससे अम्ल, क्षार और लवण की पहचान की जा सकती है।",2026-09-14 15:04:23
SCI_HI_0079,Hindi,Science,"कार्बन एवं उसके यौगिक, हाइड्रोकार्बन",Easy,कार्बन का रासायनिक अनुक्रमी संख्या कितनी है?,6,8,10,12,A,6,कार्बन की रासायनिक संरचना एक न्यूक्लियस है जिसका अनुक्रमी संख्या 6 है।,कार्बन के पाँच इलेक्ट्रॉन बाइट्रॉन इलेक्ट्रॉन पारियों में होते हैं और एक न्यूक्लियस के रूप में शेष एक इलेक्ट्रॉन होता है।,2026-09-14 15:05:09
SCI_HI_0080,Hindi,Science,"कार्बन एवं उसके यौगिक, हाइड्रोकार्बन",Easy,हाइड्रोकार्बन यौगिकों में निहित हाइड्रोजन की संख्या कितनी है?,1,2,3,4,B,2,हाइड्रोकार्बन यौगिक में कार्बन और हाइड्रोजन दोनों यौगिक हैं। हाइड्रोजन की संख्या 2 है।,कार्बन का एक वास्तविक यौगिक हाइड्रोजन होता है जिसमें दो हाइड्रोजन होते हैं।,2026-09-14 15:05:09
SCI_HI_0081,Hindi,Science,"कार्बन एवं उसके यौगिक, हाइड्रोकार्बन",Easy,कार्बन के यौगिकों में अक्सर देखा जाता है किस त्रिक का उपयोग?,कार्बन-ऑक्सीजन-कार्बन,कार्बन-ऑक्सीजन-ऑक्सीजन,कार्बन-कार्बन-कार्बन,कार्बन-हाइड्रोजन-ऑक्सीजन,C,कार्बन-कार्बन-कार्बन,कार्बन के यौगिकों में कार्बन-कार्बन बाइंड का उपयोग अक्सर देखा जाता है।,कार्बन का यौगिक रूप युग्म बाइंड से बनाया हुआ है जिसमें दो कार्बन होते हैं।,2026-09-14 15:05:09
SCI_HI_0082,Hindi,Science,"कार्बन एवं उसके यौगिक, हाइड्रोकार्बन",Easy,कार्बन रासायनिक अभ्यासों में अम्ल के किस गुण का उपयोग किया जाता है?,कार्बन यौगिकों को घटाना,हाइड्रोजन को घटाना,कार्बन को घटाना,कार्बन यौगिकों को बालित करना,D,कार्बन यौगिकों को बालित करना,अम्ल अक्सर कार्बन यौगिकों को बालित करने के लिए उपयोग किया जाता है।,अम्ल के रासायनिक गुण जैसे अम्लीयता नकारात्मक प्रारूप रसायन अभ्यासों में बालित करने के लिए उपयोग किए जाते हैं।,2026-09-14 15:05:09
SCI_HI_0083,Hindi,Science,"कार्बन एवं उसके यौगिक, हाइड्रोकार्बन",Easy,कार्बन यौगिक में कार्बन की संरचना किस तरह की होती है?,विलयन,संयोजन,चाल,विभाजन,B,संयोजन,कार्बन यौगिक में कार्बन की संरचना संयोजन बाइंड के रूप में होती है।,कार्बन के यौगिक रूप में दो कार्बन यौगिक अक्सर दो बाइंड से जुड़े होते हैं।,2026-09-14 15:05:09
SCI_HI_0084,Hindi,Science,"कार्बन एवं उसके यौगिक, हाइड्रोकार्बन",Easy,हाइड्रोकार्बन यौगिकों में हाइड्रोजन और कार्बन की संबंधित संख्या क्या है?,1:1,2:1,1:2,3:1,B,2:1,हाइड्रोकार्बन यौगिकों में हाइड्रोजन और कार्बन की संबंधित संख्या 2:1 होती है।,कार्बन की एक बाइंड निर्माण करने के लिए दो हाइड्रोजन इनलगिसिफाइड करते हैं।,2026-09-14 15:05:09
SCI_HI_0085,Hindi,Science,"कार्बन एवं उसके यौगिक, हाइड्रोकार्बन",Easy,कार्बन के यौगिकों में किस प्रकार की संरचना अक्सर देखी जाती है?,सिंगल बाइंड,डबल बाइंड,डबल बाइंड और सिंगल बाइंड,थ्रिपल बाइंड,C,डबल बाइंड और सिंगल बाइंड,कार्बन के यौगिकों में डबल बाइंड और सिंगल बाइंड दोनों का उपयोग अक्सर किया जाता है।,कार्बन की डबल बाइंड और सिंगल बाइंड बाइंड के रूप में संरचना निर्मित की जाती हैं।,2026-09-14 15:05:09
SCI_HI_0086,Hindi,Science,"कार्बन एवं उसके यौगिक, हाइड्रोकार्बन",Easy,कार्बन यौगिकों में किस प्रकार की बाइंड शामिल होती है?,केवल डबल बाइंड,केवल सिंगल बाइंड,सिंगल बाइंड और डबल बाइंड,केवल थ्रिपल बाइंड,C,सिंगल बाइंड और डबल बाइंड,कार्बन यौगिकों में सिंगल बाइंड और डबल बाइंड दोनों बाइंड प्रकार शामिल होते हैं।,कार्बन के यौगिकों में सिंगल बाइंड और डबल बाइंड दोनों बाइंड शामिल होते हैं जो कार्बन के बाइंड रूप निर्मित करते हैं।,2026-09-14 15:05:09
SCI_HI_0087,Hindi,Science,"कार्बन एवं उसके यौगिक, हाइड्रोकार्बन",Easy,कार्बन यौगिकों में किस प्रकार का बाइंड अधिक संबंधित रूप में होता है?,सिंगल बाइंड,डबल बाइंड,थ्रिपल बाइंड,सभी बाइंड,B,डबल बाइंड,कार्बन यौगिकों में डबल बाइंड अधिक संबंधित रूप में होता है।,डबल बाइंड कार्बन के बाइंड रूप में अधिक संबंध निर्मित करता है जो बाइंड के निर्माण के लिए दो इलेक्ट्रॉन इनलगिसिफाइड करता है।,2026-09-14 15:05:09
SCI_HI_0088,Hindi,Science,"कार्बन एवं उसके यौगिक, हाइड्रोकार्बन",Easy,कार्बन यौगिकों में अम्लीयता का उपयोग कैसे किया जाता है?,कार्बन को घटाने के लिए,हाइड्रोजन को घटाने के लिए,कार्बन यौगिकों को बालित करने के लिए,कार्बन यौगिकों को घटाने के लिए,C,कार्बन यौगिकों को बालित करने के लिए,कार्बन यौगिकों में अम्लीयता का उपयोग विशेष रूप से कार्बन यौगिकों को बालित करने के लिए किया जाता है।,अम्लीयता का रासायनिक गुण विशेष रूप से अम्ल के रूप में अम्लीयता का उपयोग करके बालित करने के लिए किया जाता है।,2026-09-14 15:05:09
SCI_HI_0089,Hindi,Science,"कोशिका संरचना, कोशिका विभाजन एवं आनुवंशिकी",Medium,कोशिका संरचना में किस प्रकार की कोशिका खोल उपलब्ध होती है?,परिस्थिति अनुसार खोल,स्थानीय अनुसार खोल,स्थानिक अनुसार खोल,स्थिति अनुसार खोल,D,स्थिति अनुसार खोल,स्थिति अनुसार खोल उस कोशिका खोल को वर्गीकरण करता है जो विकसित होता है जब कोशिका की स्थिति पर निर्भर करता है।,स्थिति अनुसार खोल उपलब्ध होता है जब कोशिका की विकास की अवस्था या स्थिति पर निर्भर करता है। यह उत्तर कारण द्वारा सही है क्योंकि यह कोशिका संरचना में विकास की अवस्था का निर्धारण करता है।,2026-09-14 15:06:15
SCI_HI_0090,Hindi,Science,"कोशिका संरचना, कोशिका विभाजन एवं आनुवंशिकी",Medium,कोशिका विभाजन के दौरान किस प्रकार का कोशिका स्वरूप अनुकूल होता है?,अच्छी तरह जोड़ा गया,अस्तित्व में एक रिक्त स्थान,स्थिर,कोशिका खोल के अनुसार,B,अस्तित्व में एक रिक्त स्थान,अस्तित्व में एक रिक्त स्थान उस स्थान को निर्धारित करता है जहाँ नवजात कोशिका बनाई जाए।,अस्तित्व में एक रिक्त स्थान उपलब्ध होता है जहाँ नवजात कोशिका बनाई जाती है। यह अनुकूल रूप होता है क्योंकि यह नवजात कोशिका के विकास के लिए अनुकूल परिस्थिति बनाता है।,2026-09-14 15:06:15
SCI_HI_0091,Hindi,Science,"कोशिका संरचना, कोशिका विभाजन एवं आनुवंशिकी",Medium,कोशिका विभाजन का नाम योग्य रूप से दिया गया है क्यों?,क्योंकि यह रहस्यमय है,क्योंकि यह एक असंभव प्रक्रिया है,क्योंकि यह दो समान कोशिकाएँ बनाता है,क्योंकि यह एक असाधारण नैतिक शक्ति का प्रदर्शन है,C,क्योंकि यह दो समान कोशिकाएँ बनाता है,कोशिका विभाजन का नाम योग्य है क्योंकि यह दो समान कोशिकाएँ बनाता है जो वैज्ञानिक रूप से समान अवस्था में होती हैं।,कोशिका विभाजन नाम योग्य रूप से दिया गया है क्योंकि यह दो समान कोशिकाएँ बनाता है जो वैज्ञानिक रूप से समान अवस्था में होती हैं।,2026-09-14 15:06:15
SCI_HI_0092,Hindi,Science,"कोशिका संरचना, कोशिका विभाजन एवं आनुवंशिकी",Medium,आनुवंशिकी में रिमानेटरिया का अर्थ क्या है?,एक कोशिका खोल,एक विभाजन की अवस्था,कोशिका विभाजन के एक अंतराल,एक कोशिका अणु,C,कोशिका विभाजन के एक अंतराल,रिमानेटरिया कोशिका विभाजन के एक अंतराल को नामित करता है जहाँ प्रारंभिक कोशिका भाग जाती है।,रिमानेटरिया कोशिका विभाजन के एक अंतराल को नामित करता है जहाँ प्रारंभिक कोशिका भाग जाती है। यह अंतराल विभाजन की प्रक्रिया का एक महत्वपूर्ण भाग है।,2026-09-14 15:06:15
SCI_HI_0093,Hindi,Science,"कोशिका संरचना, कोशिका विभाजन एवं आनुवंशिकी",Medium,किस प्रकार की अणु कोशिका संरचना में संबंधित हैं?,डीएनए,रिमानेटरिया,कोशिका खोल,कोशिका विभाजन,A,डीएनए,डीएनए अणु संरचना कोशिका संरचना का एक महत्वपूर्ण भाग है जो आनुवंशिक पारंपरिकता को संरक्षित करता है।,डीएनए अणु संरचना कोशिका संरचना का एक महत्वपूर्ण भाग है जो आनुवंशिक पारंपरिकता को संरक्षित करता है। यह अणु कोशिका संरचना में संबंधित है क्योंकि यह आनुवंशिक पारंपरिकता को संरक्षित करने में महत्वपूर्ण भूमिका निभाता है।,2026-09-14 15:06:15
SCI_HI_0094,Hindi,Science,"कोशिका संरचना, कोशिका विभाजन एवं आनुवंशिकी",Medium,किस प्रकार की कोशिका खोल निर्धारित करती है कि किस प्रकार की विभाजन प्रक्रिया शुरू हो रही है?,संरक्षित कोशिका खोल,विभाजन अनुसार खोल,कोशिका विभाजन की खोल,कोशिका विभाजन रिमानेटरिया,B,विभाजन अनुसार खोल,विभाजन अनुसार खोल उस कोशिका खोल को निर्धारित करता है जो विभाजन प्रक्रिया शुरू हो रही है।,विभाजन अनुसार खोल उस कोशिका खोल को निर्धारित करता है जो विभाजन प्रक्रिया शुरू हो रही है। यह अनुसार खोल विभाजन की प्रक्रिया को नियंत्रित करता है।,2026-09-14 15:06:15
SCI_HI_0095,Hindi,Science,"कोशिका संरचना, कोशिका विभाजन एवं आनुवंशिकी",Medium,किस प्रकार की विभाजन की अवस्था अनुकूल होती है जब कोशिका विभाजन की खोल खुलती है?,मिडलिंग रिमानेटरिया,कोशिका विभाजन रिमानेटरिया,प्रारंभिक रिमानेटरिया,संरक्षित कोशिका खोल,B,कोशिका विभाजन रिमानेटरिया,कोशिका विभाजन रिमानेटरिया विभाजन की खोल खुलने की अवस्था को निर्धारित करता है जिसके बाद कोशिका विभाजन शुरू हो रहा है।,कोशिका विभाजन रिमानेटरिया विभाजन की खोल खुलने की अवस्था को निर्धारित करता है जिसके बाद कोशिका विभाजन शुरू हो रहा है। यह अवस्था विभाजन की प्रक्रिया को अनुकूल बनाती है।,2026-09-14 15:06:15
SCI_HI_0096,Hindi,Science,"मानव शरीर तंत्र (पाचन, श्वसन, रक्त परिसंचरण, तंत्रिका तंत्र)",Hard,श्वसन तंत्र के लिए रक्त को विस्तार करने का मुख्य भूमिका निभाता कौन सी कोशिका है?,रक्त ग्लोबुलस,रेड कोलोनील फोनैट,हीमोग्लोबिन,रक्त अक्सिजन संदूक,D,रक्त अक्सिजन संदूक,रक्त अक्सिजन संदूक रक्त में अक्सिजन को लेकर दौड़ता है और इसी कारण रक्त को विस्तार करने में मदद करता है।,रक्त अक्सिजन संदूक रक्त को अक्सिजन से भरने में मदद करता है जो श्वसन तंत्र द्वारा आया होता है। यह रक्त शरीर के अंगों तक अक्सिजन की डालने में खोजा जाता है।,2026-09-14 15:07:08
SCI_HI_0097,Hindi,Science,"मानव शरीर तंत्र (पाचन, श्वसन, रक्त परिसंचरण, तंत्रिका तंत्र)",Hard,हेपाटिक नल से रक्त निकलने का कारण क्या हो सकता है?,हीमोसिस,हीमोफाइलिया,हीमोक्रोसिस,हीमोक्लोनिका,B,हीमोफाइलिया,हीमोफाइलिया एक रक्त रोग है जिसमें रक्त की रक्त लाल कोशिकाओं की संख्या कम हो जाती है।,हीमोफाइलिया का प्रभाव रक्त की लाल कोशिकाओं की कम संख्या पर होता है जिससे रक्त निकलने की असममति होती है।,2026-09-14 15:07:08
SCI_HI_0098,Hindi,Science,"मानव शरीर तंत्र (पाचन, श्वसन, रक्त परिसंचरण, तंत्रिका तंत्र)",Hard,किस प्रकार की रक्त खोल अपने पास के रक्त ग्लोबुलस को ले जाती है?,रक्त केड्रिल,रक्त विभाजन खोल,रक्त ग्लोबुलस खोल,रक्त कोशिका खोल,C,रक्त ग्लोबुलस खोल,रक्त ग्लोबुलस खोल रक्त ग्लोबुलस को ले जाती है जिससे वे अक्सिजन लेकर आते हैं।,रक्त ग्लोबुलस खोल रक्त ग्लोबुलस को अक्सिजन लेने के लिए ले जाती है जो रक्त के श्वसन तंत्र से आता है।,2026-09-14 15:07:08
SCI_HI_0099,Hindi,Science,"मानव शरीर तंत्र (पाचन, श्वसन, रक्त परिसंचरण, तंत्रिका तंत्र)",Hard,परिसंचरण तंत्र में किस भाग से रक्त का अक्सिजन लेने का पथ शुरू होता है?,हीमोग्लोबिन,अक्सिजन तंत्र,हिपरफ्रेसिस,हेपाटिक नल,D,हेपाटिक नल,हेपाटिक नल रक्त के अक्सिजन लेने का प्राथमिक भाग है जो रक्त श्वसन तंत्र से अक्सिजन लेता है।,हेपाटिक नल रक्त अक्सिजन लेने के लिए श्वसन तंत्र से आता है जो रक्त शरीर के अंगों तक अक्सिजन डालने में मदद करता है।,2026-09-14 15:07:08
SCI_HI_0100,Hindi,Science,"मानव शरीर तंत्र (पाचन, श्वसन, रक्त परिसंचरण, तंत्रिका तंत्र)",Hard,किस प्रकार का रक्त परिसंचरण तंत्र शरीर के सभी अंगों में अक्सिजन डालने का रास्ता बनाता है?,रक्त केड्रिल,रक्त ग्लोबुलस,हेपाटिक नल,विश्वसन तंत्र,A,रक्त केड्रिल,रक्त केड्रिल रक्त को शरीर के अंगों तक ले जाती है जहाँ वह अक्सिजन डालती है।,रक्त केड्रिल रक्त को शरीर के अंगों तक ले जाती है जहाँ रक्त अक्सिजन डालती है और इसी प्रकार अन्य पदार्थ भी डालती है।,2026-09-14 15:07:08
SCI_HI_0101,Hindi,Science,"मानव शरीर तंत्र (पाचन, श्वसन, रक्त परिसंचरण, तंत्रिका तंत्र)",Hard,किस प्रकार का रक्त परिसंचरण तंत्र रक्त को शरीर के अंगों तक ले जाता है जहाँ यह अक्सिजन डालता है?,रक्त केड्रिल,रक्त ग्लोबुलस,हेपाटिक नल,विश्वसन तंत्र,A,रक्त केड्रिल,रक्त केड्रिल रक्त को शरीर के अंगों तक ले जाती है जहाँ वह अक्सिजन डालती है।,रक्त केड्रिल रक्त को शरीर के अंगों तक ले जाती है जहाँ रक्त अक्सिजन डालती है और इसी प्रकार अन्य पदार्थ भी डालती है।,2026-09-14 15:07:08
SCI_HI_0102,Hindi,Science,"मानव शरीर तंत्र (पाचन, श्वसन, रक्त परिसंचरण, तंत्रिका तंत्र)",Hard,किस प्रकार की कोशिका रक्त ग्लोबुलस में अक्सिजन को ले जाती है?,रेड कोलोनील फोनैट,हीमोग्लोबिन,रक्त अक्सिजन संदूक,हेमोसोफिल,B,हीमोग्लोबिन,हीमोग्लोबिन रक्त ग्लोबुलस में अक्सिजन को ले जाता है और इससे अक्सिजन डालने में मदद करता है।,हीमोग्लोबिन रक्त ग्लोबुलस में अक्सिजन को ले जाता है और इससे अक्सिजन डालने में मदद करता है। यह रक्त श्वसन तंत्र से अक्सिजन लेता है और इसके द्वारा शरीर के अंगों तक अक्सिजन डाला जाता है।,2026-09-14 15:07:08
SCI_HI_0103,Hindi,Science,"मानव शरीर तंत्र (पाचन, श्वसन, रक्त परिसंचरण, तंत्रिका तंत्र)",Hard,रक्त ग्लोबुलस किस प्रकार की कोशिका है जो अक्सिजन ले जाती है और दौड़ती है?,हीमोग्लोबिन,रक्त अक्सिजन संदूक,रेड कोलोनील फोनैट,रक्त ग्लोबुलस,D,रक्त ग्लोबुलस,रक्त ग्लोबुलस रक्त में अक्सिजन को ले जाती है और यह शरीर के अंगों तक डालने के लिए दौड़ती है।,रक्त ग्लोबुलस रक्त में अक्सिजन को ले जाती है और यह शरीर के अंगों तक डालने के लिए दौड़ती है। यह श्वसन तंत्र से अक्सिजन लेती है और इससे शरीर के अंगों तक अक्सिजन डालती है।,2026-09-14 15:07:08
SCI_HI_0104,Hindi,Science,"मानव शरीर तंत्र (पाचन, श्वसन, रक्त परिसंचरण, तंत्रिका तंत्र)",Hard,किस प्रकार का रक्त परिसंचरण तंत्र श्वसन तंत्र से अक्सिजन लेता है और शरीर के अंगों तक डालता है?,रक्त केड्रिल,रेड कोलोनील फोनैट,हेपाटिक नल,विश्वसन तंत्र,A,रक्त केड्रिल,रक्त केड्रिल श्वसन तंत्र से अक्सिजन लेता है और शरीर के अंगों तक डालता है।,रक्त केड्रिल श्वसन तंत्र से अक्सिजन लेता है और शरीर के अंगों तक डालता है। यह रक्त ग्लोबुलस के साथ काम करता है जो अक्सिजन ले जाती है और शरीर के अंगों तक डालती है।,2026-09-14 15:07:08
SCI_HI_0105,Hindi,Science,"मानव शरीर तंत्र (पाचन, श्वसन, रक्त परिसंचरण, तंत्रिका तंत्र)",Hard,रक्त केड्रिल किस प्रकार का तंत्र है जो रक्त शरीर के अंगों तक ले जाता है जहाँ रक्त अक्सिजन डालता है?,रेड कोलोनील फोनैट,हेपाटिक नल,रक्त केड्रिल,विश्वसन तंत्र,C,रक्त केड्रिल,रक्त केड्रिल रक्त को शरीर के अंगों तक ले जाती है जहाँ रक्त अक्सिजन डालता है।,रक्त केड्रिल रक्त को शरीर के अंगों तक ले जाती है जहाँ रक्त अक्सिजन डालता है। यह रक्त ग्लोबुलस के साथ काम करती है जो अक्सिजन ले जाती है और शरीर के अंगों तक डालती है।,2026-09-14 15:07:08
SCI_HI_0106,Hindi,Science,"मानव स्वास्थ्य, पोषण, विटामिन एवं प्रमुख रोग",Easy,विटामिन C किस प्रकार का पोषण अवयव है जो शरीर में इम्यूनिटी को मजबूत करता है?,आइरिन,जेली फ्रुट,विटामिन C,पैटिन,C,विटामिन C,विटामिन C इम्यूनिटी को मजबूत करने वाला पोषण अवयव है।,विटामिन C शरीर के इम्यून सिस्टम को मजबूत बनाता है जो रोग से बचाव में महत्वपूर्ण भूमिका निभाता है।,2026-09-14 15:07:50
SCI_HI_0107,Hindi,Science,"मानव स्वास्थ्य, पोषण, विटामिन एवं प्रमुख रोग",Easy,विटामिन D किसकी मदद से सर्वानुपाती अवस्था में मदद करता है?,अक्सिजन,कैल्शियम,बीकैर,रक्त,B,कैल्शियम,विटामिन D कैल्शियम की सर्वानुपाती अवस्था में मदद करता है।,विटामिन D कैल्शियम की संपीड़न से मदद करता है जो बासरों में बनाता है और शरीर में उपयोगी रूप से व्यवस्थित होता है।,2026-09-14 15:07:50
SCI_HI_0108,Hindi,Science,"मानव स्वास्थ्य, पोषण, विटामिन एवं प्रमुख रोग",Easy,प्रोटीन किस प्रकार का पोषण अवयव है जो शरीर के रक्त को मजबूत करता है?,हलीका,सरसों,प्रोटीन,रक्त ग्लोबुलस,C,प्रोटीन,प्रोटीन रक्त को मजबूत करने वाला पोषण अवयव है।,प्रोटीन रक्त को मजबूत बनाता है जिससे रक्त ग्लोबुलस के लिए बेहतर समर्थन मिलता है।,2026-09-14 15:07:50
SCI_HI_0109,Hindi,Science,"मानव स्वास्थ्य, पोषण, विटामिन एवं प्रमुख रोग",Easy,विटामिन B12 किस प्रकार का पोषण अवयव है जो रक्त को बनाने में मदद करता है?,बीटा कारन,रक्त,विटामिन B12,ब्रॉक्ली,C,विटामिन B12,विटामिन B12 रक्त को बनाने में मदद करने वाला पोषण अवयव है।,विटामिन B12 शरीर में नए रक्त कोशिकाओं को बनाने में मदद करता है।,2026-09-14 15:07:50
SCI_HI_0110,Hindi,Science,"मानव स्वास्थ्य, पोषण, विटामिन एवं प्रमुख रोग",Easy,हर्पेस रोग किस प्रकार की रोग है जो शरीर में रक्त कोशिकाओं में प्रतिरक्षा उत्पादन को रोकता है?,बीमारी,विटामिन,हर्पेस,रक्त ग्लोबुलस,C,हर्पेस,हर्पेस एक रोग है जो शरीर में रक्त कोशिकाओं में प्रतिरक्षा उत्पादन को रोकता है।,"हर्पेस रोग जोश, बुखार और तनाव जैसी अन्य रोगों के कारण शरीर की प्रतिरक्षा को कम करता है जिससे रोग दुरुपयोगी रूप से विकसित हो सकता है।",2026-09-14 15:07:50
SCI_HI_0111,Hindi,Science,"मानव स्वास्थ्य, पोषण, विटामिन एवं प्रमुख रोग",Easy,विटामिन A किस प्रकार का पोषण अवयव है जो शरीर के खाने-पीने को सुधारता है?,विटामिन A,पानी,रक्त,बीकैर,A,विटामिन A,विटामिन A खाने-पीने को सुधारने वाला पोषण अवयव है।,विटामिन A खाने-पीने का अनुकूलन करता है जो शरीर में स्वास्थ्य को बेहतर बनाता है।,2026-09-14 15:07:50
SCI_HI_0112,Hindi,Science,"मानव स्वास्थ्य, पोषण, विटामिन एवं प्रमुख रोग",Easy,कैल्शियम किस प्रकार का पोषण अवयव है जो शरीर में पारास्थैतिक स्थिति को नियंत्रित करता है?,कैल्शियम,विटामिन,पानी,रक्त,A,कैल्शियम,कैल्शियम पारास्थैतिक स्थिति को नियंत्रित करने वाला पोषण अवयव है।,कैल्शियम शरीर की पारास्थैतिक स्थिति को संतुलित रखता है जो रोग से बचाव में महत्वपूर्ण है।,2026-09-14 15:07:50
SCI_HI_0113,Hindi,Science,"मानव स्वास्थ्य, पोषण, विटामिन एवं प्रमुख रोग",Easy,प्रोटीन किस प्रकार का पोषण अवयव है जो शरीर में रक्त कोशिकाओं को बनाने में मदद करता है?,बीकैर,प्रोटीन,रक्त,विटामिन,B,प्रोटीन,प्रोटीन रक्त कोशिकाओं को बनाने में मदद करने वाला पोषण अवयव है।,प्रोटीन रक्त कोशिकाओं को बनाने में मदद करता है जो शरीर के विभिन्न अंगों में रक्त को दर्जा देते हैं।,2026-09-14 15:07:50
SCI_HI_0114,Hindi,Science,"मानव स्वास्थ्य, पोषण, विटामिन एवं प्रमुख रोग",Easy,विटामिन B9 किस प्रकार का पोषण अवयव है जो शरीर के रक्त कोशिकाओं को बनाने में मदद करता है?,रक्त,विटामिन B9,प्रोटीन,विटामिन B12,B,विटामिन B9,विटामिन B9 रक्त कोशिकाओं को बनाने में मदद करने वाला पोषण अवयव है।,विटामिन B9 शरीर में नए रक्त कोशिकाओं को बनाने में महत्वपूर्ण भूमिका निभाता है।,2026-09-14 15:07:50
SCI_HI_0115,Hindi,Science,"मानव स्वास्थ्य, पोषण, विटामिन एवं प्रमुख रोग",Easy,हर्पेस रोग किस भाग में विकसित हो सकता है जो शरीर के रक्त कोशिकाओं में प्रतिरक्षा को रोकता है?,हाथ,कोरा,हाइपरक्सेस,हर्पेस,D,हर्पेस,हर्पेस एक रोग है जो शरीर के रक्त कोशिकाओं में प्रतिरक्षा को रोकता है।,"हर्पेस रोग जोश, बुखार और तनाव जैसी अन्य रोगों के कारण शरीर की प्रतिरक्षा को कम करता है जिससे रोग दुरुपयोगी रूप से विकसित हो सकता है।",2026-09-14 15:07:50
SCI_HI_0116,Hindi,Science,"पादप कार्यिकी, प्रकाश संश्लेषण एवं पादप हार्मोन",Medium,प्रकाश संश्लेषण की किस चरण में हाइड्रोक्वाइनोलन का रूप रहता है?,प्रकाश की स्थानीय जल संकेत प्राप्त करने का चरण,प्रकाश के इलेक्ट्रॉन प्राप्त करने का चरण,प्रोटोन विस्थापन का चरण,रूबिफिक अक्सीडेशन का चरण,C,प्रोटोन विस्थापन का चरण,प्रोटोन विस्थापन का चरण में हाइड्रोक्वाइनोलन एक प्रकाश के इलेक्ट्रॉन को लेकर रहता है।,प्रोटोन विस्थापन का चरण में रूबिफिक रॉबिन्सन चक्र में हाइड्रोक्वाइनोलन के रूप रहता है जो प्रकाश के इलेक्ट्रॉन को लेकर रहता है।,2026-09-14 15:08:39
SCI_HI_0117,Hindi,Science,"पादप कार्यिकी, प्रकाश संश्लेषण एवं पादप हार्मोन",Medium,"पादप कार्यिकी में जो अणु श्लेषण का नियंत्रण करता है, उसे क्या कहते हैं?",हार्मोन अणु,कोएफिशियन अणु,ब्रोंकोल अणु,स्टाटिक अणु,A,हार्मोन अणु,हार्मोन अणु पादप कार्यिकी में श्लेषण का नियंत्रण करते हैं।,हार्मोन अणु अन्य पादपों से विभिन्न प्रक्रियाओं को नियंत्रित करते हैं जिससे श्लेषण और पादप कार्यिकी को संचालित किया जाता है।,2026-09-14 15:08:39
SCI_HI_0118,Hindi,Science,"पादप कार्यिकी, प्रकाश संश्लेषण एवं पादप हार्मोन",Medium,पादप कार्यिकी में प्राथमिक रूप से किस प्रक्रिया को नियंत्रित करते हैं?,प्रकाश संश्लेषण,स्टाइनोक्सिस,प्रोटीन सिंथेसिस,कोलाइडिसमेंट,A,प्रकाश संश्लेषण,पादप कार्यिकी प्रकाश संश्लेषण को नियंत्रित करती है।,पादप कार्यिकी वनस्पतियों में प्रकाश संश्लेषण की प्रक्रिया को नियंत्रित करती है और इसकी दर को बढ़ावा देती है।,2026-09-14 15:08:39
SCI_HI_0119,Hindi,Science,"पादप कार्यिकी, प्रकाश संश्लेषण एवं पादप हार्मोन",Medium,प्रकाश संश्लेषण में लिफेर रूबिफिक चक्र किस प्रकार की प्रक्रिया है?,अतिरिक्त ऊर्जा निर्माण,प्रकाश से इलेक्ट्रॉन भंडारण,कार्बन डाइऑक्साइड से ऑक्सीजन निर्माण,प्रकाश से इलेक्ट्रॉन प्राप्त,A,अतिरिक्त ऊर्जा निर्माण,लिफेर रूबिफिक चक्र प्रकाश संश्लेषण में अतिरिक्त ऊर्जा निर्माण की प्रक्रिया है।,लिफेर रूबिफिक चक्र वनस्पतियों में प्रकाश संश्लेषण की प्रक्रिया में अतिरिक्त ऊर्जा को निर्माण करने के लिए विकसित है।,2026-09-14 15:08:39
SCI_HI_0120,Hindi,Science,"पादप कार्यिकी, प्रकाश संश्लेषण एवं पादप हार्मोन",Medium,पादप कार्यिकी में व्यापक संश्लेषण किस प्रक्रिया को नियंत्रित करता है?,प्रकाश संश्लेषण,नाइट संश्लेषण,स्टाइनोक्सिस,कार्बन डाइऑक्साइड संश्लेषण,B,नाइट संश्लेषण,नाइट संश्लेषण पादप कार्यिकी की प्रक्रियाओं को नियंत्रित करता है।,नाइट संश्लेषण रात में प्रकाश के बिना वनस्पतियों में उपलब्ध ऊर्जा का उपयोग करके संश्लेषण करता है और यह पादप कार्यिकी का हिस्सा है।,2026-09-14 15:08:39
SCI_HI_0121,Hindi,Science,"पादप कार्यिकी, प्रकाश संश्लेषण एवं पादप हार्मोन",Medium,किस पादप कार्यिकी की प्रक्रिया प्रकाश से निर्मित ऊर्जा का उपयोग करती है?,नाइट संश्लेषण,प्रकाश संश्लेषण,स्टाइनोक्सिस,कार्बन डाइऑक्साइड संश्लेषण,B,प्रकाश संश्लेषण,प्रकाश संश्लेषण प्रकाश से निर्मित ऊर्जा का उपयोग करता है।,प्रकाश संश्लेषण में प्रकाश से इलेक्ट्रॉन प्राप्त किए जाने वाले अणु ऊर्जा को निर्माण करते हैं जो वनस्पतियों के लिए आवश्यक है।,2026-09-14 15:08:39
SCI_HI_0122,Hindi,Science,"पादप कार्यिकी, प्रकाश संश्लेषण एवं पादप हार्मोन",Medium,पादप कार्यिकी में प्रोटीन कार्यिकी किस प्रक्रिया को नियंत्रित करती है?,प्रोटीन सिंथेसिस,प्रोटीन डिस्माइलिसिस,प्रोटीन दमकान,प्रोटीन रिफोल्जिंग,A,प्रोटीन सिंथेसिस,प्रोटीन कार्यिकी प्रोटीन सिंथेसिस को नियंत्रित करती है।,प्रोटीन कार्यिकी वनस्पतियों में प्रोटीन सिंथेसिस की प्रक्रिया को नियंत्रित करती है जो प्रोटीन के निर्माण को नियंत्रित करती है।,2026-09-14 15:08:39
SCI_HI_0123,Hindi,Science,"पादप कार्यिकी, प्रकाश संश्लेषण एवं पादप हार्मोन",Medium,प्रकाश संश्लेषण में रूबिफिक अक्सीडेशन प्रक्रिया किस चक्र का भाग है?,कार्बोस्लेट चक्र,स्टाइनोक्सिस,रूबिफिक रॉबिन्सन चक्र,प्रोटोन विस्थापन चक्र,C,रूबिफिक रॉबिन्सन चक्र,रूबिफिक रॉबिन्सन चक्र रूबिफिक अक्सीडेशन का भाग है।,रूबिफिक रॉबिन्सन चक्र में रूबिफिक अक्सीडेशन की प्रक्रिया शामिल होती है जो प्रकाश संश्लेषण में अतिरिक्त ऊर्जा निर्माण के लिए आवश्यक है।,2026-09-14 15:08:39
SCI_HI_0124,Hindi,Science,"पादप कार्यिकी, प्रकाश संश्लेषण एवं पादप हार्मोन",Medium,पादप कार्यिकी में किस पादप निर्माण की प्रक्रिया को नियंत्रित करता है?,कार्बोनिक एसिड,कैल्शियम,हार्मोन,कोलाइडिसमेंट,C,हार्मोन,हार्मोन वास्तविक स्थितियों के अनुसार पादप कार्यिकी की प्रक्रियाओं को नियंत्रित करता है।,हार्मोन वास्तविक स्थितियों के अनुसार पादप कार्यिकी की प्रक्रियाओं को नियंत्रित करता है जो वनस्पतियों के लिए आवश्यक हैं।,2026-09-14 15:08:39
SCI_HI_0125,Hindi,Science,"पादप कार्यिकी, प्रकाश संश्लेषण एवं पादप हार्मोन",Medium,पादप कार्यिकी में किस प्रक्रिया वनस्पतियों की उपचार को नियंत्रित करती है?,प्रकाश संश्लेषण,नाइट संश्लेषण,कार्बन डाइऑक्साइड संश्लेषण,स्टाइनोक्सिस,A,प्रकाश संश्लेषण,प्रकाश संश्लेषण पादप कार्यिकी की प्रक्रियाओं को नियंत्रित करती है।,प्रकाश संश्लेषण वनस्पतियों की उपचार को नियंत्रित करता है जो पादप कार्यिकी का हिस्सा है।,2026-09-14 15:08:39
SCI_HI_0126,Hindi,Science,"पारिस्थितिकी तंत्र, जैव विविधता एवं प्रदूषण",Hard,प्रदूषण के कारण जैव विविधता की किस शैली का प्रभाव देखा गया है?,एकाधिकनिष्ठता,विशिष्टकरण,सामान्यकरण,विविधता की वृद्धि,C,सामान्यकरण,सामान्यकरण की शैली में जैविक विविधता कम हो जाती है।,"प्रदूषण वातावरण को निष्पक्ष नहीं बना देता, इसलिए विशिष्ट जीव विशेष वातावरण में रहकर विशिष्टकरण की शैली में वृद्धि होती है जबकि अन्य जीव नष्ट होते हैं जो विविधता को कम करता है।",2026-09-14 15:09:26
SCI_HI_0127,Hindi,Science,"पारिस्थितिकी तंत्र, जैव विविधता एवं प्रदूषण",Hard,किसी विशिष्ट क्षेत्र में जैव विविधता को बढ़ावा देने के लिए सबसे अच्छा तरीका क्या है?,प्रदूषण की समायोजन,नौकरियों की वृद्धि,वन्यजीव पासर के संरक्षण,क्षेत्र के आबादी की वृद्धि,C,वन्यजीव पासर के संरक्षण,वन्यजीव पासर के संरक्षण जैविक विविधता की बढ़ोतरी का मुख्य तरीका होता है।,वन्यजीव पासर के संरक्षण के माध्यम से जैविक विविधता में बहुत से जीव प्रजातियों की निर्धारण और उपजातियों का विकास होता है।,2026-09-14 15:09:26
SCI_HI_0128,Hindi,Science,"पारिस्थितिकी तंत्र, जैव विविधता एवं प्रदूषण",Hard,प्रदूषण का परिणाम किस प्रकार की जैविक विविधता को नष्ट कर देता है?,विशिष्टकरण,संकरण,सामान्यकरण,विविधता की वृद्धि,C,सामान्यकरण,प्रदूषण से प्रभावित जैविक प्रजातियों की कमी जैविक विविधता को नष्ट करती है।,प्रदूषण विभिन्न प्रजातियों को नष्ट करता है जिससे जैविक विविधता की वैशिष्ट्य वाली प्रजातियों की कमी होती है जिसे सामान्यकरण कहा जाता है।,2026-09-14 15:09:26
SCI_HI_0129,Hindi,Science,"पारिस्थितिकी तंत्र, जैव विविधता एवं प्रदूषण",Hard,किस जैविक विविधता का विश्लेषण अक्सर जैविक विविधता का मापक और संरक्षण के लिए प्रयोग किया जाता है?,एन्डोप्लास्टिक रिबोसोम की संख्या,एकल जीन सिलेंडर,बीटोमिटिव अप्लिकेशन,नैटिव वन्यजीव विविधता,D,नैटिव वन्यजीव विविधता,नैटिव वन्यजीव विविधता जैविक विविधता का एक मापक और संरक्षण के लिए प्रयोग किया जाता है।,नैटिव वन्यजीव विविधता वन्यजीव प्रजातियों की विविधता को दर्शाता है जो नैटिव वातावरण में रहती है जो उनकी जीवनशैली और विकास प्रक्रियाओं को नियंत्रित करता है।,2026-09-14 15:09:26
SCI_HI_0130,Hindi,Science,"पारिस्थितिकी तंत्र, जैव विविधता एवं प्रदूषण",Hard,पारिस्थितिकी तंत्र में जैविक विविधता को कैसे प्रभावित कर सकता है?,प्रदूषण,वायु विस्तार,प्रकाश संश्लेषण,हवा का आगमन,A,प्रदूषण,प्रदूषण जैविक विविधता को नष्ट कर सकता है।,प्रदूषण के कारण विभिन्न जीव प्रजातियों की कमी होती है जिससे जैविक विविधता कम हो जाती है।,2026-09-14 15:09:26
SCI_HI_0131,Hindi,Science,"पारिस्थितिकी तंत्र, जैव विविधता एवं प्रदूषण",Hard,किस प्रकार का प्रदूषण जैविक विविधता को नष्ट कर सकता है और जैविक विविधता की वैशिष्ट्य वाली प्रजातियों की नष्ट के कारण होता है?,क्षेत्रीय प्रदूषण,प्रदूषण की विस्तारित गति,सामान्यकरण,विशिष्टकरण,C,सामान्यकरण,प्रदूषण से नष्ट होने वाली जैविक प्रजातियों की कमी विशिष्टकरण का प्रभाव पड़ता है।,प्रदूषण से विभिन्न प्रजातियों की नष्ट होती है जिससे विशिष्ट विशिष्ट वातावरण में विशिष्टकरण की शैली में वृद्धि होती है जो जैविक विविधता को कम करती है।,2026-09-14 15:09:26
SCI_HI_0132,Hindi,Science,"पारिस्थितिकी तंत्र, जैव विविधता एवं प्रदूषण",Hard,किस प्रक्रिया के द्वारा वन्यजीव विविधता को बढ़ावा दिया जा सकता है?,प्रदूषण की समायोजन,वन्यजीव विविधता का संरक्षण,क्षेत्रीय प्रदूषण,वन्यजीव विविधता की वृद्धि,B,वन्यजीव विविधता का संरक्षण,वन्यजीव विविधता का संरक्षण वन्यजीव विविधता को बढ़ावा देता है।,वन्यजीव विविधता का संरक्षण जैविक प्रजातियों की निर्धारण और उपजातियों के विकास को सुरक्षित रखता है जो जैविक विविधता को बढ़ावा देता है।,2026-09-14 15:09:26
SCI_HI_0133,Hindi,Science,"पारिस्थितिकी तंत्र, जैव विविधता एवं प्रदूषण",Hard,प्रदूषण का परिणाम क्या होता है जब विभिन्न प्रजातियों की विविधता कम होती है?,जैविक विविधता का वृद्धि,प्रदूषण की वृद्धि,विशिष्टकरण,विविधता की वृद्धि,C,विशिष्टकरण,विशिष्टकरण वह शैली है जिसमें विभिन्न प्रजातियों की विविधता कम होती है।,प्रदूषण से विभिन्न प्रजातियों की नष्ट होती है जिससे विशिष्ट वातावरण में विशिष्टकरण की शैली में वृद्धि होती है।,2026-09-14 15:09:26
SCI_HI_0134,Hindi,Science,"पारिस्थितिकी तंत्र, जैव विविधता एवं प्रदूषण",Hard,किस प्रक्रिया में जैविक विविधता को कम करने का कारण बन सकता है?,प्रदूषण,वायु विस्तार,प्रकाश संश्लेषण,हवा का आगमन,A,प्रदूषण,प्रदूषण जैविक विविधता को कम कर सकता है।,प्रदूषण के कारण विभिन्न प्रजातियों की नष्ट होती है जिससे जैविक विविधता कम हो जाती है।,2026-09-14 15:09:26
SCI_HI_0135,Hindi,Science,"अंतरिक्ष विज्ञान, सौरमंडल एवं उपग्रह मिशन (इसरो)",Easy,इसरो ने किस उपग्रह मिशन से शुरुआत की?,गाइना एक्सप्लोरर,तानुज,गोल्डफीफर,हाइड्रोजन,A,गाइना एक्सप्लोरर,गाइना एक्सप्लोरर इसरो की पहली सफल उपग्रह मिशन थी।,गाइना एक्सप्लोरर 1980 में इसरो ने सफलतापूर्वक उपग्रह मिशन की शुरुआत की।,2026-09-14 15:10:06
SCI_HI_0136,Hindi,Science,"अंतरिक्ष विज्ञान, सौरमंडल एवं उपग्रह मिशन (इसरो)",Easy,सौरमंडल का कितना भाग बर्फ या बर्फ की तरह का है?,बस लगभग 5%,बस लगभग 10%,बस लगभग 15%,बस लगभग 20%,B,बस लगभग 10%,10% का अनुपात सौरमंडल का बर्फ या बर्फ की तरह का हिस्सा है।,सौरमंडल का अधिकतर हिस्सा गैसों से गुजरता है जिनमें बर्फ या बर्फ की तरह का भाग लगभग 10% है।,2026-09-14 15:10:06
SCI_HI_0137,Hindi,Science,"अंतरिक्ष विज्ञान, सौरमंडल एवं उपग्रह मिशन (इसरो)",Easy,सौरमंडल की डायनामिक बलों में से कौन सा बल उपग्रहों की गति को नियंत्रित करता है?,ग्रहीय बल,गुरुत्वाकर्षण बल,आंतरिक बल,तारामानिक बल,B,गुरुत्वाकर्षण बल,गुरुत्वाकर्षण बल सौरमंडल की गति को प्रभावित करता है।,गुरुत्वाकर्षण बल सौर ग्रहों के गुरुत्व के कारण उपग्रहों की गति को नियंत्रित करता है।,2026-09-14 15:10:06
SCI_HI_0138,Hindi,Science,"अंतरिक्ष विज्ञान, सौरमंडल एवं उपग्रह मिशन (इसरो)",Easy,सौरमंडल की जो प्लेनेट अपनी सूर्य की दूरी का सबसे बड़ा प्रतिबिम्ब रखती है?,रहुनाथ,हार्वर्ड,विश्वास,प्राकृतिक रहुनाथ,D,प्राकृतिक रहुनाथ,प्राकृतिक रहुनाथ जैसी प्लेनेट अपनी सूर्य की दूरी का सबसे बड़ा प्रतिबिम्ब रखती है।,प्राकृतिक रहुनाथ की दूरी सूर्य से बड़ी होने के कारण यह अपने प्रतिबिम्ब को सबसे बड़ा रखती है।,2026-09-14 15:10:06
SCI_HI_0139,Hindi,Science,"अंतरिक्ष विज्ञान, सौरमंडल एवं उपग्रह मिशन (इसरो)",Easy,कौन सा उपग्रह इसरो द्वारा चंद्र पृष्ठ पर रखा गया है?,राजधानी,हार्वर्ड,होमर,नासिग्ह,D,नासिग्ह,नासिग्ह इसरो द्वारा चंद्र पृष्ठ पर रखा गया उपग्रह है।,नासिग्ह उपग्रह इसरो द्वारा चंद्र पृष्ठ पर रखा गया था और इसे 2008 में भेजा गया था।,2026-09-14 15:10:06
SCI_HI_0140,Hindi,Science,"अंतरिक्ष विज्ञान, सौरमंडल एवं उपग्रह मिशन (इसरो)",Easy,किस उपग्रह को इसरो द्वारा भारत के पहले अंतरिक्ष अनुसंधान संगठन के रूप में शुरू किया गया था?,हार्वर्ड,नासिग्ह,होमर,राजधानी,B,नासिग्ह,नासिग्ह उपग्रह इसरो के पहले अंतरिक्ष अनुसंधान संगठन के रूप में शुरू किया गया था।,नासिग्ह उपग्रह 1980 में इसरो द्वारा भारत के पहले अंतरिक्ष अनुसंधान संगठन के रूप में शुरू किया गया था।,2026-09-14 15:10:06
SCI_HI_0141,Hindi,Science,"अंतरिक्ष विज्ञान, सौरमंडल एवं उपग्रह मिशन (इसरो)",Easy,चंद्र उपग्रह किस प्रकार का होता है?,कार्बनाटिव,रैकेट,रोकानी,अंतरिक्ष उपग्रह,D,अंतरिक्ष उपग्रह,चंद्र उपग्रह अंतरिक्ष में रहने वाले उपग्रह हैं।,चंद्र उपग्रह उपग्रह जिन्हें चंद्र पृष्ठ पर रखा जाता है और वे अंतरिक्ष में रहते हैं।,2026-09-14 15:10:06
SCI_HI_0142,Hindi,Science,"अंतरिक्ष विज्ञान, सौरमंडल एवं उपग्रह मिशन (इसरो)",Easy,किस उपग्रह मिशन से इसरो ने इसरो का पहला अंतरिक्ष उपग्रह भेजा था?,नासिग्ह,होमर,हार्वर्ड,राजधानी,A,नासिग्ह,नासिग्ह उपग्रह इसरो का पहला अंतरिक्ष उपग्रह था।,नासिग्ह उपग्रह 1980 में इसरो द्वारा भेजा गया था और वह इसरो का पहला अंतरिक्ष उपग्रह था।,2026-09-14 15:10:06
SCI_HI_0143,Hindi,Science,"अंतरिक्ष विज्ञान, सौरमंडल एवं उपग्रह मिशन (इसरो)",Easy,चंद्र पृष्ठ पर रखे उपग्रह को किस प्रकार का उपग्रह कहा जाता है?,चंद्र उपग्रह,बायोलॉजिक उपग्रह,रोकानी उपग्रह,कार्बनाटिव उपग्रह,A,चंद्र उपग्रह,चंद्र पृष्ठ पर रखे उपग्रह को चंद्र उपग्रह कहा जाता है।,चंद्र पृष्ठ पर रखे उपग्रह चंद्र उपग्रह कहलाते हैं क्योंकि वे चंद्र पृष्ठ पर रहते हैं।,2026-09-14 15:10:06
SCI_HI_0144,Hindi,Science,"अंतरिक्ष विज्ञान, सौरमंडल एवं उपग्रह मिशन (इसरो)",Easy,इसरो द्वारा भारत की एक पहली अंतरिक्ष उपग्रह मिशन कब की गई?,1980 में,1985 में,1990 में,2000 में,A,1980 में,इसरो द्वारा 1980 में भारत की पहली अंतरिक्ष उपग्रह मिशन शुरू की गई थी।,इसरो द्वारा भारत की पहली अंतरिक्ष उपग्रह मिशन 1980 में शुरू की गई थी जिसमें उपग्रह नासिग्ह भेजा गया था।,2026-09-14 15:10:06
SCI_HI_0145,Hindi,Science,"यांत्रिकी, बल, कार्य, ऊर्जा एवं गति के नियम",Medium,किस अवस्था में एक वस्तु का आंतरिक बल शून्य होता है?,वस्तु रास्ते पर गति कर रही है।,वस्तु रास्ते पर गति कर रही है और गति की दिशा में बल का अनुप्राणन हो रहा है।,वस्तु रास्ते पर गति कर रही है और गति की दिशा में बल का प्रतिक्रिया हो रहा है।,वस्तु रास्ते पर गति कर रही है और उसकी गति की दिशा में बल की अनुप्राणकता को छोड़ दिया जाता है।,D,वस्तु रास्ते पर गति कर रही है और उसकी गति की दिशा में बल की अनुप्राणकता को छोड़ दिया जाता है।,यह बल शून्य होता है क्योंकि बल और गति की दिशा में एक समान बल नहीं है जो वस्तु को गति की दिशा में बढ़ावा दे सके।,बल और गति की दिशा में एक समान बल नहीं है जो वस्तु को गति की दिशा में बढ़ावा दे सके और इसी लिए अवस्था नियत है और बल शून्य होता है।,2026-09-14 15:11:21
SCI_HI_0146,Hindi,Science,"यांत्रिकी, बल, कार्य, ऊर्जा एवं गति के नियम",Medium,किस अवस्था में एक वस्तु का त्वरण शून्य होता है?,वस्तु को बल से चालित किया जाता है।,वस्तु को बल से चालित किया जाता है और बल की दिशा में गति की दिशा की अनुप्राणकता हो रही है।,वस्तु को बल से चालित किया जाता है और बल की दिशा में गति की दिशा की प्रतिक्रिया हो रही है।,वस्तु को बल से चालित किया जाता है और गति की दिशा में बल की अनुप्राणकता को छोड़ दिया जाता है।,A,वस्तु को बल से चालित किया जाता है।,यह बल शून्य होता है क्योंकि गति की दिशा में बल और गति की दिशा एक ही है।,बल और गति की दिशा में एक समान बल है जो वस्तु को गति की दिशा में बढ़ावा दे सके और इसी लिए त्वरण शून्य होता है।,2026-09-14 15:11:21
SCI_HI_0147,Hindi,Science,"यांत्रिकी, बल, कार्य, ऊर्जा एवं गति के नियम",Medium,"एक वस्तु जिसमें बल की अनुप्राणकता की अनुप्राणकता की प्रतिक्रिया अनुप्राणित होती है, क्या होगा?",उस वस्तु का त्वरण शून्य होगा।,उस वस्तु का त्वरण ग्रेविटेशन की दिशा में होगा।,उस वस्तु का त्वरण वस्तु की दिशा में होगा।,उस वस्तु का त्वरण वस्तु की दिशा की प्रतिक्रिया की दिशा में होगा।,A,उस वस्तु का त्वरण शून्य होगा।,यह त्वरण शून्य होता है क्योंकि बल और गति की दिशा में एक समान बल नहीं है जो वस्तु को गति की दिशा में बढ़ावा दे सके।,बल और गति की दिशा में एक समान बल नहीं है जो वस्तु को गति की दिशा में बढ़ावा दे सके और इसी लिए त्वरण शून्य होता है।,2026-09-14 15:11:21
SCI_HI_0148,Hindi,Science,"यांत्रिकी, बल, कार्य, ऊर्जा एवं गति के नियम",Medium,किस अवस्था में एक वस्तु का कार्य शून्य होता है?,वस्तु रास्ते पर गति कर रही है।,वस्तु रास्ते पर गति कर रही है और बल की दिशा में गति की दिशा की अनुप्राणकता हो रही है।,वस्तु रास्ते पर गति कर रही है और बल की दिशा में गति की दिशा की प्रतिक्रिया हो रही है।,वस्तु रास्ते पर गति कर रही है और गति की दिशा में बल की अनुप्राणकता को छोड़ दिया जाता है।,D,वस्तु रास्ते पर गति कर रही है और गति की दिशा में बल की अनुप्राणकता को छोड़ दिया जाता है।,यह कार्य शून्य होता है क्योंकि बल और गति की दिशा में एक समान बल नहीं है जो वस्तु को गति की दिशा में बढ़ावा दे सके।,बल और गति की दिशा में एक समान बल नहीं है जो वस्तु को गति की दिशा में बढ़ावा दे सके और इसी लिए कार्य शून्य होता है।,2026-09-14 15:11:21
SCI_HI_0149,Hindi,Science,"यांत्रिकी, बल, कार्य, ऊर्जा एवं गति के नियम",Medium,पदावनत ऊर्जा किसका एक उदाहरण है?,किसी वस्तु का घूमने वाला चक्र,किसी वस्तु का विस्थापन वाला चक्र,किसी वस्तु का घुमाव वाला चक्र,किसी वस्तु का चक्र वाला चक्र,C,किसी वस्तु का घुमाव वाला चक्र,यह ऊर्जा वस्तु के घूमने में रहती है और विस्थापन के बिना विकीर्ण हो जाती है।,पदावनत ऊर्जा वस्तु के घूमने में रहती है और विस्थापन के बिना विकीर्ण हो जाती है जबकि भौतिक ऊर्जा वस्तु के विस्थापन में बदलती है।,2026-09-14 15:11:21
SCI_HI_0150,Hindi,Science,"यांत्रिकी, बल, कार्य, ऊर्जा एवं गति के नियम",Medium,"किस प्रकार की ऊर्जा वस्तु के विस्थापन के लिए जितनी अधिक ऊर्जा आवश्यक है, उस पर कितनी अधिक दिखलाव आता है?",कार्य ऊर्जा,भौतिक ऊर्जा,पदावनत ऊर्जा,विकीर्ण ऊर्जा,B,भौतिक ऊर्जा,"यह ऊर्जा वस्तु के विस्थापन के लिए जितनी अधिक ऊर्जा आवश्यक है, उस पर कितनी अधिक दिखलाव आता है।","भौतिक ऊर्जा वस्तु के विस्थापन के लिए जितनी अधिक ऊर्जा आवश्यक है, उस पर दिखलाव भी अधिक होता है।",2026-09-14 15:11:21
SCI_HI_0151,Hindi,Science,"यांत्रिकी, बल, कार्य, ऊर्जा एवं गति के नियम",Medium,किस प्रकार की ऊर्जा वस्तु के विस्थापन के बिना बदलती है?,कार्य ऊर्जा,भौतिक ऊर्जा,पदावनत ऊर्जा,विकीर्ण ऊर्जा,C,पदावनत ऊर्जा,यह ऊर्जा वस्तु के विस्थापन के बिना बदलती है और विकीर्ण हो जाती है।,पदावनत ऊर्जा वस्तु के विस्थापन के बिना बदलती है और विकीर्ण हो जाती है जबकि भौतिक ऊर्जा वस्तु के विस्थापन में बदलती है।,2026-09-14 15:11:21
SCI_HI_0152,Hindi,Science,"यांत्रिकी, बल, कार्य, ऊर्जा एवं गति के नियम",Medium,पदावनत ऊर्जा किस प्रकार की ऊर्जा का एक उदाहरण है?,कार्य ऊर्जा,किसी वस्तु का घूमने वाला चक्र,किसी वस्तु का विस्थापन वाला चक्र,किसी वस्तु का चक्र वाला चक्र,B,किसी वस्तु का घूमने वाला चक्र,यह ऊर्जा वस्तु के घूमने में रहती है और विस्थापन के बिना विकीर्ण हो जाती है।,पदावनत ऊर्जा वस्तु के घूमने में रहती है और विस्थापन के बिना विकीर्ण हो जाती है जबकि भौतिक ऊर्जा वस्तु के विस्थापन में बदलती है।,2026-09-14 15:11:21
SCI_HI_0153,Hindi,Science,"यांत्रिकी, बल, कार्य, ऊर्जा एवं गति के नियम",Medium,किस प्रकार की ऊर्जा वस्तु के विस्थापन में बदलती है?,कार्य ऊर्जा,भौतिक ऊर्जा,पदावनत ऊर्जा,विकीर्ण ऊर्जा,B,भौतिक ऊर्जा,यह ऊर्जा वस्तु के विस्थापन में बदलती है और विकीर्ण हो जाती है।,भौतिक ऊर्जा वस्तु के विस्थापन में बदलती है और विकीर्ण हो जाती है जबकि पदावनत ऊर्जा वस्तु के घूमने में रहती है और विकीर्ण हो जाती है।,2026-09-14 15:11:21
SCI_HI_0154,Hindi,Science,"यांत्रिकी, बल, कार्य, ऊर्जा एवं गति के नियम",Medium,किस प्रकार की ऊर्जा वस्तु के घूमने में रहती है और विस्थापन के बिना विकीर्ण हो जाती है?,कार्य ऊर्जा,किसी वस्तु का घूमने वाला चक्र,किसी वस्तु का विस्थापन वाला चक्र,किसी वस्तु का चक्र वाला चक्र,B,किसी वस्तु का घूमने वाला चक्र,यह ऊर्जा वस्तु के घूमने में रहती है और विस्थापन के बिना विकीर्ण हो जाती है।,पदावनत ऊर्जा वस्तु के घूमने में रहती है और विस्थापन के बिना विकीर्ण हो जाती है जबकि भौतिक ऊर्जा वस्तु के विस्थापन में बदलती है।,2026-09-14 15:11:21
SCI_HI_0155,Hindi,Science,"यांत्रिकी, बल, कार्य, ऊर्जा एवं गति के नियम",Medium,किस प्रकार की ऊर्जा वस्तु के विस्थापन में बदलती है और विकीर्ण हो जाती है?,कार्य ऊर्जा,भौतिक ऊर्जा,पदावनत ऊर्जा,विकीर्ण ऊर्जा,B,भौतिक ऊर्जा,यह ऊर्जा वस्तु के विस्थापन में बदलती है और विकीर्ण हो जाती है।,भौतिक ऊर्जा वस्तु के विस्थापन में बदलती है और विकीर्ण हो जाती है जबकि पदावनत ऊर्जा वस्तु के घूमने में रहती है और विकीर्ण हो जाती है।,2026-09-14 15:11:21
SCI_HI_0156,Hindi,Science,"ऊष्मा, तापमान एवं ऊष्मागतिकी के सिद्धांत",Hard,सर्दियों में लगातार घर के तापमान को निरंतर बढ़ाने के लिए किसी भी एक्सट्रा ऊष्मा का स्रोत क्या हो सकता है?,कोयला गैस,डिस्क एयर कंडीशनर,हॉट वॉटर बेयर,पेट्रोलियम डिस्टेल्शन,A,कोयला गैस,कोयला गैस एक संवेदनशील ऊष्मा दिता जो अवश्यम्भावना से उच्च तापमान प्रदान कर सकता है।,कोयला गैस का उपयोग घर के तापमान बढ़ाने के लिए अधिक प्रभावी है क्योंकि यह ऊष्मा का एक सरल और संवेदनशील स्रोत है।,2026-09-14 15:12:21
SCI_HI_0157,Hindi,Science,"ऊष्मा, तापमान एवं ऊष्मागतिकी के सिद्धांत",Hard,रेडियो एक्टिविटी द्वारा निर्मित ऊष्मा किस प्रकार की ऊष्मा है?,क्राइस्टलिक ऊष्मा,किरणीय ऊष्मा,रेडियो युक्त ऊष्मा,कोशिकात्मक ऊष्मा,C,रेडियो युक्त ऊष्मा,रेडियो युक्त ऊष्मा उस ऊष्मा को बताती है जो एक ऊष्मीय क्रिस्टल या अन्य अणुओं के भीतर बनी होती है।,रेडियो युक्त ऊष्मा विकीर्ण होती है और अक्सर रेडियो एक्टिव अणुओं द्वारा निर्मित होती है।,2026-09-14 15:12:21
SCI_HI_0158,Hindi,Science,"ऊष्मा, तापमान एवं ऊष्मागतिकी के सिद्धांत",Hard,किस अवस्था में ऊष्मा की निरंतर निकलने के कारण जिसमें ऊष्मा का विस्थापन होता है लेकिन विकीर्ण नहीं होता?,क्राइस्टलिक ऊष्मा,रेडियो युक्त ऊष्मा,किरणीय ऊष्मा,कोशिकात्मक ऊष्मा,A,क्राइस्टलिक ऊष्मा,क्राइस्टलिक ऊष्मा वह ऊष्मा है जो एक ऊष्मीय क्रिस्टल या अन्य अणुओं के भीतर बनी होती है।,"क्राइस्टलिक ऊष्मा की विस्थापन होती है लेकिन विकीर्ण नहीं होती है, जिसका कारण यह है कि यह अनुकूल अवस्था में अणु अनुक्रम रहते हैं।",2026-09-14 15:12:21
SCI_HI_0159,Hindi,Science,"ऊष्मा, तापमान एवं ऊष्मागतिकी के सिद्धांत",Hard,किस प्रकार की ऊष्मा वस्तु के घूमने को गुजारती है लेकिन विस्थापन नहीं करती है?,क्राइस्टलिक ऊष्मा,कोशिकात्मक ऊष्मा,किरणीय ऊष्मा,किरणीय ऊष्मा,B,कोशिकात्मक ऊष्मा,कोशिकात्मक ऊष्मा वह ऊष्मा है जो वस्तु के घूमने या विद्युत रेसिस्टेंस के रूप में उपस्थित होती है।,कोशिकात्मक ऊष्मा वस्तु के घूमने को गुजारती है लेकिन विस्थापन के बिना विकीर्ण होती है।,2026-09-14 15:12:21
SCI_HI_0160,Hindi,Science,"ऊष्मा, तापमान एवं ऊष्मागतिकी के सिद्धांत",Hard,किस प्रकार की ऊष्मा वस्तु के विस्थापन के बिना बदलती है लेकिन विकीर्ण नहीं होती है?,कोशिकात्मक ऊष्मा,किरणीय ऊष्मा,क्राइस्टलिक ऊष्मा,किरणीय ऊष्मा,B,किरणीय ऊष्मा,किरणीय ऊष्मा वह ऊष्मा है जो वस्तु के विस्थापन के बिना बदलती है लेकिन विकीर्ण नहीं होती है।,"किरणीय ऊष्मा वस्तु के विस्थापन के बिना बदलती है लेकिन विकीर्ण नहीं होती है, जिसका कारण यह है कि यह एक अविकीर्ण ऊष्मा है।",2026-09-14 15:12:21
SCI_HI_0161,Hindi,Science,"ऊष्मा, तापमान एवं ऊष्मागतिकी के सिद्धांत",Hard,दिए गए तापमानों में से कौन-सा तापमान एक वस्तु के ऊष्मा तीव्रता को निर्धारित करने के लिए महत्वपूर्ण है?,अवस्थापन तापमान,हवा का तापमान,कार्य तापमान,विस्थापन तापमान,D,विस्थापन तापमान,विस्थापन तापमान वस्तु के ऊष्मा तीव्रता को निर्धारित करने के लिए एक महत्वपूर्ण कारक है।,विस्थापन तापमान वस्तु की तापमान के बाहरी प्रभाव और वस्तु की तापमान के भीतरी प्रभाव को तुलना करता है जिससे ऊष्मा तीव्रता निर्धारित की जा सकती है।,2026-09-14 15:12:21
SCI_HI_0162,Hindi,Science,"ऊष्मा, तापमान एवं ऊष्मागतिकी के सिद्धांत",Hard,किस प्रकार की ऊष्मा वस्तु के घूमने को गुजारती है और विकीर्ण हो जाती है?,कोशिकात्मक ऊष्मा,किरणीय ऊष्मा,क्राइस्टलिक ऊष्मा,कोशिकात्मक ऊष्मा,A,कोशिकात्मक ऊष्मा,कोशिकात्मक ऊष्मा वह ऊष्मा है जो वस्तु के घूमने या विद्युत रेसिस्टेंस के रूप में उपस्थित होती है।,कोशिकात्मक ऊष्मा वस्तु के घूमने को गुजारती है और इस ऊष्मा की विकीर्णता भी होती है।,2026-09-14 15:12:21
SCI_HI_0163,Hindi,Science,"ऊष्मा, तापमान एवं ऊष्मागतिकी के सिद्धांत",Hard,किस प्रकार की ऊष्मा वस्तु के विस्थापन और विकीर्ण होने में वास्तविक रूप से विभक्त है?,कोशिकात्मक ऊष्मा,क्राइस्टलिक ऊष्मा,किरणीय ऊष्मा,रेडियो युक्त ऊष्मा,D,रेडियो युक्त ऊष्मा,रेडियो युक्त ऊष्मा वह ऊष्मा है जो वस्तु के विस्थापन और विकीर्ण दोनों रूपों में होती है।,रेडियो युक्त ऊष्मा वस्तु के विस्थापन और विकीर्ण में विभक्त होती है जो अक्सर रेडियो एक्टिव अणुओं के द्वारा निर्मित होती है।,2026-09-14 15:12:21
SCI_HI_0164,Hindi,Science,"ऊष्मा, तापमान एवं ऊष्मागतिकी के सिद्धांत",Hard,किस प्रकार की ऊष्मा वस्तु के घूमने या विद्युत रेसिस्टेंस के रूप में उपस्थित होती है और विकीर्णता नहीं होती है?,कोशिकात्मक ऊष्मा,क्राइस्टलिक ऊष्मा,किरणीय ऊष्मा,रेडियो युक्त ऊष्मा,A,कोशिकात्मक ऊष्मा,कोशिकात्मक ऊष्मा वह ऊष्मा है जो वस्तु के घूमने या विद्युत रेसिस्टेंस के रूप में उपस्थित होती है।,कोशिकात्मक ऊष्मा वस्तु के घूमने या विद्युत रेसिस्टेंस के रूप में उपस्थित होती है और इस ऊष्मा की विकीर्णता नहीं होती है।,2026-09-14 15:12:21
SCI_HI_0165,Hindi,Science,"ऊष्मा, तापमान एवं ऊष्मागतिकी के सिद्धांत",Hard,किस प्रकार की ऊष्मा वस्तु के विस्थापन और विकीर्ण दोनों रूपों में होती है?,कोशिकात्मक ऊष्मा,क्राइस्टलिक ऊष्मा,किरणीय ऊष्मा,रेडियो युक्त ऊष्मा,D,रेडियो युक्त ऊष्मा,रेडियो युक्त ऊष्मा वह ऊष्मा है जो वस्तु के विस्थापन और विकीर्ण दोनों रूपों में होती है।,रेडियो युक्त ऊष्मा वस्तु के विस्थापन और विकीर्ण दोनों रूपों में होती है जो अक्सर रेडियो एक्टिव अणुओं के द्वारा निर्मित होती है।,2026-09-14 15:12:21
SCI_HI_0166,Hindi,Science,"प्रकाशिकी, परावर्तन, अपवर्तन एवं प्रकाश के गुण",Easy,प्रकाश का भास्कर गुण निम्न में से किस प्रकार की वस्तुओं पर प्रभावित होता है?,किसी भी वस्तु पर,किसी वास्तविक वस्तु पर,किसी अंकुशी वस्तु पर,किसी अवास्तविक वस्तु पर,B,किसी वास्तविक वस्तु पर,भास्कर गुण वास्तविक वस्तुओं पर प्रभावित होता है जो लाल रंग और वास्तविक रंगों को निर्धारित करता है।,भास्कर गुण वास्तविक वस्तुओं को लाल रंग और वास्तविक रंगों के रूप में पहचानने में मदद करता है।,2026-09-14 15:13:16
SCI_HI_0167,Hindi,Science,"प्रकाशिकी, परावर्तन, अपवर्तन एवं प्रकाश के गुण",Easy,परावर्तन किस प्रकार की प्रकाश वस्तुओं पर होता है?,किसी दुर्वस्तु पर,किसी बर्तनी वस्तु पर,किसी अवास्तविक वस्तु पर,किसी वास्तविक वस्तु पर,C,किसी अवास्तविक वस्तु पर,परावर्तन अवास्तविक प्रकाश वस्तुओं पर होता है जो अपवर्तन और परावर्तन द्वारा प्रकाश को विभक्त करती हैं।,अवास्तविक वस्तुओं जैसे बर्तन या टाइल पर परावर्तन होता है जिनमें प्रकाश निर्विभक्त रूप से विस्तारित होता है।,2026-09-14 15:13:16
SCI_HI_0168,Hindi,Science,"प्रकाशिकी, परावर्तन, अपवर्तन एवं प्रकाश के गुण",Easy,अपवर्तन किस प्रकार की प्रकाश वस्तुओं पर होता है?,किसी अवास्तविक वस्तु पर,किसी अंकुशी वस्तु पर,किसी वास्तविक वस्तु पर,किसी दुर्वस्तु पर,C,किसी वास्तविक वस्तु पर,अपवर्तन वास्तविक प्रकाश वस्तुओं पर होता है जो प्रकाश को विभिन्न रंगों में विभक्त करती हैं।,वास्तविक वस्तुओं जैसे पानी या धातु के रूप में अपवर्तन होता है जिनमें प्रकाश विभिन्न रंगों में विभक्त होता है।,2026-09-14 15:13:16
SCI_HI_0169,Hindi,Science,"प्रकाशिकी, परावर्तन, अपवर्तन एवं प्रकाश के गुण",Easy,प्रकाश के गुण के बारे में कौन-सा कथन सही है?,प्रकाश की तीव्रता उसके तापमान से परिभाषित होती है।,प्रकाश की तीव्रता उसके रंग से परिभाषित होती है।,प्रकाश की तीव्रता उसके लंबाई विभाजन से परिभाषित होती है।,प्रकाश की तीव्रता उसके गुण वस्तुओं से परिभाषित होती है।,C,प्रकाश की तीव्रता उसके लंबाई विभाजन से परिभाषित होती है।,प्रकाश की तीव्रता उसके लंबाई विभाजन के आधार पर निर्धारित की जाती है।,प्रकाश की तीव्रता उसके लंबाई विभाजन के आधार पर निर्धारित की जाती है जो रंगों के बीच विभिन्न होते हैं।,2026-09-14 15:13:16
SCI_HI_0170,Hindi,Science,"प्रकाशिकी, परावर्तन, अपवर्तन एवं प्रकाश के गुण",Easy,प्रकाश का विकीर्ण गुण किस प्रकार की वस्तुओं पर होता है?,किसी अवास्तविक वस्तु पर,किसी अंकुशी वस्तु पर,किसी वास्तविक वस्तु पर,किसी दुर्वस्तु पर,A,किसी अवास्तविक वस्तु पर,विकीर्ण गुण अवास्तविक वस्तुओं पर होता है जो प्रकाश को विकीर्णीकरण और विकीर्ण रूप से विभक्त करती हैं।,अवास्तविक वस्तुओं जैसे लाल या नीला अपने रंग में प्रकाश को विकीर्णीकरण करती हैं।,2026-09-14 15:13:16
SCI_HI_0171,Hindi,Science,"प्रकाशिकी, परावर्तन, अपवर्तन एवं प्रकाश के गुण",Easy,प्रकाश का रंग किस प्रकार की वस्तुओं से परिभाषित होता है?,किसी अंकुशी वस्तु,किसी अवास्तविक वस्तु,किसी वास्तविक वस्तु,किसी दुर्वस्तु,B,किसी अवास्तविक वस्तु,प्रकाश का रंग अवास्तविक वस्तुओं जैसे नीला या लाल वस्तुओं से परिभाषित होता है।,अवास्तविक वस्तुओं जैसे नीला या लाल वस्तुओं ने विशेष रंग का उपयोग करके प्रकाश को विभिन्न रंगों में विभक्त करते हैं।,2026-09-14 15:13:16
SCI_HI_0172,Hindi,Science,"प्रकाशिकी, परावर्तन, अपवर्तन एवं प्रकाश के गुण",Easy,प्रकाश के गुण वस्तु के रंग के निर्धारण में किसका उपयोग किया जाता है?,वास्तविक रंग,भास्कर गुण,विकीर्ण गुण,अपवर्तन गुण,B,भास्कर गुण,भास्कर गुण वस्तुओं के रंग का निर्धारण करने में मदद करता है।,भास्कर गुण वस्तुओं को लाल या वास्तविक रंग के रूप में पहचानने में मदद करता है।,2026-09-14 15:13:16
SCI_HI_0173,Hindi,Science,"प्रकाशिकी, परावर्तन, अपवर्तन एवं प्रकाश के गुण",Easy,प्रकाश का अपवर्तन किस प्रकार की वस्तुओं पर होता है?,किसी अवास्तविक वस्तु पर,किसी वास्तविक वस्तु पर,किसी अंकुशी वस्तु पर,किसी दुर्वस्तु पर,B,किसी वास्तविक वस्तु पर,अपवर्तन वास्तविक प्रकाश वस्तुओं पर होता है जो प्रकाश को विभिन्न रंगों में विभक्त करती हैं।,वास्तविक वस्तुओं जैसे जल या धातु के रूप में अपवर्तन होता है जिनमें प्रकाश विभिन्न रंगों में विभक्त होता है।,2026-09-14 15:13:16
SCI_HI_0174,Hindi,Science,"प्रकाशिकी, परावर्तन, अपवर्तन एवं प्रकाश के गुण",Easy,प्रकाश का विकीर्ण गुण किस प्रकार की वस्तुओं से परिभाषित होता है?,वास्तविक वस्तु,अवास्तविक वस्तु,अंकुशी वस्तु,दुर्वस्तु,B,अवास्तविक वस्तु,प्रकाश का विकीर्ण गुण अवास्तविक वस्तुओं जैसे नीला या लाल वस्तुओं से परिभाषित होता है।,अवास्तविक वस्तुओं ने विशेष रंग का उपयोग करके प्रकाश को विभिन्न रंगों में विभक्त करते हैं।,2026-09-14 15:13:16
SCI_HI_0175,Hindi,Science,"प्रकाशिकी, परावर्तन, अपवर्तन एवं प्रकाश के गुण",Easy,प्रकाश की तीव्रता किसके आधार पर निर्धारित की जाती है?,तापमान,रंग,लंबाई विभाजन,गुण वस्तु,C,लंबाई विभाजन,प्रकाश की तीव्रता उसके लंबाई विभाजन के आधार पर निर्धारित की जाती है।,प्रकाश की तीव्रता उसके लंबाई विभाजन के आधार पर निर्धारित की जाती है जो रंगों के बीच विभिन्न होते हैं।,2026-09-14 15:13:16
SCI_HI_0176,Hindi,Science,"प्रकाशिकी, परावर्तन, अपवर्तन एवं प्रकाश के गुण",Easy,प्रकाश का विकीर्ण गुण निर्धारित करने के लिए अवास्तविक वस्तुओं का कौन-सा गुण का उपयोग किया जाता है?,भास्कर गुण,अपवर्तन गुण,विकीर्ण गुण,रंग,C,विकीर्ण गुण,प्रकाश का विकीर्ण गुण विकीर्ण गुण का उपयोग करके निर्धारित किया जाता है।,विकीर्ण गुण विकीर्णीकरण की क्षमता को निर्धारित करता है जो विभिन्न रंगों में प्रकाश को विभक्त करता है।,2026-09-14 15:13:16
SCI_HI_0177,Hindi,Science,"ध्वनि, तरंगें एवं कंपन",Medium,ध्वनि की तरंगें किसकी दर से आती हैं?,विकल्प A: 340 मी/सेकेंड,विकल्प B: 300000 किमी/सेकेंड,विकल्प C: 299792 किमी/सेकेंड,विकल्प D: 150 मी/सेकेंड,A,विकल्प A: 340 मी/सेकेंड,ध्वनि की तरंगें वायु में 340 मी/सेकेंड की दर से आती हैं।,"वायु में ध्वनि की गति 340 मी/सेकेंड है, जो गुरुत्वाकर्षण और तापक्रम के अनुसार बदल सकती है।",2026-09-14 15:13:58
SCI_HI_0178,Hindi,Science,"ध्वनि, तरंगें एवं कंपन",Medium,किसका उच्चतम उच्चारण होता है?,विकल्प A: बाल लड़कियाँ,विकल्प B: बाल लड़के,विकल्प C: वयस्क लड़कियाँ,विकल्प D: वयस्क लड़के,A,विकल्प A: बाल लड़कियाँ,बाल लड़कियाँ का उच्चतम उच्चारण होता है।,बाल लड़कियाँ के गले छोटे होते हैं जिससे उनका उच्चारण उच्च होता है।,2026-09-14 15:13:58
SCI_HI_0179,Hindi,Science,"ध्वनि, तरंगें एवं कंपन",Medium,ध्वनि के तरंगों में अवरोध किस प्रकार का होता है?,विकल्प A: स्थैतिक,विकल्प B: अनियमित,विकल्प C: परिवर्तनशील,विकल्प D: स्थैतिक और अनियमित,D,विकल्प D: स्थैतिक और अनियमित,ध्वनि के तरंगों में अवरोध स्थैतिक और अनियमित दो प्रकार का होता है।,ध्वनि का अवरोध नियमित और अनियमित दो प्रकार से बना होता है।,2026-09-14 15:13:58
SCI_HI_0180,Hindi,Science,"ध्वनि, तरंगें एवं कंपन",Medium,किसका उच्च ध्वनि को लाइनाइन और अक्षम प्रतिध्वनि कहा जाता है?,विकल्प A: गांधी की बात,विकल्प B: अनावरण की बात,विकल्प C: दियाँगन की बात,विकल्प D: अनावरण और दियाँगन की बात,C,विकल्प C: दियाँगन की बात,दियाँगन की बात उच्च ध्वनि को लाइनाइन और अक्षम प्रतिध्वनि कहा जाता है।,दियाँगन की बात ध्वनि के अक्षम प्रतिध्वनि तथा लाइनाइन को व्यक्त करती है।,2026-09-14 15:13:58
SCI_HI_0181,Hindi,Science,"ध्वनि, तरंगें एवं कंपन",Medium,किस प्रकार की कंपन तीव्र ध्वनि का उत्पादन करती हैं?,विकल्प A: जलवायु कंपन,विकल्प B: अक्षम कंपन,विकल्प C: तीव्र कंपन,विकल्प D: अनावरण कंपन,C,विकल्प C: तीव्र कंपन,तीव्र कंपन तीव्र ध्वनि का उत्पादन करती हैं।,तीव्र कंपन तीव्र ध्वनि के उत्पादन में प्रतिभागी होती हैं।,2026-09-14 15:13:58
SCI_HI_0182,Hindi,Science,"ध्वनि, तरंगें एवं कंपन",Medium,ध्वनि की तरंग निर्धारित करने का सबसे अच्छा तरीका क्या है?,विकल्प A: आवरण की तरीका,विकल्प B: विद्युत की तरीका,विकल्प C: तापक्रम की तरीका,विकल्प D: वायु की तरीका,D,विकल्प D: वायु की तरीका,वायु की तरीका ध्वनि की तरंग की निर्धारण में सबसे अच्छा तरीका है।,वायु की तापक्रम तथा दबाव के आधार पर ध्वनि की तरंग की निर्धारण कर सकते हैं।,2026-09-14 15:13:58
SCI_HI_0183,Hindi,Science,"ध्वनि, तरंगें एवं कंपन",Medium,किसकी आवृत्ति ध्वनि की तरंग की लंबाई का विभाजन करती है?,विकल्प A: आवृत्ति,विकल्प B: तापक्रम,विकल्प C: दबाव,विकल्प D: गति,A,विकल्प A: आवृत्ति,ध्वनि की आवृत्ति तापक्रम की लंबाई का विभाजन करती है।,ध्वनि की आवृत्ति तापक्रम की लंबाई तथा गति के अनुक्रम में विभाजन करती है।,2026-09-14 15:13:58
SCI_HI_0184,Hindi,Science,"ध्वनि, तरंगें एवं कंपन",Medium,किसके विकास में ध्वनि की तरंगें कार्य करती हैं?,विकल्प A: फैलाव,विकल्प B: विकीर्ण,विकल्प C: प्रकाश,विकल्प D: अवरोध,A,विकल्प A: फैलाव,फैलाव में ध्वनि की तरंगें कार्य करती हैं।,ध्वनि की तरंगें फैलाव विकास में भौतिक कार्य करती हैं।,2026-09-14 15:13:58
SCI_HI_0185,Hindi,Science,"ध्वनि, तरंगें एवं कंपन",Medium,ध्वनि की तरंगें किस प्रकार की वस्तुओं में आती हैं?,विकल्प A: दानियल वस्तुओं,विकल्प B: तरल वस्तुओं,विकल्प C: जड़तात्मक वस्तुओं,विकल्प D: सभी वस्तुओं,B,विकल्प B: तरल वस्तुओं,ध्वनि की तरंगें तरल वस्तुओं में आती हैं।,ध्वनि की तरंगें तरल वस्तुओं जैसे वायु या पानी में आती हैं।,2026-09-14 15:13:58
SCI_HI_0186,Hindi,Science,"ध्वनि, तरंगें एवं कंपन",Medium,किस प्रकार की कंपन अवरोध को उत्पादित करती हैं?,विकल्प A: तीव्र कंपन,विकल्प B: अनावरण कंपन,विकल्प C: अक्षम कंपन,विकल्प D: अवरोध कंपन,C,विकल्प C: अक्षम कंपन,अक्षम कंपन अवरोध को उत्पादित करती हैं।,अक्षम कंपन तापक्रम की बदलाव जैसे अवरोध को उत्पादित करती हैं।,2026-09-14 15:13:58
SCI_HI_0187,Hindi,Science,"विद्युत धारा, विभव, प्रतिरोध एवं चुंबकत्व",Hard,विद्युत धारा के दो विभाजन गुण किन दो वस्तुओं के बीच प्रकट होते हैं?,चुंबक और विद्युत धारा,विद्युत धारा और विद्युत विभव,चुंबक और विद्युत विभव,विद्युत धारा और विद्युत प्रतिरोध,A,चुंबक और विद्युत धारा,चुंबकत्व और विद्युत धारा के बीच योग्यता दोनों के दो प्रकार के विद्युत चुंबक क्षेत्रों को उत्पादित करती हैं।,"चुंबकत्व और विद्युत धारा के बीच चुंबकत्व का निर्धारण एक अस्थायी विद्युत चुंबक क्षेत्र या परमाणु चुंबकत्व द्वारा किया जाता है, जो विद्युत धारा द्वारा उत्पन्न होता है।",2026-09-14 15:16:22
SCI_HI_0188,Hindi,Science,"विद्युत धारा, विभव, प्रतिरोध एवं चुंबकत्व",Hard,विद्युत धारा की दिशा किस प्रकार के क्षेत्र की उपस्थिति में परिवर्तित होती है?,विद्युत विभव क्षेत्र,चुंबक विभव क्षेत्र,विद्युत प्रतिरोध क्षेत्र,कोई नहीं,B,चुंबक विभव क्षेत्र,विद्युत धारा नियत चुंबक विभव क्षेत्र में परिवर्तित धारा के रूप में व्यक्त की जा सकती है।,चुंबकत्व का नियत विभव क्षेत्र विद्युत धारा की दिशा को परिवर्तित कर सकता है और इस दिशा में विद्युत धारा उत्पन्न होती है।,2026-09-14 15:16:22
SCI_HI_0189,Hindi,Science,"विद्युत धारा, विभव, प्रतिरोध एवं चुंबकत्व",Hard,विद्युत धारा और विद्युत विभव के बीच किस प्रकार की संबंधितता है?,विद्युत धारा और विद्युत विभव के बीच कोई संबंध नहीं है,विद्युत धारा और विद्युत विभव के बीच संबंध विद्युत चुंबकत्व के नियम के अनुसार है,विद्युत धारा और विद्युत विभव के बीच संबंध विद्युत चुंबकत्व के नियम से नहीं है,विद्युत धारा और विद्युत विभव के बीच संबंध विद्युत चुंबकत्व के नियम का विपरीत है,B,विद्युत धारा और विद्युत विभव के बीच संबंध विद्युत चुंबकत्व के नियम के अनुसार है,विद्युत धारा और विद्युत विभव के बीच संबंध विद्युत चुंबकत्व के नियम द्वारा व्यक्त किया जाता है।,विद्युत धारा और विद्युत विभव के बीच संबंध विद्युत चुंबकत्व के नियम के अनुसार है जो विद्युत धारा और विद्युत विभव के बीच की संबंधितता व्यक्त करता है।,2026-09-14 15:16:22
SCI_HI_0190,Hindi,Science,"विद्युत धारा, विभव, प्रतिरोध एवं चुंबकत्व",Hard,विद्युत प्रतिरोध का उपयोग किस गुण को निर्धारित करने में किया जाता है?,विद्युत विभव,विद्युत धारा,विद्युत चुंबकत्व,विद्युत विभव के बीच विद्युत धारा की रोध,D,विद्युत विभव के बीच विद्युत धारा की रोध,विद्युत प्रतिरोध विद्युत विभव के बीच विद्युत धारा की रोध का मापक इकाई है।,विद्युत प्रतिरोध विद्युत विभव के बीच विद्युत धारा की रोध का मापक इकाई है जो विद्युत विभव के बीच विद्युत धारा के रोध को दर्शाता है।,2026-09-14 15:16:22
SCI_HI_0191,Hindi,Science,"विद्युत धारा, विभव, प्रतिरोध एवं चुंबकत्व",Hard,विद्युत धारा का चुंबकत्व किस अधिक दर्शनीय रूप से दर्शाता है?,विद्युत विभव,चुंबक क्षेत्र,विद्युत प्रतिरोध,विद्युत धारा की दिशा,B,चुंबक क्षेत्र,चुंबक क्षेत्र विद्युत धारा के चुंबकत्व को एक दर्शनीय रूप से दर्शाता है।,चुंबक क्षेत्र विद्युत धारा के चुंबकत्व को एक दर्शनीय रूप से दर्शाता है जो विद्युत धारा का चुंबकत्व क्षेत्र उत्पन्न करता है।,2026-09-14 15:16:22
SCI_HI_0192,Hindi,Science,"विद्युत धारा, विभव, प्रतिरोध एवं चुंबकत्व",Hard,विद्युत धारा और विद्युत विभव के बीच किस प्रकार का नियम है?,कोम्प्लेक्स नियम,वार्षिक नियम,विद्युत चुंबकत्व का नियम,कोई नहीं,C,विद्युत चुंबकत्व का नियम,विद्युत धारा और विद्युत विभव के बीच विद्युत चुंबकत्व का नियम है।,विद्युत धारा और विद्युत विभव के बीच विद्युत चुंबकत्व का नियम है जो विद्युत धारा और विद्युत विभव के बीच की संबंधितता व्यक्त करता है।,2026-09-14 15:16:22
SCI_HI_0193,Hindi,Science,"विद्युत धारा, विभव, प्रतिरोध एवं चुंबकत्व",Hard,विद्युत विभव को किस प्रकार के वस्तुओं द्वारा उत्पन्न किया जाता है?,विद्युत धारा और विद्युत प्रतिरोध,विद्युत धारा और विद्युत चुंबकत्व,विद्युत धारा और विद्युत विभव,विद्युत धारा और विद्युत विभव के बीच विद्युत चुंबकत्व,D,विद्युत धारा और विद्युत विभव के बीच विद्युत चुंबकत्व,विद्युत विभव विद्युत धारा और विद्युत विभव के बीच विद्युत चुंबकत्व के द्वारा उत्पन्न किया जाता है।,विद्युत विभव विद्युत धारा और विद्युत विभव के बीच विद्युत चुंबकत्व के द्वारा उत्पन्न किया जाता है जो विद्युत विभव को उत्पन्न करता है।,2026-09-14 15:16:22
SCI_HI_0194,Hindi,Science,"विद्युत धारा, विभव, प्रतिरोध एवं चुंबकत्व",Hard,विद्युत चुंबकत्व का उपयोग किस गुण को निर्धारित करने में किया जाता है?,विद्युत विभव,विद्युत धारा,विद्युत विभव के बीच विद्युत धारा की रोध,विद्युत धारा के चुंबकत्व,D,विद्युत धारा के चुंबकत्व,विद्युत चुंबकत्व विद्युत धारा के चुंबकत्व को निर्धारित करता है।,विद्युत चुंबकत्व विद्युत धारा के चुंबकत्व को निर्धारित करता है जो विद्युत धारा के चुंबकत्व का मापक इकाई है।,2026-09-14 15:16:22
SCI_HI_0195,Hindi,Science,"विद्युत धारा, विभव, प्रतिरोध एवं चुंबकत्व",Hard,विद्युत चुंबकत्व के किस गुण का उपयोग किया जाता है जो विद्युत धारा के चुंबकत्व को दर्शाता है?,विद्युत विभव,विद्युत धारा,विद्युत विभव के बीच विद्युत धारा की रोध,विद्युत धारा के चुंबकत्व,D,विद्युत धारा के चुंबकत्व,विद्युत चुंबकत्व का विद्युत धारा के चुंबकत्व का दर्शनीय रूप है।,विद्युत चुंबकत्व का विद्युत धारा के चुंबकत्व का दर्शनीय रूप है जो विद्युत धारा के चुंबकत्व को दर्शाता है।,2026-09-14 15:16:22
SCI_HI_0196,Hindi,Science,"विद्युत धारा, विभव, प्रतिरोध एवं चुंबकत्व",Hard,विद्युत चुंबकत्व का किस प्रकार का उपयोग किया जाता है?,विद्युत विभव,विद्युत धारा,चुंबक क्षेत्र,विद्युत प्रतिरोध,C,चुंबक क्षेत्र,विद्युत चुंबकत्व विद्युत धारा के चुंबकत्व को चुंबक क्षेत्र में दर्शाता है।,विद्युत चुंबकत्व विद्युत धारा के चुंबकत्व को चुंबक क्षेत्र में दर्शाता है जो विद्युत धारा के चुंबकत्व को चुंबक क्षेत्र के रूप में दर्शाता है।,2026-09-14 15:16:22
SCI_HI_0197,Hindi,Science,"विद्युत धारा, विभव, प्रतिरोध एवं चुंबकत्व",Hard,विद्युत चुंबकत्व का विद्युत धारा के चुंबकत्व को किस रूप में दर्शाता है?,विद्युत विभव,विद्युत धारा,चुंबक क्षेत्र,विद्युत प्रतिरोध,C,चुंबक क्षेत्र,विद्युत चुंबकत्व विद्युत धारा के चुंबकत्व को चुंबक क्षेत्र में दर्शाता है।,विद्युत चुंबकत्व विद्युत धारा के चुंबकत्व को चुंबक क्षेत्र में दर्शाता है जो विद्युत धारा के चुंबकत्व को चुंबक क्षेत्र के रूप में दर्शाता है।,2026-09-14 15:16:22
SCI_HI_0198,Hindi,Science,"आधुनिक भौतिकी, परमाणु संरचना एवं नाभिकीय ऊर्जा",Easy,नाभिकीय ऊर्जा का किस स्रोत से उत्पन्न होती है?,रासायनिक अभिक्रियाओं से,परमाणु क्रियाओं से,विद्युत चुम्बकीय अभिक्रियाओं से,सौर ऊर्जा से,B,परमाणु क्रियाओं से,नाभिकीय ऊर्जा परमाणु क्रियाओं के दौरान उत्पन्न होती है।,परमाणु क्रियाएँ नाभिकीय ऊर्जा का मुख्य स्रोत हैं।,2026-09-14 15:17:01
SCI_HI_0199,Hindi,Science,"आधुनिक भौतिकी, परमाणु संरचना एवं नाभिकीय ऊर्जा",Easy,परमाणु संरचना में किसकी द्रव्यमान दर्शाती है?,नाभिकीय बैंड,स्फाइरिक नाभिक,नाभिकीय कोर,नाभिकीय मास,D,नाभिकीय मास,नाभिकीय मास नाभिकीय संरचना का द्रव्यमान दर्शाता है।,नाभिकीय मास नाभिकीय तत्वों के द्रव्यमान को दर्शाता है।,2026-09-14 15:17:01
SCI_HI_0200,Hindi,Science,"आधुनिक भौतिकी, परमाणु संरचना एवं नाभिकीय ऊर्जा",Easy,नाभिकीय ऊर्जा किस प्रक्रिया के दौरान उत्पन्न होती है?,कार्बन-14 सापेक्ष क्षय,परमाणु विस्फोट,रासायनिक अभिक्रिया,रासायनिक संश्लेषण,B,परमाणु विस्फोट,परमाणु विस्फोट नाभिकीय ऊर्जा का एक प्रकार है।,परमाणु विस्फोट नाभिकीय ऊर्जा का एक प्रमुख स्रोत है।,2026-09-14 15:17:01
SCI_HI_0201,Hindi,Science,"आधुनिक भौतिकी, परमाणु संरचना एवं नाभिकीय ऊर्जा",Easy,परमाणु संरचना में नाभिकीय कोर किसकी गुणतात्मकता दर्शाता है?,नाभिकीय बैंड,स्फाइरिक नाभिक,नाभिकीय कोर,नाभिकीय मास,C,नाभिकीय कोर,नाभिकीय कोर नाभिकीय बैंड की गुणतात्मकता दर्शाता है।,नाभिकीय कोर नाभिकीय बैंड की गुणतात्मकता को दर्शाता है।,2026-09-14 15:17:01
SCI_HI_0202,Hindi,Science,"आधुनिक भौतिकी, परमाणु संरचना एवं नाभिकीय ऊर्जा",Easy,किस भौतिकी का आधुनिक विकास नाभिकीय ऊर्जा के विकास में भूमिका निभाती है?,काले तारे की विज्ञान,आर्थिक भौतिकी,परमाणु भौतिकी,मानव विज्ञान,C,परमाणु भौतिकी,परमाणु भौतिकी नाभिकीय ऊर्जा के विकास में प्रमुख भूमिका निभाती है।,परमाणु भौतिकी नाभिकीय ऊर्जा की अध्ययन और उपयोग में विकास का मुख्य अंग है।,2026-09-14 15:17:01
SCI_HI_0203,Hindi,Science,"आधुनिक भौतिकी, परमाणु संरचना एवं नाभिकीय ऊर्जा",Easy,नाभिकीय कोर में नाभिकीय बैंड का किस अनुपात दर्शाता है?,रिडिक्ट रेट,कोर भार,बैंड व्यवस्था,कोर गुणांक,B,कोर भार,कोर भार नाभिकीय कोर का नाभिकीय बैंड का अनुपात दर्शाता है।,कोर भार नाभिकीय कोर की गुणतात्मकता को दर्शाता है।,2026-09-14 15:17:01
SCI_HI_0204,Hindi,Science,"आधुनिक भौतिकी, परमाणु संरचना एवं नाभिकीय ऊर्जा",Easy,नाभिकीय ऊर्जा के लिए किस प्रक्रिया का उपयोग किया जाता है?,रासायनिक संश्लेषण,रासायनिक विस्थापन,परमाणु विस्फोट,रासायनिक अभिक्रिया,C,परमाणु विस्फोट,परमाणु विस्फोट नाभिकीय ऊर्जा के लिए एक प्रक्रिया है।,परमाणु विस्फोट नाभिकीय ऊर्जा के लिए एक प्रमुख प्रक्रिया है।,2026-09-14 15:17:01
SCI_HI_0205,Hindi,Science,"आधुनिक भौतिकी, परमाणु संरचना एवं नाभिकीय ऊर्जा",Easy,नाभिकीय बैंड में नाभिकीय अवस्थाओं की किस गुणतात्मकता दर्शाता है?,कोर गुणांक,कोर भार,बैंड व्यवस्था,रिडिक्ट रेट,C,बैंड व्यवस्था,बैंड व्यवस्था नाभिकीय बैंड में नाभिकीय अवस्थाओं की गुणतात्मकता दर्शाता है।,बैंड व्यवस्था नाभिकीय बैंड में नाभिकीय अवस्थाओं की गुणतात्मकता को दर्शाता है।,2026-09-14 15:17:01
SCI_HI_0206,Hindi,Science,"आधुनिक भौतिकी, परमाणु संरचना एवं नाभिकीय ऊर्जा",Easy,किसकी गुणतात्मकता नाभिकीय कोर में दर्शाती है?,कोर भार,बैंड व्यवस्था,रिडिक्ट रेट,कोर गुणांक,A,कोर भार,कोर भार नाभिकीय कोर में नाभिकीय अवस्थाओं की गुणतात्मकता दर्शाता है।,कोर भार नाभिकीय कोर की गुणतात्मकता को दर्शाता है।,2026-09-14 15:17:01
SCI_HI_0207,Hindi,Science,"आधुनिक भौतिकी, परमाणु संरचना एवं नाभिकीय ऊर्जा",Easy,नाभिकीय बैंड में नाभिकीय अवस्थाओं का किस गुण दर्शाता है?,कोर भार,बैंड व्यवस्था,रिडिक्ट रेट,कोर गुणांक,B,बैंड व्यवस्था,बैंड व्यवस्था नाभिकीय बैंड में नाभिकीय अवस्थाओं का गुण दर्शाता है।,बैंड व्यवस्था नाभिकीय बैंड में नाभिकीय अवस्थाओं का गुण दर्शाता है।,2026-09-14 15:17:01
SCI_HI_0208,Hindi,Science,"तत्व, यौगिक, मिश्रण एवं रासायनिक आबंधन",Medium,यौगिक रासायनिक आबंधन के दौरान परमाणुओं के बीच किस प्रकार का बाँटवारा होता है?,कोशिकाओं में,इलेक्ट्रॉन बाँटवारा,नाभिकीय कोर में,कोशिका डीएनए में,B,इलेक्ट्रॉन बाँटवारा,इलेक्ट्रॉन बाँटवारा यौगिक आबंधन में इलेक्ट्रॉनों के बीच नियमित ट्रांजिशन को दर्शाता है।,इलेक्ट्रॉन बाँटवारा रासायनिक आबंधन में इलेक्ट्रॉनों की स्थिति का बदलाव दर्शाता है जो रासायनिक संबंध को संभव बनाता है।,2026-09-14 15:17:48
SCI_HI_0209,Hindi,Science,"तत्व, यौगिक, मिश्रण एवं रासायनिक आबंधन",Medium,मिश्रण की किस प्रकार की गुणतात्मकता निरंतर होती है?,प्रकारात्मक,व्यवहारी,संरचनात्मक,कोशिकात्मक,B,व्यवहारी,मिश्रण की व्यवहारी गुणतात्मकता निरंतर रहती है और परिवर्तित होने की अवस्थाओं में बदलती है।,मिश्रण की व्यवहारी गुणतात्मकता निरंतर होती है जिसे दूसरी पदार्थों से अलग करने की अवस्थाओं में मापा जा सकता है।,2026-09-14 15:17:48
SCI_HI_0210,Hindi,Science,"तत्व, यौगिक, मिश्रण एवं रासायनिक आबंधन",Medium,किस प्रकार का मिश्रण रासायनिक आबंधन का उदाहरण है?,क्रिस्टल अवशोषण,संयोजन,इलेक्ट्रॉन बाँटवारा,विभेदन,B,संयोजन,संयोजन रासायनिक आबंधन का एक उदाहरण है जो यौगिकों को बनाने में जुड़े होते हैं।,संयोजन का अर्थ है यौगिक के अवयवों के बीच इलेक्ट्रॉन बाँटवारा द्वारा बनाए गए आबंधनों का एक ग्रुप है।,2026-09-14 15:17:48
SCI_HI_0211,Hindi,Science,"तत्व, यौगिक, मिश्रण एवं रासायनिक आबंधन",Medium,नाभिकीय आबंधन का किसका उपयोग किया जाता है?,संयोजन,कोशिकात्मक बाँटवारा,नाभिकीय बाँटवारा,विभेदन,C,नाभिकीय बाँटवारा,नाभिकीय बाँटवारा नाभिकीय आबंधन का उपयोग करके नाभिकीय अवस्थाओं को बनाता है।,नाभिकीय बाँटवारा नाभिकीय अवस्थाओं को बनाता है जो रासायनिक आबंधन की एक विशिष्ट व्यवहारी प्रक्रिया है।,2026-09-14 15:17:48
SCI_HI_0212,Hindi,Science,"तत्व, यौगिक, मिश्रण एवं रासायनिक आबंधन",Medium,किसकी अवस्था रासायनिक आबंधन के दौरान बदलती है?,कोशिका,कोशिका कोर,नाभिकीय अवस्था,विभेदित अवस्था,C,नाभिकीय अवस्था,रासायनिक आबंधन के दौरान नाभिकीय अवस्था बदलती है जो नाभिकीय बाँटवारा द्वारा बनाई जाती है।,नाभिकीय अवस्था रासायनिक आबंधन में नाभिकीय इलेक्ट्रॉनों की स्थिति का बदलाव करती है जो रासायनिक संबंधों को बनाती है।,2026-09-14 15:17:48
SCI_HI_0213,Hindi,Science,"तत्व, यौगिक, मिश्रण एवं रासायनिक आबंधन",Medium,तत्व की इलेक्ट्रॉन बाँटवारा किस प्रकार की है?,एकत्रित,विभेदित,विशिष्ट,विशाल,B,विभेदित,तत्व की इलेक्ट्रॉन बाँटवारा विभेदित है जो इलेक्ट्रॉनों की स्थिति को दर्शाती है।,तत्व की इलेक्ट्रॉन बाँटवारा इलेक्ट्रॉनों की स्थिति दर्शाती है जो तत्व के रासायनिक आविष्कारों में महत्वपूर्ण भूमिका निभाती है।,2026-09-14 15:17:48
SCI_HI_0214,Hindi,Science,"तत्व, यौगिक, मिश्रण एवं रासायनिक आबंधन",Medium,मिश्रण की किस प्रकार की गुणतात्मकता निरंतर नहीं होती?,संरचनात्मक,व्यवहारी,कोशिकात्मक,प्रकारात्मक,A,संरचनात्मक,संरचनात्मक गुणतात्मकता निरंतर नहीं होती और मिश्रण की संरचना बदलने के अनुसार बदलती है।,संरचनात्मक गुणतात्मकता मिश्रण की अंतर्निहित संरचना को दर्शाती है जो मिश्रण की निरंतर बदलावों के अनुसार बदलती है।,2026-09-14 15:17:48
SCI_HI_0215,Hindi,Science,"तत्व, यौगिक, मिश्रण एवं रासायनिक आबंधन",Medium,किस प्रकार का मिश्रण एक विशिष्ट रासायनिक संबंध को दर्शाता है?,क्रिस्टल,संयोजन,विभेदन,कोशिकात्मक,B,संयोजन,संयोजन एक विशिष्ट रासायनिक संबंध को दर्शाता है जो दो या दो से अधिक यौगिकों के बीच बनाया जाता है।,संयोजन एक विशिष्ट रासायनिक संबंध को दर्शाता है जो दो या दो से अधिक यौगिकों के बीच इलेक्ट्रॉन बाँटवारा द्वारा बनाया जाता है।,2026-09-14 15:17:48
SCI_HI_0216,Hindi,Science,"तत्व, यौगिक, मिश्रण एवं रासायनिक आबंधन",Medium,किस प्रकार का अवयव तत्व का एक उदाहरण है?,हाइड्रोजन,स्टोक्स,कोशिका,विभेदन,A,हाइड्रोजन,हाइड्रोजन एक तत्व है जो एक अवयव है और इसकी इलेक्ट्रॉन बाँटवारा निरंतर होती है।,हाइड्रोजन एक तत्व है जिसकी इलेक्ट्रॉन बाँटवारा निरंतर होती है और इसका अवयव है जो रासायनिक आबंधन की अभियान्त्रिकी में महत्वपूर्ण भूमिका निभाता है।,2026-09-14 15:17:48
SCI_HI_0217,Hindi,Science,"तत्व, यौगिक, मिश्रण एवं रासायनिक आबंधन",Medium,किसका नाम नाभिकीय बैंड दर्शाता है?,नाभिकीय विभेदन,नाभिकीय बाँटवारा,नाभिकीय कोर,नाभिकीय बैंड,D,नाभिकीय बैंड,नाभिकीय बैंड नाभिकीय इलेक्ट्रॉनों की इलेक्ट्रॉन बाँटवारा को दर्शाता है जो नाभिकीय कोर के अंतर्गत होती है।,नाभिकीय बैंड नाभिकीय इलेक्ट्रॉनों की इलेक्ट्रॉन बाँटवारा को दर्शाता है जो नाभिकीय कोर के अंतर्गत होती है और नाभिकीय बाँटवारा द्वारा बनाई जाती है।,2026-09-14 15:17:48
SCI_HI_0218,Hindi,Science,"आवर्त सारणी, प्रमुख धातुएं एवं अधातुएं",Hard,सिलिकन और फोस्फर के बीच आवर्त संबंध किस प्रकार का है?,निश्चित आवर्त,अनिश्चित आवर्त,असंबद्ध आवर्त,पृथक आवर्त,B,अनिश्चित आवर्त,सिलिकन और फोस्फर के बीच आवर्त संबंध अनिश्चित आवर्त का एक उदाहरण है।,सिलिकन और फोस्फर के बीच आवर्त संबंध अनिश्चित है जिनमें एक तत्व दूसरे तत्व के निकट होते हैं लेकिन न कि अनिवार्य तरीके से।,2026-09-14 15:18:32
SCI_HI_0219,Hindi,Science,"आवर्त सारणी, प्रमुख धातुएं एवं अधातुएं",Hard,पीन और ब्लॉक के बीच किस प्रकार का आवर्त संबंध है?,सहसंबद्ध आवर्त,प्राथमिक आवर्त,द्वितीय आवर्त,मूल आवर्त,A,सहसंबद्ध आवर्त,पीन और ब्लॉक के बीच आवर्त संबंध सहसंबद्ध आवर्त का एक उदाहरण है।,पीन और ब्लॉक के बीच आवर्त संबंध सहसंबद्ध है जो दो तत्वों के बीच अच्छी तरह से संबंधित हैं।,2026-09-14 15:18:32
SCI_HI_0220,Hindi,Science,"आवर्त सारणी, प्रमुख धातुएं एवं अधातुएं",Hard,नाइट्रोजन और डायऑक्सिजन के बीच रासायनिक बांध किस प्रकार का है?,कार्बन-बांध,नाइट्रोजन-बांध,ऑक्सीजन-बांध,ऑक्सीजन-नाइट्रोजन बांध,D,ऑक्सीजन-नाइट्रोजन बांध,नाइट्रोजन और डायऑक्सिजन के बीच रासायनिक बांध ऑक्सीजन-नाइट्रोजन बांध का एक उदाहरण है।,नाइट्रोजन और डायऑक्सिजन के बीच रासायनिक बांध ऑक्सीजन और नाइट्रोजन के बीच बना है जो एक आम रासायनिक बांध है।,2026-09-14 15:18:32
SCI_HI_0221,Hindi,Science,"आवर्त सारणी, प्रमुख धातुएं एवं अधातुएं",Hard,कौन-सा तत्व प्राथमिक आवर्त तत्वों का एक उदाहरण है?,ब्लॉक,सिलिकन,ब्रॉम,क्रोम,B,सिलिकन,सिलिकन एक प्राथमिक आवर्त तत्व है जो परमाणु संख्या 14 का तत्व है।,सिलिकन एक प्राथमिक आवर्त तत्व है जो आवर्त सारणी के शीर्ष आवर्त में स्थित है और अक्सर अक्सर अम्लीय रूप से रासायनिक बांध करता है।,2026-09-14 15:18:32
SCI_HI_0222,Hindi,Science,"आवर्त सारणी, प्रमुख धातुएं एवं अधातुएं",Hard,कौन-सा तत्व एक अधात्मीय तत्व है?,नाइट्रोजन,फोस्फर,क्रोम,ब्लॉक,C,क्रोम,क्रोम एक अधात्मीय तत्व है जो आवर्त सारणी के दक्षिणी आवर्त में स्थित है।,क्रोम एक अधात्मीय तत्व है जो आवर्त सारणी के दक्षिणी आवर्त में स्थित है और विशेष रूप से अधात्मी रासायनिक बांध करता है।,2026-09-14 15:18:32
SCI_HI_0223,Hindi,Science,"आवर्त सारणी, प्रमुख धातुएं एवं अधातुएं",Hard,सिलिकन और फोस्फर के बीच रासायनिक बांध किस प्रकार का है?,ऑक्सीजन-बांध,नाइट्रोजन-बांध,कार्बन-बांध,क्रोम-बांध,B,नाइट्रोजन-बांध,सिलिकन और फोस्फर के बीच रासायनिक बांध नाइट्रोजन-बांध का एक उदाहरण है।,सिलिकन और फोस्फर के बीच रासायनिक बांध नाइट्रोजन-बांध का एक उदाहरण है जो दो तत्वों के बीच बना है।,2026-09-14 15:18:32
SCI_HI_0224,Hindi,Science,"आवर्त सारणी, प्रमुख धातुएं एवं अधातुएं",Hard,कौन-सा तत्व एक प्राथमिक आवर्त तत्व नहीं है?,फ्लोर,ब्लॉक,क्रोम,सिलिकन,C,क्रोम,क्रोम एक प्राथमिक आवर्त तत्व नहीं है जो आवर्त सारणी के दक्षिणी आवर्त में स्थित है।,क्रोम एक प्राथमिक आवर्त तत्व नहीं है जो दक्षिणी आवर्त में स्थित है और अक्सर अधात्मी रूप से रासायनिक बांध करता है।,2026-09-14 15:18:32
SCI_HI_0225,Hindi,Science,"आवर्त सारणी, प्रमुख धातुएं एवं अधातुएं",Hard,कौन-सा तत्व एक अधात्मी तत्व नहीं है?,फ्लोर,फोस्फर,क्रोम,ब्लॉक,A,फ्लोर,फ्लोर एक अधात्मी तत्व नहीं है जो प्राथमिक आवर्त में स्थित है।,फ्लोर एक प्राथमिक आवर्त तत्व है जो आवर्त सारणी के शीर्ष आवर्त में स्थित है और अक्सर अम्लीय रूप से रासायनिक बांध करता है।,2026-09-14 15:18:32
SCI_HI_0226,Hindi,Science,"आवर्त सारणी, प्रमुख धातुएं एवं अधातुएं",Hard,कौन-सा तत्व एक प्राथमिक आवर्त तत्व है और आवर्त सारणी के शीर्ष आवर्त में स्थित है?,फ्लोर,फोस्फर,क्रोम,ब्लॉक,A,फ्लोर,फ्लोर एक प्राथमिक आवर्त तत्व है जो आवर्त सारणी के शीर्ष आवर्त में स्थित है।,फ्लोर एक प्राथमिक आवर्त तत्व है जो आवर्त सारणी के शीर्ष आवर्त में स्थित है और अक्सर अम्लीय रूप से रासायनिक बांध करता है।,2026-09-14 15:18:32
SCI_HI_0227,Hindi,Science,"आवर्त सारणी, प्रमुख धातुएं एवं अधातुएं",Hard,कौन-सा तत्व एक अधात्मी तत्व है और आवर्त सारणी के दक्षिणी आवर्त में स्थित है?,फ्लोर,फोस्फर,क्रोम,ब्लॉक,C,क्रोम,क्रोम एक अधात्मी तत्व है जो आवर्त सारणी के दक्षिणी आवर्त में स्थित है।,क्रोम एक अधात्मी तत्व है जो आवर्त सारणी के दक्षिणी आवर्त में स्थित है और अक्सर अधात्मी रूप से रासायनिक बांध करता है।,2026-09-14 15:18:32
SCI_HI_0228,Hindi,Science,"अम्ल, क्षार, लवण एवं दैनिक जीवन में रसायन",Easy,चट्टांची प्रकृति कौन सी होती?,अम्लीय,क्षारीय,न्यूट्रिल,निर्धारित नहीं किया जा सकता,A,अम्लीय,चट्टांची प्रकृति अम्लीय होती क्योंकि उन्हीं से अम्ल निकलते हैं।,चट्टांचे पानी से अम्ल निकलते हैं जो प्राकृतिक रूप से अम्लीय पदार्थ होते हैं।,2026-09-14 15:19:14
SCI_HI_0229,Hindi,Science,"अम्ल, क्षार, लवण एवं दैनिक जीवन में रसायन",Easy,दालों में निहित रस किस के रूप में उपस्थित होता है?,क्षारीय,अम्लीय,रसायनीय,निर्धारित नहीं किया जा सकता,B,अम्लीय,दालों में निहित अम्लीय रस उपस्थित होता क्योंकि वे अम्लीय पदार्थ होते हैं।,दालों में निहित रस अम्लीय होता क्योंकि वे अम्लीय पदार्थ होते हैं जो खाने से अम्ल के रूप में माने जाते हैं।,2026-09-14 15:19:14
SCI_HI_0230,Hindi,Science,"अम्ल, क्षार, लवण एवं दैनिक जीवन में रसायन",Easy,जल की प्रकृति कौन सी होती?,अम्लीय,क्षारीय,न्यूट्रिल,निर्धारित नहीं किया जा सकता,C,न्यूट्रिल,जल न्यूट्रिल पदार्थ होता क्योंकि अम्ल और क्षार दोनों की गुणवत्ता को बराबर करता है।,जल न्यूट्रिल पदार्थ है क्योंकि अम्ल और क्षार दोनों की गुणवत्ता को बराबर करता है।,2026-09-14 15:19:14
SCI_HI_0231,Hindi,Science,"अम्ल, क्षार, लवण एवं दैनिक जीवन में रसायन",Easy,सलाद की दालाओं का रस किस के रूप में उपस्थित होता है?,क्षारीय,अम्लीय,रसायनीय,निर्धारित नहीं किया जा सकता,B,अम्लीय,सलाद की दालाओं में अम्लीय रस उपस्थित होता क्योंकि वे अम्लीय पदार्थ होते हैं।,सलाद की दालाओं में अम्लीय रस उपस्थित होता क्योंकि वे अम्लीय पदार्थ होते हैं जो खाने से अम्ल के रूप में माने जाते हैं।,2026-09-14 15:19:14
SCI_HI_0232,Hindi,Science,"अम्ल, क्षार, लवण एवं दैनिक जीवन में रसायन",Easy,दालों की खाने से निकले अम्ल की गुणवत्ता किस प्रकार की होती?,क्षारीय,अम्लीय,न्यूट्रिल,निर्धारित नहीं किया जा सकता,A,क्षारीय,दालों की खाने से निकले अम्ल की गुणवत्ता क्षारीय होती क्योंकि अम्ल और क्षार दोनों रसायनीय गुणवत्ताओं के एक है।,दालों की खाने से निकले अम्ल की गुणवत्ता क्षारीय होती क्योंकि अम्ल और क्षार दोनों रसायनीय गुणवत्ताओं के एक है।,2026-09-14 15:19:14
SCI_HI_0233,Hindi,Science,"अम्ल, क्षार, लवण एवं दैनिक जीवन में रसायन",Easy,हल्दी का रस किस के रूप में उपस्थित होता है?,क्षारीय,अम्लीय,रसायनीय,निर्धारित नहीं किया जा सकता,A,क्षारीय,हल्दी का रस क्षारीय होता क्योंकि वह एक क्षारीय पदार्थ है।,हल्दी का रस क्षारीय होता क्योंकि वह एक क्षारीय पदार्थ है जो अम्ल के साथ जोड़ने से अम्ल के रूप में कार्य करता है।,2026-09-14 15:19:14
SCI_HI_0234,Hindi,Science,"अम्ल, क्षार, लवण एवं दैनिक जीवन में रसायन",Easy,पानी का रस किस के रूप में उपस्थित होता है?,क्षारीय,अम्लीय,न्यूट्रिल,निर्धारित नहीं किया जा सकता,C,न्यूट्रिल,पानी न्यूट्रिल पदार्थ होता क्योंकि अम्ल और क्षार दोनों की गुणवत्ता को बराबर करता है।,पानी न्यूट्रिल पदार्थ है क्योंकि अम्ल और क्षार दोनों की गुणवत्ता को बराबर करता है।,2026-09-14 15:19:14
SCI_HI_0235,Hindi,Science,"अम्ल, क्षार, लवण एवं दैनिक जीवन में रसायन",Easy,कैफीन एक किस प्रकार का रसायन है?,अम्लीय,क्षारीय,रसायनीय,निर्धारित नहीं किया जा सकता,C,रसायनीय,कैफीन एक रसायनीय पदार्थ है क्योंकि यह एक रसायन है।,कैफीन एक रसायनीय पदार्थ है क्योंकि यह एक रसायन है जो दैनिक जीवन में पाया जाता है।,2026-09-14 15:19:14
SCI_HI_0236,Hindi,Science,"अम्ल, क्षार, लवण एवं दैनिक जीवन में रसायन",Easy,चट्टांचा रस किस के रूप में उपस्थित होता है?,क्षारीय,अम्लीय,रसायनीय,निर्धारित नहीं किया जा सकता,A,क्षारीय,चट्टांचा रस क्षारीय होता क्योंकि उन्हीं से चट्टांचा अम्ल निकलता है।,चट्टांचा रस क्षारीय होता क्योंकि उन्हीं से चट्टांचा अम्ल निकलता है जो प्राकृतिक रूप से अम्लीय पदार्थ होता है।,2026-09-14 15:19:14
SCI_HI_0237,Hindi,Science,"अम्ल, क्षार, लवण एवं दैनिक जीवन में रसायन",Easy,चट्टांचा रस किस प्रकार का होता है?,क्षारीय,अम्लीय,रसायनीय,निर्धारित नहीं किया जा सकता,A,क्षारीय,चट्टांचा रस क्षारीय होता क्योंकि उन्हीं से चट्टांचा अम्ल निकलता है।,चट्टांचा रस क्षारीय होता क्योंकि उन्हीं से चट्टांचा अम्ल निकलता है जो प्राकृतिक रूप से अम्लीय पदार्थ होता है।,2026-09-14 15:19:14
SCI_HI_0238,Hindi,Science,"कार्बन एवं उसके यौगिक, हाइड्रोकार्बन",Medium,कार्बन यौगिकों में किस प्रकार की बाइंडिंग उपस्थित होती है?,सिंगल बाइंडिंग,डबल बाइंडिंग,ट्रिपल बाइंडिंग,सभी योग्य,D,सभी योग्य,"कार्बन यौगिक में सिंगल, डबल या ट्रिपल बाइंडिंग सभी उपस्थित होती हैं।","कार्बन यौगिकों में यौगिक कार्बन के बीच की बाइंडिंग के प्रकार विभिन्न होते हैं। सिंगल बाइंडिंग एक संबंध है जो एक विन्यास है, डबल बाइंडिंग दो विन्यासों से बना है और ट्रिपल बाइंडिंग तीन विन्यासों से बना है।",2026-09-14 15:20:00
SCI_HI_0239,Hindi,Science,"कार्बन एवं उसके यौगिक, हाइड्रोकार्बन",Medium,हाइड्रोकार्बन किस प्रकार के यौगिक होते हैं?,कार्बन यौगिक,सल्फर यौगिक,नाइट्रोजन यौगिक,कार्बनिक अम्ल,A,कार्बन यौगिक,हाइड्रोकार्बन यौगिक हैं जिनमें कार्बन और हाइड्रोजन के अणु ही उपस्थित होते हैं।,हाइड्रोकार्बन यौगिक में अकेले कार्बन और हाइड्रोजन की अणु उपस्थित होती हैं और इनमें दोनों अणु अवयव ही उपस्थित होते हैं।,2026-09-14 15:20:00
SCI_HI_0240,Hindi,Science,"कार्बन एवं उसके यौगिक, हाइड्रोकार्बन",Medium,"हाइड्रोकार्बन यौगिक जैसे गैस, तेल या दालिया किस प्रकार के होते हैं?",कार्बनिक यौगिक,हाइड्रोजन यौगिक,कार्बनिक अम्ल,हाइड्रोकार्बन यौगिक,D,हाइड्रोकार्बन यौगिक,"हाइड्रोकार्बन यौगिक गैस, तेल या दालिया के रूप में उपस्थित होते हैं।","हाइड्रोकार्बन यौगिक गैस, तेल या दालिया के रूप में उपस्थित होते हैं। ये यौगिक हाइड्रोजन और कार्बन की अणु ही उपस्थित हैं।",2026-09-14 15:20:00
SCI_HI_0241,Hindi,Science,"कार्बन एवं उसके यौगिक, हाइड्रोकार्बन",Medium,किस प्रकार का यौगिक हाइड्रोकार्बन में उपस्थित होता है?,कार्बन यौगिक,हाइड्रोजन यौगिक,कार्बनिक अम्ल,हाइड्रोकार्बन यौगिक,D,हाइड्रोकार्बन यौगिक,हाइड्रोकार्बन यौगिक कार्बन और हाइड्रोजन की अणु ही उपस्थित होते हैं।,हाइड्रोकार्बन यौगिक में केवल कार्बन और हाइड्रोजन की अणु उपस्थित होती हैं।,2026-09-14 15:20:00
SCI_HI_0242,Hindi,Science,"कार्बन एवं उसके यौगिक, हाइड्रोकार्बन",Medium,हाइड्रोकार्बन यौगिक किस प्रकार का अम्ल होता है?,कार्बनिक अम्ल,हाइड्रोजन अम्ल,कार्बनिक अम्ल,हाइड्रोकार्बन अम्ल,C,कार्बनिक अम्ल,कार्बनिक अम्ल उन अम्लों को कहते हैं जिनमें कार्बन यौगिक हैं।,कार्बनिक अम्ल उन अम्लों को कहते हैं जिनमें कार्बन यौगिक हैं और इनमें हाइड्रोजन और कार्बन अणु ही उपस्थित होते हैं।,2026-09-14 15:20:00
SCI_HI_0243,Hindi,Science,"कार्बन एवं उसके यौगिक, हाइड्रोकार्बन",Medium,कार्बन यौगिकों में बाइंडिंग की इकाई क्या है?,कार्बन-कार्बन बाइंडिंग,कार्बन-ऑक्सिजन बाइंडिंग,कार्बन-नाइट्रोजन बाइंडिंग,कार्बन-हाइड्रोजन बाइंडिंग,A,कार्बन-कार्बन बाइंडिंग,कार्बन यौगिक में बाइंडिंग की इकाई कार्बन-कार्बन बाइंडिंग होती है।,कार्बन यौगिक में बाइंडिंग अधिकतर रूप से कार्बन-कार्बन बाइंडिंग के रूप में होती है।,2026-09-14 15:20:00
SCI_HI_0244,Hindi,Science,"कार्बन एवं उसके यौगिक, हाइड्रोकार्बन",Medium,कार्बन यौगिक में बाइंडिंग की कितनी तरह से रूप उपस्थित होती है?,एक तरह,दो तरह,तीन तरह,सभी योग्य,D,सभी योग्य,कार्बन यौगिक में बाइंडिंग की तीन तरह से रूप उपस्थित होते हैं।,"कार्बन यौगिक में बाइंडिंग तीन तरह से होती है: सिंगल बाइंडिंग, डबल बाइंडिंग और ट्रिपल बाइंडिंग।",2026-09-14 15:20:00
SCI_HI_0245,Hindi,Science,"कार्बन एवं उसके यौगिक, हाइड्रोकार्बन",Medium,किस प्रकार की बाइंडिंग डबल बाइंडिंग कहलाती है?,कार्बन-कार्बन बाइंडिंग,कार्बन-हाइड्रोजन बाइंडिंग,कार्बन-ऑक्सिजन बाइंडिंग,कार्बन-नाइट्रोजन बाइंडिंग,C,कार्बन-ऑक्सिजन बाइंडिंग,डबल बाइंडिंग कार्बन-ऑक्सिजन बाइंडिंग कहलाती है।,डबल बाइंडिंग एक कार्बन-ऑक्सिजन बाइंडिंग के रूप में उपस्थित होती है।,2026-09-14 15:20:00
SCI_HI_0246,Hindi,Science,"कार्बन एवं उसके यौगिक, हाइड्रोकार्बन",Medium,हाइड्रोकार्बन यौगिक किस प्रकार के रूप में उपस्थित होते हैं?,कार्बन यौगिक,हाइड्रोजन यौगिक,कार्बनिक अम्ल,हाइड्रोकार्बन यौगिक,D,हाइड्रोकार्बन यौगिक,"हाइड्रोकार्बन यौगिक गैस, तेल या दालिया के रूप में उपस्थित होते हैं।","हाइड्रोकार्बन यौगिक गैस, तेल या दालिया के रूप में उपस्थित होते हैं।",2026-09-14 15:20:00
SCI_HI_0247,Hindi,Science,"कार्बन एवं उसके यौगिक, हाइड्रोकार्बन",Medium,हाइड्रोकार्बन यौगिक किस प्रकार का रसायन है?,कार्बन यौगिक,हाइड्रोजन यौगिक,कार्बनिक अम्ल,हाइड्रोकार्बन यौगिक,D,हाइड्रोकार्बन यौगिक,हाइड्रोकार्बन यौगिक रसायन हैं जिनमें कार्बन और हाइड्रोजन की अणु हैं।,हाइड्रोकार्बन यौगिक रसायन हैं जिनमें कार्बन और हाइड्रोजन की अणु हैं।,2026-09-14 15:20:00
SCI_HI_0248,Hindi,Science,"कोशिका संरचना, कोशिका विभाजन एवं आनुवंशिकी",Hard,कोशिका संरचना में द्विखोलीय अणु किसका अंश हैं?,हाइड्रोकार्बन अणु,डाइएनालिक अणु,डाइआइमिन अणु,डाइकार्बोक्साइड अणु,B,डाइएनालिक अणु,डाइएनालिक अणु द्विखोलीय होती हैं और दो खोलों (रियल क्सिड) द्वारा बाइंड की जाती हैं।,डाइएनालिक अणु दो खोलों से बनी होती हैं जो द्विखोलीय अणु के रूप में वर्णित होती हैं। यह अणु कोशिका संरचना में आधारित होती है और उन अणुओं की व्याख्या करती है जो दो खोलों से बनी होती हैं।,2026-09-14 15:20:47
SCI_HI_0249,Hindi,Science,"कोशिका संरचना, कोशिका विभाजन एवं आनुवंशिकी",Hard,कोशिका विभाजन के दौरान अपोलिम्निन फास्टर क्या करता है?,अणु को बाइंड करता है,स्ट्रेंग्थ फास्टर को बनाता है,डाइएनालिक अणु को बनाता है,डाइकार्बोक्साइड अणु को बनाता है,B,स्ट्रेंग्थ फास्टर को बनाता है,स्ट्रेंग्थ फास्टर बनाने का कार्य अपोलिम्निन फास्टर का है।,अपोलिम्निन फास्टर दो पार्टिकल्स को एक साथ जोड़कर स्ट्रेंग्थ फास्टर को बनाता है जो आरक्षण के लिए ज्यादा प्रभावी होता है।,2026-09-14 15:20:47
SCI_HI_0250,Hindi,Science,"कोशिका संरचना, कोशिका विभाजन एवं आनुवंशिकी",Hard,किस अणु की विभाजन एनजाइम रिबोसम का उपयोग करती है?,डीएनए,एनए,रिबोसम,टीएनए,A,डीएनए,डीएनए को विभाजित करने के लिए रिबोसम का उपयोग किया जाता है।,रिबोसम एक विभाजन एनजाइम है जो डीएनए को विभाजित करके नए कोशिकाओं के नए डीएनए कोशिका रेखाओं को बनाता है।,2026-09-14 15:20:47
SCI_HI_0251,Hindi,Science,"कोशिका संरचना, कोशिका विभाजन एवं आनुवंशिकी",Hard,कोशिका विभाजन के दौरान डीएनए का कैनेल किया जाता है?,कोशिका सम्भावना को नष्ट करने के लिए,कोशिका रेखा को रूपांतरित करने के लिए,कोशिका को विभाजित करने के लिए,कोशिका रेखा को विभाजित करने के लिए,D,कोशिका रेखा को विभाजित करने के लिए,डीएनए को विभाजित करने का उद्देश्य नए कोशिकाओं के लिए नए कोशिका रेखाओं को बनाना है।,डीएनए को विभाजित करने का उद्देश्य नए कोशिकाओं के लिए नए कोशिका रेखाओं को बनाना है। यह एक संरचनात्मक और अभिक्रियात्मक विकास का भाग है।,2026-09-14 15:20:47
SCI_HI_0252,Hindi,Science,"कोशिका संरचना, कोशिका विभाजन एवं आनुवंशिकी",Hard,कौन-सी अपोलिम्निन फास्टर डीएनए को विभाजित करती है?,डीएनए फास्टर,एनए फास्टर,रिबोसम,टीएनए फास्टर,A,डीएनए फास्टर,डीएनए फास्टर डीएनए को विभाजित करता है।,डीएनए फास्टर डीएनए को विभाजित करके नए कोशिकाओं के लिए नए कोशिका रेखाओं को बनाता है।,2026-09-14 15:20:47
SCI_HI_0253,Hindi,Science,"कोशिका संरचना, कोशिका विभाजन एवं आनुवंशिकी",Hard,किस अपोलिम्निन फास्टर नए कोशिकाओं के लिए रिबोसीम को बनाता है?,एनए फास्टर,डीएनए फास्टर,टीएनए फास्टर,रिबोसम,A,एनए फास्टर,एनए फास्टर नए कोशिकाओं के लिए रिबोसीम को बनाता है।,एनए फास्टर रिबोसीम को बनाता है जो नए कोशिकाओं के लिए नए रिबोसीम कोशिका रेखाओं को बनाता है।,2026-09-14 15:20:47
SCI_HI_0254,Hindi,Science,"कोशिका संरचना, कोशिका विभाजन एवं आनुवंशिकी",Hard,किस अपोलिम्निन फास्टर नए कोशिकाओं को नए डीएनए कोशिका रेखाओं को बनाता है?,टीएनए फास्टर,रिबोसम,एनए फास्टर,डीएनए फास्टर,D,डीएनए फास्टर,डीएनए फास्टर नए कोशिकाओं को नए डीएनए कोशिका रेखाओं को बनाता है।,डीएनए फास्टर नए कोशिकाओं को नए डीएनए कोशिका रेखाओं को बनाता है जो उन्हें नए जीवित कोशिकाओं के रूप में चलाती हैं।,2026-09-14 15:20:47
SCI_HI_0255,Hindi,Science,"कोशिका संरचना, कोशिका विभाजन एवं आनुवंशिकी",Hard,कोशिका विभाजन के दौरान किस विशिष्ट चरण द्वारा नए कोशिकाओं की रेटिंग की गई जाती है?,स्टेम फास्टर,नेक्स्टर,रिबोसम,डीएनए फास्टर,B,नेक्स्टर,नेक्स्टर नए कोशिकाओं की रेटिंग करता है।,नेक्स्टर कोशिका विभाजन के दौरान नए कोशिकाओं की रेटिंग करता है जिससे नए कोशिकाओं की क्षमता जान सकी जाए कि वे कितने जीवित कोशिकाओं से बने हैं।,2026-09-14 15:20:47
SCI_HI_0256,Hindi,Science,"कोशिका संरचना, कोशिका विभाजन एवं आनुवंशिकी",Hard,कोशिका विभाजन के दौरान किस अपोलिम्निन फास्टर नए कोशिकाओं के लिए प्रोटीन को बनाता है?,टीएनए फास्टर,रिबोसम,एनए फास्टर,डीएनए फास्टर,B,रिबोसम,रिबोसम नए कोशिकाओं के लिए प्रोटीन को बनाता है।,रिबोसम नए कोशिकाओं के लिए प्रोटीन को बनाता है जो नए कोशिकाओं की कार्यक्षमता और जीवन के दौरान कार्य करने की क्षमता को बढ़ाता है।,2026-09-14 15:20:47
SCI_HI_0257,Hindi,Science,"कोशिका संरचना, कोशिका विभाजन एवं आनुवंशिकी",Hard,कोशिका विभाजन के दौरान किस अपोलिम्निन फास्टर नए कोशिकाओं के लिए रिबोसीम को बनाता है?,टीएनए फास्टर,रिबोसम,एनए फास्टर,डीएनए फास्टर,A,टीएनए फास्टर,टीएनए फास्टर नए कोशिकाओं के लिए रिबोसीम को बनाता है।,टीएनए फास्टर नए कोशिकाओं के लिए रिबोसीम को बनाता है जो नए कोशिकाओं के लिए नए रिबोसीम कोशिका रेखाओं को बनाता है।,2026-09-14 15:20:47
SCI_HI_0258,Hindi,Science,"मानव शरीर तंत्र (पाचन, श्वसन, रक्त परिसंचरण, तंत्रिका तंत्र)",Easy,पाचन तंत्र में किस तंत्र का उपयोग किया जाता है?,श्वसन तंत्र,रक्त परिसंचरण तंत्र,संवाह तंत्र,अंतःश्राद्ध तंत्र,C,संवाह तंत्र,संवाह तंत्र का उपयोग पाचन तंत्र में भोजन के अनुपस्थित भागों को विस्तार से स्वादिष्ट बनाने में किया जाता है।,"संवाह तंत्र ग्वार, धातुरी क्षेत्र और अंतःश्राद्ध तंत्र से अलग है, जिसमें श्वसन तंत्र और रक्त परिसंचरण तंत्र शामिल हैं।",2026-09-14 15:21:34
SCI_HI_0259,Hindi,Science,"मानव शरीर तंत्र (पाचन, श्वसन, रक्त परिसंचरण, तंत्रिका तंत्र)",Easy,किस तंत्र का उपयोग श्वसन के लिए किया जाता है?,पाचन तंत्र,रक्त परिसंचरण तंत्र,श्वसन तंत्र,अंतःश्राद्ध तंत्र,C,श्वसन तंत्र,श्वसन तंत्र रक्त में ऑक्सीजन को ले कर कार्बन डाइऑक्साइड को छोड़ देता है।,श्वसन तंत्र रक्त में ऑक्सीजन का पासगुजारी करता है और इसे शरीर के विभिन्न भागों में फेड करता है।,2026-09-14 15:21:34
SCI_HI_0260,Hindi,Science,"मानव शरीर तंत्र (पाचन, श्वसन, रक्त परिसंचरण, तंत्रिका तंत्र)",Easy,रक्त किस तंत्र द्वारा अपने शरीर के विभिन्न भागों में पहुंचता है?,पाचन तंत्र,श्वसन तंत्र,रक्त परिसंचरण तंत्र,अंतःश्राद्ध तंत्र,C,रक्त परिसंचरण तंत्र,रक्त परिसंचरण तंत्र रक्त को शरीर के विभिन्न भागों में पहुंचाता है और अपनी विभिन्न कार्य कराता है।,रक्त परिसंचरण तंत्र रक्त को शरीर के विभिन्न भागों में पहुंचाता है और इसे अपनी विभिन्न कार्य कराता है।,2026-09-14 15:21:34
SCI_HI_0261,Hindi,Science,"मानव शरीर तंत्र (पाचन, श्वसन, रक्त परिसंचरण, तंत्रिका तंत्र)",Easy,अंतःश्राद्ध तंत्र किस क्षेत्र में कार्य करता है?,पाचन तंत्र,रक्त परिसंचरण तंत्र,श्वसन तंत्र,अंतःश्राद्ध तंत्र,D,अंतःश्राद्ध तंत्र,अंतःश्राद्ध तंत्र शरीर के अन्तःश्राद्ध भागों में बैठकर कार्य करता है।,अंतःश्राद्ध तंत्र शरीर के अन्तःश्राद्ध भागों में बैठकर कार्य करता है और उन्हें शारीरिक अवस्था के अनुसार विभिन्न श्राद्ध प्रदान करता है।,2026-09-14 15:21:34
SCI_HI_0262,Hindi,Science,"मानव शरीर तंत्र (पाचन, श्वसन, रक्त परिसंचरण, तंत्रिका तंत्र)",Easy,श्वसन तंत्र में किस तंत्र का उपयोग किया जाता है?,पाचन तंत्र,रक्त परिसंचरण तंत्र,श्वसन तंत्र,अंतःश्राद्ध तंत्र,C,श्वसन तंत्र,श्वसन तंत्र रक्त में ऑक्सीजन को ले कर कार्बन डाइऑक्साइड को छोड़ देता है।,श्वसन तंत्र रक्त में ऑक्सीजन को ले कर कार्बन डाइऑक्साइड को छोड़ देता है और इसे वायु में छोड़ देता है।,2026-09-14 15:21:34
SCI_HI_0263,Hindi,Science,"मानव शरीर तंत्र (पाचन, श्वसन, रक्त परिसंचरण, तंत्रिका तंत्र)",Easy,रक्त परिसंचरण तंत्र किस तंत्र का उपयोग करता है?,पाचन तंत्र,श्वसन तंत्र,रक्त परिसंचरण तंत्र,अंतःश्राद्ध तंत्र,C,रक्त परिसंचरण तंत्र,रक्त परिसंचरण तंत्र रक्त को शरीर के विभिन्न भागों में पहुंचाता है और अपनी विभिन्न कार्य कराता है।,रक्त परिसंचरण तंत्र रक्त को शरीर के विभिन्न भागों में पहुंचाता है और अपनी विभिन्न कार्य कराता है।,2026-09-14 15:21:34
SCI_HI_0264,Hindi,Science,"मानव शरीर तंत्र (पाचन, श्वसन, रक्त परिसंचरण, तंत्रिका तंत्र)",Easy,अंतःश्राद्ध तंत्र किस तंत्र का उपयोग करता है?,पाचन तंत्र,रक्त परिसंचरण तंत्र,श्वसन तंत्र,अंतःश्राद्ध तंत्र,D,अंतःश्राद्ध तंत्र,अंतःश्राद्ध तंत्र शरीर के अन्तःश्राद्ध भागों में बैठकर कार्य करता है।,अंतःश्राद्ध तंत्र शरीर के अन्तःश्राद्ध भागों में बैठकर कार्य करता है और उन्हें शारीरिक अवस्था के अनुसार विभिन्न श्राद्ध प्रदान करता है।,2026-09-14 15:21:34
SCI_HI_0265,Hindi,Science,"मानव शरीर तंत्र (पाचन, श्वसन, रक्त परिसंचरण, तंत्रिका तंत्र)",Easy,रक्त परिसंचरण तंत्र में किस तंत्र का उपयोग किया जाता है?,पाचन तंत्र,रक्त परिसंचरण तंत्र,श्वसन तंत्र,अंतःश्राद्ध तंत्र,B,रक्त परिसंचरण तंत्र,रक्त परिसंचरण तंत्र रक्त को शरीर के विभिन्न भागों में पहुंचाता है और अपनी विभिन्न कार्य कराता है।,रक्त परिसंचरण तंत्र रक्त को शरीर के विभिन्न भागों में पहुंचाता है और अपनी विभिन्न कार्य कराता है।,2026-09-14 15:21:34
SCI_HI_0266,Hindi,Science,"मानव स्वास्थ्य, पोषण, विटामिन एवं प्रमुख रोग",Medium,विटामिन डी किस प्रकार के रोगों के लिए महत्वपूर्ण है?,विटामिन डी गठबंधन रोगों को नियंत्रित करने में मदद करता है।,विटामिन डी अकेले प्रतिरोध को बढ़ावा देता है।,विटामिन डी गठबंधन रोगों और प्रतिरोधिता में बढ़ोतरी को मदद करता है।,विटामिन डी मानव पेशेवर रोगों को नियंत्रित करने में मदद करता है।,C,विटामिन डी गठबंधन रोगों और प्रतिरोधिता में बढ़ोतरी को मदद करता है।,विटामिन डी गठबंधन रोगों और लगातार पीड़ित व्यक्तियों की प्रतिरोधिता में मदद करता है।,विटामिन डी गठबंधन रोगों की विरोध के लिए रक्षण करता है और यह भी यह बढ़ावा देता है कि व्यक्ति आरक्षित रहे जब वे खुली परिस्थितियों में भी रहते हैं।,2026-09-14 15:22:47
SCI_HI_0267,Hindi,Science,"मानव स्वास्थ्य, पोषण, विटामिन एवं प्रमुख रोग",Medium,हाइपोजैन्ड्रोक्सिलीज़ामिन रोग किस प्रकार के विटामिन की कमी का परिणाम होता है?,विटामिन डी की कमी,विटामिन का कमी,विटामिन डी की कमी,विटामिन डी की कमी,C,विटामिन डी की कमी,हाइपोजैन्ड्रोक्सिलीज़ामिन रोग विटामिन डी की कमी का परिणाम होता है।,हाइपोजैन्ड्रोक्सिलीज़ामिन रोग विटामिन डी की कमी का परिणाम होता है जो गठबंधन रोगों को बढ़ावा देता है।,2026-09-14 15:22:47
SCI_HI_0268,Hindi,Science,"मानव स्वास्थ्य, पोषण, विटामिन एवं प्रमुख रोग",Medium,हाइड्रोक्सीवाइटामिन किस प्रकार के रोगों के लिए जाना जाता है?,हाइड्रोक्सीवाइटामिन गठबंधन रोगों को नियंत्रित करने में मदद करता है।,हाइड्रोक्सीवाइटामिन प्रतिरोध को बढ़ावा देता है।,हाइड्रोक्सीवाइटामिन गठबंधन रोगों और प्रतिरोधिता में बढ़ोतरी को मदद करता है।,हाइड्रोक्सीवाइटामिन लक्षणों को दूर करने में मदद करता है।,C,हाइड्रोक्सीवाइटामिन गठबंधन रोगों और प्रतिरोधिता में बढ़ोतरी को मदद करता है।,हाइड्रोक्सीवाइटामिन गठबंधन रोगों और प्रतिरोधिता में बढ़ोतरी को मदद करता है।,हाइड्रोक्सीवाइटामिन गठबंधन रोगों को नियंत्रित करने और यह भी यह बढ़ावा देता है कि व्यक्ति अपनी प्रतिरोधिता में बढ़ावा ले सके।,2026-09-14 15:22:47
SCI_HI_0269,Hindi,Science,"मानव स्वास्थ्य, पोषण, विटामिन एवं प्रमुख रोग",Medium,विटामिन किस प्रकार के रोगों को नियंत्रित करने में मदद करता है?,विटामिन गठबंधन रोगों को नियंत्रित करने में मदद करता है।,विटामिन प्रतिरोध को बढ़ावा देता है।,विटामिन गठबंधन रोगों और प्रतिरोधिता में बढ़ोतरी को मदद करता है।,विटामिन लक्षणों को दूर करने में मदद करता है।,C,विटामिन गठबंधन रोगों और प्रतिरोधिता में बढ़ोतरी को मदद करता है।,विटामिन गठबंधन रोगों और प्रतिरोधिता में बढ़ोतरी को मदद करता है।,विटामिन गठबंधन रोगों को नियंत्रित करने और यह भी यह बढ़ावा देता है कि व्यक्ति अपनी प्रतिरोधिता में बढ़ावा ले सके।,2026-09-14 15:22:47
SCI_HI_0270,Hindi,Science,"मानव स्वास्थ्य, पोषण, विटामिन एवं प्रमुख रोग",Medium,पोषण किस प्रकार के रोगों को नियंत्रित करने में महत्वपूर्ण है?,पोषण गठबंधन रोगों को नियंत्रित करने में मदद करता है।,पोषण प्रतिरोध को बढ़ावा देता है।,पोषण गठबंधन रोगों और प्रतिरोधिता में बढ़ोतरी को मदद करता है।,पोषण लक्षणों को दूर करने में मदद करता है।,C,पोषण गठबंधन रोगों और प्रतिरोधिता में बढ़ोतरी को मदद करता है।,पोषण गठबंधन रोगों और प्रतिरोधिता में बढ़ोतरी को मदद करता है।,पोषण गठबंधन रोगों को नियंत्रित करने और यह भी यह बढ़ावा देता है कि व्यक्ति अपनी प्रतिरोधिता में बढ़ावा ले सके।,2026-09-14 15:22:47
SCI_HI_0271,Hindi,Science,"मानव स्वास्थ्य, पोषण, विटामिन एवं प्रमुख रोग",Medium,विटामिन किस प्रकार के रोगों को नियंत्रित करने में महत्वपूर्ण है?,विटामिन गठबंधन रोगों को नियंत्रित करने में मदद करता है।,विटामिन प्रतिरोध को बढ़ावा देता है।,विटामिन गठबंधन रोगों और प्रतिरोधिता में बढ़ोतरी को मदद करता है।,विटामिन लक्षणों को दूर करने में मदद करता है।,C,विटामिन गठबंधन रोगों और प्रतिरोधिता में बढ़ोतरी को मदद करता है।,विटामिन गठबंधन रोगों और प्रतिरोधिता में बढ़ोतरी को मदद करता है।,विटामिन गठबंधन रोगों को नियंत्रित करने और यह भी यह बढ़ावा देता है कि व्यक्ति अपनी प्रतिरोधिता में बढ़ावा ले सके।,2026-09-14 15:22:47
SCI_HI_0272,Hindi,Science,"मानव स्वास्थ्य, पोषण, विटामिन एवं प्रमुख रोग",Medium,प्रतिरोधिता किस प्रकार के रोगों को नियंत्रित करने में महत्वपूर्ण है?,प्रतिरोधिता गठबंधन रोगों को नियंत्रित करने में मदद करता है।,प्रतिरोधिता प्रतिरोध को बढ़ावा देता है।,प्रतिरोधिता गठबंधन रोगों और प्रतिरोधिता में बढ़ोतरी को मदद करता है।,प्रतिरोधिता लक्षणों को दूर करने में मदद करता है।,B,प्रतिरोधिता प्रतिरोध को बढ़ावा देता है।,प्रतिरोधिता प्रतिरोध को बढ़ावा देता है।,प्रतिरोधिता प्रतिरोध को बढ़ावा देता है जो गठबंधन रोगों को नियंत्रित करने में मदद करता है।,2026-09-14 15:22:47
SCI_HI_0273,Hindi,Science,"मानव स्वास्थ्य, पोषण, विटामिन एवं प्रमुख रोग",Medium,लक्षणों को दूर करने में विटामिन किस प्रकार के रोगों के लिए मदद करता है?,लक्षणों को दूर करने में विटामिन गठबंधन रोगों के लिए मदद करता है।,लक्षणों को दूर करने में विटामिन प्रतिरोधिता रोगों के लिए मदद करता है।,लक्षणों को दूर करने में विटामिन लक्षणों के रोगों के लिए मदद करता है।,लक्षणों को दूर करने में विटामिन गठबंधन रोगों और प्रतिरोधिता रोगों के लिए मदद करता है।,D,लक्षणों को दूर करने में विटामिन गठबंधन रोगों और प्रतिरोधिता रोगों के लिए मदद करता है।,लक्षणों को दूर करने में विटामिन गठबंधन रोगों और प्रतिरोधिता रोगों के लिए मदद करता है।,विटामिन गठबंधन रोगों और प्रतिरोधिता रोगों के लिए लक्षणों को दूर करने में मदद करता है।,2026-09-14 15:22:47
SCI_HI_0274,Hindi,Science,"मानव स्वास्थ्य, पोषण, विटामिन एवं प्रमुख रोग",Medium,पोषण और प्रतिरोधिता किस प्रकार के रोगों को नियंत्रित करने में महत्वपूर्ण है?,पोषण और प्रतिरोधिता गठबंधन रोगों को नियंत्रित करने में मदद करता है।,पोषण और प्रतिरोधिता प्रतिरोधिता रोगों को नियंत्रित करने में मदद करता है।,पोषण और प्रतिरोधिता गठबंधन रोगों और प्रतिरोधिता रोगों को नियंत्रित करने में मदद करता है।,पोषण और प्रतिरोधिता लक्षणों के रोगों को नियंत्रित करने में मदद करता है।,C,पोषण और प्रतिरोधिता गठबंधन रोगों और प्रतिरोधिता रोगों को नियंत्रित करने में मदद करता है।,पोषण और प्रतिरोधिता गठबंधन रोगों और प्रतिरोधिता रोगों को नियंत्रित करने में मदद करता है।,पोषण और प्रतिरोधिता गठबंधन रोगों और प्रतिरोधिता रोगों को नियंत्रित करने में मदद करता है।,2026-09-14 15:22:47
SCI_HI_0275,Hindi,Science,"मानव स्वास्थ्य, पोषण, विटामिन एवं प्रमुख रोग",Medium,गठबंधन रोगों को नियंत्रित करने में विटामिन और पोषण किस प्रकार के रोगों के लिए महत्वपूर्ण हैं?,गठबंधन रोगों को नियंत्रित करने में विटामिन और पोषण गठबंधन रोगों के लिए महत्वपूर्ण हैं।,गठबंधन रोगों को नियंत्रित करने में विटामिन और पोषण प्रतिरोधिता रोगों के लिए महत्वपूर्ण हैं।,गठबंधन रोगों को नियंत्रित करने में विटामिन और पोषण गठबंधन रोगों और प्रतिरोधिता रोगों के लिए महत्वपूर्ण हैं।,गठबंधन रोगों को नियंत्रित करने में विटामिन और पोषण लक्षणों के रोगों के लिए महत्वपूर्ण हैं।,C,गठबंधन रोगों को नियंत्रित करने में विटामिन और पोषण गठबंधन रोगों और प्रतिरोधिता रोगों के लिए महत्वपूर्ण हैं।,गठबंधन रोगों को नियंत्रित करने में विटामिन और पोषण गठबंधन रोगों और प्रतिरोधिता रोगों के लिए महत्वपूर्ण हैं।,विटामिन और पोषण गठबंधन रोगों और प्रतिरोधिता रोगों को नियंत्रित करने में महत्वपूर्ण हैं।,2026-09-14 15:22:47
SCI_HI_0276,Hindi,Science,"पादप कार्यिकी, प्रकाश संश्लेषण एवं पादप हार्मोन",Hard,प्रकाश संश्लेषण के दौरान रहित रूपांतरण किस प्रकार के हार्मोनों को उत्पन्न करता है?,जैविक रूपस्वरूपित रहित रूपांतरण,जैविक रूपस्वरूपित रहित रूपांतरण,जैविक रूपस्वरूपित रहित रूपांतरण,जैविक रूपस्वरूपित रहित रूपांतरण,A,जैविक रूपस्वरूपित रहित रूपांतरण,यह उत्तर सही है क्योंकि प्रकाश संश्लेषण का रहित रूपांतरण निशाने और उपचार के रूप में जैविक रूपस्वरूपित रहित रूपांतरण को उत्पन्न करता है।,"प्रकाश संश्लेषण का रहित रूपांतरण निशानों के दौरान जैविक रूपस्वरूपित रहित रूपांतरण को उत्पन्न करता है, जो रोग प्रतिरोध को बढ़ावा देता है।",2026-09-14 15:23:57
SCI_HI_0277,Hindi,Science,"पादप कार्यिकी, प्रकाश संश्लेषण एवं पादप हार्मोन",Hard,कौन सा हार्मोन पादपों की विकास को समाप्त करने में मदद करता है?,कोलेनोट्रोपिन,आइड्रोक्सी फोटोफोफासिसिलिन,आइप्सिन,आइसोवायनिन,C,आइप्सिन,यह उत्तर सही है क्योंकि आइप्सिन एक हार्मोन है जो पादपों की विकास को समाप्त करने में मदद करता है।,आइप्सिन एक हार्मोन है जो पादपों की विकास को समाप्त करने में मदद करता है और इसे विकास रोककर पादपों की जीवनशैली को बदल देता है।,2026-09-14 15:23:57
SCI_HI_0278,Hindi,Science,"पादप कार्यिकी, प्रकाश संश्लेषण एवं पादप हार्मोन",Hard,पादपों में अमीनो अम्लों का निर्माण किस प्रकार के हार्मोनों की मदद से होता है?,कोलेनोट्रोपिन,आइप्सिन,प्रोपोलिन,आइसोवायनिन,D,आइसोवायनिन,यह उत्तर सही है क्योंकि आइसोवायनिन पादपों में अमीनो अम्लों के निर्माण में मदद करता है।,आइसोवायनिन एक हार्मोन है जो पादपों में अमीनो अम्लों का निर्माण बढ़ावा देता है और इससे पादपों की जीवनशैली का प्रभाव पड़ता है।,2026-09-14 15:23:57
SCI_HI_0279,Hindi,Science,"पादप कार्यिकी, प्रकाश संश्लेषण एवं पादप हार्मोन",Hard,कौन सा हार्मोन पादप की रोकथाम क्षमता में वृद्धि करता है?,आइप्सिन,जैविक रूपस्वरूपित रहित रूपांतरण,कोलेनोट्रोपिन,आइसोवायनिन,B,जैविक रूपस्वरूपित रहित रूपांतरण,यह उत्तर सही है क्योंकि जैविक रूपस्वरूपित रहित रूपांतरण पादप की रोकथाम क्षमता में वृद्धि करता है।,जैविक रूपस्वरूपित रहित रूपांतरण एक हार्मोन है जो पादप की रोकथाम क्षमता में वृद्धि करता है और रोगों से छुटकारा पाने में मदद करता है।,2026-09-14 15:23:57
SCI_HI_0280,Hindi,Science,"पादप कार्यिकी, प्रकाश संश्लेषण एवं पादप हार्मोन",Hard,प्रकाश संश्लेषण के दौरान कौन सा रहित रूपांतरण हार्मोनों के प्रतिरोध को बढ़ावा देता है?,जैविक रूपस्वरूपित रहित रूपांतरण,निशाने रहित रूपांतरण,उपचार कर रहित रूपांतरण,अनुकूलन रहित रूपांतरण,A,जैविक रूपस्वरूपित रहित रूपांतरण,यह उत्तर सही है क्योंकि जैविक रूपस्वरूपित रहित रूपांतरण प्रकाश संश्लेषण के दौरान हार्मोनों के प्रतिरोध को बढ़ावा देता है।,जैविक रूपस्वरूपित रहित रूपांतरण एक रहित रूपांतरण है जो प्रकाश संश्लेषण के दौरान हार्मोनों के प्रतिरोध को बढ़ावा देता है और रोगों के प्रतिरोध को बढ़ावा देता है।,2026-09-14 15:23:57
SCI_HI_0281,Hindi,Science,"पादप कार्यिकी, प्रकाश संश्लेषण एवं पादप हार्मोन",Hard,प्रकाश संश्लेषण की अन्तर्निहित रूपस्वरूपित रहित रूपांतरण द्वारा उत्पन्न हुए हार्मोनों का किस प्रकार का प्रभाव होता है?,पादप की विकास और विकास क्षमता में वृद्धि,रोग प्रतिरोधिता में वृद्धि,पादप की रोकथाम क्षमता में वृद्धि,पादप की रोकथाम क्षमता में वृद्धि,A,पादप की विकास और विकास क्षमता में वृद्धि,यह उत्तर सही है क्योंकि रहित रूपांतरण द्वारा उत्पन्न हुए हार्मोनों ने पादप की विकास और विकास क्षमता में वृद्धि की।,रहित रूपांतरण द्वारा उत्पन्न हुए हार्मोनों ने पादप की विकास और विकास क्षमता में वृद्धि की होती है और इससे पादप की जीवनशैली का प्रभाव पड़ता है।,2026-09-14 15:23:57
SCI_HI_0282,Hindi,Science,"पादप कार्यिकी, प्रकाश संश्लेषण एवं पादप हार्मोन",Hard,कौन सा हार्मोन निशाने और उपचार के दौरान पादपों में रहित रूपांतरण का प्रभाव बढ़ावा देता है?,कोलेनोट्रोपिन,आइप्सिन,निशाने रहित रूपांतरण,उपचार कर रहित रूपांतरण,D,उपचार कर रहित रूपांतरण,यह उत्तर सही है क्योंकि उपचार कर रहित रूपांतरण निशाने और उपचार के दौरान पादपों में रहित रूपांतरण का प्रभाव बढ़ावा देता है।,उपचार कर रहित रूपांतरण एक हार्मोन है जो निशाने और उपचार के दौरान पादपों में रहित रूपांतरण का प्रभाव बढ़ावा देता है और इससे पादपों की जीवनशैली का प्रभाव पड़ता है।,2026-09-14 15:23:57
SCI_HI_0283,Hindi,Science,"पादप कार्यिकी, प्रकाश संश्लेषण एवं पादप हार्मोन",Hard,पादप की रोकथाम क्षमता में वृद्धि करने के लिए कौन सा हार्मोन प्रयोग किया जाता है?,निशाने रहित रूपांतरण,उपचार कर रहित रूपांतरण,आइप्सिन,जैविक रूपस्वरूपित रहित रूपांतरण,D,जैविक रूपस्वरूपित रहित रूपांतरण,यह उत्तर सही है क्योंकि जैविक रूपस्वरूपित रहित रूपांतरण पादप की रोकथाम क्षमता में वृद्धि करता है।,जैविक रूपस्वरूपित रहित रूपांतरण एक हार्मोन है जो पादप की रोकथाम क्षमता में वृद्धि करता है और रोगों से छुटकारा पाने में मदद करता है।,2026-09-14 15:23:57
SCI_HI_0284,Hindi,Science,"पादप कार्यिकी, प्रकाश संश्लेषण एवं पादप हार्मोन",Hard,कौन सा हार्मोन पादप की रोकथाम क्षमता में वृद्धि करने के लिए उपयोग किया जाता है?,निशाने रहित रूपांतरण,उपचार कर रहित रूपांतरण,आइप्सिन,जैविक रूपस्वरूपित रहित रूपांतरण,D,जैविक रूपस्वरूपित रहित रूपांतरण,यह उत्तर सही है क्योंकि जैविक रूपस्वरूपित रहित रूपांतरण पादप की रोकथाम क्षमता में वृद्धि करता है।,जैविक रूपस्वरूपित रहित रूपांतरण एक हार्मोन है जो पादप की रोकथाम क्षमता में वृद्धि करता है और रोगों से छुटकारा पाने में मदद करता है।,2026-09-14 15:23:57
SCI_HI_0285,Hindi,Science,"पादप कार्यिकी, प्रकाश संश्लेषण एवं पादप हार्मोन",Hard,पादप की रोकथाम क्षमता में वृद्धि करने के लिए किस हार्मोन का उपयोग किया जाता है?,निशाने रहित रूपांतरण,उपचार कर रहित रूपांतरण,आइप्सिन,जैविक रूपस्वरूपित रहित रूपांतरण,D,जैविक रूपस्वरूपित रहित रूपांतरण,यह उत्तर सही है क्योंकि जैविक रूपस्वरूपित रहित रूपांतरण पादप की रोकथाम क्षमता में वृद्धि करता है।,जैविक रूपस्वरूपित रहित रूपांतरण एक हार्मोन है जो पादप की रोकथाम क्षमता में वृद्धि करता है और रोगों से छुटकारा पाने में मदद करता है।,2026-09-14 15:23:57
SCI_HI_0286,Hindi,Science,"पादप कार्यिकी, प्रकाश संश्लेषण एवं पादप हार्मोन",Hard,निशाने रहित रूपांतरण द्वारा उत्पन्न हुए हार्मोनों का किस प्रभाव होता है?,पादप की विकास और विकास क्षमता में वृद्धि,रोग प्रतिरोधिता में वृद्धि,पादप की रोकथाम क्षमता में वृद्धि,पादप की रोकथाम क्षमता में वृद्धि,C,पादप की रोकथाम क्षमता में वृद्धि,यह उत्तर सही है क्योंकि निशाने रहित रूपांतरण द्वारा उत्पन्न हुए हार्मोनों ने पादप की रोकथाम क्षमता में वृद्धि की।,निशाने रहित रूपांतरण द्वारा उत्पन्न हुए हार्मोनों ने पादप की रोकथाम क्षमता में वृद्धि की और रोगों से छुटकारा पाने में मदद की।,2026-09-14 15:23:57
SCI_HI_0287,Hindi,Science,"पारिस्थितिकी तंत्र, जैव विविधता एवं प्रदूषण",Easy,किस गैस का उपचार करके वायु में कम परमाणु चालकता का कारण बना रहता है?,ऑक्सीजन,नाइट्रोजन,क्लोरीन,सल्फर डायऑक्साइड,D,सल्फर डायऑक्साइड,सल्फर डायऑक्साइड का उपचार करके वायु में परमाणु चालकता कम हो जाती है क्योंकि यह गैस परमाणु चालकता को रोकती है।,सल्फर डायऑक्साइड वायु में परमाणु चालकता को बढ़ावा देता है इसलिए इसका उपचार करके वायु में परमाणु चालकता कम हो जाती है।,2026-09-14 15:24:58
SCI_HI_0288,Hindi,Science,"पारिस्थितिकी तंत्र, जैव विविधता एवं प्रदूषण",Easy,किस गैस के उच्च सांद्रता का कारण जंगल की विनाश का होता है?,ऑक्सीजन,क्लोरीन,मोनोक्साइड ऑक्सीजन,ऑक्सीडेशन गैस,C,मोनोक्साइड ऑक्सीजन,मोनोक्साइड ऑक्सीजन जंगल को नष्ट करने का कारण है क्योंकि यह रूद्र को गिराता है और वृक्षों को मार देता है।,मोनोक्साइड ऑक्सीजन जंगल को नष्ट करने का एक अदभुत कारण है क्योंकि यह वृक्षों को रोकता है और रूद्र को गिराता है।,2026-09-14 15:24:58
SCI_HI_0289,Hindi,Science,"पारिस्थितिकी तंत्र, जैव विविधता एवं प्रदूषण",Easy,किस प्रकार की जैविक विविधता को संरक्षित करने के लिए अवांड़िया राज्यों का उपयोग किया जाता है?,संतान शेयरिंग,कोशिका विभाजन,वन्यजीव राष्ट्रीय उपहार,बीमारी विचार,C,वन्यजीव राष्ट्रीय उपहार,वन्यजीव राष्ट्रीय उपहार की मदद से संरक्षित जैविक विविधता की रक्षा की जाती है क्योंकि यह वन्यजीवों को अन्य अवांड़ियों से रक्षित करती है।,वन्यजीव राष्ट्रीय उपहार वन्यजीवों की रक्षा करता है जो अन्य अवांड़ियों से लगातार नहीं रह सकते हैं।,2026-09-14 15:24:58
SCI_HI_0290,Hindi,Science,"पारिस्थितिकी तंत्र, जैव विविधता एवं प्रदूषण",Easy,जैव विविधता को संरक्षित करने के लिए किस प्रक्रिया का उपयोग किया जाता है?,क्लोनिंग,हैप्टोक्रास्टिक रिसर्च,बीमारी विचार,वन्यजीव राष्ट्रीय उपहार,D,वन्यजीव राष्ट्रीय उपहार,वन्यजीव राष्ट्रीय उपहार जैविक विविधता को संरक्षित करने की एक प्रक्रिया है क्योंकि यह जैविक विविधता की रक्षा करता है।,वन्यजीव राष्ट्रीय उपहार की मदद से जैविक विविधता संरक्षित होती है क्योंकि यह वन्यजीवों को अन्य अवांड़ियों से रक्षित करता है।,2026-09-14 15:24:58
SCI_HI_0291,Hindi,Science,"पारिस्थितिकी तंत्र, जैव विविधता एवं प्रदूषण",Easy,किस प्रकार का प्रदूषण एक वन्यजीव जैव विविधता को कम कर सकता है?,वायु प्रदूषण,द्रव प्रदूषण,स्वामित्व प्रदूषण,भूमि प्रदूषण,D,भूमि प्रदूषण,भूमि प्रदूषण जैविक विविधता को कम कर सकता है क्योंकि यह वन्यजीवों के अवांड़ियों पर प्रभाव पड़ता है।,भूमि प्रदूषण वन्यजीवों के अवांड़ियों पर प्रभाव पड़ता है जिससे वे उन जानवरों और पौधों को नष्ट कर देता है जिनकी विविधता वन्यजीवों के लिए जरूरी है।,2026-09-14 15:24:58
SCI_HI_0292,Hindi,Science,"पारिस्थितिकी तंत्र, जैव विविधता एवं प्रदूषण",Easy,किस प्रकार का प्रदूषण एक वन्यजीव जैव विविधता को बढ़ावा दे सकता है?,भूमि प्रदूषण,वायु प्रदूषण,वाटर फ्रेशिफाइर,क्लोरीन गैस,C,वाटर फ्रेशिफाइर,वाटर फ्रेशिफाइर जैविक विविधता को बढ़ावा दे सकता है क्योंकि यह जलाशय और जैव विविधता की प्रक्रियाओं में मदद करता है।,वाटर फ्रेशिफाइर जलाशय की प्रणाली को सुधारता है जो वन्यजीव जैविक विविधता के लिए अत्यंत महत्वपूर्ण है।,2026-09-14 15:24:58
SCI_HI_0293,Hindi,Science,"पारिस्थितिकी तंत्र, जैव विविधता एवं प्रदूषण",Easy,किस प्रकार का प्रदूषण वायु में कम परमाणु चालकता का कारण बना रहता है?,ऑक्सीजन गैस,सल्फर डायऑक्साइड,नाइट्रोजन गैस,ऑक्सीडेशन गैस,B,सल्फर डायऑक्साइड,सल्फर डायऑक्साइड वायु में परमाणु चालकता को बढ़ावा देता है क्योंकि यह अपने परमाणु उत्पादों के बारे में कार्य करता है।,सल्फर डायऑक्साइड वायु में परमाणु चालकता को बढ़ावा देता है क्योंकि यह वायु में परमाणु उत्पादों के बारे में कार्य करता है।,2026-09-14 15:24:58
SCI_HI_0294,Hindi,Science,"पारिस्थितिकी तंत्र, जैव विविधता एवं प्रदूषण",Easy,किस प्रकार का प्रदूषण जंगल को कमजोर बना देता है?,सल्फर डायऑक्साइड,ऑक्सीजन गैस,क्लोरीन गैस,वाटर फ्रेशिफाइर,A,सल्फर डायऑक्साइड,सल्फर डायऑक्साइड जंगल को कमजोर बना देता है क्योंकि यह वन्यजीवों को नष्ट कर देता है।,सल्फर डायऑक्साइड जंगल को कमजोर बनाता है क्योंकि यह वन्यजीवों को नष्ट कर देता है जो जंगल की स्थायिता और संरक्षण के लिए जरूरी हैं।,2026-09-14 15:24:58
SCI_HI_0295,Hindi,Science,"पारिस्थितिकी तंत्र, जैव विविधता एवं प्रदूषण",Easy,किस प्रकार का प्रदूषण एक जैविक प्रक्रिया को चिकित्सित कर सकता है?,सल्फर डायऑक्साइड,वाटर फ्रेशिफाइर,ऑक्सीजन गैस,क्लोरीन गैस,B,वाटर फ्रेशिफाइर,वाटर फ्रेशिफाइर जैविक प्रक्रियाओं को चिकित्सित कर सकता है क्योंकि यह जलाशय की गैर अपवादी विश्लेषण को सुधारता है।,वाटर फ्रेशिफाइर जैविक प्रक्रियाओं को चिकित्सित कर सकता है क्योंकि यह जलाशय की गैर अपवादी विश्लेषण को सुधारता है जो विभिन्न जैविक प्रक्रियाओं को प्रेरित करता है।,2026-09-14 15:24:58
SCI_HI_0296,Hindi,Science,"पारिस्थितिकी तंत्र, जैव विविधता एवं प्रदूषण",Easy,जैविक विविधता को संरक्षित करने के लिए किस प्रक्रिया का उपयोग किया जाता है?,हैप्टोक्रास्टिक रिसर्च,वाटर फ्रेशिफाइर,क्लोनिंग,वन्यजीव राष्ट्रीय उपहार,D,वन्यजीव राष्ट्रीय उपहार,वन्यजीव राष्ट्रीय उपहार जैविक विविधता को संरक्षित करने की एक प्रक्रिया है क्योंकि यह वन्यजीवों को अन्य अवांड़ियों से रक्षित करता है।,वन्यजीव राष्ट्रीय उपहार वन्यजीवों को अन्य अवांड़ियों से रक्षित करता है जो जैविक विविधता की संरक्षण के लिए अत्यंत महत्वपूर्ण है।,2026-09-14 15:24:58
SCI_HI_0297,Hindi,Science,"पारिस्थितिकी तंत्र, जैव विविधता एवं प्रदूषण",Easy,किस प्रकार का प्रदूषण जैविक विविधता को बढ़ावा दे सकता है?,सल्फर डायऑक्साइड,क्लोरीन गैस,वाटर फ्रेशिफाइर,ऑक्सीजन गैस,C,वाटर फ्रेशिफाइर,वाटर फ्रेशिफाइर जैविक विविधता को बढ़ावा दे सकता है क्योंकि यह जलाशय की प्रणाली को सुधारता है जो जैविक विविधता की प्रक्रियाओं में मदद करती है।,वाटर फ्रेशिफाइर जलाशय की प्रणाली को सुधारता है जो जैविक विविधता की प्रक्रियाओं में मदद करती है जिससे जैविक विविधता बढ़ा जाती है।,2026-09-14 15:24:58
SCI_HI_0298,Hindi,Science,"अंतरिक्ष विज्ञान, सौरमंडल एवं उपग्रह मिशन (इसरो)",Medium,निम्न में से किस उपग्रह मिशन ने भारतीय अंतरिक्ष अनुसंधान संस्थान (इसरो) द्वारा इसरो की अन्तरिक्ष शक्ति को प्राथमिक स्तर पर विकसित किया?,राजतन्द्रा,गौरव,विजयते,विजयवान,B,गौरव,गौरव मिशन ने इसरो की सबसे पहली असाउथराइजेड प्रक्रिया वाली अंतरिक्ष मिशन को सफलतापूर्वक प्रदर्शित किया।,गौरव ने भारत की अंतरिक्ष शक्ति का पहला असाउथराइजेड प्रक्रिया वाला उपग्रह लॉन्च किया और इसे इसरो की अन्तरिक्ष शक्ति के प्रगति का एक महत्वपूर्ण चिह्न माना जाता है।,2026-09-14 15:26:01
SCI_HI_0299,Hindi,Science,"अंतरिक्ष विज्ञान, सौरमंडल एवं उपग्रह मिशन (इसरो)",Medium,निम्न में से किस अंतरिक्ष यान ने पहली बार भारत के लिए भूमि पर पौष्टिक आँकड़ों को आकलन किया?,गौरव,विजयवान,नागर,राजतन्द्रा,C,नागर,नागर ने भारत के लिए पहली बार भूमि पर पौष्टिक आँकड़ों को आकलन किया और इसे भूमिगत वैज्ञानिक अनुसंधान का प्राथमिक स्रोत बनाया।,नागर ने भारत के सतही भूमि पर पौष्टिक आँकड़ों को निरीक्षण किया और इसके अभ्यास ने भारत की भूमि वैज्ञानिक शक्ति को विकसित किया।,2026-09-14 15:26:01
SCI_HI_0300,Hindi,Science,"अंतरिक्ष विज्ञान, सौरमंडल एवं उपग्रह मिशन (इसरो)",Medium,निम्न में से किस उपग्रह ने भारत की अंतरिक्ष शक्ति को अंतरिक्ष रेलेस्टिविटी विभाजन अनुसंधान के लिए विकसित किया?,नागर,विजयवान,राजतन्द्रा,गौरव,A,नागर,नागर ने भारत की अंतरिक्ष शक्ति को अंतरिक्ष रेलेस्टिविटी की अनुसंधान क्षमता को विकसित किया और इसे रेशम इंजीनियरिंग की शुरुआत में लाया।,नागर ने रेशम इंजीनियरिंग में अंतरिक्ष रेलेस्टिविटी अनुसंधान के लिए एक प्रगति के चिह्न बना और भारत की अंतरिक्ष शक्ति को यह क्षेत्र में शुरुआत की दिशा दी।,2026-09-14 15:26:01
SCI_HI_0301,Hindi,Science,"अंतरिक्ष विज्ञान, सौरमंडल एवं उपग्रह मिशन (इसरो)",Medium,निम्न में से किस उपग्रह ने भारत के जीवविज्ञान की शक्ति को अंतरिक्ष जीवविज्ञान में विकसित किया?,राजतन्द्रा,नागर,विजयवान,गौरव,B,नागर,नागर ने जीवविज्ञान में अंतरिक्ष अनुसंधान का भारतीय अनुभव बढ़ाया और इस उपग्रह के माध्यम से जीवविज्ञान की शक्ति को अंतरिक्ष में विकसित किया।,नागर ने जीवविज्ञान और अंतरिक्ष के मध्य एक जोड़ा बनाया और भारतीय जीवविज्ञान की शक्ति को अंतरिक्ष अनुसंधान में अपने लाभ लिए।,2026-09-14 15:26:01
SCI_HI_0302,Hindi,Science,"अंतरिक्ष विज्ञान, सौरमंडल एवं उपग्रह मिशन (इसरो)",Medium,निम्न में से किस उपग्रह ने भारत की रेशम इंजीनियरिंग की शक्ति को अंतरिक्ष रेशम इंजीनियरिंग में विकसित किया?,गौरव,नागर,विजयवान,राजतन्द्रा,B,नागर,नागर ने भारत की रेशम इंजीनियरिंग को अंतरिक्ष रेशम इंजीनियरिंग में विकसित किया और इसे इसरो की अंतरिक्ष शक्ति का एक प्रमुख हिस्सा बनाया।,नागर ने अंतरिक्ष रेशम इंजीनियरिंग में भारतीय शक्ति को विकसित किया और इसके द्वारा भारत की अंतरिक्ष शक्ति की एक जोड़ी बनाई।,2026-09-14 15:26:01
SCI_HI_0303,Hindi,Science,"अंतरिक्ष विज्ञान, सौरमंडल एवं उपग्रह मिशन (इसरो)",Medium,निम्न में से किस उपग्रह ने भारत की तांत्रिक शक्ति को अंतरिक्ष तांत्रिक शक्ति में विकसित किया?,राजतन्द्रा,गौरव,विजयवान,नागर,D,नागर,नागर ने भारत की तांत्रिक शक्ति को अंतरिक्ष में विकसित किया और इसे एक प्रमुख अंतरिक्ष उपकरण के रूप में विकसित किया।,नागर ने अंतरिक्ष तांत्रिक शक्ति को विकसित किया और इस उपग्रह के माध्यम से भारतीय तांत्रिक शक्ति को अंतरिक्ष अनुसंधान में लागू किया।,2026-09-14 15:26:01
SCI_HI_0304,Hindi,Science,"अंतरिक्ष विज्ञान, सौरमंडल एवं उपग्रह मिशन (इसरो)",Medium,निम्न में से किस उपग्रह ने भारतीय अंतरिक्ष अनुसंधान की शक्ति को अंतरिक्ष विज्ञान में विकसित किया?,गौरव,राजतन्द्रा,विजयवान,नागर,C,विजयवान,विजयवान ने भारतीय अंतरिक्ष अनुसंधान की शक्ति को अंतरिक्ष विज्ञान में विकसित किया और इसे एक प्रमुख अंतरिक्ष उपकरण के रूप में विकसित किया।,विजयवान ने अंतरिक्ष विज्ञान के अनेक क्षेत्रों में अमूल्य अनुसंधान का शुरुआत किया और इस उपग्रह के माध्यम से भारतीय अंतरिक्ष अनुसंधान की शक्ति को विकसित किया।,2026-09-14 15:26:01
SCI_HI_0305,Hindi,Science,"अंतरिक्ष विज्ञान, सौरमंडल एवं उपग्रह मिशन (इसरो)",Medium,निम्न में से किस उपग्रह ने भारत की भौतिकी शक्ति को अंतरिक्ष भौतिकी में विकसित किया?,राजतन्द्रा,नागर,विजयवान,गौरव,C,विजयवान,विजयवान ने भारत की भौतिकी शक्ति को अंतरिक्ष भौतिकी में विकसित किया और इसे एक प्रमुख अंतरिक्ष उपकरण के रूप में विकसित किया।,विजयवान ने अंतरिक्ष भौतिकी के अनेक क्षेत्रों में अमूल्य अनुसंधान का शुरुआत किया और इस उपग्रह के माध्यम से भारतीय भौतिकी शक्ति को अंतरिक्ष अनुसंधान में लागू किया।,2026-09-14 15:26:01
SCI_HI_0306,Hindi,Science,"अंतरिक्ष विज्ञान, सौरमंडल एवं उपग्रह मिशन (इसरो)",Medium,निम्न में से किस उपग्रह ने भारतीय ताज्ञाता शक्ति को अंतरिक्ष ताज्ञाता में विकसित किया?,नागर,गौरव,विजयवान,राजतन्द्रा,B,गौरव,गौरव ने भारतीय ताज्ञाता शक्ति को अंतरिक्ष ताज्ञाता में विकसित किया और इसे एक प्रमुख अंतरिक्ष उपकरण के रूप में विकसित किया।,गौरव ने अंतरिक्ष ताज्ञाता के क्षेत्रों में अमूल्य अनुसंधान का शुरुआत किया और इस उपग्रह के माध्यम से भारतीय ताज्ञाता शक्ति को अंतरिक्ष अनुसंधान में लागू किया।,2026-09-14 15:26:01
SCI_HI_0307,Hindi,Science,"अंतरिक्ष विज्ञान, सौरमंडल एवं उपग्रह मिशन (इसरो)",Medium,निम्न में से किस उपग्रह ने भारतीय रेशम इंजीनियरिंग की शक्ति को अंतरिक्ष रेशम इंजीनियरिंग में विकसित किया?,गौरव,विजयवान,नागर,राजतन्द्रा,C,नागर,नागर ने भारतीय रेशम इंजीनियरिंग की शक्ति को अंतरिक्ष रेशम इंजीनियरिंग में विकसित किया और इसे एक प्रमुख अंतरिक्ष उपकरण के रूप में विकसित किया।,नागर ने अंतरिक्ष रेशम इंजीनियरिंग के क्षेत्रों में अमूल्य अनुसंधान का शुरुआत किया और इस उपग्रह के माध्यम से भारतीय रेशम इंजीनियरिंग शक्ति को अंतरिक्ष अनुसंधान में लागू किया।,2026-09-14 15:26:01
SCI_HI_0308,Hindi,Science,"अंतरिक्ष विज्ञान, सौरमंडल एवं उपग्रह मिशन (इसरो)",Medium,निम्न में से किस उपग्रह ने भारतीय जीवविज्ञान की शक्ति को अंतरिक्ष जीवविज्ञान में विकसित किया?,विजयवान,राजतन्द्रा,नागर,गौरव,C,नागर,नागर ने भारतीय जीवविज्ञान की शक्ति को अंतरिक्ष जीवविज्ञान में विकसित किया और इसे एक प्रमुख अंतरिक्ष उपकरण के रूप में विकसित किया।,नागर ने अंतरिक्ष जीवविज्ञान के क्षेत्रों में अमूल्य अनुसंधान का शुरुआत किया और इस उपग्रह के माध्यम से भारतीय जीवविज्ञान शक्ति को अंतरिक्ष अनुसंधान में लागू किया।,2026-09-14 15:26:01
SCI_HI_0309,Hindi,Science,"यांत्रिकी, बल, कार्य, ऊर्जा एवं गति के नियम",Hard,"कार्य-ऊर्जा के नियम के अनुसार, यदि एक कण की गति दो गुनी हो जाती है, तो इसका कार्य-ऊर्जा कितनी बढ़ जाती है?",4 गुना,2 गुना,8 गुना,16 गुना,A,4 गुना,"कार्य-ऊर्जा के नियम के अनुसार, गति का वर्ग कार्य-ऊर्जा में प्रतिबिम्बित होता है।","गति का वर्ग नियमित रूप से वृद्धि करता है, जबकि कार्य-ऊर्जा गति के वर्ग से निर्धारित होती है। यहाँ गति दो गुनी हो गई है, इसलिए कार्य-ऊर्जा 4 गुना बढ़ जाएगी।",2026-09-14 15:26:51
SCI_HI_0310,Hindi,Science,"यांत्रिकी, बल, कार्य, ऊर्जा एवं गति के नियम",Hard,"यदि एक वस्तु दो गुना गति से गतिमान है, तो इसकी बल-कार्य कितनी बढ़ जाती है?",2 गुना,4 गुना,8 गुना,16 गुना,B,4 गुना,बल-कार्य का नियम बल और गति का उत्पाद है।,"बल-कार्य का नियम बल और गति का उत्पाद है, जहाँ गति का वर्ग बल-कार्य में प्रतिबिम्बित होता है। यहाँ गति दो गुनी हो गई है, इसलिए बल-कार्य 4 गुना बढ़ जाएगा।",2026-09-14 15:26:51
SCI_HI_0311,Hindi,Science,"यांत्रिकी, बल, कार्य, ऊर्जा एवं गति के नियम",Hard,"किस नियम के अनुसार, एक वस्तु की बल त्वरण भार की व्युत्क्रम गुणज है?",न्यूटन का दूसरा नियम,न्यूटन का तीसरा नियम,न्यूटन का पहला नियम,न्यूटन का दूसरा नियम का परिणाम,D,न्यूटन का दूसरा नियम का परिणाम,न्यूटन का दूसरा नियम के परिणाम से बल त्वरण भार की व्युत्क्रम गुणज होता है।,"न्यूटन का दूसरा नियम के परिणाम से बल त्वरण के बीच रिश्ता स्पष्ट होता है, जहाँ त्वरण बल के व्युत्क्रम गुणज भार के बराबर होता है।",2026-09-14 15:26:51
SCI_HI_0312,Hindi,Science,"यांत्रिकी, बल, कार्य, ऊर्जा एवं गति के नियम",Hard,"यदि एक वस्तु की गति 3 गुनी हो जाती है, तो इसका कार्य-ऊर्जा कितना बढ़ जाता है?",3 गुना,9 गुना,27 गुना,81 गुना,C,27 गुना,"कार्य-ऊर्जा के नियम के अनुसार, गति का घन कार्य-ऊर्जा में प्रतिबिम्बित होता है।","कार्य-ऊर्जा का नियम गति का घन से निर्धारित होता है। यहाँ गति तीन गुनी हो गई है, इसलिए कार्य-ऊर्जा 27 गुना बढ़ जाएगी।",2026-09-14 15:26:51
SCI_HI_0313,Hindi,Science,"यांत्रिकी, बल, कार्य, ऊर्जा एवं गति के नियम",Hard,"किस नियम के अनुसार, बल त्वरण भार की व्युत्क्रम गुणज है?",न्यूटन का दूसरा नियम,न्यूटन का तीसरा नियम,न्यूटन का पहला नियम,न्यूटन का दूसरा नियम का परिणाम,D,न्यूटन का दूसरा नियम का परिणाम,न्यूटन का दूसरा नियम के परिणाम से बल त्वरण भार की व्युत्क्रम गुणज होता है।,"न्यूटन का दूसरा नियम के परिणाम से बल त्वरण के बीच रिश्ता स्पष्ट होता है, जहाँ त्वरण बल के व्युत्क्रम गुणज भार के बराबर होता है।",2026-09-14 15:26:51
SCI_HI_0314,Hindi,Science,"यांत्रिकी, बल, कार्य, ऊर्जा एवं गति के नियम",Hard,"यदि एक वस्तु की गति दो गुनी हो जाती है, तो इसका कार्य-ऊर्जा कितना बढ़ जाता है?",2 गुना,4 गुना,8 गुना,16 गुना,C,8 गुना,"कार्य-ऊर्जा के नियम के अनुसार, गति का घन कार्य-ऊर्जा में प्रतिबिम्बित होता है।","कार्य-ऊर्जा का नियम गति का घन से निर्धारित होता है। यहाँ गति दो गुनी हो गई है, इसलिए कार्य-ऊर्जा 8 गुना बढ़ जाएगी।",2026-09-14 15:26:51
SCI_HI_0315,Hindi,Science,"यांत्रिकी, बल, कार्य, ऊर्जा एवं गति के नियम",Hard,"यदि एक वस्तु की गति दो गुनी हो जाती है, तो इसका बल-कार्य कितना बढ़ जाता है?",2 गुना,4 गुना,8 गुना,16 गुना,B,4 गुना,बल-कार्य का नियम बल और गति का उत्पाद है।,"बल-कार्य का नियम बल और गति का उत्पाद है, जहाँ गति का वर्ग बल-कार्य में प्रतिबिम्बित होता है। यहाँ गति दो गुनी हो गई है, इसलिए बल-कार्य 4 गुना बढ़ जाएगा।",2026-09-14 15:26:51
SCI_HI_0316,Hindi,Science,"ऊष्मा, तापमान एवं ऊष्मागतिकी के सिद्धांत",Easy,ऊष्मा तापमान के बीच क्या संबंध होता है?,ऊष्मा तापमान के अनुपात में होती है,ऊष्मा तापमान का वर्ग होता है,ऊष्मा तापमान से व्युत्क्रम गुणज होता है,ऊष्मा तापमान के अनुक्रम में होती है,D,ऊष्मा तापमान के अनुक्रम में होती है,"ऊष्मा तापमान के अनुक्रम में होती है, क्योंकि एक वस्तु और दुर्गतियों में ऊष्मा विसर्जन की दर तापमान के अनुक्रम में होती है।","तापमान की वृद्धि के साथ ऊष्मा विसर्जन की दर भी बढ़ती है, इसलिए ऊष्मा तापमान के अनुक्रम में होती है।",2026-09-14 15:27:36
SCI_HI_0317,Hindi,Science,"ऊष्मा, तापमान एवं ऊष्मागतिकी के सिद्धांत",Easy,किस पदार्थ का तापमान 1 डिग्री वैन्स्टाइन में बदलने पर 1 जॉल ऊष्मा विसर्जित होती है?,स्ल्यूरियम,सिलिका,ब्रोंज़ा,ब्लॉक्स्टन,A,स्ल्यूरियम,"स्ल्यूरियम का तापमान इस पदार्थ के लिए निर्धारित है, क्योंकि यह तापमान के एक निश्चित अनुपात में ऊष्मा का एक निश्चित मात्रा विसर्जित करता है।",स्ल्यूरियम एक विशेष पदार्थ है जिसका तापमान 1 डिग्री वैन्स्टाइन में बदलने पर 1 जॉल ऊष्मा विसर्जित होती है।,2026-09-14 15:27:36
SCI_HI_0318,Hindi,Science,"ऊष्मा, तापमान एवं ऊष्मागतिकी के सिद्धांत",Easy,किस पदार्थ का तापमान तेजी से बदलता है?,चावल,बर्फ,काली माखन,लहसुन,B,बर्फ,"बर्फ का तापमान तेजी से बदलता है, क्योंकि यह एक शीर्षक पदार्थ है जिसका तापमान बहुत तेजी से बदलता है।",बर्फ एक शीर्षक पदार्थ है जो तापमान की बदलावों को तेजी से प्रतिक्रिया करता है।,2026-09-14 15:27:36
SCI_HI_0319,Hindi,Science,"ऊष्मा, तापमान एवं ऊष्मागतिकी के सिद्धांत",Easy,किसकी तापमान निर्धारण के लिए चालचित्र उपयोग किये जाते हैं?,वायु,विद्युत,पानी,हवा,C,पानी,"पानी की तापमान निर्धारण के लिए चालचित्र उपयोग किये जाते हैं, क्योंकि यह एक जलपदार्थ है जिसका तापमान चालचित्र में दर्शाया जा सकता है।",पानी की तापमान को चालचित्र में दर्शाने के लिए उपयोगी है क्योंकि यह जलपदार्थ है जिसका तापमान चालचित्र में दर्शाया जा सकता है।,2026-09-14 15:27:36
SCI_HI_0320,Hindi,Science,"ऊष्मा, तापमान एवं ऊष्मागतिकी के सिद्धांत",Easy,किस पदार्थ का तापमान व्यावहारिक रूप से तेजी से मापा जाता है?,काला धातु,काला धातु,विद्युत,पानी,D,पानी,"पानी का तापमान व्यावहारिक रूप से तेजी से मापा जाता है, क्योंकि यह जलपदार्थ है जिसका तापमान तेजी से मापा जा सकता है।",पानी का तापमान तेजी से मापा जाता है क्योंकि यह जलपदार्थ है जिसका तापमान तेजी से मापा जा सकता है।,2026-09-14 15:27:36
SCI_HI_0321,Hindi,Science,"ऊष्मा, तापमान एवं ऊष्मागतिकी के सिद्धांत",Easy,किसका तापमान तेजी से बदलता है?,काला धातु,काला धातु,पानी,विद्युत,C,पानी,"पानी का तापमान तेजी से बदलता है, क्योंकि यह जलपदार्थ है जिसका तापमान तेजी से बदलता है।",पानी का तापमान तेजी से बदलता है क्योंकि यह जलपदार्थ है जिसका तापमान तेजी से बदलता है।,2026-09-14 15:27:36
SCI_HI_0322,Hindi,Science,"ऊष्मा, तापमान एवं ऊष्मागतिकी के सिद्धांत",Easy,तापमान मापन के लिए जो यंत्रपालिका का उपयोग किया जाता है?,तापमान अंडाकार,तापमान चालचित्र,तापमान वैन्स्टाइन,तापमान स्केल,C,तापमान वैन्स्टाइन,"तापमान वैन्स्टाइन का उपयोग तापमान मापन के लिए किया जाता है, क्योंकि यह एक यंत्रपालिका है जो तापमान निर्धारित करने में मदद करता है।",तापमान वैन्स्टाइन एक यंत्रपालिका है जिसका उपयोग तापमान मापन में किया जाता है।,2026-09-14 15:27:36
SCI_HI_0323,Hindi,Science,"प्रकाशिकी, परावर्तन, अपवर्तन एवं प्रकाश के गुण",Medium,प्रकाश पर अपवर्तन का वास्तविक फल किस प्रकार की प्रकाश वस्तुओं पर होता है?,काला रंग की वस्तुओं पर,पीला रंग की वस्तुओं पर,ब्लू रंग की वस्तुओं पर,व्यापक रंगों की वस्तुओं पर,D,व्यापक रंगों की वस्तुओं पर,अपवर्तन प्रकाश के विभिन्न रंगों को अलग अलग तरीके से परावर्तित करता है।,अपवर्तन का कार्य होता है कि विभिन्न रंगों की अनुपस्थिति में वस्तु रंग का रूप देता है।,2026-09-14 15:28:24
SCI_HI_0324,Hindi,Science,"प्रकाशिकी, परावर्तन, अपवर्तन एवं प्रकाश के गुण",Medium,परावर्तन के परिणाम के लिए प्रकाश की किस स्तर को आवश्यक बनाता है?,कम तनाव,कम चालकता,उच्च तनाव,उच्च चालकता,D,उच्च चालकता,परावर्तन होता है जब प्रकाश की चालकता से उच्च तनाव की पदार्थों को पार करता है।,परावर्तन होता है जब प्रकाश एक उच्च चालकता वाले पदार्थ से दूसरे पदार्थ तक पार जाता है।,2026-09-14 15:28:24
SCI_HI_0325,Hindi,Science,"प्रकाशिकी, परावर्तन, अपवर्तन एवं प्रकाश के गुण",Medium,प्रकाश रूपांतरण का कौन सा गुण एक प्रकाश वस्तु के रंग को बदलने में उपयोगी है?,प्रकाश अपवर्तन,प्रकाश परावर्तन,प्रकाश परावर्तन एवं परावर्तित प्रकाश के अनुपात,प्रकाश अपवर्तन एवं परावर्तन,D,प्रकाश अपवर्तन एवं परावर्तन,प्रकाश अपवर्तन और परावर्तन रूपांतरण का एक महत्वपूर्ण अवसर है।,प्रकाश अपवर्तन और परावर्तन रूपांतरण के द्वारा प्रकाश की रंग सम्पदा बदल सकती है।,2026-09-14 15:28:24
SCI_HI_0326,Hindi,Science,"प्रकाशिकी, परावर्तन, अपवर्तन एवं प्रकाश के गुण",Medium,प्रकाश विभवान्तरण किस प्रकार की बाह्य प्रक्रिया है?,भेदभावना,परावर्तन,बहिर्ज्योतित विभवान्तरण,प्रकाशिक विभवान्तरण,C,बहिर्ज्योतित विभवान्तरण,बहिर्ज्योतित विभवान्तरण एक विभवान्तरण है जिसमें प्रकाश बाह्य जगत से आता है।,बहिर्ज्योतित विभवान्तरण विभवान्तरण का एक प्रकार है जिसमें प्रकाश बाह्य जगत से आता है और वस्तु पर पड़ता है।,2026-09-14 15:28:24
SCI_HI_0327,Hindi,Science,"प्रकाशिकी, परावर्तन, अपवर्तन एवं प्रकाश के गुण",Medium,प्रकाश के द्वारा किस पदार्थ के तापमान का मापन किस प्रकार के यंत्रपालिका का उपयोग किया जाता है?,धातुओं के तापमान,काले रंग वाले वस्तुओं के तापमान,विद्युत रेडियेशन का तापमान,हिम की तापमान,C,विद्युत रेडियेशन का तापमान,विद्युत रेडियेशन तापमान को अनुकूल तरीके से मापता है।,विद्युत रेडियेशन तापमान को मापने के लिए एक उपयोगी तकनीक है जो अप्रभावित रहता है।,2026-09-14 15:28:24
SCI_HI_0328,Hindi,Science,"प्रकाशिकी, परावर्तन, अपवर्तन एवं प्रकाश के गुण",Medium,किस प्रकार की प्रकाश वस्तुओं का तापमान तेजी से बदलता है?,काला रंग की वस्तुओं,पीला रंग की वस्तुओं,विद्युत रेडियेशन की वस्तुओं,ब्लू रंग की वस्तुओं,C,विद्युत रेडियेशन की वस्तुओं,विद्युत रेडियेशन तापमान पर अधिक प्रभाव पड़ता है।,विद्युत रेडियेशन वस्तुओं का तापमान तेजी से बदलता है क्योंकि यह तापमान के प्रभाव का एक उच्च उत्क्रमण है।,2026-09-14 15:28:24
SCI_HI_0329,Hindi,Science,"प्रकाशिकी, परावर्तन, अपवर्तन एवं प्रकाश के गुण",Medium,परावर्तित प्रकाश के रंगों का अनुपात किस गुण से संबंधित है?,प्रकाश की तीव्रता,प्रकाश की रंगानुपात,प्रकाश की चालकता,प्रकाश की तनाव संपदा,B,प्रकाश की रंगानुपात,परावर्तित प्रकाश के रंगों का अनुपात प्रकाश की रंगानुपात के आधार पर होता है।,परावर्तित प्रकाश की रंगानुपात अनुसार प्रकाश की चालकता के अनुसार बदलता है।,2026-09-14 15:28:24
SCI_HI_0330,Hindi,Science,"प्रकाशिकी, परावर्तन, अपवर्तन एवं प्रकाश के गुण",Medium,प्रकाश के अपवर्तन का कारण क्या होता है?,प्रकाश की चालकता के अनुसार,प्रकाश की तीव्रता के अनुसार,प्रकाश की रंगानुपात के अनुसार,प्रकाश की तनाव संपदा के अनुसार,A,प्रकाश की चालकता के अनुसार,प्रकाश की चालकता अपवर्तन का मुख्य कारण है।,प्रकाश की चालकता का कार्य होता है कि वह एक पदार्थ से दूसरे पदार्थ की तनाव संपदा में अपवर्तित होता है।,2026-09-14 15:28:24
SCI_HI_0331,Hindi,Science,"प्रकाशिकी, परावर्तन, अपवर्तन एवं प्रकाश के गुण",Medium,प्रकाश की उपसर्ग रेखाओं के बीच की अंतर को किस गुण के रूप में समझा जाता है?,प्रकाश की तीव्रता,प्रकाश की चालकता,प्रकाश की रंगानुपात,प्रकाश की तनाव संपदा,C,प्रकाश की रंगानुपात,प्रकाश की रंगानुपात उपसर्ग रेखाओं के बीच की अंतर को दर्शाती है।,प्रकाश की रंगानुपात उपसर्ग रेखाओं के बीच की अंतर को दर्शाती है जो प्रकाश के रंग की विविधता का प्रतिनिधित्व करते हैं।,2026-09-14 15:28:24
SCI_HI_0332,Hindi,Science,"प्रकाशिकी, परावर्तन, अपवर्तन एवं प्रकाश के गुण",Medium,प्रकाश के अपवर्तन और परावर्तन के बीच क्या अंतर है?,प्रकाश की तीव्रता का अनुसार,प्रकाश की रंगानुपात का अनुसार,प्रकाश की चालकता का अनुसार,प्रकाश की तनाव संपदा का अनुसार,C,प्रकाश की चालकता का अनुसार,प्रकाश की चालकता अपवर्तन और परावर्तन के बीच का मुख्य अंतर है।,प्रकाश की चालकता का कार्य होता है कि वह एक पदार्थ से दूसरे पदार्थ में अपवर्तित होता है या परावर्तित होता है।,2026-09-14 15:28:24
SCI_HI_0333,Hindi,Science,"ध्वनि, तरंगें एवं कंपन",Hard,ध्वनि तरंगों का आंतरिक प्रतिरोध किस गुण का उपयोग करके गणना किया जाता है?,संप्रसारण गुणांक,प्रतिरोध,विद्युत चाल,ध्वनि तरंग गुणांक,A,संप्रसारण गुणांक,ध्वनि तरंगों का आंतरिक प्रतिरोध उनकी अवस्था के आधार पर भिन्न-भिन्न संप्रसारण गुणांक का उपयोग करके गणना की जाती है।,संप्रसारण गुणांक ध्वनि तरंगों की आंतरिक प्रतिरोध का एक माप है जो उनकी विस्थापन क्षमता को दर्शाता है।,2026-09-14 15:29:23
SCI_HI_0334,Hindi,Science,"ध्वनि, तरंगें एवं कंपन",Hard,किस दृष्टिकोण से ध्वनि तरंगों की तरंग दैर्ध्य का अध्ययन किया जाता है?,फ्रीक्वेंसी,वेग,विद्युत चाल,विभाजित तरंग दैर्ध्य,D,विभाजित तरंग दैर्ध्य,विभाजित तरंग दैर्ध्य ध्वनि तरंगों की तरंग दैर्ध्य का अध्ययन करने का एक महत्वपूर्ण दृष्टिकोण है।,"विभाजित तरंग दैर्ध्य, ध्वनि तरंगों की तरंग दैर्ध्य का माप करने के लिए एक विशिष्ट तरीका है जो उनकी आवृत्ति के अनुसार उपयोग किया जाता है।",2026-09-14 15:29:23
SCI_HI_0335,Hindi,Science,"ध्वनि, तरंगें एवं कंपन",Hard,किस गुण के अनुसार ध्वनि तरंगों का परावर्तन निर्धारित किया जाता है?,वेग,अपवर्तन गुणांक,विद्युत चाल,संप्रसारण गुणांक,B,अपवर्तन गुणांक,"अपवर्तन गुणांक, एक विशेष तरल या वाद्य वस्तु से ध्वनि तरंगों का परावर्तन निर्धारित करने का गुण है।",अपवर्तन गुणांक ध्वनि तरंगों का एक आंतरिक प्रतिरोध का माप है जो उनके परावर्तन को निर्धारित करता है।,2026-09-14 15:29:23
SCI_HI_0336,Hindi,Science,"ध्वनि, तरंगें एवं कंपन",Hard,किस तरह की तरंग ध्वनि तरंगों की बंद रिंग आवृत्ति के रूप में व्यक्त की जाती हैं?,विद्युत तरंग,स्वेच्छा तरंग,कोशिकात्मक तरंग,प्रकाश तरंग,B,स्वेच्छा तरंग,स्वेच्छा तरंग तरंग ध्वनि तरंगों की बंद रिंग आवृत्ति को व्यक्त करने का एक विशेष तरीका है।,"स्वेच्छा तरंग एक तरंग ध्वनि तरंग की बंद रिंग आवृत्ति को एक वैकल्पिक रूप से दर्शाती है, जो उसकी बंद रिंग आवृत्ति को दर्शाती है।",2026-09-14 15:29:23
SCI_HI_0337,Hindi,Science,"ध्वनि, तरंगें एवं कंपन",Hard,ध्वनि तरंगों की विस्थापन गुणांक का माप किस गुण के अनुसार किया जाता है?,वेग,अपवर्तन गुणांक,विद्युत चाल,संप्रसारण गुणांक,D,संप्रसारण गुणांक,ध्वनि तरंगों की विस्थापन गुणांक संप्रसारण गुणांक के अनुसार मापते हैं जो उनकी विस्थापन क्षमता को दर्शाता है।,संप्रसारण गुणांक ध्वनि तरंगों की विस्थापन क्षमता का माप है जो उनकी विस्थापन गुणांक को निर्धारित करता है।,2026-09-14 15:29:23
SCI_HI_0338,Hindi,Science,"ध्वनि, तरंगें एवं कंपन",Hard,ध्वनि तरंगों की आंतरिक प्रतिरोध का अध्ययन किस तर्क के अनुसार किया जाता है?,रेडियो तरंगों का आधार,विद्युत चाल विश्लेषण,ध्वनि तरंगों का अपवर्तन,ध्वनि तरंगों की विस्थापन गुणांक,C,ध्वनि तरंगों की अपवर्तन,ध्वनि तरंगों की आंतरिक प्रतिरोध का अध्ययन उनकी अपवर्तन गुणांक के अनुसार किया जाता है जो उनकी एक्सप्रेशन और परावर्तन को निर्धारित करता है।,"अपवर्तन गुणांक ध्वनि तरंगों की आंतरिक प्रतिरोध को निर्धारित करता है, जो उनकी अपवर्तन और परावर्तन को दर्शाता है।",2026-09-14 15:29:23
SCI_HI_0339,Hindi,Science,"ध्वनि, तरंगें एवं कंपन",Hard,किस गुण के अनुसार ध्वनि तरंगों की बाह्य प्रतिरोध का माप किया जाता है?,संप्रसारण गुणांक,विद्युत चाल,विद्युत चाल विश्लेषण,अपवर्तन गुणांक,A,संप्रसारण गुणांक,ध्वनि तरंगों की बाह्य प्रतिरोध का माप संप्रसारण गुणांक के अनुसार किया जाता है जो उनकी बाह्य प्रतिरोध को दर्शाता है।,संप्रसारण गुणांक ध्वनि तरंगों की बाह्य प्रतिरोध को निर्धारित करता है जो उनकी बाह्य प्रतिरोध को दर्शाता है।,2026-09-14 15:29:23
SCI_HI_0340,Hindi,Science,"ध्वनि, तरंगें एवं कंपन",Hard,ध्वनि तरंगों की बाह्य प्रतिरोध का अध्ययन किस तर्क के अनुसार किया जाता है?,विद्युत चाल विश्लेषण,ध्वनि तरंगों की अपवर्तन,संप्रसारण गुणांक,विद्युत चाल,C,संप्रसारण गुणांक,ध्वनि तरंगों की बाह्य प्रतिरोध का अध्ययन संप्रसारण गुणांक के अनुसार किया जाता है जो उनकी बाह्य प्रतिरोध को दर्शाता है।,संप्रसारण गुणांक ध्वनि तरंगों की बाह्य प्रतिरोध को निर्धारित करता है जो उनकी बाह्य प्रतिरोध को दर्शाता है।,2026-09-14 15:29:23
SCI_HI_0341,Hindi,Science,"ध्वनि, तरंगें एवं कंपन",Hard,ध्वनि तरंगों का बंद रिंग आवृत्ति किस गुण के अनुसार निर्धारित की जाती है?,विद्युत चाल विश्लेषण,विद्युत चाल,अपवर्तन गुणांक,संप्रसारण गुणांक,C,अपवर्तन गुणांक,ध्वनि तरंगों का बंद रिंग आवृत्ति अपवर्तन गुणांक के अनुसार निर्धारित की जाती है जो उनकी बंद रिंग आवृत्ति को दर्शाता है।,अपवर्तन गुणांक ध्वनि तरंगों का बंद रिंग आवृत्ति को निर्धारित करता है जो उनकी बंद रिंग आवृत्ति को दर्शाता है।,2026-09-14 15:29:23
SCI_HI_0342,Hindi,Science,"ध्वनि, तरंगें एवं कंपन",Hard,ध्वनि तरंगों की विस्थापन गुणांक का माप किस तर्क के अनुसार किया जाता है?,विद्युत चाल विश्लेषण,विद्युत चाल,संप्रसारण गुणांक,अपवर्तन गुणांक,C,संप्रसारण गुणांक,ध्वनि तरंगों की विस्थापन गुणांक संप्रसारण गुणांक के अनुसार मापते हैं जो उनकी विस्थापन गुणांक को दर्शाता है।,संप्रसारण गुणांक ध्वनि तरंगों की विस्थापन गुणांक को निर्धारित करता है जो उनकी विस्थापन गुणांक को दर्शाता है।,2026-09-14 15:29:23
SCI_HI_0343,Hindi,Science,"ध्वनि, तरंगें एवं कंपन",Hard,ध्वनि तरंगों की अपवर्तन गुणांक का माप किस तर्क के अनुसार किया जाता है?,विद्युत चाल विश्लेषण,विद्युत चाल,संप्रसारण गुणांक,अपवर्तन गुणांक,D,अपवर्तन गुणांक,ध्वनि तरंगों की अपवर्तन गुणांक अपवर्तन गुणांक के अनुसार मापते हैं जो उनकी अपवर्तन गुणांक को दर्शाता है।,अपवर्तन गुणांक ध्वनि तरंगों की अपवर्तन गुणांक को निर्धारित करता है जो उनकी अपवर्तन गुणांक को दर्शाता है।,2026-09-14 15:29:23
SCI_HI_0344,Hindi,Science,"विद्युत धारा, विभव, प्रतिरोध एवं चुंबकत्व",Medium,विद्युत धारा का इकाई किस पर निर्भर करता है?,अर्थात्मक विद्युत आवेश,विद्युत विभव,विद्युत प्रवाह,विद्युत प्रतिरोध,A,अर्थात्मक विद्युत आवेश,विद्युत धारा का इकाई अर्थात्मक विद्युत आवेश पर निर्भर करता है।,विद्युत धारा विद्युत आवेश के परिवर्तन की दर है।,2026-09-14 15:30:04
SCI_HI_0345,Hindi,Science,"विद्युत धारा, विभव, प्रतिरोध एवं चुंबकत्व",Medium,विद्युत विभव की इकाई किस पर निर्भर करती है?,विद्युत धारा,विद्युत प्रतिरोध,विद्युत विभव,विद्युत विकिरण,B,विद्युत प्रतिरोध,विद्युत विभव की इकाई विद्युत प्रतिरोध पर निर्भर करती है।,विद्युत विभव विद्युत धारा के विभवावलंबित विभव को दर्शाता है।,2026-09-14 15:30:04
SCI_HI_0346,Hindi,Science,"विद्युत धारा, विभव, प्रतिरोध एवं चुंबकत्व",Medium,विद्युत प्रतिरोध का मान जब विद्युत धारा के बिना होता है तो इसका मान क्या होता है?,1 अोम,0 अोम,10 अोम,100 अोम,B,0 अोम,विद्युत प्रतिरोध का मान जब विद्युत धारा के बिना होता है तो इसका मान 0 अोम होता है।,विद्युत प्रतिरोध का मान विद्युत धारा के बिना 0 होता है।,2026-09-14 15:30:04
SCI_HI_0347,Hindi,Science,"विद्युत धारा, विभव, प्रतिरोध एवं चुंबकत्व",Medium,किस परिस्थिति में विद्युत प्रतिरोध का मान न्यूटन का दूसरा नियम द्वारा निर्धारित किया जाता है?,विद्युत धारा के बिना,विद्युत धारा के अस्तित्व में,धारा और विभव दोनों के बिना,विद्युत धारा और विभव दोनों के अस्तित्व में,D,विद्युत धारा और विभव दोनों के अस्तित्व में,विद्युत प्रतिरोध का मान विद्युत धारा और विभव दोनों के अस्तित्व में न्यूटन का दूसरा नियम द्वारा निर्धारित किया जाता है।,विद्युत प्रतिरोध विद्युत धारा और विभव के अस्तित्व में निर्धारित किया जाता है।,2026-09-14 15:30:04
SCI_HI_0348,Hindi,Science,"विद्युत धारा, विभव, प्रतिरोध एवं चुंबकत्व",Medium,चुंबकत्व किस के अनुसार विभव पर निर्भर करता है?,विद्युत धारा,चुंबकीय विभव,विद्युत विभव,चुंबकीय धारा,B,चुंबकीय विभव,चुंबकत्व चुंबकीय विभव पर निर्भर करता है।,चुंबकत्व चुंबकीय विभव का विभवावलंबित विभव है।,2026-09-14 15:30:04
SCI_HI_0349,Hindi,Science,"विद्युत धारा, विभव, प्रतिरोध एवं चुंबकत्व",Medium,किस परिस्थिति में विद्युत धारा का अनुपात विभव के अनुपात से बराबर होता है?,विद्युत विभव बराबर होने वाले,विद्युत धारा बराबर होने वाले,विद्युत प्रतिरोध शून्य होने वाले,चुंबकीय विभव शून्य होने वाले,C,विद्युत प्रतिरोध शून्य होने वाले,विद्युत प्रतिरोध शून्य होने वाले परिस्थिति में विद्युत धारा का अनुपात विभव के अनुपात से बराबर होता है।,विद्युत प्रतिरोध शून्य होने पर विद्युत धारा और विभव के बीच संबंध अस्तित्व में नहीं होता।,2026-09-14 15:30:04
SCI_HI_0350,Hindi,Science,"विद्युत धारा, विभव, प्रतिरोध एवं चुंबकत्व",Medium,विद्युत विभव का मान किस पर निर्भर करता है?,विद्युत धारा,विद्युत प्रतिरोध,विद्युत आवेश,चुंबकीय विभव,C,विद्युत आवेश,विद्युत विभव का मान विद्युत आवेश पर निर्भर करता है।,विद्युत विभव विद्युत आवेश के विभवावलंबित विभव है।,2026-09-14 15:30:04
SCI_HI_0351,Hindi,Science,"विद्युत धारा, विभव, प्रतिरोध एवं चुंबकत्व",Medium,विद्युत धारा किस से संबंधित है?,विद्युत विभव,विद्युत प्रतिरोध,विद्युत आवेश,चुंबकीय धारा,A,विद्युत विभव,विद्युत धारा विद्युत विभव से संबंधित है।,विद्युत धारा विद्युत विभव के परिवर्तन का विभवावलंबित विभव है।,2026-09-14 15:30:04
SCI_HI_0352,Hindi,Science,"विद्युत धारा, विभव, प्रतिरोध एवं चुंबकत्व",Medium,विद्युत प्रतिरोध का मान किस पर निर्भर करता है?,विद्युत धारा,विद्युत विभव,विद्युत आवेश,विद्युत प्रतिरोध स्वयं,D,विद्युत प्रतिरोध स्वयं,विद्युत प्रतिरोध का मान विद्युत प्रतिरोध स्वयं पर निर्भर करता है।,विद्युत प्रतिरोध विद्युत धारा और विभव के निरपेक्ष मान पर निर्भर करता है।,2026-09-14 15:30:04
SCI_HI_0353,Hindi,Science,"विद्युत धारा, विभव, प्रतिरोध एवं चुंबकत्व",Medium,चुंबकत्व किस से संबंधित है?,विद्युत धारा,चुंबकीय धारा,विद्युत विभव,विद्युत प्रतिरोध,B,चुंबकीय धारा,चुंबकत्व चुंबकीय धारा से संबंधित है।,चुंबकत्व चुंबकीय धारा के विभवावलंबित विभव है।,2026-09-14 15:30:04
SCI_HI_0354,Hindi,Science,"आधुनिक भौतिकी, परमाणु संरचना एवं नाभिकीय ऊर्जा",Medium,नाभिकीय ऊर्जा का उत्पादन किस प्रकार के परमाणु बम से होता है?,ब्रायडेनस्टाइन परमाणु बम,ट्रूमैन परमाणु बम,ट्रिसैट्रेटेड परमाणु बम,त्रिप्लीक्स परमाणु बम,C,ट्रिसैट्रेटेड परमाणु बम,ट्रिसैट्रेटेड परमाणु बम में नाभिकीय ऊर्जा का उत्पादन होता है क्योंकि इसमें नाभिकों की संरचना पर प्रभाव पड़ता है।,नाभिकीय ऊर्जा का उत्पादन ट्रिसैट्रेटेड परमाणु बम में होता है जहाँ नाभिकों की संरचना बदलकर उत्पादन होता है।,2026-09-14 15:30:55
SCI_HI_0355,Hindi,Science,"आधुनिक भौतिकी, परमाणु संरचना एवं नाभिकीय ऊर्जा",Medium,बारियम-14 का बारीकीय परमाणु विभाजन किस प्रकार की ऊर्जा द्वारा किया जाता है?,किचनरा की लिपिद नाभिकीय ऊर्जा,पॉलीट्रॉनिक ऊर्जा,कार्बनाइज्ड नाभिकीय ऊर्जा,परमाणु बम की लिपिद नाभिकीय ऊर्जा,A,किचनरा की लिपिद नाभिकीय ऊर्जा,किचनरा की लिपिद नाभिकीय ऊर्जा नाभिकों को विभाजित करने में मदद करती है।,किचनरा की लिपिद नाभिकीय ऊर्जा बारियम-14 को बारीकीय विभाजन करने में मदद करती है।,2026-09-14 15:30:55
SCI_HI_0356,Hindi,Science,"आधुनिक भौतिकी, परमाणु संरचना एवं नाभिकीय ऊर्जा",Medium,नाभिकीय ऊर्जा का उत्पादन किस से संबंधित है?,परमाणु संरचना की परिवर्तनों से,क्रोमोसोम की परिवर्तनों से,आयरन की परिवर्तनों से,जैविक संरचना की परिवर्तनों से,A,परमाणु संरचना की परिवर्तनों से,नाभिकीय ऊर्जा का उत्पादन नाभिकों की संरचना पर प्रभाव पड़ता है।,नाभिकीय ऊर्जा का उत्पादन नाभिकों की संरचना की परिवर्तनों के द्वारा होता है।,2026-09-14 15:30:55
SCI_HI_0357,Hindi,Science,"आधुनिक भौतिकी, परमाणु संरचना एवं नाभिकीय ऊर्जा",Medium,सुरक्षित नाभिकीय ऊर्जा का उत्पादन किस प्रकार की परमाणु विभाजन से होता है?,ब्रायडेनस्टाइन परमाणु विभाजन,ट्रिसैट्रेटेड परमाणु विभाजन,हार्टलेन परमाणु विभाजन,कार्बनाइज्ड परमाणु विभाजन,B,ट्रिसैट्रेटेड परमाणु विभाजन,ट्रिसैट्रेटेड परमाणु विभाजन सुरक्षित नाभिकीय ऊर्जा का उत्पादन होता है।,ट्रिसैट्रेटेड परमाणु विभाजन सुरक्षित नाभिकीय ऊर्जा का उत्पादन करता है जो अपरिवर्तित संरचना से उत्पन्न होता है।,2026-09-14 15:30:55
SCI_HI_0358,Hindi,Science,"आधुनिक भौतिकी, परमाणु संरचना एवं नाभिकीय ऊर्जा",Medium,नाभिकीय ऊर्जा का उत्पादन द्वारा किस तरह की ऊर्जा उत्पन्न होती है?,किशोर ऊर्जा,हाइड्रोजन ऊर्जा,नाभिकीय ऊर्जा,क्रोमोसोम ऊर्जा,C,नाभिकीय ऊर्जा,नाभिकीय ऊर्जा नाभिकों की संरचना के परिवर्तनों से उत्पन्न होती है।,नाभिकीय ऊर्जा नाभिकों की संरचना के परिवर्तनों से उत्पन्न होती है जो नाभिकीय विभाजन के दौरान होती है।,2026-09-14 15:30:55
SCI_HI_0359,Hindi,Science,"आधुनिक भौतिकी, परमाणु संरचना एवं नाभिकीय ऊर्जा",Medium,नाभिकीय ऊर्जा का उत्पादन किस प्रकार की परमाणु विभाजन से होता है?,ब्रायडेनस्टाइन परमाणु विभाजन,ट्रिसैट्रेटेड परमाणु विभाजन,हार्टलेन परमाणु विभाजन,कार्बनाइज्ड परमाणु विभाजन,B,ट्रिसैट्रेटेड परमाणु विभाजन,ट्रिसैट्रेटेड परमाणु विभाजन नाभिकीय ऊर्जा का उत्पादन होता है।,ट्रिसैट्रेटेड परमाणु विभाजन नाभिकीय ऊर्जा का उत्पादन करता है जो नाभिकीय विभाजन के दौरान होती है।,2026-09-14 15:30:55
SCI_HI_0360,Hindi,Science,"तत्व, यौगिक, मिश्रण एवं रासायनिक आबंधन",Hard,हाइड्रोजन गैस की परमाणु विभाजन से निकलने वाले दो यौगिक रूपों में किसका उपयोग ऊर्जा उत्पादन के लिए किया जाता है?,हाइड्रोजन ओक्साइड,हाइड्रोजन डीऑक्साइड,हाइड्रोजन डीऑक्साइड,हाइड्रोजन ओक्साइड और डीऑक्साइड,D,हाइड्रोजन ओक्साइड और डीऑक्साइड,हाइड्रोजन ओक्साइड और डीऑक्साइड दोनों यौगिक रूपों में ऊर्जा उत्पादन के लिए इस्तेमाल किए जाते हैं।,हाइड्रोजन ओक्साइड और डीऑक्साइड दोनों यौगिक रूप हैं जिनमें अपनी ऊर्जा विकसित होती है जब वे अलग-अलग रहते हैं। इनमें से किसी एक को अन्य में परिवर्तित करके ऊर्जा उत्पादन किया जा सकता है।,2026-09-14 15:32:36
SCI_HI_0361,Hindi,Science,"तत्व, यौगिक, मिश्रण एवं रासायनिक आबंधन",Hard,"मिश्रण एवं रासायनिक आबंधन में, यदि एक यौगिक का परमाणु अनुपात उनके रासायनिक सूत्र के अनुसार नहीं है तो वह मिश्रण कहलाता है या नहीं?","हाँ, मिश्रण","नहीं, रासायनिक आबंधन","नहीं, मिश्रण","हाँ, रासायनिक आबंधन",A,"हाँ, मिश्रण",मिश्रण की विशेषता यह है कि यौगिक का परमाणु अनुपात उनके रासायनिक सूत्र के अनुसार नहीं हो सकता।,मिश्रण में यौगिकों के परमाणु अनुपात उनके रासायनिक सूत्र के अनुसार नहीं हो सकते हैं क्योंकि उन्हें किसी भी अनुपात में मिलाया जा सकता है। यह विशेषता मिश्रण की विशेषता है और रासायनिक आबंधन में यह नहीं होता है।,2026-09-14 15:32:36
SCI_HI_0362,Hindi,Science,"तत्व, यौगिक, मिश्रण एवं रासायनिक आबंधन",Hard,किस यौगिक में भारी परमाणु के नाभिकीय आबंधन से ऊर्जा उत्पादन होता है?,कैल्शियम,थॉर,फ्लोरिन,हाइड्रोजन,B,थॉर,थॉर परमाणु विभाजन द्वारा ऊर्जा उत्पादन होता है।,थॉर परमाणु विभाजन का उदाहरण है जिससे ऊर्जा उत्पादन होता है। यह एक भारी परमाणु है जिसके नाभिकीय आबंधन से ऊर्जा उत्पादन किया जाता है।,2026-09-14 15:32:36
SCI_HI_0363,Hindi,Science,"तत्व, यौगिक, मिश्रण एवं रासायनिक आबंधन",Hard,रासायनिक आबंधन में यौगिक निर्माण की ऊर्जा किस से उत्पन्न होती है?,बारीकीय परमाणु विभाजन,किंवद्र विद्युत विभाजन,किंवद्र गतिविक संक्रमण,किंवद्र गतिविक उत्पादन,C,किंवद्र गतिविक संक्रमण,किंवद्र गतिविक संक्रमण रासायनिक आबंधन में यौगिक निर्माण की ऊर्जा का स्रोत है।,किंवद्र गतिविक संक्रमण रासायनिक आबंधन में यौगिक निर्माण की ऊर्जा का एक स्रोत है जो विभिन्न यौगिकों के बीच रासायनिक परिवर्तन के दौरान उत्पन्न होती है।,2026-09-14 15:32:36
SCI_HI_0364,Hindi,Science,"तत्व, यौगिक, मिश्रण एवं रासायनिक आबंधन",Hard,किस तत्व का लाम्बी अवधि विकिरण से निकला यौगिक ऊर्जा उत्पादन के लिए इस्तेमाल किया जाता है?,थॉर,कैल्शियम,फ्लोरिन,थॉरियम,D,थॉरियम,थॉरियम का लाम्बी अवधि विकिरण ऊर्जा उत्पादन के लिए इस्तेमाल किया जाता है।,थॉरियम एक लाम्बी अवधि विकिरण वाला तत्व है जिसका यौगिक ऊर्जा उत्पादन के लिए इस्तेमाल किया जाता है। यह एक अच्छा ऊर्जा स्रोत है क्योंकि उसका अवकाश अवधि लंबा है।,2026-09-14 15:32:36
SCI_HI_0365,Hindi,Science,"तत्व, यौगिक, मिश्रण एवं रासायनिक आबंधन",Hard,किस यौगिक निर्माण युक्त प्रक्रिया नहीं है?,सिलिकॉन निर्माण,कार्बन निर्माण,क्रोमियम निर्माण,थॉरियम निर्माण,D,थॉरियम निर्माण,थॉरियम निर्माण एक तत्व निर्माण युक्त प्रक्रिया नहीं है।,थॉरियम एक तत्व है जिसे निर्माण के लिए नहीं किया जा सकता है। यह तत्व विभाजन या रासायनिक आबंधन के द्वारा उत्पन्न होता है लेकिन नहीं निर्माण।,2026-09-14 15:32:36
SCI_HI_0366,Hindi,Science,"तत्व, यौगिक, मिश्रण एवं रासायनिक आबंधन",Hard,किस यौगिक में अमोनियम का आबंधन होता है?,कैल्शियम डाइऑक्साइड,मिटाल एन्थाइलाइड,कैल्शियम फाॅस्फेट,नाइट्रिक एसिड,B,मिटाल एन्थाइलाइड,मिटाल एन्थाइलाइड में अमोनियम का आबंधन होता है।,मिटाल एन्थाइलाइड एक रासायनिक आबंधन युक्त यौगिक है जिसमें अमोनियम निर्माण होता है। यह एक गतिविक संक्रमण है जो अमोनियम के रूप में यौगिक निर्माण करता है।,2026-09-14 15:32:36
SCI_HI_0367,Hindi,Science,"तत्व, यौगिक, मिश्रण एवं रासायनिक आबंधन",Hard,किस यौगिक में ब्रोमिन का आबंधन होता है?,ब्रोमिड क्लोराइड,ब्रोमिड एथेनाइल,ब्रोमिड फॉफेट,ब्रोमिड क्रोमिट,B,ब्रोमिड एथेनाइल,ब्रोमिड एथेनाइल में ब्रोमिन का आबंधन होता है।,ब्रोमिड एथेनाइल एक रासायनिक आबंधन युक्त यौगिक है जिसमें ब्रोमिन निर्माण होता है। यह एक गतिविक संक्रमण है जो ब्रोमिन के रूप में यौगिक निर्माण करता है।,2026-09-14 15:32:36
SCI_HI_0368,Hindi,Science,"तत्व, यौगिक, मिश्रण एवं रासायनिक आबंधन",Hard,किस तत्व का विकिरण का आर्द्र होता है?,थॉर,थॉरियम,कैल्शियम,फ्लोरिन,B,थॉरियम,थॉरियम का विकिरण आर्द्र होता है।,थॉरियम एक तत्व है जिसका विकिरण आर्द्र होता है। यह एक लाम्बी अवधि विकिरण तत्व है जिससे ऊर्जा उत्पादन होता है।,2026-09-14 15:32:36
SCI_HI_0369,Hindi,Science,"तत्व, यौगिक, मिश्रण एवं रासायनिक आबंधन",Hard,किस तत्व का विकिरण लंबी अवधि का होता है?,थॉर,थॉरियम,कैल्शियम,फ्लोरिन,A,थॉर,थॉर का विकिरण लंबी अवधि का होता है।,थॉर एक तत्व है जिसका विकिरण लंबी अवधि का होता है। यह एक लाम्बी अवधि विकिरण तत्व है जिससे ऊर्जा उत्पादन होता है।,2026-09-14 15:32:36
SCI_HI_0370,Hindi,Science,"आवर्त सारणी, प्रमुख धातुएं एवं अधातुएं",Easy,किस धातु का परमाणु संख्या 19 है?,कैल्शियम,कैल्कियम,क्रोमियम,क्रोम,A,कैल्शियम,कैल्शियम की परमाणु संख्या 19 होती है।,कैल्शियम की परमाणु संख्या आवर्त सारणी में लैंबर्ट-मार्टिन नियम के अनुसार दूसरी वर्षा अवरोध श्रेणी में है जिसकी परमाणु संख्या 19 वाली धातु है।,2026-09-14 15:33:14
SCI_HI_0371,Hindi,Science,"आवर्त सारणी, प्रमुख धातुएं एवं अधातुएं",Easy,किस धातु का सामान्य रूप से रासायनिक विकिरण का आर्द्र होता है?,बरियम,थॉर,थैलियम,थॉरियम,B,थॉर,थॉर धातु का सामान्य रूप से रासायनिक विकिरण का आर्द्र होता है।,थॉर धातु एक रासायनिक विकिरण दिखाने वाली धातु है जिसके कई उत्पाद हैं जो आर्द्रता वाली रासायनिक विकिरण का आर्द्र होते हैं।,2026-09-14 15:33:14
SCI_HI_0372,Hindi,Science,"आवर्त सारणी, प्रमुख धातुएं एवं अधातुएं",Easy,किस धातु का अंकन 1+ होता है?,हाइड्रोजन,नाइट्रिट,नाइट्रिट ऑक्सिड,क्रोम,A,हाइड्रोजन,हाइड्रोजन का अंकन 1+ होता है।,"हाइड्रोजन का अंकन आवर्त सारणी में विशेष होता है, इसका अंकन आमतौर पर 1+ होता है।",2026-09-14 15:33:14
SCI_HI_0373,Hindi,Science,"आवर्त सारणी, प्रमुख धातुएं एवं अधातुएं",Easy,किस धातु का उच्च क्षमता वाला उत्पादन नहीं होता?,ब्लासिट,बरियम,थॉर,थैलियम,D,थैलियम,थैलियम धातु का उच्च क्षमता वाला उत्पादन नहीं होता।,"थैलियम एक उच्च क्षमता वाला उत्पादन नहीं दिखाता है, इसका रासायनिक विकिरण बाहरी अक्षरों के द्वारा होता है।",2026-09-14 15:33:14
SCI_HI_0374,Hindi,Science,"आवर्त सारणी, प्रमुख धातुएं एवं अधातुएं",Easy,किस धातु का इलेक्ट्रोन बाउंडरी 3 होता है?,फोर्ट्रेम,थॉरियम,थॉर,ब्रोमिन,A,फोर्ट्रेम,फोर्ट्रेम का इलेक्ट्रोन बाउंडरी 3 होता है।,"फोर्ट्रेम का इलेक्ट्रोन बाउंडरी 3 होता है, यह एक धातु है जिसका इलेक्ट्रोन बाउंडरी 3 होता है जो इसकी आवर्त सारणी के स्थान से जाना जा सकता है।",2026-09-14 15:33:14
SCI_HI_0375,Hindi,Science,"आवर्त सारणी, प्रमुख धातुएं एवं अधातुएं",Easy,किस धातु का परमाणु द्रव्यमान 118 है?,नाइट्रिट,ब्रोमिन,बरियम,रिडमेट्रिक इलेमेन्ट,D,रिडमेट्रिक इलेमेन्ट,रिडमेट्रिक इलेमेन्ट का परमाणु द्रव्यमान 118 है।,रिडमेट्रिक इलेमेन्ट एक सिंथेटिक धातु है जिसका परमाणु द्रव्यमान 118 है और यह आवर्त सारणी में जाना जाता है।,2026-09-14 15:33:14
SCI_HI_0376,Hindi,Science,"आवर्त सारणी, प्रमुख धातुएं एवं अधातुएं",Easy,किस धातु का रासायनिक विकिरण का आर्द्र होता है?,थॉर,थैलियम,थॉरियम,बरियम,A,थॉर,थॉर धातु का रासायनिक विकिरण का आर्द्र होता है।,थॉर धातु एक रासायनिक विकिरण दिखाने वाली धातु है जिसके कई उत्पाद हैं जो आर्द्रता वाली रासायनिक विकिरण का आर्द्र होते हैं।,2026-09-14 15:33:14
SCI_HI_0377,Hindi,Science,"आवर्त सारणी, प्रमुख धातुएं एवं अधातुएं",Easy,किस धातु का इलेक्ट्रोन बाउंडरी 1 होता है?,नाइट्रिट,हाइड्रोजन,नाइट्रिट ऑक्सिड,थॉर,B,हाइड्रोजन,हाइड्रोजन का इलेक्ट्रोन बाउंडरी 1 होता है।,"हाइड्रोजन का इलेक्ट्रोन बाउंडरी 1 होता है, यह धातु इलेक्ट्रोन बाउंडरी की दर्शनीयता से जाना जाता है।",2026-09-14 15:33:14
SCI_HI_0378,Hindi,Science,"अम्ल, क्षार, लवण एवं दैनिक जीवन में रसायन",Medium,कौन-सा लवण चट्टान की तुलना में तापक्रम के परिवर्तन पर अधिक जटिल होता है?,चट्टान,सूजनी जल,कैंकुर,क्षारीय लवण,D,क्षारीय लवण,क्षारीय लवण तापक्रम पर अधिक प्रतिक्रियाओं का संयोजन दर्शाता है।,क्षारीय लवण तापक्रम पर अधिक प्रतिक्रियाओं का संयोजन दर्शाता है जो उनकी तुलना से जटिलता दिखाता है।,2026-09-14 15:33:59
SCI_HI_0379,Hindi,Science,"अम्ल, क्षार, लवण एवं दैनिक जीवन में रसायन",Medium,कौन-सा अम्ल अम्लीयता का मापन में उच्च मान दिखाता है?,चैन्डी,चट्टान,चट्टानी जल,हॉलीवूड,C,चट्टानी जल,चट्टानी जल अम्लीयता का उच्च मान दर्शाता है।,चट्टानी जल अम्लीयता का उच्च मान दर्शाता है जो उसकी प्रकृति को जानने में मदद करता है।,2026-09-14 15:33:59
SCI_HI_0380,Hindi,Science,"अम्ल, क्षार, लवण एवं दैनिक जीवन में रसायन",Medium,किस अम्ल का उपयोग कैंकुर का विश्लेषण में किया जाता है?,हाइड्रोक्लोरिक अम्ल,क्षारीय अम्ल,सूजनी जल,क्षारीय जल,A,हाइड्रोक्लोरिक अम्ल,हाइड्रोक्लोरिक अम्ल कैंकुर का विश्लेषण में एक महत्वपूर्ण अवस्थाविज्ञान अम्ल है।,हाइड्रोक्लोरिक अम्ल कैंकुर का विश्लेषण में एक महत्वपूर्ण अवस्थाविज्ञान अम्ल है जो उसकी विश्लेषण में आवश्यकता होती है।,2026-09-14 15:33:59
SCI_HI_0381,Hindi,Science,"अम्ल, क्षार, लवण एवं दैनिक जीवन में रसायन",Medium,कौन-सा लवण पानी को लवण करता है?,क्षारीय जल,चट्टानी जल,क्षारीय लवण,अम्लीय लवण,D,अम्लीय लवण,अम्लीय लवण पानी को लवण करता है और अम्लीयता बढ़ाता है।,अम्लीय लवण पानी को लवण करता है और अम्लीयता बढ़ाता है जो उसकी प्रकृति को उचित रूप से दर्शाता है।,2026-09-14 15:33:59
SCI_HI_0382,Hindi,Science,"अम्ल, क्षार, लवण एवं दैनिक जीवन में रसायन",Medium,कौन-सा रसायन दैनिक जीवन में जलवायु की नियंत्रण में उपयोग किया जाता है?,क्षारीय जल,कैंकुर,क्षारीय लवण,हाइड्रोक्लोरिक अम्ल,A,क्षारीय जल,क्षारीय जल जलवायु की नियंत्रण में उपयोग किया जाता है।,क्षारीय जल जलवायु की नियंत्रण में उपयोग किया जाता है जिससे वायु में हवा के प्रतिफलन की स्थिति बदल सकती है।,2026-09-14 15:33:59
SCI_HI_0383,Hindi,Science,"अम्ल, क्षार, लवण एवं दैनिक जीवन में रसायन",Medium,कौन-सा लवण दैनिक जीवन में रक्त के रक्त गुणांक का मापन में उपयोग किया जाता है?,कैंकुर,क्षारीय जल,सूजनी जल,क्षारीय लवण,B,क्षारीय जल,क्षारीय जल रक्त के रक्त गुणांक का मापन में उपयोग किया जाता है।,क्षारीय जल रक्त के रक्त गुणांक का मापन में उपयोग किया जाता है जो रक्त की अवस्था को दर्शाता है।,2026-09-14 15:33:59
SCI_HI_0384,Hindi,Science,"अम्ल, क्षार, लवण एवं दैनिक जीवन में रसायन",Medium,कौन-सा अम्ल विश्वासघात और ताकत का उचित विश्लेषण करने में उपयोग किया जाता है?,क्षारीय अम्ल,हाइड्रोक्लोरिक अम्ल,सूजनी जल,क्षारीय जल,B,हाइड्रोक्लोरिक अम्ल,हाइड्रोक्लोरिक अम्ल विश्वासघात और ताकत का उचित विश्लेषण करने में उपयोग किया जाता है।,हाइड्रोक्लोरिक अम्ल विश्वासघात और ताकत का उचित विश्लेषण करने में उपयोग किया जाता है जो उसकी क्षमता को दर्शाता है।,2026-09-14 15:33:59
SCI_HI_0385,Hindi,Science,"अम्ल, क्षार, लवण एवं दैनिक जीवन में रसायन",Medium,कौन-सा अम्ल दैनिक जीवन में अम्लीयता की नियंत्रण में उपयोग किया जाता है?,क्षारीय जल,हाइड्रोक्लोरिक अम्ल,क्षारीय लवण,कैंकुर,B,हाइड्रोक्लोरिक अम्ल,हाइड्रोक्लोरिक अम्ल दैनिक जीवन में अम्लीयता की नियंत्रण में उपयोग किया जाता है।,हाइड्रोक्लोरिक अम्ल दैनिक जीवन में अम्लीयता की नियंत्रण में उपयोग किया जाता है जो उसकी अम्लीयता को नियंत्रित करता है।,2026-09-14 15:33:59
SCI_HI_0386,Hindi,Science,"अम्ल, क्षार, लवण एवं दैनिक जीवन में रसायन",Medium,कौन-सा लवण दैनिक जीवन में आहार के रसायनों का विश्लेषण में उपयोग किया जाता है?,क्षारीय जल,क्षारीय लवण,हाइड्रोक्लोरिक अम्ल,कैंकुर,B,क्षारीय लवण,क्षारीय लवण दैनिक जीवन में आहार के रसायनों का विश्लेषण में उपयोग किया जाता है।,क्षारीय लवण दैनिक जीवन में आहार के रसायनों का विश्लेषण में उपयोग किया जाता है जो उनकी अवस्था को दर्शाता है।,2026-09-14 15:33:59
SCI_HI_0387,Hindi,Science,"अम्ल, क्षार, लवण एवं दैनिक जीवन में रसायन",Medium,कौन-सा अम्ल दैनिक जीवन में पोषण का उचित विश्लेषण में उपयोग किया जाता है?,क्षारीय जल,हाइड्रोक्लोरिक अम्ल,क्षारीय लवण,कैंकुर,C,क्षारीय लवण,क्षारीय लवण दैनिक जीवन में पोषण का उचित विश्लेषण में उपयोग किया जाता है।,क्षारीय लवण दैनिक जीवन में पोषण का उचित विश्लेषण में उपयोग किया जाता है जो पोषण की अवस्था को दर्शाता है।,2026-09-14 15:33:59
SCI_HI_0388,Hindi,Science,"कार्बन एवं उसके यौगिक, हाइड्रोकार्बन",Hard,कार्बन डाइऑक्साइड के लिए निम्नलिखित कौन-सा रासायनिक समीकरण वास्तविक है?,2CO + O2 → 2CO2,CO + O2 → CO2,2CO + O2 → 2CO2 + 2H2O,CO + 2O2 → CO2 + H2O,A,2CO + O2 → 2CO2,यह समीकरण कार्बन डाइऑक्साइड के निर्माण की प्रक्रिया को दर्शाता है।,रासायनिक समीकरण 2CO + O2 → 2CO2 वास्तविक है क्योंकि यह निर्धारित रासायनिक समीकरण को पाया गया है जिसमें दो कार्बन डाइऑक्साइड और एक ऑक्सीजन गैस के लिए दो कार्बन और दो ऑक्सीजन को अवशोषित करता है।,2026-09-14 15:34:49
SCI_HI_0389,Hindi,Science,"कार्बन एवं उसके यौगिक, हाइड्रोकार्बन",Hard,कार्बन डाइऑक्साइड को कौन-सा यौगिक द्वारा रिकाइल किया जा सकता है?,मेथेन,एथेन,बीटेन,पारफ्यूरेन,D,पारफ्यूरेन,पारफ्यूरेन कार्बन डाइऑक्साइड को रिकाइल करके एक उपयोगी यौगिक बनाने में मदद करता है।,पारफ्यूरेन एक उपयोगी यौगिक है जो कार्बन डाइऑक्साइड को रिकाइल करके एक उपयोगी यौगिक बनाने में मदद करता है।,2026-09-14 15:34:49
SCI_HI_0390,Hindi,Science,"कार्बन एवं उसके यौगिक, हाइड्रोकार्बन",Hard,किस रासायनिक यौगिक में कार्बन और ऑक्सीजन के बीच दो सीमित अनुपात होता है?,मीथेन,एथेन,कार्बोनिक अम्ल,बीटेन,C,कार्बोनिक अम्ल,कार्बोनिक अम्ल कार्बन और ऑक्सीजन के बीच दो सीमित अनुपात होता है।,कार्बोनिक अम्ल कार्बन और ऑक्सीजन के बीच दो सीमित अनुपात होता है क्योंकि इसमें केवल कार्बन और ऑक्सीजन ही शामिल हैं।,2026-09-14 15:34:49
SCI_HI_0391,Hindi,Science,"कार्बन एवं उसके यौगिक, हाइड्रोकार्बन",Hard,किस यौगिक में रासायनिक संशोधन के दौरान बिन्दु वाल्श अम्ल का उपयोग होता है?,प्लास्टिक,हाइड्रोकार्बन,कार्बोनिक अम्ल,कार्बोनिल,C,कार्बोनिक अम्ल,कार्बोनिक अम्ल की प्रकृति यह सुनिश्चित करने में मदद करती है कि उन्हें चाहिए कितना बिन्दु वाल्श अम्ल दिया जाए।,कार्बोनिक अम्ल बिन्दु वाल्श अम्ल का उपयोग करके रासायनिक संशोधन करने में मदद करता है।,2026-09-14 15:34:49
SCI_HI_0392,Hindi,Science,"कार्बन एवं उसके यौगिक, हाइड्रोकार्बन",Hard,कार्बन डाइऑक्साइड के निर्माण के लिए किस यौगिक का उपयोग किया जाता है?,मीथेन,एथेन,बीटेन,सिलिकाइन,A,मीथेन,मीथेन कार्बन डाइऑक्साइड के निर्माण के लिए एक प्रमुख यौगिक है।,मीथेन कार्बन डाइऑक्साइड के निर्माण के लिए एक प्रमुख यौगिक है क्योंकि यह एक अक्सीकृत यौगिक है जिसमें कार्बन और ऑक्सीजन का रिकाइल होता है।,2026-09-14 15:34:49
SCI_HI_0393,Hindi,Science,"कार्बन एवं उसके यौगिक, हाइड्रोकार्बन",Hard,कार्बोन डाइऑक्साइड की अपशिष्टित करने के लिए किस अभिक्रिया का उपयोग किया जाता है?,कार्बनिक अम्ल का अभिक्रिया,कार्बनिल अभिक्रिया,हाइड्रोजन अभिक्रिया,कार्बोनिक अम्ल का अभिक्रिया,C,हाइड्रोजन अभिक्रिया,हाइड्रोजन अभिक्रिया कार्बोनिक अम्ल की अपशिष्टितित करने में मदद करती है।,हाइड्रोजन अभिक्रिया कार्बोनिक अम्ल की अपशिष्टितित करने में मदद करती है क्योंकि यह निर्माण से अपशिष्टित करने में मदद करती है।,2026-09-14 15:34:49
SCI_HI_0394,Hindi,Science,"कार्बन एवं उसके यौगिक, हाइड्रोकार्बन",Hard,कार्बन डाइऑक्साइड का पार्सिटिव अभिक्रिया किस यौगिक को निर्माण करती है?,मीथेन,बीटेन,एथेन,कार्बोनिल,D,कार्बोनिल,कार्बोनिल यौगिक कार्बन डाइऑक्साइड का पार्सिटिव अभिक्रिया द्वारा निर्मित होता है।,कार्बोनिल यौगिक कार्बन डाइऑक्साइड का पार्सिटिव अभिक्रिया द्वारा निर्मित होता है क्योंकि यह एक अक्सीकृत यौगिक है जिसमें कार्बन और ऑक्सीजन का रिकाइल होता है।,2026-09-14 15:34:49
SCI_HI_0395,Hindi,Science,"कार्बन एवं उसके यौगिक, हाइड्रोकार्बन",Hard,कार्बन डाइऑक्साइड का रिकाइल एथेन को निर्माण करने में किस अभिक्रिया का उपयोग किया जाता है?,कार्बोनिल अभिक्रिया,हाइड्रोजन अभिक्रिया,कार्बनिक अम्ल अभिक्रिया,कार्बनिल अभिक्रिया,B,हाइड्रोजन अभिक्रिया,हाइड्रोजन अभिक्रिया एथेन को निर्माण करने के लिए कार्बन डाइऑक्साइड का रिकाइल करती है।,हाइड्रोजन अभिक्रिया कार्बन डाइऑक्साइड का रिकाइल करके एथेन को निर्माण करती है।,2026-09-14 15:34:49
SCI_HI_0396,Hindi,Science,"कार्बन एवं उसके यौगिक, हाइड्रोकार्बन",Hard,किस यौगिक की अपशिष्टितित अभिक्रिया का उपयोग करके कार्बन डाइऑक्साइड का निर्माण किया जा सकता है?,मीथेन,बीटेन,कार्बोनिल,हाइड्रोकार्बन,A,मीथेन,मीथेन की अपशिष्टितित अभिक्रिया कार्बन डाइऑक्साइड का निर्माण करती है।,मीथेन की अपशिष्टितित अभिक्रिया कार्बन डाइऑक्साइड का निर्माण करती है क्योंकि यह एक अक्सीकृत यौगिक है जिसमें कार्बन और ऑक्सीजन का रिकाइल होता है।,2026-09-14 15:34:49
SCI_HI_0397,Hindi,Science,"कार्बन एवं उसके यौगिक, हाइड्रोकार्बन",Hard,कार्बोनिल यौगिक का निर्माण किस यौगिक के रिकाइल का उपयोग करके किया जा सकता है?,हाइड्रोकार्बन,कार्बोनिल,कार्बनिक अम्ल,बीटेन,A,हाइड्रोकार्बन,हाइड्रोकार्बन के रिकाइल का उपयोग करके कार्बोनिल यौगिक निर्मित किया जा सकता है।,हाइड्रोकार्बन के रिकाइल का उपयोग करके कार्बोनिल यौगिक निर्मित किया जा सकता है क्योंकि यह एक अक्सीकृत यौगिक है जिसमें कार्बन और ऑक्सीजन का रिकाइल होता है।,2026-09-14 15:34:49
SCI_HI_0398,Hindi,Science,"कोशिका संरचना, कोशिका विभाजन एवं आनुवंशिकी",Easy,कोशिका विभाजन किस चरण के अंत से शुरू होता है?,कोशिका संरचना,डायजोनिक फाइबर बनावट,कोशिका प्लेस्मोमिट्रिस का विभाजन,कोशिका गोटियों का बहारी आना,C,कोशिका प्लेस्मोमिट्रिस का विभाजन,कोशिका प्लेस्मोमिट्रिस का विभाजन अभ्यास के पूरे चरण के अंत से शुरू होता है।,कोशिका प्लेस्मोमिट्रिस नए कोशिकाओं को विभाजित करने में मदद करता है और यह विभाजन के अंत से शुरू होता है।,2026-09-14 15:35:41
SCI_HI_0399,Hindi,Science,"कोशिका संरचना, कोशिका विभाजन एवं आनुवंशिकी",Easy,किस प्रकार की कोशिका संरचना निर्माण यौगिकों का निर्माण करती है?,रिट्रोवीरस,हेमोपोएटिक कोशिका,स्टामनाल कोशिका,एन्जिनियर की यौगिक,A,रिट्रोवीरस,रिट्रोवीरस निर्माण यौगिकों का निर्माण करते हैं जो हेमोपोएटिक कोशिकाओं में प्रतिरक्षा उत्पादन में मदद करते हैं।,रिट्रोवीरस निर्माण यौगिकों का निर्माण करते हैं जो हेमोपोएटिक कोशिकाओं में प्रतिरक्षा उत्पादन में मदद करते हैं।,2026-09-14 15:35:41
SCI_HI_0400,Hindi,Science,"कोशिका संरचना, कोशिका विभाजन एवं आनुवंशिकी",Easy,कोशिका विभाजन की दो शैलियों में से कौन सी एक लगभग समान वजन की नई कोशिकाएँ निर्मान करती हैं?,संयुक्त विभाजन,स्पॉरल विभाजन,पूरक विभाजन,अपचार विभाजन,C,पूरक विभाजन,पूरक विभाजन दो नई कोशिकाओं को लगभग समान वजन में बनाता है।,पूरक विभाजन दो नई कोशिकाओं को लगभग समान वजन में बनाता है जो कोशिका गोटियों को विभाजित करके निर्मित होती हैं।,2026-09-14 15:35:41
SCI_HI_0401,Hindi,Science,"कोशिका संरचना, कोशिका विभाजन एवं आनुवंशिकी",Easy,किस प्रकार की कोशिका विभाजन नए कोशिकाओं को विभाजित करने में सहायक रहती है?,हेमोपोएटिक कोशिका विभाजन,डायजोनिक फाइबर विभाजन,कोशिका गोटियों द्वारा विभाजन,रिट्रोवीरस विभाजन,C,कोशिका गोटियों द्वारा विभाजन,कोशिका गोटियों द्वारा विभाजन नए कोशिकाओं को विभाजित करने में सहायक रहता है।,कोशिका गोटियों द्वारा विभाजन नए कोशिकाओं को विभाजित करने में सहायक रहता है जो नए कोशिकाओं को प्लेस्मोमिट्रिस और अन्य संरचनाओं से भरे रखती हैं।,2026-09-14 15:35:41
SCI_HI_0402,Hindi,Science,"कोशिका संरचना, कोशिका विभाजन एवं आनुवंशिकी",Easy,कोशिका संरचना में किस अंग की विशेष जानकारी देता है?,रिट्रोवीरस,कोशिका गोटियाँ,कोशिका विभाजन,कोशिका अनुवंशिकी,B,कोशिका गोटियाँ,कोशिका गोटियाँ कोशिका की संरचना को विशेष जानकारी देती है।,कोशिका गोटियाँ कोशिका की संरचना और संरचनाओं को संरक्षित करती हैं जो कोशिका को विभाजित करने में मदद करती हैं।,2026-09-14 15:35:41
SCI_HI_0403,Hindi,Science,"कोशिका संरचना, कोशिका विभाजन एवं आनुवंशिकी",Easy,किसका विभाजन नए कोशिकाओं के लिए अपशिष्ट की आवश्यकता को रोकता है?,कोशिका प्लेस्मोमिट्रिस,कोशिका गोटियाँ,कोशिका विभाजन,कोशिका अनुवंशिकी,A,कोशिका प्लेस्मोमिट्रिस,कोशिका प्लेस्मोमिट्रिस कोशिका की अपशिष्टित की आवश्यकता को रोकता है।,कोशिका प्लेस्मोमिट्रिस कोशिका की अपशिष्टित या पेस्ट्रियोलिस अभ्यास को रोकता है जो नए कोशिकाओं के लिए अपशिष्ट आवश्यकता को रोकता है।,2026-09-14 15:35:41
SCI_HI_0404,Hindi,Science,"कोशिका संरचना, कोशिका विभाजन एवं आनुवंशिकी",Easy,किस चरण में नए कोशिकाओं को अपशिष्टित किया जाता है?,कोशिका विभाजन,कोशिका प्लेस्मोमिट्रिस का विभाजन,कोशिका अनुवंशिकी,कोशिका विकास,B,कोशिका प्लेस्मोमिट्रिस का विभाजन,कोशिका प्लेस्मोमिट्रिस का विभाजन नए कोशिकाओं को अपशिष्टित करता है।,कोशिका प्लेस्मोमिट्रिस का विभाजन नए कोशिकाओं को अपशिष्टित करता है जो उनकी संरचना और चालन में मदद करता है।,2026-09-14 15:35:41
SCI_HI_0405,Hindi,Science,"कोशिका संरचना, कोशिका विभाजन एवं आनुवंशिकी",Easy,किस प्रकार की कोशिका विभाजन नए कोशिकाओं के लिए निर्माण यौगिक निर्माता कोशिकाओं की आवश्यकता को रोकती है?,कोशिका विभाजन,कोशिका अनुवंशिकी,कोशिका गोटियाँ,कोशिका विकास,B,कोशिका अनुवंशिकी,कोशिका अनुवंशिकी नए कोशिकाओं के लिए निर्माण यौगिक निर्माता कोशिकाओं की आवश्यकता को रोकती है।,कोशिका अनुवंशिकी नए कोशिकाओं के लिए निर्माण यौगिक निर्माता कोशिकाओं की आवश्यकता को रोकती है जो नए कोशिकाओं के लिए निर्माण यौगिक उत्पादन करती हैं।,2026-09-14 15:35:41
SCI_HI_0406,Hindi,Science,"कोशिका संरचना, कोशिका विभाजन एवं आनुवंशिकी",Easy,किस प्रकार की कोशिका विभाजन नए कोशिकाओं को प्रतिबिम्बित करने में सहायक रहती है?,कोशिका विभाजन,कोशिका अनुवंशिकी,कोशिका गोटियाँ,कोशिका विकास,B,कोशिका अनुवंशिकी,कोशिका अनुवंशिकी नए कोशिकाओं को प्रतिबिम्बित करने में सहायक रहती है।,कोशिका अनुवंशिकी नए कोशिकाओं को प्रतिबिम्बित करने में सहायक रहती है जो नए कोशिकाओं में अपने द्वारा रखे हुए अनुवंशिक परिवार की जानकारी को देती है।,2026-09-14 15:35:41
SCI_HI_0407,Hindi,Science,"कोशिका संरचना, कोशिका विभाजन एवं आनुवंशिकी",Easy,किस प्रकार की कोशिका विभाजन नए कोशिकाओं को अपशिष्टित करने में सहायक रहती है?,कोशिका विभाजन,कोशिका अनुवंशिकी,कोशिका गोटियाँ,कोशिका विकास,C,कोशिका गोटियाँ,कोशिका गोटियाँ नए कोशिकाओं को अपशिष्टित करने में सहायक रहती हैं।,कोशिका गोटियाँ नए कोशिकाओं को अपशिष्टित करने में सहायक रहती हैं जो उनकी चालन और संरचना को संरक्षित करती हैं।,2026-09-14 15:35:41
SCI_HI_0408,Hindi,Science,"मानव शरीर तंत्र (पाचन, श्वसन, रक्त परिसंचरण, तंत्रिका तंत्र)",Medium,पाचन तंत्र में रक्त किस प्रकार की फेफड़ों से ले लिया जाता है?,अंतःपेटी फेफड़े,अन्तःपेटी फेफड़े,अंतःपेटी फेफड़े,अंतःपेटी फेफड़े,D,अंतःपेटी फेफड़े,अंतःपेटी फेफड़े को न्यूक्लियस जैसे अंतःपेटी तनाव क्षेत्रों से रक्त की विशुद्धता बढ़ाते हैं।,अंतःपेटी फेफड़ों में रक्त की विशुद्धता बढ़ाने के लिए न्यूक्लियस जैसी अंतःपेटी तनाव क्षेत्रों का उपयोग किया जाता है।,2026-09-14 15:36:27
SCI_HI_0409,Hindi,Science,"मानव शरीर तंत्र (पाचन, श्वसन, रक्त परिसंचरण, तंत्रिका तंत्र)",Medium,श्वसन तंत्र में रक्त किस प्रकार की फेफड़ों से ले लिया जाता है?,कैलिफोर्नियन फेफड़े,कैलिफोर्नियन फेफड़े,कैलिफोर्नियन फेफड़े,कैलिफोर्नियन फेफड़े,C,कैलिफोर्नियन फेफड़े,कैलिफोर्नियन फेफड़े रक्त को वायु की और वायु को रक्त की तरफ से अवशोषित करते हैं।,कैलिफोर्नियन फेफड़ों में वायु में ऑक्सीजन को रक्त में और रक्त में कार्बन डाइऑक्साइड को वायु में अवशोषित किया जाता है।,2026-09-14 15:36:27
SCI_HI_0410,Hindi,Science,"मानव शरीर तंत्र (पाचन, श्वसन, रक्त परिसंचरण, तंत्रिका तंत्र)",Medium,रक्त परिसंचरण में रक्त किस प्रकार की केन्द्रित श्लेष्मा का उपयोग करता है?,हीमोग्लोबिन,हीमोग्लोबिन,हीमोग्लोबिन,हीमोग्लोबिन,B,हीमोग्लोबिन,हीमोग्लोबिन रक्त में ऑक्सीजन का संदर्भित करके वायु में ऑक्सीजन को ले लेता है।,हीमोग्लोबिन एक अंगूर प्रतिरक्षा कोशिका है जो ऑक्सीजन को रक्त में संदर्भित करके वायु में ले लेता है।,2026-09-14 15:36:27
SCI_HI_0411,Hindi,Science,"मानव शरीर तंत्र (पाचन, श्वसन, रक्त परिसंचरण, तंत्रिका तंत्र)",Medium,तंत्रिका तंत्र के द्वारा रक्त में ऑक्सीजन का संदर्भित किसका कार्य है?,हीमोग्लोबिन,हीमोग्लोबिन,हीमोग्लोबिन,हीमोग्लोबिन,D,हीमोग्लोबिन,हीमोग्लोबिन रक्त में ऑक्सीजन का संदर्भित करके वायु में ऑक्सीजन को ले लेता है।,हीमोग्लोबिन एक अंगूर प्रतिरक्षा कोशिका है जो ऑक्सीजन को रक्त में संदर्भित करके वायु में ले लेता है।,2026-09-14 15:36:27
SCI_HI_0412,Hindi,Science,"मानव शरीर तंत्र (पाचन, श्वसन, रक्त परिसंचरण, तंत्रिका तंत्र)",Medium,पाचन तंत्र में रक्त किस प्रकार की अंगूर कोशिकाओं से ले लिया जाता है?,रक्त अंगूर कोशिकाएँ,रक्त अंगूर कोशिकाएँ,रक्त अंगूर कोशिकाएँ,रक्त अंगूर कोशिकाएँ,A,रक्त अंगूर कोशिकाएँ,रक्त अंगूर कोशिकाएँ रक्त को अपशिष्टित करने में मदद करती हैं।,रक्त अंगूर कोशिकाएँ रक्त को अपशिष्टित करने में मदद करती हैं जो पाचन प्रक्रिया में उत्पन्न होता है।,2026-09-14 15:36:27
SCI_HI_0413,Hindi,Science,"मानव शरीर तंत्र (पाचन, श्वसन, रक्त परिसंचरण, तंत्रिका तंत्र)",Medium,रक्त परिसंचरण में रक्त किस प्रकार की कोशिकाओं के माध्यम से वायु में ऑक्सीजन को ले लिया जाता है?,हीमोग्लोबिन रक्त कोशिकाएँ,हीमोग्लोबिन रक्त कोशिकाएँ,हीमोग्लोबिन रक्त कोशिकाएँ,हीमोग्लोबिन रक्त कोशिकाएँ,D,हीमोग्लोबिन रक्त कोशिकाएँ,हीमोग्लोबिन रक्त कोशिकाएँ वायु में ऑक्सीजन को रक्त में ले लेती हैं।,हीमोग्लोबिन रक्त कोशिकाएँ वायु में ऑक्सीजन को रक्त में ले लेती हैं और इस तरह रक्त को ऑक्सीजन से भरी रक्त कोशिकाएँ बनाती हैं।,2026-09-14 15:36:27
SCI_HI_0414,Hindi,Science,"मानव शरीर तंत्र (पाचन, श्वसन, रक्त परिसंचरण, तंत्रिका तंत्र)",Medium,तंत्रिका तंत्र में रक्त किस प्रकार की कोशिकाओं के माध्यम से ले लिया जाता है?,रक्त अंगूर कोशिकाएँ,रक्त अंगूर कोशिकाएँ,रक्त अंगूर कोशिकाएँ,रक्त अंगूर कोशिकाएँ,A,रक्त अंगूर कोशिकाएँ,रक्त अंगूर कोशिकाएँ रक्त को अपशिष्टित करने में मदद करती हैं।,रक्त अंगूर कोशिकाएँ रक्त में अपशिष्ट या अनुपस्थित पदार्थ को फ़ेफड़ों की ओर ले लेती हैं जिससे रक्त की शुद्धता बढ़ती है।,2026-09-14 15:36:27
SCI_HI_0415,Hindi,Science,"मानव शरीर तंत्र (पाचन, श्वसन, रक्त परिसंचरण, तंत्रिका तंत्र)",Medium,पाचन तंत्र में रक्त किस प्रकार की कोशिकाओं के माध्यम से ले लिया जाता है?,रक्त अंगूर कोशिकाएँ,रक्त अंगूर कोशिकाएँ,रक्त अंगूर कोशिकाएँ,रक्त अंगूर कोशिकाएँ,D,रक्त अंगूर कोशिकाएँ,रक्त अंगूर कोशिकाएँ रक्त को अपशिष्टित करने में मदद करती हैं।,रक्त अंगूर कोशिकाएँ रक्त में अपशिष्ट या अनुपस्थित पदार्थ को फ़ेफड़ों की ओर ले लेती हैं जिससे रक्त की शुद्धता बढ़ती है।,2026-09-14 15:36:27
SCI_HI_0416,Hindi,Science,"मानव स्वास्थ्य, पोषण, विटामिन एवं प्रमुख रोग",Hard,विटामिन डी किस प्रकार की रोगों का नियंत्रण कर सकता है?,"बीमारी, ब्रेकस्टोन रोग","कुकल रोग, विटामिन संक्रमण","बीमारी, चादर रोग","बीमारी, ब्रुटलियस रोग",A,"बीमारी, ब्रेकस्टोन रोग",विटामिन डी ब्रेकस्टोन रोग वाले लोगों में बीमारी का नियंत्रण कर सकता है।,विटामिन डी ब्रेकस्टोन रोग के लिए एक महत्वपूर्ण पारासर्मिक पदार्थ है जो लोगों में स्क्लेरोसिस रोग की घातकता को नियंत्रित कर सकता है।,2026-09-14 15:37:26
SCI_HI_0417,Hindi,Science,"मानव स्वास्थ्य, पोषण, विटामिन एवं प्रमुख रोग",Hard,पोषण की किस प्रक्रिया तकनीक सबसे दिवालिया रोगों को नियंत्रित कर सकती है?,आयुर्वेदिक रोग नियंत्रण,नायरिका रोग नियंत्रण,विटामिन डी रोग नियंत्रण,आर्थिक रोग नियंत्रण,C,विटामिन डी रोग नियंत्रण,विटामिन डी बीमारियों जैसे ब्रेकस्टोन रोग और बीमारी नियंत्रित कर सकता है।,विटामिन डी एक महत्वपूर्ण पोषण पदार्थ है जो ब्रेकस्टोन रोग जैसी बीमारियों को नियंत्रित कर सकता है।,2026-09-14 15:37:26
SCI_HI_0418,Hindi,Science,"मानव स्वास्थ्य, पोषण, विटामिन एवं प्रमुख रोग",Hard,विटामिन किस प्रकार के रोगों का प्रतिरोध कराता है?,"बीमारी, टॉक्सिक रोग","बीमारी, ब्रेकस्टोन रोग","बीमारी, ब्रुटलियस रोग","बीमारी, ब्रेकस्टोन रोग और टॉक्सिक रोग",D,"बीमारी, ब्रेकस्टोन रोग और टॉक्सिक रोग",विटामिन एक प्रतिरोधी पदार्थ है जो बीमारियों और टॉक्सिक रोगों को नियंत्रित कर सकता है।,विटामिन एक बहुत महत्वपूर्ण पोषण गुणात्मक पदार्थ है जो बीमारियों और टॉक्सिक रोगों के लिए प्रतिरोध कराता है।,2026-09-14 15:37:26
SCI_HI_0419,Hindi,Science,"मानव स्वास्थ्य, पोषण, विटामिन एवं प्रमुख रोग",Hard,प्राकृतिक रोगों का नियंत्रण किस प्रकार के रोगों को नियंत्रित कर सकता है?,"बीमारी, ब्रेकस्टोन रोग","बीमारी, गॉल्डर रोग","बीमारी, ब्रुटलियस रोग","बीमारी, ब्रेकस्टोन रोग और गॉल्डर रोग",D,"बीमारी, ब्रेकस्टोन रोग और गॉल्डर रोग",प्राकृतिक रोगों का नियंत्रण बीमारियों और गॉल्डर रोगों को नियंत्रित कर सकता है।,"प्राकृतिक रोगों का नियंत्रण विभिन्न बीमारियों और रोगों को नियंत्रित कर सकता है, जिनमें ब्रेकस्टोन रोग और गॉल्डर रोग शामिल हैं।",2026-09-14 15:37:26
SCI_HI_0420,Hindi,Science,"मानव स्वास्थ्य, पोषण, विटामिन एवं प्रमुख रोग",Hard,विटामिन किस प्रकार की रोगों को नियंत्रित कर सकता है?,"बीमारी, ब्रेकस्टोन रोग","बीमारी, गॉल्डर रोग","बीमारी, ब्रेकस्टोन रोग और गॉल्डर रोग","बीमारी, गॉल्डर रोग और टॉक्सिक रोग",C,"बीमारी, ब्रेकस्टोन रोग और गॉल्डर रोग",विटामिन एक प्रतिरोधी पदार्थ है जो बीमारियों जैसे ब्रेकस्टोन रोग और गॉल्डर रोग को नियंत्रित कर सकता है।,विटामिन एक महत्वपूर्ण पोषण गुणात्मक पदार्थ है जो बीमारियों जैसे ब्रेकस्टोन रोग और गॉल्डर रोग को नियंत्रित कर सकता है।,2026-09-14 15:37:26
SCI_HI_0421,Hindi,Science,"मानव स्वास्थ्य, पोषण, विटामिन एवं प्रमुख रोग",Hard,कौन सा विटामिन रक्त को अच्छी तरह से लगाने में मदद करता है?,विटामिन A,विटामिन B12,विटामिन C,विटामिन D,B,विटामिन B12,विटामिन B12 रक्त को अच्छी तरह से लगाने में मदद करता है।,विटामिन B12 रक्त को निरापद रूप से लगाने में मदद करता है और रक्त की स्थिति को सुधारता है।,2026-09-14 15:37:26
SCI_HI_0422,Hindi,Science,"मानव स्वास्थ्य, पोषण, विटामिन एवं प्रमुख रोग",Hard,पोषण रोगों को नियंत्रित करने के लिए किस प्रकार की रोगों का नियंत्रण आवश्यक है?,"बीमारी, ब्रेकस्टोन रोग","बीमारी, गॉल्डर रोग","बीमारी, ब्रेकस्टोन रोग और गॉल्डर रोग","बीमारी, ब्रेकस्टोन रोग और गॉल्डर रोग और टॉक्सिक रोग",D,"बीमारी, ब्रेकस्टोन रोग और गॉल्डर रोग और टॉक्सिक रोग","पोषण रोगों को नियंत्रित करने के लिए बीमारियों और रोगों जैसे ब्रेकस्टोन रोग, गॉल्डर रोग और टॉक्सिक रोग का नियंत्रण आवश्यक है।","पोषण रोगों को नियंत्रित करने के लिए बीमारियों और रोगों का नियंत्रण आवश्यक है, जिनमें ब्रेकस्टोन रोग, गॉल्डर रोग और टॉक्सिक रोग शामिल हैं।",2026-09-14 15:37:26
SCI_HI_0423,Hindi,Science,"मानव स्वास्थ्य, पोषण, विटामिन एवं प्रमुख रोग",Hard,मानव पोषण का नियंत्रण किस प्रकार की रोगों को नियंत्रित कर सकता है?,"बीमारी, ब्रेकस्टोन रोग","बीमारी, गॉल्डर रोग","बीमारी, ब्रेकस्टोन रोग और गॉल्डर रोग","बीमारी, ब्रेकस्टोन रोग, गॉल्डर रोग और टॉक्सिक रोग",D,"बीमारी, ब्रेकस्टोन रोग, गॉल्डर रोग और टॉक्सिक रोग","मानव पोषण का नियंत्रण बीमारियों और रोगों जैसे ब्रेकस्टोन रोग, गॉल्डर रोग और टॉक्सिक रोग को नियंत्रित कर सकता है।","मानव पोषण का नियंत्रण बीमारियों और रोगों को नियंत्रित कर सकता है, जिनमें ब्रेकस्टोन रोग, गॉल्डर रोग और टॉक्सिक रोग शामिल हैं।",2026-09-14 15:37:26
SCI_HI_0424,Hindi,Science,"मानव स्वास्थ्य, पोषण, विटामिन एवं प्रमुख रोग",Hard,कौन सा विटामिन रक्त में रक्त शरीर रक्त रक्तांकन का स्तर बढ़ावा देता है?,विटामिन A,विटामिन B12,विटामिन C,विटामिन D,B,विटामिन B12,विटामिन B12 रक्त में रक्त शरीर रक्त रक्तांकन का स्तर बढ़ावा देता है।,विटामिन B12 रक्त में रक्त शरीर रक्त रक्तांकन का स्तर बढ़ावा देता है और रक्त की स्थिति को सुधारता है।,2026-09-14 15:37:26
SCI_HI_0425,Hindi,Science,"मानव स्वास्थ्य, पोषण, विटामिन एवं प्रमुख रोग",Hard,विटामिन रक्त में रक्त शरीर रक्त रक्तांकन का स्तर कैसे बढ़ावा देता है?,विटामिन A,विटामिन B12,विटामिन C,विटामिन D,B,विटामिन B12,विटामिन B12 रक्त में रक्त शरीर रक्त रक्तांकन का स्तर बढ़ावा देता है।,विटामिन B12 रक्त में रक्त शरीर रक्त रक्तांकन का स्तर बढ़ावा देता है और रक्त की स्थिति को सुधारता है।,2026-09-14 15:37:26
SCI_HI_0426,Hindi,Science,"पादप कार्यिकी, प्रकाश संश्लेषण एवं पादप हार्मोन",Easy,प्रकाश संश्लेषण किसके द्वारा पादपों में उत्पादित होता है?,प्राकृतिक विकास,प्रकाश कोशिका,पादप कोशिका,प्रकाश विकास,C,पादप कोशिका,पादप कोशिका जो प्रकाश संश्लेषण करती है उसे प्रकाश कोशिका कहा जाता है।,पादप कोशिका जो प्रकाश संश्लेषण करती है उसे प्रकाश कोशिका कहा जाता है। यह कोशिका प्रकाश की रेखाओं को संश्लेषित करके ऊर्जा उत्पन्न करती है।,2026-09-14 15:38:11
SCI_HI_0427,Hindi,Science,"पादप कार्यिकी, प्रकाश संश्लेषण एवं पादप हार्मोन",Easy,पादप कार्यिकी किस अंग के आधार पर विभाजित होती है?,पादप कोशिका,पादप भौतिकता,पादप जीवन,पादप रस,A,पादप कोशिका,पादप कोशिका का विभाजन विभिन्न कार्यों को दर्शाता है।,पादप कार्यिकी कोशिका के आधार पर विभाजित होती है। इसके प्रत्येक कोशिका विशेष कार्यों को पालन करती है।,2026-09-14 15:38:11
SCI_HI_0428,Hindi,Science,"पादप कार्यिकी, प्रकाश संश्लेषण एवं पादप हार्मोन",Easy,हार्मोन द्वारा पादपों में कैसे नियंत्रण किया जाता है?,हार्मोन रक्त में रक्त शरीर रक्त रक्तांकन का स्तर कैसे बढ़ावा देता है?,हार्मोन नियंत्रण रक्त शरीर में उत्पादन का स्तर कैसे बढ़ावा देता है?,हार्मोन नियंत्रण रक्त शरीर में उत्पादन का स्तर कैसे घटा देता है?,हार्मोन नियंत्रण रक्त शरीर में उत्पादन का स्तर कैसे नियंत्रित करता है?,D,हार्मोन नियंत्रण रक्त शरीर में उत्पादन का स्तर कैसे नियंत्रित करता है?,हार्मोन नियंत्रण रक्त शरीर में उत्पादन का स्तर नियंत्रित करता है।,हार्मोन नियंत्रण रक्त शरीर में उत्पादन का स्तर नियंत्रित करता है जो किसी कार्य को नियंत्रित करने के लिए पादपों में कार्यित होता है।,2026-09-14 15:38:11
SCI_HI_0429,Hindi,Science,"पादप कार्यिकी, प्रकाश संश्लेषण एवं पादप हार्मोन",Easy,पादप कार्यिकी में किस अंग से शुरुआत होती है?,पादप जीवन,पादप कोशिका,पादप रस,पादप तन्यांची,B,पादप कोशिका,पादप कोशिका का विभाजन विभिन्न कार्यों को दर्शाता है।,पादप कार्यिकी कोशिका के आधार पर विभाजित होती है। इसके प्रत्येक कोशिका विशेष कार्यों को पालन करती है।,2026-09-14 15:38:11
SCI_HI_0430,Hindi,Science,"पादप कार्यिकी, प्रकाश संश्लेषण एवं पादप हार्मोन",Easy,पादप रस में किसका संचयन होता है?,प्राकृतिक विकास,हार्मोन,प्रकाश संश्लेषण,पादप कार्यिकी,B,हार्मोन,हार्मोन रक्त शरीर में उत्पादित होते हैं और उन्हें पादप रस में संचयित किया जाता है।,हार्मोन रक्त शरीर में उत्पादित होते हैं और उन्हें पादप रस में संचयित किया जाता है। यह पादप रस के माध्यम से विभिन्न क्षेत्रों में पहुँचता है।,2026-09-14 15:38:11
SCI_HI_0431,Hindi,Science,"पादप कार्यिकी, प्रकाश संश्लेषण एवं पादप हार्मोन",Easy,पादप कार्यिकी में किस अंग का उपयोग होता है?,पादप कोशिका,पादप रस,पादप जीवन,पादप तन्यांची,A,पादप कोशिका,पादप कोशिका का विभाजन विभिन्न कार्यों को दर्शाता है।,पादप कार्यिकी कोशिका के आधार पर विभाजित होती है। इसके प्रत्येक कोशिका विशेष कार्यों को पालन करती है।,2026-09-14 15:38:11
SCI_HI_0432,Hindi,Science,"पादप कार्यिकी, प्रकाश संश्लेषण एवं पादप हार्मोन",Easy,हार्मोन नियंत्रण में किसका उपयोग होता है?,पादप कोशिका,पादप रस,पादप जीवन,पादप तन्यांची,B,पादप रस,हार्मोन नियंत्रण रक्त शरीर में उत्पादन का स्तर नियंत्रित करता है।,हार्मोन नियंत्रण रक्त शरीर में उत्पादन का स्तर नियंत्रित करता है जो किसी कार्य को नियंत्रित करने के लिए पादपों में कार्यित होता है।,2026-09-14 15:38:11
SCI_HI_0433,Hindi,Science,"पादप कार्यिकी, प्रकाश संश्लेषण एवं पादप हार्मोन",Easy,पादप कोशिका किसका उपयोग करती है?,पादप रस,पादप कार्यिकी,पादप जीवन,पादप तन्यांची,B,पादप कार्यिकी,पादप कोशिका का विभाजन विभिन्न कार्यों को दर्शाता है।,पादप कार्यिकी कोशिका के आधार पर विभाजित होती है। इसके प्रत्येक कोशिका विशेष कार्यों को पालन करती है।,2026-09-14 15:38:11
SCI_HI_0434,Hindi,Science,"पादप कार्यिकी, प्रकाश संश्लेषण एवं पादप हार्मोन",Easy,पादप जीवन में किसका उपयोग होता है?,पादप कोशिका,पादप रस,पादप कार्यिकी,पादप तन्यांची,C,पादप कार्यिकी,पादप कार्यिकी कोशिका का विभाजन विभिन्न कार्यों को दर्शाता है।,पादप कार्यिकी कोशिका के आधार पर विभाजित होती है। इसके प्रत्येक कोशिका विशेष कार्यों को पालन करती है।,2026-09-14 15:38:11
SCI_HI_0435,Hindi,Science,"पादप कार्यिकी, प्रकाश संश्लेषण एवं पादप हार्मोन",Easy,पादप तन्यांची किसका अंतर्निहित रूप है?,पादप कोशिका,पादप रस,पादप कार्यिकी,पादप जीवन,C,पादप कार्यिकी,पादप कार्यिकी कोशिका का विभाजन विभिन्न कार्यों को दर्शाता है।,पादप कार्यिकी कोशिका के आधार पर विभाजित होती है। इसके प्रत्येक कोशिका विशेष कार्यों को पालन करती है।,2026-09-14 15:38:11
SCI_HI_0436,Hindi,Science,"पारिस्थितिकी तंत्र, जैव विविधता एवं प्रदूषण",Medium,पारिस्थितिकी तंत्र में किसका उपयोग होता है जिससे जैविक विविधता सुरक्षित रहे?,प्रदूषण की कमी करने के लिए,जैविक विविधता की बढ़ोतरी के लिए,पारिस्थितिकी स्थिति को स्थायी रूप से सुधारने के लिए,जैविक विविधता को सुरक्षित रखने के लिए,D,जैविक विविधता को सुरक्षित रखने के लिए,यह उत्तर सही है क्योंकि जैविक विविधता की सुरक्षा जैविक प्रक्रियाओं और पारिस्थितिकी तंत्रों की सुरक्षा में महत्वपूर्ण भूमिका निभाती है।,जैविक विविधता की सुरक्षा जैविक प्रक्रियाओं को सुरक्षित रखने और पारिस्थितिकी तंत्रों की स्थायित्व की दर बढ़ावा देती है।,2026-09-14 15:39:11
SCI_HI_0437,Hindi,Science,"पारिस्थितिकी तंत्र, जैव विविधता एवं प्रदूषण",Medium,प्रदूषण के किस प्रकार का प्रभाव पारिस्थितिकी तंत्रों पर सबसे गंभीर हो सकता है?,कोयला भाप उत्पादन,गैस प्रदूषण,विद्युत प्रदूषण,पारिस्थितिक गैस प्रदूषण,D,पारिस्थितिक गैस प्रदूषण,यह उत्तर सही है क्योंकि पारिस्थितिक गैस प्रदूषण जैविक विविधता को बहुत खतरनाक ढंग से प्रभावित कर सकता है।,पारिस्थितिक गैस जैसी प्रदूषण प्रतिरक्षा वास्तविक रूप से जैविक विविधता को नुकसान पहुंचाती है।,2026-09-14 15:39:11
SCI_HI_0438,Hindi,Science,"पारिस्थितिकी तंत्र, जैव विविधता एवं प्रदूषण",Medium,पारिस्थितिकी तंत्र किसके कारण बदलाव दिखाते हैं?,जैव विविधता की बढ़ोतरी,प्रदूषण की कमी,परिस्थिति के बदलाव,जैविक विविधता की दूरी,C,परिस्थिति के बदलाव,यह उत्तर सही है क्योंकि पारिस्थितिकी तंत्र किसी भी परिस्थिति के बदलाव के बावजूद बदलाव दिखाते हैं।,"परिस्थिति के बदलाव जैसे जलवायु परिवर्तन, गैस प्रदूषण आदि कारणों से पारिस्थितिकी तंत्र बदलते हैं।",2026-09-14 15:39:11
SCI_HI_0439,Hindi,Science,"पारिस्थितिकी तंत्र, जैव विविधता एवं प्रदूषण",Medium,जैव विविधता में किस प्रकार का बदलाव हो सकता है जो पारिस्थितिकी तंत्र पर असर पड़ सकता है?,जैविक विविधता की कमी,जैविक विविधता की बढ़ोतरी,जैविक विविधता का बदलाव,जैविक विविधता के बिना,A,जैविक विविधता की कमी,यह उत्तर सही है क्योंकि जैविक विविधता की कमी अधिक जैविक विविधता की विफलता का परिणाम बनती है।,जैविक विविधता की कमी जैविक प्रक्रियाओं की अनुकूलता को खतरनाक बना सकती है जो पारिस्थितिकी तंत्र पर असर पड़ सकता है।,2026-09-14 15:39:11
SCI_HI_0440,Hindi,Science,"पारिस्थितिकी तंत्र, जैव विविधता एवं प्रदूषण",Medium,प्रदूषण का किस प्रकार का प्रभाव पारिस्थितिकी तंत्र में जैविक विविधता को नुकसान पहुंचाता है?,भावी प्रदूषण,कुशल प्रदूषण,क्रिस्पी प्रदूषण,क्रोडी प्रदूषण,D,क्रोडी प्रदूषण,यह उत्तर सही है क्योंकि क्रोडी प्रदूषण जैविक विविधता को नुकसान पहुंचाता है।,"क्रोडी प्रदूषण जैविक विविधता को नुकसान पहुंचाता है, जो पारिस्थितिकी तंत्र को खतरनाक असर पड़ा देता है।",2026-09-14 15:39:11
SCI_HI_0441,Hindi,Science,"पारिस्थितिकी तंत्र, जैव विविधता एवं प्रदूषण",Medium,पारिस्थितिकी तंत्र जैविक विविधता को सुरक्षित करने के लिए किस प्रकार की रणनीति अपनाते हैं?,प्रदूषण की कमी करने के लिए,जैविक विविधता की बढ़ोतरी के लिए,पारिस्थितिकी स्थिति को सुधारने के लिए,जैविक विविधता को सुरक्षित रखने के लिए,D,जैविक विविधता को सुरक्षित रखने के लिए,यह उत्तर सही है क्योंकि जैविक विविधता को सुरक्षित रखने वाली रणनीति पारिस्थितिकी तंत्रों में लगातार लागू होती है।,"पारिस्थितिकी तंत्र जैविक विविधता को सुरक्षित रखने के लिए प्रदूषण की कमी करने, जैविक विविधता की बढ़ोतरी करने और अन्य रणनीतियों का अनुप्रयोग करते हैं।",2026-09-14 15:39:11
SCI_HI_0442,Hindi,Science,"पारिस्थितिकी तंत्र, जैव विविधता एवं प्रदूषण",Medium,जैव विविधता तथा प्रदूषण के बीच किस प्रकार का संबंध होता है?,जैव विविधता की बढ़ोतरी प्रदूषण का कमी करती है,प्रदूषण की कमी जैव विविधता की बढ़ोतरी करती है,प्रदूषण की बढ़ोतरी जैव विविधता की कमी करती है,जैव विविधता तथा प्रदूषण के बीच कोई संबंध नहीं है,C,प्रदूषण की बढ़ोतरी जैव विविधता की कमी करती है,यह उत्तर सही है क्योंकि प्रदूषण जैव विविधता को नुकसान पहुंचाता है।,प्रदूषण जैविक विविधता को नुकसान पहुंचाता है जो पारिस्थितिकी तंत्रों को खतरनाक असर पड़ा देता है।,2026-09-14 15:39:11
SCI_HI_0443,Hindi,Science,"पारिस्थितिकी तंत्र, जैव विविधता एवं प्रदूषण",Medium,पारिस्थितिकी तंत्र किस प्रकार का नियंत्रण लगाते हैं जिससे जैव विविधता को सुरक्षित रखा जा सके?,प्रदूषण की कमी,जैविक विविधता की बढ़ोतरी,पारिस्थितिकी स्थिति को सुधारने के लिए,पारिस्थितिकी तंत्रों की सुरक्षा,A,प्रदूषण की कमी,यह उत्तर सही है क्योंकि प्रदूषण की कमी जैविक विविधता को सुरक्षित रखती है।,प्रदूषण की कमी जैविक विविधता को सुरक्षित रखती है जो पारिस्थितिकी तंत्रों को खतरनाक असर पड़ा देती है।,2026-09-14 15:39:11
SCI_HI_0444,Hindi,Science,"पारिस्थितिकी तंत्र, जैव विविधता एवं प्रदूषण",Medium,पारिस्थितिकी तंत्र किस प्रकार का असर अनुकूल रूप से प्रदूषण नियंत्रण में लाते हैं?,जैविक विविधता की बढ़ोतरी,प्रदूषण की कमी,पारिस्थितिकी स्थिति को सुधारने के लिए,जैविक विविधता की कमी,B,प्रदूषण की कमी,यह उत्तर सही है क्योंकि प्रदूषण की कमी अनुकूल रूप से प्रदूषण नियंत्रण में लाती है।,प्रदूषण की कमी अनुकूल रूप से प्रदूषण नियंत्रण में लाती है जो पारिस्थितिकी तंत्रों को खतरनाक असर पड़ा देती है।,2026-09-14 15:39:11
SCI_HI_0445,Hindi,Science,"अंतरिक्ष विज्ञान, सौरमंडल एवं उपग्रह मिशन (इसरो)",Hard,इसरो का लॉन्च किस उपग्रह ने उपग्रह नेटवर्क विकास में अहम योगदान दिया?,रागदी,मानवता,भारतीय अंतरिक्ष उपग्रह 01 (BASU-01),अंतरिक्ष विज्ञान उपग्रह (RISAT-2B),C,भारतीय अंतरिक्ष उपग्रह 01 (BASU-01),BASU-01 ने उपग्रह नेटवर्क विकास में अहम योगदान दिया।,BASU-01 ने भारतीय अंतरिक्ष उपग्रह नेटवर्क के विकास में अनिवार्य भूमिका निभाई और उपग्रहों की नेटवर्किक अवस्था निरीक्षण में अहम योगदान दिया।,2026-09-14 15:40:04
SCI_HI_0446,Hindi,Science,"अंतरिक्ष विज्ञान, सौरमंडल एवं उपग्रह मिशन (इसरो)",Hard,प्रोजेक्ट भारत ने किस उपग्रह के लिए अतिरिक्त तारांक विश्लेषण का उपयोग किया है?,भारतीय अंतरिक्ष उपग्रह 01 (BASU-01),रागदी,भारतीय अंतरिक्ष उपग्रह 02 (BASU-02),राजता,D,राजता,राजता उपग्रह ने अतिरिक्त तारांक विश्लेषण उपकरण का उपयोग किया है।,राजता उपग्रह ने अतिरिक्त तारांक विश्लेषण उपकरण का उपयोग करके भूमि की पत्थरों और अन्य भूमि सतह की सत्तू मूल्यांकन की प्रगति के लिए महत्वपूर्ण तथ्य प्रदान किया है।,2026-09-14 15:40:04
SCI_HI_0447,Hindi,Science,"अंतरिक्ष विज्ञान, सौरमंडल एवं उपग्रह मिशन (इसरो)",Hard,भारतीय अंतरिक्ष उपग्रह उपकरण किस अनुसंधान को समर्थित करता है?,भारतीय अंतरिक्ष उपग्रह 01 (BASU-01),रागदी,भारतीय अंतरिक्ष उपग्रह 02 (BASU-02),राजता,D,राजता,राजता उपग्रह ने भारतीय अंतरिक्ष उपग्रह उपकरण का उपयोग किया है।,राजता उपग्रह ने भारतीय अंतरिक्ष उपग्रह उपकरण का उपयोग करके भूमि की पत्थरों और अन्य भूमि सतह की सत्तू मूल्यांकन का अध्ययन किया है।,2026-09-14 15:40:04
SCI_HI_0448,Hindi,Science,"अंतरिक्ष विज्ञान, सौरमंडल एवं उपग्रह मिशन (इसरो)",Hard,सौरमंडल में किस जगह पर भारतीय उपग्रह नेटवर्क की आधारित स्थापना की गई है?,कैनाडा,हामिल्टन,राजधानी,कोलकाता,D,कोलकाता,कोलकाता ने भारतीय उपग्रह नेटवर्क की आधारित स्थापना की गई है।,कोलकाता में भारतीय अंतरिक्ष और सौर अनुसंधान संस्थान (BARC) ने भारतीय उपग्रह नेटवर्क की आधारित स्थापना की है।,2026-09-14 15:40:04
SCI_HI_0449,Hindi,Science,"अंतरिक्ष विज्ञान, सौरमंडल एवं उपग्रह मिशन (इसरो)",Hard,भारतीय अंतरिक्ष एजेंसी (ISRO) का लॉन्च योग्यता उपग्रह किस तरह के उपग्रहों को लॉन्च कर सकती है?,भारतीय अंतरिक्ष उपग्रह 01 (BASU-01),रागदी,भारतीय अंतरिक्ष उपग्रह 02 (BASU-02),राजता,D,राजता,राजता उपग्रह ने भारतीय अंतरिक्ष एजेंसी के लॉन्च योग्यता का परीक्षण किया है।,राजता उपग्रह ने भारतीय अंतरिक्ष एजेंसी के लॉन्च योग्यता योग्यता निरीक्षण का अध्ययन किया है।,2026-09-14 15:40:04
SCI_HI_0450,Hindi,Science,"अंतरिक्ष विज्ञान, सौरमंडल एवं उपग्रह मिशन (इसरो)",Hard,इसरो के दूसरे सौर नेटवर्क मिशन किस उपग्रह के लिए लॉन्च किया गया था?,राजता,मानवता,भारतीय अंतरिक्ष उपग्रह 02 (BASU-02),रागदी,C,भारतीय अंतरिक्ष उपग्रह 02 (BASU-02),भारतीय अंतरिक्ष उपग्रह 02 (BASU-02) ने इसरो के दूसरे सौर नेटवर्क मिशन का लॉन्च किया।,भारतीय अंतरिक्ष उपग्रह 02 (BASU-02) ने इसरो के दूसरे सौर नेटवर्क मिशन का लॉन्च किया और उपग्रह नेटवर्क की आधारित स्थापना में महत्वपूर्ण योगदान दिया।,2026-09-14 15:40:04
SCI_HI_0451,Hindi,Science,"यांत्रिकी, बल, कार्य, ऊर्जा एवं गति के नियम",Medium,संवेग किसका गुणांक होता है?,संवेग,भार,चाल,दबाव,A,संवेग,संवेग किसी पिण्ड का गुणांक होता है जो उसकी चाल और उसके भार के गुणनफल का प्रतिनिधित्व करता है।,संवेग की गुणवत्ता में चाल और भार का कार्य होता है।,2026-09-14 15:40:47
SCI_HI_0452,Hindi,Science,"यांत्रिकी, बल, कार्य, ऊर्जा एवं गति के नियम",Medium,किसका नियम विद्युत आवेश और विद्युत क्षेत्र के बीच संबंध दर्शाता है?,कोलाम्बिया का नियम,फाराडे का नियम,कॉलम्बस का नियम,कार्ल्सन का नियम,C,कॉलम्बस का नियम,कॉलम्बस का नियम विद्युत आवेश के विटकरण और उसके विद्युत क्षेत्र के बीच संबंध दर्शाता है।,कॉलम्बस का नियम विद्युत आवेश का विटकरण और उसका विद्युत क्षेत्र के बीच नियतन दर्शाता है।,2026-09-14 15:40:47
SCI_HI_0453,Hindi,Science,"यांत्रिकी, बल, कार्य, ऊर्जा एवं गति के नियम",Medium,वेग किसकी गुणांक होता है?,चाल,चाल,दबाव,दबाव,B,चाल,वेग एक पिण्ड का गुणांक होता है जो उसकी चाल का प्रतिनिधित्व करता है।,वेग एक पिण्ड की चाल का प्रतिनिधित्व करता है जो दूरी के सापेक्ष समय में बदलता है।,2026-09-14 15:40:47
SCI_HI_0454,Hindi,Science,"यांत्रिकी, बल, कार्य, ऊर्जा एवं गति के नियम",Medium,ऊर्जा किसकी गुणांक होती है?,विद्युत ऊर्जा,कार्य,भार,दबाव,B,कार्य,ऊर्जा कार्य का गुणांक होती है जो भार के साथ गुणन किया जाता है।,ऊर्जा का मान कार्य और भार के गुणनफल के बराबर होता है।,2026-09-14 15:40:47
SCI_HI_0455,Hindi,Science,"यांत्रिकी, बल, कार्य, ऊर्जा एवं गति के नियम",Medium,किसका नियम गुरुत्वाकर्षण के नियम का वर्णन करता है?,न्यूटन का दूसरा नियम,न्यूटन का तीसरा नियम,न्यूटन का पहला नियम,न्यूटन का चौथा नियम,A,न्यूटन का दूसरा नियम,न्यूटन का दूसरा नियम गुरुत्वाकर्षण के नियम को वर्णित करता है।,न्यूटन का दूसरा नियम दर्शाता है कि एक पिण्ड गुरुत्वाकर्षण के कारण गुरुत्वाकर्षण की ओर चलता है।,2026-09-14 15:40:47
SCI_HI_0456,Hindi,Science,"यांत्रिकी, बल, कार्य, ऊर्जा एवं गति के नियम",Medium,किसका नियम गुरुत्वाकर्षण की विद्युत तरंगों की निष्पादन से संबंध दर्शाता है?,अम्बर का नियम,मायर्स का नियम,एमाली का नियम,पोले का नियम,C,एमाली का नियम,एमाली का नियम गुरुत्वाकर्षण की विद्युत तरंगों की निष्पादन से संबंध दर्शाता है।,एमाली का नियम विद्युत तरंगों की गुरुत्वाकर्षण के द्वारा निष्पादन और उनकी प्रसारण के बारे में जानकारी देता है।,2026-09-14 15:40:47
SCI_HI_0457,Hindi,Science,"यांत्रिकी, बल, कार्य, ऊर्जा एवं गति के नियम",Medium,किसका नियम गुरुत्वाकर्षण और कार्य के बीच संबंध दर्शाता है?,काल्पनिक का नियम,कोलम्बस का नियम,न्यूटन का नियम,न्यूटन का दूसरा नियम,D,न्यूटन का दूसरा नियम,न्यूटन का दूसरा नियम गुरुत्वाकर्षण और कार्य के बीच संबंध दर्शाता है।,न्यूटन का दूसरा नियम दर्शाता है कि कार्य का गुणांक गुरुत्वाकर्षण की तीव्रता के साथ गुणन किया जाता है।,2026-09-14 15:40:47
SCI_HI_0458,Hindi,Science,"यांत्रिकी, बल, कार्य, ऊर्जा एवं गति के नियम",Medium,किसका नियम गुरुत्वाकर्षण और वेग के बीच संबंध दर्शाता है?,न्यूटन का दूसरा नियम,न्यूटन का तीसरा नियम,न्यूटन का पहला नियम,न्यूटन का चौथा नियम,B,न्यूटन का तीसरा नियम,न्यूटन का तीसरा नियम गुरुत्वाकर्षण और वेग के बीच संबंध दर्शाता है।,न्यूटन का तीसरा नियम दर्शाता है कि गुरुत्वाकर्षण वेग के बीच संबंध बनाता है।,2026-09-14 15:40:47
SCI_HI_0459,Hindi,Science,"यांत्रिकी, बल, कार्य, ऊर्जा एवं गति के नियम",Medium,किसका नियम गुरुत्वाकर्षण और त्वरण के बीच संबंध दर्शाता है?,न्यूटन का दूसरा नियम,न्यूटन का तीसरा नियम,न्यूटन का पहला नियम,न्यूटन का चौथा नियम,B,न्यूटन का तीसरा नियम,न्यूटन का तीसरा नियम गुरुत्वाकर्षण और त्वरण के बीच संबंध दर्शाता है।,न्यूटन का तीसरा नियम दर्शाता है कि गुरुत्वाकर्षण त्वरण का गुणांक होता है जो भार के साथ गुणन किया जाता है।,2026-09-14 15:40:47
SCI_HI_0460,Hindi,Science,"यांत्रिकी, बल, कार्य, ऊर्जा एवं गति के नियम",Medium,किसका नियम गुरुत्वाकर्षण और ऊर्जा के बीच संबंध दर्शाता है?,न्यूटन का दूसरा नियम,न्यूटन का तीसरा नियम,न्यूटन का पहला नियम,न्यूटन का चौथा नियम,D,न्यूटन का चौथा नियम,न्यूटन का चौथा नियम गुरुत्वाकर्षण और ऊर्जा के बीच संबंध दर्शाता है।,न्यूटन का चौथा नियम दर्शाता है कि ऊर्जा गुरुत्वाकर्षण की तीव्रता के साथ गुणन किया जाता है।,2026-09-14 15:40:47
SCI_HI_0461,Hindi,Science,"ऊष्मा, तापमान एवं ऊष्मागतिकी के सिद्धांत",Medium,ऊष्मा किस प्रकार की ऊर्जा का एक प्रकार है?,किरण ऊर्जा,कार्य ऊर्जा,ताप ऊर्जा,किरण ऊर्जा,C,ताप ऊर्जा,ताप ऊर्जा ऊष्मा को दर्शाती है जो एक प्रकार की ऊर्जा है।,ताप ऊर्जा ऊष्मा को दर्शाती है जो दो वस्तुओं के बीच उनके ताप से प्राप्त होती है।,2026-09-14 15:41:32
SCI_HI_0462,Hindi,Science,"ऊष्मा, तापमान एवं ऊष्मागतिकी के सिद्धांत",Medium,किस अवस्था में ऊष्मा अधिक वितरण करती है?,कम तापमान की वस्तु से अधिक तापमान की वस्तु की ओर,समान तापमान की दो वस्तुओं के बीच,कम तापमान की वस्तु से कम तापमान की वस्तु की ओर,अधिक तापमान की वस्तु से अधिक तापमान की वस्तु की ओर,A,कम तापमान की वस्तु से अधिक तापमान की वस्तु की ओर,यह अवस्था में ऊष्मा वितरण होता है जहाँ तापमान अधिक है।,कम तापमान की वस्तु से अधिक तापमान की वस्तु की ओर ऊष्मा वितरण होता है।,2026-09-14 15:41:32
SCI_HI_0463,Hindi,Science,"ऊष्मा, तापमान एवं ऊष्मागतिकी के सिद्धांत",Medium,किस प्रकार की ऊष्मा की चालकता अधिक होती है?,सुन्दर ताकतवान धातु,हार्ड रॉक,पानी,काला धातु,C,पानी,पानी एक तरह की द्रव ऊष्मा के लिए चालकता अधिक है।,पानी ताकतवान धातुओं की तुलना में ऊष्मा की चालकता की तुलना में अधिक है।,2026-09-14 15:41:32
SCI_HI_0464,Hindi,Science,"ऊष्मा, तापमान एवं ऊष्मागतिकी के सिद्धांत",Medium,किस तरह का ऊष्मागतिकीय नियम अवस्थाओं की दो वस्तुओं के बीच ऊष्मा की चालकता को व्यक्त करता है?,कार्लिफोर्निया का नियम,गार्डिनर्स का नियम,क्लाडियस कॅसियोनस का नियम,कार्लिफोर्निया का नियम,C,क्लाडियस कॅसियोनस का नियम,क्लाडियस कॅसियोनस का नियम ऊष्मा की चालकता को दर्शाता है।,क्लाडियस कॅसियोनस का नियम दो वस्तुओं के बीच ऊष्मा की चालकता को व्यक्त करता है।,2026-09-14 15:41:32
SCI_HI_0465,Hindi,Science,"ऊष्मा, तापमान एवं ऊष्मागतिकी के सिद्धांत",Medium,किसका नियम अवस्थाओं की दो वस्तुओं के बीच ऊष्मा की चालकता को व्यक्त करता है?,कार्लिफोर्निया का नियम,गार्डिनर्स का नियम,क्लाडियस कॅसियोनस का नियम,कार्लिफोर्निया का नियम,C,क्लाडियस कॅसियोनस का नियम,क्लाडियस कॅसियोनस का नियम अवस्थाओं की दो वस्तुओं के बीच ऊष्मा की चालकता को दर्शाता है।,क्लाडियस कॅसियोनस का नियम दो वस्तुओं के बीच ऊष्मा की चालकता को व्यक्त करता है।,2026-09-14 15:41:32
SCI_HI_0466,Hindi,Science,"ऊष्मा, तापमान एवं ऊष्मागतिकी के सिद्धांत",Medium,किस प्रकार की ऊष्मा चालकता अधिक होती है?,कार्य ऊर्जा,सुन्दर ताकतवान धातु,पानी,काला धातु,C,पानी,पानी एक तरह की द्रव ऊष्मा की चालकता अधिक है।,पानी द्रव धातुओं की तुलना में ऊष्मा की चालकता की तुलना में अधिक है।,2026-09-14 15:41:32
SCI_HI_0467,Hindi,Science,"ऊष्मा, तापमान एवं ऊष्मागतिकी के सिद्धांत",Medium,दो वस्तुओं के बीच ऊष्मा का वितरण किस प्रकार की अवस्था में अधिक होता है?,समान तापमान की वस्तुओं के बीच,कम तापमान की वस्तु से कम तापमान की वस्तु की ओर,कम तापमान की वस्तु से अधिक तापमान की वस्तु की ओर,अधिक तापमान की वस्तु से अधिक तापमान की वस्तु की ओर,C,कम तापमान की वस्तु से अधिक तापमान की वस्तु की ओर,कम तापमान की वस्तु से अधिक तापमान की वस्तु की ओर ऊष्मा वितरण होता है।,कम तापमान की वस्तु से अधिक तापमान की वस्तु की ओर ऊष्मा वितरण होता है।,2026-09-14 15:41:32
SCI_HI_0468,Hindi,Science,"ऊष्मा, तापमान एवं ऊष्मागतिकी के सिद्धांत",Medium,किस प्रकार की द्रव ऊष्मा की चालकता अधिक होती है?,काला धातु,सुन्दर ताकतवान धातु,पानी,हार्ड रॉक,C,पानी,पानी एक तरह की द्रव ऊष्मा की चालकता अधिक है।,पानी द्रव धातुओं की तुलना में ऊष्मा की चालकता की तुलना में अधिक है।,2026-09-14 15:41:32
SCI_HI_0469,Hindi,Science,"ऊष्मा, तापमान एवं ऊष्मागतिकी के सिद्धांत",Medium,किस तरह की द्रव ऊष्मा की चालकता अधिक होती है?,पानी,काला धातु,हार्ड रॉक,सुन्दर ताकतवान धातु,A,पानी,पानी एक तरह की द्रव ऊष्मा की चालकता अधिक है।,पानी द्रव धातुओं की तुलना में ऊष्मा की चालकता की तुलना में अधिक है।,2026-09-14 15:41:32
SCI_HI_0470,Hindi,Science,"प्रकाशिकी, परावर्तन, अपवर्तन एवं प्रकाश के गुण",Hard,प्रकाश की उपत्यका द्वारा परावर्तित प्रकाश निकलता है जिसकी आवृत्ति क्या होगी?,1. 3 × 10^8 मी/से,2. 2 × 10^8 मी/से,3. 1.5 × 10^8 मी/से,4. 3 × 10^7 मी/से,A,1. 3 × 10^8 मी/से,प्रकाश की उपत्यका द्वारा परावर्तित प्रकाश की आवृत्ति प्रकाश की आवृत्ति के बराबर होती है।,"प्रकाश की उपत्यका द्वारा परावर्तित प्रकाश की आवृत्ति उसी व्यापकता में बचती है और इसकी चाल तत्वों में परावर्तन के नियम के अनुसार बदलती है, लेकिन आवृत्ति बचती रहती है।",2026-09-14 15:42:21
SCI_HI_0471,Hindi,Science,"प्रकाशिकी, परावर्तन, अपवर्तन एवं प्रकाश के गुण",Hard,प्रकाश की उपत्यका द्वारा परावर्तित प्रकाश उत्तल लेंस के माध्यम के माध्यम के लिए किस प्रकार के गुण होते हैं?,1. उच्च उपत्यका,2. निम्न उपत्यका,3. उच्च अपवर्तन,4. निम्न अपवर्तन,C,3. उच्च अपवर्तन,परावर्तित प्रकाश उपत्यका द्वारा उच्च अपवर्तन करता है जो उत्तल लेंस के लिए आवश्यक है।,प्रकाश उत्तल लेंस के निम्न वस्तुक्षेप सतह से परावर्तित होता है जिससे इसका उच्च अपवर्तन होता है जो लेंस की विद्युत आकारन द्वारा उपयोगी होता है।,2026-09-14 15:42:21
SCI_HI_0472,Hindi,Science,"प्रकाशिकी, परावर्तन, अपवर्तन एवं प्रकाश के गुण",Hard,प्रकाश का अपवर्तन निम्न किस के नियम के अनुसार होता है?,1. न्यूटन के नियम,2. डिराक्सन के नियम,3. डेरिक्सन के नियम,4. स्लोवर्ड के नियम,C,3. डेरिक्सन के नियम,"प्रकाश का अपवर्तन डेरिक्सन के नियम के अनुसार होता है, जिन्हें निर्वर्तन नियम के रूप में भी जाना जाता है।",डेरिक्सन के नियम अपवर्तित प्रकाश की दिशा में बदलाव का वर्णन करते हैं और निर्वर्तन द्वारा प्रकाश का दिशाविन्यास बदलने के तरीके से समझते हैं।,2026-09-14 15:42:21
SCI_HI_0473,Hindi,Science,"प्रकाशिकी, परावर्तन, अपवर्तन एवं प्रकाश के गुण",Hard,प्रकाश के अपवर्तन किस प्रकार के गुण का वर्णन करता है?,1. अपवर्तन की दूरी,2. अपवर्तन का दिशाविन्यास,3. अपवर्तन का वेग,4. अपवर्तन की गति,B,2. अपवर्तन का दिशाविन्यास,प्रकाश का अपवर्तन अपवर्तित प्रकाश का दिशाविन्यास बदलाव का वर्णन करता है।,अपवर्तन अपवर्तित प्रकाश की दिशा में बदलाव का वर्णन करता है जो प्रकाश की परावर्तन द्वारा होता है।,2026-09-14 15:42:21
SCI_HI_0474,Hindi,Science,"प्रकाशिकी, परावर्तन, अपवर्तन एवं प्रकाश के गुण",Hard,प्रकाश जब किस प्रकार की परावर्तन के लिए अपवर्तित होता है तो इसका उत्तरकालीन वितरण होता है?,1. उत्तल लेंस के द्वारा,2. गोल लेंस के द्वारा,3. अपवर्तक द्वारा,4. परावर्तक द्वारा,A,1. उत्तल लेंस के द्वारा,प्रकाश जब उत्तल लेंस के द्वारा अपवर्तित होता है तो उसका उत्तरकालीन वितरण होता है।,उत्तल लेंस के द्वारा अपवर्तित प्रकाश का उत्तरकालीन वितरण उसके द्वारा विद्युत आकारन के लिए उपयोगी रूप से उपयोगी होता है।,2026-09-14 15:42:21
SCI_HI_0475,Hindi,Science,"प्रकाशिकी, परावर्तन, अपवर्तन एवं प्रकाश के गुण",Hard,प्रकाश की चालकता किस प्रकार की द्रव पर अधिक होती है?,1. पानी,2. तालियाँ,3. तेल,4. गलों,C,3. तेल,प्रकाश की तेल पर अधिक चालकता होती है।,प्रकाश तेल की उपत्यका के द्वारा अधिक चालकता प्रदर्शित करता है जबकि अन्य द्रवों की तुलना में इसकी चालकता कम होती है।,2026-09-14 15:42:21
SCI_HI_0476,Hindi,Science,"प्रकाशिकी, परावर्तन, अपवर्तन एवं प्रकाश के गुण",Hard,किस प्रकार का परावर्तन इस प्रकार का प्रकाश परावर्तित करता है जिसकी चालकता अधिक होती है?,1. निम्न उपत्यका,2. उच्च उपत्यका,3. निम्न अपवर्तन,4. उच्च अपवर्तन,B,2. उच्च उपत्यका,उच्च उपत्यका उच्च अपवर्तन करती है जिससे प्रकाश की चालकता अधिक होती है।,उच्च उपत्यका अपवर्तित प्रकाश की चालकता बढ़ाती है जिससे प्रकाश का चालन तेल जैसी द्रव में अधिक होता है।,2026-09-14 15:42:21
SCI_HI_0477,Hindi,Science,"प्रकाशिकी, परावर्तन, अपवर्तन एवं प्रकाश के गुण",Hard,प्रकाश की उपत्यका किस प्रकार का परावर्तन करती है जिसकी उच्च अपवर्तन होता है?,1. निम्न उपत्यका,2. उच्च उपत्यका,3. निम्न अपवर्तन,4. उच्च अपवर्तन,D,4. उच्च अपवर्तन,उच्च अपवर्तन उच्च उपत्यका का परिणाम होता है जो प्रकाश की उपत्यका करती है।,प्रकाश उच्च अपवर्तन वाली उपत्यका के द्वारा अपवर्तित होता है जिससे इसकी चालकता बढ़ती है।,2026-09-14 15:42:21
SCI_HI_0478,Hindi,Science,"प्रकाशिकी, परावर्तन, अपवर्तन एवं प्रकाश के गुण",Hard,किस प्रकार का अपवर्तन अपवर्तित प्रकाश की दिशा में बदलाव का वर्णन करता है?,1. निर्वर्तन,2. अपवर्तन,3. परावर्तन,4. अपवर्तित चालकता,B,2. अपवर्तन,अपवर्तन अपवर्तित प्रकाश की दिशा में बदलाव का वर्णन करता है।,अपवर्तन अपवर्तित प्रकाश की दिशा में बदलाव का वर्णन करता है जो प्रकाश के अपवर्तन द्वारा होता है।,2026-09-14 15:42:21
SCI_HI_0479,Hindi,Science,"प्रकाशिकी, परावर्तन, अपवर्तन एवं प्रकाश के गुण",Hard,प्रकाश की उपत्यका किस प्रकार की द्रव पर अधिक होती है?,1. पानी,2. तालियाँ,3. तेल,4. गलों,C,3. तेल,प्रकाश की तेल पर अधिक उपत्यका होती है।,प्रकाश तेल की उपत्यका के द्वारा अधिक चालकता प्रदर्शित करता है जबकि अन्य द्रवों की तुलना में इसकी उपत्यका कम होती है।,2026-09-14 15:42:21
SCI_HI_0480,Hindi,Science,"ध्वनि, तरंगें एवं कंपन",Easy,ध्वनि तरंग की लंबाई किसकी आधारित रूप से मापी जाती है?,ध्वनि की गति,ध्वनि का फ्रीक्वेंसी,ध्वनि की तरंगदैर्ध्य,ध्वनि का आयनित्रय,B,ध्वनि का फ्रीक्वेंसी,ध्वनि का फ्रीक्वेंसी ध्वनि तरंग की लंबाई का व्युत्पन्न है।,"ध्वनि का फ्रीक्वेंसी तरंग की लंबाई से व्युत्पन्न होता है, इसलिए यह उपयोग किया जाता है ध्वनि तरंग की लंबाई की गणना करने के लिए।",2026-09-14 15:43:04
SCI_HI_0481,Hindi,Science,"ध्वनि, तरंगें एवं कंपन",Easy,ध्वनि तरंगों की तरंगदैर्ध्य दर किस पर निर्भर करती है?,ध्वनि की गति,ध्वनि का फ्रीक्वेंसी,ध्वनि का आयनित्रय,ध्वनि के द्रव सामग्री,B,ध्वनि का फ्रीक्वेंसी,ध्वनि का फ्रीक्वेंसी तरंगदैर्ध्य का व्युत्पन्न होता है।,"ध्वनि का फ्रीक्वेंसी तरंगदैर्ध्य का व्युत्पन्न होता है, इसलिए इसका मापन तरंगदैर्ध्य से किया जाता है।",2026-09-14 15:43:04
SCI_HI_0482,Hindi,Science,"ध्वनि, तरंगें एवं कंपन",Easy,ध्वनि का फ्रीक्वेंसी ज्ञात करने के लिए किसका उपयोग किया जाता है?,तरंगदैर्ध्य,गति,द्रव सामग्री,विद्युत तन्नीन,A,तरंगदैर्ध्य,तरंगदैर्ध्य ध्वनि की फ्रीक्वेंसी का व्युत्पन्न होता है।,"तरंगदैर्ध्य ध्वनि की फ्रीक्वेंसी का व्युत्पन्न होता है, इसलिए इससे ध्वनि की फ्रीक्वेंसी ज्ञात की जाती है।",2026-09-14 15:43:04
SCI_HI_0483,Hindi,Science,"ध्वनि, तरंगें एवं कंपन",Easy,ध्वनि तरंगों की गति किसके बीच निर्भर करती है?,तरंगदैर्ध्य,फ्रीक्वेंसी,द्रव सामग्री,आयनित्रय,C,द्रव सामग्री,द्रव सामग्री का रूप ध्वनि तरंगों की गति पर प्रभावित करता है।,"द्रव सामग्री ध्वनि तरंगों की गति पर प्रभावित करती है, इसलिए इसका रूप ध्वनि तरंगों की गति के बीच संबंध बनाती है।",2026-09-14 15:43:04
SCI_HI_0484,Hindi,Science,"ध्वनि, तरंगें एवं कंपन",Easy,ध्वनि तरंगों की गति किसकी उच्चता है?,तरंगदैर्ध्य,फ्रीक्वेंसी,द्रव सामग्री,आयनित्रय,B,फ्रीक्वेंसी,फ्रीक्वेंसी ध्वनि तरंगों की गति का व्युत्पन्न होता है।,"फ्रीक्वेंसी ध्वनि तरंगों की गति का व्युत्पन्न होता है, इसलिए इसकी उच्चता ध्वनि तरंगों की गति पर प्रभावित होती है।",2026-09-14 15:43:04
SCI_HI_0485,Hindi,Science,"ध्वनि, तरंगें एवं कंपन",Easy,ध्वनि की तरंगदैर्ध्य किस के बीच निर्भर करती है?,तरंगदैर्ध्य,फ्रीक्वेंसी,द्रव सामग्री,आयनित्रय,B,फ्रीक्वेंसी,फ्रीक्वेंसी ध्वनि की तरंगदैर्ध्य का व्युत्पन्न होता है।,"फ्रीक्वेंसी ध्वनि की तरंगदैर्ध्य का व्युत्पन्न होता है, इसलिए फ्रीक्वेंसी ने ध्वनि की तरंगदैर्ध्य पर प्रभाव डालता है।",2026-09-14 15:43:04
SCI_HI_0486,Hindi,Science,"ध्वनि, तरंगें एवं कंपन",Easy,ध्वनि की गति किसके बीच निर्भर करती है?,तरंगदैर्ध्य,फ्रीक्वेंसी,द्रव सामग्री,आयनित्रय,C,द्रव सामग्री,द्रव सामग्री का रूप ध्वनि की गति पर प्रभावित करता है।,"द्रव सामग्री ध्वनि की गति पर प्रभाव डालती है, इसलिए इसका रूप ध्वनि की गति के बीच संबंध बनाती है।",2026-09-14 15:43:04
SCI_HI_0487,Hindi,Science,"ध्वनि, तरंगें एवं कंपन",Easy,ध्वनि तरंगों की गति किस के बीच निर्भर करती है?,तरंगदैर्ध्य,फ्रीक्वेंसी,द्रव सामग्री,आयनित्रय,C,द्रव सामग्री,द्रव सामग्री का रूप ध्वनि तरंगों की गति पर प्रभावित करता है।,"द्रव सामग्री ध्वनि तरंगों की गति पर प्रभावित करती है, इसलिए इसका रूप ध्वनि तरंगों की गति के बीच संबंध बनाती है।",2026-09-14 15:43:04
SCI_HI_0488,Hindi,Science,"ध्वनि, तरंगें एवं कंपन",Easy,ध्वनि तरंगों की तरंगदैर्ध्य किस के बीच निर्भर करती है?,तरंगदैर्ध्य,फ्रीक्वेंसी,द्रव सामग्री,आयनित्रय,B,फ्रीक्वेंसी,फ्रीक्वेंसी ध्वनि तरंगों की तरंगदैर्ध्य का व्युत्पन्न होता है।,"फ्रीक्वेंसी ध्वनि तरंगों की तरंगदैर्ध्य का व्युत्पन्न होता है, इसलिए फ्रीक्वेंसी ने ध्वनि तरंगों की तरंगदैर्ध्य पर प्रभाव डालता है।",2026-09-14 15:43:04
SCI_HI_0489,Hindi,Science,"विद्युत धारा, विभव, प्रतिरोध एवं चुंबकत्व",Medium,विद्युत धारा का विभव से किसकी निर्भरता है?,प्रतिरोध,चुंबकत्व,विद्युत धारा,कुल विद्युत धारा,A,प्रतिरोध,विद्युत धारा का विभव प्रतिरोध से निर्भर होता है।,विद्युत धारा के विभव का उत्पादन विद्युत प्रतिरोध के आधार पर होता है।,2026-09-14 15:43:32
SCI_HI_0490,Hindi,Science,"विद्युत धारा, विभव, प्रतिरोध एवं चुंबकत्व",Medium,चुंबकीय त्वरण निर्धारित करने के लिए निम्न में से कौन सा फॉर्मूला सही है?,चुंबकीय त्वरण = विद्युत धारा × प्रतिरोध,चुंबकीय त्वरण = चुंबकत्व × विद्युत धारा,चुंबकीय त्वरण = विभव × प्रतिरोध,चुंबकीय त्वरण = विद्युत धारा × विभव,D,चुंबकीय त्वरण = विद्युत धारा × विभव,चुंबकीय त्वरण विद्युत धारा और विभव के उत्पाद होता है।,चुंबकीय त्वरण विद्युत धारा और विभव के उत्पाद में निर्धारित होता है।,2026-09-14 15:43:32
SCI_HI_0491,Hindi,Science,"विद्युत धारा, विभव, प्रतिरोध एवं चुंबकत्व",Medium,विद्युत धारा का प्रतिरोध किसके आधार पर निर्धारित किया जाता है?,चुंबकत्व,विभव,विद्युत धारा,प्रतिरोध,A,चुंबकत्व,विद्युत धारा का प्रतिरोध चुंबकत्व के आधार पर निर्धारित किया जाता है।,चुंबकत्व विद्युत धारा के विभव को रोकता है और इस प्रकार प्रतिरोध का मान निर्धारित करता है।,2026-09-14 15:43:32
SCI_HI_0492,Hindi,Science,"विद्युत धारा, विभव, प्रतिरोध एवं चुंबकत्व",Medium,विद्युत विभव किस से परिमापित होता है?,विद्युत धारा,चुंबकत्व,प्रतिरोध,विद्युत शक्ति,B,चुंबकत्व,विद्युत विभव चुंबकत्व के अनुसार परिमापित होता है।,चुंबकत्व विद्युत विभव को ले कर रहता है और इस प्रकार इसका मान निर्धारित करता है।,2026-09-14 15:43:32
SCI_HI_0493,Hindi,Science,"विद्युत धारा, विभव, प्रतिरोध एवं चुंबकत्व",Medium,विद्युत धारा का इकाई क्या है?,अम्पे,वोल्ट,ओम,हर्ट्ज,A,अम्पे,विद्युत धारा का इकाई अम्पे है।,अम्पे विद्युत धारा का मापन इकाई है जो एक दिशा में चलने वाला विद्युत क्षमता को दर्शाता है।,2026-09-14 15:43:32
SCI_HI_0494,Hindi,Science,"विद्युत धारा, विभव, प्रतिरोध एवं चुंबकत्व",Medium,विद्युत विभव का इकाई क्या है?,अम्पे,वोल्ट,ओम,हर्ट्ज,B,वोल्ट,विद्युत विभव का इकाई वोल्ट है।,वोल्ट विद्युत विभव का मापन इकाई है जो विद्युत विभव को दर्शाता है।,2026-09-14 15:43:32
SCI_HI_0495,Hindi,Science,"विद्युत धारा, विभव, प्रतिरोध एवं चुंबकत्व",Medium,किसका इकाई ओम है?,विद्युत धारा,विभव,प्रतिरोध,चुंबकत्व,C,प्रतिरोध,प्रतिरोध का इकाई ओम है।,ओम प्रतिरोध का मापन इकाई है जो विद्युत धारा को रोकता है और इसकी मात्रा को निर्धारित करता है।,2026-09-14 15:43:32
SCI_HI_0496,Hindi,Science,"विद्युत धारा, विभव, प्रतिरोध एवं चुंबकत्व",Medium,चुंबकत्व का इकाई क्या है?,अम्पे,वोल्ट,ओम,टेडील,D,टेडील,चुंबकत्व का इकाई टेडील है।,टेडील चुंबकत्व का मापन इकाई है जो चुंबकीय क्षेत्र की तीव्रता को दर्शाता है।,2026-09-14 15:43:32
SCI_HI_0497,Hindi,Science,"आधुनिक भौतिकी, परमाणु संरचना एवं नाभिकीय ऊर्जा",Hard,नाभिकीय ऊर्जा का उत्पादन किस प्रक्रिया से होता है?,डाइवाइनिशन,कोयला द्वारा ऊर्जा उत्पादन,डिस्यूसन,ट्रांसफरमेशन,A,डाइवाइनिशन,डाइवाइनिशन नाभिकीय ऊर्जा का एक प्रक्रिया है जिसमें नाभिकों को विभाजित किया जाता है।,डाइवाइनिशन में दोलन नाभिक को विभाजित करके अधिक दहनकांदी अणु उत्पन्न किया जाता है जिससे ऊर्जा उत्पादित होती है।,2026-09-14 15:44:16
SCI_HI_0498,Hindi,Science,"आधुनिक भौतिकी, परमाणु संरचना एवं नाभिकीय ऊर्जा",Hard,किस तरह की नाभिकीय ऊर्जा उत्पादन की जाती है जब नाभिकीय संरचना स्थिर होती है?,कैल्कलेशन,कोयला द्वारा ऊर्जा उत्पादन,ब्रैकेशन,संक्षारण,C,ब्रैकेशन,ब्रैकेशन नाभिकीय ऊर्जा उत्पादन का एक प्रक्रिया है जिसमें नाभिकीय संरचना स्थिर होती है।,ब्रैकेशन में नाभिकीय संरचना की ऊर्जा लौटाई जाती है जिससे ऊर्जा उत्पादित होती है।,2026-09-14 15:44:16
SCI_HI_0499,Hindi,Science,"आधुनिक भौतिकी, परमाणु संरचना एवं नाभिकीय ऊर्जा",Hard,परमाणु संरचना में इलेक्ट्रॉन किस राज्य में स्थित होते हैं?,क्रोमोसोम,क्रोमिन,क्रोमोफाइबर,क्रोमोलोन्ड्रोम,D,क्रोमोलोन्ड्रोम,क्रोमोलोन्ड्रोम एक नाभिकीय अंग है जो इलेक्ट्रॉन को स्थान देता है।,क्रोमोलोन्ड्रोम नाभिकीय संरचना में इलेक्ट्रॉन का आवास है और इससे इलेक्ट्रॉन विभिन्न राज्यों में स्थिति देते हैं।,2026-09-14 15:44:16
SCI_HI_0500,Hindi,Science,"आधुनिक भौतिकी, परमाणु संरचना एवं नाभिकीय ऊर्जा",Hard,नाभिकीय ऊर्जा का उत्पादन किस प्रक्रिया के कारण होता है?,कैल्कलेशन,कोयला द्वारा ऊर्जा उत्पादन,ब्रैकेशन,डिस्यूसन,C,ब्रैकेशन,ब्रैकेशन नाभिकीय ऊर्जा का उत्पादन करने वाली एक प्रक्रिया है।,ब्रैकेशन नाभिकीय संरचना की ऊर्जा लौटाने वाली प्रक्रिया है जिससे नाभिकीय ऊर्जा उत्पादित होती है।,2026-09-14 15:44:16
SCI_HI_0501,Hindi,Science,"आधुनिक भौतिकी, परमाणु संरचना एवं नाभिकीय ऊर्जा",Hard,किस प्रक्रिया में नाभिकीय ऊर्जा का उत्पादन होता है जब नाभिकीय संरचना दोहरा होती है?,डाइवाइनिशन,ब्रैकेशन,कैल्कलेशन,ट्रांसफरमेशन,B,ब्रैकेशन,ब्रैकेशन नाभिकीय ऊर्जा का उत्पादन करने वाली एक प्रक्रिया है।,ब्रैकेशन में नाभिकीय संरचना दोहरा होता है जिससे ऊर्जा उत्पादित होती है।,2026-09-14 15:44:16
SCI_HI_0502,Hindi,Science,"आधुनिक भौतिकी, परमाणु संरचना एवं नाभिकीय ऊर्जा",Hard,नाभिकीय संरचना में दोलन नाभिक किसका उत्पाद है?,क्रोमोलोन्ड्रोम,डाइवाइनिशन,कैल्कलेशन,ब्रैकेशन,B,डाइवाइनिशन,डाइवाइनिशन नाभिकीय ऊर्जा का उत्पादन करने वाली प्रक्रिया है।,डाइवाइनिशन नाभिकीय संरचना से नाभिकीय ऊर्जा उत्पादित करने वाली प्रक्रिया है।,2026-09-14 15:44:16
SCI_HI_0503,Hindi,Science,"आधुनिक भौतिकी, परमाणु संरचना एवं नाभिकीय ऊर्जा",Hard,परमाणु संरचना में किस तरह की इलेक्ट्रॉन राज्य वास्तविक इलेक्ट्रॉनों की संख्या को निर्धारित करते हैं?,क्रोमोलोन्ड्रोम,क्रोमोफाइबर,क्रोमिन,क्रोमोसोम,A,क्रोमोलोन्ड्रोम,क्रोमोलोन्ड्रोम नाभिकीय संरचना में इलेक्ट्रॉन राज्यों का वास्तविक रेखांकन करता है।,क्रोमोलोन्ड्रोम नाभिकीय संरचना में इलेक्ट्रॉन राज्यों को वास्तविक रेखांकन करता है जो वास्तविक इलेक्ट्रॉनों की संख्या को निर्धारित करते हैं।,2026-09-14 15:44:16
SCI_HI_0504,Hindi,Science,"आधुनिक भौतिकी, परमाणु संरचना एवं नाभिकीय ऊर्जा",Hard,किस प्रक्रिया में नाभिकीय ऊर्जा का उत्पादन होता है जब नाभिकीय संरचना स्थिर होती है?,डाइवाइनिशन,क्रोमोफाइबर,ब्रैकेशन,क्रोमोलोन्ड्रोम,C,ब्रैकेशन,ब्रैकेशन नाभिकीय ऊर्जा का उत्पादन करने वाली प्रक्रिया है।,ब्रैकेशन नाभिकीय संरचना की ऊर्जा लौटाने वाली प्रक्रिया है जिससे नाभिकीय ऊर्जा उत्पादित होती है।,2026-09-14 15:44:16
SCI_HI_0505,Hindi,Science,"तत्व, यौगिक, मिश्रण एवं रासायनिक आबंधन",Easy,हल्का तत्व या अविक्षेपित तत्व किस प्रकार का होता है?,जिनमें धातु की अवधारणा लागू नहीं होती,जिनमें विक्षेपित आयन उत्पन्न होते हैं,जिनमें निरंतर परत उत्पन्न होती है,जिनमें रासायनिक संरचना रहती है,A,जिनमें धातु की अवधारणा लागू नहीं होती,हल्के तत्व विक्षेपित आयन नहीं उत्पन्न करते हैं और इनमें धातु की अवधारणा लागू नहीं होती.,हल्के तत्व इसके कारण धातु नहीं माने जाते क्योंकि वे अविक्षेपित आयन उत्पन्न करते हैं और निरंतर परत उत्पन्न करते हैं।,2026-09-14 15:45:02
SCI_HI_0506,Hindi,Science,"तत्व, यौगिक, मिश्रण एवं रासायनिक आबंधन",Easy,यौगिक किसकी मिश्रण होता है?,केवल आयनों,केवल अणु,आयन और अणु दोनों,केवल गैस,C,आयन और अणु दोनों,यौगिक आयन और अणु के बीच रासायनिक आबंधन से बनता है।,यौगिक में आयन और अणु दोनों होते हैं जो रासायनिक आबंधन से एक संयोजन में आते हैं।,2026-09-14 15:45:02
SCI_HI_0507,Hindi,Science,"तत्व, यौगिक, मिश्रण एवं रासायनिक आबंधन",Easy,परमाणु के आयन गुणांक क्या है?,परमाणु के द्रव्यमान का प्रतिशत,परमाणु के आयनिक आकार का अनुपात,परमाणु के आयनिक वजन का अनुपात,परमाणु के विक्षेपित आयन गुणांक,C,परमाणु के आयनिक वजन का अनुपात,आयनिक वजन गुणांक दर्शाता है कि एक परमाणु आयनित होने पर उसका वजन कितना बढ़ा या गिरा।,आयनिक वजन गुणांक दर्शाता है कि एक परमाणु आयनित होने पर उसका वजन कितना बढ़ा या गिरा है।,2026-09-14 15:45:02
SCI_HI_0508,Hindi,Science,"तत्व, यौगिक, मिश्रण एवं रासायनिक आबंधन",Easy,मिश्रण और यौगिक का भेद क्या है?,मिश्रण एक संयोजन है जबकि यौगिक एक अलग वस्तु है,यौगिक एक संयोजन है जबकि मिश्रण एक अलग वस्तु है,मिश्रण और यौगिक दोनों आयनित तत्वों के मिश्रण हैं,मिश्रण और यौगिक दोनों अलग-अलग तत्वों के मिश्रण हैं,B,यौगिक एक संयोजन है जबकि मिश्रण एक अलग वस्तु है,यौगिक आयन और अणु दोनों से बनता है जबकि मिश्रण तत्वों के संयोजन नहीं है।,यौगिक आयन और अणु दोनों से बनता है जबकि मिश्रण तत्वों के संयोजन नहीं है और दोनों तत्वों की अलग-अलग मात्रा में मिलकर बनता है।,2026-09-14 15:45:02
SCI_HI_0509,Hindi,Science,"तत्व, यौगिक, मिश्रण एवं रासायनिक आबंधन",Easy,रासायनिक आबंधन किसकी उत्पत्ति का कारण है?,आयनों के बीच इलेक्ट्रॉन स्थान बदलाव,आयनों के इलेक्ट्रॉन गणितीय संख्या का बदलाव,आयनों के बीच चुंबकीय बल,आयनों के बीच इलेक्ट्रॉन द्रव्यमान,A,आयनों के बीच इलेक्ट्रॉन स्थान बदलाव,रासायनिक आबंधन इलेक्ट्रॉन स्थान बदलाव से होता है।,रासायनिक आबंधन इलेक्ट्रॉन स्थान बदलाव से होता है जो आयनों के बीच बल जनन करता है।,2026-09-14 15:45:02
SCI_HI_0510,Hindi,Science,"तत्व, यौगिक, मिश्रण एवं रासायनिक आबंधन",Easy,किस प्रकार का यौगिक नाभिकीय आयनित तत्वों से बनता है?,केवल धातु,केवल नाभिकीय तत्व,धातु और नाभिकीय तत्व दोनों,केवल नाभिकीय तत्व,D,केवल नाभिकीय तत्व,नाभिकीय तत्व इलेक्ट्रॉन को नष्ट कर देते हैं जिससे आयन उत्पन्न होते हैं।,नाभिकीय तत्व इलेक्ट्रॉन को नष्ट कर देते हैं जिससे आयन उत्पन्न होते हैं और इन्हें यौगिक में शामिल किया जाता है।,2026-09-14 15:45:02
SCI_HI_0511,Hindi,Science,"तत्व, यौगिक, मिश्रण एवं रासायनिक आबंधन",Easy,किस प्रकार का मिश्रण अणु संरचना रहता है?,स्वतन्त्र अणु,संयोजन अणु,आयनित अणु,अणु का मिश्रण,A,स्वतन्त्र अणु,मिश्रण में अणु स्वतन्त्र रहते हैं और इनकी संरचना रहती है।,मिश्रण में अणु स्वतन्त्र रहते हैं और इनकी संरचना रहती है जिनमें उनके बीच रासायनिक आबंधन होता है।,2026-09-14 15:45:02
SCI_HI_0512,Hindi,Science,"तत्व, यौगिक, मिश्रण एवं रासायनिक आबंधन",Easy,किसका उत्पादन रासायनिक अभिक्रिया में रासायनिक ऊर्जा के रूप में होता है?,रासायनिक ऊर्जा,रासायनिक ऊर्जा की गुणवत्ता,रासायनिक ऊर्जा गुणांक,रासायनिक ऊर्जा अंतर,D,रासायनिक ऊर्जा अंतर,रासायनिक ऊर्जा अंतर रासायनिक अभिक्रिया में उत्पन्न रासायनिक ऊर्जा का माप है।,रासायनिक ऊर्जा अंतर रासायनिक अभिक्रिया में उत्पन्न रासायनिक ऊर्जा का माप है जो अणु संरचना बदलने पर उत्पन्न होती है।,2026-09-14 15:45:02
SCI_HI_0513,Hindi,Science,"तत्व, यौगिक, मिश्रण एवं रासायनिक आबंधन",Easy,रासायनिक अभिक्रिया में द्वितीय पक्ष का किस प्रकार का अवस्थान रहता है?,स्वतन्त्र अवस्था,संयोजित अवस्था,आयनित अवस्था,बनावटी अवस्था,B,संयोजित अवस्था,रासायनिक अभिक्रिया में द्वितीय पक्ष का अवस्थान संयोजित रहता है।,रासायनिक अभिक्रिया में द्वितीय पक्ष का अवस्थान संयोजित रहता है जो अणु या यौगिक को बदलता है।,2026-09-14 15:45:02
SCI_HI_0514,Hindi,Science,"आवर्त सारणी, प्रमुख धातुएं एवं अधातुएं",Medium,कौन सी धातु आवर्त सारणी के पाराब्लो समूह में स्थित है?,नाइड्रियम,कैल्शियम,बरियम,क्रोम,C,बरियम,बरियम एक लीवर ब्लॉक धातु है जो पाराब्लो समूह में स्थित है।,बरियम एक लीवर ब्लॉक धातु है जिसके अणुक्रम संख्या 56 है और यह आवर्त सारणी के पाराब्लो समूह में स्थित है।,2026-09-14 15:45:41
SCI_HI_0515,Hindi,Science,"आवर्त सारणी, प्रमुख धातुएं एवं अधातुएं",Medium,कौन सी धातु आवर्त सारणी के इन्डियन समूह में स्थित है?,कैल्शियम,थोरियम,क्रोम,कैल्शियम,B,थोरियम,थोरियम एक इन्डियन समूह धातु है जो आवर्त सारणी के यहाँ स्थित है।,थोरियम एक इन्डियन समूह धातु है जिसकी अणुक्रम संख्या 90 है और यह आवर्त सारणी के इन्डियन समूह में स्थित है।,2026-09-14 15:45:41
SCI_HI_0516,Hindi,Science,"आवर्त सारणी, प्रमुख धातुएं एवं अधातुएं",Medium,किस धातु में नाभिकीय आयनित रूप में क्रांति होती है?,नाइड्रियम,क्रोम,थोरियम,थोरियम,C,थोरियम,थोरियम में नाभिकीय आयनित रूप में क्रांति होती है जिससे यह अणुक्रम संख्या 90 से 88 तक कम हो जाती है।,थोरियम एक अपक्रियात्मक धातु है जिसमें नाभिकीय आयनित रूप में क्रांति होती है जिससे यह अणुक्रम संख्या 90 से 88 तक कम हो जाती है।,2026-09-14 15:45:41
SCI_HI_0517,Hindi,Science,"आवर्त सारणी, प्रमुख धातुएं एवं अधातुएं",Medium,कौन सी धातु रासायनिक जटिल यौगिक बनाने में उपयोग की जाती है?,नाइड्रियम,थोरियम,क्रोम,थोरियम,C,क्रोम,क्रोम एक यौगिक बनाने वाली धातु है जो रासायनिक जटिल यौगिक बनाने में उपयोग की जाती है।,क्रोम एक यौगिक बनाने वाली धातु है जिसके बैंड एनालिटिक्स रासायनिक जटिल यौगिक बनाने में उपयोग किए जाते हैं।,2026-09-14 15:45:41
SCI_HI_0518,Hindi,Science,"आवर्त सारणी, प्रमुख धातुएं एवं अधातुएं",Medium,कौन सी धातु अधातु की श्रेणी में आती है?,थोरियम,क्रोम,कैल्शियम,थोरियम,A,थोरियम,थोरियम एक अधातु है जो अधातु की श्रेणी में आती है।,थोरियम एक अधातु है जिसकी स्पष्ट अपक्रियात्मक गति देखी जाती है जिससे यह अधातु की श्रेणी में आती है।,2026-09-14 15:45:41
SCI_HI_0519,Hindi,Science,"आवर्त सारणी, प्रमुख धातुएं एवं अधातुएं",Medium,कौन सी धातु नियमित अभिक्रियाओं में सबसे गतिविक है?,थोरियम,क्रोम,नाइड्रियम,थोरियम,C,नाइड्रियम,नाइड्रियम नियमित अभिक्रियाओं में सबसे गतिविक धातु है।,नाइड्रियम एक गतिविक धातु है जो नियमित अभिक्रियाओं में बहुत गतिविधि दिखाती है।,2026-09-14 15:45:41
SCI_HI_0520,Hindi,Science,"आवर्त सारणी, प्रमुख धातुएं एवं अधातुएं",Medium,किस धातु में अणुक्रम संख्या 118 की अणु की उपस्थिति है?,थोरियम,नाइड्रियम,क्रोम,रॉमबर्गेर,D,रॉमबर्गेर,रॉमबर्गेर एक नवीन अणु है जिसकी अणुक्रम संख्या 118 है।,रॉमबर्गेर एक नवीन अणु है जिसकी अणुक्रम संख्या 118 है और यह आवर्त सारणी के अंतिम समूह में स्थित है।,2026-09-14 15:45:41
SCI_HI_0521,Hindi,Science,"आवर्त सारणी, प्रमुख धातुएं एवं अधातुएं",Medium,किस धातु में अणुक्रम संख्या 83 की अणु की उपस्थिति है?,थोरियम,क्रोम,बरियम,बरियम,D,बरियम,बरियम एक धातु है जिसकी अणुक्रम संख्या 83 है।,बरियम एक धातु है जिसकी अणुक्रम संख्या 83 है और यह आवर्त सारणी के बारेमुख समूह में स्थित है।,2026-09-14 15:45:41
SCI_HI_0522,Hindi,Science,"आवर्त सारणी, प्रमुख धातुएं एवं अधातुएं",Medium,किस धातु का अणुक्रम संख्या 29 है और यह आवर्त सारणी के इस्लियन समूह में स्थित है?,थोरियम,क्रोम,कैल्शियम,थोरियम,B,क्रोम,क्रोम एक धातु है जिसकी अणुक्रम संख्या 24 है और यह आवर्त सारणी के इस्लियन समूह में स्थित है।,क्रोम एक धातु है जिसकी अणुक्रम संख्या 24 है और यह आवर्त सारणी के इस्लियन समूह में स्थित है।,2026-09-14 15:45:41
SCI_HI_0523,Hindi,Science,"आवर्त सारणी, प्रमुख धातुएं एवं अधातुएं",Medium,किस धातु ने अणुक्रम संख्या 117 की अणु की उपस्थिति दर्शाई है?,थोरियम,क्रोम,रॉमबर्गेर,थोरियम,C,रॉमबर्गेर,रॉमबर्गेर एक नवीन अणु है जिसकी अणुक्रम संख्या 117 है।,रॉमबर्गेर एक नवीन अणु है जिसकी अणुक्रम संख्या 117 है और यह आवर्त सारणी के अंतिम समूह में स्थित है।,2026-09-14 15:45:41
SCI_HI_0524,Hindi,Science,"अम्ल, क्षार, लवण एवं दैनिक जीवन में रसायन",Hard,"वह अम्ल जिसकी जलविश्वियत वही है जिसकी अम्लता 1 है, कौन सा है?",हाइड्रोक्लोरिक अम्ल,साइक्लोलायटिक अम्ल,सार्क्स अम्ल,नाइट्रिक अम्ल,A,हाइड्रोक्लोरिक अम्ल,हाइड्रोक्लोरिक अम्ल की अम्लता और जलविश्वियत एक ही होती है।,"हाइड्रोक्लोरिक अम्ल की जलविश्वियत और अम्लता एक ही है, इसलिए यह अम्ल की अनुकूलता जल के लिए बेहतर है।",2026-09-14 15:46:40
SCI_HI_0525,Hindi,Science,"अम्ल, क्षार, लवण एवं दैनिक जीवन में रसायन",Hard,कौन सा अम्ल जल में विस्थापित होकर अम्लीय रसायन बनाता है जो प्लेस्मोडर्म रिस्फिकल अम्लीय रसायन जैसा है?,सार्क्स अम्ल,साइक्लोलायटिक अम्ल,हाइड्रोक्लोरिक अम्ल,नाइट्रिक अम्ल,A,सार्क्स अम्ल,सार्क्स अम्ल जल में विस्थापित होकर एक अम्लीय रसायन बनाता है जो अन्य अम्लों से अलग है।,सार्क्स अम्ल जल में विस्थापित होकर एक अविभाज्य अम्लीय रसायन बनाता है जो प्लेस्मोडर्म रिस्फिकल अम्लीय रसायन जैसा है।,2026-09-14 15:46:40
SCI_HI_0526,Hindi,Science,"अम्ल, क्षार, लवण एवं दैनिक जीवन में रसायन",Hard,किस अम्ल में अम्लता 14 और जलविश्वियत 100% होती है?,हाइड्रोक्लोरिक अम्ल,सार्क्स अम्ल,नाइट्रिक अम्ल,हाइड्रोक्साइक्लोलायटिक अम्ल,B,सार्क्स अम्ल,सार्क्स अम्ल एक संक्षिप्त अम्ल है जिसकी अम्लता और जलविश्वियत दोनों 100% के बराबर होते हैं।,सार्क्स अम्ल एक इस्तेमाली अम्ल है जिसमें अम्लता और जलविश्वियत दोनों 100% के बराबर होती है।,2026-09-14 15:46:40
SCI_HI_0527,Hindi,Science,"अम्ल, क्षार, लवण एवं दैनिक जीवन में रसायन",Hard,साइक्लोलायटिक अम्ल की अम्लता कितनी हो सकती है जब उसमें जलविश्वियत 100% होती है?,12,14,16,18,D,18,"साइक्लोलायटिक अम्ल की अम्लता जलविश्वियत 100% जब तक नहीं होती, तक बढ़ती रहती है।",साइक्लोलायटिक अम्ल की अम्लता जलविश्वियत 100% तक बढ़ती रहती है और जब जलविश्विति 100% हो जाती है तो अम्लता भी 18 हो जाती है।,2026-09-14 15:46:40
SCI_HI_0528,Hindi,Science,"अम्ल, क्षार, लवण एवं दैनिक जीवन में रसायन",Hard,कौन सा लवण जल में विस्थापित होकर अम्लीय रसायन बनाता है जिसकी सामान्य अम्लता 15 होती है?,सोडियम हाइड्रोक्साइड,सोडियम हाइड्रोक्लोराइक लवण,सोडियम नाइट्रेट,कैल्शियम क्लोराइड,B,सोडियम हाइड्रोक्लोराइक लवण,सोडियम हाइड्रोक्लोराइक लवण जल में विस्थापित होकर अम्लीय रसायन बनाता है जिसकी अम्लता अक्सर 15 होती है।,सोडियम हाइड्रोक्लोराइक लवण जल में विस्थापित होकर एक अम्लीय रसायन बनाता है जिसकी अम्लता अक्सर 15 होती है।,2026-09-14 15:46:40
SCI_HI_0529,Hindi,Science,"अम्ल, क्षार, लवण एवं दैनिक जीवन में रसायन",Hard,किस अम्ल ने इस गुण वाला नाम है जिसमें अम्लता जलविश्विति से आश्रित है और जलविश्विति 100% तक नहीं जा सकती है जब अम्लता बढ़ती है?,हाइड्रोक्लोरिक अम्ल,सोडियम हाइड्रोक्लोराइक अम्ल,सोडियम हाइड्रोक्साइक्लोलायटिक अम्ल,सार्क्स अम्ल,B,सोडियम हाइड्रोक्लोराइक अम्ल,सोडियम हाइड्रोक्लोराइक अम्ल अम्लता जलविश्विति से आश्रित है और जलविश्विति 100% तक नहीं जा सकती है जब अम्लता बढ़ती है।,सोडियम हाइड्रोक्लोराइक अम्ल अम्लता जलविश्विति से आश्रित है और जलविश्विति 100% तक नहीं जा सकती है जब अम्लता बढ़ती है।,2026-09-14 15:46:40
SCI_HI_0530,Hindi,Science,"अम्ल, क्षार, लवण एवं दैनिक जीवन में रसायन",Hard,किस लवण ने इस गुण वाला नाम है जिसमें लवणता अम्लता से आश्रित है और अम्लता 100% तक नहीं जा सकती है जब लवणता बढ़ती है?,सोडियम क्लोराइड,सोडियम नाइट्रेट,सोडियम नाइट्रेट लवण,सोडियम फोस्फेट,C,सोडियम नाइट्रेट लवण,सोडियम नाइट्रेट लवण लवणता अम्लता से आश्रित है और अम्लता 100% तक नहीं जा सकती है जब लवणता बढ़ती है।,सोडियम नाइट्रेट लवण लवणता अम्लता से आश्रित है और अम्लता 100% तक नहीं जा सकती है जब लवणता बढ़ती है।,2026-09-14 15:46:40
SCI_HI_0531,Hindi,Science,"अम्ल, क्षार, लवण एवं दैनिक जीवन में रसायन",Hard,कौन सा लवण जल में विस्थापित होकर अम्लीय रसायन बनाता है जिसकी अम्लता अक्सर 15 होती है और जलविश्विति 100% तक नहीं जा सकती है जब अम्लता बढ़ती है?,सोडियम क्लोराइड,सोडियम नाइट्रेट लवण,सोडियम नाइट्रेट,सोडियम हाइड्रोक्लोराइक लवण,D,सोडियम हाइड्रोक्लोराइक लवण,सोडियम हाइड्रोक्लोराइक लवण जल में विस्थापित होकर अम्लीय रसायन बनाता है जिसकी अम्लता अक्सर 15 होती है और जलविश्विति 100% तक नहीं जा सकती है जब अम्लता बढ़ती है।,सोडियम हाइड्रोक्लोराइक लवण जल में विस्थापित होकर अम्लीय रसायन बनाता है जिसकी अम्लता अक्सर 15 होती है और जलविश्विति 100% तक नहीं जा सकती है जब अम्लता बढ़ती है।,2026-09-14 15:46:40
SCI_HI_0532,Hindi,Science,"कार्बन एवं उसके यौगिक, हाइड्रोकार्बन",Medium,कार्बन यौगिक का एक उदाहरण कौन सा है?,क्लोरोफॉर्म,स्टैलिन,सोडियम कार्बोनेट,डाइऑक्सिजन,B,स्टैलिन,स्टैलिन एक कार्बन यौगिक है जो नाइट्रोजन के साथ जोड़ा गया है।,स्टैलिन में कार्बन और नाइट्रोजन दोनों अभिलेखित अभिअण्वित इलेक्ट्रॉन होते हैं जो कार्बन यौगिकों का उदाहरण बनाते हैं।,2026-09-14 15:47:31
SCI_HI_0533,Hindi,Science,"कार्बन एवं उसके यौगिक, हाइड्रोकार्बन",Medium,कार्बन की सबसे जटिल अवस्था कौन सी है?,कार्बन डाइऑक्साइड,कार्बनाइट,कार्बन राइज़,कार्बोनिल,C,कार्बन राइज़,कार्बन राइज़ अधिक जटिल है क्योंकि यह तीन अभिलेखित अभिअण्वित इलेक्ट्रॉनों का संयोजन निकालता है।,कार्बन राइज़ में कार्बन और कार्बन के बीच तीन अभिलेखित अभिअण्वित इलेक्ट्रॉन होते हैं जो इसे सबसे जटिल अवस्था बनाते हैं।,2026-09-14 15:47:31
SCI_HI_0534,Hindi,Science,"कार्बन एवं उसके यौगिक, हाइड्रोकार्बन",Medium,हाइड्रोकार्बन क्या हैं?,कार्बन के यौगिक जिनमें हाइड्रोजन नहीं होता,कार्बन यौगिक जिनमें हाइड्रोजन शामिल है,कार्बन यौगिक जिनमें अक्सीजन शामिल है,कार्बन यौगिक जिनमें नाइट्रोजन शामिल है,B,कार्बन यौगिक जिनमें हाइड्रोजन शामिल है,हाइड्रोकार्बन में कार्बन और हाइड्रोजन दोनों अभिलेखित अभिअण्वित इलेक्ट्रॉन होते हैं।,हाइड्रोकार्बन में कार्बन और हाइड्रोजन दोनों अभिलेखित अभिअण्वित इलेक्ट्रॉन होते हैं जो उसे कार्बन यौगिक बनाते हैं।,2026-09-14 15:47:31
SCI_HI_0535,Hindi,Science,"कार्बन एवं उसके यौगिक, हाइड्रोकार्बन",Medium,हाइड्रोकार्बन का एक उदाहरण कौन सा है?,क्लोरोफॉर्म,स्टैलिन,पार्किंसन अम्ल,प्लास्टिक,B,स्टैलिन,स्टैलिन एक कार्बन यौगिक है जिसमें हाइड्रोजन शामिल है।,स्टैलिन में कार्बन और हाइड्रोजन दोनों अभिलेखित अभिअण्वित इलेक्ट्रॉन होते हैं जो उसे हाइड्रोकार्बन के रूप में दर्शाते हैं।,2026-09-14 15:47:31
SCI_HI_0536,Hindi,Science,"कार्बन एवं उसके यौगिक, हाइड्रोकार्बन",Medium,कार्बन यौगिक की अभियान्तर दीर्घकालिक क्या होती है?,कार्बन और हाइड्रोजन के अभियान्तर दीर्घकालिक,कार्बन और ऑक्सीजन के अभियान्तर दीर्घकालिक,कार्बन और नाइट्रोजन के अभियान्तर दीर्घकालिक,कार्बन और क्लोरिन के अभियान्तर दीर्घकालिक,A,कार्बन और हाइड्रोजन के अभियान्तर दीर्घकालिक,कार्बन और हाइड्रोजन के अभियान्तर दीर्घकालिक होते हैं जिन्हें हाइड्रोकार्बन कहा जाता है।,कार्बन और हाइड्रोजन के अभियान्तर दीर्घकालिक होते हैं जिन्हें हाइड्रोकार्बन कहा जाता है जो कार्बन यौगिकों का एक प्रकार है।,2026-09-14 15:47:31
SCI_HI_0537,Hindi,Science,"कार्बन एवं उसके यौगिक, हाइड्रोकार्बन",Medium,कार्बन यौगिक किस अभियान्त्रिकी में वर्गीकृत किये जाते हैं?,कार्बन यौगिक,हाइड्रोकार्बन,कार्बन यौगिक एवं हाइड्रोकार्बन,कार्बन यौगिक एवं उसके अभियान्तर दीर्घकालिक,C,कार्बन यौगिक एवं हाइड्रोकार्बन,कार्बन यौगिक और हाइड्रोकार्बन दोनों अभियान्त्रिकी में वर्गीकृत किये जाते हैं।,कार्बन यौगिक और हाइड्रोकार्बन दोनों अभियान्त्रिकी में वर्गीकृत किये जाते हैं जो कार्बन यौगिकों का एक प्रकार हैं।,2026-09-14 15:47:31
SCI_HI_0538,Hindi,Science,"कार्बन एवं उसके यौगिक, हाइड्रोकार्बन",Medium,कार्बन यौगिक के एक उदाहरण कौन सा है?,क्लोरोफॉर्म,स्टैलिन,कार्बोनिल,कार्बन डाइऑक्साइड,B,स्टैलिन,स्टैलिन एक कार्बन यौगिक है जिसमें कार्बन और नाइट्रोजन दोनों अभिलेखित अभिअण्वित इलेक्ट्रॉन होते हैं।,स्टैलिन में कार्बन और नाइट्रोजन दोनों अभिलेखित अभिअण्वित इलेक्ट्रॉन होते हैं जो उसे कार्बन यौगिक के रूप में दर्शाते हैं।,2026-09-14 15:47:31
SCI_HI_0539,Hindi,Science,"कार्बन एवं उसके यौगिक, हाइड्रोकार्बन",Medium,कार्बन यौगिक किस प्रकार का यौगिक है?,कार्बन यौगिक,हाइड्रोकार्बन,कार्बन यौगिक एवं हाइड्रोकार्बन,कार्बन यौगिक एवं उसके अभियान्तर दीर्घकालिक,C,कार्बन यौगिक एवं हाइड्रोकार्बन,कार्बन यौगिक और हाइड्रोकार्बन दोनों प्रकार के कार्बन यौगिक हैं।,कार्बन यौगिक और हाइड्रोकार्बन दोनों प्रकार के कार्बन यौगिक हैं जो कार्बन यौगिकों का एक प्रकार हैं।,2026-09-14 15:47:31
SCI_HI_0540,Hindi,Science,"कोशिका संरचना, कोशिका विभाजन एवं आनुवंशिकी",Medium,कोशिका की किस भाग की विभाजन की प्रक्रिया किसी व्यक्ति के शरीर में नवजात अंगों की विकास के लिए आवश्यक है?,स्टेम कोशिकाओं का,आइपोसोमल कोशिकाओं का,आइपोसोमल रिबोसोमों का,आइपोसोमल टेन्टोकलियम का,A,स्टेम कोशिकाओं का,कोशिका की स्टेम कोशिकाओं का विभाजन नवजात अंगों की उत्पत्ति के लिए क्षमता देता है।,स्टेम कोशिकाओं के विभाजन के द्वारा नवजात अंग बनाना होता है जो बाद में विकसित होते जाते हैं।,2026-09-14 15:48:21
SCI_HI_0541,Hindi,Science,"कोशिका संरचना, कोशिका विभाजन एवं आनुवंशिकी",Medium,कोशिका की किस भाग में प्रोटीन का सинथेसिस होता है?,नास्लीक,एन्सिलोमा,आइपोसोमल रिबोसोम,आइपोसोमल अक्सीडेंट,C,आइपोसोमल रिबोसोम,आइपोसोमल रिबोसोम प्रोटीन का निर्माण करते हैं।,आइपोसोमल रिबोसोम एक नास्लीकीय अनुकूलन संरचना है जो प्रोटीन के प्रोटीनोम डीआरएनए को अनुक्रमित करके प्रोटीन का सिंथेसिस करता है।,2026-09-14 15:48:21
SCI_HI_0542,Hindi,Science,"कोशिका संरचना, कोशिका विभाजन एवं आनुवंशिकी",Medium,कोशिका विभाजन के दौरान एन्डोस्मोलिक स्पर्शीय सैटेलाइट किसका बनता है?,नास्लीक,नास्लीक कोशिका विभाजन,आइपोसोमल टेन्टोकलियम,स्टेम कोशिकाएँ,B,नास्लीक कोशिका विभाजन,नास्लीक कोशिका विभाजन एन्डोस्मोलिक स्पर्शीय सैटेलाइट के विकास का प्रक्रिया है।,"नास्लीक कोशिका विभाजन के दौरान, नास्लीक को दो भागों में विभाजित हो जाते हैं जिनमें एक एन्डोस्मोलिक स्पर्शीय सैटेलाइट होता है।",2026-09-14 15:48:21
SCI_HI_0543,Hindi,Science,"कोशिका संरचना, कोशिका विभाजन एवं आनुवंशिकी",Medium,किस विकल्प में विभाजन के दौरान कोशिका की तन्त्रजीवी अनुकूलन संरचना का विभाजन होता है?,नास्लीक,नास्लीक कोशिका विभाजन,आइपोसोमल टेन्टोकलियम,स्टेम कोशिकाएँ,B,नास्लीक कोशिका विभाजन,नास्लीक कोशिका विभाजन में नास्लीक कोशिका का विभाजन होता है।,नास्लीक कोशिका विभाजन दो नास्लीक कोशिकाओं के बनाने की प्रक्रिया है जिनमें एक नास्लीक और दूसरे का आभासी उत्पाद होता है।,2026-09-14 15:48:21
SCI_HI_0544,Hindi,Science,"कोशिका संरचना, कोशिका विभाजन एवं आनुवंशिकी",Medium,किस विकल्प में विभाजन के दौरान कोशिका की तन्त्रजीवी अनुकूलन संरचना का विभाजन नहीं होता?,नास्लीक,नास्लीक कोशिका विभाजन,आइपोसोमल टेन्टोकलियम,स्टेम कोशिकाएँ,C,आइपोसोमल टेन्टोकलियम,आइपोसोमल टेन्टोकलियम में तन्त्रजीवी अनुकूलन संरचना का विभाजन नहीं होता।,आइपोसोमल टेन्टोकलियम एक सरल विभाजन है जिसमें तन्त्रजीवी अनुकूलन संरचना नहीं होती है।,2026-09-14 15:48:21
SCI_HI_0545,Hindi,Science,"कोशिका संरचना, कोशिका विभाजन एवं आनुवंशिकी",Medium,किस विकल्प में विभाजन के दौरान नास्लीक कोशिका का विभाजन होता है?,नास्लीक,नास्लीक कोशिका विभाजन,आइपोसोमल टेन्टोकलियम,स्टेम कोशिकाएँ,B,नास्लीक कोशिका विभाजन,नास्लीक कोशिका विभाजन में नास्लीक कोशिका का विभाजन होता है।,नास्लीक कोशिका विभाजन में नास्लीक कोशिका को दो भागों में विभाजित किया जाता है।,2026-09-14 15:48:21
SCI_HI_0546,Hindi,Science,"कोशिका संरचना, कोशिका विभाजन एवं आनुवंशिकी",Medium,कोशिका विभाजन के दौरान किस विकल्प का उपयोग किया जाता है जिसमें कोशिका का अच्छा रास्ता तैयार किया जाता है?,नास्लीक,नास्लीक कोशिका विभाजन,आइपोसोमल टेन्टोकलियम,स्टेम कोशिकाएँ,C,आइपोसोमल टेन्टोकलियम,आइपोसोमल टेन्टोकलियम एक रास्ता तैयार करता है जो नए कोशिकाओं के विकास में मदद करता है।,आइपोसोमल टेन्टोकलियम नए कोशिकाओं की तन्त्रजीवी अनुकूलन संरचना के लिए एक रास्ता तैयार करता है।,2026-09-14 15:48:21
SCI_HI_0547,Hindi,Science,"कोशिका संरचना, कोशिका विभाजन एवं आनुवंशिकी",Medium,किस विकल्प में आनुवंशिक अनुकूलन संरचना को दो भागों में विभाजित किया जाता है?,नास्लीक,नास्लीक कोशिका विभाजन,आइपोसोमल टेन्टोकलियम,स्टेम कोशिकाएँ,B,नास्लीक कोशिका विभाजन,नास्लीक कोशिका विभाजन में आनुवंशिक अनुकूलन संरचना को दो भागों में विभाजित किया जाता है।,नास्लीक कोशिका विभाजन में आनुवंशिक अनुकूलन संरचना को दो नास्लीकों में विभाजित किया जाता है।,2026-09-14 15:48:21
SCI_HI_0548,Hindi,Science,"कोशिका संरचना, कोशिका विभाजन एवं आनुवंशिकी",Medium,किस विकल्प में कोशिका की आनुवंशिक अनुकूलन संरचना नहीं होती?,नास्लीक,नास्लीक कोशिका विभाजन,आइपोसोमल टेन्टोकलियम,स्टेम कोशिकाएँ,C,आइपोसोमल टेन्टोकलियम,आइपोसोमल टेन्टोकलियम में कोशिका की आनुवंशिक अनुकूलन संरचना नहीं होती।,आइपोसोमल टेन्टोकलियम एक अपैक्टिव रूप से विभाजित होने वाली संरचना है जिसमें आनुवंशिक अनुकूलन संरचना नहीं होती।,2026-09-14 15:48:21
SCI_HI_0549,Hindi,Science,"कोशिका संरचना, कोशिका विभाजन एवं आनुवंशिकी",Medium,किस विकल्प में कोशिका की आनुवंशिक अनुकूलन संरचना बनाई जाती है?,नास्लीक,नास्लीक कोशिका विभाजन,आइपोसोमल टेन्टोकलियम,स्टेम कोशिकाएँ,B,नास्लीक कोशिका विभाजन,नास्लीक कोशिका विभाजन में कोशिका की आनुवंशिक अनुकूलन संरचना बनाई जाती है।,नास्लीक कोशिका विभाजन में आनुवंशिक अनुकूलन संरचना को दो नास्लीकों में विभाजित किया जाता है।,2026-09-14 15:48:21
SCI_HI_0550,Hindi,Science,"मानव शरीर तंत्र (पाचन, श्वसन, रक्त परिसंचरण, तंत्रिका तंत्र)",Hard,स्थैतिक रक्त परिसंचरण किस तंत्र से संबंधित है?,पाचन तंत्र,श्वसन तंत्र,रक्त परिसंचरण तंत्र,तंत्रिका तंत्र,C,रक्त परिसंचरण तंत्र,स्थैतिक रक्त परिसंचरण तंत्र से संबंधित है क्योंकि यह रक्त के विभिन्न भागों को एक दूसरे से अलग करता है और उनके बीच रक्त की चाल संचालित करता है।,स्थैतिक रक्त परिसंचरण तंत्र के द्वारा रक्त की चाल और रक्त भागों के बीच विनिर्माण का नियंत्रण होता है।,2026-09-14 15:49:28
SCI_HI_0551,Hindi,Science,"मानव शरीर तंत्र (पाचन, श्वसन, रक्त परिसंचरण, तंत्रिका तंत्र)",Hard,हृदयाधिकार की रोगों की कौन सी विशेष रूप से श्वसन तंत्र के कारण होती हैं?,ह्रास,त्रस्तुम्हर,ह्रास और त्रस्तुम्हर,बीमारी,C,ह्रास और त्रस्तुम्हर,ह्रास और त्रस्तुम्हर रूप से श्वसन तंत्र के कारण होते हैं क्योंकि श्वसन की क्षमता कम होने से होते हैं।,ह्रास और त्रस्तुम्हर श्वसन तंत्र के कारण होते हैं जिनमें आंशिक या पूर्ण श्वसन की क्षमता कम हो जाती है।,2026-09-14 15:49:28
SCI_HI_0552,Hindi,Science,"मानव शरीर तंत्र (पाचन, श्वसन, रक्त परिसंचरण, तंत्रिका तंत्र)",Hard,प्रायोजक रक्त परिसंचरण किस तंत्र से संबंधित है?,पाचन तंत्र,श्वसन तंत्र,रक्त परिसंचरण तंत्र,तंत्रिका तंत्र,C,रक्त परिसंचरण तंत्र,प्रायोजक रक्त परिसंचरण तंत्र से संबंधित है क्योंकि यह रक्त की शक्ति और अन्य प्रायोजक रासायनिक द्रव सामग्रियों के विसर्जन को संचालित करता है।,प्रायोजक रक्त परिसंचरण तंत्र रक्त की शक्ति और अन्य प्रायोजक रासायनिक द्रव सामग्रियों के विसर्जन को संचालित करता है।,2026-09-14 15:49:28
SCI_HI_0553,Hindi,Science,"मानव शरीर तंत्र (पाचन, श्वसन, रक्त परिसंचरण, तंत्रिका तंत्र)",Hard,पाचन तंत्र में कौन सा अंग अपनी कार्यक्षमता की गुणवत्ता और नियंत्रण को सुधारने में महत्वपूर्ण भूमिका नहीं निभा सकता है?,पाचन कोशिका,पाचन क्षेत्र,पाचन रक्त चाल,पाचन तन्त्रिका,D,पाचन तन्त्रिका,पाचन तन्त्रिका पाचन तंत्र में कार्यक्षमता की गुणवत्ता और नियंत्रण में नहीं सहायता देती क्योंकि ये पाचन कोशिकाओं और रक्त चाल के अनुसार काम करती हैं।,पाचन तन्त्रिका पाचन कोशिकाओं और रक्त चाल के अनुसार काम करती हैं और इनकी कार्यक्षमता की गुणवत्ता और नियंत्रण में सहायता देती हैं।,2026-09-14 15:49:28
SCI_HI_0554,Hindi,Science,"मानव शरीर तंत्र (पाचन, श्वसन, रक्त परिसंचरण, तंत्रिका तंत्र)",Hard,श्वसन तंत्र का ज्ञात हुआ कार्य मुख्य रूप से किसके साथ संबंधित है?,रक्त,पाचन तंत्र,तंत्रिका तंत्र,पाचन और रक्त परिसंचरण तंत्र,A,रक्त,श्वसन तंत्र का ज्ञात हुआ कार्य मुख्य रूप से रक्त से संबंधित है क्योंकि यह रक्त के द्वारा वातावरण से गाड़ी की अनुशासन करता है।,श्वसन तंत्र रक्त के द्वारा वातावरण से गाड़ी की अनुशासन करता है और इस प्रकार रक्त से संबंधित है।,2026-09-14 15:49:28
SCI_HI_0555,Hindi,Science,"मानव शरीर तंत्र (पाचन, श्वसन, रक्त परिसंचरण, तंत्रिका तंत्र)",Hard,रक्त परिसंचरण तंत्र में रक्त का अच्छा लैप्सन किस तंत्र की विधि का उपयोग करता है?,पाचन तंत्र,श्वसन तंत्र,तंत्रिका तंत्र,रक्त परिसंचरण तंत्र,D,रक्त परिसंचरण तंत्र,रक्त परिसंचरण तंत्र रक्त का अच्छा लैप्सन करता है क्योंकि यह रक्त के विभिन्न भागों को एक दूसरे से अलग करता है और उनकी चाल संचालित करता है।,रक्त परिसंचरण तंत्र रक्त के विभिन्न भागों को एक दूसरे से अलग करता है और उनकी चाल संचालित करता है जिससे रक्त का अच्छा लैप्सन होता है।,2026-09-14 15:49:28
SCI_HI_0556,Hindi,Science,"मानव शरीर तंत्र (पाचन, श्वसन, रक्त परिसंचरण, तंत्रिका तंत्र)",Hard,तंत्रिका तंत्र में तन्त्रिका कैसे श्वसन तंत्र को संचालित करती हैं?,रक्त में तन्त्रिका के लैप्सन से,श्वसन तंत्र को रक्त में तन्त्रिका के लैप्सन से संचालित करती हैं,तन्त्रिका कोशिकाओं द्वारा श्वसन तंत्र को नियंत्रित करती हैं,श्वसन तंत्र को रक्त में तन्त्रिका के लैप्सन से संचालित करती हैं,D,श्वसन तंत्र को रक्त में तन्त्रिका के लैप्सन से संचालित करती हैं,तंत्रिका तंत्र में तन्त्रिका श्वसन तंत्र को रक्त में तन्त्रिका के लैप्सन से संचालित करती हैं क्योंकि तन्त्रिका तंत्र रक्त में तन्त्रिका के लैप्सन द्वारा श्वसन तंत्र को संचालित करता है।,तंत्रिका तंत्र रक्त में तन्त्रिका के लैप्सन द्वारा श्वसन तंत्र को संचालित करता है जिससे तन्त्रिका तंत्र श्वसन तंत्र को संचालित करती हैं।,2026-09-14 15:49:28
SCI_HI_0557,Hindi,Science,"मानव शरीर तंत्र (पाचन, श्वसन, रक्त परिसंचरण, तंत्रिका तंत्र)",Hard,पाचन तंत्र में किस तन्त्र द्वारा रक्त का पाचन और अंदरूनी द्रव बनाने में सहायता मिलती है?,श्वसन तंत्र,रक्त परिसंचरण तंत्र,तंत्रिका तंत्र,पाचन तंत्रिका,D,पाचन तंत्रिका,पाचन तंत्र में पाचन तंत्रिका रक्त का पाचन और अंदरूनी द्रव बनाने में सहायता मिलाती है क्योंकि ये पाचन कोशिकाओं द्वारा उत्पन्न अंदरूनी द्रव को रक्त में बदलाव करती हैं।,पाचन तंत्र में पाचन तंत्रिका पाचन कोशिकाओं द्वारा उत्पन्न अंदरूनी द्रव को रक्त में बदलाव करती हैं जिससे रक्त का पाचन और अंदरूनी द्रव बनाने में सहायता मिलती है।,2026-09-14 15:49:28
SCI_HI_0558,Hindi,Science,"मानव शरीर तंत्र (पाचन, श्वसन, रक्त परिसंचरण, तंत्रिका तंत्र)",Hard,रक्त परिसंचरण तंत्र में किसका अच्छा लैप्सन रक्त की चाल को सुधारने में महत्वपूर्ण भूमिका नहीं निभा सकता है?,रक्त,पाचन तंत्र,श्वसन तंत्र,तंत्रिका तंत्र,D,तंत्रिका तंत्र,रक्त परिसंचरण तंत्र में तंत्रिका तंत्र का अच्छा लैप्सन रक्त की चाल को सुधारने में महत्वपूर्ण भूमिका नहीं निभा सकता है क्योंकि रक्त की चाल रक्त परिसंचरण तंत्र के अनुसार होती है।,रक्त परिसंचरण तंत्र में रक्त की चाल रक्त परिसंचरण तंत्र के अनुसार होती है जिससे तंत्रिका तंत्र का अच्छा लैप्सन रक्त की चाल को सुधारने में महत्वपूर्ण भूमिका नहीं निभा सकता है।,2026-09-14 15:49:28
SCI_HI_0559,Hindi,Science,"मानव शरीर तंत्र (पाचन, श्वसन, रक्त परिसंचरण, तंत्रिका तंत्र)",Hard,श्वसन तंत्र में रक्त की चाल का नियंत्रण किसके द्वारा किया जाता है?,श्वसन कोशिका,पाचन तंत्र,तंत्रिका तंत्र,रक्त परिसंचरण तंत्र,A,श्वसन कोशिका,श्वसन तंत्र में रक्त की चाल का नियंत्रण श्वसन कोशिका द्वारा किया जाता है क्योंकि ये श्वसन तंत्र की चाल को नियंत्रित करती है।,श्वसन तंत्र में रक्त की चाल का नियंत्रण श्वसन कोशिका द्वारा किया जाता है जिससे रक्त की चाल श्वसन तंत्र की चाल के अनुसार होती है।,2026-09-14 15:49:28
SCI_HI_0560,Hindi,Science,"मानव शरीर तंत्र (पाचन, श्वसन, रक्त परिसंचरण, तंत्रिका तंत्र)",Hard,पाचन तंत्र में रक्त का अच्छा लैप्सन किस तंत्र की विधि का उपयोग करता है?,श्वसन तंत्र,रक्त परिसंचरण तंत्र,पाचन तंत्रिका,तंत्रिका तंत्र,B,रक्त परिसंचरण तंत्र,पाचन तंत्र में रक्त का अच्छा लैप्सन रक्त परिसंचरण तंत्र की विधि का उपयोग करता है क्योंकि रक्त परिसंचरण तंत्र रक्त के विभिन्न भागों को एक दूसरे से अलग करता है और उनकी चाल संचालित करता है।,पाचन तंत्र में रक्त का अच्छा लैप्सन रक्त परिसंचरण तंत्र की विधि का उपयोग करता है जिससे रक्त के विभिन्न भागों को एक दूसरे से अलग किया जाता है और उनकी चाल संचालित किया जाता है।,2026-09-14 15:49:28
SCI_HI_0561,Hindi,Science,"मानव स्वास्थ्य, पोषण, विटामिन एवं प्रमुख रोग",Easy,विटामिन C किस प्रकार के रोग को उपचार करने में मदद करता है?,किशोर रक्त वाहक अणु की गर्भावस्था,बाल विकास संक्रमण,ह्यूमोरल इम्यूनिटी की गतिशीलता,संक्रमणीय रोग,D,संक्रमणीय रोग,विटामिन C विभिन्न संक्रमणीय रोगों को उपचार करने में मदद करता है क्योंकि यह इम्यूनिटी को मजबूत करता है।,विटामिन C नासीक और आंतरिक रक्त में जटिलता बढ़ाने वाले रोगों के उपचार में उपयोगी होता है।,2026-09-14 15:50:19
SCI_HI_0562,Hindi,Science,"मानव स्वास्थ्य, पोषण, विटामिन एवं प्रमुख रोग",Easy,मानव शरीर में किस प्रकार की नाश्ता राशि सबसे अधिक विटामिन C को बनाने में मदद करती है?,फार्मिक अम्ल,अम्लीय रासायनिक अणु,स्लेड अम्ल,सुखी अम्ल,B,अम्लीय रासायनिक अणु,अम्लीय रासायनिक अणु को विटामिन C के बनाने में मदद करते हैं क्योंकि विटामिन C को अम्लीय परामर्श बनाने में आवश्यक तरह का मालक है।,अम्लीय रासायनिक अणु विटामिन C को उत्पादित करने में मदद करते हैं।,2026-09-14 15:50:19
SCI_HI_0563,Hindi,Science,"मानव स्वास्थ्य, पोषण, विटामिन एवं प्रमुख रोग",Easy,विटामिन C किस प्रकार की रोग प्रकार का उपचार करने में मदद करता है?,किशोर रक्त वाहक अणु की गर्भावस्था,बाल विकास संक्रमण,संक्रमणीय रोग,हंस रोग,C,संक्रमणीय रोग,विटामिन C रक्त में इम्यूनिटी को मजबूत करके संक्रमणीय रोग का उपचार में मदद करता है।,विटामिन C संक्रमणीय रोगों को उपचार करने में मदद करता है क्योंकि यह इम्यूनिटी को मजबूत करता है।,2026-09-14 15:50:19
SCI_HI_0564,Hindi,Science,"मानव स्वास्थ्य, पोषण, विटामिन एवं प्रमुख रोग",Easy,कौन सा नाश्ता राशि प्रमुख रोगों को उपचार करने में उपयोगी होता है?,जैविक प्राप्त नाश्ता,निष्क्रिय नाश्ता,कार्बोहाइड्रेट,विटामिन C,D,विटामिन C,विटामिन C विभिन्न प्रकार की रोगों को उपचार करने में मदद करता है उसके अलावा इसकी नाश्ता राशि शरीर में विटामिन C की निरंतर राय बनाने में मदद करती है।,विटामिन C गुमान रोगों और रक्त रोगों के उपचार में उपयोगी होता है।,2026-09-14 15:50:19
SCI_HI_0565,Hindi,Science,"मानव स्वास्थ्य, पोषण, विटामिन एवं प्रमुख रोग",Easy,विटामिन C किस प्रकार की रोगों को उपचार करने में मदद करता है?,किशोर रक्त वाहक अणु की गर्भावस्था,बाल विकास संक्रमण,संक्रमणीय रोग,हंस रोग,C,संक्रमणीय रोग,विटामिन C इन रोगों को उपचार करने में मदद करता है क्योंकि यह इम्यूनिटी को मजबूत करके रोगों से रक्षा करता है।,विटामिन C रक्त में इम्यूनिटी को मजबूत करके संक्रमणीय रोगों का उपचार में मदद करता है।,2026-09-14 15:50:19
SCI_HI_0566,Hindi,Science,"मानव स्वास्थ्य, पोषण, विटामिन एवं प्रमुख रोग",Easy,विटामिन C किस प्रकार की पार्श्वावस्था में शरीर को मजबूत बनाता है?,किशोर रक्त वाहक अणु की गर्भावस्था,बाल विकास संक्रमण,संक्रमणीय रोग,हंस रोग,C,संक्रमणीय रोग,विटामिन C संक्रमणीय रोगों को उपचार करने में मदद करता है और इस तरह शरीर को पार्श्वावस्था में मजबूत बनाता है।,विटामिन C संक्रमणीय रोगों को उपचार करने में मदद करता है और शरीर को पार्श्वावस्था में मजबूत बनाता है।,2026-09-14 15:50:19
SCI_HI_0567,Hindi,Science,"मानव स्वास्थ्य, पोषण, विटामिन एवं प्रमुख रोग",Easy,विटामिन C विभिन्न किसी रोग की उपचार के लिए किस तरह का महत्वपूर्ण भूमिका निभाता है?,किशोर रक्त वाहक अणु की गर्भावस्था,बाल विकास संक्रमण,संक्रमणीय रोग,हंस रोग,C,संक्रमणीय रोग,विटामिन C संक्रमणीय रोगों को उपचार करने में मदद करता है और इस तरह शरीर को रोगों से रक्षा करता है।,विटामिन C संक्रमणीय रोगों को उपचार करने में मदद करता है और शरीर को रोगों से रक्षा करता है।,2026-09-14 15:50:19
SCI_HI_0568,Hindi,Science,"मानव स्वास्थ्य, पोषण, विटामिन एवं प्रमुख रोग",Easy,पोषण में विटामिन C किस रूप में उपयोगी होता है?,किशोर रक्त वाहक अणु की गर्भावस्था,बाल विकास संक्रमण,संक्रमणीय रोग,संक्रमणीय रोगों को उपचार करने में मदद करता है,D,संक्रमणीय रोगों को उपचार करने में मदद करता है,विटामिन C संक्रमणीय रोगों को उपचार करने में मदद करता है और इस तरह शरीर को रोगों से रक्षा करता है।,विटामिन C संक्रमणीय रोगों को उपचार करने में मदद करता है और शरीर को रोगों से रक्षा करता है।,2026-09-14 15:50:19
SCI_HI_0569,Hindi,Science,"मानव स्वास्थ्य, पोषण, विटामिन एवं प्रमुख रोग",Easy,विटामिन C किस प्रकार के रोगों को उपचार करने में मदद करता है?,किशोर रक्त वाहक अणु की गर्भावस्था,बाल विकास संक्रमण,संक्रमणीय रोग,हंस रोग,C,संक्रमणीय रोग,विटामिन C इन रोगों को उपचार करने में मदद करता है क्योंकि यह इम्यूनिटी को मजबूत करके रोगों से रक्षा करता है।,विटामिन C इन रोगों को उपचार करने में मदद करता है क्योंकि यह इम्यूनिटी को मजबूत करके रोगों से रक्षा करता है।,2026-09-14 15:50:19
SCI_HI_0570,Hindi,Science,"मानव स्वास्थ्य, पोषण, विटामिन एवं प्रमुख रोग",Easy,विटामिन C शरीर को किस प्रकार की रोगों से रक्षा करता है?,किशोर रक्त वाहक अणु की गर्भावस्था,बाल विकास संक्रमण,संक्रमणीय रोग,हंस रोग,C,संक्रमणीय रोग,विटामिन C इन रोगों को उपचार करने में मदद करता है क्योंकि यह इम्यूनिटी को मजबूत करके रोगों से रक्षा करता है।,विटामिन C इन रोगों को उपचार करने में मदद करता है क्योंकि यह इम्यूनिटी को मजबूत करके रोगों से रक्षा करता है।,2026-09-14 15:50:19
SCI_HI_0571,Hindi,Science,"पादप कार्यिकी, प्रकाश संश्लेषण एवं पादप हार्मोन",Medium,प्रकाश संश्लेषण की उपज किस स्तर पर पादप कार्यिकी में सबसे महत्वपूर्ण होती है?,कार्बनिक अणुओं की उत्पत्ति,पादपों की विशिष्ट गुणात्मकताओं के विकास,पादप की ताप संतुलन गुणता,पादप की रक्त आपातकालीन रक्षा,A,कार्बनिक अणुओं की उत्पत्ति,कार्बनिक अणुओं की उत्पत्ति प्रकाश संश्लेषण की उपज से होती है जो पादपों के गुणात्मक विकास के लिए आवश्यक हैं।,कार्बनिक अणुओं की उत्पत्ति से उत्पन्न अणुओं को पादप द्वारा बायोक्राइमेटिक प्रक्रियाओं में उपयोग किया जाता है जो उनकी विशिष्ट गुणात्मकता के विकास में निर्णायक है।,2026-09-14 15:51:16
SCI_HI_0572,Hindi,Science,"पादप कार्यिकी, प्रकाश संश्लेषण एवं पादप हार्मोन",Medium,प्रकाश संश्लेषण में रोटिंग क्षुद्र कोशिकाएँ किस पदार्थ का उपयोग करती हैं?,दीवान,पादप हार्मोन,प्रकाश,पादपीय अणु,C,प्रकाश,प्रकाश का उपयोग रोटिंग क्षुद्र कोशिकाओं द्वारा अपनी ऊर्जा और अणु उत्पत्ति के लिए किया जाता है।,"प्रकाश संश्लेषण में, रोटिंग क्षुद्र कोशिकाओं ने तांबा जैसे खनिज और प्रकाश का उपयोग किया जाता है जो उनकी ऊर्जा और अणु उत्पत्ति को संभव बनाता है।",2026-09-14 15:51:16
SCI_HI_0573,Hindi,Science,"पादप कार्यिकी, प्रकाश संश्लेषण एवं पादप हार्मोन",Medium,पादप कार्यिकी में प्रमुख हार्मोन किस प्रकार की कार्यिकी का नियंत्रण करता है?,आइपोफियल हार्मोन,एन्जाइम की कार्यिकी,प्रकाश संश्लेषण की कार्यिकी,पादपों की उत्पत्ति,B,एन्जाइम की कार्यिकी,हार्मोन एन्जाइम की कार्यिकी को नियंत्रित करता है जो पादप कार्यिकी के अनेक चरणों में जोड़ा गया है।,हार्मोन पादप कार्यिकी में एन्जाइमों की कार्यिकी को नियंत्रित करता है जो प्रक्रियाओं को समय-स्थानीय तौर पर कार्य करने देता है।,2026-09-14 15:51:16
SCI_HI_0574,Hindi,Science,"पादप कार्यिकी, प्रकाश संश्लेषण एवं पादप हार्मोन",Medium,प्रकाश संश्लेषण में अपोलिफिथल रोटिंग क्षुद्र कोशिका किस रूप में सहयोग करती है?,कार्बनिक अणुओं की उत्पत्ति को समाप्त करती है,प्रकाश उत्पादन करती है,कार्बनिक अणुओं की उत्पत्ति में अवशेष निकालती है,प्रकाश इकाई को अनुप्राणित करती है,C,कार्बनिक अणुओं की उत्पत्ति में अवशेष निकालती है,अपोलिफिथल रोटिंग क्षुद्र कोशिका प्रकाश संश्लेषण की अवशेष को हटाने में सहयोग करती है।,अपोलिफिथल रोटिंग क्षुद्र कोशिकाएँ कार्बनिक अणुओं की उत्पत्ति के अवशेष को निकालकर शुद्ध करती हैं।,2026-09-14 15:51:16
SCI_HI_0575,Hindi,Science,"पादप कार्यिकी, प्रकाश संश्लेषण एवं पादप हार्मोन",Medium,प्रकाश संश्लेषण के दौरान विकास की किस तुलना में यूनिट श्रृंखला किस प्रकार के रूप में वास्तविक है?,आयुष्य,रोटिंग,परिवर्तन,क्लोरोप्लास्ट,B,रोटिंग,प्रकाश संश्लेषण की विकास की तुलना में यूनिट श्रृंखला रोटिंग की प्रक्रिया का एक संक्षिप्त रूप है।,प्रकाश संश्लेषण में रोटिंग क्षुद्र कोशिकाएँ उन प्रक्रियाओं को तकनीकी रूप से विभाजित करती हैं जो विकास की तुलना में लंबी और बहुत जटिल होती हैं।,2026-09-14 15:51:16
SCI_HI_0576,Hindi,Science,"पादप कार्यिकी, प्रकाश संश्लेषण एवं पादप हार्मोन",Medium,पादप कार्यिकी में प्रमुख रोटिंग क्षुद्र कोशिका कौन सी है?,सिलिया,क्लोरोप्लास्ट,एन्जाइमोसिस्टम,स्टामियन,B,क्लोरोप्लास्ट,क्लोरोप्लास्ट रोटिंग क्षुद्र कोशिका है जो प्रकाश संश्लेषण का स्थान बनाता है।,क्लोरोप्लास्ट रोटिंग क्षुद्र कोशिका है जो प्रकाश संश्लेषण की विकास के चरणों को समायोजित करने में नियंत्रित करती है।,2026-09-14 15:51:16
SCI_HI_0577,Hindi,Science,"पादप कार्यिकी, प्रकाश संश्लेषण एवं पादप हार्मोन",Medium,प्रकाश संश्लेषण में अंकिलोफिथल रोटिंग क्षुद्र कोशिका किस पर कार्य करती है?,प्रकाश संश्लेषण को बारी-बारी से आरंभ करती है,कार्बनिक अणुओं की उत्पत्ति को शुद्ध करती है,कार्बनिक अणुओं की उत्पत्ति को निकालती है,प्रकाश संश्लेषण की उपज को बारी-बारी से बांटती है,D,प्रकाश संश्लेषण की उपज को बारी-बारी से बांटती है,अंकिलोफिथल रोटिंग क्षुद्र कोशिका प्रकाश संश्लेषण की उपज को बारी-बारी से बांटती है जो अन्य कोशिकाओं में पाए जाते हैं।,अंकिलोफिथल रोटिंग क्षुद्र कोशिकाएँ प्रकाश संश्लेषण की उपज को दूसरी कोशिकाओं में बांटकर उपयोग करने की अनुमति देती है।,2026-09-14 15:51:16
SCI_HI_0578,Hindi,Science,"पादप कार्यिकी, प्रकाश संश्लेषण एवं पादप हार्मोन",Medium,पादप कार्यिकी में हार्मोन का नियंत्रण कौन से प्रक्रियाओं में सबसे ज्यादा उपयोगी होता है?,प्रकाश संश्लेषण,पादप की उत्पत्ति,कार्बनिक अणुओं की उत्पत्ति,पादप की रक्त आपातकालीन रक्षा,D,पादप की रक्त आपातकालीन रक्षा,पादप कार्यिकी में हार्मोन का नियंत्रण पादप की रक्त आपातकालीन रक्षा की प्रक्रियाओं में सबसे ज्यादा उपयोगी होता है।,हार्मोन पादप की रक्त आपातकालीन रक्षा की प्रक्रियाओं को नियंत्रित करने में एक महत्वपूर्ण भूमिका निभाते हैं।,2026-09-14 15:51:16
SCI_HI_0579,Hindi,Science,"पादप कार्यिकी, प्रकाश संश्लेषण एवं पादप हार्मोन",Medium,पादप कार्यिकी में प्रकाश संश्लेषण के अवशेष निकालने के लिए किस रोटिंग क्षुद्र कोशिका का उपयोग किया जाता है?,अपोलिफिथल,क्लोरोप्लास्ट,अंकिलोफिथल,सिलिया,A,अपोलिफिथल,अपोलिफिथल रोटिंग क्षुद्र कोशिका पादप कार्यिकी में प्रकाश संश्लेषण के अवशेष निकालने के लिए उपयोग की जाती है।,अपोलिफिथल रोटिंग क्षुद्र कोशिकाएँ अवशेष को हटाने और शुद्ध करने की अनुमति देती है।,2026-09-14 15:51:16
SCI_HI_0580,Hindi,Science,"पादप कार्यिकी, प्रकाश संश्लेषण एवं पादप हार्मोन",Medium,पादप कार्यिकी में प्रकाश संश्लेषण का विकास किस प्रकार के रूप में वर्गीकृत किया जाता है?,रोटिंग,कार्बनिक अणुओं की उत्पत्ति,प्रकाश संश्लेषण,क्लोरोप्लास्ट,A,रोटिंग,पादप कार्यिकी में प्रकाश संश्लेषण का विकास रोटिंग की एक प्रक्रिया के रूप में वर्गीकृत किया जाता है।,प्रकाश संश्लेषण की विकास की तुलना में रोटिंग एक विशेष तरीके से विभाजित प्रक्रिया है।,2026-09-14 15:51:16
SCI_HI_0581,Hindi,Science,"पारिस्थितिकी तंत्र, जैव विविधता एवं प्रदूषण",Hard,सामान्य वितरण के माध्यम से जैविक विविधता को रोकने के लिए रूबर के उपयोग किस क्षेत्र में एक उपाय है?,समुद्री फार्मासिया,वनों में वनस्पति रोपण,सिकुड़ी में विद्युत उत्पादन,कुराने में कृषि उपज,B,वनों में वनस्पति रोपण,वनों में वनस्पति रोपण जैविक विविधता को संरक्षित रखने में मदद करता है।,रूबर का उपयोग वनों में वनस्पतियों को रोपण के लिए एक उपाय है जिससे विविधता को संरक्षित रखा जा सकता है।,2026-09-14 15:52:18
SCI_HI_0582,Hindi,Science,"पारिस्थितिकी तंत्र, जैव विविधता एवं प्रदूषण",Hard,प्रदूषण की शिकायत को हल करने के लिए किस तकनीक का उपयोग किया जाता है?,कास्टिंग,क्रोमिटिंग,कैपिटल रेटिंग,साइनलिंग,B,क्रोमिटिंग,क्रोमिटिंग एक तकनीक है जिसका उपयोग प्रदूषण की शिकायत को हल करने के लिए किया जाता है।,क्रोमिटिंग एक तकनीक है जिसका उपयोग जल प्रदूषण का संबोधन करने के लिए किया जाता है।,2026-09-14 15:52:18
SCI_HI_0583,Hindi,Science,"पारिस्थितिकी तंत्र, जैव विविधता एवं प्रदूषण",Hard,रैनफॉल निष्कर्षन प्रक्रिया को किसका उपयोग करके अध्ययन किया जाता है?,कार्बन डायऑक्साइड,रैनफॉल,पारिस्थितिक तंत्र,पारिस्थितिक तनाव,B,रैनफॉल,रैनफॉल निष्कर्षन प्रक्रिया का उपयोग वायुमंडल की पारिस्थितिकी पर प्रभाव का अध्ययन करने के लिए किया जाता है।,रैनफॉल निष्कर्षन प्रक्रिया रैनफॉल में नाड़ों में विभिन्न गैसों की मात्रा का मापन करने के लिए उपयोग की जाती है।,2026-09-14 15:52:18
SCI_HI_0584,Hindi,Science,"पारिस्थितिकी तंत्र, जैव विविधता एवं प्रदूषण",Hard,कौन सा रूप विकास नियंत्रण तंत्र का उपयोग करके पारिस्थितिकी प्रदूषण को कम करने में मदद करता है?,आरक्सियन नियंत्रण,कार्बन डायऑक्साइड नियंत्रण,फ्लाय आर्स नियंत्रण,स्ट्रेमिंग नियंत्रण,C,फ्लाय आर्स नियंत्रण,फ्लाय आर्स नियंत्रण एक तंत्र है जो वातावरण में गैसों की मात्रा को कम करने में मदद करता है।,फ्लाय आर्स नियंत्रण एक तंत्र है जो गैस निष्कर्षन का उपयोग करके पारिस्थितिकी प्रदूषण को कम करने में मदद करता है।,2026-09-14 15:52:18
SCI_HI_0585,Hindi,Science,"पारिस्थितिकी तंत्र, जैव विविधता एवं प्रदूषण",Hard,पारिस्थितिकी तंत्र में जैविक विविधता की विस्तारित अवधारणा किस अंतर्विषय में देखी जाती है?,जैविक विविधता और प्रदूषण,जैविक विविधता और पारिस्थितिक तंत्र,जैविक विविधता और राजनीति,जैविक विविधता और आर्थिक विकास,B,जैविक विविधता और पारिस्थितिक तंत्र,जैविक विविधता और पारिस्थितिक तंत्र अंतर्विषय जैविक विविधता के पारिस्थितिकी तंत्रों पर आधारित है।,जैविक विविधता और पारिस्थितिक तंत्र अंतर्विषय जैविक विविधता के पारिस्थितिकी तंत्रों पर आधारित है जो पारिस्थितिकी प्रदूषण से प्रभावित होती है।,2026-09-14 15:52:18
SCI_HI_0586,Hindi,Science,"पारिस्थितिकी तंत्र, जैव विविधता एवं प्रदूषण",Hard,सीमित जल पारिस्थितिकी की विकास के लिए किस तकनीक का उपयोग किया जाता है?,साइक्लोमेटिक रिक्वायर्मेंट,वैज्ञानिक उपकरणों का उपयोग,रैनफॉल निष्कर्षन,वायुमंडल निष्कर्षन,A,साइक्लोमेटिक रिक्वायर्मेंट,साइक्लोमेटिक रिक्वायर्मेंट एक तकनीक है जो सीमित जल पारिस्थितिकी की विकास के लिए उपयोग किया जाता है।,साइक्लोमेटिक रिक्वायर्मेंट एक तकनीक है जो जल पारिस्थितिकी की विकास के लिए उपयोग किया जाता है जिसमें जल का उपयोग बहुत कम होता है।,2026-09-14 15:52:18
SCI_HI_0587,Hindi,Science,"पारिस्थितिकी तंत्र, जैव विविधता एवं प्रदूषण",Hard,जल निष्कर्षन तंत्र में प्राथमिक रूप से किस प्रकार के पदार्थों की संपल की जाती है?,क्लोरोफिल,संीपरित जल,कास्टिंग विधि,क्रोमिटिंग विधि,B,संीपरित जल,जल निष्कर्षन तंत्र संीपरित जल की संपल की जाती है जिसमें जल पारिस्थितिकी तंत्रों का अध्ययन किया जाता है।,जल निष्कर्षन तंत्र जल पारिस्थितिकी तंत्रों की अध्ययन के लिए उपयोग की जाती है जिसमें संीपरित जल की संपल की जाती है।,2026-09-14 15:52:18
SCI_HI_0588,Hindi,Science,"पारिस्थितिकी तंत्र, जैव विविधता एवं प्रदूषण",Hard,पारिस्थितिकी तंत्र में जैविक विविधता को कैसे निष्कर्षित किया जाता है?,जैविक विविधता के अनुपात,जैविक विविधता शुद्धि,जैविक विविधता का मापन,जैविक विविधता के विकास,C,जैविक विविधता का मापन,जैविक विविधता का मापन जैविक विविधता को निष्कर्षित करने का एक माध्यम है।,जैविक विविधता का मापन जैविक विविधता को निष्कर्षित करने का एक माध्यम है जो पारिस्थितिकी तंत्रों में आधारित है।,2026-09-14 15:52:18
SCI_HI_0589,Hindi,Science,"पारिस्थितिकी तंत्र, जैव विविधता एवं प्रदूषण",Hard,पारिस्थितिकी तंत्र में जैविक विविधता की विकास के लिए किस तंत्र का उपयोग किया जाता है?,जैविक विविधता और नरसंहार,जैविक विविधता और रसायनों का उपयोग,जैविक विविधता और विविध उपकरणों का उपयोग,जैविक विविधता और विविध उपयोग तंत्र,D,जैविक विविधता और विविध उपयोग तंत्र,जैविक विविधता और विविध उपयोग तंत्र एक तंत्र है जो जैविक विविधता की विकास के लिए उपयोग किया जाता है।,जैविक विविधता और विविध उपयोग तंत्र एक तंत्र है जो जैविक विविधता की विकास के लिए उपयोग किया जाता है जो पारिस्थितिकी तंत्रों की अध्ययन और विकास में आधारित है।,2026-09-14 15:52:18
SCI_HI_0590,Hindi,Science,"पारिस्थितिकी तंत्र, जैव विविधता एवं प्रदूषण",Hard,पारिस्थितिकी तंत्रों में जैविक विविधता को कैसे निष्कर्षित किया जाता है?,जैविक विविधता के अनुपात,जैविक विविधता शुद्धि,जैविक विविधता का मापन,जैविक विविधता के विकास,C,जैविक विविधता का मापन,जैविक विविधता का मापन जैविक विविधता को निष्कर्षित करने का एक माध्यम है।,जैविक विविधता का मापन जैविक विविधता को निष्कर्षित करने का एक माध्यम है जो पारिस्थितिकी तंत्रों में आधारित है।,2026-09-14 15:52:18
SCI_HI_0591,Hindi,Science,"पारिस्थितिकी तंत्र, जैव विविधता एवं प्रदूषण",Hard,जैविक विविधता और पारिस्थितिक तंत्र अंतर्विषय जैविक विविधता के पारिस्थितिकी तंत्रों पर आधारित है।,जैविक विविधता के अनुपात,जैविक विविधता शुद्धि,जैविक विविधता का मापन,जैविक विविधता के विकास,C,जैविक विविधता का मापन,जैविक विविधता का मापन जैविक विविधता को निष्कर्षित करने का एक माध्यम है।,जैविक विविधता का मापन जैविक विविधता को निष्कर्षित करने का एक माध्यम है जो पारिस्थितिकी तंत्रों में आधारित है।,2026-09-14 15:52:18
SCI_HI_0592,Hindi,Science,"अंतरिक्ष विज्ञान, सौरमंडल एवं उपग्रह मिशन (इसरो)",Easy,इसरो का नाम मुख्य रूप से किस देश से संबंधित है?,ब्राजील,मिस्र,भारत,अर्जेंटीना,C,भारत,इसरो भारत की अंतरिक्ष संस्था है।,इसरो भारत के लिए अंतरिक्ष अनुसंधान और उपग्रह मिशनों का प्रणाली है।,2026-09-14 15:52:52
SCI_HI_0593,Hindi,Science,"अंतरिक्ष विज्ञान, सौरमंडल एवं उपग्रह मिशन (इसरो)",Easy,हाइड्रोजन गैस अंतरिक्ष में किस प्रकार की जलवायु राशि रखता है?,2.3%,5.2%,1.4%,3.1%,C,1.4%,हाइड्रोजन गैस अंतरिक्ष में कम जलवायु राशि रखता है।,"हाइड्रोजन गैस अंतरिक्ष में बहुत कम जलवायु राशि होती है, जिसे लगभग 1.4% के रूप में दर्शाया जाता है।",2026-09-14 15:52:52
SCI_HI_0594,Hindi,Science,"अंतरिक्ष विज्ञान, सौरमंडल एवं उपग्रह मिशन (इसरो)",Easy,हाइड्रोजन गैस अंतरिक्ष में किस गैस से अधिक है?,ऑक्सीजन,नाइट्रोजन,कार्बन डायऑक्साइड,हाइड्रोजन,D,हाइड्रोजन,हाइड्रोजन अंतरिक्ष में सबसे अधिक है।,"हाइड्रोजन अंतरिक्ष में सबसे अधिक गैस है, जो इसका नाम देता है।",2026-09-14 15:52:52
SCI_HI_0595,Hindi,Science,"अंतरिक्ष विज्ञान, सौरमंडल एवं उपग्रह मिशन (इसरो)",Easy,हाइड्रोजन अंतरिक्ष में किस गैस से कम है?,ऑक्सीजन,नाइट्रोजन,कार्बन डायऑक्साइड,हाइड्रोजन,D,हाइड्रोजन,हाइड्रोजन अंतरिक्ष में अपनी गैस कम है।,"हाइड्रोजन अंतरिक्ष में अपनी गैस कम है, जो इसका नाम देता है।",2026-09-14 15:52:52
SCI_HI_0596,Hindi,Science,"अंतरिक्ष विज्ञान, सौरमंडल एवं उपग्रह मिशन (इसरो)",Easy,इसरो ने इस किस उपग्रह के साथ पहली यात्रा की?,गोल्ड निवास,प्रसाद,विजय,गोरखा,C,विजय,इसरो ने विजय के साथ पहली यात्रा की।,इसरो ने विजय उपग्रह के साथ अपनी पहली अंतरिक्ष यात्रा की।,2026-09-14 15:52:52
SCI_HI_0597,Hindi,Science,"अंतरिक्ष विज्ञान, सौरमंडल एवं उपग्रह मिशन (इसरो)",Easy,सौर मंडल की जहाज उत्तर दिशा में जाते हैं?,दक्षिण,पश्चिम,पूर्व,उत्तर,D,उत्तर,सौर मंडल की जहाज उत्तर दिशा में जाते हैं।,"सौर मंडल की जहाज उत्तर दिशा में जाते हैं, जो उनकी गति की दिशा है।",2026-09-14 15:52:52
SCI_HI_0598,Hindi,Science,"अंतरिक्ष विज्ञान, सौरमंडल एवं उपग्रह मिशन (इसरो)",Easy,इसरो की राहत समर्थन यात्रा नामक उपग्रह किस ग्रह को सर्वोच्च अवलोकन करता है?,मृगरक्षा,राहु,नेप्तुन,थूनर,C,नेप्तुन,राहत समर्थन यात्रा नामक उपग्रह नेप्तुन को सर्वोच्च अवलोकन करता है।,राहत समर्थन यात्रा नामक उपग्रह नेप्तुन को अधिकतम अवलोकन करता है।,2026-09-14 15:52:52
SCI_HI_0599,Hindi,Science,"अंतरिक्ष विज्ञान, सौरमंडल एवं उपग्रह मिशन (इसरो)",Easy,सौरमंडल का कितना भाग राहत समर्थन यात्रा नामक उपग्रह द्वारा अवलोकन किया जाता है?,30%,60%,80%,95%,D,95%,राहत समर्थन यात्रा नामक उपग्रह द्वारा सौरमंडल का 95% भाग अवलोकन किया जाता है।,राहत समर्थन यात्रा नामक उपग्रह द्वारा सौरमंडल का लगभग 95% भाग अवलोकन किया जाता है।,2026-09-14 15:52:52
SCI_HI_0600,Hindi,Science,"अंतरिक्ष विज्ञान, सौरमंडल एवं उपग्रह मिशन (इसरो)",Easy,हाइड्रोजन अंतरिक्ष में कितना प्रतिशत अन्य गैसें शामिल हैं?,99%,95%,50%,30%,B,95%,हाइड्रोजन अंतरिक्ष में 95% का भाग अन्य गैसें शामिल हैं।,"हाइड्रोजन अंतरिक्ष में 95% का भाग अन्य गैसें शामिल हैं, जिनमें नाइट्रोजन और ऑक्सीजन शामिल हैं।",2026-09-14 15:52:52
SCI_HI_0601,Hindi,Science,"अंतरिक्ष विज्ञान, सौरमंडल एवं उपग्रह मिशन (इसरो)",Easy,इसरो ने किस उपग्रह के साथ अपनी पहली अपोलो मिशन की?,निर्मम,विजय,राहत समर्थन यात्रा,प्रसाद,A,निर्मम,इसरो ने निर्मम उपग्रह के साथ अपनी पहली अपोलो मिशन की।,इसरो ने निर्मम उपग्रह के साथ अपनी पहली अपोलो मिशन की।,2026-09-14 15:52:52
SCI_HI_0602,Hindi,Science,"यांत्रिकी, बल, कार्य, ऊर्जा एवं गति के नियम",Medium,किस नियम के अनुसार यदि दो वस्तुएँ एक दूसरे के साथ घूम रही हैं तो उनके मध्य बल समान और विपरीत दिशा में कार्य करता है?,न्यूटन का द्वितीय नियम,न्यूटन का तीसरा नियम,न्यूटन का पहला नियम,कार्य और ऊर्जा का नियम,A,न्यूटन का द्वितीय नियम,यह नियम दर्शाता है कि यदि दो वस्तुएँ एक दूसरे के साथ घूम रही हैं तो उनके मध्य बल समान और विपरीत दिशा में कार्य करता है।,न्यूटन का द्वितीय नियम कहता है कि किसी वस्तु पर एक बल के कारण वह घूमने लगती है और इस घूर्णन की गति को बन्द करने के लिए विपरीत दिशा में एक बल की आवश्यकता होती है।,2026-09-14 15:54:28
SCI_HI_0603,Hindi,Science,"यांत्रिकी, बल, कार्य, ऊर्जा एवं गति के नियम",Medium,किस नियम के अनुसार किसी वस्तु का गतिज ऊर्जा उसकी वजन और ऊंचाई से निर्णय जाती है?,कार्य और ऊर्जा का नियम,कार्य और गति के नियम,पावर और गति के नियम,कार्य और ताकत का नियम,A,कार्य और ऊर्जा का नियम,यह नियम दर्शाता है कि गतिज ऊर्जा को कार्य और वजन की ऊंचाई के गुणनफल से प्राप्त किया जा सकता है।,कार्य और ऊर्जा का नियम कहता है कि एक वस्तु की गतिज ऊर्जा उसकी गुणात्मक ऊर्जा का बराबर होता है जो उसकी वजन और ऊंचाई के गुणनफल के बराबर होता है।,2026-09-14 15:54:28
SCI_HI_0604,Hindi,Science,"यांत्रिकी, बल, कार्य, ऊर्जा एवं गति के नियम",Medium,किस नियम के अनुसार किसी वस्तु की गति उसके द्रव्यमान के साथ अवास्तविक रूप से असमान रहती है?,न्यूटन का तीसरा नियम,न्यूटन का पहला नियम,न्यूटन का द्वितीय नियम,कार्य और गति के नियम,A,न्यूटन का तीसरा नियम,यह नियम दर्शाता है कि एक वस्तु की गति उसके द्रव्यमान के साथ अवास्तविक रूप से असमान रहती है।,"न्यूटन का तीसरा नियम बताता है कि किसी वस्तु की गति उसके द्रव्यमान के साथ अवास्तविक रूप से असमान रहती है, इसलिए वह उचित बल की आवश्यकता होती है जो उसकी गति बदल सके।",2026-09-14 15:54:28
SCI_HI_0605,Hindi,Science,"यांत्रिकी, बल, कार्य, ऊर्जा एवं गति के नियम",Medium,किस नियम के अनुसार किसी वस्तु की ऊर्जा का कुल अंतर दोनों वस्तुओं के गुणात्मक ऊर्जाओं के अंतर के बराबर होता है जब वे एक दूसरे से घुम रही हैं?,कार्य और ऊर्जा का नियम,कार्य और गति के नियम,कार्य और ताकत का नियम,कार्य और अन्याय का नियम,A,कार्य और ऊर्जा का नियम,यह नियम दर्शाता है कि किसी वस्तु की ऊर्जा का कुल अंतर दोनों वस्तुओं के गुणात्मक ऊर्जाओं के अंतर के बराबर होता है।,कार्य और ऊर्जा का नियम कहता है कि यदि दो वस्तुएँ एक दूसरे के साथ घूम रही हैं तो उनकी ऊर्जा का कुल अंतर दोनों वस्तुओं के गुणात्मक ऊर्जाओं के अंतर के बराबर होता है।,2026-09-14 15:54:28
SCI_HI_0606,Hindi,Science,"ऊष्मा, तापमान एवं ऊष्मागतिकी के सिद्धांत",Hard,तापमान की माप किस सिद्धांत के अनुसार किसी वस्तु के ग्रुप्त ऊष्मा की मात्रा को दर्शाता है?,ऊष्मागत संवर्तन का सिद्धांत,ऊष्मागत अनुक्रमण का सिद्धांत,ऊष्मागत अपरिमितता का सिद्धांत,ऊष्मागत वितरण का सिद्धांत,C,ऊष्मागत अनुक्रमण का सिद्धांत,ऊष्मागत अनुक्रमण तापमान की माप को ग्रुप्त ऊष्मा की मात्रा के अनुकूल रूप से दर्शाता है।,"तापमान एक वस्तु के ग्रुप्त ऊष्मा की अनुक्रमणिका को दर्शाता है, जिसका अर्थ है कि तापमान एक वस्तु के अंदर ऊष्मा की वितरण की प्रवास की दर दर्शाता है।",2026-09-14 15:55:42
SCI_HI_0607,Hindi,Science,"ऊष्मा, तापमान एवं ऊष्मागतिकी के सिद्धांत",Hard,किस सिद्धांत का अनुप्रयोग किसी वस्तु की ऊष्मा गति को विश्लेषित करने के लिए किया जाता है?,रेज़ॉल्यूसियन थीर्ड लॉ,काँडुअलोव्स्की फिफ्थ लॉ,काँडुअलोव्स्की द्वितीय लॉ,काँडुअलोव्स्की दूसरा लॉ,B,काँडुअलोव्स्की फिफ्थ लॉ,काँडुअलोव्स्की फिफ्थ लॉ किसी वस्तु की ऊष्मा गति को विश्लेषित करने के लिए अनुप्रयोग किया जाता है।,काँडुअलोव्स्की फिफ्थ लॉ किसी वस्तु की ऊष्मा गति को विश्लेषित करने के लिए विशेष तरीके से बताता है कि ऊष्मा गति किस प्रकार से विकसित होती है।,2026-09-14 15:55:42
SCI_HI_0608,Hindi,Science,"ऊष्मा, तापमान एवं ऊष्मागतिकी के सिद्धांत",Hard,किस सिद्धांत के अनुसार ऊष्मा गति एक वस्तु के विभिन्न भागों में संवर्तित होती है?,काँडुअलोव्स्की दूसरा लॉ,काँडुअलोव्स्की द्वितीय लॉ,काँडुअलोव्स्की चौथा लॉ,काँडुअलोव्स्की तृतीय लॉ,C,काँडुअलोव्स्की चौथा लॉ,काँडुअलोव्स्की चौथा लॉ ऊष्मा गति को विभिन्न भागों में संवर्तित होने की दर से विश्लेषित करने का सिद्धांत दर्शाता है।,काँडुअलोव्स्की चौथा लॉ किसी वस्तु की ऊष्मा गति को विभिन्न भागों में विभाजित करके संवर्तित होने की दर से विश्लेषित करता है।,2026-09-14 15:55:42
SCI_HI_0609,Hindi,Science,"ऊष्मा, तापमान एवं ऊष्मागतिकी के सिद्धांत",Hard,किस सिद्धांत का अनुप्रयोग एक वस्तु की ऊष्मा गति को विश्लेषित करने के लिए किया जाता है जब वह दो तापमानों के बीच घुम रही है?,काँडुअलोव्स्की दूसरा लॉ,काँडुअलोव्स्की तृतीय लॉ,काँडुअलोव्स्की चौथा लॉ,काँडुअलोव्स्की फिफ्थ लॉ,D,काँडुअलोव्स्की फिफ्थ लॉ,काँडुअलोव्स्की फिफ्थ लॉ वस्तु की ऊष्मा गति को दो तापमानों के बीच घुमने वाली वस्तु के लिए अनुप्रयोग किया जाता है।,काँडुअलोव्स्की फिफ्थ लॉ वस्तु की ऊष्मा गति को दो तापमानों के बीच घुमने वाली वस्तु के लिए विश्लेषित करने का सिद्धांत दर्शाता है।,2026-09-14 15:55:42
SCI_HI_0610,Hindi,Science,"ऊष्मा, तापमान एवं ऊष्मागतिकी के सिद्धांत",Hard,किस सिद्धांत का अनुप्रयोग एक वस्तु की ऊष्मा गति को विश्लेषित करने के लिए किया जाता है जब वह दो तापमानों के बीच घुम रही है और यह वायु अन्वेषण के बाहर दिखाई देती है?,काँडुअलोव्स्की दूसरा लॉ,काँडुअलोव्स्की तृतीय लॉ,काँडुअलोव्स्की चौथा लॉ,काँडुअलोव्स्की फिफ्थ लॉ,B,काँडुअलोव्स्की तृतीय लॉ,काँडुअलोव्स्की तृतीय लॉ वस्तु की ऊष्मा गति को दो तापमानों के बीच घुमने वाली वस्तु के लिए अनुप्रयोग किया जाता है जो वायु अन्वेषण के बाहर दिखाई देती है।,काँडुअलोव्स्की तृतीय लॉ वस्तु की ऊष्मा गति को दो तापमानों के बीच घुमने वाली वस्तु के लिए वायु अन्वेषण के बाहर दिखाई देने वाली वस्तु के लिए विश्लेषित करने का सिद्धांत दर्शाता है।,2026-09-14 15:55:42
SCI_HI_0611,Hindi,Science,"ऊष्मा, तापमान एवं ऊष्मागतिकी के सिद्धांत",Hard,किस सिद्धांत का अनुप्रयोग एक वस्तु की ऊष्मा गति को विश्लेषित करने के लिए किया जाता है जब वह दो तापमानों के बीच घुम रही है और यह वायु अन्वेषण के अन्दर दिखाई देती है?,काँडुअलोव्स्की दूसरा लॉ,काँडुअलोव्स्की तृतीय लॉ,काँडुअलोव्स्की चौथा लॉ,काँडुअलोव्स्की फिफ्थ लॉ,A,काँडुअलोव्स्की दूसरा लॉ,काँडुअलोव्स्की दूसरा लॉ वस्तु की ऊष्मा गति को दो तापमानों के बीच घुमने वाली वस्तु के लिए अनुप्रयोग किया जाता है जो वायु अन्वेषण के अन्दर दिखाई देती है।,काँडुअलोव्स्की दूसरा लॉ वस्तु की ऊष्मा गति को दो तापमानों के बीच घुमने वाली वस्तु के लिए वायु अन्वेषण के अन्दर दिखाई देने वाली वस्तु के लिए विश्लेषित करने का सिद्धांत दर्शाता है।,2026-09-14 15:55:42
SCI_HI_0612,Hindi,Science,"ऊष्मा, तापमान एवं ऊष्मागतिकी के सिद्धांत",Hard,किस सिद्धांत का अनुप्रयोग एक वस्तु की ऊष्मा गति को विश्लेषित करने के लिए किया जाता है जब वह दो तापमानों के बीच घुम रही है और यह वायु अन्वेषण में विभाजित होती है?,काँडुअलोव्स्की दूसरा लॉ,काँडुअलोव्स्की तृतीय लॉ,काँडुअलोव्स्की चौथा लॉ,काँडुअलोव्स्की फिफ्थ लॉ,C,काँडुअलोव्स्की चौथा लॉ,काँडुअलोव्स्की चौथा लॉ वस्तु की ऊष्मा गति को दो तापमानों के बीच घुमने वाली वस्तु के लिए अनुप्रयोग किया जाता है जो वायु अन्वेषण में विभाजित होती है।,काँडुअलोव्स्की चौथा लॉ वस्तु की ऊष्मा गति को दो तापमानों के बीच घुमने वाली वस्तु के लिए वायु अन्वेषण में विभाजित होने वाली वस्तु के लिए विश्लेषित करने का सिद्धांत दर्शाता है।,2026-09-14 15:55:42
SCI_HI_0613,Hindi,Science,"ऊष्मा, तापमान एवं ऊष्मागतिकी के सिद्धांत",Hard,किस सिद्धांत का अनुप्रयोग एक वस्तु की ऊष्मा गति को विश्लेषित करने के लिए किया जाता है जब वह दो तापमानों के बीच घुम रही है और यह वायु अन्वेषण में विभाजित होती है और उसमें विभिन्न विषयों की वैकल्पिक व्यवस्था होती है?,काँडुअलोव्स्की दूसरा लॉ,काँडुअलोव्स्की तृतीय लॉ,काँडुअलोव्स्की चौथा लॉ,काँडुअलोव्स्की फिफ्थ लॉ,B,काँडुअलोव्स्की तृतीय लॉ,काँडुअलोव्स्की तृतीय लॉ वस्तु की ऊष्मा गति को दो तापमानों के बीच घुमने वाली वस्तु के लिए अनुप्रयोग किया जाता है जो वायु अन्वेषण में विभाजित होती है और उसमें विभिन्न विषयों की वैकल्पिक व्यवस्था होती है।,काँडुअलोव्स्की तृतीय लॉ वस्तु की ऊष्मा गति को दो तापमानों के बीच घुमने वाली वस्तु के लिए वायु अन्वेषण में विभाजित होने और विभिन्न विषयों की वैकल्पिक व्यवस्था होने वाली वस्तु के लिए विश्लेषित करने का सिद्धांत दर्शाता है।,2026-09-14 15:55:42
SCI_HI_0614,Hindi,Science,"ऊष्मा, तापमान एवं ऊष्मागतिकी के सिद्धांत",Hard,किस सिद्धांत का अनुप्रयोग एक वस्तु की ऊष्मा गति को विश्लेषित करने के लिए किया जाता है जब वह दो तापमानों के बीच घुम रही है और यह वायु अन्वेषण में विभाजित होती है और उसमें विभिन्न विषयों की वैकल्पिक व्यवस्था होती है और वह विभिन्न विषयों में विभाजित होती है?,काँडुअलोव्स्की दूसरा लॉ,काँडुअलोव्स्की तृतीय लॉ,काँडुअलोव्स्की चौथा लॉ,काँडुअलोव्स्की फिफ्थ लॉ,C,काँडुअलोव्स्की चौथा लॉ,काँडुअलोव्स्की चौथा लॉ वस्तु की ऊष्मा गति को दो तापमानों के बीच घुमने वाली वस्तु के लिए अनुप्रयोग किया जाता है जो वायु अन्वेषण में विभाजित होती है और उसमें विभिन्न विषयों की वैकल्पिक व्यवस्था होती है और वह विभिन्न विषयों में विभाजित होती है।,काँडुअलोव्स्की चौथा लॉ वस्तु की ऊष्मा गति को दो तापमानों के बीच घुमने वाली वस्तु के लिए वायु अन्वेषण में विभाजित होने और विभिन्न विषयों की वैकल्पिक व्यवस्था और विभिन्न विषयों में विभाजित होने वाली वस्तु के लिए विश्लेषित करने का सिद्धांत दर्शाता है।,2026-09-14 15:55:42
SCI_HI_0615,Hindi,Science,"प्रकाशिकी, परावर्तन, अपवर्तन एवं प्रकाश के गुण",Easy,प्रकाश की विभिन्न रंगों को कैसे अविभाजित किया जाता है?,प्रकाश गुंबद में दागने के लिए,परावर्तन के लिए,अपवर्तन के लिए,प्रकाश की डिस्पर्शन के लिए,D,प्रकाश की डिस्पर्शन के लिए,प्रकाश की डिस्पर्शन का अर्थ विभिन्न रंगों को अलग करना है।,प्रकाश की डिस्पर्शन का अनुप्रयोग रंग बंदरगाहों में देखा जाता है जहाँ प्रकाश एक विशिष्ट कोण पर गुंबद से परावर्तित होता है और विभिन्न रंगों को अलग कर देता है।,2026-09-14 15:56:40
SCI_HI_0616,Hindi,Science,"प्रकाशिकी, परावर्तन, अपवर्तन एवं प्रकाश के गुण",Easy,प्रकाश को अपवर्तन के द्वारा किस प्रकार से विभिन्न रंगों में विभाजित किया जाता है?,परावर्तन के द्वारा,प्रकाश के गुंबद में दागने के द्वारा,अपवर्तन के द्वारा,प्रकाश की डिस्पर्शन के द्वारा,C,अपवर्तन के द्वारा,अपवर्तन का अर्थ विभिन्न मानदंडों में प्रकाश की गति का अंतर है।,अपवर्तन रेंक वास्तुकला के रंगों को अलग करने और प्रकाश की डिस्पर्शन के लिए उपयोग किया जाता है।,2026-09-14 15:56:40
SCI_HI_0617,Hindi,Science,"प्रकाशिकी, परावर्तन, अपवर्तन एवं प्रकाश के गुण",Easy,किस प्रकार का परावर्तन प्रकाश को विभिन्न रंगों में विभाजित करता है?,परावर्तन रेंक,प्रकाश की डिस्पर्शन,अपवर्तन का विभाजन,परावर्तन का विभाजन,A,परावर्तन रेंक,परावर्तन रेंक का अर्थ विभिन्न पदार्थों में प्रकाश की गति का अंतर है।,परावर्तन रेंक का उपयोग प्रकाश की गति का अंतर और इसे विभिन्न रंगों में विभाजित करने के लिए किया जाता है।,2026-09-14 15:56:40
SCI_HI_0618,Hindi,Science,"प्रकाशिकी, परावर्तन, अपवर्तन एवं प्रकाश के गुण",Easy,प्रकाश की डिस्पर्शन और परावर्तन के बीच क्या अंतर है?,प्रकाश की डिस्पर्शन एक प्रकाश की गति का अंतर दर्शाती है और परावर्तन नहीं,परावर्तन एक प्रकाश की गति का अंतर दर्शाता है और प्रकाश की डिस्पर्शन नहीं,प्रकाश की डिस्पर्शन और परावर्तन एक ही चीज है,प्रकाश की डिस्पर्शन और परावर्तन विभिन्न चीजें हैं लेकिन दोनों एक ही प्रक्रिया का अंतर है,D,प्रकाश की डिस्पर्शन और परावर्तन विभिन्न चीजें हैं लेकिन दोनों एक ही प्रक्रिया का अंतर है,प्रकाश की डिस्पर्शन और परावर्तन एक ही प्रक्रिया के अलग चरण हैं।,"प्रकाश की डिस्पर्शन और परावर्तन दोनों एक ही प्रक्रिया का अंतर है, जहाँ परावर्तन प्रकाश की गति का अंतर दर्शाता है और प्रकाश की डिस्पर्शन उस परावर्तन के परिणामस्वरूप विभिन्न रंगों को अलग करता है।",2026-09-14 15:56:40
SCI_HI_0619,Hindi,Science,"प्रकाशिकी, परावर्तन, अपवर्तन एवं प्रकाश के गुण",Easy,प्रकाश की डिस्पर्शन किस प्रकार के प्रकाश को विभिन्न रंगों में विभाजित करती है?,पानी में विभाजित,कांच में विभाजित,जल में विभाजित,कांच और जल में विभाजित,D,कांच और जल में विभाजित,प्रकाश की डिस्पर्शन का अर्थ विभिन्न मानदंडों में प्रकाश की गति का अंतर है।,प्रकाश की डिस्पर्शन का अनुप्रयोग जल और कांच में दिखाया जाता है जहाँ प्रकाश की गति का अंतर विभिन्न रंगों को अलग करता है।,2026-09-14 15:56:40
SCI_HI_0620,Hindi,Science,"प्रकाशिकी, परावर्तन, अपवर्तन एवं प्रकाश के गुण",Easy,परावर्तन किस प्रकार की प्रक्रिया है?,प्रकाश की गति का अंतर दर्शाती है,प्रकाश की डिस्पर्शन का उपयोग करती है,प्रकाश को एक पदार्थ में विभाजित करती है,प्रकाश की गति को बदलती है,D,प्रकाश की गति को बदलती है,परावर्तन का अर्थ विभिन्न पदार्थों में प्रकाश की गति का अंतर है।,परावर्तन एक प्रकाश की गति को बदलने वाली प्रक्रिया है जहाँ प्रकाश एक पदार्थ से दूसरे गुंबद या पदार्थ में परावर्तित होता है।,2026-09-14 15:56:40
SCI_HI_0621,Hindi,Science,"प्रकाशिकी, परावर्तन, अपवर्तन एवं प्रकाश के गुण",Easy,अपवर्तन किस प्रकार के प्रकाश को विभिन्न रंगों में विभाजित करता है?,पानी में विभाजित,कांच में विभाजित,जल में विभाजित,कांच और जल में विभाजित,D,कांच और जल में विभाजित,अपवर्तन का अर्थ विभिन्न पदार्थों में प्रकाश की गति का अंतर है।,अपवर्तन का अनुप्रयोग जल और कांच में दिखाया जाता है जहाँ प्रकाश की गति का अंतर विभिन्न रंगों को अलग करता है।,2026-09-14 15:56:40
SCI_HI_0622,Hindi,Science,"प्रकाशिकी, परावर्तन, अपवर्तन एवं प्रकाश के गुण",Easy,प्रकाश की डिस्पर्शन किस पदार्थ में होती है?,जल में,कांच में,जल और कांच में,कांच और जल में,D,कांच और जल में,प्रकाश की डिस्पर्शन का अर्थ विभिन्न पदार्थों में प्रकाश की गति का अंतर है।,प्रकाश की डिस्पर्शन जल और कांच में दिखाया जाता है जहाँ प्रकाश की गति का अंतर विभिन्न रंगों को अलग करता है।,2026-09-14 15:56:40
SCI_HI_0623,Hindi,Science,"प्रकाशिकी, परावर्तन, अपवर्तन एवं प्रकाश के गुण",Easy,किस प्रकार के प्रकाश को अपवर्तन द्वारा विभिन्न रंगों में विभाजित किया जाता है?,पानी में विभाजित,कांच में विभाजित,जल में विभाजित,कांच और जल में विभाजित,D,कांच और जल में विभाजित,अपवर्तन का अर्थ विभिन्न पदार्थों में प्रकाश की गति का अंतर है।,अपवर्तन जल और कांच में दिखाया जाता है जहाँ प्रकाश की गति का अंतर विभिन्न रंगों को अलग करता है।,2026-09-14 15:56:40
SCI_HI_0624,Hindi,Science,"प्रकाशिकी, परावर्तन, अपवर्तन एवं प्रकाश के गुण",Easy,परावर्तन किस पदार्थ में होता है?,जल में,कांच में,जल और कांच में,कांच और जल में,D,कांच और जल में,परावर्तन का अर्थ विभिन्न पदार्थों में प्रकाश की गति का अंतर है।,परावर्तन का अनुप्रयोग जल और कांच में दिखाया जाता है जहाँ प्रकाश की गति का अंतर विभिन्न रंगों को अलग करता है।,2026-09-14 15:56:40
SCI_HI_0625,Hindi,Science,"प्रकाशिकी, परावर्तन, अपवर्तन एवं प्रकाश के गुण",Easy,प्रकाश की डिस्पर्शन किस प्रकार की प्रक्रिया है?,प्रकाश की गति का अंतर दर्शाती है,प्रकाश की गति को बदलती है,प्रकाश को एक पदार्थ में विभाजित करती है,प्रकाश को विभिन्न रंगों में विभाजित करती है,D,प्रकाश को विभिन्न रंगों में विभाजित करती है,प्रकाश की डिस्पर्शन का अर्थ विभिन्न पदार्थों में प्रकाश की गति का अंतर है।,प्रकाश की डिस्पर्शन एक प्रकाश को विभिन्न रंगों में विभाजित करने वाली प्रक्रिया है।,2026-09-14 15:56:40
SCI_HI_0626,Hindi,Science,"ध्वनि, तरंगें एवं कंपन",Medium,ध्वनि तरंगों की गति किस तापमान पर सबसे तेज होती है?,25 डिग्री सेल्सियस,50 डिग्री सेल्सियस,75 डिग्री सेल्सियस,100 डिग्री सेल्सियस,C,75 डिग्री सेल्सियस,ध्वनि तरंगों की गति तापमान से बढ़ती है।,"ध्वनि तरंगों की गति तापमान से प्रत्याशित करती है, और यह 75 डिग्री सेल्सियस पर सबसे तेज होती है।",2026-09-14 15:57:29
SCI_HI_0627,Hindi,Science,"ध्वनि, तरंगें एवं कंपन",Medium,कौन सी तरंगें ध्वनि की तुलना में अधिक लंबी तरंग लम्बाई की रखती हैं?,रेडियो तरंगें,कोई नहीं,इन्फ्रारेड तरंगें,कोई भी तरंग नहीं,A,रेडियो तरंगें,रेडियो तरंगें ध्वनि की तुलना में अधिक लंबी तरंग लम्बाई की रखती हैं।,रेडियो तरंगें ध्वनि तरंगों की तुलना में अधिक लंबी तरंग लम्बाई की रखती हैं और अधिक अंतराल की गति से यात्रा करती हैं।,2026-09-14 15:57:29
SCI_HI_0628,Hindi,Science,"ध्वनि, तरंगें एवं कंपन",Medium,क्या इस बात का विश्वास है कि ध्वनि तरंगें एक विशिष्ट तरंग दैर्ध्य पर आधारित होती हैं?,विशिष्ट तरंग दैर्ध्य पर नहीं,सभी तरंग दैर्ध्य पर,एक निश्चित तरंग दैर्ध्य पर,स्थितिस्थापक तरंग दैर्ध्य पर,A,विशिष्ट तरंग दैर्ध्य पर नहीं,ध्वनि तरंगें विशिष्ट तरंग दैर्ध्य पर आधारित नहीं होती हैं।,ध्वनि तरंगें एक विशिष्ट तरंग दैर्ध्य पर आधारित नहीं होती हैं और विभिन्न प्रकार की तरंग दैर्ध्य पर अपनी गति रखती हैं।,2026-09-14 15:57:29
SCI_HI_0629,Hindi,Science,"ध्वनि, तरंगें एवं कंपन",Medium,कौन सी तरंग ध्वनि की तुलना में अधिक बार विभाजित होती है?,लाइट तरंगें,अक्सिडल तरंगें,कोई नहीं,कोई भी तरंग नहीं,C,कोई नहीं,ध्वनि तरंगें अक्सर अपवर्तन के कारण विभाजित होती हैं।,ध्वनि तरंगें अपवर्तन के कारण अक्सर विभाजित होती हैं लेकिन अक्सर कोई तरंग नहीं विभाजित होती है।,2026-09-14 15:57:29
SCI_HI_0630,Hindi,Science,"ध्वनि, तरंगें एवं कंपन",Medium,किस प्रकार की तरंगें ध्वनि के विभाजन द्वारा विभिन्न रंगों में विभाजित नहीं होती हैं?,रेडियो तरंगें,इन्फ्रारेड तरंगें,कोई नहीं,कोई भी तरंग नहीं,C,कोई नहीं,ध्वनि के विभाजन रेडियो तरंगों के लिए उपयुक्त नहीं है।,रेडियो तरंगें ध्वनि के विभाजन द्वारा नहीं विभिन्न रंगों में विभाजित होती हैं क्योंकि ये अपवर्तन प्रक्रिया के बाहर हैं।,2026-09-14 15:57:29
SCI_HI_0631,Hindi,Science,"ध्वनि, तरंगें एवं कंपन",Medium,कौन सी तरंग न तो रेडियो तरंगें और न ही इन्फ्रारेड तरंगें हैं?,ध्वनि तरंगें,कोई नहीं,कोई भी तरंग नहीं,इन्फ्रारेड तरंगें,A,ध्वनि तरंगें,ध्वनि तरंगें रेडियो तरंगों और इन्फ्रारेड तरंगों के बीच मूल अंतर रखती हैं।,ध्वनि तरंगें रेडियो तरंगों और इन्फ्रारेड तरंगों के बीच मूल अंतर रखती हैं क्योंकि ये अलग तरंग दैर्ध्य और गति रखती हैं।,2026-09-14 15:57:29
SCI_HI_0632,Hindi,Science,"ध्वनि, तरंगें एवं कंपन",Medium,"जब एक ध्वनि तरंग एक विशिष्ट बहिर्जीवी की दीवार पर खामोश हो जाती है, तो यह किस प्रक्रिया की रूपरेखा देती है?",परावर्तन,प्रतिवर्तन,अपवर्तन,संकेतन,A,परावर्तन,परावर्तन ध्वनि तरंगों का एक प्रक्रिया है जिसमें वे बहिर्जीवी की दीवार पर खामोश हो जाती हैं।,"जब एक ध्वनि तरंग एक बहिर्जीवी की दीवार पर खामोश हो जाती है, तो यह परावर्तन की प्रक्रिया दर्शाती है।",2026-09-14 15:57:29
SCI_HI_0633,Hindi,Science,"ध्वनि, तरंगें एवं कंपन",Medium,किस प्रकार की तरंगें ध्वनि की तुलना में अधिक लंबी तरंग लम्बाई की रखती हैं?,रेडियो तरंगें,कोई नहीं,इन्फ्रारेड तरंगें,कोई भी तरंग नहीं,C,इन्फ्रारेड तरंगें,इन्फ्रारेड तरंगें ध्वनि की तुलना में अधिक लंबी तरंग लम्बाई की रखती हैं।,इन्फ्रारेड तरंगें ध्वनि की तुलना में अधिक लंबी तरंग लम्बाई की रखती हैं और इन्हें ये तरंग दैर्ध्य रेडियो तरंगों की तुलना में अधिक लंबी है।,2026-09-14 15:57:29
SCI_HI_0634,Hindi,Science,"विद्युत धारा, विभव, प्रतिरोध एवं चुंबकत्व",Hard,विद्युत धारा का विभव किस प्रकार के कारण बढ़ता है?,विद्युत विभव का वृद्धि,विद्युत धारा का वृद्धि,विद्युत प्रतिरोध का कमी,चुंबकत्व का वृद्धि,B,विद्युत धारा का वृद्धि,विद्युत धारा का वृद्धि विभव को बढ़ावा देती है जिसके कारण विद्युत इलेक्ट्रोस्टेटिक फोरस की तीव्रता बढ़ जाती है।,विद्युत धारा का वृद्धि विभव को बढ़ावा देती है जिसके कारण विद्युत इलेक्ट्रोस्टेटिक फोरस की तीव्रता बढ़ जाती है।,2026-09-14 15:58:32
SCI_HI_0635,Hindi,Science,"विद्युत धारा, विभव, प्रतिरोध एवं चुंबकत्व",Hard,विद्युत धारा के माध्यम में विद्युत चुंबकत्व किस प्रकार के अनुसार नियंत्रित होता है?,विद्युत प्रतिरोध के अनुसार,विद्युत धारा के अनुसार,चुंबकत्व के अनुसार,विद्युत विभव के अनुसार,B,विद्युत धारा के अनुसार,विद्युत धारा के अनुसार विद्युत चुंबकत्व नियंत्रित होता है।,विद्युत धारा के अनुसार विद्युत चुंबकत्व नियंत्रित होता है। इसके कारण चुंबकत्व धारा की तीव्रता के अनुसार बढ़ता है।,2026-09-14 15:58:32
SCI_HI_0636,Hindi,Science,"विद्युत धारा, विभव, प्रतिरोध एवं चुंबकत्व",Hard,चुंबकत्व विभाजन में अनुपात किस पदों के अनुपात से निर्धारित होता है?,विद्युत विभव और चुंबकत्व धारा,विद्युत प्रतिरोध और विद्युत धारा,विद्युत विभव और विद्युत प्रतिरोध,विद्युत धारा और विद्युत विभव,A,विद्युत विभव और चुंबकत्व धारा,चुंबकत्व विभाजन में अनुपात विद्युत विभव और चुंबकत्व धारा के अनुपात से निर्धारित होता है।,चुंबकत्व विभाजन में अनुपात विद्युत विभव और चुंबकत्व धारा के अनुपात से निर्धारित होता है। इसके कारण चुंबकत्व विभाजन विद्युत विभव की तीव्रता और चुंबकत्व धारा के अनुसार बढ़ता है।,2026-09-14 15:58:32
SCI_HI_0637,Hindi,Science,"विद्युत धारा, विभव, प्रतिरोध एवं चुंबकत्व",Hard,विद्युत धारा का विभव किस प्रकार के अनुसार नियंत्रित होता है?,विद्युत प्रतिरोध के अनुसार,विद्युत धारा के अनुसार,चुंबकत्व के अनुसार,विद्युत विभव के अनुसार,D,विद्युत विभव के अनुसार,विद्युत धारा का विभव विद्युत विभव के अनुसार नियंत्रित होता है।,विद्युत धारा का विभव विद्युत विभव के अनुसार नियंत्रित होता है। इसके कारण विद्युत विभव धारा की तीव्रता के अनुसार बढ़ता है।,2026-09-14 15:58:32
SCI_HI_0638,Hindi,Science,"विद्युत धारा, विभव, प्रतिरोध एवं चुंबकत्व",Hard,विद्युत विभव और विद्युत प्रतिरोध के अनुपात किस प्रकार के अनुसार निर्धारित होता है?,चुंबकत्व धारा के अनुसार,विद्युत धारा के अनुसार,विद्युत विभव के अनुसार,विद्युत प्रतिरोध के अनुसार,B,विद्युत धारा के अनुसार,विद्युत विभव और विद्युत प्रतिरोध के अनुपात विद्युत धारा के अनुसार निर्धारित होता है।,विद्युत विभव और विद्युत प्रतिरोध के अनुपात विद्युत धारा के अनुसार निर्धारित होता है। इसके कारण विद्युत विभव धारा की तीव्रता के अनुसार बढ़ता है।,2026-09-14 15:58:32
SCI_HI_0639,Hindi,Science,"विद्युत धारा, विभव, प्रतिरोध एवं चुंबकत्व",Hard,चुंबकत्व विभाजन में चुंबकत्व किस प्रकार के अनुसार नियंत्रित होता है?,विद्युत धारा के अनुसार,विद्युत विभव के अनुसार,चुंबकत्व प्रतिरोध के अनुसार,विद्युत प्रतिरोध के अनुसार,A,विद्युत धारा के अनुसार,चुंबकत्व विभाजन में चुंबकत्व विद्युत धारा के अनुसार नियंत्रित होता है।,चुंबकत्व विभाजन में चुंबकत्व विद्युत धारा के अनुसार नियंत्रित होता है। इसके कारण चुंबकत्व धारा की तीव्रता के अनुसार बढ़ता है।,2026-09-14 15:58:32
SCI_HI_0640,Hindi,Science,"विद्युत धारा, विभव, प्रतिरोध एवं चुंबकत्व",Hard,चुंबकत्व धारा का विभव किस प्रकार के अनुसार नियंत्रित होता है?,विद्युत विभव के अनुसार,विद्युत धारा के अनुसार,चुंबकत्व प्रतिरोध के अनुसार,विद्युत प्रतिरोध के अनुसार,B,विद्युत धारा के अनुसार,चुंबकत्व धारा का विभव विद्युत धारा के अनुसार नियंत्रित होता है।,चुंबकत्व धारा का विभव विद्युत धारा के अनुसार नियंत्रित होता है। इसके कारण विद्युत धारा चुंबकत्व विभव की तीव्रता के अनुसार बढ़ती है।,2026-09-14 15:58:32
SCI_HI_0641,Hindi,Science,"विद्युत धारा, विभव, प्रतिरोध एवं चुंबकत्व",Hard,चुंबकत्व विभाजन में विद्युत विभव किस प्रकार के अनुसार नियंत्रित होता है?,विद्युत धारा के अनुसार,चुंबकत्व प्रतिरोध के अनुसार,विद्युत विभव के अनुसार,विद्युत प्रतिरोध के अनुसार,B,चुंबकत्व प्रतिरोध के अनुसार,चुंबकत्व विभाजन में विद्युत विभव चुंबकत्व प्रतिरोध के अनुसार नियंत्रित होता है।,चुंबकत्व विभाजन में विद्युत विभव चुंबकत्व प्रतिरोध के अनुसार नियंत्रित होता है। इसके कारण विद्युत विभव चुंबकत्व प्रतिरोध की तीव्रता के अनुसार बढ़ता है।,2026-09-14 15:58:32
SCI_HI_0642,Hindi,Science,"आधुनिक भौतिकी, परमाणु संरचना एवं नाभिकीय ऊर्जा",Easy,नाभिकीय ऊर्जा किस प्रकार की ऊर्जा है?,कार्बन बेस्ड ऊर्जा,विद्युत ऊर्जा,परमाणु ऊर्जा,सौर ऊर्जा,C,परमाणु ऊर्जा,परमाणु ऊर्जा नाभिकीय ऊर्जा का एक प्रकार है।,नाभिकीय ऊर्जा का उत्पादन परमाणु की नाभिकों को विघटित करके प्राप्त किया जाता है।,2026-09-14 15:59:17
SCI_HI_0643,Hindi,Science,"आधुनिक भौतिकी, परमाणु संरचना एवं नाभिकीय ऊर्जा",Easy,नाभिकीय ऊर्जा किसके द्वारा उत्पादित होती है?,कार्बन बेस्ड इलेक्ट्रिक इंजन,परमाणु नाभिकों के विघटन से,सौर ऊर्जा वैज्ञानिक एक्सपीरिएम्स,विद्युत विभव का विपरीत विभव,B,परमाणु नाभिकों के विघटन से,परमाणु नाभिकों के विघटन से नाभिकीय ऊर्जा उत्पादित होती है।,परमाणु नाभिकों के विघटन के दौरान बहुत बड़ा ऊर्जा द्रव्यमान निकलता है जिससे नाभिकीय ऊर्जा उत्पादित होती है।,2026-09-14 15:59:17
SCI_HI_0644,Hindi,Science,"आधुनिक भौतिकी, परमाणु संरचना एवं नाभिकीय ऊर्जा",Easy,नाभिकीय नाभिक किस प्रकार की है?,एकल नाभिक,दो या दो से अधिक नाभिकों का संयोजन,केवल परमाणु,केवल इलेक्ट्रोन,B,दो या दो से अधिक नाभिकों का संयोजन,नाभिकीय नाभिक में दो या दो से अधिक नाभिक संयोजित होती हैं।,"नाभिकीय नाभिकों में नाभिकों का एक संयोजन होता है जिसमें परमाणु, इलेक्ट्रोन और नाभिकीय बायंट मेम्बर्स पाए जाते हैं।",2026-09-14 15:59:17
SCI_HI_0645,Hindi,Science,"आधुनिक भौतिकी, परमाणु संरचना एवं नाभिकीय ऊर्जा",Easy,परमाणु संरचना में परमाणु नाभिक किस प्रकार की है?,एकल नाभिक,किसी भी शैली में,केवल परमाणु,दो या दो से अधिक नाभिकों का संयोजन,A,एकल नाभिक,परमाणु नाभिक में परमाणु एकल नाभिक होता है।,"परमाणु नाभिक में एकल नाभिक होती है जिसमें परमाणु, इलेक्ट्रोन और नाभिकीय बायंट मेम्बर्स पाए जाते हैं।",2026-09-14 15:59:17
SCI_HI_0646,Hindi,Science,"आधुनिक भौतिकी, परमाणु संरचना एवं नाभिकीय ऊर्जा",Easy,नाभिकीय नाभिक में नाभिकीय बायंट किसके द्वारा नियंत्रित होता है?,कार्बन बेस्ड इलेक्ट्रॉन,परमाणु नाभिकीय बायंट,इलेक्ट्रोन,केवल इलेक्ट्रोन,B,परमाणु नाभिकीय बायंट,नाभिकीय बायंट नाभिकीय नाभिक में नाभिकीय बायंट के द्वारा नियंत्रित होता है।,नाभिकीय बायंट नाभिकीय नाभिक में परमाणु नाभिकीय बायंट के द्वारा नियंत्रित होता है जो नाभिकीय बायंट का व्यवहार नियंत्रित करता है।,2026-09-14 15:59:17
SCI_HI_0647,Hindi,Science,"आधुनिक भौतिकी, परमाणु संरचना एवं नाभिकीय ऊर्जा",Easy,नाभिकीय नाभिक में इलेक्ट्रोन किसके द्वारा नियंत्रित होता है?,परमाणु नाभिकीय बायंट,केवल नाभिकीय बायंट,कार्बन बेस्ड इलेक्ट्रॉन,इलेक्ट्रोन नाभिकीय बायंट,A,परमाणु नाभिकीय बायंट,इलेक्ट्रोन नाभिकीय नाभिक में परमाणु नाभिकीय बायंट के द्वारा नियंत्रित होता है।,इलेक्ट्रोन नाभिकीय नाभिक में परमाणु नाभिकीय बायंट के द्वारा नियंत्रित होता है।,2026-09-14 15:59:17
SCI_HI_0648,Hindi,Science,"आधुनिक भौतिकी, परमाणु संरचना एवं नाभिकीय ऊर्जा",Easy,नाभिकीय नाभिक में नाभिकीय बायंट किसका परिचालन करता है?,केवल इलेक्ट्रोन,केवल परमाणु,नाभिकीय बायंट और इलेक्ट्रोन,केवल नाभिकीय बायंट,C,नाभिकीय बायंट और इलेक्ट्रोन,नाभिकीय बायंट नाभिकीय नाभिक में नाभिकीय बायंट और इलेक्ट्रोन का परिचालन करता है।,नाभिकीय बायंट नाभिकीय नाभिक में नाभिकीय बायंट और इलेक्ट्रोन का परिचालन करता है।,2026-09-14 15:59:17
SCI_HI_0649,Hindi,Science,"आधुनिक भौतिकी, परमाणु संरचना एवं नाभिकीय ऊर्जा",Easy,नाभिकीय नाभिक में नाभिकीय बायंट किसका नियंत्रण करता है?,केवल इलेक्ट्रोन,नाभिकीय बायंट और इलेक्ट्रोन,केवल परमाणु,केवल नाभिकीय बायंट,B,नाभिकीय बायंट और इलेक्ट्रोन,नाभिकीय बायंट नाभिकीय नाभिक में नाभिकीय बायंट और इलेक्ट्रोन का नियंत्रण करता है।,नाभिकीय बायंट नाभिकीय नाभिक में नाभिकीय बायंट और इलेक्ट्रोन का नियंत्रण करता है।,2026-09-14 15:59:17
SCI_HI_0650,Hindi,Science,"आधुनिक भौतिकी, परमाणु संरचना एवं नाभिकीय ऊर्जा",Easy,परमाणु नाभिक किस प्रकार की है?,नाभिकीय बायंट,केवल इलेक्ट्रोन,केवल परमाणु,दो या दो से अधिक नाभिकों का संयोजन,C,केवल परमाणु,परमाणु नाभिक केवल परमाणु होती है।,परमाणु नाभिक केवल परमाणु होती है जिसका नाम नाभिकीय बायंट भी होता है।,2026-09-14 15:59:17
SCI_HI_0651,Hindi,Science,"आधुनिक भौतिकी, परमाणु संरचना एवं नाभिकीय ऊर्जा",Easy,नाभिकीय बायंट किसका नाम है?,केवल परमाणु,केवल इलेक्ट्रोन,केवल नाभिकीय बायंट,परमाणु और इलेक्ट्रोन,D,परमाणु और इलेक्ट्रोन,नाभिकीय बायंट परमाणु और इलेक्ट्रोन का नाम है।,नाभिकीय बायंट परमाणु और इलेक्ट्रोन का नाम है।,2026-09-14 15:59:17
SCI_HI_0652,Hindi,Science,"तत्व, यौगिक, मिश्रण एवं रासायनिक आबंधन",Medium,नाभिकीय नाभिक किसका आकार और आकृति का निर्धारण करता है?,नाभिकीय बायंट,नाभिकीय नाभिक,नाभिकीय इलेक्ट्रोन,नाभिकीय प्रोटाइन,B,नाभिकीय नाभिक,नाभिकीय नाभिक नाभिकीय बायंट के आकार और आकृति का निर्धारण करती है।,नाभिकीय नाभिक में नाभिकीय बायंटों की संख्या और उनकी संरचना के आधार पर नाभिकीय नाभिक का आकार और आकृति निर्धारित होता है।,2026-09-14 16:00:03
SCI_HI_0653,Hindi,Science,"तत्व, यौगिक, मिश्रण एवं रासायनिक आबंधन",Medium,किस तत्व का अभिक्रिया यौगिक बनाने में लगातार उपयोग किया जाता है?,सिलिकॉन,नाइट्रोजन,हाइड्रोजन,फोनॉन,A,सिलिकॉन,सिलिकॉन एक विशेष तत्व है जिसका अभिक्रिया यौगिक बनाने में लगातार उपयोग किया जाता है।,सिलिकॉन एक गुणात्मक तत्व है जो अभिक्रियाओं में उपयोग किया जाता है ताकि अभिक्रिया यौगिक बनाए जा सकें।,2026-09-14 16:00:03
SCI_HI_0654,Hindi,Science,"तत्व, यौगिक, मिश्रण एवं रासायनिक आबंधन",Medium,किस यौगिक में नाभिकीय बायंट की संख्या और तत्व की संरचना निर्धारित होती है?,हाइड्रोकार्बन,क्लोराइड,एथेनल,नाभिकीय नाभिक,D,नाभिकीय नाभिक,नाभिकीय नाभिक नाभिकीय बायंटों की संख्या और तत्व की संरचना निर्धारित करती है।,नाभिकीय नाभिक में नाभिकीय बायंटों की संख्या और उनकी संरचना के आधार पर तत्व का रासायनिक रूप निर्धारित होता है।,2026-09-14 16:00:03
SCI_HI_0655,Hindi,Science,"तत्व, यौगिक, मिश्रण एवं रासायनिक आबंधन",Medium,रासायनिक आबंधन में किस यौगिक को किस तत्व से जोड़ा जाता है?,हाइड्रोजन से नाइट्रोजन,क्लोरीन से फ्लोरीन,ऑक्सीजन से जन्ना,हाइड्रोजन से ऑक्सीजन,D,हाइड्रोजन से ऑक्सीजन,रासायनिक आबंधन में हाइड्रोजन और ऑक्सीजन यौगिक बनाने के लिए जोड़े जाते हैं।,"हाइड्रोजन और ऑक्सीजन यौगिक बनाने के लिए एक प्राथमिक आबंधन है, जिसमें हाइड्रोजन और ऑक्सीजन यौगिक बनाने में लगातार उपयोग किये जाते हैं।",2026-09-14 16:00:03
SCI_HI_0656,Hindi,Science,"तत्व, यौगिक, मिश्रण एवं रासायनिक आबंधन",Medium,किस यौगिक में नाभिकीय बायंट के नामकरण का उपयोग किया जाता है?,नाभिकीय नाभिक,नाभिकीय बायंट,नाभिकीय इलेक्ट्रोन,नाभिकीय रेडियोधर्म,B,नाभिकीय बायंट,नाभिकीय बायंट नामकरण का एक प्रकार है जो नाभिकीय नामकरण में उपयोग किया जाता है।,नाभिकीय बायंट नामकरण एक प्रकार का नामकरण है जिसमें नाभिकीय नामकरण में नाभिकीय बायंटों का नामकरण किया जाता है।,2026-09-14 16:00:03
SCI_HI_0657,Hindi,Science,"तत्व, यौगिक, मिश्रण एवं रासायनिक आबंधन",Medium,किस तत्व का नामकरण संक्रमण के बाद हुआ है?,थॉर,बरियम,थोरियम,थॉरियम,D,थॉरियम,थॉरियम तत्व का नामकरण संक्रमण के बाद हुआ था।,"थॉरियम का नामकरण नाभिकीय संक्रमण के बाद हुआ था, क्योंकि यह नाभिकीय संक्रमण द्वारा बना था।",2026-09-14 16:00:03
SCI_HI_0658,Hindi,Science,"तत्व, यौगिक, मिश्रण एवं रासायनिक आबंधन",Medium,किस तत्व का रासायनिक रूप का निर्धारण नाभिकीय नाभिक द्वारा किया जाता है?,नाभिकीय नाभिक,नाभिकीय बायंट,नाभिकीय इलेक्ट्रोन,तत्व,D,तत्व,तत्व का रासायनिक रूप नाभिकीय नाभिक द्वारा निर्धारित किया जाता है।,"तत्व का रासायनिक रूप नाभिकीय नाभिक द्वारा निर्धारित होता है, जो नाभिकीय बायंटों की संख्या और उनकी संरचना के आधार पर निर्धारित होता है।",2026-09-14 16:00:03
SCI_HI_0659,Hindi,Science,"तत्व, यौगिक, मिश्रण एवं रासायनिक आबंधन",Medium,किस यौगिक में नाभिकीय नाभिक की संरचना और नामकरण का उपयोग किया जाता है?,थोरियम डायऑक्साइड,थॉरियम क्लोराइड,थॉरियम वाइनियर,थॉरियम डायऑक्साइड,D,थॉरियम डायऑक्साइड,थॉरियम डायऑक्साइड में नाभिकीय नाभिक की संरचना और नामकरण का उपयोग किया जाता है।,थॉरियम डायऑक्साइड में नाभिकीय नाभिक की संरचना और नामकरण द्वारा निर्धारित रासायनिक रूप दिखाता है।,2026-09-14 16:00:03
SCI_HI_0660,Hindi,Science,"तत्व, यौगिक, मिश्रण एवं रासायनिक आबंधन",Medium,किस यौगिक में नाभिकीय बायंट का गुणनांक का उपयोग किया जाता है?,थोरियम डायऑक्साइड,थॉरियम क्लोराइड,थॉरियम वाइनियर,थॉरियम डायऑक्साइड,D,थॉरियम डायऑक्साइड,थॉरियम डायऑक्साइड में नाभिकीय बायंट का गुणनांक का उपयोग किया जाता है।,थॉरियम डायऑक्साइड में नाभिकीय बायंट का गुणनांक निर्धारित रासायनिक रूप दिखाता है।,2026-09-14 16:00:03
SCI_HI_0661,Hindi,Science,"आवर्त सारणी, प्रमुख धातुएं एवं अधातुएं",Hard,आवर्त सारणी के तत्वों में अधातुओं की श्रृंखला किस तत्व से शुरू होती है?,हाइड्रोजन,नाइट्रोजन,पोटेशियम,कैल्शियम,A,हाइड्रोजन,हाइड्रोजन को अधातुओं की श्रृंखला का शुरुआती तत्व माना जाता है क्योंकि यह अधातु अपने निरंतर वातावरण के साथ एक विशिष्ट विकासीय प्रक्रिया से संबद्ध है।,हाइड्रोजन को अधातु के रूप में दर्शाया जाता है जबकि अन्य तत्व संरचनात्मक रूप से अधातु से अलग हैं।,2026-09-14 16:00:48
SCI_HI_0662,Hindi,Science,"आवर्त सारणी, प्रमुख धातुएं एवं अधातुएं",Hard,आवर्त सारणी में नाभिकीय बायंट का उपयोग किस तत्व के साथ किया जाता है?,कैल्शियम,नाइट्रोजन,ब्रैंडिड,फ्लोरिन,C,ब्रैंडिड,ब्रैंडिड को नाभिकीय बायंट का उपयोग करके एक निरंतर वातावरण में स्थापित किया गया तत्व है।,ब्रैंडिड को नाभिकीय बायंट का उपयोग करके पाठ्यक्रम में शामिल किया गया है जो अन्य अवस्थाओं में नहीं शामिल है।,2026-09-14 16:00:48
SCI_HI_0663,Hindi,Science,"आवर्त सारणी, प्रमुख धातुएं एवं अधातुएं",Hard,किस तत्व का नामकरण अवशोषण के बाद हुआ है?,हाइड्रोजन,नाइट्रोजन,ब्रैंडिड,फ्लोरिन,C,ब्रैंडिड,ब्रैंडिड का नामकरण अवशोषण के बाद हुआ है क्योंकि यह नामकरण अवशोषण का प्रक्रिया दर्शाता है।,"ब्रैंडिड का नामकरण अवशोषण का प्रक्रिया को दर्शाता है, जिसमें नाभिकीय बायंट का उपयोग किया गया है।",2026-09-14 16:00:48
SCI_HI_0664,Hindi,Science,"आवर्त सारणी, प्रमुख धातुएं एवं अधातुएं",Hard,नाभिकीय नामकरण का उपयोग किस तत्व के नामकरण में किया जाता है?,फ्लोरिन,नाइट्रोजन,ब्रैंडिड,कैल्शियम,C,ब्रैंडिड,ब्रैंडिड का नामकरण नाभिकीय नामकरण द्वारा किया गया है।,ब्रैंडिड का नामकरण नाभिकीय नामकरण द्वारा अवशोषण का एक विशिष्ट प्रक्रिया को दर्शाता है।,2026-09-14 16:00:48
SCI_HI_0665,Hindi,Science,"आवर्त सारणी, प्रमुख धातुएं एवं अधातुएं",Hard,"आवर्त सारणी की तुलना में, आवर्त सारणी के तत्वों में अधातु और नाभिकीय तत्व का अंतर किस तत्व से स्पष्ट होता है?",हाइड्रोजन,नाइट्रोजन,ब्रैंडिड,फ्लोरिन,C,ब्रैंडिड,"ब्रैंडिड एक नाभिकीय तत्व है जो अधातुओं के रूप में दर्शाया जाता है, यह तुलना में आवर्त सारणी के तत्वों से अंतर दर्शाता है।",ब्रैंडिड नाभिकीय तत्व है जो अधातुओं के रूप में दर्शाया जाता है और इस तत्व को आवर्त सारणी के तत्वों से अंतर दर्शाता है।,2026-09-14 16:00:48
SCI_HI_0666,Hindi,Science,"आवर्त सारणी, प्रमुख धातुएं एवं अधातुएं",Hard,किस तत्व का रासायनिक रूप नाभिकीय नामकरण द्वारा निर्धारित किया जाता है?,नाइट्रोजन,ब्रैंडिड,फ्लोरिन,कैल्शियम,B,ब्रैंडिड,ब्रैंडिड का रासायनिक रूप नाभिकीय नामकरण द्वारा निर्धारित किया जाता है।,ब्रैंडिड का रासायनिक रूप नाभिकीय नामकरण द्वारा निर्धारित किया जाता है जो नाभिकीय बायंट का उपयोग करके दर्शाता है।,2026-09-14 16:00:48
SCI_HI_0667,Hindi,Science,"आवर्त सारणी, प्रमुख धातुएं एवं अधातुएं",Hard,आवर्त सारणी में नाभिकीय बायंट का उपयोग किस तत्व के नामकरण में किया जाता है?,फ्लोरिन,नाइट्रोजन,ब्रैंडिड,कैल्शियम,C,ब्रैंडिड,ब्रैंडिड को नाभिकीय बायंट का उपयोग करके नामकरण किया गया है।,ब्रैंडिड को नाभिकीय बायंट का उपयोग करके नामकरण किया गया है जो नाभिकीय नामकरण का एक उदाहरण है।,2026-09-14 16:00:48
SCI_HI_0668,Hindi,Science,"आवर्त सारणी, प्रमुख धातुएं एवं अधातुएं",Hard,नाभिकीय बायंट का उपयोग किस तत्व के नामकरण में किया जाता है?,नाइट्रोजन,फ्लोरिन,ब्रैंडिड,कैल्शियम,C,ब्रैंडिड,ब्रैंडिड को नाभिकीय बायंट का उपयोग करके नामकरण किया गया है।,ब्रैंडिड को नाभिकीय बायंट का उपयोग करके नामकरण किया गया है जो नाभिकीय नामकरण का एक उदाहरण है।,2026-09-14 16:00:48
SCI_HI_0669,Hindi,Science,"आवर्त सारणी, प्रमुख धातुएं एवं अधातुएं",Hard,आवर्त सारणी में किस तत्व का नामकरण नाभिकीय नामकरण द्वारा किया जाता है?,फ्लोरिन,नाइट्रोजन,ब्रैंडिड,कैल्शियम,C,ब्रैंडिड,ब्रैंडिड को नाभिकीय नामकरण द्वारा नामकरण किया गया है।,ब्रैंडिड को नाभिकीय नामकरण द्वारा नामकरण किया गया है जो नाभिकीय नामकरण का एक उदाहरण है।,2026-09-14 16:00:48
SCI_HI_0670,Hindi,Science,"अम्ल, क्षार, लवण एवं दैनिक जीवन में रसायन",Easy,अम्ल का एक उदाहरण कौन सा है?,चटनी,चाकुर,वेनी,मसाले,B,चाकुर,चाकुर एक अम्ल है जिसमें दहन की क्षमता होती है।,चाकुर एक अम्ल है जिसमें जलवाष्प उत्सर्जन और दहन की क्षमता होती है।,2026-09-14 16:01:25
SCI_HI_0671,Hindi,Science,"अम्ल, क्षार, लवण एवं दैनिक जीवन में रसायन",Easy,कौन सा यौगिक एक क्षार है?,कार्बनाइट,नाइट्रेट,नाइट्रेड,सल्फेड्रिक एसिड,A,कार्बनाइट,कार्बनाइट का pH मान अधिक विकृत होता है जिससे यह एक क्षार होती है।,कार्बनाइट एक क्षार है जिसका pH मान अधिक विकृत होता है। इसके वजह से यह क्षार दर्शाता है।,2026-09-14 16:01:25
SCI_HI_0672,Hindi,Science,"अम्ल, क्षार, लवण एवं दैनिक जीवन में रसायन",Easy,लवण का एक उदाहरण कौन सा है?,चटनी,क्लोराइड,हाइड्रोजन ऑक्साइड,सल्फिक एसिड,B,क्लोराइड,क्लोराइड एक लवण है जिसमें एक अम्ल और एक क्षार का संयोजन होता है।,क्लोराइड एक लवण है जिसमें एक अम्ल और एक क्षार का संयोजन होता है। इसके जोड़कर यह एक लवण बनता है।,2026-09-14 16:01:25
SCI_HI_0673,Hindi,Science,"अम्ल, क्षार, लवण एवं दैनिक जीवन में रसायन",Easy,किसका एक उदाहरण रसायन है?,चटनी,चाकुर,इन्स्टॅन्सिड,मसाले,C,इन्स्टॅन्सिड,इन्स्टॅन्सिड एक रसायन है जिसमें अम्ल और क्षार का संयोजन होता है।,इन्स्टॅन्सिड एक रसायन है जिसमें अम्ल और क्षार का संयोजन होता है। इसके जोड़कर यह एक रसायन बनता है।,2026-09-14 16:01:25
SCI_HI_0674,Hindi,Science,"अम्ल, क्षार, लवण एवं दैनिक जीवन में रसायन",Easy,कौन सा यौगिक एक अम्ल है?,सल्फाइड,सल्फिक एसिड,कार्बनाइट,नाइट्रेड,B,सल्फिक एसिड,सल्फिक एसिड का pH मान कम होता है जिससे यह एक अम्ल होता है।,सल्फिक एसिड एक अम्ल है जिसका pH मान कम होता है। इसके वजह से यह एक अम्ल दर्शाता है।,2026-09-14 16:01:25
SCI_HI_0675,Hindi,Science,"अम्ल, क्षार, लवण एवं दैनिक जीवन में रसायन",Easy,किसका एक उदाहरण लवण है?,कार्बनाइट,नाइट्रेट,चटनी,चाकुर,B,नाइट्रेट,नाइट्रेट एक लवण है जिसमें एक अम्ल और एक क्षार का संयोजन होता है।,नाइट्रेट एक लवण है जिसमें एक अम्ल और एक क्षार का संयोजन होता है। इसके जोड़कर यह एक लवण बनता है।,2026-09-14 16:01:25
SCI_HI_0676,Hindi,Science,"अम्ल, क्षार, लवण एवं दैनिक जीवन में रसायन",Easy,किसका एक उदाहरण अम्ल है?,कार्बनाइट,नाइट्रेट,चटनी,सल्फिक एसिड,D,सल्फिक एसिड,सल्फिक एसिड का pH मान कम होता है जिससे यह एक अम्ल होता है।,सल्फिक एसिड एक अम्ल है जिसका pH मान कम होता है। इसके वजह से यह एक अम्ल दर्शाता है।,2026-09-14 16:01:25
SCI_HI_0677,Hindi,Science,"अम्ल, क्षार, लवण एवं दैनिक जीवन में रसायन",Easy,किसका एक उदाहरण क्षार है?,चटनी,सल्फिक एसिड,नाइट्रेट,कार्बनाइट,D,कार्बनाइट,कार्बनाइट का pH मान अधिक विकृत होता है जिससे यह एक क्षार होती है।,कार्बनाइट एक क्षार है जिसका pH मान अधिक विकृत होता है। इसके वजह से यह एक क्षार दर्शाती है।,2026-09-14 16:01:25
SCI_HI_0678,Hindi,Science,"कार्बन एवं उसके यौगिक, हाइड्रोकार्बन",Medium,कार्बन के विभिन्न यौगिकों में से कौन सा एक अमोनियम यौगिक है?,कार्बन डाइऑक्साइड,मिटालियम कार्बाइड,नाइट्रोजीन यौगिक,नाइट्रोक्साइल यौगिक,C,नाइट्रोजीन यौगिक,नाइट्रोजीन यौगिक एक अमोनियम यौगिक है जिसमें नाइट्रोजीन का संयोजन होता है।,नाइट्रोजीन यौगिक जैसे एनिलिन यौगिक आदि नाइट्रोजीन को संयोजित करते हैं जिनमें नाइट्रोजीन अमोनियम के रूप में उपस्थित होता है।,2026-09-14 16:02:08
SCI_HI_0679,Hindi,Science,"कार्बन एवं उसके यौगिक, हाइड्रोकार्बन",Medium,कार्बन यौगिकों में से कौन सा एक अपोलोकार्बन है?,कार्बन डाइऑक्साइड,प्रोपेन,हैलोक्रेन,थिफाइलीन,B,प्रोपेन,प्रोपेन एक अपोलोकार्बन है जिसमें त्रिक्रम कार्बन यौगिक होता है।,प्रोपेन एक त्रिक्रम कार्बन यौगिक है जिसमें तीन कार्बन कण्ड होते हैं। अपोलोकार्बन यौगिक एक संयोजन है जिसमें कार्बन कण्डों की संख्या विशेष रूप से दो या तीन होती हैं।,2026-09-14 16:02:08
SCI_HI_0680,Hindi,Science,"कार्बन एवं उसके यौगिक, हाइड्रोकार्बन",Medium,किस प्रकार का हाइड्रोकार्बन एक असंयोजित कार्बन है?,कार्बोलिफेन,एथिल एनामिन,थिफाइलीन,थियोफेन,C,थिफाइलीन,थिफाइलीन एक असंयोजित कार्बन यौगिक है जिसमें दो थीफाइल ग्रुप होते हैं।,थिफाइलीन एक दोहरा थीफाइल यौगिक है जिसमें दो थीफाइल ग्रुप संयोजित होते हैं और एक असंयोजित कार्बन है।,2026-09-14 16:02:08
SCI_HI_0681,Hindi,Science,"कार्बन एवं उसके यौगिक, हाइड्रोकार्बन",Medium,कौन सा यौगिक एक संयोजित कार्बन यौगिक है?,थियोफेन,थिफाइलीन,थिफाइलिक अम्ल,थाइलियन अम्ल,A,थियोफेन,थियोफेन एक संयोजित कार्बन यौगिक है जिसमें तीन कार्बन कण्ड होते हैं।,थियोफेन एक त्रिक्रम कार्बन यौगिक है जिसमें तीन कार्बन कण्ड होते हैं और एक संयोजन होता है।,2026-09-14 16:02:08
SCI_HI_0682,Hindi,Science,"कार्बन एवं उसके यौगिक, हाइड्रोकार्बन",Medium,किस प्रकार के हाइड्रोकार्बन एक अमोनियम यौगिक है?,थिफाइलीन,थाइलियन अम्ल,थियोफेन,थिफाइलिक अम्ल,D,थिफाइलिक अम्ल,थिफाइलिक अम्ल एक अमोनियम यौगिक है जिसमें थीफाइल ग्रुप होते हैं।,थिफाइलिक अम्ल एक अमोनियम यौगिक है जिसमें थीफाइल ग्रुप संयोजित होते हैं और एक अमोनियम यौगिक है।,2026-09-14 16:02:08
SCI_HI_0683,Hindi,Science,"कार्बन एवं उसके यौगिक, हाइड्रोकार्बन",Medium,किस प्रकार का हाइड्रोकार्बन एक अमोनियम यौगिक है?,थिफाइलीन,थियोफेन,थिफाइलिक अम्ल,थाइलियन अम्ल,C,थिफाइलिक अम्ल,थिफाइलिक अम्ल एक अमोनियम यौगिक है जिसमें थीफाइल ग्रुप होते हैं।,थिफाइलिक अम्ल एक अमोनियम यौगिक है जिसमें थीफाइल ग्रुप संयोजित होते हैं और एक अमोनियम यौगिक है।,2026-09-14 16:02:08
SCI_HI_0684,Hindi,Science,"कार्बन एवं उसके यौगिक, हाइड्रोकार्बन",Medium,कौन सा यौगिक एक अमोनियम यौगिक है?,थिफाइलीन,थाइलियन अम्ल,थिफाइलिक अम्ल,थियोफेन,C,थिफाइलिक अम्ल,थिफाइलिक अम्ल एक अमोनियम यौगिक है जिसमें थीफाइल ग्रुप होते हैं।,थिफाइलिक अम्ल एक अमोनियम यौगिक है जिसमें थीफाइल ग्रुप संयोजित होते हैं और एक अमोनियम यौगिक है।,2026-09-14 16:02:08
SCI_HI_0685,Hindi,Science,"कोशिका संरचना, कोशिका विभाजन एवं आनुवंशिकी",Hard,"कोशिका विभाजन के दौरान, जब एक न्यूक्लियस दो भागों में विभाजित होता है तो किस अवस्था का संदर्भ है?",मिटोचंड्रियन फास्ट,एन्डोरिबोलिक फास्ट,डिजोटिस फास्ट,डीकोटिस फास्ट,D,डीकोटिस फास्ट,डीकोटिस फास्ट में एन्जाइम कोशिका दीवार को विभाजित करने में मदद करता है।,डीकोटिस फास्ट में न्यूक्लियस में हाइड्रोलिसिक एन्जाइम द्वारा विभाजन होता है जो कोशिका दीवार को विभाजित करके दो नए कोशिकाओं का निर्माण करता है।,2026-09-14 16:03:19
SCI_HI_0686,Hindi,Science,"कोशिका संरचना, कोशिका विभाजन एवं आनुवंशिकी",Hard,"कोशिका विभाजन के प्रक्रिया में जो फास्ट दूसरी कोशिका दीवार के निर्माण में शामिल है, वह कौन-सा है?",स्ट्रायमेन प्रोटिन फास्ट,कोयलोज फास्ट,स्टैमिकोलिक असिड फास्ट,कोल्ड फास्ट,C,स्टैमिकोलिक असिड फास्ट,स्टैमिकोलिक असिड फास्ट में नए कोशिका दीवार का निर्माण होता है।,"स्टैमिकोलिक असिड फास्ट में, कोशिका दीवार का नए कोशिका दीवार के निर्माण के लिए माल का उपयोग किया जाता है जो दूसरी कोशिका दीवार का निर्माण करती है।",2026-09-14 16:03:19
SCI_HI_0687,Hindi,Science,"कोशिका संरचना, कोशिका विभाजन एवं आनुवंशिकी",Hard,किस फास्ट में रिबोसोमल रिबोनायटिक एन्जाइम विकास और फेफिनिल एन्जाइम विकास दोनों की शुरुआत होती है?,मिटोचंड्रियन फास्ट,ग्राइकोलिसिस फास्ट,एन्डोरिबोलिक फास्ट,रिबोसोमल फास्ट,D,रिबोसोमल फास्ट,रिबोसोमल फास्ट में रिबोनायटिक एन्जाइम विकास और फेफिनिल एन्जाइम विकास की शुरुआत होती है।,"रिबोसोमल फास्ट में, रिबोनायटिक एन्जाइम और फेफिनिल एन्जाइम विकास होता है जो न्यूक्लियस और अमिनो एसिड के निर्माण में मदद करते हैं।",2026-09-14 16:03:19
SCI_HI_0688,Hindi,Science,"कोशिका संरचना, कोशिका विभाजन एवं आनुवंशिकी",Hard,किस अवस्था में न्यूक्लियस विभाजित होता है और इसमें टाइमोसिन ए एन्जाइम का उपयोग होता है?,डिजोटिस फास्ट,ब्लाइकर फास्ट,कोयलोज फास्ट,कोयलोज फास्ट,B,ब्लाइकर फास्ट,ब्लाइकर फास्ट में न्यूक्लियस का विभाजन होता है और टाइमोसिन ए एन्जाइम उपयोग किया जाता है।,"ब्लाइकर फास्ट में, न्यूक्लियस का विभाजन होता है जिसमें टाइमोसिन ए एन्जाइम न्यूक्लियस को विभाजित करके दो नए कोशिकाओं में विभाजित करता है।",2026-09-14 16:03:19
SCI_HI_0689,Hindi,Science,"कोशिका संरचना, कोशिका विभाजन एवं आनुवंशिकी",Hard,किस फास्ट में कोशिका दीवार का निर्माण होता है और इसमें टाइमोसिन ए एन्जाइम नियोजन होता है?,कोयलोज फास्ट,स्ट्रायमेन प्रोटिन फास्ट,स्टैमिकोलिक असिड फास्ट,ब्लाइकर फास्ट,C,स्टैमिकोलिक असिड फास्ट,स्टैमिकोलिक असिड फास्ट में कोशिका दीवार का निर्माण होता है और इसमें टाइमोसिन ए एन्जाइम नियोजन होता है।,"स्टैमिकोलिक असिड फास्ट में, कोशिका दीवार का निर्माण और टाइमोसिन ए एन्जाइम नियोजन होता है जो कोशिका दीवार को निर्माण करने में मदद करता है।",2026-09-14 16:03:19
SCI_HI_0690,Hindi,Science,"कोशिका संरचना, कोशिका विभाजन एवं आनुवंशिकी",Hard,किस फास्ट में न्यूक्लियस का विभाजन होता है और इसमें रिबोनायटिक एन्जाइम नियोजन होता है?,स्ट्रायमेन प्रोटिन फास्ट,कोयलोज फास्ट,ब्लाइकर फास्ट,रिबोसोमल फास्ट,D,रिबोसोमल फास्ट,रिबोसोमल फास्ट में न्यूक्लियस का विभाजन होता है और रिबोनायटिक एन्जाइम नियोजन होता है।,"रिबोसोमल फास्ट में, न्यूक्लियस का विभाजन और रिबोनायटिक एन्जाइम नियोजन होता है जो न्यूक्लियस निर्माण में मदद करता है।",2026-09-14 16:03:19
SCI_HI_0691,Hindi,Science,"कोशिका संरचना, कोशिका विभाजन एवं आनुवंशिकी",Hard,किस फास्ट में न्यूक्लियस का विभाजन होता है और इसमें न्यूक्लियस नियोजन होता है?,रिबोसोमल फास्ट,ब्लाइकर फास्ट,स्ट्रायमेन प्रोटिन फास्ट,स्टैमिकोलिक असिड फास्ट,B,ब्लाइकर फास्ट,ब्लाइकर फास्ट में न्यूक्लियस का विभाजन होता है और न्यूक्लियस नियोजन होता है।,"ब्लाइकर फास्ट में, न्यूक्लियस का विभाजन और न्यूक्लियस नियोजन होता है जो न्यूक्लियस के निर्माण में मदद करता है।",2026-09-14 16:03:19
SCI_HI_0692,Hindi,Science,"कोशिका संरचना, कोशिका विभाजन एवं आनुवंशिकी",Hard,किस अवस्था में न्यूक्लियस का विभाजन होता है और इसमें फेफिनिल एन्जाइम नियोजन होता है?,ब्लाइकर फास्ट,कोयलोज फास्ट,रिबोसोमल फास्ट,स्ट्रायमेन प्रोटिन फास्ट,C,रिबोसोमल फास्ट,रिबोसोमल फास्ट में न्यूक्लियस का विभाजन होता है और फेफिनिल एन्जाइम नियोजन होता है।,"रिबोसोमल फास्ट में, न्यूक्लियस का विभाजन और फेफिनिल एन्जाइम नियोजन होता है जो न्यूक्लियस के निर्माण में मदद करता है।",2026-09-14 16:03:19
SCI_HI_0693,Hindi,Science,"कोशिका संरचना, कोशिका विभाजन एवं आनुवंशिकी",Hard,किस फास्ट में न्यूक्लियस का विभाजन होता है और इसमें टाइमोसिन ए एन्जाइम नियोजन होता है?,कोयलोज फास्ट,ब्लाइकर फास्ट,स्ट्रायमेन प्रोटिन फास्ट,रिबोसोमल फास्ट,B,ब्लाइकर फास्ट,ब्लाइकर फास्ट में न्यूक्लियस का विभाजन होता है और टाइमोसिन ए एन्जाइम नियोजन होता है।,"ब्लाइकर फास्ट में, न्यूक्लियस का विभाजन और टाइमोसिन ए एन्जाइम नियोजन होता है जो न्यूक्लियस के निर्माण में मदद करता है।",2026-09-14 16:03:19
SCI_HI_0694,Hindi,Science,"मानव शरीर तंत्र (पाचन, श्वसन, रक्त परिसंचरण, तंत्रिका तंत्र)",Easy,पाचन तंत्र किस प्रकार के खाद्य कणों को विश्लेषित करता है?,फल और फलियाँ,चट्टा और चट्टार,मिर्च और लहसुन,"आम खाद्य कणों जैसे मांस, दालें और फल",D,"आम खाद्य कणों जैसे मांस, दालें और फल",क्योंकि आम खाद्य कणों का विश्लेषण अंदर शरीर में किया जाता है।,"मानव शरीर अंदर खाद्य कणों को विश्लेषित करने के लिए जीवाणुओं का उपयोग करता है। मांस, दालें और फल यहाँ विश्लेषित होते हैं।",2026-09-14 16:04:27
SCI_HI_0695,Hindi,Science,"मानव शरीर तंत्र (पाचन, श्वसन, रक्त परिसंचरण, तंत्रिका तंत्र)",Easy,"श्वसन तंत्र द्वारा जो गैस संयोजित होती है, वह किसी दवा या विष के आग्रह में कैसे उत्पन्न होती है?",कार्बन डाईऑक्साइड,ऑक्सीजन,नाइट्रोजन,हाइड्रोजन,A,कार्बन डाईऑक्साइड,"क्योंकि कार्बन डाईऑक्साइड जिसे विषाक्त गैस कहा जाता है, वह श्वसन तंत्र द्वारा उत्पन्न होता है।",श्वसन तंत्र द्वारा ऑक्सीजन और कार्बन डाईऑक्साइड का संयोजन किया जाता है। कार्बन डाईऑक्साइड विषाक्त गैस है और इसे श्वसन तंत्र द्वारा उत्पन्न किया जाता है।,2026-09-14 16:04:27
SCI_HI_0696,Hindi,Science,"मानव शरीर तंत्र (पाचन, श्वसन, रक्त परिसंचरण, तंत्रिका तंत्र)",Easy,"रक्त परिसंचरण में रक्त की रक्तस्थली वात्र जो वात की तुलना में कम होती है, किस प्रकार का रक्त होता है?",कोकस्टॉम रक्त,दिल रक्त,मस्तिष्क रक्त,कंधा रक्त,A,कोकस्टॉम रक्त,क्योंकि कोकस्टॉम रक्त में रक्तस्थली वात अधिक कम होती है।,कोकस्टॉम रक्त रक्तस्थली वात कम होने के कारण अधिक द्रव्यमान रक्त परिसंचरण में शामिल होता है।,2026-09-14 16:04:27
SCI_HI_0697,Hindi,Science,"मानव शरीर तंत्र (पाचन, श्वसन, रक्त परिसंचरण, तंत्रिका तंत्र)",Easy,तंत्रिका तंत्र किसको नियंत्रित करता है ताकि अंदर शरीर के अन्तर्गत विकास और रक्षा हो सके?,हृदय,हाइपरथीर्डियडिसम,हाइपोथीर्डियडिसम,हाइपोथार्मियम,B,हाइपरथीर्डियडिसम,क्योंकि हाइपरथीर्डियडिसम तंत्रिका तंत्र का एक प्रकार है जो शरीर की गति बढ़ाता है।,हाइपरथीर्डियडिसम तंत्रिका तंत्र का एक प्रकार है जो शरीर की गति बढ़ाता है और अंदर शरीर के अन्तर्गत विकास और रक्षा का नियंत्रण करता है।,2026-09-14 16:04:27
SCI_HI_0698,Hindi,Science,"मानव शरीर तंत्र (पाचन, श्वसन, रक्त परिसंचरण, तंत्रिका तंत्र)",Easy,पाचन तंत्र में किस अंग ने नापिस को स्थानांतरित करने का नियंत्रण किया?,तांबा,क्रोमियम,पाश्म,पाक कोशिका,D,पाक कोशिका,क्योंकि पाक कोशिका पाचन तंत्र में नापिस को स्थानांतरित करने में महत्वपूर्ण भूमिका निभाती है।,पाक कोशिका नापिस से रक्त तक नापिस को विश्लेषित करती है और इसे रक्त में स्थानांतरित करती है।,2026-09-14 16:04:27
SCI_HI_0699,Hindi,Science,"मानव शरीर तंत्र (पाचन, श्वसन, रक्त परिसंचरण, तंत्रिका तंत्र)",Easy,श्वसन तंत्र किस प्रकार के गैसों का नियंत्रण करता है?,ऑक्सीजन और नाइट्रोजन,ऑक्सीजन और अमोनियम,ऑक्सीजन और कार्बन डाईऑक्साइड,ऑक्सीजन और वायुमंडल,C,ऑक्सीजन और कार्बन डाईऑक्साइड,क्योंकि श्वसन तंत्र ऑक्सीजन और कार्बन डाईऑक्साइड का नियंत्रण करता है।,श्वसन तंत्र ऑक्सीजन को शरीर में और कार्बन डाईऑक्साइड को वातावरण में नियंत्रित करता है।,2026-09-14 16:04:27
SCI_HI_0700,Hindi,Science,"मानव शरीर तंत्र (पाचन, श्वसन, रक्त परिसंचरण, तंत्रिका तंत्र)",Easy,"रक्त परिसंचरण में रक्त की रक्तस्थली वात जो वात की तुलना में अधिक होती है, किस प्रकार का रक्त होता है?",कोकस्टॉम रक्त,हाइपोथार्मियम रक्त,हाइपोथीर्डियडिसम रक्त,हाइपरथीर्डियडिसम रक्त,D,हाइपरथीर्डियडिसम रक्त,क्योंकि हाइपरथीर्डियडिसम रक्त में रक्तस्थली वात अधिक होती है।,हाइपरथीर्डियडिसम रक्त में रक्तस्थली वात अधिक होती है जो रक्त की वात्र में विस्तार करती है।,2026-09-14 16:04:27
SCI_HI_0701,Hindi,Science,"मानव शरीर तंत्र (पाचन, श्वसन, रक्त परिसंचरण, तंत्रिका तंत्र)",Easy,तंत्रिका तंत्र में किस प्रकार के प्रभाव उत्पन्न करता है जो शरीर के अंदर विकास और रक्षा को नियंत्रित करता है?,हाइपोथार्मियम,हाइपोथीर्डियडिसम,हाइपरथीर्डियडिसम,हाइपोथार्मियम और हाइपोथीर्डियडिसम,C,हाइपरथीर्डियडिसम,क्योंकि हाइपरथीर्डियडिसम तंत्रिका तंत्र का एक प्रकार है जो शरीर की गति बढ़ाता है।,हाइपरथीर्डियडिसम तंत्रिका तंत्र का एक प्रकार है जो शरीर की गति बढ़ाता है और अंदर शरीर के अन्तर्गत विकास और रक्षा का नियंत्रण करता है।,2026-09-14 16:04:27
SCI_HI_0702,Hindi,Science,"मानव शरीर तंत्र (पाचन, श्वसन, रक्त परिसंचरण, तंत्रिका तंत्र)",Easy,पाचन तंत्र में नापिस को शरीर के अंदर बाहर नियंत्रित करने का नियंत्रण किस अंग द्वारा किया जाता है?,क्रोमियम,पाक कोशिका,तांबा,क्रोमियम और पाक कोशिका,B,पाक कोशिका,क्योंकि पाक कोशिका नापिस को शरीर के अंदर बाहर नियंत्रित करने में महत्वपूर्ण भूमिका निभाती है।,पाक कोशिका नापिस से रक्त तक नापिस को विश्लेषित करती है और इसे रक्त में स्थानांतरित करती है जिससे नापिस को शरीर के अंदर नियंत्रित किया जाता है।,2026-09-14 16:04:27
SCI_HI_0703,Hindi,Science,"मानव शरीर तंत्र (पाचन, श्वसन, रक्त परिसंचरण, तंत्रिका तंत्र)",Easy,श्वसन तंत्र किसको नियंत्रित करता है ताकि शरीर में ऑक्सीजन का संचालन योग्य हो सके?,हाइपरथीर्डियडिसम,हाइपोथीर्डियडिसम,हाइपोथार्मियम,ऑक्सीजन की संचालन,D,ऑक्सीजन की संचालन,क्योंकि श्वसन तंत्र ऑक्सीजन की संचालन को नियंत्रित करता है।,श्वसन तंत्र ऑक्सीजन को शरीर में और कार्बन डाईऑक्साइड को वातावरण में नियंत्रित करता है।,2026-09-14 16:04:27
SCI_HI_0704,Hindi,Science,"मानव शरीर तंत्र (पाचन, श्वसन, रक्त परिसंचरण, तंत्रिका तंत्र)",Easy,"रक्त परिसंचरण में रक्त की रक्तस्थली वात जो वात की तुलना में छोटी होती है, किस प्रकार का रक्त होता है?",हाइपरथीर्डियडिसम रक्त,हाइपोथार्मियम रक्त,हाइपोथीर्डियडिसम रक्त,कोकस्टॉम रक्त,B,हाइपोथार्मियम रक्त,क्योंकि हाइपोथार्मियम रक्त में रक्तस्थली वात छोटी होती है।,हाइपोथार्मियम रक्त में रक्तस्थली वात छोटी होती है जो रक्त की वात्र में बीमारी का संकेत दे सकती है।,2026-09-14 16:04:27
SCI_HI_0705,Hindi,Science,"मानव शरीर तंत्र (पाचन, श्वसन, रक्त परिसंचरण, तंत्रिका तंत्र)",Easy,तंत्रिका तंत्र किस प्रकार के गैसों को नियंत्रित करता है ताकि शरीर में अंतर्निहित रक्षा की रक्षा हो सके?,ऑक्सीजन और नाइट्रोजन,ऑक्सीजन और अमोनियम,ऑक्सीजन और कार्बन डाईऑक्साइड,ऑक्सीजन और वायुमंडल,C,ऑक्सीजन और कार्बन डाईऑक्साइड,क्योंकि तंत्रिका तंत्र ऑक्सीजन और कार्बन डाईऑक्साइड को नियंत्रित करता है।,तंत्रिका तंत्र ऑक्सीजन और कार्बन डाईऑक्साइड को नियंत्रित करता है जो शरीर की रक्षा में भूमिका निभाते हैं।,2026-09-14 16:04:27
SCI_HI_0706,Hindi,Science,"मानव शरीर तंत्र (पाचन, श्वसन, रक्त परिसंचरण, तंत्रिका तंत्र)",Easy,पाचन तंत्र में किस अंग ने नापिस को रक्त में नियंत्रित करने का नियंत्रण किया?,क्रोमियम,पाक कोशिका,तांबा,क्रोमियम और पाक कोशिका,B,पाक कोशिका,क्योंकि पाक कोशिका नापिस को रक्त में नियंत्रित करने में महत्वपूर्ण भूमिका निभाती है।,पाक कोशिका नापिस से रक्त तक नापिस को विश्लेषित करती है और इसे रक्त में स्थानांतरित करती है जिससे नापिस को शरीर के अंदर नियंत्रित किया जाता है।,2026-09-14 16:04:27
SCI_HI_0707,Hindi,Science,"मानव स्वास्थ्य, पोषण, विटामिन एवं प्रमुख रोग",Medium,विटामिन C किस प्रकार के रोगों से रक्षा प्रदान करता है?,बुखार,कॉन्स्टिट्यूटिव रोग,कैंसर,हाइपरट्राइक्लोपीडिया,A,बुखार,विटामिन C बुखार को प्रतिरोधक बनाने में मदद करता है क्योंकि यह स्वेल और चित्ताव को दबाता है।,विटामिन C अंकित शरीर को रक्षित रखता है और उचित पारासर्थिक रक्त बनाने में मदद करता है। इस प्रकार यह बुखार से रक्षित बनाता है।,2026-09-14 16:05:29
SCI_HI_0708,Hindi,Science,"मानव स्वास्थ्य, पोषण, विटामिन एवं प्रमुख रोग",Medium,कौन सा विटामिन दहन तंत्र में शिकारी पानी को शरीर में रक्त में परिवर्तित करने में मदद करता है?,विटामिन A,विटामिन B12,विटामिन D,विटामिन C,B,विटामिन B12,विटामिन B12 दहन तंत्र में शिकारी पानी को रक्त में रक्तस्थली वात में परिवर्तित करने में मदद करता है।,विटामिन B12 शिकारी पानी को रक्त में रक्तस्थली वात में परिवर्तित करने में मदद करता है जो रक्त के निर्माण में आवश्यक है।,2026-09-14 16:05:29
SCI_HI_0709,Hindi,Science,"मानव स्वास्थ्य, पोषण, विटामिन एवं प्रमुख रोग",Medium,पोषण किस प्रकार के रोगों की रक्षा में महत्वपूर्ण भूमिका निभाता है?,मानसिक रोग,बुखार,कैंसर,मनुष्य संक्रमण रोग,D,मनुष्य संक्रमण रोग,पोषण संक्रमण रोगों को सामने रखने में मदद करता है क्योंकि विटामिन और पुष्टिवाही पदार्थ शरीर के प्रतिरोध को मजबूत करते हैं।,पोषण शरीर के प्रतिरोध को मजबूत करता है जो संक्रमण रोगों को सामने रखने में मदद करता है। यह विटामिन और पुष्टिवाही पदार्थ द्वारा होता है।,2026-09-14 16:05:29
SCI_HI_0710,Hindi,Science,"मानव स्वास्थ्य, पोषण, विटामिन एवं प्रमुख रोग",Medium,विटामिन D किस प्रकार के रोगों को नियंत्रित करता है?,हाइपरट्राइक्लोपीडिया,बुखार,कैंसर,कॉन्स्टिट्यूटिव रोग,A,हाइपरट्राइक्लोपीडिया,विटामिन D हाइपरट्राइक्लोपीडिया को नियंत्रित करता है जो बास्ती की गुरुत्वाकर्षण रोग है।,"विटामिन D बास्ती की गुरुत्वाकर्षण रोगों, जैसे हाइपरट्राइक्लोपीडिया, को नियंत्रित करता है जो हड्डियों में विकार दायित्व लेती है।",2026-09-14 16:05:29
SCI_HI_0711,Hindi,Science,"मानव स्वास्थ्य, पोषण, विटामिन एवं प्रमुख रोग",Medium,कौन सा विटामिन कैंसर का रोकने में मदद करता है?,विटामिन A,विटामिन B12,विटामिन C,विटामिन D,C,विटामिन C,विटामिन C रक्त में प्रतिरोध को मजबूत करने में मदद करता है जो कैंसर को रोकने में महत्वपूर्ण भूमिका निभाता है।,विटामिन C रक्त में प्रतिरोध को मजबूत करता है जो कैंसर को रोकने में मदद करता है। यह शरीर के प्रतिरोध को मजबूत करने में मदद करता है जो कैंसर को रोकने में महत्वपूर्ण भूमिका निभाता है।,2026-09-14 16:05:29
SCI_HI_0712,Hindi,Science,"मानव स्वास्थ्य, पोषण, विटामिन एवं प्रमुख रोग",Medium,किस पोषण के अभाव के कारण रक्त की गुरुत्वाकर्षण की विकृति होती है?,पोषण का अभाव,विटामिन D का अभाव,विटामिन A का अभाव,विटामिन B12 का अभाव,B,विटामिन D का अभाव,विटामिन D का अभाव कैंसर जैसी रोगों के साथ जुड़े हुए बास्ती की गुरुत्वाकर्षण रोगों को नियंत्रित करने में मदद करता है।,विटामिन D का अभाव बास्ती की गुरुत्वाकर्षण रोगों को नियंत्रित करने में मदद करता है जो कैंसर जैसी रोगों के साथ जुड़े हुए हैं। इस विटामिन का अभाव बहुत समय के लिए होने पर रोग आते हैं।,2026-09-14 16:05:29
SCI_HI_0713,Hindi,Science,"मानव स्वास्थ्य, पोषण, विटामिन एवं प्रमुख रोग",Medium,कौन सा पोषण किस रोग का नियंत्रण में मदद करता है?,बुखार,कैंसर,हाइपरट्राइक्लोपीडिया,कॉन्स्टिट्यूटिव रोग,B,कैंसर,विटामिन कैंसर जैसी रोगों का नियंत्रण में मदद करता है जो शरीर की प्रतिरोधिता को मजबूत करने में मदद करता है।,विटामिन शरीर की प्रतिरोधिता को मजबूत करता है जो कैंसर जैसी रोगों को नियंत्रित करने में मदद करता है। यह शरीर के प्रतिरोध को मजबूत करने में मदद करता है जो कैंसर को रोकने में महत्वपूर्ण भूमिका निभाता है।,2026-09-14 16:05:29
SCI_HI_0714,Hindi,Science,"मानव स्वास्थ्य, पोषण, विटामिन एवं प्रमुख रोग",Medium,विटामिन A किस प्रकार की पार्श्वावस्था की रक्षा में मदद करता है?,बुखार,कैंसर,कैंसर विकृति,हाइपरट्राइक्लोपीडिया,C,कैंसर विकृति,विटामिन A कैंसर विकृतियों को रोकता है जो शरीर में आरक्षित अंगों में जुटने की क्षमता को दबाता है।,विटामिन A शरीर में आरक्षित अंगों में जुटने की क्षमता को दबाता है जो कैंसर विकृतियों को रोकने में मदद करता है। यह रक्त में प्रतिरोध को मजबूत करने में मदद करता है जो कैंसर विकृतियों को रोकने में महत्वपूर्ण भूमिका निभाता है।,2026-09-14 16:05:29
SCI_HI_0715,Hindi,Science,"मानव स्वास्थ्य, पोषण, विटामिन एवं प्रमुख रोग",Medium,विटामिन B12 किस प्रकार की रोगों को नियंत्रित करता है?,बुखार,कैंसर,हाइपरट्राइक्लोपीडिया,कॉन्स्टिट्यूटिव रोग,C,हाइपरट्राइक्लोपीडिया,विटामिन B12 हाइपरट्राइक्लोपीडिया को नियंत्रित करता है जो बास्ती की गुरुत्वाकर्षण रोग है।,"विटामिन B12 बास्ती की गुरुत्वाकर्षण रोगों, जैसे हाइपरट्राइक्लोपीडिया, को नियंत्रित करता है। यह रक्त में प्रतिरोध को मजबूत करने में मदद करता है जो बास्ती की गुरुत्वाकर्षण रोगों को नियंत्रित करने में महत्वपूर्ण भूमिका निभाता है।",2026-09-14 16:05:29
SCI_HI_0716,Hindi,Science,"मानव स्वास्थ्य, पोषण, विटामिन एवं प्रमुख रोग",Medium,कौन सा विटामिन रक्त में प्रतिरोध को मजबूत करने में मदद करता है?,विटामिन A,विटामिन B12,विटामिन C,विटामिन D,C,विटामिन C,विटामिन C रक्त में प्रतिरोध को मजबूत करता है जो कैंसर जैसी रोगों को रोकने में महत्वपूर्ण भूमिका निभाता है।,विटामिन C रक्त में प्रतिरोध को मजबूत करता है जो कैंसर जैसी रोगों को नियंत्रित करने में मदद करता है। यह शरीर के प्रतिरोध को मजबूत करने में मदद करता है जो कैंसर जैसी रोगों को रोकने में महत्वपूर्ण भूमिका निभाता है।,2026-09-14 16:05:29
SCI_HI_0717,Hindi,Science,"मानव स्वास्थ्य, पोषण, विटामिन एवं प्रमुख रोग",Medium,किस पोषण रोग का नियंत्रण में मदद करता है?,बुखार,कैंसर,हाइपरट्राइक्लोपीडिया,कॉन्स्टिट्यूटिव रोग,B,कैंसर,विटामिन शरीर की प्रतिरोधिता को मजबूत करता है जो कैंसर जैसी रोगों को नियंत्रित करने में मदद करता है।,विटामिन शरीर की प्रतिरोधिता को मजबूत करता है जो कैंसर जैसी रोगों को नियंत्रित करने में मदद करता है। यह शरीर के प्रतिरोध को मजबूत करने में मदद करता है जो कैंसर जैसी रोगों को रोकने में महत्वपूर्ण भूमिका निभाता है।,2026-09-14 16:05:29
SCI_HI_0718,Hindi,Science,"पादप कार्यिकी, प्रकाश संश्लेषण एवं पादप हार्मोन",Hard,प्रकाश संश्लेषण में जीन एक्टिवेशन किस पादप के द्वारा किया जाता है?,आरएनए,आरएलएस,एनएसएन,बीटॉन,D,बीटॉन,बीटॉन एक्टिवेशन किए जाने वाले जीनों को संश्लेषित करने में मदद करता है।,बीटॉन एक पादप है जो जीन एक्टिवेशन को प्रोटीन की उत्पत्ति के लिए कार्यक्षम बनाता है।,2026-09-14 16:06:08
SCI_HI_0719,Hindi,Science,"पादप कार्यिकी, प्रकाश संश्लेषण एवं पादप हार्मोन",Hard,कौन सा पादप प्रकाश संश्लेषण में डीएनए टेन्सर के स्थानीय वितरण में मदद करता है?,आरएनए,आरएलएस,एनएसएन,बीटॉन,B,आरएलएस,आरएलएस प्रकाश संश्लेषण में डीएनए को डिस्ट्रिब्युट करने में मदद करता है।,आरएलएस पादप है जो प्लस्टम और नेनियाल टोपोजिसीज्म रेज़ोल्वर के रूप में काम करता है।,2026-09-14 16:06:08
SCI_HI_0720,Hindi,Science,"पादप कार्यिकी, प्रकाश संश्लेषण एवं पादप हार्मोन",Hard,पादप कार्यिकी में एन्जाइम संश्लेषण किस पादप का कारण है?,आरएनए,आरएलएस,एनएसएन,एनटीएस,C,एनएसएन,एनएसएन एन्जाइम संश्लेषण के लिए निर्धारक रूप से पादप है।,एनएसएन पादप है जो एन्जाइम संश्लेषण को बढ़ावा देता है और इसकी विशिष्टताओं को नियंत्रित करता है।,2026-09-14 16:06:08
SCI_HI_0721,Hindi,Science,"पादप कार्यिकी, प्रकाश संश्लेषण एवं पादप हार्मोन",Hard,कौन सा पादप प्रकाश संश्लेषण में डीएनए के प्रकाशित क्षेत्रों को नियंत्रित करता है?,आरएनए,आरएलएस,एनएसएन,बीटॉन,B,आरएलएस,आरएलएस प्रकाश संश्लेषण में डीएनए के प्रकाशित क्षेत्रों को नियंत्रित करता है।,आरएलएस पादप है जो प्रकाश संश्लेषण के प्रकाशित क्षेत्रों को नियंत्रित करता है।,2026-09-14 16:06:08
SCI_HI_0722,Hindi,Science,"पादप कार्यिकी, प्रकाश संश्लेषण एवं पादप हार्मोन",Hard,कौन सा पादप प्रकाश संश्लेषण में निर्वहन की प्रणाली को प्रेरित करता है?,आरएनए,आरएलएस,एनएसएन,बीटॉन,A,आरएनए,आरएनए प्रकाश संश्लेषण में निर्वहन की प्रणाली को प्रेरित करता है।,आरएनए पादप है जो निर्वहन की प्रणाली को प्रेरित करता है और प्रकाश संश्लेषण की कार्यक्रम से जुड़े होता है।,2026-09-14 16:06:08
SCI_HI_0723,Hindi,Science,"पादप कार्यिकी, प्रकाश संश्लेषण एवं पादप हार्मोन",Hard,कौन सा पादप प्रकाश संश्लेषण में प्रोटीन की स्थायित्व को बढ़ावा देता है?,आरएनए,आरएलएस,एनएसएन,बीटॉन,C,एनएसएन,एनएसएन प्रकाश संश्लेषण में प्रोटीन की स्थायित्व को बढ़ावा देता है।,एनएसएन पादप है जो प्रोटीन की स्थायित्व को सुधारने और बढ़ावा देने में मदद करता है।,2026-09-14 16:06:08
SCI_HI_0724,Hindi,Science,"पादप कार्यिकी, प्रकाश संश्लेषण एवं पादप हार्मोन",Hard,प्रकाश संश्लेषण में एन्जाइम संश्लेषण का किस अंतर्गत संबंध है?,आरएनए,आरएलएस,एनएसएन,बीटॉन,C,एनएसएन,एनएसएन प्रकाश संश्लेषण में एन्जाइम संश्लेषण का मुख्य अंतर्गत संबंध रखता है।,एनएसएन पादप है जो एन्जाइम संश्लेषण को नियंत्रित करता है और इसकी विशिष्टताएं प्रकाश संश्लेषण में उपलब्ध होती हैं।,2026-09-14 16:06:08
SCI_HI_0725,Hindi,Science,"पादप कार्यिकी, प्रकाश संश्लेषण एवं पादप हार्मोन",Hard,प्रकाश संश्लेषण में एन्जाइम संश्लेषण किस पादप का कारण है?,आरएनए,आरएलएस,एनएसएन,बीटॉन,C,एनएसएन,एनएसएन एन्जाइम संश्लेषण के लिए निर्धारक रूप से पादप है।,एनएसएन पादप है जो एन्जाइम संश्लेषण को नियंत्रित करता है और इसकी विशिष्टताओं को निर्धारित करता है।,2026-09-14 16:06:08
SCI_HI_0726,Hindi,Science,"पादप कार्यिकी, प्रकाश संश्लेषण एवं पादप हार्मोन",Hard,प्रकाश संश्लेषण में डीएनए के प्रकाशित क्षेत्रों को नियंत्रित किस पादप का कारण है?,आरएनए,आरएलएस,एनएसएन,बीटॉन,B,आरएलएस,आरएलएस प्रकाश संश्लेषण में डीएनए के प्रकाशित क्षेत्रों को नियंत्रित करता है।,आरएलएस पादप है जो डीएनए के प्रकाशित क्षेत्रों को नियंत्रित करता है और उन्हें संश्लेषित करता है।,2026-09-14 16:06:08
SCI_HI_0727,Hindi,Science,"पादप कार्यिकी, प्रकाश संश्लेषण एवं पादप हार्मोन",Hard,प्रकाश संश्लेषण में निर्वहन की प्रणाली को प्रेरित किस पादप का कारण है?,आरएनए,आरएलएस,एनएसएन,बीटॉन,A,आरएनए,आरएनए प्रकाश संश्लेषण में निर्वहन की प्रणाली को प्रेरित करता है।,आरएनए पादप है जो निर्वहन की प्रणाली को प्रेरित करता है और यह प्रकाश संश्लेषण की कार्यक्रम से जुड़ा होता है।,2026-09-14 16:06:08
SCI_HI_0728,Hindi,Science,"पारिस्थितिकी तंत्र, जैव विविधता एवं प्रदूषण",Easy,प्रकाश संश्लेषण किस वनस्पति के प्रकार की एक अवधारणा है?,किरण क्षारक वनस्पति,किरण निरक्षर वनस्पति,किरण क्षारक और किरण निरक्षर वनस्पति,श्वास क्षारक वनस्पति,C,किरण क्षारक और किरण निरक्षर वनस्पति,किरण क्षारक और किरण निरक्षर वनस्पति दोनों प्रकार की वनस्पति इस अवधारणा में प्रकाश संश्लेषण के अवस्थाओं को व्याख्या करती हैं।,"किरण क्षारक वनस्पति प्रकाश से निर्वहन करते हैं, जबकि किरण निरक्षर वनस्पति इस विकल्प से पर्याप्त प्रकाश नहीं मिल सकते।",2026-09-14 16:07:16
SCI_HI_0729,Hindi,Science,"पारिस्थितिकी तंत्र, जैव विविधता एवं प्रदूषण",Easy,प्रकाश संश्लेषण किस प्रकार की जैव विविधता का उदाहरण है?,राष्ट्रीय जैव विविधता,जैव विविधता का प्रकाश संश्लेषण,प्रकाश संश्लेषण का पारिस्थितिकी तंत्र,प्रकाश संश्लेषण जैव विविधता,D,प्रकाश संश्लेषण जैव विविधता,प्रकाश संश्लेषण जैव विविधता विभिन्न प्रकार की जैविक विविधता को व्याख्या करता है जो प्रकाश संश्लेषण करती हैं।,इस विषय में विभिन्न प्रकार की प्लास्टिक और क्रान्तिकारी वनस्पति जैसे ग्रामीण जैविक संरचनाओं की विविधता व्याख्या की जाती है।,2026-09-14 16:07:16
SCI_HI_0730,Hindi,Science,"पारिस्थितिकी तंत्र, जैव विविधता एवं प्रदूषण",Easy,प्रकाश संश्लेषण किस प्रकार के प्रदूषण से प्रभावित होता है?,कार्बन डायऑक्साइड,कार्बन माइक्रोफाइबर,प्रकाश प्रदूषण,सुइसिलाइट,C,प्रकाश प्रदूषण,प्रकाश प्रदूषण जैसे जलवायु प्रदूषण ने प्रकाश संश्लेषण का प्रभाव पड़ा है।,प्रकाश प्रदूषण जैसे ग्रीनहाउस गैसों और दूरदर्शिता ग्राफिट्स के विसर्जन ने प्रकाश संश्लेषण की दर को कम कर दिया है।,2026-09-14 16:07:16
SCI_HI_0731,Hindi,Science,"पारिस्थितिकी तंत्र, जैव विविधता एवं प्रदूषण",Easy,प्रकाश संश्लेषण में जलवायु प्रदूषण का किस प्रभाव है?,प्रकाश संश्लेषण को बढ़ावा देता है,प्रकाश संश्लेषण को रोक देता है,प्रकाश संश्लेषण को निष्पादित कर देता है,प्रकाश संश्लेषण को संरक्षित कर देता है,B,प्रकाश संश्लेषण को रोक देता है,जलवायु प्रदूषण जैसे ग्रीनहाउस गैसों के विसर्जन ने प्रकाश संश्लेषण को रोक दिया है।,ग्रीनहाउस गैसों जैसे कार्बन डायऑक्साइड और मिटाने द्वारा उत्तेजित होने वाले गैसों ने प्रकाश संश्लेषण को कम बना दिया है।,2026-09-14 16:07:16
SCI_HI_0732,Hindi,Science,"पारिस्थितिकी तंत्र, जैव विविधता एवं प्रदूषण",Easy,प्रकाश संश्लेषण में जैविक संरचनाओं का किस प्रभाव है?,कमी,बढ़ोतरी,स्थानीय,स्थैतिक,A,कमी,प्रदूषण और जलवायु परिवर्तन ने प्रकाश संश्लेषण में जैविक संरचनाओं की कमी की है।,प्रदूषण और जलवायु परिवर्तन जैविक संरचनाओं को कम कर दिया है जिसके परिणामस्वरूप प्रकाश संश्लेषण की कमी हुई है।,2026-09-14 16:07:16
SCI_HI_0733,Hindi,Science,"पारिस्थितिकी तंत्र, जैव विविधता एवं प्रदूषण",Easy,प्रकाश संश्लेषण किस प्रकार की जैविक संरचनाओं का उदाहरण है?,जैविक विविधता,जैविक संरचनाएँ,प्रकाश संश्लेषण विशेषज्ञ,प्रकाश संश्लेषण विशेषज्ञ जैविक संरचनाएँ,D,प्रकाश संश्लेषण विशेषज्ञ जैविक संरचनाएँ,प्रकाश संश्लेषण विशेषज्ञ जैविक संरचनाएँ जैविक संरचनाओं का एक उदाहरण हैं जो प्रकाश संश्लेषण करती हैं।,प्रकाश संश्लेषण विशेषज्ञ जैविक संरचनाएँ जैसे प्लास्टिक और क्रान्तिकारी वनस्पति व्याख्या करती हैं।,2026-09-14 16:07:16
SCI_HI_0734,Hindi,Science,"पारिस्थितिकी तंत्र, जैव विविधता एवं प्रदूषण",Easy,प्रकाश संश्लेषण एक किस प्रकार की जैविक संरचना का उदाहरण है?,जैविक विविधता,जैविक संरचनाएँ,प्रकाश संश्लेषण विशेषज्ञ,प्रकाश संश्लेषण विशेषज्ञ जैविक संरचनाएँ,D,प्रकाश संश्लेषण विशेषज्ञ जैविक संरचनाएँ,प्रकाश संश्लेषण विशेषज्ञ जैविक संरचनाएँ जैविक संरचनाओं का एक उदाहरण हैं जो प्रकाश संश्लेषण करती हैं।,प्रकाश संश्लेषण विशेषज्ञ जैविक संरचनाएँ जैसे प्लास्टिक और क्रान्तिकारी वनस्पति व्याख्या करती हैं।,2026-09-14 16:07:16
SCI_HI_0735,Hindi,Science,"पारिस्थितिकी तंत्र, जैव विविधता एवं प्रदूषण",Easy,प्रकाश संश्लेषण किस प्रकार के वनस्पति का उदाहरण है?,प्रकाश क्षारक वनस्पति,प्रकाश निरक्षर वनस्पति,प्रकाश क्षारक और प्रकाश निरक्षर वनस्पति,किरण क्षारक वनस्पति,C,प्रकाश क्षारक और प्रकाश निरक्षर वनस्पति,प्रकाश क्षारक और प्रकाश निरक्षर वनस्पति दोनों प्रकार की वनस्पति इस अवधारणा में प्रकाश संश्लेषण करती हैं।,"प्रकाश क्षारक वनस्पति प्रकाश से निर्वहन करते हैं, जबकि प्रकाश निरक्षर वनस्पति बिना प्रकाश के भी संश्लेषण कर सकते हैं।",2026-09-14 16:07:16
SCI_HI_0736,Hindi,Science,"पारिस्थितिकी तंत्र, जैव विविधता एवं प्रदूषण",Easy,प्रकाश संश्लेषण के लिए किस जैविक संरचना का उपयोग होता है?,प्रकाश क्षारक,प्रकाश निरक्षर,प्रकाश क्षारक और प्रकाश निरक्षर,किरण क्षारक,C,प्रकाश क्षारक और प्रकाश निरक्षर,प्रकाश क्षारक और प्रकाश निरक्षर दोनों जैविक संरचनाएँ प्रकाश संश्लेषण के लिए काम करती हैं।,प्रकाश क्षारक और प्रकाश निरक्षर दोनों जैविक संरचनाएँ प्रकाश संश्लेषण के लिए काम करती हैं।,2026-09-14 16:07:17
SCI_HI_0737,Hindi,Science,"पारिस्थितिकी तंत्र, जैव विविधता एवं प्रदूषण",Easy,प्रकाश संश्लेषण किस प्रकार के वनस्पति को बढ़ावा देता है?,प्रकाश क्षारक वनस्पति,प्रकाश निरक्षर वनस्पति,प्रकाश क्षारक और प्रकाश निरक्षर वनस्पति,किरण क्षारक वनस्पति,C,प्रकाश क्षारक और प्रकाश निरक्षर वनस्पति,प्रकाश क्षारक और प्रकाश निरक्षर दोनों वनस्पति प्रकाश संश्लेषण के लिए उपयोगी हैं।,प्रकाश क्षारक और प्रकाश निरक्षर दोनों वनस्पति प्रकाश संश्लेषण के लिए उपयोगी हैं।,2026-09-14 16:07:17
SCI_HI_0738,Hindi,Science,"पारिस्थितिकी तंत्र, जैव विविधता एवं प्रदूषण",Easy,प्रकाश संश्लेषण किस प्रकार के जैविक संरचनाओं को बढ़ावा देता है?,प्रकाश क्षारक जैविक संरचनाएँ,प्रकाश निरक्षर जैविक संरचनाएँ,प्रकाश क्षारक और प्रकाश निरक्षर जैविक संरचनाएँ,किरण क्षारक जैविक संरचनाएँ,C,प्रकाश क्षारक और प्रकाश निरक्षर जैविक संरचनाएँ,प्रकाश क्षारक और प्रकाश निरक्षर जैविक संरचनाएँ दोनों प्रकाश संश्लेषण के लिए उपयोगी हैं।,प्रकाश क्षारक और प्रकाश निरक्षर जैविक संरचनाएँ दोनों प्रकाश संश्लेषण के लिए उपयोगी हैं।,2026-09-14 16:07:17
SCI_HI_0739,Hindi,Science,"पारिस्थितिकी तंत्र, जैव विविधता एवं प्रदूषण",Easy,प्रकाश संश्लेषण में किस प्रकार की जैविक संरचनाएँ भाग लेती हैं?,प्रकाश क्षारक जैविक संरचनाएँ,प्रकाश निरक्षर जैविक संरचनाएँ,प्रकाश क्षारक और प्रकाश निरक्षर जैविक संरचनाएँ,किरण क्षारक जैविक संरचनाएँ,C,प्रकाश क्षारक और प्रकाश निरक्षर जैविक संरचनाएँ,प्रकाश क्षारक और प्रकाश निरक्षर जैविक संरचनाएँ दोनों प्रकाश संश्लेषण के लिए उपयोगी हैं।,प्रकाश क्षारक और प्रकाश निरक्षर जैविक संरचनाएँ दोनों प्रकाश संश्लेषण के लिए उपयोगी हैं।,2026-09-14 16:07:17
SCI_HI_0740,Hindi,Science,"पारिस्थितिकी तंत्र, जैव विविधता एवं प्रदूषण",Easy,प्रकाश संश्लेषण का किस प्रभाव है?,बढ़ोतरा होना,कम होना,स्थानीय होना,स्थैतिक होना,A,बढ़ोतरा होना,प्रकाश संश्लेषण का बढ़ोतरा होना एक प्रभाव है।,प्रकाश संश्लेषण का बढ़ोतरा होना एक प्रभाव है।,2026-09-14 16:07:17
SCI_HI_0741,Hindi,Science,"अंतरिक्ष विज्ञान, सौरमंडल एवं उपग्रह मिशन (इसरो)",Medium,इसरो ने किस उपग्रह मिशन के द्वारा अपनी पहली जीवन पत्रिका पर खोज करने की कोशिश की?,गैनेश,विजय,प्रोजेक्ट श्रवण,प्रोजेक्ट विजाल,D,प्रोजेक्ट विजाल,प्रोजेक्ट विजाल ने अंतरिक्ष में जीवन की संभावनाओं को खोजने की गैनिमेडिस और एरिसा के अवशेषों में खोजने की कोशिश की।,प्रोजेक्ट विजाल ने इसरो के प्राथमिक लक्ष्यों में से एक को पूरा किया जो कि जीवन पत्रिका की खोज करना था।,2026-09-14 16:08:00
SCI_HI_0742,Hindi,Science,"अंतरिक्ष विज्ञान, सौरमंडल एवं उपग्रह मिशन (इसरो)",Medium,किस उपग्रह के मिशन के दौरान इसरो ने अपनी पहली बीमारी लक्षणिक रेखा निरीक्षण मिशन का विकास किया?,राजा सिंह,राजा राजेन्द्र,राजा विजय,राजा रामनाथ,B,राजा राजेन्द्र,राजा राजेन्द्र उपग्रह ने इसरो की एक बीमारी लक्षणिक रेखा निरीक्षण मिशन के लिए विकास की शुरुआत की।,इस उपग्रह ने इसरो की अंतरिक्ष निरीक्षण क्षमताओं में एक महत्वपूर्ण वृद्धि लाई।,2026-09-14 16:08:00
SCI_HI_0743,Hindi,Science,"अंतरिक्ष विज्ञान, सौरमंडल एवं उपग्रह मिशन (इसरो)",Medium,इसरो ने किस उपग्रह मिशन से अपनी पहली अंतरिक्ष टेलीविजन निरीक्षण मिशन का विकास किया?,राजा राजेन्द्र,राजा विजय,राजा रामनाथ,राजा सिंह,B,राजा विजय,राजा विजय उपग्रह ने इसरो की पहली अंतरिक्ष टेलीविजन निरीक्षण मिशन के लिए विकास की शुरुआत की।,इस उपग्रह ने राज्यों को अपनी जमींदारी की निरीक्षण करने की क्षमता दी।,2026-09-14 16:08:00
SCI_HI_0744,Hindi,Science,"अंतरिक्ष विज्ञान, सौरमंडल एवं उपग्रह मिशन (इसरो)",Medium,इसरो ने अपनी पहली ग्रह निरीक्षण उपग्रह किस उपग्रह मिशन के द्वारा आयोजित की?,राजा राजेन्द्र,राजा विजय,राजा रामनाथ,राजा सिंह,A,राजा राजेन्द्र,राजा राजेन्द्र उपग्रह ने इसरो की पहली ग्रह निरीक्षण उपग्रह के लिए विकास की शुरुआत की।,इस उपग्रह ने भारत के अंतरिक्ष जनसंचार की क्षमता में वृद्धि की।,2026-09-14 16:08:00
SCI_HI_0745,Hindi,Science,"अंतरिक्ष विज्ञान, सौरमंडल एवं उपग्रह मिशन (इसरो)",Medium,इसरो ने किस उपग्रह मिशन से अपनी पहली गैलिक निरीक्षण उपग्रह का विकास किया?,राजा राजेन्द्र,राजा विजय,राजा रामनाथ,राजा सिंह,B,राजा विजय,राजा विजय उपग्रह ने इसरो की पहली गैलिक निरीक्षण उपग्रह के लिए विकास की शुरुआत की।,इस उपग्रह ने गैलेक्सियों की निरीक्षण क्षमता बढ़ाई।,2026-09-14 16:08:00
SCI_HI_0746,Hindi,Science,"अंतरिक्ष विज्ञान, सौरमंडल एवं उपग्रह मिशन (इसरो)",Medium,इसरो ने किस उपग्रह मिशन के द्वारा अपनी पहली अंतरिक्ष रेडियो मिशन का विकास किया?,राजा राजेन्द्र,राजा विजय,राजा रामनाथ,राजा सिंह,A,राजा राजेन्द्र,राजा राजेन्द्र उपग्रह ने इसरो की पहली अंतरिक्ष रेडियो मिशन के लिए विकास की शुरुआत की।,इस उपग्रह ने अंतरिक्ष रेडियो प्रसारण क्षमता में वृद्धि की।,2026-09-14 16:08:00
SCI_HI_0747,Hindi,Science,"अंतरिक्ष विज्ञान, सौरमंडल एवं उपग्रह मिशन (इसरो)",Medium,किस उपग्रह ने इसरो ने अपनी पहली अंतरिक्ष जीवन निरीक्षण मिशन के लिए विकास किया?,राजा राजेन्द्र,राजा विजय,राजा रामनाथ,राजा सिंह,C,राजा रामनाथ,राजा रामनाथ उपग्रह ने इसरो की पहली अंतरिक्ष जीवन निरीक्षण उपग्रह के लिए विकास की शुरुआत की।,इस उपग्रह ने अंतरिक्ष में जीवन की खोज करने के लिए नई क्षमताओं का विकास किया।,2026-09-14 16:08:00
SCI_HI_0748,Hindi,Science,"अंतरिक्ष विज्ञान, सौरमंडल एवं उपग्रह मिशन (इसरो)",Medium,इसरो ने किस उपग्रह मिशन से अपनी पहली अंतरिक्ष गैस निरीक्षण उपग्रह का विकास किया?,राजा राजेन्द्र,राजा विजय,राजा रामनाथ,राजा सिंह,B,राजा विजय,राजा विजय उपग्रह ने इसरो की पहली अंतरिक्ष गैस निरीक्षण उपग्रह के लिए विकास की शुरुआत की।,इस उपग्रह ने गैसों की निरीक्षण क्षमता में वृद्धि की।,2026-09-14 16:08:00
SCI_HI_0749,Hindi,Science,"अंतरिक्ष विज्ञान, सौरमंडल एवं उपग्रह मिशन (इसरो)",Medium,इसरो ने किस उपग्रह मिशन से अपनी पहली अंतरिक्ष रेडियो निरीक्षण उपग्रह का विकास किया?,राजा राजेन्द्र,राजा विजय,राजा रामनाथ,राजा सिंह,A,राजा राजेन्द्र,राजा राजेन्द्र उपग्रह ने इसरो की पहली अंतरिक्ष रेडियो निरीक्षण उपग्रह के लिए विकास की शुरुआत की।,इस उपग्रह ने अंतरिक्ष में रेडियो रेंज निरीक्षण की क्षमता बढ़ाई।,2026-09-14 16:08:00
SCI_HI_0750,Hindi,Science,"अंतरिक्ष विज्ञान, सौरमंडल एवं उपग्रह मिशन (इसरो)",Medium,इसरो ने किस उपग्रह मिशन से अपनी पहली अंतरिक्ष चक्र निरीक्षण उपग्रह का विकास किया?,राजा राजेन्द्र,राजा विजय,राजा रामनाथ,राजा सिंह,C,राजा रामनाथ,राजा रामनाथ उपग्रह ने इसरो की पहली अंतरिक्ष चक्र निरीक्षण उपग्रह के लिए विकास की शुरुआत की।,इस उपग्रह ने अंतरिक्ष की चक्रों की निरीक्षण क्षमता में वृद्धि की।,2026-09-14 16:08:00
SCI_HI_0751,Hindi,Science,"यांत्रिकी, बल, कार्य, ऊर्जा एवं गति के नियम",Hard,किसी वस्तु की गति का व्यापक समीकरण कौन सा है?,F = m + v,F = m - v,F = m × v,F = m ÷ v,C,F = m × v,गति का व्यापक समीकरण बल की संदर्भ में संशोधित कार्य और वेग के अनुकूल होता है।,बल का यह समीकरण वेग का गुणांक होता है जो द्वारा कार्य किया जाता है।,2026-09-14 16:08:45
SCI_HI_0752,Hindi,Science,"यांत्रिकी, बल, कार्य, ऊर्जा एवं गति के नियम",Hard,"किसी वस्तु की ऊर्जा के नियम के अनुसार, यदि वस्तु की गति को बढ़ावा दिया जाता है तो उसकी किसी एक विशेष ऊर्जा का मान बढ़ेगा?",किरण ऊर्जा,मॉलर ऊर्जा,कार्य किया गया ऊर्जा,किशोर ऊर्जा,C,कार्य किया गया ऊर्जा,कार्य किया गया ऊर्जा वस्तु की गति में बदलाव के अनुसार बढ़ेगा।,बल का कार्य वस्तु की ऊर्जा का वृद्धि करता है जो उसकी गति बढ़ाता है।,2026-09-14 16:08:45
SCI_HI_0753,Hindi,Science,"यांत्रिकी, बल, कार्य, ऊर्जा एवं गति के नियम",Hard,किसी वस्तु की गति का विभाजन किस द्वारा किया जाता है?,कार्य किया गया बल,कार्य किया गया बल और दूरी,दूरी,कार्य किया गया बल और दूरी के अनुपात,D,कार्य किया गया बल और दूरी के अनुपात,विभाजन कार्य किया गया बल और दूरी के अनुपात के बीच होता है।,गति का विभाजन कार्य किया गया बल और दूरी के अनुपात के बीच होता है।,2026-09-14 16:08:45
SCI_HI_0754,Hindi,Science,"यांत्रिकी, बल, कार्य, ऊर्जा एवं गति के नियम",Hard,किसी वस्तु की गति का बल किसका विशेष विभाजन है?,कार्य किया गया बल,मूल बल,कार्य किया गया बल और मूल बल,दूरी,C,कार्य किया गया बल और मूल बल,बल का विभाजन कार्य किया गया बल और मूल बल के बीच होता है।,बल का विभाजन कार्य किया गया बल और मूल बल के बीच होता है।,2026-09-14 16:08:45
SCI_HI_0755,Hindi,Science,"यांत्रिकी, बल, कार्य, ऊर्जा एवं गति के नियम",Hard,किसका नियम यह है कि जब एक वस्तु का वेग बढ़ाता है तो उसका गति बढ़ती है?,न्यूटन का दूसरा नियम,न्यूटन का तीसरा नियम,न्यूटन का पहला नियम,न्यूटन का चौथा नियम,A,न्यूटन का दूसरा नियम,न्यूटन का दूसरा नियम बल का व्यापक समीकरण है जो गति से संबंधित है।,न्यूटन का दूसरा नियम बल का व्यापक समीकरण है जो गति से संबंधित है।,2026-09-14 16:08:45
SCI_HI_0756,Hindi,Science,"यांत्रिकी, बल, कार्य, ऊर्जा एवं गति के नियम",Hard,किसी वस्तु के लिए गति का नियम किसके अनुसार है?,कार्य किया गया बल,कार्य किया गया बल और दूरी,दूरी,कार्य किया गया बल और दूरी के अनुपात,D,कार्य किया गया बल और दूरी के अनुपात,गति का नियम कार्य किया गया बल और दूरी के अनुपात के बीच होता है।,गति का नियम कार्य किया गया बल और दूरी के अनुपात के बीच होता है।,2026-09-14 16:08:45
SCI_HI_0757,Hindi,Science,"यांत्रिकी, बल, कार्य, ऊर्जा एवं गति के नियम",Hard,किसका नियम यह है कि जब वस्तु का वेग बढ़ता है तो उसकी ऊर्जा बढ़ती है?,न्यूटन का दूसरा नियम,न्यूटन का तीसरा नियम,न्यूटन का पहला नियम,न्यूटन का चौथा नियम,B,न्यूटन का तीसरा नियम,न्यूटन का तीसरा नियम ऊर्जा और गति के बीच संबंध है।,न्यूटन का तीसरा नियम ऊर्जा और गति के बीच संबंध दर्शाता है।,2026-09-14 16:08:45
SCI_HI_0758,Hindi,Science,"यांत्रिकी, बल, कार्य, ऊर्जा एवं गति के नियम",Hard,किसी वस्तु की गति के नियम किसके अनुसार है?,कार्य किया गया बल,कार्य किया गया बल और दूरी,दूरी,कार्य किया गया बल और दूरी के अनुपात,D,कार्य किया गया बल और दूरी के अनुपात,गति का नियम कार्य किया गया बल और दूरी के अनुपात के बीच होता है।,गति का नियम कार्य किया गया बल और दूरी के अनुपात के बीच होता है।,2026-09-14 16:08:45
SCI_HI_0759,Hindi,Science,"यांत्रिकी, बल, कार्य, ऊर्जा एवं गति के नियम",Hard,किसका नियम यह है कि जब वस्तु का वेग बढ़ता है तो उसका बल बढ़ता है?,न्यूटन का दूसरा नियम,न्यूटन का तीसरा नियम,न्यूटन का पहला नियम,न्यूटन का चौथा नियम,C,न्यूटन का पहला नियम,न्यूटन का पहला नियम बल का नियम है जो वेग से संबंधित है।,न्यूटन का पहला नियम बल का नियम है जो वेग से संबंधित है।,2026-09-14 16:08:45
SCI_HI_0760,Hindi,Science,"ऊष्मा, तापमान एवं ऊष्मागतिकी के सिद्धांत",Easy,ऊष्मा का विस्थापन किससे संबंधित है?,विकल्प A: तापमान,विकल्प B: ऊष्मागतिकी,विकल्प C: विद्युत ऊर्जा,विकल्प D: गति,B,विकल्प B: ऊष्मागतिकी,ऊष्मा का विस्थापन ऊष्मागतिकी के सिद्धांत से संबंधित है।,ऊष्मा का विस्थापन एक ऊष्मागतिकीय सिद्धांत है जो तापमान के बीच ऊष्मा की राशि का परिवर्तन व्यक्त करता है।,2026-09-14 16:09:29
SCI_HI_0761,Hindi,Science,"ऊष्मा, तापमान एवं ऊष्मागतिकी के सिद्धांत",Easy,किसका नियम यह है कि तापमान बढ़ते होने पर ऊष्मा भी बढ़ती है?,विकल्प A: वहाँ का तापमान,विकल्प B: तापमान का अनुक्रमित विस्थापन,विकल्प C: तापमान का द्रव्यमान,विकल्प D: तापमान का अनुक्रमित वृद्धि,D,विकल्प D: तापमान का अनुक्रमित वृद्धि,तापमान का अनुक्रमित वृद्धि ऊष्मा के नियम से संबंधित है।,"तापमान का अनुक्रमित वृद्धि नियम विकल्प D का अर्थ है, जिसके अनुसार तापमान बढ़ते होने पर ऊष्मा भी बढ़ती है।",2026-09-14 16:09:29
SCI_HI_0762,Hindi,Science,"ऊष्मा, तापमान एवं ऊष्मागतिकी के सिद्धांत",Easy,किसका नियम यह है कि तापमान की द्रव्यता ऊष्मा के बीच जुड़वाँ है?,विकल्प A: द्रव्यमान का तापमान,विकल्प B: तापमान की द्रव्यता,विकल्प C: ऊष्मा तापमान,विकल्प D: द्रव्यता तापमान,B,विकल्प B: तापमान की द्रव्यता,तापमान की द्रव्यता ऊष्मा के नियम से संबंधित है।,तापमान की द्रव्यता नियम विकल्प B का अर्थ है जो द्रव्यमान और तापमान के बीच नियमित संबंध दर्शाता है।,2026-09-14 16:09:29
SCI_HI_0763,Hindi,Science,"ऊष्मा, तापमान एवं ऊष्मागतिकी के सिद्धांत",Easy,किसका नियम यह है कि तापमान वृद्धि के साथ ऊष्मा भी वृद्धि होती है?,विकल्प A: तापमान की वृद्धि,विकल्प B: तापमान वृद्धि,विकल्प C: तापमान का वृद्धि,विकल्प D: तापमान की वृद्धि का नियम,D,विकल्प D: तापमान की वृद्धि का नियम,तापमान की वृद्धि का नियम ऊष्मा के नियम से संबंधित है।,तापमान की वृद्धि का नियम विकल्प D का अर्थ है जो तापमान वृद्धि के साथ ऊष्मा भी वृद्धि होती है।,2026-09-14 16:09:29
SCI_HI_0764,Hindi,Science,"ऊष्मा, तापमान एवं ऊष्मागतिकी के सिद्धांत",Easy,ऊष्मा का विस्थापन किससे होता है?,विकल्प A: तापमान,विकल्प B: तापमान के बीच,विकल्प C: तापमान की वृद्धि,विकल्प D: तापमान के वृद्धि के बीच,B,विकल्प B: तापमान के बीच,ऊष्मा का विस्थापन तापमान के बीच होता है।,"ऊष्मा का विस्थापन तापमान के बीच होता है, जो एक ऊष्मागतिकीय सिद्धांत है।",2026-09-14 16:09:29
SCI_HI_0765,Hindi,Science,"ऊष्मा, तापमान एवं ऊष्मागतिकी के सिद्धांत",Easy,ऊष्मा का विस्थापन किसके बीच होता है?,विकल्प A: तापमान,विकल्प B: तापमान के बीच,विकल्प C: तापमान की वृद्धि,विकल्प D: तापमान की वृद्धि के बीच,B,विकल्प B: तापमान के बीच,ऊष्मा का विस्थापन तापमान के बीच होता है।,"ऊष्मा का विस्थापन तापमान के बीच होता है, जो एक ऊष्मागतिकीय सिद्धांत है।",2026-09-14 16:09:29
SCI_HI_0766,Hindi,Science,"प्रकाशिकी, परावर्तन, अपवर्तन एवं प्रकाश के गुण",Medium,प्रकाश का एक प्रकार कौन-सा है जिसमें प्रकाश का तरंगी दैर्ध्य लगभग 400 नैनोमीटर होता है?,वायंग,उltraviolet (UV),पीवेल्स (Infrared),वायंग-UV,B,उltraviolet (UV),UV प्रकाश लाल संरक्षण की तरफ इंफ्रारेड प्रकाश से कम तरंगी दैर्ध्य वाला है।,UV प्रकाश का तरंगी दैर्ध्य लगभग 400 नैनोमीटर से कम होता है जो वायंग प्रकाश से कम है लेकिन इंफ्रारेड प्रकाश से अधिक है।,2026-09-14 16:10:18
SCI_HI_0767,Hindi,Science,"प्रकाशिकी, परावर्तन, अपवर्तन एवं प्रकाश के गुण",Medium,प्रकाश परावर्तन किस पर निर्भर करता है?,प्रकाश की तरंगी दैर्ध्य,प्रकाश की तरंगी दैर्ध्य और परावर्तन की कोशिका का मूल्य,प्रकाश की तरंगी दैर्ध्य और परावर्तन की कोशिका की तापमान,परावर्तन की कोशिका का मूल्य और तापमान,B,प्रकाश की तरंगी दैर्ध्य और परावर्तन की कोशिका का मूल्य,प्रकाश की तरंगी दैर्ध्य और परावर्तन की कोशिका का मूल्य पर निर्भर होता है जिससे प्रकाश परावर्तित होता है।,प्रकाश की तरंगी दैर्ध्य और परावर्तन की कोशिका का मूल्य व्यतिरिक्त दोनों की मानक सम्बन्धों पर निर्भर करता है जिससे प्रकाश परावर्तित होता है।,2026-09-14 16:10:18
SCI_HI_0768,Hindi,Science,"प्रकाशिकी, परावर्तन, अपवर्तन एवं प्रकाश के गुण",Medium,प्रकाश का अपवर्तन किस सिद्धांत पर आधारित है?,प्रकाश का तरंगी दैर्ध्य,ब्रॉन्स्टॉन के आयनीकरण सिद्धांत,क्लॉस्टमर के अपवर्तन सिद्धांत,हर्मन व गैलिन के अपवर्तन सिद्धांत,C,क्लॉस्टमर के अपवर्तन सिद्धांत,क्लॉस्टमर के अपवर्तन सिद्धांत अपवर्तन का नियमित रूप से व्याख्या करता है।,क्लॉस्टमर के अपवर्तन सिद्धांत अपवर्तन का मूल कारण दर्शाता है जो प्रकाश की तरंगी दैर्ध्य और परावर्तन की कोशिका की गुणवत्ता के आधार पर होता है।,2026-09-14 16:10:18
SCI_HI_0769,Hindi,Science,"प्रकाशिकी, परावर्तन, अपवर्तन एवं प्रकाश के गुण",Medium,परावर्तित प्रकाश में विभिन्न रंगों का विभाजन किस कारण से होता है?,प्रकाश के तरंगी दैर्ध्य,परावर्तन की कोशिका का माप,प्रकाश की तरंगी दैर्ध्य और परावर्तन की कोशिका की गुणवत्ता,परावर्तन की कोशिका की तापमान,C,प्रकाश की तरंगी दैर्ध्य और परावर्तन की कोशिका की गुणवत्ता,प्रकाश की तरंगी दैर्ध्य और परावर्तन की कोशिका की गुणवत्ता के अनुसार परावर्तित प्रकाश में विभिन्न रंगों का विभाजन होता है।,प्रकाश की तरंगी दैर्ध्य और परावर्तन की कोशिका की गुणवत्ता के अनुसार प्रकाश को विभिन्न रंगों में विभाजित किया जाता है।,2026-09-14 16:10:18
SCI_HI_0770,Hindi,Science,"प्रकाशिकी, परावर्तन, अपवर्तन एवं प्रकाश के गुण",Medium,प्रकाश का अपवर्तन किस द्रव्य के द्वारा होता है?,कांच,मैदान,स्लिपर,कपड़ा,A,कांच,कांच एक अपवर्तक द्रव्य है जिसके द्वारा प्रकाश अपवर्तित होता है।,कांच एक अपवर्तक द्रव्य है जिससे प्रकाश अपवर्तित होता है जब इसमें प्रवाहित होता है।,2026-09-14 16:10:18
SCI_HI_0771,Hindi,Science,"प्रकाशिकी, परावर्तन, अपवर्तन एवं प्रकाश के गुण",Medium,प्रकाश विभाजित होकर अलग-अलग रंगों का विभाजन किसके द्वारा होता है?,कांच,कैनॉन,आइंजन,परावर्तन की कोशिका,D,परावर्तन की कोशिका,परावर्तन की कोशिका प्रकाश को विभिन्न रंगों में विभाजित करती है।,परावर्तन की कोशिका प्रकाश को विभिन्न रंगों में विभाजित करती है जिससे हमें विभिन्न रंगों का दृश्य रूप मिलता है।,2026-09-14 16:10:18
SCI_HI_0772,Hindi,Science,"प्रकाशिकी, परावर्तन, अपवर्तन एवं प्रकाश के गुण",Medium,प्रकाश का अपवर्तन किस पर निर्भर करता है?,प्रकाश की तरंगी दैर्ध्य,प्रकाश की तरंगी दैर्ध्य और परावर्तन की कोशिका का माप,प्रकाश की तरंगी दैर्ध्य और परावर्तन की कोशिका की गुणवत्ता,परावर्तन की कोशिका की तापमान,C,प्रकाश की तरंगी दैर्ध्य और परावर्तन की कोशिका की गुणवत्ता,प्रकाश की तरंगी दैर्ध्य और परावर्तन की कोशिका की गुणवत्ता पर निर्भर होता है जिसके आधार पर प्रकाश अपवर्तित होता है।,प्रकाश की तरंगी दैर्ध्य और परावर्तन की कोशिका की गुणवत्ता पर निर्भर करता है जिसके आधार पर प्रकाश अपवर्तित होता है।,2026-09-14 16:10:18
SCI_HI_0773,Hindi,Science,"प्रकाशिकी, परावर्तन, अपवर्तन एवं प्रकाश के गुण",Medium,प्रकाश का निर्विरक्त पारगमन किसके द्वारा होता है?,कांच,पानी,कांच और पानी,कांच और कांच,C,कांच और पानी,कांच और पानी का निर्विरक्त पारगमन होता है।,कांच और पानी के बीच निर्विरक्त पारगमन होता है जिससे प्रकाश इन दोनों द्रव्यों में विरक्त रहता है।,2026-09-14 16:10:18
SCI_HI_0774,Hindi,Science,"प्रकाशिकी, परावर्तन, अपवर्तन एवं प्रकाश के गुण",Medium,प्रकाश का अपवर्तन नियमित रूप से व्याख्या किस सिद्धांत पर आधारित है?,क्लॉस्टमर के अपवर्तन सिद्धांत,ब्राय्टन के अपवर्तन सिद्धांत,पारामिश्र सिद्धांत,रैंडन के अपवर्तन सिद्धांत,A,क्लॉस्टमर के अपवर्तन सिद्धांत,क्लॉस्टमर के अपवर्तन सिद्धांत नियमित रूप से प्रकाश का अपवर्तन व्याख्या करता है।,क्लॉस्टमर के अपवर्तन सिद्धांत नियमित रूप से प्रकाश का अपवर्तन व्याख्या करता है जिससे हम उन रंगों की जानकारी मिलती है जिनमें प्रकाश अपवर्तित होता है।,2026-09-14 16:10:18
SCI_HI_0775,Hindi,Science,"ध्वनि, तरंगें एवं कंपन",Hard,ध्वनि तरंगों का आंतरिक प्रतिरोध किस पर निर्भर करता है?,ध्वनि तरंग की तरंग दैर्ध्य,ध्वनि तरंग की गति,ध्वनि तरंग का उत्पादक सामान्य तरंग,ध्वनि तरंग के द्रव्यमान,C,ध्वनि तरंग का उत्पादक सामान्य तरंग,ध्वनि तरंग का उत्पादक सामान्य तरंग की निर्देशिका का एक अंश है जो उत्पादक तरंग के विशिष्ट अवस्थाओं को व्यक्त करता है।,ध्वनि तरंग का आंतरिक प्रतिरोध उत्पादक तरंग की निर्देशिका से निकाला जाता है जो उत्पादक तरंग के विशिष्ट अवस्थाओं को दर्शाती है।,2026-09-14 16:11:17
SCI_HI_0776,Hindi,Science,"ध्वनि, तरंगें एवं कंपन",Hard,ध्वनि तरंगों के लिए किस नियम का उपयोग किया जाता है जो तरंग दैर्ध्य और तरंगदैर्ध्य के बीच सम्बन्ध दर्शाता है?,बायल्ट सैन्ट नियम,बर्लेमैन नियम,बर्लेमैन-वायल्ट सैन्ट नियम,पावल सैन्ट नियम,C,बर्लेमैन-वायल्ट सैन्ट नियम,यह नियम तरंग दैर्ध्य और तरंगदैर्ध्य के बीच अनुपात को व्यक्त करता है।,बर्लेमैन-वायल्ट सैन्ट नियम तरंग दैर्ध्य और तरंगदैर्ध्य के बीच अनुपात को दर्शाता है जो ध्वनि तरंगों के लिए महत्वपूर्ण है।,2026-09-14 16:11:17
SCI_HI_0777,Hindi,Science,"ध्वनि, तरंगें एवं कंपन",Hard,किस प्रकार का ध्वनि कंपन एक विशिष्ट तरंग दैर्ध्य के लिए व्यक्त किया जाता है?,स्थिर ध्वनि कंपन,स्थानीय ध्वनि कंपन,समानकालीन ध्वनि कंपन,समानकालीन और स्थानीय ध्वनि कंपन,D,समानकालीन और स्थानीय ध्वनि कंपन,समानकालीन और स्थानीय ध्वनि कंपन दोनों तरंग दैर्ध्यों के लिए ध्वनि कंपन का व्यक्त करते हैं।,समानकालीन और स्थानीय ध्वनि कंपन दोनों तरंग दैर्ध्यों के लिए ध्वनि कंपन का व्यक्त करते हैं और इनका उपयोग एक विशिष्ट तरंग दैर्ध्य के लिए ध्वनि कंपन को व्यक्त करने में किया जाता है।,2026-09-14 16:11:17
SCI_HI_0778,Hindi,Science,"ध्वनि, तरंगें एवं कंपन",Hard,किस प्रकार की ध्वनि तरंगों के लिए आंतरिक प्रतिरोध निर्धारित किया जाता है?,विद्युत ध्वनि तरंग,कोशिकात्मक ध्वनि तरंग,हवा अवतरण ध्वनि तरंग,द्रव ध्वनि तरंग,C,हवा अवतरण ध्वनि तरंग,हवा अवतरण ध्वनि तरंग के लिए आंतरिक प्रतिरोध विद्यमान हवा के द्रव्यमान और तापकारकता के आधार पर निर्धारित होता है।,हवा अवतरण ध्वनि तरंग के लिए आंतरिक प्रतिरोध विद्यमान हवा के द्रव्यमान और तापकारकता के आधार पर निर्धारित होता है।,2026-09-14 16:11:17
SCI_HI_0779,Hindi,Science,"ध्वनि, तरंगें एवं कंपन",Hard,किस रूपक का उपयोग किया जाता है जो तरंग विभाजन को दर्शाता है?,रेडियो कंपन,कंपन रेडियो,रेडियो कंपन रेडियो,रेडियो कंपन रेडियो कंपन,A,रेडियो कंपन,रेडियो कंपन एक रूपक है जो तरंग विभाजन को दर्शाता है।,रेडियो कंपन तरंग विभाजन को दर्शाने का एक रूपक है जो तरंग दैर्ध्य और तरंगदैर्ध्य के बीच सम्बन्ध को दर्शाता है।,2026-09-14 16:11:17
SCI_HI_0780,Hindi,Science,"ध्वनि, तरंगें एवं कंपन",Hard,ध्वनि तरंग की गति किस पर निर्भर करती है?,संवेदनशील द्रव्य की तापकारकता,संवेदनशील द्रव्य का द्रव्यमान,संवेदनशील द्रव्य का विकिरण गुण,संवेदनशील द्रव्य की आकृति,A,संवेदनशील द्रव्य की तापकारकता,ध्वनि तरंग की गति तापकारकता की दर वाली गति द्वारा निर्धारित होती है।,ध्वनि तरंग की गति तापकारकता की दर वाली गति द्वारा निर्धारित होती है जो संवेदनशील द्रव्य की तापकारकता के आधार पर निर्धारित होती है।,2026-09-14 16:11:17
SCI_HI_0781,Hindi,Science,"ध्वनि, तरंगें एवं कंपन",Hard,किस प्रकार की तरंगों के लिए निराकरण नियम लागू होता है?,सुपरलाइन तरंग,क्वांटम तरंग,ध्वनि तरंग,कोशिकात्मक तरंग,C,ध्वनि तरंग,निराकरण नियम ध्वनि तरंगों के लिए सूत्रात्मक रूप से लागू होता है।,निराकरण नियम ध्वनि तरंगों के लिए सूत्रात्मक रूप से लागू होता है जो तरंग दैर्ध्य और तरंगदैर्ध्य के बीच सम्बन्ध दर्शाता है।,2026-09-14 16:11:17
SCI_HI_0782,Hindi,Science,"ध्वनि, तरंगें एवं कंपन",Hard,ध्वनि तरंग की गति ज्ञात करने के लिए किस सूत्र का उपयोग किया जाता है?,गैलेटी का सूत्र,ब्रैन्डेल का सूत्र,बर्लेमैन का सूत्र,स्लेट विक्टोरिया का सूत्र,B,ब्रैन्डेल का सूत्र,ब्रैन्डेल का सूत्र ध्वनि तरंग की गति को ज्ञात करने के लिए लागू होता है।,ब्रैन्डेल का सूत्र ध्वनि तरंग की गति को ज्ञात करने के लिए लागू होता है जो तापकारकता और तरंग दैर्ध्य के आधार पर निर्धारित होता है।,2026-09-14 16:11:17
SCI_HI_0783,Hindi,Science,"ध्वनि, तरंगें एवं कंपन",Hard,किस प्रकार की तरंगों के लिए तरंग दैर्ध्य ज्ञात करने के लिए ब्रैन्डेल का सूत्र लागू होता है?,क्वांटम तरंग,ध्वनि तरंग,कोशिकात्मक तरंग,सुपरलाइन तरंग,B,ध्वनि तरंग,ब्रैन्डेल का सूत्र ध्वनि तरंगों के लिए तरंग दैर्ध्य ज्ञात करने के लिए लागू होता है।,ब्रैन्डेल का सूत्र ध्वनि तरंगों के लिए तरंग दैर्ध्य ज्ञात करने के लिए लागू होता है जो तापकारकता और तरंगदैर्ध्य के आधार पर निर्धारित होता है।,2026-09-14 16:11:17
SCI_HI_0784,Hindi,Science,"ध्वनि, तरंगें एवं कंपन",Hard,किस प्रकार की तरंगों के लिए आंतरिक प्रतिरोध निर्धारित किया जाता है?,क्वांटम तरंग,ध्वनि तरंग,कोशिकात्मक तरंग,सुपरलाइन तरंग,B,ध्वनि तरंग,ध्वनि तरंग के लिए आंतरिक प्रतिरोध निर्धारित किया जाता है।,ध्वनि तरंग के लिए आंतरिक प्रतिरोध निर्धारित किया जाता है जो हवा के द्रव्यमान और तापकारकता के आधार पर निर्धारित होता है।,2026-09-14 16:11:17
SCI_HI_0785,Hindi,Science,"ध्वनि, तरंगें एवं कंपन",Hard,किस प्रकार की तरंगों के लिए तापकारकता का परिभाषण लागू होता है?,क्वांटम तरंग,ध्वनि तरंग,कोशिकात्मक तरंग,सुपरलाइन तरंग,B,ध्वनि तरंग,तापकारकता का परिभाषण ध्वनि तरंगों के लिए लागू होता है।,तापकारकता का परिभाषण ध्वनि तरंगों के लिए लागू होता है जो तरंग दैर्ध्य और तापकारकता के बीच सम्बन्ध दर्शाता है।,2026-09-14 16:11:17
SCI_HI_0786,Hindi,Science,"विद्युत धारा, विभव, प्रतिरोध एवं चुंबकत्व",Easy,विद्युत धारा का अधिकतम मान किस सूत्र से निकाला जाता है?,I = V/R,V = I/R,R = V/I,P = VI,A,I = V/R,विद्युत धारा का अधिकतम मान विभव और प्रतिरोध के अनुसार निकाला जाता है।,"विद्युत धारा का अधिकतम मान विभव और प्रतिरोध के अनुसार निकाला जाता है, जिसके लिए यह सूत्र लागू होता है।",2026-09-14 16:12:06
SCI_HI_0787,Hindi,Science,"विद्युत धारा, विभव, प्रतिरोध एवं चुंबकत्व",Easy,विद्युत चुंबकत्व किस से परिभाषित करता है?,विद्युत धारा की दक्षता,विद्युत चुंबकीय क्षेत्र की तीव्रता,विद्युत विभव की मात्रा,विद्युत धारा की तीव्रता,B,विद्युत चुंबकीय क्षेत्र की तीव्रता,विद्युत चुंबकत्व विद्युत चुंबकीय क्षेत्र की तीव्रता को दर्शाता है।,"विद्युत चुंबकत्व विद्युत चुंबकीय क्षेत्र की तीव्रता को दर्शाता है, जो चुंबकीय शक्ति को दर्शाता है।",2026-09-14 16:12:06
SCI_HI_0788,Hindi,Science,"विद्युत धारा, विभव, प्रतिरोध एवं चुंबकत्व",Easy,विद्युत विभव किस से परिभाषित करता है?,विद्युत धारा का दबाव,विद्युत धारा का अनुक्रम,विद्युत धारा का विभव,विद्युत धारा का अधिकतम मान,C,विद्युत धारा का विभव,विद्युत विभव विद्युत धारा का विभव को दर्शाता है।,"विद्युत विभव विद्युत धारा का विभव को दर्शाता है, जो एक बिंदु पर विद्युत धारा का दबाव है।",2026-09-14 16:12:06
SCI_HI_0789,Hindi,Science,"विद्युत धारा, विभव, प्रतिरोध एवं चुंबकत्व",Easy,चुंबकीय प्रतिरोध किस से परिभाषित करता है?,चुंबकीय शक्ति का दबाव,चुंबकीय शक्ति का दर,चुंबकीय शक्ति का विभव,चुंबकीय शक्ति की प्रतिरोधिता,D,चुंबकीय शक्ति की प्रतिरोधिता,चुंबकीय प्रतिरोध चुंबकीय शक्ति की प्रतिरोधिता को दर्शाता है।,"चुंबकीय प्रतिरोध चुंबकीय शक्ति की प्रतिरोधिता को दर्शाता है, जो चुंबकीय शक्ति की रोध को दर्शाता है।",2026-09-14 16:12:06
SCI_HI_0790,Hindi,Science,"विद्युत धारा, विभव, प्रतिरोध एवं चुंबकत्व",Easy,विद्युत धारा का चुंबकीय प्रभाव किस से परिभाषित करता है?,विद्युत धारा का आकार,विद्युत धारा का दबाव,विद्युत धारा का चुंबकीय प्रभाव,विद्युत धारा का विभव,C,विद्युत धारा का चुंबकीय प्रभाव,विद्युत धारा का चुंबकीय प्रभाव विद्युत धारा का चुंबकीय प्रभाव को दर्शाता है।,"विद्युत धारा का चुंबकीय प्रभाव विद्युत धारा का चुंबकीय प्रभाव को दर्शाता है, जो विद्युत धारा का चुंबकीय प्रभाव दर्शाता है।",2026-09-14 16:12:06
SCI_HI_0791,Hindi,Science,"विद्युत धारा, विभव, प्रतिरोध एवं चुंबकत्व",Easy,विद्युत विभव का चुंबकीय प्रभाव किस से परिभाषित करता है?,विद्युत धारा का विभव,विद्युत विभव का चुंबकीय प्रभाव,विद्युत विभव का आकार,विद्युत विभव का दबाव,B,विद्युत विभव का चुंबकीय प्रभाव,विद्युत विभव का चुंबकीय प्रभाव विद्युत विभव का चुंबकीय प्रभाव को दर्शाता है।,"विद्युत विभव का चुंबकीय प्रभाव विद्युत विभव का चुंबकीय प्रभाव को दर्शाता है, जो विद्युत विभव का चुंबकीय प्रभाव दर्शाता है।",2026-09-14 16:12:06
SCI_HI_0792,Hindi,Science,"विद्युत धारा, विभव, प्रतिरोध एवं चुंबकत्व",Easy,विद्युत चुंबकीय क्षेत्र किस से परिभाषित करता है?,विद्युत धारा का चुंबकीय क्षेत्र,विद्युत विभव का चुंबकीय क्षेत्र,विद्युत धारा का चुंबकीय क्षेत्र,विद्युत विभव का चुंबकीय क्षेत्र,C,विद्युत धारा का चुंबकीय क्षेत्र,विद्युत चुंबकीय क्षेत्र विद्युत धारा का चुंबकीय क्षेत्र को दर्शाता है।,"विद्युत चुंबकीय क्षेत्र विद्युत धारा का चुंबकीय क्षेत्र को दर्शाता है, जो चुंबकीय शक्ति का विभव दर्शाता है।",2026-09-14 16:12:06
SCI_HI_0793,Hindi,Science,"विद्युत धारा, विभव, प्रतिरोध एवं चुंबकत्व",Easy,विद्युत प्रतिरोध किस से परिभाषित करता है?,विद्युत धारा का चुंबकीय प्रभाव,विद्युत धारा का विभव,विद्युत धारा का प्रतिरोध,विद्युत धारा का दबाव,C,विद्युत धारा का प्रतिरोध,विद्युत प्रतिरोध विद्युत धारा का प्रतिरोध को दर्शाता है।,"विद्युत प्रतिरोध विद्युत धारा का प्रतिरोध को दर्शाता है, जो विद्युत धारा का रोध को दर्शाता है।",2026-09-14 16:12:06
SCI_HI_0794,Hindi,Science,"आधुनिक भौतिकी, परमाणु संरचना एवं नाभिकीय ऊर्जा",Medium,नाभिकीय ऊर्जा उत्पादन के लिए कौन-सा उपकरण उपयोग किया जाता है?,रेडियो डिस्क,कार्बन डिस्क,रिस्टेंश डिस्क,रिस्टेंश डिस्क के साथ नाभिकीय बैक्ट्राइडर,D,रिस्टेंश डिस्क के साथ नाभिकीय बैक्ट्राइडर,रिस्टेंश डिस्क के साथ नाभिकीय बैक्ट्राइडर नाभिकीय ऊर्जा उत्पादन के लिए एक अभिक्रिया चालक उपकरण है।,रिस्टेंश डिस्क के साथ नाभिकीय बैक्ट्राइडर का उपयोग नाभिकीय ऊर्जा उत्पादन के लिए बहुत आधुनिक तरीके से किया जाता है। यह नाभिक को चालक रूप में बनाने में मदद करता है और इससे नाभिकीय अभिक्रियाओं का आयाम बढ़ाता है।,2026-09-14 16:13:07
SCI_HI_0795,Hindi,Science,"आधुनिक भौतिकी, परमाणु संरचना एवं नाभिकीय ऊर्जा",Medium,परमाणु संरचना में इलेक्ट्रॉन निहित किस राशि में होते हैं?,नाभिकीय मात्रा,नाभिकीय द्रव्यमान,कोर अणुभाग,कोर के बाहरी अणुभाग,D,कोर के बाहरी अणुभाग,इलेक्ट्रॉन कोर के बाहरी अणुभाग में निहित होते हैं जहाँ उन्हें वायुकोशील अणुभाग या वायुकोशील इलेक्ट्रॉन भी कहा जाता है।,"कोर के बाहरी अणुभाग में इलेक्ट्रॉन निहित होते हैं, जहाँ वे वायुकोशील अणुभाग या वायुकोशील इलेक्ट्रॉन के रूप में अवस्थित होते हैं। इनका गतिविधि और इलेक्ट्रॉनिक श्रृंखला में अवस्थिति नाभिकीय संरचना का महत्वपूर्ण भाग बनता है।",2026-09-14 16:13:07
SCI_HI_0796,Hindi,Science,"आधुनिक भौतिकी, परमाणु संरचना एवं नाभिकीय ऊर्जा",Medium,किस परमाणु अभिक्रिया में नाभिक कोर को विभाजित किया जाता है?,रियोलर अभिक्रिया,ब्रैंडन्स अभिक्रिया,ब्रैट्स अभिक्रिया,फ्लिस्टन अभिक्रिया,D,फ्लिस्टन अभिक्रिया,फ्लिस्टन अभिक्रिया में नाभिक कोर को चालक रूप में बनाया जाता है जिससे इसे विभाजित किया जाता है।,फ्लिस्टन अभिक्रिया नाभिक को चालक रूप में बनाती है जिससे इसका कोर विभाजित होता है। यह अभिक्रिया नाभिकीय ऊर्जा उत्पादन के लिए प्रयोग की जाती है।,2026-09-14 16:13:07
SCI_HI_0797,Hindi,Science,"आधुनिक भौतिकी, परमाणु संरचना एवं नाभिकीय ऊर्जा",Medium,नाभिकीय अभिक्रिया में नाभिक किस प्रकार का अणु नष्ट होती है?,कार्बन,हाइड्रोजन,नाभिक,हाइड्रोजन गैस,C,नाभिक,"नाभिकीय अभिक्रियाओं में नाभिक कोर जिसका द्रव्यमान बहुत छोटा होता है, नष्ट होता है।","नाभिकीय अभिक्रियाओं में नाभिक के कोर जिसका द्रव्यमान बहुत छोटा होता है, नष्ट होता है जिससे ऊर्जा उत्पादित होती है।",2026-09-14 16:13:07
SCI_HI_0798,Hindi,Science,"आधुनिक भौतिकी, परमाणु संरचना एवं नाभिकीय ऊर्जा",Medium,किस अभिक्रिया नाभिकीय ऊर्जा के उत्पादन का एक उदाहरण है?,फॉक्स अभिक्रिया,ब्रैट्स अभिक्रिया,हार्डन अभिक्रिया,ब्रैंडन्स अभिक्रिया,B,ब्रैट्स अभिक्रिया,ब्रैट्स अभिक्रिया नाभिकीय ऊर्जा उत्पादन का एक उदाहरण है।,ब्रैट्स अभिक्रिया एक नाभिकीय अभिक्रिया है जिसमें नाभिक को चालक रूप में बनाया जाता है जिससे नाभिकीय ऊर्जा उत्पादित होती है।,2026-09-14 16:13:07
SCI_HI_0799,Hindi,Science,"आधुनिक भौतिकी, परमाणु संरचना एवं नाभिकीय ऊर्जा",Medium,नाभिकीय अभिक्रियाओं में या तो नाभिक को चालक रूप में बनाया जाता है या क्या होता है?,नाभिक को विभाजित कर दिया जाता है,नाभिक कोर को नष्ट कर दिया जाता है,नाभिक को आकर्षित कर दिया जाता है,नाभिक को धारिता में भर दिया जाता है,B,नाभिक कोर को नष्ट कर दिया जाता है,नाभिकीय अभिक्रियाओं में नाभिक को चालक रूप में बनाया जाता है या नाभिक कोर को नष्ट कर दिया जाता है।,नाभिकीय अभिक्रियाओं में नाभिक को चालक रूप में बनाया जाता है या नाभिक कोर को नष्ट कर दिया जाता है जिससे ऊर्जा उत्पादित होती है।,2026-09-14 16:13:07
SCI_HI_0800,Hindi,Science,"आधुनिक भौतिकी, परमाणु संरचना एवं नाभिकीय ऊर्जा",Medium,नाभिकीय ऊर्जा उत्पादन के लिए किस प्रक्रिया आवश्यक है?,संकलन,विभाजन,विस्फोट,विस्फोट और संकलन,D,विस्फोट और संकलन,नाभिकीय ऊर्जा उत्पादन के लिए विस्फोट और संकलन दोनों प्रक्रियाएँ आवश्यक हैं।,नाभिकीय ऊर्जा उत्पादन के लिए नाभिक को विस्फोट किया जाता है या इसे संकलन किया जाता है जिससे ऊर्जा उत्पादित होती है।,2026-09-14 16:13:07
SCI_HI_0801,Hindi,Science,"आधुनिक भौतिकी, परमाणु संरचना एवं नाभिकीय ऊर्जा",Medium,किस परमाणु अभिक्रिया में नाभिक को विस्फोट किया जाता है?,रियोलर अभिक्रिया,ब्रैट्स अभिक्रिया,फ्लिस्टन अभिक्रिया,हार्डन अभिक्रिया,C,फ्लिस्टन अभिक्रिया,फ्लिस्टन अभिक्रिया में नाभिक को विस्फोट किया जाता है जिससे ऊर्जा उत्पादित होती है।,फ्लिस्टन अभिक्रिया नाभिक को विस्फोट कर देती है जिससे ऊर्जा उत्पादित होती है। यह नाभिकीय ऊर्जा उत्पादन के लिए प्रयोग की जाती है।,2026-09-14 16:13:07
SCI_HI_0802,Hindi,Science,"आधुनिक भौतिकी, परमाणु संरचना एवं नाभिकीय ऊर्जा",Medium,किस परमाणु अभिक्रिया में नाभिक को चालक रूप में बनाया जाता है?,फ्लिस्टन अभिक्रिया,ब्रैट्स अभिक्रिया,हार्डन अभिक्रिया,रियोलर अभिक्रिया,B,ब्रैट्स अभिक्रिया,ब्रैट्स अभिक्रिया में नाभिक को चालक रूप में बनाया जाता है जिससे ऊर्जा उत्पादित होती है।,ब्रैट्स अभिक्रिया नाभिक को चालक रूप में बनाती है जिससे ऊर्जा उत्पादित होती है।,2026-09-14 16:13:07
SCI_HI_0803,Hindi,Science,"आधुनिक भौतिकी, परमाणु संरचना एवं नाभिकीय ऊर्जा",Medium,नाभिकीय अभिक्रियाओं में नाभिक को आकर्षित किया जाता है या नाभिक को नष्ट किया जाता है?,नाभिक को आकर्षित किया जाता है,नाभिक को नष्ट किया जाता है,नाभिक को विस्फोट किया जाता है,नाभिक को चालक रूप में बनाया जाता है,D,नाभिक को चालक रूप में बनाया जाता है,नाभिकीय अभिक्रियाओं में नाभिक को चालक रूप में बनाया जाता है या नाभिक को विस्फोट किया जाता है।,नाभिकीय अभिक्रियाओं में नाभिक को चालक रूप में बनाया जाता है या नाभिक को विस्फोट किया जाता है जिससे ऊर्जा उत्पादित होती है।,2026-09-14 16:13:07
SCI_HI_0804,Hindi,Science,"आधुनिक भौतिकी, परमाणु संरचना एवं नाभिकीय ऊर्जा",Medium,नाभिकीय अभिक्रियाओं में या तो नाभिक को आकर्षित किया जाता है या नाभिक को नष्ट किया जाता है?,नाभिक को आकर्षित किया जाता है,नाभिक को नष्ट किया जाता है,नाभिक को विस्फोट किया जाता है,नाभिक को चालक रूप में बनाया जाता है,D,नाभिक को चालक रूप में बनाया जाता है,नाभिकीय अभिक्रियाओं में नाभिक को चालक रूप में बनाया जाता है या नाभिक को विस्फोट किया जाता है।,नाभिकीय अभिक्रियाओं में नाभिक को चालक रूप में बनाया जाता है या नाभिक को विस्फोट किया जाता है जिससे ऊर्जा उत्पादित होती है।,2026-09-14 16:13:07
SCI_HI_0805,Hindi,Science,"तत्व, यौगिक, मिश्रण एवं रासायनिक आबंधन",Hard,एक गैस यौगिक को निर्मित करने के लिए निम्नलिखित में से कौन सा रासायनिक आबंधन अनिवार्य है?,कार्बनिक आबंधन,हाइड्रोजन आबंधन,क्लोरिन आबंधन,ऑक्सीजन आबंधन,D,ऑक्सीजन आबंधन,ऑक्सीजन आबंधन किसी गैस यौगिक को निर्मित करने में आवश्यक होता है।,गैस यौगिक जैसे ऑक्सीजन गैस के साथ रासायनिक आबंधन के माध्यम से निर्मित होते हैं। इसमें आबंधन यौगिक की अपवस्था बदलाव से जुड़ा होता है।,2026-09-14 16:14:04
SCI_HI_0806,Hindi,Science,"तत्व, यौगिक, मिश्रण एवं रासायनिक आबंधन",Hard,किस यौगिक में नाभिकीय अभिक्रियाओं का इस्तेमाल किया जाता है और इस अभिक्रिया के द्वारा रासायनिक ऊर्जा उत्पादित होती है?,हीलियम यौगिक,हाइड्रोजन यौगिक,नाभिकीय यौगिक,क्लोरिन यौगिक,C,नाभिकीय यौगिक,नाभिकीय यौगिक नाभिकीय अभिक्रियाओं द्वारा निर्मित होते हैं जिनमें रासायनिक ऊर्जा उत्पादित होती है।,नाभिकीय यौगिक जैसे नाभिकीय वायु में नाभिकीय अभिक्रियाओं के माध्यम से रासायनिक ऊर्जा उत्पादित होती है।,2026-09-14 16:14:04
SCI_HI_0807,Hindi,Science,"तत्व, यौगिक, मिश्रण एवं रासायनिक आबंधन",Hard,हाइड्रोजन यौगिक में हाइड्रोजन का अभिसरण विभाजन किस प्रकार का होता है?,परमाणु अभिसरण विभाजन,स्तरीय अभिसरण विभाजन,बार्नस्ली अभिसरण विभाजन,हाइड्रोजन अभिसरण विभाजन,C,बार्नस्ली अभिसरण विभाजन,बार्नस्ली अभिसरण विभाजन एक स्पष्ट रूप से संरचित विभाजन है जिसमें एक हाइड्रोजन यौगिक में हाइड्रोजन का अभिसरण विभाजन होता है।,बार्नस्ली अभिसरण विभाजन के अनुसार हाइड्रोजन यौगिक में हाइड्रोजन की अपवस्था और इसके साथ आंतरिक बाणी के संबंध का विस्तृत विश्लेषण किया जाता है।,2026-09-14 16:14:04
SCI_HI_0808,Hindi,Science,"तत्व, यौगिक, मिश्रण एवं रासायनिक आबंधन",Hard,किस यौगिक में नाभिकीय अभिक्रियाओं का इस्तेमाल किया जाता है और रासायनिक ऊर्जा उत्पादित होती है?,हीलियम यौगिक,हाइड्रोजन यौगिक,नाभिकीय यौगिक,क्लोरिन यौगिक,C,नाभिकीय यौगिक,नाभिकीय यौगिक नाभिकीय अभिक्रियाओं द्वारा निर्मित होते हैं जिनमें रासायनिक ऊर्जा उत्पादित होती है।,नाभिकीय यौगिक जैसे नाभिकीय वायु में नाभिकीय अभिक्रियाओं के माध्यम से रासायनिक ऊर्जा उत्पादित होती है।,2026-09-14 16:14:04
SCI_HI_0809,Hindi,Science,"तत्व, यौगिक, मिश्रण एवं रासायनिक आबंधन",Hard,पानी का तत्व संरचना किस प्रकार के रूप में दर्शाता है?,ऑक्सीजन-हाइड्रोजन यौगिक,ऑक्सीजन-ऑक्सीजन यौगिक,हाइड्रोजन-हाइड्रोजन यौगिक,हाइड्रोजन-ऑक्सीजन यौगिक,D,हाइड्रोजन-ऑक्सीजन यौगिक,पानी का तत्व एक हाइड्रोजन-ऑक्सीजन यौगिक है जिसमें एक ऑक्सीजन एनालोग के साथ दो हाइड्रोजन अभिसरण विभाजित होते हैं।,पानी का तत्व एक जल यौगिक है जिसमें दो अहीर आयन और एक निहीन आयन होते हैं। इसमें दो हाइड्रोजन अभिसरण विभाजित होते हैं।,2026-09-14 16:14:04
SCI_HI_0810,Hindi,Science,"आवर्त सारणी, प्रमुख धातुएं एवं अधातुएं",Easy,आवर्त सारणी में नाभिकीय संख्या किसका बताती है?,नाभिकीय अभिक्रियाओं की संख्या,धातु की संरचना का संख्यात्मक मान,धातु के इलेक्ट्रॉन की संख्या,अभिक्रियाओं की कुल संख्या,C,धातु के इलेक्ट्रॉन की संख्या,नाभिकीय संख्या धातु के इलेक्ट्रॉन की संख्या का बराबर होता है।,नाभिकीय संख्या अर्थात् नाभिकीय अभिसरण की संख्या धातु के इलेक्ट्रॉन की संख्या के बराबर होती है।,2026-09-14 16:14:46
SCI_HI_0811,Hindi,Science,"आवर्त सारणी, प्रमुख धातुएं एवं अधातुएं",Easy,कौन सी धातु आवर्त सारणी में अपनी उपरोक्त अवस्था में अस्थिर है?,नाइट्रेमिड,स्लीजर,ब्रॉमिड,थलेर,A,नाइट्रेमिड,नाइट्रेमिड धातु अपनी उपरोक्त अवस्था में अस्थिर होती है।,नाइट्रेमिड धातु अपनी उपरोक्त अवस्था में अस्थिर होती है और इसे तत्व के निम्न अवस्था में परिवर्तित करना आवश्यक होता है।,2026-09-14 16:14:46
SCI_HI_0812,Hindi,Science,"आवर्त सारणी, प्रमुख धातुएं एवं अधातुएं",Easy,किस धातु का विशेष गैस रूप नाइट्रॉजन है?,स्लीजर,थलेर,फ्लोर,थलेरियम,B,थलेर,थलेर धातु नाइट्रॉजन के विशेष गैस रूप है।,थलेर धातु नाइट्रॉजन के विशेष गैस रूप है और इसका गैस रूप नाइट्रॉजन के जैसा होता है।,2026-09-14 16:14:46
SCI_HI_0813,Hindi,Science,"आवर्त सारणी, प्रमुख धातुएं एवं अधातुएं",Easy,संयोजन बंधों में से कौन सा दो इलेक्ट्रॉनों को शेयर करता है?,संवादी बंध,कोविन्डीक बंध,कार्यात्मक बंध,आर्यन बंध,B,कोविन्डीक बंध,कोविन्डीक बंध दो इलेक्ट्रॉनों को शेयर करता है।,कोविन्डीक बंध दो इलेक्ट्रॉनों को शेयर करता है जो कि दो अलग-अलग इलेक्ट्रॉन अवस्थाओं से लिए जाते हैं।,2026-09-14 16:14:46
SCI_HI_0814,Hindi,Science,"आवर्त सारणी, प्रमुख धातुएं एवं अधातुएं",Easy,आवर्त सारणी का नाम कैसे रखा गया है?,नाभिकीय संक्रमण के अनुसार,अंक और ग्राफिक विश्लेषण के अनुसार,आवर्ती प्रक्रियाओं के अनुसार,धातुओं की दर्पणी के अनुसार,C,आवर्ती प्रक्रियाओं के अनुसार,आवर्त सारणी का नाम आवर्ती प्रक्रियाओं के अनुसार रखा गया है।,आवर्त सारणी का नाम आवर्ती प्रक्रियाओं के अनुसार रखा गया है जिनके माध्यम से धातुओं की व्यवस्था की गई है।,2026-09-14 16:14:46
SCI_HI_0815,Hindi,Science,"आवर्त सारणी, प्रमुख धातुएं एवं अधातुएं",Easy,किस धातु की अवस्था आवर्त सारणी में रूपांतरण का दर्शन करती है?,थलेर,थलेरियम,फ्लोर,थलेरियम,B,थलेरियम,थलेरियम धातु आवर्त सारणी में रूपांतरण का दर्शन करती है।,थलेरियम धातु आवर्त सारणी में रूपांतरण का दर्शन करती है जिसमें उसकी अवस्था उच्च से निम्न तक रूपांतरित होती है।,2026-09-14 16:14:46
SCI_HI_0816,Hindi,Science,"आवर्त सारणी, प्रमुख धातुएं एवं अधातुएं",Easy,कौन सी धातु आवर्त सारणी में अस्थिर रहती है?,थलेरियम,थलेर,थलेरियम,थलेर,C,थलेरियम,थलेरियम धातु आवर्त सारणी में अस्थिर रहती है।,थलेरियम धातु आवर्त सारणी में अस्थिर रहती है जो उपरोक्त अवस्था में अस्थिरता से प्रभावित होती है।,2026-09-14 16:14:46
SCI_HI_0817,Hindi,Science,"आवर्त सारणी, प्रमुख धातुएं एवं अधातुएं",Easy,परमाणु अभिक्रिया द्वारा उत्पन्न रासायनिक ऊर्जा किस धातु से प्राप्त होती है?,थलेर,थलेरियम,थलेरियम,थलेर,B,थलेरियम,थलेरियम धातु परमाणु अभिक्रिया द्वारा उत्पन्न रासायनिक ऊर्जा से संबंधित है।,थलेरियम धातु परमाणु अभिक्रिया द्वारा उत्पन्न रासायनिक ऊर्जा का स्रोत है जिसे इस धातु से प्राप्त किया जा सकता है।,2026-09-14 16:14:46
SCI_HI_0818,Hindi,Science,"आवर्त सारणी, प्रमुख धातुएं एवं अधातुएं",Easy,नाभिकीय अभिक्रियाओं के द्वारा उत्पन्न रासायनिक ऊर्जा किस धातु से प्राप्त होती है?,थलेर,थलेरियम,थलेरियम,थलेर,B,थलेरियम,थलेरियम धातु नाभिकीय अभिक्रियाओं के द्वारा उत्पन्न रासायनिक ऊर्जा से संबंधित है।,थलेरियम धातु नाभिकीय अभिक्रियाओं के द्वारा उत्पन्न रासायनिक ऊर्जा का स्रोत है जिसे इस धातु से प्राप्त किया जा सकता है।,2026-09-14 16:14:46
SCI_HI_0819,Hindi,Science,"अम्ल, क्षार, लवण एवं दैनिक जीवन में रसायन",Medium,अम्ल के रसायनी विशेषताओं में कौन सी विशेषता शामिल नहीं है?,पानी के जलक्रियाओं में अभिक्रियापद बनता है,कार्बनिक अम्लों से अम्लीय रस प्राप्त होता है,किसी भी पदार्थ को धनोत्तर करता है,विशिष्ट अम्लीय जलक्रियाओं को उत्पन्न करता है,C,किसी भी पदार्थ को धनोत्तर करता है,अम्ल अपनी विशेषता से केवल धनोत्तर नहीं करता है।,अम्ल अपनी अम्लीय विशेषता से केवल किसी पदार्थ को धनोत्तर करने की शक्ति नहीं रखता।,2026-09-14 16:15:28
SCI_HI_0820,Hindi,Science,"अम्ल, क्षार, लवण एवं दैनिक जीवन में रसायन",Medium,कौन सा लवण आम तौर पर नुकसानी कार्य कराता है?,नारियल लवण,कार्बनिक लवण,सलीमिक लवण,दक्षिणी लवण,D,दक्षिणी लवण,दक्षिणी लवण नुकसानी कार्य कराता है क्योंकि यह एक अम्ल है।,दक्षिणी लवण एक अम्ल है जो रसायन विद्या में नुकसानी कार्य कराता है।,2026-09-14 16:15:28
SCI_HI_0821,Hindi,Science,"अम्ल, क्षार, लवण एवं दैनिक जीवन में रसायन",Medium,कौन सा रसायन अम्ल के अनुभाग से अम्लीय रस प्राप्त करता है?,पानी,हाइड्रोक्लोरिक अम्ल,वायु,पावरफुल रसायन,B,हाइड्रोक्लोरिक अम्ल,हाइड्रोक्लोरिक अम्ल एक अम्ल है जो अम्लीय रस प्राप्त करता है।,हाइड्रोक्लोरिक अम्ल एक अम्ल है जिससे अम्लीय रस प्राप्त किया जा सकता है।,2026-09-14 16:15:28
SCI_HI_0822,Hindi,Science,"अम्ल, क्षार, लवण एवं दैनिक जीवन में रसायन",Medium,कौन सा लवण एक अम्ल और एक क्षार से बना होता है?,नारियल लवण,सलीमिक लवण,कार्बनिक लवण,डीविएस लवण,B,सलीमिक लवण,सलीमिक लवण एक अम्ल और एक क्षार से बना होता है।,सलीमिक लवण एक अम्ल और एक क्षार से बना होता है जो एक नॉन-कार्बनिक लवण है।,2026-09-14 16:15:28
SCI_HI_0823,Hindi,Science,"अम्ल, क्षार, लवण एवं दैनिक जीवन में रसायन",Medium,कौन सा रसायन एक अम्ल का निर्माण करता है?,सल्फित जल,कार्बनिक जल,हाइड्रोजन जल,सल्फित अम्ल,D,सल्फित अम्ल,सल्फित अम्ल एक अम्ल का निर्माण करता है।,सल्फित अम्ल एक अम्ल है जो कार्बनिक अम्ल के अनुभाग से निर्मित होता है।,2026-09-14 16:15:28
SCI_HI_0824,Hindi,Science,"अम्ल, क्षार, लवण एवं दैनिक जीवन में रसायन",Medium,किस रसायन विशेषता के अनुभाग से अम्लीय रस प्राप्त किया जा सकता है?,कार्बनिक अम्लीय रस,कार्बनिक अनुभाग,एसिडिट अनुभाग,नारियल अम्लीय रस,A,कार्बनिक अम्लीय रस,कार्बनिक अम्लीय रस एक अम्लीय रस है जिससे अम्लीय रस प्राप्त किया जा सकता है।,कार्बनिक अम्लीय रस एक अम्लीय रस है जो अम्ल के अनुभाग से अम्लीय रस प्राप्त किया जा सकता है।,2026-09-14 16:15:28
SCI_HI_0825,Hindi,Science,"अम्ल, क्षार, लवण एवं दैनिक जीवन में रसायन",Medium,कौन सा रसायन एक अम्ल और एक क्षार से बना होता है?,नारियल लवण,सलीमिक लवण,कार्बनिक लवण,दक्षिणी लवण,B,सलीमिक लवण,सलीमिक लवण एक अम्ल और एक क्षार से बना होता है।,सलीमिक लवण एक अम्ल और एक क्षार से बना होता है जो एक नॉन-कार्बनिक लवण है।,2026-09-14 16:15:28
SCI_HI_0826,Hindi,Science,"अम्ल, क्षार, लवण एवं दैनिक जीवन में रसायन",Medium,किस लवण ने अम्लीय रस और क्षारीय रस दोनों निर्माण करने की क्षमता?,नारियल लवण,सलीमिक लवण,कार्बनिक लवण,दक्षिणी लवण,B,सलीमिक लवण,सलीमिक लवण अम्लीय रस और क्षारीय रस दोनों निर्माण करने में सक्षम होता है।,सलीमिक लवण एक अम्ल और एक क्षार से निर्मित होता है जो अम्लीय रस और क्षारीय रस दोनों निर्माण करता है।,2026-09-14 16:15:28
SCI_HI_0827,Hindi,Science,"अम्ल, क्षार, लवण एवं दैनिक जीवन में रसायन",Medium,किस रसायन ने अम्लीय रस और क्षारीय रस दोनों निर्माण करने की क्षमता?,नारियल लवण,सलीमिक लवण,कार्बनिक लवण,दक्षिणी लवण,B,सलीमिक लवण,सलीमिक लवण अम्लीय रस और क्षारीय रस दोनों निर्माण करने में सक्षम होता है।,सलीमिक लवण एक अम्ल और एक क्षार से निर्मित होता है जो अम्लीय रस और क्षारीय रस दोनों निर्माण करता है।,2026-09-14 16:15:28
SCI_HI_0828,Hindi,Science,"कार्बन एवं उसके यौगिक, हाइड्रोकार्बन",Hard,कार्बन डाइऑक्साइड के यौगिक रूपों में जो यौगिक का आकार 106 अणुभार का होता है वह कौन सा है?,कार्बनाइट डाइमाइक्सिड,कार्बनाइट डाइमाइक्सिड हाइड्राइड,कार्बन डाइऑक्साइड हाइड्राइड,कार्बनाइट डाइमाइक्सिड अस्फारिड,C,कार्बन डाइऑक्साइड हाइड्राइड,कार्बन डाइऑक्साइड हाइड्राइड यौगिक कार्बन डाइऑक्साइड और जल द्वारा बना होता है।,कार्बन डाइऑक्साइड हाइड्राइड यौगिक कार्बन डाइऑक्साइड और जल के अनुपात में बना होता है जिसका अणुभार 106 अणुभार का होता है।,2026-09-14 16:16:38
SCI_HI_0829,Hindi,Science,"कार्बन एवं उसके यौगिक, हाइड्रोकार्बन",Hard,कार्बन डाइऑक्साइड ने किस रक्त विलेमिने रिक्स जैक्सन ने विकसित किया था?,क्लोरोफिल रिक्स जैक्सन और क्लोरोप्लास्ट लेक्स लोरेंज,कार्बन डाइऑक्साइड रिक्स जैक्सन और लेक्स लोरेंज,हाइड्रोकार्बन रिक्स जैक्सन और क्लोरोप्लास्ट लेक्स लोरेंज,कार्बन डाइऑक्साइड रिक्स जैक्सन और लेक्स लोरेंज,D,कार्बन डाइऑक्साइड रिक्स जैक्सन और लेक्स लोरेंज,कार्बन डाइऑक्साइड रिक्स जैक्सन और लेक्स लोरेंज ने रिक्स जैक्सन ने कार्बन डाइऑक्साइड की विशेषताओं की जांच की थी।,रिक्स जैक्सन और लेक्स लोरेंज ने कार्बन डाइऑक्साइड की विशेषताओं की जांच की और इसके महत्वपूर्ण रूप से रसायन शास्त्र के लिए नए दृष्टिकोण लाये थे।,2026-09-14 16:16:38
SCI_HI_0830,Hindi,Science,"कार्बन एवं उसके यौगिक, हाइड्रोकार्बन",Hard,हाइड्रोकार्बन यौगिकों में अम्लीय जोड़ किस तरीके से निर्धारित किया जाता है?,अम्लीय जोड़ यौगिकों में तरल जल की उपस्थिति के अनुसार,अम्लीय जोड़ यौगिकों में अम्लीय अणुओं की संख्या के अनुसार,अम्लीय जोड़ यौगिकों में कार्बन की संख्या के अनुसार,अम्लीय जोड़ यौगिकों में अणुभार के अनुसार,B,अम्लीय जोड़ यौगिकों में अम्लीय अणुओं की संख्या के अनुसार,अम्लीय जोड़ यौगिकों में अम्लीय अणुओं की संख्या निर्धारित करती है कि यौगिक कितने अम्लीय हैं।,अम्लीय जोड़ यौगिकों में अम्लीय अणुओं की संख्या निर्धारित करती है कि यौगिक कितने अम्लीय हैं और यह निर्धारित करती है कि यौगिक कितने अम्लीय हैं।,2026-09-14 16:16:38
SCI_HI_0831,Hindi,Science,"कार्बन एवं उसके यौगिक, हाइड्रोकार्बन",Hard,हाइड्रोकार्बन यौगिकों में अम्लीय जोड़ क्या होता है?,कार्बन और जल की अनुपात,कार्बन और अम्लीय अणुओं की अनुपात,कार्बन और अम्लीय अणुओं की संख्या,कार्बन और जल की संख्या,B,कार्बन और अम्लीय अणुओं की अनुपात,अम्लीय जोड़ यौगिकों में कार्बन और अम्लीय अणुओं की अनुपात दर्शाता है।,अम्लीय जोड़ यौगिकों में कार्बन और अम्लीय अणुओं की अनुपात दर्शाता है कि यौगिक कितने अम्लीय हैं।,2026-09-14 16:16:38
SCI_HI_0832,Hindi,Science,"कार्बन एवं उसके यौगिक, हाइड्रोकार्बन",Hard,किस यौगिक को एक अम्लीय रस और एक अम्लीय रस द्वारा बनाया जा सकता है?,कार्बन डाइऑक्साइड,कार्बन डाइऑक्साइड हाइड्राइड,कार्बन डाइऑक्साइड डाइथिलेमिड,कार्बन डाइऑक्साइड डाइथिलेमिड अस्फारिड,D,कार्बन डाइऑक्साइड डाइथिलेमिड अस्फारिड,कार्बन डाइऑक्साइड डाइथिलेमिड अस्फारिड यौगिक दो अम्लीय रसों से बना होता है।,कार्बन डाइऑक्साइड डाइथिलेमिड अस्फारिड यौगिक दो अम्लीय रसों से बना होता है जिससे यह अम्लीय होता है।,2026-09-14 16:16:38
SCI_HI_0833,Hindi,Science,"कार्बन एवं उसके यौगिक, हाइड्रोकार्बन",Hard,कार्बन डाइऑक्साइड का रासायनिक रूप निर्धारित किसके अनुसार होता है?,कार्बन और जल,कार्बन और अम्लीय अणु,कार्बन और अम्ल,कार्बन और क्षारीय अणु,B,कार्बन और अम्लीय अणु,कार्बन डाइऑक्साइड का रासायनिक रूप निर्धारित करता है कि यह कितने अम्लीय हैं।,कार्बन डाइऑक्साइड का रासायनिक रूप निर्धारित करता है कि यह कितने अम्लीय हैं और यह निर्धारित करता है कि यह कितने अम्लीय हैं।,2026-09-14 16:16:38
SCI_HI_0834,Hindi,Science,"कार्बन एवं उसके यौगिक, हाइड्रोकार्बन",Hard,कार्बन डाइऑक्साइड ने किस रसायन के रूप में पहली बार वर्णित किया था?,कार्बन डाइऑक्साइड रिक्स जैक्सन,कार्बन डाइऑक्साइड लेक्स लोरेंज,कार्बन डाइऑक्साइड रिक्स जैक्सन और लेक्स लोरेंज,कार्बन डाइऑक्साइड डाइथिलेमिड अस्फारिड,C,कार्बन डाइऑक्साइड रिक्स जैक्सन और लेक्स लोरेंज,कार्बन डाइऑक्साइड रिक्स जैक्सन और लेक्स लोरेंज ने कार्बन डाइऑक्साइड के रूप में पहली बार वर्णित किया था।,कार्बन डाइऑक्साइड रिक्स जैक्सन और लेक्स लोरेंज ने कार्बन डाइऑक्साइड के रूप में पहली बार वर्णित किया था।,2026-09-14 16:16:38
SCI_HI_0835,Hindi,Science,"कार्बन एवं उसके यौगिक, हाइड्रोकार्बन",Hard,हाइड्रोकार्बन क्या है?,कार्बन और अम्लीय अणु,कार्बन और जल,कार्बन और अम्ल,कार्बन और क्षारीय अणु,C,कार्बन और अम्ल,हाइड्रोकार्बन कार्बन और अम्ल के रूप में वर्णित होता है।,हाइड्रोकार्बन कार्बन और अम्ल के रूप में वर्णित होता है जिससे यह अम्लीय होता है।,2026-09-14 16:16:38
SCI_HI_0836,Hindi,Science,"कार्बन एवं उसके यौगिक, हाइड्रोकार्बन",Hard,कार्बन डाइऑक्साइड यौगिक का अम्लीय जोड़ क्या होता है?,कार्बन और जल,कार्बन और अम्लीय अणु,कार्बन और अम्ल,कार्बन और क्षारीय अणु,B,कार्बन और अम्लीय अणु,कार्बन डाइऑक्साइड यौगिक का अम्लीय जोड़ निर्धारित करता है कि यह कितने अम्लीय हैं।,कार्बन डाइऑक्साइड यौगिक का अम्लीय जोड़ निर्धारित करता है कि यह कितने अम्लीय हैं और यह निर्धारित करता है कि यह कितने अम्लीय हैं।,2026-09-14 16:16:38
SCI_HI_0837,Hindi,Science,"कार्बन एवं उसके यौगिक, हाइड्रोकार्बन",Hard,कार्बन डाइऑक्साइड का अम्लीय जोड़ निर्धारित किसके अनुसार होता है?,कार्बन और जल,कार्बन और अम्लीय अणु,कार्बन और अम्ल,कार्बन और क्षारीय अणु,B,कार्बन और अम्लीय अणु,कार्बन डाइऑक्साइड का अम्लीय जोड़ निर्धारित करता है कि यह कितने अम्लीय हैं।,कार्बन डाइऑक्साइड का अम्लीय जोड़ निर्धारित करता है कि यह कितने अम्लीय हैं और यह निर्धारित करता है कि यह कितने अम्लीय हैं।,2026-09-14 16:16:38
SCI_HI_0838,Hindi,Science,"कोशिका संरचना, कोशिका विभाजन एवं आनुवंशिकी",Easy,कोशिका किसमें विभाजित होती है?,कोशिका खोल से,कोशिका विभाजन के दौरान,कोशिका नियंत्रक से,कोशिका कोशिकीय स्ट्रैंग से,B,कोशिका विभाजन के दौरान,कोशिका विभाजन के दौरान ही विभाजित होती है।,"कोशिका विभाजन के दौरान, नए दो कोशिकाओं का निर्माण होता है।",2026-09-14 16:17:18
SCI_HI_0839,Hindi,Science,"कोशिका संरचना, कोशिका विभाजन एवं आनुवंशिकी",Easy,कोशिका की विभाजन विक्रिया कहाँ होती है?,कोशिका खोल के बाहर,कोशिका विभाजन के दौरान,कोशिका नियंत्रक में,कोशिका कोशिकीय स्ट्रैंग में,D,कोशिका कोशिकीय स्ट्रैंग में,कोशिका कोशिकीय स्ट्रैंग में ही विभाजन विक्रिया होती है।,कोशिका कोशिकीय स्ट्रैंग में ही नए कोशिकाओं का निर्माण होता है।,2026-09-14 16:17:18
SCI_HI_0840,Hindi,Science,"कोशिका संरचना, कोशिका विभाजन एवं आनुवंशिकी",Easy,कोशिका विभाजन के किस अभाज्य अवस्था में नए कोशिकाओं का निर्माण होता है?,डी अवस्था,सी अवस्था,आर अवस्था,ई अवस्था,C,आर अवस्था,आर अवस्था में नए कोशिकाओं का निर्माण होता है।,आर अवस्था में नए कोशिकाओं का निर्माण होता है जिसमें DNA विक्रिया होती है।,2026-09-14 16:17:18
SCI_HI_0841,Hindi,Science,"कोशिका संरचना, कोशिका विभाजन एवं आनुवंशिकी",Easy,किस प्रकार की कोशिका विभाजन गुणवत्ता नहीं रखती?,एकोब्लैक्सीव विभाजन,टेलोरिक विभाजन,हिटोरिक विभाजन,हैप्तोनिक विभाजन,A,एकोब्लैक्सीव विभाजन,एकोब्लैक्सीव विभाजन गुणवत्ता नहीं रखता।,एकोब्लैक्सीव विभाजन में नए कोशिकाओं में DNA की कमी होती है।,2026-09-14 16:17:18
SCI_HI_0842,Hindi,Science,"कोशिका संरचना, कोशिका विभाजन एवं आनुवंशिकी",Easy,कोशिका की विभाजन किस प्रकार की विशेषता वाली कोशिकाओं में होती है?,होमोजिनोटिक कोशिकाओं,हिमेरोजिनोटिक कोशिकाओं,बीटेड कोशिकाओं,प्रोटोकोशिकाओं,B,हिमेरोजिनोटिक कोशिकाओं,हिमेरोजिनोटिक कोशिकाओं में कोशिका विभाजन होता है।,हिमेरोजिनोटिक कोशिकाओं में कोशिका विभाजन दैनिक वायरस के अनुसार होता है।,2026-09-14 16:17:18
SCI_HI_0843,Hindi,Science,"कोशिका संरचना, कोशिका विभाजन एवं आनुवंशिकी",Easy,कोशिका विभाजन किस प्रकार की कोशिकाओं में होता है?,हाइड्रोकार्बन यौगिकों में,हाइपरकोशिकाओं में,कोशिकाओं में,कोशिका खोल में,C,कोशिकाओं में,कोशिकाओं में कोशिका विभाजन होता है।,कोशिकाओं में कोशिका विभाजन द्वारा नए कोशिकाओं का निर्माण होता है।,2026-09-14 16:17:18
SCI_HI_0844,Hindi,Science,"कोशिका संरचना, कोशिका विभाजन एवं आनुवंशिकी",Easy,कोशिका की विभाजन विक्रिया किस प्रकार के रूप में दर्शाई जाती है?,कार्बन डाइऑक्साइड का रूप,हाइड्रोकार्बन का रूप,आनुवंशिकीय कोड का रूप,कोशिका कोशिकीय स्ट्रैंग का रूप,C,आनुवंशिकीय कोड का रूप,कोशिका की विभाजन विक्रिया आनुवंशिकीय कोड का रूप दर्शाती है।,कोशिका की विभाजन विक्रिया आनुवंशिकीय कोड के अनुसार होती है।,2026-09-14 16:17:18
SCI_HI_0845,Hindi,Science,"कोशिका संरचना, कोशिका विभाजन एवं आनुवंशिकी",Easy,किसके अनुसार कोशिका विभाजन करती है?,कोशिका खोल,कोशिका नियंत्रक,कोशिका कोशिकीय स्ट्रैंग,कोशिका विभाजन विक्रिया,B,कोशिका नियंत्रक,कोशिका नियंत्रक कोशिका विभाजन करता है।,कोशिका नियंत्रक नए कोशिकाओं की विभाजन को संचालित करता है।,2026-09-14 16:17:18
SCI_HI_0846,Hindi,Science,"कोशिका संरचना, कोशिका विभाजन एवं आनुवंशिकी",Easy,कोशिका की विभाजन विक्रिया किस अवस्था में होती है?,कोशिका खोल में,कोशिका नियंत्रक में,कोशिका कोशिकीय स्ट्रैंग में,कोशिका विभाजन के बाद,C,कोशिका कोशिकीय स्ट्रैंग में,कोशिका कोशिकीय स्ट्रैंग में विभाजन विक्रिया होती है।,कोशिका कोशिकीय स्ट्रैंग में नए कोशिकाओं की विभाजन विक्रिया होती है।,2026-09-14 16:17:18
SCI_HI_0847,Hindi,Science,"कोशिका संरचना, कोशिका विभाजन एवं आनुवंशिकी",Easy,कोशिका विभाजन किस अवस्था का निर्माण करती है?,कोशिका खोल,कोशिका नियंत्रक,नए कोशिकाओं की विभाजन,कोशिका कोशिकीय स्ट्रैंग,C,नए कोशिकाओं की विभाजन,कोशिका विभाजन नए कोशिकाओं की विभाजन का निर्माण करती है।,कोशिका विभाजन नए कोशिकाओं की विभाजन को नियंत्रित करती है।,2026-09-14 16:17:18
SCI_HI_0848,Hindi,Science,"मानव शरीर तंत्र (पाचन, श्वसन, रक्त परिसंचरण, तंत्रिका तंत्र)",Medium,पाचन तंत्र में कौन-सा अंग रक्त में नाशित पदार्थों को निकालता है?,कान्दा,पाचन तंत्र अंग,किसान जिला,कृत्रिम फाइल्टर,B,पाचन तंत्र अंग,पाचन तंत्र अंग रक्त से नाशित पदार्थ निकालकर स्थानीय रक्त विशालकाय कोशिकाओं में पुनर्प्रवाहित करता है।,पाचन तंत्र अंग रक्त में रैसी और नाशित पदार्थ निकालकर श्वसन तंत्र द्वारा अवशोषित तथ्यों के साथ संयोजित करता है।,2026-09-14 16:18:01
SCI_HI_0849,Hindi,Science,"मानव शरीर तंत्र (पाचन, श्वसन, रक्त परिसंचरण, तंत्रिका तंत्र)",Medium,श्वसन तंत्र का मुख्य कार्य क्या है?,रक्त को नाशित करना,रक्त को आणविक ऑक्सीजन से भरना,रक्त को जलवायु से भरना,रक्त को ताप करना,B,रक्त को आणविक ऑक्सीजन से भरना,श्वसन तंत्र रक्त में आणविक ऑक्सीजन से भरकर अन्य शरीर भागों में वितरित करता है।,श्वसन तंत्र रक्त में ऑक्सीजन डालकर अन्य शरीर भागों तक पहुंचाता है जो इसे जीवन के लिए आवश्यक कार्बन डाइऑक्साइड भी फेंकता है।,2026-09-14 16:18:01
SCI_HI_0850,Hindi,Science,"मानव शरीर तंत्र (पाचन, श्वसन, रक्त परिसंचरण, तंत्रिका तंत्र)",Medium,रक्त परिसंचरण तंत्र के लिए किसका उपयोग किया जाता है?,प्लास्टिक,रक्त,वायु,दालिया,B,रक्त,रक्त परिसंचरण तंत्र रक्त को शरीर के विभिन्न भागों में वितरित करता है।,रक्त परिसंचरण तंत्र रक्त का वितरण करता है जो शरीर की विभिन्न क्षेत्रों में खाद्य और ऑक्सीजन को पहुंचाता है।,2026-09-14 16:18:01
SCI_HI_0851,Hindi,Science,"मानव शरीर तंत्र (पाचन, श्वसन, रक्त परिसंचरण, तंत्रिका तंत्र)",Medium,तंत्रिका तंत्र किसका संचार करता है?,आइसोलेटर,आणविक ऑक्सीजन,दर्जन,हॉरंडर,B,आणविक ऑक्सीजन,तंत्रिका तंत्र आणविक ऑक्सीजन को शरीर के विभिन्न भागों में वितरित करता है।,तंत्रिका तंत्र आणविक ऑक्सीजन को रक्त में ले लेता है और फिर शरीर के विभिन्न भागों तक पहुंचाता है।,2026-09-14 16:18:01
SCI_HI_0852,Hindi,Science,"मानव शरीर तंत्र (पाचन, श्वसन, रक्त परिसंचरण, तंत्रिका तंत्र)",Medium,पाचन तंत्र में चर्म किस अवस्था में विकसित होता है?,किसान जिला,आपत्तिक अवस्था,सेमी,प्रकृति,B,आपत्तिक अवस्था,चर्म आपत्तिक अवस्था में पाचन तंत्र में विकसित होता है।,चर्म आपत्तिक अवस्था में पाचन तंत्र में विकसित होता है जब शरीर न्यूक्लियस की आवश्यकता को संतुलित करने की गुंजाइश मिलती है।,2026-09-14 16:18:01
SCI_HI_0853,Hindi,Science,"मानव शरीर तंत्र (पाचन, श्वसन, रक्त परिसंचरण, तंत्रिका तंत्र)",Medium,श्वसन तंत्र के जीवित अंग कौन-से हैं?,कान,नाक,हाथ,श्वास गुट,D,श्वास गुट,श्वास गुट श्वसन तंत्र के जीवित अंग में से एक है जो रक्त को ऑक्सीजन भरता है।,श्वास गुट श्वसन तंत्र में एक जीवित अंग है जो रक्त को ऑक्सीजन से भरकर शरीर भागों तक पहुंचाता है।,2026-09-14 16:18:01
SCI_HI_0854,Hindi,Science,"मानव शरीर तंत्र (पाचन, श्वसन, रक्त परिसंचरण, तंत्रिका तंत्र)",Medium,रक्त में किस पदार्थ को नाशित करने के लिए पाचन तंत्र का उपयोग किया जाता है?,स्टेट्स,कांसर्ट,कार्बन डाइऑक्साइड,क्लार्स,C,कार्बन डाइऑक्साइड,पाचन तंत्र रक्त में नाशित कार्बन डाइऑक्साइड को निकालता है।,पाचन तंत्र रक्त में नाशित कार्बन डाइऑक्साइड को निकालकर श्वसन तंत्र द्वारा वातावरण में फेंक दिया जाता है।,2026-09-14 16:18:01
SCI_HI_0855,Hindi,Science,"मानव शरीर तंत्र (पाचन, श्वसन, रक्त परिसंचरण, तंत्रिका तंत्र)",Medium,तंत्रिका तंत्र में गुड़ियाँ किसका निर्माण करती हैं?,रक्त,नाशित पदार्थ,जल,प्लास्टिक,A,रक्त,तंत्रिका तंत्र रक्त को नया निर्माण करता है।,तंत्रिका तंत्र रक्त को नया निर्माण करता है जिसमें नए रक्त कोशिकाएँ भी शामिल होती हैं।,2026-09-14 16:18:01
SCI_HI_0856,Hindi,Science,"मानव शरीर तंत्र (पाचन, श्वसन, रक्त परिसंचरण, तंत्रिका तंत्र)",Medium,श्वसन तंत्र में नासियों का मुख्य कार्य क्या है?,वातावरण को रक्त से भरना,रक्त को नाशित पदार्थों से निकालना,रक्त को ऑक्सीजन से भरना,रक्त को जल से भरना,C,रक्त को ऑक्सीजन से भरना,नासियों का मुख्य कार्य रक्त को ऑक्सीजन से भरना है।,नासियाँ रक्त में आणविक ऑक्सीजन को ले लेती हैं और फिर इसे शरीर के अन्य भागों तक पहुंचाती है।,2026-09-14 16:18:01
SCI_HI_0857,Hindi,Science,"मानव शरीर तंत्र (पाचन, श्वसन, रक्त परिसंचरण, तंत्रिका तंत्र)",Medium,रक्त परिसंचरण तंत्र में जेव्ह किसका वितरण करता है?,प्लास्टिक,रक्त,कान्दा,क्लार्स,B,रक्त,रक्त परिसंचरण तंत्र रक्त को शरीर के विभिन्न भागों में वितरित करता है।,रक्त परिसंचरण तंत्र रक्त को शरीर के विभिन्न भागों तक पहुंचाता है जहाँ यह अन्य कोशिकाओं और भागों से खाद्य और ऑक्सीजन को प्रदान करता है।,2026-09-14 16:18:01
SCI_HI_0858,Hindi,Science,"मानव स्वास्थ्य, पोषण, विटामिन एवं प्रमुख रोग",Hard,विटामिन D का कौन-सा वर्णन सही है?,विटामिन D प्रामाणिक निरामित रूप में ही पाजा जाता है।,विटामिन D शश्वत के दौरान कैल्शियम की स्थिरता बनाए रखने में मदद करता है।,विटामिन D प्रजातियों में निर्मित नहीं होता है।,विटामिन D एक रायस्टर नहीं है।,B,विटामिन D शश्वत के दौरान कैल्शियम की स्थिरता बनाए रखने में मदद करता है।,विटामिन D एक प्रमुख रायस्टर है जो शश्वत के दौरान कैल्शियम की स्थिरता बनाए रखने में मदद करता है।,विटामिन D एक अमीनोकार्बनिक अमास्टर है जो शश्वत में कैल्शियम की स्थिरता बनाए रखने में मदद करता है। यह नाड़ियों से उत्पन्न और आइक्सीडेशन के माध्यम से प्राप्त होता है।,2026-09-14 16:19:12
SCI_HI_0859,Hindi,Science,"मानव स्वास्थ्य, पोषण, विटामिन एवं प्रमुख रोग",Hard,हेमोग्लोबिन किसका एक मुख्य उपयोग है?,हेमोग्लोबिन जर्व को गैसों का डाइविंग करने में मदद करता है।,हेमोग्लोबिन अम्ल को द्रव्य में परिवर्तित करने में मदद करता है।,हेमोग्लोबिन रक्त में ऑक्सीजन को वहाँ से ले कर अन्य अंग तक वितरित करता है।,हेमोग्लोबिन लक्षणों को रक्त से बाहर निकालने में मदद करता है।,C,हेमोग्लोबिन रक्त में ऑक्सीजन को वहाँ से ले कर अन्य अंग तक वितरित करता है।,हेमोग्लोबिन एक रक्त को ऑक्सीजन से भरने और इसे अन्य अंग तक वितरित करने के लिए एक मुख्य यौगिक है।,हेमोग्लोबिन रक्त की एक महत्वपूर्ण अपूर्व तत्व है जो रक्त में ऑक्सीजन को ले लेता है और इसे शरीर के अन्य अंगों तक वितरित करता है। यह श्वसन तंत्र के मुख्य अंगों से नासियों द्वारा उत्पन्न होता है।,2026-09-14 16:19:12
SCI_HI_0860,Hindi,Science,"मानव स्वास्थ्य, पोषण, विटामिन एवं प्रमुख रोग",Hard,हाइड्रोक्सीबेट किसका कार्य करता है?,हाइड्रोक्सीबेट रक्त में ऑक्सीजन का निरामित होने से पहाड़ा रखता है।,हाइड्रोक्सीबेट रक्त में ऑक्सीजन का निरामित होने से साफ़ रखता है।,हाइड्रोक्सीबेट रक्त में ऑक्सीजन को निरामित नहीं करता है।,हाइड्रोक्सीबेट रक्त में ऑक्सीजन का स्थायी होने से पहाड़ा रखता है।,A,हाइड्रोक्सीबेट रक्त में ऑक्सीजन का निरामित होने से पहाड़ा रखता है।,हाइड्रोक्सीबेट रक्त में ऑक्सीजन का निरामित होने से पहाड़ा रखता है।,हाइड्रोक्सीबेट एक अम्ल है जो रक्त में ऑक्सीजन की निरामित संस्था को चुनौती देता है और इसका निरामित होने से पहाड़ा रखता है। यह रक्त में अम्ल और श्वसन तंत्र के माध्यम से उत्पन्न होता है।,2026-09-14 16:19:12
SCI_HI_0861,Hindi,Science,"मानव स्वास्थ्य, पोषण, विटामिन एवं प्रमुख रोग",Hard,नासियों का मुख्य कार्य क्या है?,नासियों का मुख्य कार्य रक्त को श्वसन तंत्र से निकालना है।,नासियों का मुख्य कार्य रक्त में ऑक्सीजन को लेना है।,नासियों का मुख्य कार्य रक्त में कैल्शियम को लेना है।,नासियों का मुख्य कार्य रक्त में कोयला को लेना है।,B,नासियों का मुख्य कार्य रक्त में ऑक्सीजन को लेना है।,नासियों का मुख्य कार्य रक्त में ऑक्सीजन को लेना है।,नासियों का मुख्य कार्य रक्त में ऑक्सीजन को लेना है और यह श्वसन तंत्र के अंगों द्वारा रक्त में ऑक्सीजन लेकर दूर से ले लेते हैं।,2026-09-14 16:19:12
SCI_HI_0862,Hindi,Science,"मानव स्वास्थ्य, पोषण, विटामिन एवं प्रमुख रोग",Hard,सोयाबीन में किस प्रकार की पोषण मालिका अधिक होती है?,सोयाबीन में फास्ट कार्बोहाइड्रेट की मालिका अधिक होती है।,सोयाबीन में विटामिन की मालिका अधिक होती है।,सोयाबीन में फैट की मालिका अधिक होती है।,सोयाबीन में अमीनो अम्षिक की मालिका अधिक होती है।,D,सोयाबीन में अमीनो अम्षिक की मालिका अधिक होती है।,"सोयाबीन में अमीनो अम्षिक की मालिका अधिक होती है जो पॉटेशियम, फाइबर और फास्ट कार्बोहाइड्रेट भी शामिल हैं।","सोयाबीन एक रोग रोककर्ण भोजन मालिका है जिसमें अमीनो अम्षिक की मालिका अधिक होती है जो शरीर की खोज को भर पाने में मदद करती है। यह नासियों, फाइबर और विटामिन भी शामिल है।",2026-09-14 16:19:12
SCI_HI_0863,Hindi,Science,"मानव स्वास्थ्य, पोषण, विटामिन एवं प्रमुख रोग",Hard,रक्त निरामित कैल्शियम को किस संक्रामक मेथोड से निरामित करता है?,रक्त निरामित कैल्शियम को परासल्फेनाट से निरामित करता है।,रक्त निरामित कैल्शियम को ऑक्सीजन से निरामित करता है।,रक्त निरामित कैल्शियम को अपोसिट लिद्स से निरामित करता है।,रक्त निरामित कैल्शियम को ग्लुकोस से निरामित करता है।,A,रक्त निरामित कैल्शियम को परासल्फेनाट से निरामित करता है।,रक्त निरामित कैल्शियम को परासल्फेनाट से निरामित करता है जो एक अम्ल है जिसका उपयोग रक्त में निरामित कैल्शियम की निश्चित निरामित संस्था में पहाड़ा रखने के लिए किया जाता है।,रक्त निरामित कैल्शियम को परासल्फेनाट से निरामित करता है जो एक अम्ल है जिसका उपयोग रक्त में निरामित कैल्शियम की निश्चित निरामित संस्था में पहाड़ा रखने के लिए किया जाता है।,2026-09-14 16:19:12
SCI_HI_0864,Hindi,Science,"मानव स्वास्थ्य, पोषण, विटामिन एवं प्रमुख रोग",Hard,वास्तविक रक्त जलता वास्तविकता क्या है?,वास्तविक रक्त जलता वास्तविकता रक्त में जलता वास्तविकता के कमाल है।,वास्तविक रक्त जलता वास्तविकता रक्त में जलता वास्तविकता का निरामित होने से पहाड़ा रखता है।,वास्तविक रक्त जलता वास्तविकता रक्त में जलता वास्तविकता को निरामित करता है।,वास्तविक रक्त जलता वास्तविकता रक्त में जलता वास्तविकता को चुनौती देता है।,B,वास्तविक रक्त जलता वास्तविकता रक्त में जलता वास्तविकता का निरामित होने से पहाड़ा रखता है।,वास्तविक रक्त जलता वास्तविकता रक्त में जलता वास्तविकता का निरामित होने से पहाड़ा रखता है।,वास्तविक रक्त जलता वास्तविकता रक्त में जलता वास्तविकता का निरामित होने से पहाड़ा रखता है जो एक अम्ल है जिसका उपयोग रक्त में जलता वास्तविकता की निश्चित निरामित संस्था में पहाड़ा रखने के लिए किया जाता है।,2026-09-14 16:19:12
SCI_HI_0865,Hindi,Science,"मानव स्वास्थ्य, पोषण, विटामिन एवं प्रमुख रोग",Hard,विटामिन के किस प्रकार की पोषण मालिका अधिक होती है?,विटामिन के फास्ट कार्बोहाइड्रेट की मालिका अधिक होती है।,विटामिन के विटामिन की मालिका अधिक होती है।,विटामिन के फैट की मालिका अधिक होती है।,विटामिन के अमीनो अम्षिक की मालिका अधिक होती है।,B,विटामिन के विटामिन की मालिका अधिक होती है।,विटामिन के विटामिन की मालिका अधिक होती है जो शरीर की खोज को भर पाने में मदद करती है।,विटामिन के विटामिन की मालिका अधिक होती है जो शरीर की खोज को भर पाने में मदद करती है। यह रक्त में विटामिन की निश्चित निरामित संस्था में पहाड़ा रखने के लिए उपयोग किया जाता है।,2026-09-14 16:19:12
SCI_HI_0866,Hindi,Science,"मानव स्वास्थ्य, पोषण, विटामिन एवं प्रमुख रोग",Hard,स्टिवी डुरान को जितना रोजगार मिला?,10 दिन,20 दिन,30 दिन,40 दिन,C,30 दिन,स्टिवी डुरान को 30 दिन रोजगार मिला।,स्टिवी डुरान को 30 दिन रोजगार मिला। यह एक मात्रा है जो उसकी खुशहालत और खुशहालत को दर्शाती है।,2026-09-14 16:19:12
SCI_HI_0867,Hindi,Science,"मानव स्वास्थ्य, पोषण, विटामिन एवं प्रमुख रोग",Hard,माइकल को जितना रोजगार मिला?,10 दिन,20 दिन,30 दिन,40 दिन,D,40 दिन,माइकल को 40 दिन रोजगार मिला।,माइकल को 40 दिन रोजगार मिला। यह एक मात्रा है जो उसकी खुशहालत और खुशहालत को दर्शाती है।,2026-09-14 16:19:12
SCI_HI_0868,Hindi,Science,"पादप कार्यिकी, प्रकाश संश्लेषण एवं पादप हार्मोन",Easy,प्रकाश संश्लेषण में कौन सा ऊर्जा वातावरण उत्पन्न होता है?,कार्बन डाइऑक्साइड,ऑक्सीजन,पादप,कार्बोहाइड्रेट,B,ऑक्सीजन,प्रकाश संश्लेषण की उत्पत्ति से ऑक्सीजन उत्पन्न होता है जो हमें वातावरण में मिलता है।,प्रकाश संश्लेषण के दौरान वनस्पतियों ने ऑक्सीजन उत्पन्न करना जो कि हमारे रहने के लिए आवश्यक है।,2026-09-14 16:19:55
SCI_HI_0869,Hindi,Science,"पादप कार्यिकी, प्रकाश संश्लेषण एवं पादप हार्मोन",Easy,पादप की कौन सी कार्यिकी प्रक्रिया प्राथमिक पादपों की निर्माण से संबंधित है?,प्रकाश संश्लेषण,पादप रक्त में पहुंचाव,पादप निर्माण,पादप फैलाव,C,पादप निर्माण,पादप निर्माण विकास की एक प्रक्रिया है जिसके माध्यम से पादप निर्मित होते हैं।,पादप निर्माण का मुख्य उद्देश्य पादपों की निर्माण जो वनस्पतियों के लिए आवश्यक हैं।,2026-09-14 16:19:55
SCI_HI_0870,Hindi,Science,"पादप कार्यिकी, प्रकाश संश्लेषण एवं पादप हार्मोन",Easy,कौन सा रासायनिक तत्व प्रकाश संश्लेषण में जितना जरूरी होता है?,कार्बन,ऑक्सीजन,कैल्शियम,कार्बन डाइऑक्साइड,D,कार्बन डाइऑक्साइड,कार्बन डाइऑक्साइड रक्त से कार्बन निकालकर प्रकाश संश्लेषण की अपेक्षा जरूरी है।,कार्बन डाइऑक्साइड वायु में मिलकर प्लास्टिक को कार्बन के रूप में परिवर्तित करके प्रकाश संश्लेषण का अवसर देता है।,2026-09-14 16:19:55
SCI_HI_0871,Hindi,Science,"पादप कार्यिकी, प्रकाश संश्लेषण एवं पादप हार्मोन",Easy,पादप की कौन सी कार्यिकी अस्थिर परिस्थितियों में उपचार के लिए महत्वपूर्ण होती है?,पादप निर्माण,पादप रक्त में पहुंचाव,पादप फैलाव,पादप शुद्धता,D,पादप शुद्धता,पादप शुद्धता पादपों को स्वस्थ रखने की अनुमति देती है।,पादप शुद्धता वनस्पतियों को अस्थिर परिस्थितियों में अपनी स्थिति बदलने की अनुमति देती है।,2026-09-14 16:19:55
SCI_HI_0872,Hindi,Science,"पादप कार्यिकी, प्रकाश संश्लेषण एवं पादप हार्मोन",Easy,किस पादप की कमी वाले पौधों में कालावरण होने की संभावना अधिक होती है?,जैविक संरक्षण,पादप रक्त में पहुंचाव,पादप फैलाव,पादप शुद्धता,A,जैविक संरक्षण,जैविक संरक्षण पौधों के रक्षण में पादपों की भूमिका नियंत्रित करता है।,जैविक संरक्षण की कमी का कारण वनस्पतियों का अधिक परिस्थितियों के लिए अधिक रक्षण की जरूरत होती है।,2026-09-14 16:19:55
SCI_HI_0873,Hindi,Science,"पादप कार्यिकी, प्रकाश संश्लेषण एवं पादप हार्मोन",Easy,पादप कौन सा प्रकाश संश्लेषण की शुरुआत में लगातार उत्पन्न होता है?,निशान,स्फोट,हाइड्रोजन पादप,कार्बन डाइऑक्साइड,B,स्फोट,स्फोट वनस्पतियों की प्रकाश संश्लेषण की शुरुआत में उत्पन्न होता है।,स्फोट वनस्पतियों में प्रकाश संश्लेषण की शुरुआत का एक महत्वपूर्ण भाग है जो उत्पन्न करता है।,2026-09-14 16:19:55
SCI_HI_0874,Hindi,Science,"पादप कार्यिकी, प्रकाश संश्लेषण एवं पादप हार्मोन",Easy,पादप रक्त में पहुंचाव के लिए किस पादप की अधिकता अधिक महत्वपूर्ण होती है?,निशान,स्फोट,हाइड्रोजन पादप,कार्बोहाइड्रेट,C,हाइड्रोजन पादप,हाइड्रोजन पादप रक्त में पहुंचाव के लिए जरूरी होता है।,हाइड्रोजन पादप रक्त में पहुंचाव की अवस्था को नियंत्रित करता है जो पादप रक्त में पहुंचाव की अधिकता के लिए जरूरी है।,2026-09-14 16:19:55
SCI_HI_0875,Hindi,Science,"पादप कार्यिकी, प्रकाश संश्लेषण एवं पादप हार्मोन",Easy,पादप फैलाव का मुख्य कारण क्या हो सकता है?,पादप रक्त में पहुंचाव,पादप शुद्धता,पादप निर्माण,पादप ग्रहण,B,पादप शुद्धता,पादप शुद्धता पादपों के फैलाव का मुख्य कारण होता है।,पादप शुद्धता वनस्पतियों में पादपों की व्यवहार की अनुपस्थिति का प्रतिक्रिया होती है जो फैलाव की अधिकता का दावा करती है।,2026-09-14 16:19:55
SCI_HI_0876,Hindi,Science,"पादप कार्यिकी, प्रकाश संश्लेषण एवं पादप हार्मोन",Easy,पादप शुद्धता किस पादप की शुद्ध रक्त में पहुंचाव की नियन्त्रण में महत्वपूर्ण भूमिका निभाती है?,जैविक संरक्षण,निशान,कार्बोहाइड्रेट,हाइड्रोजन पादप,D,हाइड्रोजन पादप,हाइड्रोजन पादप शुद्धता का एक महत्वपूर्ण भाग है।,हाइड्रोजन पादप शुद्धता का एक खास भाग है जो रक्त में पादप की शुद्ध रक्त में पहुंचाव को नियंत्रित करता है।,2026-09-14 16:19:55
SCI_HI_0877,Hindi,Science,"पादप कार्यिकी, प्रकाश संश्लेषण एवं पादप हार्मोन",Easy,पादप निर्माण में किस पादप की अधिकता अधिक महत्वपूर्ण होती है?,निशान,स्फोट,हाइड्रोजन पादप,कार्बोहाइड्रेट,C,हाइड्रोजन पादप,हाइड्रोजन पादप निर्माण की अधिकता का एक महत्वपूर्ण भाग है।,हाइड्रोजन पादप पादप निर्माण के लिए जरूरी है जो निर्माण की अधिकता को नियंत्रित करता है।,2026-09-14 16:19:55
SCI_HI_0878,Hindi,Science,"पारिस्थितिकी तंत्र, जैव विविधता एवं प्रदूषण",Medium,पारिस्थितिकी तंत्र में जैव विविधता को किस प्रकार सहायता करती है?,जैव विविधता वास्तुकला को विकसित करती है।,जैव विविधता जैविक संरक्षण को सुनिश्चित करती है।,जैव विविधता नौकरी को बढ़ावा देती है।,जैव विविधता जैव संचार को कम करती है।,B,जैव विविधता जैविक संरक्षण को सुनिश्चित करती है।,जैव विविधता जैविक संरक्षण की तुलना में बेहतर है क्योंकि विविध जैविक प्रजातियों की उपस्थिति संतुलित और स्थायी जैविक प्रणाली को सुनिश्चित करती है।,जैव विविधता जैविक प्रणालियों को सुरक्षित रखती है और उनकी उपस्थिति संतुलित और स्थायी प्रणालियों को बनाती है।,2026-09-14 16:21:05
SCI_HI_0879,Hindi,Science,"पारिस्थितिकी तंत्र, जैव विविधता एवं प्रदूषण",Medium,प्रदूषण का प्रभाव जैविक विविधता पर किस प्रकार का होता है?,प्रदूषण जैविक विविधता को बढ़ावा देता है।,प्रदूषण जैविक विविधता को कम करता है।,प्रदूषण जैविक विविधता पर कोई प्रभाव नहीं डालता है।,प्रदूषण जैविक विविधता को निरंतर बढ़ावा देता है।,B,प्रदूषण जैविक विविधता को कम करता है।,प्रदूषण जैविक विविधता को कम करता है क्योंकि इसके कारण कुछ जैविक प्रजातियाँ वास्तविक रूप से जीवन विहीन हो जाती हैं।,प्रदूषण जैविक प्रणालियों को नुकसान पहुंचाता है और इस चुंबकीय प्रभाव के कारण जैविक विविधता कम हो जाती है।,2026-09-14 16:21:05
SCI_HI_0880,Hindi,Science,"पारिस्थितिकी तंत्र, जैव विविधता एवं प्रदूषण",Medium,जैविक विविधता किस प्रकार से प्रदूषण से रक्षित रहती है?,जैविक विविधता प्रदूषण का कारण है।,जैविक विविधता प्रदूषण से रक्षित है।,जैविक विविधता प्रदूषण से निराशय है।,जैविक विविधता प्रदूषण को विकसित करती है।,B,जैविक विविधता प्रदूषण से रक्षित है।,जैविक विविधता प्रदूषण से रक्षित है क्योंकि विविध जैविक प्रजातियों का उपयोग नागरिक जीवन को सुरक्षित रखने में मदद करता है।,जैविक विविधता जैविक प्रणालियों को सुरक्षित रखती है और इस तरह प्रदूषण से रक्षित रहती है।,2026-09-14 16:21:05
SCI_HI_0881,Hindi,Science,"पारिस्थितिकी तंत्र, जैव विविधता एवं प्रदूषण",Medium,प्रदूषण जैविक विविधता की किस भाग पर नकारात्मक प्रभाव पड़ता है?,जैविक विविधता का तेज विकास पर,जैविक विविधता का गहरा विकास पर,जैविक विविधता का निरंतर विकास पर,जैविक विविधता का संरक्षण पर,D,जैविक विविधता का संरक्षण पर,प्रदूषण जैविक विविधता का संरक्षण पर नकारात्मक प्रभाव पड़ता है क्योंकि इसके कारण कुछ जैविक प्रजातियाँ वास्तविक रूप से जीवन विहीन हो जाती हैं।,प्रदूषण जैविक प्रणालियों के संरक्षण पर नकारात्मक प्रभाव पड़ता है जो जैविक विविधता को नुकसान पहुंचाता है।,2026-09-14 16:21:05
SCI_HI_0882,Hindi,Science,"पारिस्थितिकी तंत्र, जैव विविधता एवं प्रदूषण",Medium,पारिस्थितिकी तंत्र में जैविक विविधता किस प्रकार का संतुलन बनाती है?,जैविक विविधता असंतुलित रहती है।,जैविक विविधता संतुलित रहती है।,जैविक विविधता निरंतर बढ़ती है।,जैविक विविधता निरंतर कम होती है।,B,जैविक विविधता संतुलित रहती है।,जैविक विविधता संतुलित रहती है क्योंकि विविध जैविक प्रजातियों का उपयोग नागरिक जीवन को सुरक्षित रखने में मदद करता है।,जैविक विविधता पारिस्थितिकी तंत्र को संतुलित रखती है जिससे नागरिक जीवन अधिक सुरक्षित रहता है।,2026-09-14 16:21:05
SCI_HI_0883,Hindi,Science,"पारिस्थितिकी तंत्र, जैव विविधता एवं प्रदूषण",Medium,प्रदूषण किस प्रकार के प्रदूषण जैविक विविधता पर नकारात्मक प्रभाव पड़ता है?,केवल वायु प्रदूषण जैविक विविधता पर नकारात्मक प्रभाव पड़ता है।,केवल पानी प्रदूषण जैविक विविधता पर नकारात्मक प्रभाव पड़ता है।,सभी प्रकार के प्रदूषण जैविक विविधता पर नकारात्मक प्रभाव पड़ता है।,केवल चावल प्रदूषण जैविक विविधता पर नकारात्मक प्रभाव पड़ता है।,C,सभी प्रकार के प्रदूषण जैविक विविधता पर नकारात्मक प्रभाव पड़ता है।,सभी प्रकार के प्रदूषण जैविक विविधता पर नकारात्मक प्रभाव पड़ता है क्योंकि वे जैविक प्रजातियों को नुकसान पहुंचाते हैं।,सभी प्रकार के प्रदूषण जैविक प्रणालियों पर नकारात्मक प्रभाव पड़ते हैं जो जैविक विविधता को नुकसान पहुंचाते हैं।,2026-09-14 16:21:05
SCI_HI_0884,Hindi,Science,"पारिस्थितिकी तंत्र, जैव विविधता एवं प्रदूषण",Medium,पारिस्थितिकी तंत्र में जैविक विविधता किस प्रकार के प्रदूषण से रक्षित रहती है?,केवल वायु प्रदूषण से,केवल पानी प्रदूषण से,सभी प्रकार के प्रदूषण से,केवल चावल प्रदूषण से,C,सभी प्रकार के प्रदूषण से,सभी प्रकार के प्रदूषण जैविक विविधता पर नकारात्मक प्रभाव पड़ता है जो उसे रक्षित रखने में मदद करता है।,सभी प्रकार के प्रदूषण जैविक प्रणालियों पर नकारात्मक प्रभाव पड़ते हैं जो जैविक विविधता को नुकसान पहुंचाते हैं।,2026-09-14 16:21:05
SCI_HI_0885,Hindi,Science,"अंतरिक्ष विज्ञान, सौरमंडल एवं उपग्रह मिशन (इसरो)",Hard,इसरो द्वारा जारी रहने वाली उपग्रह मिशन में कौन सी इकाई उपग्रह से जुड़ी है जो राष्ट्रीय सरकार द्वारा निर्धारित स्थानों में आकाश अवलोकन करती है?,प्रक्षेपण,आकाश विज्ञान एवं उपग्रह मिशन,आकाशगंतुक अवकाश खोज,परास्थितिकी नेटवर्क,B,आकाश विज्ञान एवं उपग्रह मिशन,यह उत्तर सही है क्योंकि इसरो द्वारा आकाश विज्ञान एवं उपग्रह मिशन जैसी उपग्रह यात्रा किये जाने वाली इकाइयों का प्रयोग करके आकाश अवलोकन करता है जो राष्ट्रीय सरकार द्वारा निर्धारित स्थानों में अपने काम करती हैं।,आकाश विज्ञान एवं उपग्रह मिशन इसरो की मुख्य उपग्रह मिशनों में से एक है जो राष्ट्रीय सरकार द्वारा निर्धारित स्थानों में आकाश अवलोकन करने का उद्देश्य रखता है।,2026-09-14 16:22:19
SCI_HI_0886,Hindi,Science,"अंतरिक्ष विज्ञान, सौरमंडल एवं उपग्रह मिशन (इसरो)",Hard,इसरो के उपग्रह निर्मिति के संबंध में कौन सा कथन सही है?,इसरो ने केवल इस्राइल से उपग्रह निर्मिति की मदद की है।,इसरो ने उपग्रह निर्मिति की एक नई विशेषता वाली तकनीक भारत में विकसित की है।,इसरो के उपग्रह निर्मिति के लिए केवल आम तौर पर तकनीकी विनिर्माण सेवाएँ लिए गई हैं।,इसरो ने आंतरिक तकनीकी विनिर्माण की सेवाओं का उपयोग नहीं किया है।,B,इसरो ने उपग्रह निर्मिति की एक नई विशेषता वाली तकनीक भारत में विकसित की है।,यह उत्तर सही है क्योंकि इसरो ने अपनी उपग्रह निर्मिति के लिए एक नई तकनीक विकसित की है जो विशेष विशेषताओं और भारतीय स्थिति के अनुसार निर्मित की गई है।,इसरो के उपग्रह निर्मिति के लिए नई तकनीक विकास की कोशिश की गई है जो भारतीय उपग्रहों के निर्माण को और भी उपयोगी बनाने में मदद करती है।,2026-09-14 16:22:19
SCI_HI_0887,Hindi,Science,"अंतरिक्ष विज्ञान, सौरमंडल एवं उपग्रह मिशन (इसरो)",Hard,हैटी एक उपग्रह किस प्रकार का है जो इसरो द्वारा आयोजित एक उपग्रह मिशन का अंश है?,तांत्रिक उपग्रह,वैज्ञानिक उपग्रह,वाणिज्यिक उपग्रह,सूर्य क्षेत्रीय उपग्रह,B,वैज्ञानिक उपग्रह,यह उत्तर सही है क्योंकि हैटी एक वैज्ञानिक उपग्रह है जो इसरो द्वारा आयोजित अग्निका उपग्रह मिशन का अंश है।,हैटी एक वैज्ञानिक उपग्रह है जिसका उपयोग अनुक्रमणिका और भौतिकीय अध्ययन में किया जाता है। इसे इसरो द्वारा आयोजित अग्निका उपग्रह मिशन का अंश बनाया गया है।,2026-09-14 16:22:19
SCI_HI_0888,Hindi,Science,"अंतरिक्ष विज्ञान, सौरमंडल एवं उपग्रह मिशन (इसरो)",Hard,न्यू जर्सी स्टाट यूनाइटेड स्टेट्स में स्थित एक उपग्रह दिखाता है जो इसरो द्वारा आयोजित एक उपग्रह मिशन का अंश है। उस उपग्रह का नाम क्या है?,तांत्रिक उपग्रह,वैज्ञानिक उपग्रह,ग्लोबल नेटवर्क इन्टरनेट,अग्निका उपग्रह,D,अग्निका उपग्रह,यह उत्तर सही है क्योंकि अग्निका उपग्रह एक ऐसा उपग्रह है जो इसरो द्वारा आयोजित उपग्रह मिशन का अंश है और यह न्यू जर्सी स्टाट में दिखाता है।,अग्निका उपग्रह एक वैज्ञानिक उपग्रह है जो भारतीय उपग्रह मिशन का अंश है और इस उपग्रह की इमारत न्यू जर्सी स्टाट में स्थित है।,2026-09-14 16:22:19
SCI_HI_0889,Hindi,Science,"अंतरिक्ष विज्ञान, सौरमंडल एवं उपग्रह मिशन (इसरो)",Hard,इसरो की किस उपग्रह मिशन ने सौरमंडल की अवधारणा की रचना की?,नागरिक उपग्रह यात्रा,चांद उपग्रह यात्रा,अग्निका उपग्रह मिशन,भारत उपग्रह यात्रा,C,अग्निका उपग्रह मिशन,यह उत्तर सही है क्योंकि अग्निका उपग्रह मिशन ने सौरमंडल की अवधारणा की रचना की और इसरो द्वारा सौर अवलोकन करने के लिए उपग्रह निर्मित किए गए हैं।,अग्निका उपग्रह मिशन इसरो की एक महत्वपूर्ण उपग्रह मिशन है जो सौर अवलोकन करने के लिए उपग्रह निर्मित करती है। यह मिशन सौर अवधारणा की रचना के लिए अत्यधिक महत्वपूर्ण है।,2026-09-14 16:22:19
SCI_HI_0890,Hindi,Science,"अंतरिक्ष विज्ञान, सौरमंडल एवं उपग्रह मिशन (इसरो)",Hard,सौरमंडल की अवधारणा किस प्रकार के उपग्रह मिशन के लिए अत्यधिक महत्वपूर्ण है?,भारत उपग्रह यात्रा,चांद उपग्रह यात्रा,अग्निका उपग्रह मिशन,नागरिक उपग्रह यात्रा,C,अग्निका उपग्रह मिशन,यह उत्तर सही है क्योंकि अग्निका उपग्रह मिशन ने सौरमंडल की अवधारणा की रचना की और इसमें उपग्रह निर्मित किए जाने वाले उपग्रह सौर अवलोकन करने के लिए उपयोग किए जाते हैं।,अग्निका उपग्रह मिशन इसरो की एक महत्वपूर्ण उपग्रह मिशन है जो सौर अवलोकन करने के लिए उपग्रह निर्मित करती है। यह मिशन सौरमंडल की अवधारणा का निर्माण करता है और इसमें उपग्रह निर्मित किए जाने वाले उपग्रह सौर अवलोकन करने के लिए उपयोग किए जाते हैं।,2026-09-14 16:22:19
SCI_HI_0891,Hindi,Science,"अंतरिक्ष विज्ञान, सौरमंडल एवं उपग्रह मिशन (इसरो)",Hard,किस उपग्रह मिशन के लिए अग्निका उपग्रह मिशन की अपेक्षा अधिक महत्वपूर्ण है?,चांद उपग्रह यात्रा,भारत उपग्रह यात्रा,नागरिक उपग्रह यात्रा,सौर उपग्रह यात्रा,D,सौर उपग्रह यात्रा,यह उत्तर सही है क्योंकि अग्निका उपग्रह मिशन ने सौरमंडल की अवधारणा की रचना की और इसमें उपग्रह निर्मित किए जाने वाले उपग्रह सौर अवलोकन करने के लिए उपयोग किए जाते हैं। इस प्रकार सौर उपग्रह यात्रा किसी भी उपग्रह मिशन की अपेक्षा अधिक महत्वपूर्ण है।,अग्निका उपग्रह मिशन इसरो की एक महत्वपूर्ण उपग्रह मिशन है जो सौर अवलोकन करने के लिए उपग्रह निर्मित करती है। यह मिशन सौरमंडल की अवधारणा का निर्माण करता है और इसमें उपग्रह निर्मित किए जाने वाले उपग्रह सौर अवलोकन करने के लिए उपयोग किए जाते हैं। इस प्रकार सौर उपग्रह यात्रा किसी भी उपग्रह मिशन की अपेक्षा अधिक महत्वपूर्ण है।,2026-09-14 16:22:19
SCI_HI_0892,Hindi,Science,"अंतरिक्ष विज्ञान, सौरमंडल एवं उपग्रह मिशन (इसरो)",Hard,चांद उपग्रह यात्रा किस प्रकार की उपग्रह मिशन है जो इसरो द्वारा आयोजित नहीं हुई है?,तांत्रिक उपग्रह मिशन,चांद उपग्रह यात्रा,अग्निका उपग्रह मिशन,नागरिक उपग्रह यात्रा,B,चांद उपग्रह यात्रा,यह उत्तर सही है क्योंकि चांद उपग्रह यात्रा इसरो द्वारा आयोजित नहीं हुई है और यह एक विशेष उपग्रह मिशन है जो चांद पर उपग्रह यात्रा करने के लिए आयोजित की जाती है।,चांद उपग्रह यात्रा इसरो द्वारा आयोजित नहीं हुई है और यह एक विशेष उपग्रह मिशन है जो चांद पर उपग्रह यात्रा करने के लिए आयोजित की जाती है। इस प्रकार इस मिशन नहीं है जो इसरो द्वारा आयोजित हुई है।,2026-09-14 16:22:19
SCI_HI_0893,Hindi,Science,"अंतरिक्ष विज्ञान, सौरमंडल एवं उपग्रह मिशन (इसरो)",Hard,किस उपग्रह मिशन की उपयोगिता वैज्ञानिक विज्ञान के लिए अधिक है?,चांद उपग्रह यात्रा,नागरिक उपग्रह यात्रा,अग्निका उपग्रह मिशन,तांत्रिक उपग्रह मिशन,C,अग्निका उपग्रह मिशन,यह उत्तर सही है क्योंकि अग्निका उपग्रह मिशन एक वैज्ञानिक उपग्रह मिशन है जिसकी उपयोगिता वैज्ञानिक विज्ञान के लिए अधिक है।,अग्निका उपग्रह मिशन एक वैज्ञानिक उपग्रह मिशन है जिसकी उपयोगिता वैज्ञानिक विज्ञान के लिए अधिक है। यह मिशन वैज्ञानिक अध्ययनों के लिए उपग्रह निर्मित करती है और इसमें वैज्ञानिक रिसर्च की उपयोगिता अधिक है।,2026-09-14 16:22:19
SCI_HI_0894,Hindi,Science,"अंतरिक्ष विज्ञान, सौरमंडल एवं उपग्रह मिशन (इसरो)",Hard,किस उपग्रह मिशन की उपयोगिता विज्ञान के लिए अधिक है?,चांद उपग्रह यात्रा,नागरिक उपग्रह यात्रा,अग्निका उपग्रह मिशन,तांत्रिक उपग्रह मिशन,C,अग्निका उपग्रह मिशन,यह उत्तर सही है क्योंकि अग्निका उपग्रह मिशन एक वैज्ञानिक उपग्रह मिशन है जिसकी उपयोगिता वैज्ञानिक विज्ञान के लिए अधिक है।,अग्निका उपग्रह मिशन एक वैज्ञानिक उपग्रह मिशन है जिसकी उपयोगिता वैज्ञानिक विज्ञान के लिए अधिक है। यह मिशन वैज्ञानिक अध्ययनों के लिए उपग्रह निर्मित करती है और इसमें वैज्ञानिक रिसर्च की उपयोगिता अधिक है।,2026-09-14 16:22:19
SCI_HI_0895,Hindi,Science,"यांत्रिकी, बल, कार्य, ऊर्जा एवं गति के नियम",Easy,किस तरह का कार्य ऊर्जा को रूपांतरित करता है?,विद्युत,गति,प्रकाश,ध्वनि,B,गति,गति का कार्य ऊर्जा को रूपांतरित करता है जैसे ट्रांसफोर्मर द्वारा विद्युत ऊर्जा को गति में रूपांतरित किया जाता है।,गति का कार्य ऊर्जा को रूपांतरित करने का उदाहरण देता है।,2026-09-14 16:22:57
SCI_HI_0896,Hindi,Science,"यांत्रिकी, बल, कार्य, ऊर्जा एवं गति के नियम",Easy,किस सूत्र का उपयोग करके विद्युत ऊर्जा की मात्रा ज्ञात की जा सकती है?,कार्ल फोर्स न्यूनतम नियम,कार्ल फोर्स न्यूनतम नियम,पावर = वोल्टेज × इलेक्ट्रिकल फ्लो,कार्नो नियम,C,पावर = वोल्टेज × इलेक्ट्रिकल फ्लो,इस सूत्र का उपयोग करके विद्युत ऊर्जा की मात्रा ज्ञात की जा सकती है।,पावर = वोल्टेज × इलेक्ट्रिकल फ्लो का सूत्र विद्युत ऊर्जा की मात्रा का निर्धारण करता है।,2026-09-14 16:22:57
SCI_HI_0897,Hindi,Science,"यांत्रिकी, बल, कार्य, ऊर्जा एवं गति के नियम",Easy,किस नियम के अनुसार कार्य के लिए ऊर्जा अनिवार्य है?,न्यूटन का द्वितीय नियम,पास्कल का नियम,कार्ल फोर्स न्यूनतम नियम,कार्ल फोर्स न्यूनतम नियम,C,कार्ल फोर्स न्यूनतम नियम,कार्ल फोर्स न्यूनतम नियम कार्य के लिए ऊर्जा अनिवार्य होती है।,कार्ल फोर्स न्यूनतम नियम द्वारा कार्य की क्षमता और ऊर्जा के बीच संबंध स्पष्ट किया जाता है।,2026-09-14 16:22:57
SCI_HI_0898,Hindi,Science,"यांत्रिकी, बल, कार्य, ऊर्जा एवं गति के नियम",Easy,किसका नाम बल की एक रूपांतरण की तुलना करने वाला है?,कार्ल फोर्स,पास्कल,हेजलहाउस,न्यूटन,A,कार्ल फोर्स,कार्ल फोर्स का नाम बल की एक रूपांतरण की तुलना करने वाला है।,कार्ल फोर्स एक मात्रक है जो बल की रूपांतरण की तुलना में इसकी तुलना करता है।,2026-09-14 16:22:57
SCI_HI_0899,Hindi,Science,"यांत्रिकी, बल, कार्य, ऊर्जा एवं गति के नियम",Easy,किसका नाम ऊर्जा के एक मात्रक है?,कार्ल फोर्स,पास्कल,हेजलहाउस,जॉर्ज वाटसन,D,जॉर्ज वाटसन,जॉर्ज वाटसन का नाम ऊर्जा के एक मात्रक है।,जॉर्ज वाटसन का नाम ऊर्जा की मात्रा जैसे जॉर्ज वाटसन जॉर्ज वाटसन उत्सर्जन जैसे मात्रक का नाम है।,2026-09-14 16:22:57
SCI_HI_0900,Hindi,Science,"यांत्रिकी, बल, कार्य, ऊर्जा एवं गति के नियम",Easy,किसका नाम गति का एक मात्रक है?,कार्ल फोर्स,पास्कल,हेजलहाउस,जॉर्ज वाटसन,C,हेजलहाउस,हेजलहाउस का नाम गति का एक मात्रक है।,हेजलहाउस गति का मात्रक जैसे मीटर प्रति सेकंड है।,2026-09-14 16:22:57
SCI_HI_0901,Hindi,Science,"यांत्रिकी, बल, कार्य, ऊर्जा एवं गति के नियम",Easy,किसका नाम बल की एक इकाई है?,कार्ल फोर्स,पास्कल,हेजलहाउस,जॉर्ज वाटसन,B,पास्कल,पास्कल का नाम बल की एक इकाई है।,पास्कल बल की मात्रा का नाम है।,2026-09-14 16:22:57
SCI_HI_0902,Hindi,Science,"यांत्रिकी, बल, कार्य, ऊर्जा एवं गति के नियम",Easy,किस द्वारा एक वस्तु की ऊर्जा ज्ञात की जा सकती है?,कार्ल फोर्स न्यूनतम नियम,कार्ल फोर्स न्यूनतम नियम,पावर = वोल्टेज × इलेक्ट्रिकल फ्लो,कार्ल फोर्स न्यूनतम नियम,C,पावर = वोल्टेज × इलेक्ट्रिकल फ्लो,इस सूत्र का उपयोग करके वस्तु की ऊर्जा ज्ञात की जा सकती है।,पावर = वोल्टेज × इलेक्ट्रिकल फ्लो का सूत्र ऊर्जा की मात्रा का निर्धारण करता है।,2026-09-14 16:22:57
SCI_HI_0903,Hindi,Science,"ऊष्मा, तापमान एवं ऊष्मागतिकी के सिद्धांत",Medium,ऊष्मा के वितरण का कारण क्या हो सकता है?,कोई वस्तु गर्म होना,बाहरी ऊर्जा का प्रवेश,तापमान की असमानता,दहन,C,तापमान की असमानता,तापमान की असमानता ऊष्मा का वितरण करती है।,तापमान की असमानता द्वारा ऊष्मा की शक्ति का वितरण होता है। यह वितरण ऊष्मा को इसकी ऊष्मा की दिशा में चलाता है।,2026-09-14 16:23:37
SCI_HI_0904,Hindi,Science,"ऊष्मा, तापमान एवं ऊष्मागतिकी के सिद्धांत",Medium,ऊष्मागती में ऊष्मा कैसे वितरित होती है?,केवल गति द्वारा,केवल विद्युत धारा द्वारा,केवल दिशा द्वारा,"गति, विद्युत धारा तथा दिशा से सभी तरीकों से",D,"गति, विद्युत धारा तथा दिशा से सभी तरीकों से","ऊष्मा को गति, विद्युत धारा तथा दिशा द्वारा वितरित किया जाता है।","ऊष्मा का वितरण गति, विद्युत धारा तथा दिशा से सभी तरीकों से होता है। यह वितरण ऊष्मा की ऊष्मा की दिशा में होता है।",2026-09-14 16:23:37
SCI_HI_0905,Hindi,Science,"ऊष्मा, तापमान एवं ऊष्मागतिकी के सिद्धांत",Medium,ऊष्मा का वितरण किसके बारे में बताता है?,ऊष्मा की रियल्टी,ऊष्मा की बारीकी,ऊष्मा का दिशा,ऊष्मा की गति,D,ऊष्मा की गति,ऊष्मा का वितरण ऊष्मा की गति के बारे में बताता है।,ऊष्मा की गति उस दिशा में होती है जहाँ ऊष्मा वितरित होती है। यह गति ऊष्मा की ऊष्मा की दिशा के अनुसार होती है।,2026-09-14 16:23:37
SCI_HI_0906,Hindi,Science,"ऊष्मा, तापमान एवं ऊष्मागतिकी के सिद्धांत",Medium,ऊष्मा का वितरण किस द्वारा होता है?,गति द्वारा,विद्युत धारा द्वारा,दिशा द्वारा,"गति, विद्युत धारा तथा दिशा द्वारा सभी तरीकों से",D,"गति, विद्युत धारा तथा दिशा द्वारा सभी तरीकों से","ऊष्मा का वितरण गति, विद्युत धारा तथा दिशा द्वारा सभी तरीकों से होता है।","ऊष्मा का वितरण गति, विद्युत धारा तथा दिशा द्वारा सभी तरीकों से होता है। यह वितरण ऊष्मा की ऊष्मा की दिशा में होता है।",2026-09-14 16:23:37
SCI_HI_0907,Hindi,Science,"ऊष्मा, तापमान एवं ऊष्मागतिकी के सिद्धांत",Medium,ऊष्मा का वितरण किस प्रकार का होता है?,त्वरित,विनियमित,अनियमित,स्थैतिक,B,विनियमित,ऊष्मा का वितरण विनियमित होता है।,"ऊष्मा का वितरण विनियमित रूप से होता है, जिसका अर्थ है विशिष्ट दिशा में वितरित होता है।",2026-09-14 16:23:37
SCI_HI_0908,Hindi,Science,"ऊष्मा, तापमान एवं ऊष्मागतिकी के सिद्धांत",Medium,ऊष्मा की गति किस द्वारा होती है?,गर्मी द्वारा,तापमान द्वारा,दिशा द्वारा,ऊष्मा द्वारा,B,तापमान द्वारा,ऊष्मा की गति तापमान द्वारा होती है।,"ऊष्मा की गति तापमान द्वारा होती है, जो ऊष्मा की ऊष्मा की दिशा में चलाता है।",2026-09-14 16:23:37
SCI_HI_0909,Hindi,Science,"ऊष्मा, तापमान एवं ऊष्मागतिकी के सिद्धांत",Medium,ऊष्मा की गति किस प्रकार की होती है?,स्थैतिक,विनियमित,अनियमित,त्वरित,B,विनियमित,ऊष्मा की गति विनियमित होती है।,"ऊष्मा की गति विनियमित रूप से होती है, जिसका अर्थ है विशिष्ट दिशा में वितरित होती है।",2026-09-14 16:23:37
SCI_HI_0910,Hindi,Science,"प्रकाशिकी, परावर्तन, अपवर्तन एवं प्रकाश के गुण",Medium,परावर्तन के किस प्रकार का एक उदाहरण है जिसमें प्रकाश की तरंगदैर्ध्य बढ़ती है?,रेडियोपरावर्तन,वाइपरावर्तन,ब्लूपरावर्तन,हाइड्रोजन परावर्तन,D,हाइड्रोजन परावर्तन,हाइड्रोजन परावर्तन में प्रकाश की तरंगदैर्ध्य कम होती है और इसका अर्थ है कि प्रकाश की तरंगदैर्ध्य बढ़ती है।,हाइड्रोजन परावर्तन में हाइड्रोजन अणु ने उच्च इंडक्शन इनर्जी का प्राप्त करने के बाद निम्न इंडक्शन इनर्जी को देता है जिससे प्रकाश की तरंगदैर्ध्य बढ़ जाती है।,2026-09-14 16:24:34
SCI_HI_0911,Hindi,Science,"प्रकाशिकी, परावर्तन, अपवर्तन एवं प्रकाश के गुण",Medium,निम्न में से कौन सा गुणांक अपवर्तन के द्वारा प्रकाश की तुलना करता है जबकि अपवर्तन का गुणांक अपवर्तन के द्वारा प्रकाश की निष्कर्षण की दर का मापन करता है?,अपवर्तन का गुणांक,आइंस्टाइन का गुणांक,अपवर्तन का गुणांक और प्रतिलाप का गुणांक,प्रतिलाप का गुणांक,A,अपवर्तन का गुणांक,अपवर्तन का गुणांक प्रकाश की अपवर्तन की दर को मापता है।,अपवर्तन का गुणांक ज्ञात करने के लिए प्रकाश की तुलना की जाती है जबकि अपवर्तन का गुणांक निष्कर्षण की दर को मापता है।,2026-09-14 16:24:34
SCI_HI_0912,Hindi,Science,"प्रकाशिकी, परावर्तन, अपवर्तन एवं प्रकाश के गुण",Medium,किस गुणांक का उपयोग गैर-परावर्तक सैद्धांतिक वस्तुओं के अपवर्तन की माप करने के लिए किया जाता है?,परावर्तन का गुणांक,अपवर्तन का गुणांक,निरापवर्तन का गुणांक,प्रतिलाप का गुणांक,C,निरापवर्तन का गुणांक,निरापवर्तन का गुणांक गैर-परावर्तक वस्तुओं के अपवर्तन की माप करने के लिए उपयोग किया जाता है।,निरापवर्तन का गुणांक वस्तु की पृष्ठभूमि पर रहे प्रकाश की गुणवत्ता और पारित प्रकाश की गुणवत्ता के अनुपात को दर्शाता है।,2026-09-14 16:24:34
SCI_HI_0913,Hindi,Science,"प्रकाशिकी, परावर्तन, अपवर्तन एवं प्रकाश के गुण",Medium,प्रकाश के परावर्तन और अपवर्तन में अंतर बताइए?,परावर्तन इसमें प्रकाश की गुणवत्ता बदल जाती है जबकि अपवर्तन में गुणवत्ता नहीं बदलती,अपवर्तन इसमें प्रकाश की गुणवत्ता बदल जाती है जबकि परावर्तन में गुणवत्ता नहीं बदलती,परावर्तन इसमें प्रकाश की गुणवत्ता और तरंगदैर्ध्य दोनों बदलती है जबकि अपवर्तन में गुणवत्ता बदल नहीं जाती,अपवर्तन इसमें प्रकाश की गुणवत्ता और तरंगदैर्ध्य दोनों बदलती है जबकि परावर्तन में गुणवत्ता बदल नहीं जाती,C,परावर्तन इसमें प्रकाश की गुणवत्ता और तरंगदैर्ध्य दोनों बदलती है जबकि अपवर्तन में गुणवत्ता बदल नहीं जाती,परावर्तन इसमें प्रकाश की गुणवत्ता और तरंगदैर्ध्य दोनों बदलती है जबकि अपवर्तन में प्रकाश की गुणवत्ता बदल नहीं जाती।,परावर्तन में प्रकाश की तरंगदैर्ध्य और गुणवत्ता बदल जाती है जबकि अपवर्तन में प्रकाश की गुणवत्ता नहीं बदलती लेकिन तरंगदैर्ध्य बदलती है।,2026-09-14 16:24:34
SCI_HI_0914,Hindi,Science,"प्रकाशिकी, परावर्तन, अपवर्तन एवं प्रकाश के गुण",Medium,प्रकाश की निष्कर्षण दर को निर्धारित करने के लिए किस गुणांक का उपयोग किया जाता है?,परावर्तन का गुणांक,अपवर्तन का गुणांक,निष्कर्षण का गुणांक,प्रतिलाप का गुणांक,C,निष्कर्षण का गुणांक,निष्कर्षण का गुणांक प्रकाश की निष्कर्षण दर को मापता है।,निष्कर्षण का गुणांक वस्तु के पारित प्रकाश की गुणवत्ता और प्राविष्कर्त प्रकाश की गुणवत्ता के अनुपात को दर्शाता है जो प्रकाश की निष्कर्षण दर को निर्धारित करता है।,2026-09-14 16:24:34
SCI_HI_0915,Hindi,Science,"प्रकाशिकी, परावर्तन, अपवर्तन एवं प्रकाश के गुण",Medium,प्रकाश की अपवर्तन का अध्ययन किस प्रकार की वस्तुओं के लिए आवश्यक है?,परावर्तक वस्तुएँ,कार्यक्षम परावर्तक वस्तुएँ,अपवर्तक वस्तुएँ,कार्यक्षम अपवर्तक वस्तुएँ,C,अपवर्तक वस्तुएँ,अपवर्तन का अध्ययन अपवर्तक वस्तुओं के लिए आवश्यक है।,अपवर्तक वस्तुओं के अपवर्तन के गुणांक ज्ञात करने के लिए अपवर्तन का अध्ययन आवश्यक है।,2026-09-14 16:24:34
SCI_HI_0916,Hindi,Science,"प्रकाशिकी, परावर्तन, अपवर्तन एवं प्रकाश के गुण",Medium,प्रकाश के गुणांक बीच के किस प्रकार का अनुपात अपवर्तन का गुणांक को दर्शाता है?,परावर्तन गुणांक का अनुपात,अपवर्तन गुणांक का अनुपात,प्रतिलाप गुणांक का अनुपात,निष्कर्षण गुणांक का अनुपात,B,अपवर्तन गुणांक का अनुपात,अपवर्तन गुणांक का अनुपात प्रकाश के गुणांक बीच को दर्शाता है।,अपवर्तन गुणांक का अनुपात प्रकाश के गुणांक बीच को दर्शाता है जो अपवर्तन के गुणांक को निर्धारित करता है।,2026-09-14 16:24:34
SCI_HI_0917,Hindi,Science,"प्रकाशिकी, परावर्तन, अपवर्तन एवं प्रकाश के गुण",Medium,प्रकाश एक अपवर्तक वस्तु से जोड़े जाते हुए किस दिशा में निकलता है जिससे अपवर्तन दर सबसे अधिक होती है?,सीधे वस्तु की दिशा में,वस्तु से लम्बे कोण की दिशा में,वस्तु से समकोण की दिशा में,वस्तु से न्यून कोण की दिशा में,C,वस्तु से समकोण की दिशा में,वस्तु से समकोण की दिशा में अपवर्तन दर सबसे अधिक होती है।,वस्तु से समकोण की दिशा में अपवर्तन दर सबसे अधिक होती है क्योंकि यही कोण अपवर्तन का अधिकतम गुणांक दर्शाता है।,2026-09-14 16:24:34
SCI_HI_0918,Hindi,Science,"प्रकाशिकी, परावर्तन, अपवर्तन एवं प्रकाश के गुण",Medium,परावर्तन इसमें प्रकाश की किस गुणवत्ता बदल जाती है?,गुणवत्ता नहीं बदलती,गुणवत्ता बदलती है,तरंगदैर्ध्य और गुणवत्ता दोनों बदलती हैं,तरंगदैर्ध्य बदलती है लेकिन गुणवत्ता नहीं बदलती,A,गुणवत्ता नहीं बदलती,परावर्तन इसमें प्रकाश की गुणवत्ता नहीं बदल जाती।,परावर्तन इसमें प्रकाश की गुणवत्ता नहीं बदल जाती लेकिन तरंगदैर्ध्य बदलती है।,2026-09-14 16:24:34
SCI_HI_0919,Hindi,Science,"प्रकाशिकी, परावर्तन, अपवर्तन एवं प्रकाश के गुण",Medium,प्रकाश के अपवर्तन दर को निर्धारित करने के लिए किस गुणांक का उपयोग किया जाता है?,परावर्तन गुणांक,अपवर्तन गुणांक,निष्कर्षण गुणांक,प्रतिलाप गुणांक,B,अपवर्तन गुणांक,अपवर्तन गुणांक प्रकाश के अपवर्तन दर को निर्धारित करता है।,अपवर्तन गुणांक वस्तु के प्रकाश के अपवर्तन दर को निर्धारित करता है जो प्रकाश के अपवर्तन दर को निर्धारित करता है।,2026-09-14 16:24:34
SCI_HI_0920,Hindi,Science,"ध्वनि, तरंगें एवं कंपन",Medium,ध्वनि के लिए निम्नलिखित में से कौन-सा परिभाषा सही है?,ध्वनि एक विद्युत तरंग है।,ध्वनि वायु में गतिशील कणों के फेज एवं विस्थापन के विषय में एक रूपक है।,ध्वनि एक विद्युत और चालक तरंग है।,ध्वनि एक शोध तरंग है।,B,ध्वनि वायु में गतिशील कणों के फेज एवं विस्थापन के विषय में एक रूपक है।,ध्वनि की परिभाषा वायु की मांगने तरंगों की विभाजितता के रूप में दी जाती है।,ध्वनि वायु में गतिशील कणों के फेज एवं विस्थापन के रूप में रचा जाता है और यह एक रूपक है जो इसकी बारिश की तरह विभाजितता दर्शाता है।,2026-09-14 16:25:22
SCI_HI_0921,Hindi,Science,"ध्वनि, तरंगें एवं कंपन",Medium,किसी ध्वनि तरंग का लंबाई निर्धारित करने का सूत्र क्या है?,वेल्ड = दूरी / समय,वेल्ड = आवर्त / आवर्त संख्या,वेल्ड = आवर्त संख्या / आवर्त,वेल्ड = आवर्त संख्या × समय,B,वेल्ड = आवर्त / आवर्त संख्या,वेल्ड ध्वनि तरंग की लंबाई को निर्धारित करने का सूत्र है।,ध्वनि तरंग की लंबाई आवर्त और आवर्त संख्या के अनुपात में निर्धारित होती है।,2026-09-14 16:25:22
SCI_HI_0922,Hindi,Science,"ध्वनि, तरंगें एवं कंपन",Medium,किसी ध्वनि तरंग का आवर्त निर्धारित करने का सूत्र क्या है?,आवर्त = दूरी / समय,आवर्त = समय / दूरी,आवर्त = दूरी × समय,आवर्त = दूरी ÷ समय,D,आवर्त = दूरी ÷ समय,आवर्त ध्वनि तरंग के आवर्तन की दर को निर्धारित करने का सूत्र है।,आवर्त ध्वनि तरंग के एक समय अंतराल में दूरी दर्शाता है जिसे दूरी को समय से विभाजित करके ज्ञात किया जा सकता है।,2026-09-14 16:25:22
SCI_HI_0923,Hindi,Science,"ध्वनि, तरंगें एवं कंपन",Medium,किसी ध्वनि तरंग का आवर्त संख्या निर्धारित करने का सूत्र क्या है?,आवर्त संख्या = दूरी / समय,आवर्त संख्या = समय / दूरी,आवर्त संख्या = दूरी × समय,आवर्त संख्या = समय ÷ दूरी,A,आवर्त संख्या = दूरी / समय,आवर्त संख्या ध्वनि तरंग के आवर्तन की दर को निर्धारित करने का सूत्र है।,आवर्त संख्या ध्वनि तरंग के एक समय अंतराल में दूरी दर्शाता है जिसे दूरी को समय से विभाजित करके ज्ञात किया जा सकता है।,2026-09-14 16:25:22
SCI_HI_0924,Hindi,Science,"ध्वनि, तरंगें एवं कंपन",Medium,किसी ध्वनि तरंग की लंबाई और आवर्त के बीच का संबंध क्या है?,लंबाई = आवर्त / 2,लंबाई = आवर्त × 2,लंबाई = आवर्त,लंबाई = 1 / आवर्त,B,लंबाई = आवर्त × 2,ध्वनि तरंग की लंबाई और आवर्त के बीच संबंध सीधा है।,ध्वनि तरंग की लंबाई और आवर्त के बीच संबंध सीधा है जहाँ लंबाई आवर्त की दोगुनी होती है।,2026-09-14 16:25:22
SCI_HI_0925,Hindi,Science,"ध्वनि, तरंगें एवं कंपन",Medium,किसी ध्वनि तरंग का आयाम निर्धारित करने का सूत्र क्या है?,आयाम = दूरी / समय,आयाम = दूरी ÷ 2,आयाम = दूरी × 2,आयाम = दूरी,B,आयाम = दूरी ÷ 2,आयाम ध्वनि तरंग की लंबाई का आधा हिस्सा है।,ध्वनि तरंग का आयाम लंबाई का आधा हिस्सा होता है जो दूरी को 2 से विभाजित करके ज्ञात किया जा सकता है।,2026-09-14 16:25:22
SCI_HI_0926,Hindi,Science,"ध्वनि, तरंगें एवं कंपन",Medium,किसी ध्वनि तरंग का आयाम और आवर्त के बीच का संबंध क्या है?,आयाम = आवर्त / 2,आयाम = आवर्त × 2,आयाम = 1 / आवर्त,आयाम = 2 / आवर्त,A,आयाम = आवर्त / 2,ध्वनि तरंग का आयाम और आवर्त के बीच संबंध व्यापक रूप से दर्शाता है।,ध्वनि तरंग का आयाम और आवर्त के बीच संबंध व्यापक रूप से दर्शाता है जहाँ आयाम आवर्त का आधा हिस्सा होता है।,2026-09-14 16:25:22
SCI_HI_0927,Hindi,Science,"ध्वनि, तरंगें एवं कंपन",Medium,किसी ध्वनि तरंग की लंबाई क्या है जब आवर्त 500 से/सेमी और आवर्त संख्या 2 है?,250 सेमी,100 सेमी,50 सेमी,1000 सेमी,B,100 सेमी,लंबाई आवर्त और आवर्त संख्या के बीच संबंध दर्शाता है।,ध्वनि तरंग की लंबाई आवर्त की आधी होती है जो 100 सेमी है जब आवर्त 500 से/सेमी और आवर्त संख्या 2 है।,2026-09-14 16:25:22
SCI_HI_0928,Hindi,Science,"विद्युत धारा, विभव, प्रतिरोध एवं चुंबकत्व",Medium,विद्युत धारा के क्षेत्र में चुंबकीय क्षेत्र की तीव्रता विद्युत धारा के व्युत्क्रम के आकार में होती है या नहीं?,होती है,हो नहीं सकती,चुंबकीय क्षेत्र की तीव्रता विद्युत धारा से सम्बंधित नहीं होती है,"कुछ स्थितियों में होती है, कुछ स्थितियों में नहीं होती",A,होती है,विद्युत धारा के क्षेत्र में चुंबकीय क्षेत्र की तीव्रता विद्युत धारा के व्युत्क्रम के आकार में होती है क्योंकि विद्युत धारा चुंबकीय क्षेत्र का स्रोत होता है।,विद्युत धारा के क्षेत्र में चुंबकीय क्षेत्र की तीव्रता विद्युत धारा के व्युत्क्रम के आकार में होती है क्योंकि यह उन्हीं भौतिक आवश्यकताओं का परिणाम होता है जिनके कारण विद्युत धारा चुंबकीय क्षेत्र का उत्पादन करती है।,2026-09-14 16:26:38
SCI_HI_0929,Hindi,Science,"विद्युत धारा, विभव, प्रतिरोध एवं चुंबकत्व",Medium,विद्युत विभव का क्षेत्र में चुंबकीय क्षेत्र का दिशा-तथा-दिशा विशेष क्या होता है?,क्षेत्र की दिशा के व्युत्क्रम दिशा में चलता है,क्षेत्र की दिशा के अनुदिश चलता है,क्षेत्र की दिशा के विपरीत दिशा में चलता है,क्षेत्र की दिशा से अलग दिशा में चलता है,A,क्षेत्र की दिशा के व्युत्क्रम दिशा में चलता है,विद्युत विभव का क्षेत्र में चुंबकीय क्षेत्र का दिशा-तथा-दिशा विशेष विद्युत विभव की दिशा के व्युत्क्रम दिशा में होता है क्योंकि विद्युत विभव और चुंबकीय क्षेत्र एक दूसरे के व्युत्क्रम दिशा में कार्य करते हैं।,विद्युत विभव का क्षेत्र में चुंबकीय क्षेत्र का दिशा-तथा-दिशा विशेष विद्युत विभव की दिशा के व्युत्क्रम दिशा में होता है क्योंकि यह भौतिक युक्ति का परिणाम है जिसके कारण विद्युत विभव और चुंबकीय क्षेत्र एक दूसरे के व्युत्क्रम दिशा में कार्य करते हैं।,2026-09-14 16:26:38
SCI_HI_0930,Hindi,Science,"विद्युत धारा, विभव, प्रतिरोध एवं चुंबकत्व",Medium,विद्युत धारा के क्षेत्र में विद्युत विभव का क्षेत्र क्या होता है?,क्षेत्र की दिशा के अनुदिश चलता है,क्षेत्र की दिशा के व्युत्क्रम दिशा में चलता है,क्षेत्र की दिशा के अनुदिश चलता है या नहीं,क्षेत्र की दिशा के अनुदिश या व्युत्क्रम दिशा में चलता है,B,क्षेत्र की दिशा के व्युत्क्रम दिशा में चलता है,विद्युत धारा के क्षेत्र में विद्युत विभव का क्षेत्र विद्युत धारा की दिशा के व्युत्क्रम दिशा में चलता है क्योंकि विद्युत धारा और विद्युत विभव एक दूसरे के व्युत्क्रम दिशा में कार्य करते हैं।,विद्युत धारा के क्षेत्र में विद्युत विभव का क्षेत्र विद्युत धारा की दिशा के व्युत्क्रम दिशा में चलता है क्योंकि यह भौतिक युक्ति का परिणाम है जिसके कारण विद्युत धारा और विद्युत विभव एक दूसरे के व्युत्क्रम दिशा में कार्य करते हैं।,2026-09-14 16:26:38
SCI_HI_0931,Hindi,Science,"विद्युत धारा, विभव, प्रतिरोध एवं चुंबकत्व",Medium,चुंबकत्व क्षेत्र का चुंबकीय बल विद्युत धारा के व्युत्क्रम के आकार के बाद किस पर निर्भर करता है?,विद्युत विभव के क्षेत्र,चुंबकीय क्षेत्र की तीव्रता,विद्युत प्रतिरोध,विद्युत धारा का क्षेत्र,B,चुंबकीय क्षेत्र की तीव्रता,चुंबकत्व क्षेत्र का चुंबकीय बल चुंबकीय क्षेत्र की तीव्रता के आकार के बाद निर्भर करता है क्योंकि चुंबकत्व क्षेत्र चुंबकीय क्षेत्र की तीव्रता का परिणाम होता है।,चुंबकत्व क्षेत्र का चुंबकीय बल चुंबकीय क्षेत्र की तीव्रता के आकार के बाद निर्भर करता है क्योंकि यह भौतिक युक्ति का परिणाम है जिसके कारण चुंबकत्व क्षेत्र चुंबकीय क्षेत्र की तीव्रता का उत्पादन करता है।,2026-09-14 16:26:38
SCI_HI_0932,Hindi,Science,"विद्युत धारा, विभव, प्रतिरोध एवं चुंबकत्व",Medium,विद्युत विभव का क्षेत्र में विद्युत धारा का क्षेत्र क्या होता है?,विद्युत धारा का क्षेत्र विद्युत विभव के क्षेत्र में नहीं अस्तित्व में रहता है,विद्युत धारा का क्षेत्र विद्युत विभव के क्षेत्र की दिशा के अनुदिश चलता है,विद्युत धारा का क्षेत्र विद्युत विभव के क्षेत्र की दिशा के व्युत्क्रम दिशा में चलता है,विद्युत धारा का क्षेत्र विद्युत विभव के क्षेत्र में अस्तित्व में रहता है और उनकी दिशाएँ एक दूसरे के व्युत्क्रम दिशा में होती हैं,D,विद्युत धारा का क्षेत्र विद्युत विभव के क्षेत्र में अस्तित्व में रहता है और उनकी दिशाएँ एक दूसरे के व्युत्क्रम दिशा में होती हैं,विद्युत धारा का क्षेत्र विद्युत विभव के क्षेत्र में अस्तित्व में रहता है और उनकी दिशाएँ एक दूसरे के व्युत्क्रम दिशा में होती हैं क्योंकि विद्युत धारा और विद्युत विभव एक दूसरे के व्युत्क्रम दिशा में कार्य करते हैं।,विद्युत धारा का क्षेत्र विद्युत विभव के क्षेत्र में अस्तित्व में रहता है और उनकी दिशाएँ एक दूसरे के व्युत्क्रम दिशा में होती हैं क्योंकि यह भौतिक युक्ति का परिणाम है जिसके कारण विद्युत धारा और विद्युत विभव एक दूसरे के व्युत्क्रम दिशा में कार्य करते हैं।,2026-09-14 16:26:38
SCI_HI_0933,Hindi,Science,"विद्युत धारा, विभव, प्रतिरोध एवं चुंबकत्व",Medium,विद्युत धारा के क्षेत्र में विद्युत प्रतिरोध क्या होता है?,विद्युत प्रतिरोध विद्युत धारा के क्षेत्र में नहीं अस्तित्व में रहता है,विद्युत प्रतिरोध विद्युत धारा के क्षेत्र की दिशा के अनुदिश चलता है,विद्युत प्रतिरोध विद्युत धारा के क्षेत्र की दिशा के व्युत्क्रम दिशा में चलता है,विद्युत प्रतिरोध विद्युत धारा के क्षेत्र में अस्तित्व में रहता है और उनकी दिशाएँ एक दूसरे के व्युत्क्रम दिशा में होती हैं,A,विद्युत प्रतिरोध विद्युत धारा के क्षेत्र में नहीं अस्तित्व में रहता है,विद्युत प्रतिरोध विद्युत धारा के क्षेत्र में नहीं अस्तित्व में रहता है क्योंकि विद्युत प्रतिरोध विद्युत धारा के क्षेत्र में अस्तित्व में रहता है नहीं।,विद्युत प्रतिरोध विद्युत धारा के क्षेत्र में नहीं अस्तित्व में रहता है क्योंकि विद्युत प्रतिरोध विद्युत धारा के क्षेत्र में अस्तित्व में रहता है नहीं।,2026-09-14 16:26:38
SCI_HI_0934,Hindi,Science,"विद्युत धारा, विभव, प्रतिरोध एवं चुंबकत्व",Medium,चुंबकत्व क्षेत्र का चुंबकीय बल विद्युत धारा के क्षेत्र की दिशा के बाद किस पर निर्भर करता है?,विद्युत विभव के क्षेत्र,चुंबकीय क्षेत्र की तीव्रता,विद्युत धारा के क्षेत्र,विद्युत धारा के क्षेत्र की दिशा,D,विद्युत धारा के क्षेत्र की दिशा,चुंबकत्व क्षेत्र का चुंबकीय बल विद्युत धारा के क्षेत्र की दिशा के बाद विद्युत धारा के क्षेत्र की दिशा पर निर्भर करता है।,"चुंबकत्व क्षेत्र का चुंबकीय बल विद्युत धारा के क्षेत्र की दिशा पर निर्भर करता है। चुंबकीय बल का समीकरण निम्न प्रकार है: F = qv × B। यहाँ, F चुंबकीय बल है, q चुम्बकीय आव्यूह तथा v विद्युत धारा का क्षेत्र की दिशा है। इसलिए, चुंबकीय बल विद्युत धारा के क्षेत्र की दिशा पर निर्भर करता है।",2026-09-14 16:26:38
SCI_HI_0935,Hindi,Science,"आधुनिक भौतिकी, परमाणु संरचना एवं नाभिकीय ऊर्जा",Hard,नाभिकीय ऊर्जा के लिए रियलाइज्ड टोकन किसका विभवानुक्रम को उपयोग करता है?,विद्युत विभव,चुंबकत्व विभव,क्षेत्र विभव,क्षेत्र विभव व चुंबकत्व विभव,D,क्षेत्र विभव व चुंबकत्व विभव,नाभिकीय ऊर्जा की रियलाइज्ड टोकन में आवश्यक ऊर्जा विभव को चुंबकत्व विभव और क्षेत्र विभव के विभवानुक्रम से निकाला जाता है।,क्षेत्र विभव और चुंबकत्व विभव की गुणवत्ता नाभिकीय ऊर्जा के लिए अत्यन्त महत्वपूर्ण हैं क्योंकि ये ऊर्जा को रियलाइज करने में मदद करते हैं।,2026-09-14 16:27:48
SCI_HI_0936,Hindi,Science,"आधुनिक भौतिकी, परमाणु संरचना एवं नाभिकीय ऊर्जा",Hard,क्या बारी-बारी से फ्लॉटन नाभिक की चुम्बकीय संरचना का प्रतिनिधित्व करता है?,हाँ,नहीं,केवल अक्सर,केवल कुछ मामलों में,B,नहीं,बारी-बारी से फ्लॉटन नाभिक की चुम्बकीय संरचना नहीं प्रतिनिधित्व करता है क्योंकि यह केवल तरल नाभिक की चुम्बकीय संरचना को व्यक्त करता है।,"बारी-बारी से फ्लॉटन नाभिक तरल नाभिक की चुम्बकीय संरचना को दर्शाता है, जो अस्थिर नाभिक का विवरण नहीं है।",2026-09-14 16:27:48
SCI_HI_0937,Hindi,Science,"आधुनिक भौतिकी, परमाणु संरचना एवं नाभिकीय ऊर्जा",Hard,नाभिकीय ऊर्जा उत्पादन में योग्य चालक आयन किसका विभवानुक्रम का उपयोग करता है?,क्षेत्र विभव,चुंबकत्व विभव,क्षेत्र व चुंबकत्व विभव,रेडियो विभव,C,क्षेत्र व चुंबकत्व विभव,योग्य चालक आयन के लिए नाभिकीय ऊर्जा उत्पादन चुंबकत्व विभव और क्षेत्र विभव के विभवानुक्रम का उपयोग करता है।,चुंबकत्व विभव और क्षेत्र विभव योग्य चालक आयन को उत्पादन करने के लिए महत्वपूर्ण ऊर्जा की स्रोत होते हैं।,2026-09-14 16:27:48
SCI_HI_0938,Hindi,Science,"आधुनिक भौतिकी, परमाणु संरचना एवं नाभिकीय ऊर्जा",Hard,नाभिकीय ऊर्जा की रियलाइज्ड टोकन में उत्पादन किस चुम्बकीय गुण में लगता है?,चुंबकीय बल,चुम्बकीय आवेश,चुम्बकीय विभव,चुम्बकीय ऊर्जा,D,चुम्बकीय ऊर्जा,नाभिकीय ऊर्जा की रियलाइज्ड टोकन चुम्बकीय विभव में लगता है जो ऊर्जा की रियलाइज्ड रूप में दर्शाता है।,चुम्बकीय ऊर्जा नाभिकीय ऊर्जा की रियलाइज्ड टोकन में प्रतिनिधित्व करता है जो नाभिकीय ऊर्जा के विभिन्न रूपों को दर्शाता है।,2026-09-14 16:27:48
SCI_HI_0939,Hindi,Science,"आधुनिक भौतिकी, परमाणु संरचना एवं नाभिकीय ऊर्जा",Hard,क्या नाभिकीय ऊर्जा उत्पादन में विद्युत धारा का क्षेत्र उत्पादित करता है?,हाँ,नहीं,केवल विशेष मामलों में,केवल कुछ नाभिकीय ऊर्जा उत्पादन प्रक्रियाओं में,B,नहीं,नाभिकीय ऊर्जा उत्पादन में विद्युत धारा का क्षेत्र उत्पादित नहीं होता है।,नाभिकीय ऊर्जा उत्पादन में विद्युत धारा का क्षेत्र उत्पादित नहीं होता क्योंकि यह आदर्श नाभिकीय ऊर्जा उत्पादन प्रक्रियाओं में ही होता है जिनमें विद्युत चुम्बकत्व रिअक्टिव क्षेत्र की उपस्थिति की आवश्यकता होती है।,2026-09-14 16:27:48
SCI_HI_0940,Hindi,Science,"आधुनिक भौतिकी, परमाणु संरचना एवं नाभिकीय ऊर्जा",Hard,किस गुण नाभिकीय ऊर्जा के लिए अत्यधिक महत्वपूर्ण है?,क्षेत्र विभव,चुंबकत्व विभव,विद्युत धारा का क्षेत्र,विद्युत विभव,A,क्षेत्र विभव,क्षेत्र विभव नाभिकीय ऊर्जा के लिए अत्यधिक महत्वपूर्ण है क्योंकि यह ऊर्जा के विभिन्न रूपों को दर्शाता है।,क्षेत्र विभव नाभिकीय ऊर्जा के विभिन्न रूपों को दर्शाता है जो इसकी उत्पादन और उत्पादन के लिए महत्वपूर्ण ऊर्जा की स्रोत होता है।,2026-09-14 16:27:48
SCI_HI_0941,Hindi,Science,"आधुनिक भौतिकी, परमाणु संरचना एवं नाभिकीय ऊर्जा",Hard,नाभिकीय ऊर्जा उत्पादन के लिए प्रभावी तरल नाभिक का विभवानुक्रम क्या है?,क्षेत्र विभव,चुंबकत्व विभव,क्षेत्र व चुंबकत्व विभव,रेडियो विभव,C,क्षेत्र व चुंबकत्व विभव,तरल नाभिक का विभवानुक्रम इसकी चुम्बकीय संरचना को दर्शाता है जो नाभिकीय ऊर्जा उत्पादन के लिए प्रभावी होता है।,तरल नाभिक का विभवानुक्रम इसकी चुम्बकीय संरचना को दर्शाता है जो नाभिकीय ऊर्जा उत्पादन में प्रभावी विभवानुक्रम होता है।,2026-09-14 16:27:48
SCI_HI_0942,Hindi,Science,"आधुनिक भौतिकी, परमाणु संरचना एवं नाभिकीय ऊर्जा",Hard,नाभिकीय ऊर्जा उत्पादन के लिए किस परिस्थिति में विद्युत धारा का क्षेत्र उत्पादित होता है?,क्षेत्र विभव व चुंबकत्व विभव की अनुपस्थिति में,क्षेत्र विभव व चुंबकत्व विभव की उपस्थिति में,केवल क्षेत्र विभव की उपस्थिति में,केवल चुंबकत्व विभव की उपस्थिति में,B,क्षेत्र विभव व चुंबकत्व विभव की उपस्थिति में,विद्युत धारा का क्षेत्र केवल क्षेत्र विभव व चुंबकत्व विभव की उपस्थिति में उत्पादित होता है।,विद्युत धारा का क्षेत्र केवल क्षेत्र विभव व चुंबकत्व विभव की उपस्थिति में उत्पादित होता है जो नाभिकीय ऊर्जा उत्पादन के लिए प्रभावी होता है।,2026-09-14 16:27:48
SCI_HI_0943,Hindi,Science,"आधुनिक भौतिकी, परमाणु संरचना एवं नाभिकीय ऊर्जा",Hard,नाभिकीय ऊर्जा उत्पादन के लिए विद्युत विभव का क्या प्रभाव होता है?,केवल उत्पादन के लिए,केवल उत्पादन के लिए नहीं,उत्पादन व उत्पादन दोनों के लिए,केवल उत्पादन नहीं,B,केवल उत्पादन के लिए नहीं,विद्युत विभव केवल उत्पादन नहीं करता है।,विद्युत विभव केवल उत्पादन नहीं करता है क्योंकि यह नाभिकीय ऊर्जा उत्पादन के लिए प्रभावी विभवानुक्रम नहीं होता है।,2026-09-14 16:27:48
SCI_HI_0944,Hindi,Science,"आधुनिक भौतिकी, परमाणु संरचना एवं नाभिकीय ऊर्जा",Hard,नाभिकीय ऊर्जा उत्पादन के लिए किस परिस्थिति में विद्युत धारा का क्षेत्र उत्पादित नहीं होता?,क्षेत्र विभव व चुंबकत्व विभव की उपस्थिति में,क्षेत्र विभव व चुंबकत्व विभव की अनुपस्थिति में,केवल क्षेत्र विभव की उपस्थिति में,केवल चुंबकत्व विभव की उपस्थिति में,B,क्षेत्र विभव व चुंबकत्व विभव की अनुपस्थिति में,विद्युत धारा का क्षेत्र क्षेत्र विभव व चुंबकत्व विभव की अनुपस्थिति में उत्पादित नहीं होता।,विद्युत धारा का क्षेत्र क्षेत्र विभव व चुंबकत्व विभव की अनुपस्थिति में उत्पादित नहीं होता क्योंकि यह नाभिकीय ऊर्जा उत्पादन के लिए प्रभावी विभवानुक्रम नहीं होता है।,2026-09-14 16:27:48
SCI_HI_0945,Hindi,Science,"आधुनिक भौतिकी, परमाणु संरचना एवं नाभिकीय ऊर्जा",Hard,किस विभव में नाभिकीय ऊर्जा उत्पादन का उत्पादन होता है?,क्षेत्र विभव,चुंबकत्व विभव,क्षेत्र व चुंबकत्व विभव,विद्युत विभव,C,क्षेत्र व चुंबकत्व विभव,नाभिकीय ऊर्जा उत्पादन का उत्पादन क्षेत्र व चुंबकत्व विभव में होता है।,नाभिकीय ऊर्जा उत्पादन का उत्पादन क्षेत्र व चुंबकत्व विभव में होता है जो नाभिकीय ऊर्जा उत्पादन के लिए प्रभावी विभवानुक्रम होता है।,2026-09-14 16:27:48
SCI_HI_0946,Hindi,Science,"तत्व, यौगिक, मिश्रण एवं रासायनिक आबंधन",Easy,हाइड्रोजन गैस का तत्व संख्या कितनी है?,1,2,3,4,A,1,हाइड्रोजन को एक तत्व के रूप में जाना जाता है जिसकी तत्व संख्या 1 है।,हाइड्रोजन गैस का एकल परमाणु है जिसकी तत्व संख्या 1 है।,2026-09-14 16:28:27
SCI_HI_0947,Hindi,Science,"तत्व, यौगिक, मिश्रण एवं रासायनिक आबंधन",Easy,स्लिडरिंग ग्राफिट न्यूक्लियस किस परमाणु से बनाया जाता है?,ब्लॉक डी नाभिकीय,ब्लॉक बी नाभिकीय,ब्लॉक ए नाभिकीय,ब्लॉक फी नाभिकीय,C,ब्लॉक ए नाभिकीय,ब्लॉक ए नाभिकीय तत्वों से स्लिडरिंग ग्राफिट न्यूक्लियस बनाया जाता है।,ब्लॉक ए नाभिकीय तत्वों जैसे कैबॉन ने ग्राफिट के न्यूक्लियस बनाने की क्षमता है।,2026-09-14 16:28:27
SCI_HI_0948,Hindi,Science,"तत्व, यौगिक, मिश्रण एवं रासायनिक आबंधन",Easy,किस यौगिक को तत्वीय संयोजन कहा जाता है?,सोडियम कार्बाइड,थिलियन,सिलिकाइन,कैल्कियम क्लोराइड,B,थिलियन,थिलियन एक तत्वीय संयोजन है।,थिलियन एक तत्वीय संयोजन है जिसकी संरचना थिलियन-थिलियन होती है।,2026-09-14 16:28:27
SCI_HI_0949,Hindi,Science,"तत्व, यौगिक, मिश्रण एवं रासायनिक आबंधन",Easy,किस यौगिक में पोर्टेंशन संबंध होता है?,थिलियन,कैल्कियम क्लोराइड,थिलियन निक्सेलिड,सोडियम कार्बाइड,C,थिलियन निक्सेलिड,थिलियन निक्सेलिड में एक तत्वीय संयोजन और एक अम्ल-अम्लीय संबंध होता है।,थिलियन निक्सेलिड में थिलियन और निक्सेल दोनों तत्व एक साथ यौगिक में जुड़ते हैं।,2026-09-14 16:28:27
SCI_HI_0950,Hindi,Science,"तत्व, यौगिक, मिश्रण एवं रासायनिक आबंधन",Easy,मिश्रण जो तत्वों से बनाया जाता है वह किस प्रकार का है?,क्षारीय,क्षारीय या क्षारीय नहीं,क्षारीय या अम्लीय या निष्क्रिय,अम्लीय,B,क्षारीय या क्षारीय नहीं,मिश्रण तत्वों से बनाया जाता है जिनकी प्रकृति का निर्धारण उनके यौगिक संबंध के अनुसार होता है।,किसी मिश्रण की प्रकृति उसके अम्ल-अम्लीय या क्षारीय या निष्क्रिय यौगिक संबंध के अनुसार निर्धारित होती है।,2026-09-14 16:28:27
SCI_HI_0951,Hindi,Science,"तत्व, यौगिक, मिश्रण एवं रासायनिक आबंधन",Easy,किस यौगिक में तत्वीय संबंध नहीं होता है?,थिलियन निक्सेलिड,थिलियन,सोडियम कार्बाइड,कैल्कियम क्लोराइड,C,सोडियम कार्बाइड,सोडियम कार्बाइड में तत्वीय संबंध नहीं होता।,सोडियम कार्बाइड में सोडियम और कार्बन दोनों तत्व एक साथ यौगिक में जुड़ते हैं लेकिन तत्वीय संबंध नहीं होता।,2026-09-14 16:28:27
SCI_HI_0952,Hindi,Science,"तत्व, यौगिक, मिश्रण एवं रासायनिक आबंधन",Easy,किस यौगिक में रासायनिक आबंधन होता है?,थिलियन निक्सेलिड,थिलियन,सोडियम कार्बाइड,कैल्कियम क्लोराइड,D,कैल्कियम क्लोराइड,कैल्कियम क्लोराइड एक रासायनिक आबंधन यौगिक है।,कैल्कियम क्लोराइड में कैल्कियम और क्लोरिड दोनों तत्व रासायनिक आबंधन से जुड़ते हैं।,2026-09-14 16:28:27
SCI_HI_0953,Hindi,Science,"तत्व, यौगिक, मिश्रण एवं रासायनिक आबंधन",Easy,किस यौगिक में तत्वीय और रासायनिक आबंधन दोनों होते हैं?,थिलियन निक्सेलिड,थिलियन,सोडियम कार्बाइड,थिलियन क्लोराइड,D,थिलियन क्लोराइड,थिलियन क्लोराइड में तत्वीय और रासायनिक आबंधन दोनों होते हैं।,थिलियन क्लोराइड में थिलियन और क्लोरिड दोनों तत्व तत्वीय आबंधन से जुड़ते हैं और फिर रासायनिक आबंधन से भी जुड़ते हैं।,2026-09-14 16:28:27
SCI_HI_0954,Hindi,Science,"तत्व, यौगिक, मिश्रण एवं रासायनिक आबंधन",Easy,किस यौगिक का एकल परमाणु वाला है?,थिलियन क्लोराइड,थिलियन निक्सेलिड,थिलियन,कैल्कियम क्लोराइड,C,थिलियन,थिलियन एक एकल परमाणु यौगिक है।,थिलियन एक तत्व है जो एक एकल परमाणु यौगिक में रहता है।,2026-09-14 16:28:27
SCI_HI_0955,Hindi,Science,"आवर्त सारणी, प्रमुख धातुएं एवं अधातुएं",Medium,विल्यम गिल्सीकृत धातु कौन-सी है?,सिलिकन,टाल्लेन,क्रोमियम,डिल्यूनियम,B,टाल्लेन,टाल्लेन धातु विल्यम गिल्सी ने खोजी थी।,विल्यम गिल्सी ने टाल्लेन की खोज की थी जो एक अधात्मी है।,2026-09-14 16:29:01
SCI_HI_0956,Hindi,Science,"आवर्त सारणी, प्रमुख धातुएं एवं अधातुएं",Medium,कौन-सी धातु आवर्त सारणी में द्वितीय कक्ष की धातु है?,कार्बन,नाइट्रोजन,क्रोमियम,कैल्शियम,D,कैल्शियम,कैल्शियम द्वितीय कक्ष की धातु है।,कैल्शियम द्वितीय कक्ष में स्थित है जो आवर्त सारणी में नाइट्रोजन के दाहिने तरफ स्थित है।,2026-09-14 16:29:01
SCI_HI_0957,Hindi,Science,"आवर्त सारणी, प्रमुख धातुएं एवं अधातुएं",Medium,परमाणु संशोधन का एक उदाहरण कौन-सा है?,फीथियन,नाइट्रोजन,ब्रैन्डन,ब्रैंडन,D,ब्रैंडन,ब्रैंडन एक परमाणु संशोधन है।,ब्रैंडन एक गैस है जो द्वितीय आवर्त कक्ष में धातुओं से बनाया गया है।,2026-09-14 16:29:01
SCI_HI_0958,Hindi,Science,"आवर्त सारणी, प्रमुख धातुएं एवं अधातुएं",Medium,कौन-सी धातु आवर्त सारणी में तिहाई कक्ष में स्थित है?,कैल्सियम,नाइट्रोजन,फ्लोरिन,सिलिकन,C,फ्लोरिन,फ्लोरिन तिहाई कक्ष में स्थित है।,फ्लोरिन तिहाई कक्ष में स्थित है जो आवर्त सारणी में तिहाई कक्ष की धातु है।,2026-09-14 16:29:01
SCI_HI_0959,Hindi,Science,"आवर्त सारणी, प्रमुख धातुएं एवं अधातुएं",Medium,सर्वाधिक धातुओं में कौन-सी अधात्मी धातु है?,सिलिकन,ब्रैंडन,फ्लोरिन,कैल्सियम,C,फ्लोरिन,फ्लोरिन एक अधात्मी धातु है।,फ्लोरिन एक अधात्मी धातु है जो आवर्त सारणी में तिहाई कक्ष में स्थित है।,2026-09-14 16:29:01
SCI_HI_0960,Hindi,Science,"आवर्त सारणी, प्रमुख धातुएं एवं अधातुएं",Medium,कौन-सी धातु परमाणु संशोधन से निर्मित है?,कैल्सियम,नाइट्रोजन,ब्रैंडन,फ्लोरिन,C,ब्रैंडन,ब्रैंडन एक परमाणु संशोधन है।,ब्रैंडन एक गैस है जो द्वितीय आवर्त कक्ष में धातुओं से बनाया गया है।,2026-09-14 16:29:01
SCI_HI_0961,Hindi,Science,"आवर्त सारणी, प्रमुख धातुएं एवं अधातुएं",Medium,किस धातु का परमाणु वाला है?,फ्लोरिन,ब्रैंडन,सिलिकन,कैल्सियम,A,फ्लोरिन,फ्लोरिन एक धातु है जो एकल परमाणु वाली है।,फ्लोरिन तिहाई कक्ष में स्थित है जो एकल परमाणु वाली धातु है।,2026-09-14 16:29:01
SCI_HI_0962,Hindi,Science,"आवर्त सारणी, प्रमुख धातुएं एवं अधातुएं",Medium,किस धातु का रासायनिक आबंधन दिखाता है?,कैल्सियम,नाइट्रोजन,ब्रैंडन,फ्लोरिन,B,नाइट्रोजन,नाइट्रोजन धातु रासायनिक आबंधन दिखाता है।,नाइट्रोजन धातु रासायनिक आबंधन दिखाता है जो आवर्त सारणी में तिहाई कक्ष में स्थित है।,2026-09-14 16:29:01
SCI_HI_0963,Hindi,Science,"आवर्त सारणी, प्रमुख धातुएं एवं अधातुएं",Medium,किस धातु का तत्वीय आबंधन दिखाता है?,कैल्सियम,नाइट्रोजन,फ्लोरिन,ब्रैंडन,A,कैल्सियम,कैल्सियम धातु तत्वीय आबंधन दिखाता है।,कैल्सियम धातु तत्वीय आबंधन दिखाता है जो आवर्त सारणी में तिहाई कक्ष में स्थित है।,2026-09-14 16:29:01
SCI_HI_0964,Hindi,Science,"आवर्त सारणी, प्रमुख धातुएं एवं अधातुएं",Medium,किस धातु में रासायनिक आबंधन तथा तत्वीय आबंधन दोनों दिखाते हैं?,कैल्सियम,नाइट्रोजन,फ्लोरिन,ब्रैंडन,B,नाइट्रोजन,नाइट्रोजन धातु रासायनिक आबंधन तथा तत्वीय आबंधन दिखाता है।,नाइट्रोजन धातु रासायनिक आबंधन तथा तत्वीय आबंधन दिखाता है जो आवर्त सारणी में तिहाई कक्ष में स्थित है।,2026-09-14 16:29:01
SCI_HI_0965,Hindi,Science,"अम्ल, क्षार, लवण एवं दैनिक जीवन में रसायन",Medium,पार्किंसन रासायनिक आबंधन में किसका अनुपात बढ़ने पर विस्तारात्मक अभिक्रिया होती है?,H2SO4 तथा HCl,HCl तथा NaOH,NaOH तथा Ca(OH)2,H2SO4 तथा Ba(OH)2,D,H2SO4 तथा Ba(OH)2,"H2SO4 तथा Ba(OH)2 का अनुपात बढ़ाने पर बासोफैटिक अभिक्रिया होती है, जिसमें बासोफैट रसायन बनता है।",H2SO4 और Ba(OH)2 के बीच अभिक्रिया बासोफैट रसायन बनाने में लगती है जो एक विस्तारात्मक रसायन है।,2026-09-14 16:29:44
SCI_HI_0966,Hindi,Science,"अम्ल, क्षार, लवण एवं दैनिक जीवन में रसायन",Medium,कौन-सी अम्ल-क्षार परिक्रिया रासायनिक तथा तत्वीय आबंधन का उदाहरण है?,NaOH तथा HCl,H2SO4 तथा NaOH,HCl तथा Ca(OH)2,HCl तथा NaCl,A,NaOH तथा HCl,NaOH तथा HCl का अभिक्रिया रासायनिक आबंधन का उदाहरण है जिसमें दोनों आबंधन दिखाए जाते हैं।,NaOH और HCl के बीच रासायनिक आबंधन अभिक्रिया होती है जिसमें दोनों प्रकार के आबंधन दिखाए जाते हैं।,2026-09-14 16:29:44
SCI_HI_0967,Hindi,Science,"अम्ल, क्षार, लवण एवं दैनिक जीवन में रसायन",Medium,निम्न में से कौन-सा लवण एक अम्ल का अनुप्राणक है?,H2SO4,HCl,NaOH,HNO3,C,NaOH,NaOH एक अम्ल का अनुप्राणक है जिसका अर्थ है यह एक जलीय क्षार है जो अम्ल को बासोफैट रसायन बनाने में मदद करती है।,NaOH एक क्षार है जो अम्ल को बासोफैट रसायन बनाने में मदद करती है जिसलिए यह एक अम्ल का अनुप्राणक है।,2026-09-14 16:29:44
SCI_HI_0968,Hindi,Science,"अम्ल, क्षार, लवण एवं दैनिक जीवन में रसायन",Medium,कौन-सी अम्ल अभिक्रिया लवण अनुप्राणक के रूप में बनाने में मदद करती है?,HCl,NaOH,H2SO4,Na2SO4,D,Na2SO4,Na2SO4 अम्ल अभिक्रिया के लिए एक लवण अनुप्राणक है जो अम्ल और क्षार के बीच अभिक्रिया बढ़ाता है।,Na2SO4 एक लवण है जो अम्ल और क्षार के बीच अभिक्रियाओं को बढ़ावा देता है इसलिए यह एक अभिक्रिया अनुप्राणक है।,2026-09-14 16:29:44
SCI_HI_0969,Hindi,Science,"अम्ल, क्षार, लवण एवं दैनिक जीवन में रसायन",Medium,कौन-सी अम्ल-क्षार परिक्रिया जलीय क्षार का उदाहरण है?,NaOH तथा HCl,H2SO4 तथा Ca(OH)2,HCl तथा NaOH,NaOH तथा Ca(OH)2,D,NaOH तथा Ca(OH)2,NaOH तथा Ca(OH)2 का अभिक्रिया जलीय क्षार का उदाहरण है जिसमें दोनों क्षार हैं।,NaOH और Ca(OH)2 का अभिक्रिया जलीय क्षार अभिक्रिया का उदाहरण है जिसमें दोनों जलीय क्षार हैं।,2026-09-14 16:29:44
SCI_HI_0970,Hindi,Science,"अम्ल, क्षार, लवण एवं दैनिक जीवन में रसायन",Medium,कौन-सी अम्ल-क्षार परिक्रिया रासायनिक अभिक्रिया का उदाहरण है?,HCl तथा Ca(OH)2,NaOH तथा H2SO4,NaOH तथा HCl,H2SO4 तथा Ca(OH)2,C,NaOH तथा HCl,NaOH तथा HCl का अभिक्रिया रासायनिक अभिक्रिया का उदाहरण है जिसमें दोनों अभिक्रियाओं दिखाए जाते हैं।,NaOH और HCl का अभिक्रिया रासायनिक अभिक्रिया का उदाहरण है जिसमें रासायनिक तथा तत्वीय अभिक्रियाएं दिखाए जाती हैं।,2026-09-14 16:29:44
SCI_HI_0971,Hindi,Science,"अम्ल, क्षार, लवण एवं दैनिक जीवन में रसायन",Medium,कौन-सा लवण अम्ल को बासोफैट रसायन बनाने में अनुप्राणक रूप में काम करता है?,HCl,NaOH,H2SO4,Na2SO4,D,Na2SO4,Na2SO4 अम्ल को बासोफैट रसायन बनाने में अनुप्राणक के रूप में काम करता है।,Na2SO4 एक लवण है जो अम्ल को बासोफैट रसायन बनाने में मदद करता है इसलिए यह अम्ल का अनुप्राणक है।,2026-09-14 16:29:44
SCI_HI_0972,Hindi,Science,"अम्ल, क्षार, लवण एवं दैनिक जीवन में रसायन",Medium,किस अभिक्रिया में रासायनिक तथा तत्वीय अभिक्रियाएं दोनों दिखाई देती हैं?,NaOH तथा H2SO4,H2SO4 तथा Ca(OH)2,HCl तथा Ca(OH)2,NaOH तथा HCl,A,NaOH तथा H2SO4,NaOH तथा H2SO4 का अभिक्रिया रासायनिक तथा तत्वीय अभिक्रियाओं का उदाहरण है।,NaOH और H2SO4 का अभिक्रिया दोनों प्रकार की अभिक्रियाओं का उदाहरण है जिसमें दोनों अभिक्रियाएं दिखाई देती हैं।,2026-09-14 16:29:44
SCI_HI_0973,Hindi,Science,"अम्ल, क्षार, लवण एवं दैनिक जीवन में रसायन",Medium,किस लवण का अनुपात बढ़ाने पर लवण अभिक्रिया बन जाती है?,HCl,NaOH,H2SO4,Na2SO4,D,Na2SO4,Na2SO4 का अनुपात बढ़ाने पर लवण अभिक्रिया बन जाती है।,Na2SO4 का अनुपात बढ़ाने पर लवण अभिक्रिया होती है जो लवण अभिक्रिया का उदाहरण है।,2026-09-14 16:29:44
SCI_HI_0974,Hindi,Science,"कार्बन एवं उसके यौगिक, हाइड्रोकार्बन",Easy,कार्बन का सामान्य आकार क्या है?,एक अक्षर,एक चित्र,एक कोशिका,एक त्रिकोण,D,एक त्रिकोण,"कार्बन का आकार त्रिकोण के रूप में दर्शाया जाता है क्योंकि यह तीन न्यूनतम रासायनिक बाइनरी यौगिक (CO, CO2, CN) को दर्शाता है।","कार्बन एक चित्र के रूप में दर्शाया जाता है जो त्रिकोण के रूप में आकारित किया जाता है। यह उन तीन न्यूनतम रासायनिक यौगिकों (CO, CO2, CN) को दर्शाता है जिनमें कार्बन शामिल है।",2026-09-14 16:30:31
SCI_HI_0975,Hindi,Science,"कार्बन एवं उसके यौगिक, हाइड्रोकार्बन",Easy,कार्बन यौगिकों में किसका सामान्य रूप है?,कार्बन डाइऑक्साइड,कार्बन डाइफ्लोराइड,कार्बन डाइहाइड्राइड,कार्बन डाइऑक्साइड और कार्बन डाइहाइड्राइड,D,कार्बन डाइऑक्साइड और कार्बन डाइहाइड्राइड,कार्बन यौगिकों में ये दो प्रमुख यौगिक होते हैं।,कार्बन यौगिकों में दो प्रमुख यौगिक होते हैं: कार्बन डाइऑक्साइड (CO2) और कार्बन डाइहाइड्राइड (CH4)।,2026-09-14 16:30:31
SCI_HI_0976,Hindi,Science,"कार्बन एवं उसके यौगिक, हाइड्रोकार्बन",Easy,हाइड्रोकार्बन किस प्रकार के यौगिक हैं?,कार्बन के केवल यौगिक,कार्बन और हाइड्रोजन के यौगिक,कार्बन और ऑक्सीजन के यौगिक,कार्बन और फ्लोरिड के यौगिक,B,कार्बन और हाइड्रोजन के यौगिक,हाइड्रोकार्बन कार्बन और हाइड्रोजन के यौगिक होते हैं।,हाइड्रोकार्बन हाइड्रोजन और कार्बन के यौगिक होते हैं जिनमें कार्बन और हाइड्रोजन के बाइनरी यौगिक होते हैं।,2026-09-14 16:30:31
SCI_HI_0977,Hindi,Science,"कार्बन एवं उसके यौगिक, हाइड्रोकार्बन",Easy,कार्बन यौगिकों में किस प्रकार का यौगिक होता है?,केवल अक्सिडाइन,केवल कार्बन डाइऑक्साइड,कार्बन डाइऑक्साइड और कार्बन डाइहाइड्राइड,केवल कार्बन डाइहाइड्राइड,C,कार्बन डाइऑक्साइड और कार्बन डाइहाइड्राइड,कार्बन यौगिकों में कार्बन डाइऑक्साइड और कार्बन डाइहाइड्राइड यौगिक होते हैं।,कार्बन यौगिकों में दो प्रमुख यौगिक होते हैं: कार्बन डाइऑक्साइड (CO2) और कार्बन डाइहाइड्राइड (CH4)।,2026-09-14 16:30:31
SCI_HI_0978,Hindi,Science,"कार्बन एवं उसके यौगिक, हाइड्रोकार्बन",Easy,कार्बन यौगिकों में किस प्रकार का यौगिक नहीं होता?,कार्बन डाइऑक्साइड,कार्बन डाइहाइड्राइड,कार्बन डाइफ्लोराइड,कार्बन डाइऑक्साइड और कार्बन डाइहाइड्राइड,C,कार्बन डाइफ्लोराइड,कार्बन डाइफ्लोराइड नहीं होता क्योंकि यह नहीं दूसरे रासायनिक यौगिकों के साथ संयोजित हो सकता है।,कार्बन डाइफ्लोराइड (CF2) नहीं दूसरे रासायनिक यौगिकों के साथ संयोजित हो सकता है जैसे कि कार्बन डाइऑक्साइड और कार्बन डाइहाइड्राइड।,2026-09-14 16:30:31
SCI_HI_0979,Hindi,Science,"कोशिका संरचना, कोशिका विभाजन एवं आनुवंशिकी",Medium,कोशिका विभाजन का विशिष्ट चरण कौन-सा है जो प्राथमिक प्रतिबन्ध बनाता है?,कोशिका धातुओं का विभाजन,डीआरएनए का प्रसार,कोशिका खोल के खोलना,कोशिका संरचना का विकास,C,कोशिका खोल के खोलना,कोशिका खोल के खोलना विभाजन का प्राथमिक प्रतिबन्ध बनाता है क्योंकि कोशिका खोल का खोलना विभाजन शुरू होने का अनुबंध है।,कोशिका खोल के खोलना एक महत्वपूर्ण चरण है जो कि विभाजन के आरंभ को सुनिश्चित करता है। यह चरण विभाजन के अन्य चरणों को नियंत्रित करता है।,2026-09-14 16:31:37
SCI_HI_0980,Hindi,Science,"कोशिका संरचना, कोशिका विभाजन एवं आनुवंशिकी",Medium,"कोशिका विभाजन के दौरान, डीआरएनए का कौन-सा चरण विभाजन की तैयारी करता है?",डीआरएनए का उच्च टर्बलेंस,डीआरएनए की कोशिका गुणवत्ता की व्यवस्था,डीआरएनए का रिप्लीकेशन,डीआरएनए की रिफोर्मेशन,C,डीआरएनए का रिप्लीकेशन,डीआरएनए का रिप्लीकेशन डीआरएनए का विभाजनीय रूप बनाने में मदद करता है।,डीआरएनए का रिप्लीकेशन डीआरएनए को दो समान भागों में विभाजित करता है जिससे विभाजित की गई कोशिका अपनी खराब होने से बच सकती है।,2026-09-14 16:31:37
SCI_HI_0981,Hindi,Science,"कोशिका संरचना, कोशिका विभाजन एवं आनुवंशिकी",Medium,कोशिका विभाजन के परिणाम क्या हैं?,कोशिका विस्तार,कोशिका विभाजन की शुरुआत,कोशिका विभाजन की अंतिम चरण,कोशिका की दो समान कोशिकाओं की उत्पत्ति,D,कोशिका की दो समान कोशिकाओं की उत्पत्ति,कोशिका की दो समान कोशिकाओं की उत्पत्ति एक नई कोशिका के उत्पादन का परिणाम है।,कोशिका विभाजन के परिणाम में दो समान कोशिकाएँ उत्पन्न होती हैं जो अपने मातृ कोशिका के समान विकसित होती हैं।,2026-09-14 16:31:37
SCI_HI_0982,Hindi,Science,"कोशिका संरचना, कोशिका विभाजन एवं आनुवंशिकी",Medium,कोशिका विभाजन का नाम जो अक्सर प्रयोग किया जाता है वह क्या है?,मिटॉनियन विभाजन,बायोलियन विभाजन,हार्मोनियन विभाजन,एलियन विभाजन,A,मिटॉनियन विभाजन,मिटॉनियन विभाजन एक विशिष्ट प्रकार का विभाजन है जो अक्सर बीमारियों के दौरान देखा जाता है।,मिटॉनियन विभाजन एक अव्यवस्थित रूप से विभाजित होने वाली कोशिकाओं की विभाजन का नाम है जो अक्सर बीमारियों का निर्माण करती है।,2026-09-14 16:31:37
SCI_HI_0983,Hindi,Science,"कोशिका संरचना, कोशिका विभाजन एवं आनुवंशिकी",Medium,किस प्रकार की कोशिका विभाजन की राशि विभाजन की राशि में बढ़ने की अनुमानित दर होती है?,स्टिमुलेटेड विभाजन,नियमित विभाजन,अनियमित विभाजन,हैप्टोफिलिक विभाजन,A,स्टिमुलेटेड विभाजन,स्टिमुलेटेड विभाजन एक विशिष्ट प्रकार का विभाजन है जो राशि विभाजन की राशि में बढ़ने की दर बढ़ाता है।,स्टिमुलेटेड विभाजन एक राशि विभाजन की दर बढ़ाता है जो बाहरी अवशोषण का परिणाम होता है।,2026-09-14 16:31:37
SCI_HI_0984,Hindi,Science,"कोशिका संरचना, कोशिका विभाजन एवं आनुवंशिकी",Medium,"कोशिका विभाजन के दौरान, डीआरएनए निर्माण किस प्रकार की कोशिका में होता है?",कोशिका विभाजन के आधी,कोशिका विभाजन के शुरूआती चरण में,कोशिका विभाजन के अंतिम चरण में,कोशिका विभाजन के अन्तर्गत,D,कोशिका विभाजन के अन्तर्गत,डीआरएनए निर्माण कोशिका विभाजन के अंतर्गत होता है जो नए कोशिकाओं को जानकारी प्रदान करता है।,डीआरएनए का निर्माण कोशिका विभाजन के दौरान होता है जो नए कोशिकाओं को उनके रासायनिक रूप से अधिक जानकारी प्रदान करता है।,2026-09-14 16:31:37
SCI_HI_0985,Hindi,Science,"कोशिका संरचना, कोशिका विभाजन एवं आनुवंशिकी",Medium,"कोशिका विभाजन के दौरान, नए कोशिकाओं की उत्पत्ति कैसे होती है?",कोशिका विभाजन के अंतिम चरण में,कोशिका विभाजन के आधी,कोशिका विभाजन के शुरूआती चरण में,कोशिका विभाजन के अन्तर्गत,D,कोशिका विभाजन के अन्तर्गत,नए कोशिकाओं की उत्पत्ति कोशिका विभाजन के अन्तर्गत होती है जो नए कोशिकाओं को नए डीआरएनए के रूप में निर्माण करता है।,नए कोशिकाओं की उत्पत्ति कोशिका विभाजन के अन्तर्गत होती है जो डीआरएनए को दो समान भागों में विभाजित करके नए कोशिकाओं को नए रूप में निर्माण करता है।,2026-09-14 16:31:37
SCI_HI_0986,Hindi,Science,"कोशिका संरचना, कोशिका विभाजन एवं आनुवंशिकी",Medium,कोशिका संरचना का कौन-सा भाग कोशिका विभाजन दौरान प्रोटीन बनाने में मदद करता है?,कोशिका सिलिया,कोशिका अंगिका,कोशिका रिबोसोम,कोशिका नाटिका,C,कोशिका रिबोसोम,कोशिका रिबोसोम एक अमीनो एसिड को प्रोटीन में परिवर्तित करने का चौखटी है।,कोशिका रिबोसोम एक महत्वपूर्ण भाग है जो नए कोशिकाओं की उत्पत्ति में प्रोटीन को निर्माण करने में मदद करता है।,2026-09-14 16:31:37
SCI_HI_0987,Hindi,Science,"कोशिका संरचना, कोशिका विभाजन एवं आनुवंशिकी",Medium,किस प्रकार की कोशिका विभाजन में डीआरएनए का निर्माण किसी बाहरी अवशोषण के जवाब में होता है?,नियमित विभाजन,अनियमित विभाजन,स्टिमुलेटेड विभाजन,हैप्टोफिलिक विभाजन,C,स्टिमुलेटेड विभाजन,स्टिमुलेटेड विभाजन एक विशिष्ट प्रकार का विभाजन है जो बाहरी अवशोषण के जवाब में होता है।,स्टिमुलेटेड विभाजन एक विशिष्ट प्रकार का विभाजन है जो बाहरी अवशोषण के जवाब में डीआरएनए का निर्माण करता है।,2026-09-14 16:31:37
SCI_HI_0988,Hindi,Science,"कोशिका संरचना, कोशिका विभाजन एवं आनुवंशिकी",Medium,किस प्रकार की कोशिका विभाजन में डीआरएनए का निर्माण अनियमित रूप से होता है?,स्टिमुलेटेड विभाजन,नियमित विभाजन,अनियमित विभाजन,हैप्टोफिलिक विभाजन,C,अनियमित विभाजन,अनियमित विभाजन एक विशिष्ट प्रकार का विभाजन है जो डीआरएनए का निर्माण अनियमित रूप से होता है।,अनियमित विभाजन एक विशिष्ट प्रकार का विभाजन है जो डीआरएनए का निर्माण अनियमित रूप से होता है।,2026-09-14 16:31:37
SCI_HI_0989,Hindi,Science,"कोशिका संरचना, कोशिका विभाजन एवं आनुवंशिकी",Medium,किस प्रकार की कोशिका विभाजन में डीआरएनए का निर्माण नियमित रूप से होता है?,स्टिमुलेटेड विभाजन,अनियमित विभाजन,नियमित विभाजन,हैप्टोफिलिक विभाजन,C,नियमित विभाजन,नियमित विभाजन एक विशिष्ट प्रकार का विभाजन है जो डीआरएनए का निर्माण नियमित रूप से होता है।,नियमित विभाजन एक विशिष्ट प्रकार का विभाजन है जो डीआरएनए का निर्माण नियमित रूप से होता है।,2026-09-14 16:31:37
SCI_HI_0990,Hindi,Science,"कोशिका संरचना, कोशिका विभाजन एवं आनुवंशिकी",Medium,किस प्रकार की कोशिका विभाजन में डीआरएनए का निर्माण नियमित रूप से होता है और बाहरी अवशोषण के जवाब में नहीं होता है?,स्टिमुलेटेड विभाजन,नियमित विभाजन,अनियमित विभाजन,हैप्टोफिलिक विभाजन,B,नियमित विभाजन,नियमित विभाजन एक विशिष्ट प्रकार का विभाजन है जो डीआरएनए का निर्माण नियमित रूप से होता है और बाहरी अवशोषण के जवाब में नहीं होता है।,नियमित विभाजन एक विशिष्ट प्रकार का विभाजन है जो डीआरएनए का निर्माण नियमित रूप से होता है और बाहरी अवशोषण के जवाब में नहीं होता है।,2026-09-14 16:31:37
SCI_HI_0991,Hindi,Science,"मानव शरीर तंत्र (पाचन, श्वसन, रक्त परिसंचरण, तंत्रिका तंत्र)",Hard,"पाचन तंत्र में, रहित विभाजन दौरान बायोकामीस्ट्री किस प्रकार की गैर-प्रत्यक्ष रिबोसोमल प्रोटीन को निर्माण करती है?",एनटीएस जानवरी कोशिकाओं में,एनटीएस अवशोषण के जवाब में,डीएनए जानवरी कोशिकाओं में,डीएनए अवशोषण के जवाब में,B,एनटीएस अवशोषण के जवाब में,रहित विभाजन में बायोकामीस्ट्री प्रोटीन निर्माण करने की अवधि की जानकारी देती है।,"रहित विभाजन के दौरान, बायोकामीस्ट्री केवल एनटीएस को निर्माण करती है जो अवशोषण के जवाब में नहीं किया जाता है।",2026-09-14 16:31:59
SCI_HI_0992,Hindi,Science,"मानव शरीर तंत्र (पाचन, श्वसन, रक्त परिसंचरण, तंत्रिका तंत्र)",Hard,"श्वसन तंत्र में, विशेष दौरान श्वसन तंत्र किस प्रकार के विकास में अवशोषण के जवाब में विशिष्ट प्रोटीन को निर्माण करता है?",क्रीड़ा के दौरान,स्वस्थ रहन के दौरान,क्रीड़ा के बाद,बाद के अवशोषण के जवाब में,A,क्रीड़ा के दौरान,क्रीड़ा के दौरान अवशोषण के जवाब में विशिष्ट प्रोटीन निर्माण करने की जानकारी देता है।,क्रीड़ा के दौरान श्वसन तंत्र विशिष्ट प्रोटीन को निर्माण करता है जो अवशोषण के जवाब में कार्य करते हैं।,2026-09-14 16:31:59
SCI_HI_0993,Hindi,Science,"मानव शरीर तंत्र (पाचन, श्वसन, रक्त परिसंचरण, तंत्रिका तंत्र)",Hard,"रक्त परिसंचरण तंत्र में, रक्त विभाजन किस प्रकार की कोशिका द्वारा होता है जो क्रोमोसोम को निर्माण करती है?",रक्त खोल,रक्त रक्तस्त्रों,रक्त बीटा रक्तस्त्रों,रक्त ग्रोंडर,C,रक्त बीटा रक्तस्त्रों,रक्त बीटा रक्तस्त्रों द्वारा क्रोमोसोम को निर्माण करने की जानकारी देती है।,रक्त बीटा रक्तस्त्रों कोशिका द्वारा क्रोमोसोम को निर्माण किया जाता है जो रक्त कोशिकाओं का निर्माण करता है।,2026-09-14 16:31:59
SCI_HI_0994,Hindi,Science,"मानव शरीर तंत्र (पाचन, श्वसन, रक्त परिसंचरण, तंत्रिका तंत्र)",Hard,"तंत्रिका तंत्र में, तंत्रिका विभाजन दौरान न्यूरोटैनाम संक्रमण किस प्रकार की कोशिका द्वारा होता है?",सेन्सर कोशिकाएँ,न्यूरोन,इन्हेबिटर न्यूरोन,प्रोटोन,B,न्यूरोन,न्यूरोन द्वारा न्यूरोटैनाम संक्रमण करने की जानकारी देता है।,न्यूरोन द्वारा न्यूरोटैनाम संक्रमण करने की विधि से जुड़ी जानकारी देता है।,2026-09-14 16:31:59
SCI_HI_0995,Hindi,Science,"मानव स्वास्थ्य, पोषण, विटामिन एवं प्रमुख रोग",Easy,विटामिन C किस रोग से बचाव में महत्वपूर्ण भूमिका निभाता है?,किंडी,कैंसर,बायरिस्टिक रोग,हटियारी,A,किंडी,विटामिन C ने खोजे गए अध्ययनों के अनुसार किंडी रोग से बचाव में महत्वपूर्ण भूमिका निभाता है।,विटामिन C एक अवशोषक अणु है जो किंडी रोग को उत्पन्न करने से बचाता है और रक्त विभाजन को सुरक्षित रखता है।,2026-09-14 16:32:32
SCI_HI_0996,Hindi,Science,"मानव स्वास्थ्य, पोषण, विटामिन एवं प्रमुख रोग",Easy,मानव शरीर में विटामिन D किस प्रक्रिया में सहायक रहता है?,रक्त विभाजन,पोषण,कैल्सियम विनिर्माण,श्वसन तंत्र,C,कैल्सियम विनिर्माण,विटामिन D ने खोजे गए अध्ययनों में कैल्सियम विनिर्माण तक पहुंच को बढ़ावा देने में महत्वपूर्ण भूमिका निभाती है।,विटामिन D रक्त में कैल्सियम की स्तर बढ़ाता है जो कैल्सियम विनिर्माण का एक महत्वपूर्ण अवशोषक है।,2026-09-14 16:32:32
SCI_HI_0997,Hindi,Science,"मानव स्वास्थ्य, पोषण, विटामिन एवं प्रमुख रोग",Easy,पोषण में अमीनो एसिड किस प्रकार की पोषण राशि के रूप में उपयोगी होते हैं?,कार्बोहाइड्रेट,फेनल,कैल्सियम,कार्टिडोन एवं ग्लूटमिन,D,कार्टिडोन एवं ग्लूटमिन,कार्टिडोन और ग्लूटमिन एमाइनो एसिड हैं जिन्हें शरीर ने सरल रासायनिक प्रक्रियाओं के रूप में प्रत्यक्ष पोषण के रूप में उपयोग किया जा सकता है।,कार्टिडोन और ग्लूटमिन अमीनो एसिड हैं जिन्हें शरीर ने प्रत्यक्ष पोषण के रूप में उपयोग किया जा सकता है जो कि अन्य अमीनो एसिडों की तुलना में तेजी से विनिर्माण किए जा सकते हैं।,2026-09-14 16:32:32
SCI_HI_0998,Hindi,Science,"मानव स्वास्थ्य, पोषण, विटामिन एवं प्रमुख रोग",Easy,प्राकृतिक पोषण के रूप में जीवाश्म विटामिन अपने शरीर के रासायनिक जीवन के लिए किस प्रकार की राशि प्रदान करता है?,कार्बोहाइड्रेट,प्रोटीन,विटामिन,कैल्सियम,C,विटामिन,जीवाश्म विटामिन तेजी से स्वास्थ्य पर प्रभाव पड़ने वाले प्राकृतिक विटामिन हैं।,विटामिन जीवाश्म रूप से उपलब्ध होते हैं जिन्हें शरीर ने तेजी से स्वास्थ्य पर प्रभाव पड़ने की क्षमता से लेकर पोषण के रूप में प्रयोग किया जा सकता है।,2026-09-14 16:32:32
SCI_HI_0999,Hindi,Science,"मानव स्वास्थ्य, पोषण, विटामिन एवं प्रमुख रोग",Easy,प्रमुख रोग में एन्जाइम पर विशेष ध्यान दिया जाता है क्योंकि वे किस क्षमता को नियंत्रित करते हैं?,पोषण,एन्जाइमिक अभिक्रियाएँ,रक्त विभाजन,विटामिन निर्माण,B,एन्जाइमिक अभिक्रियाएँ,एन्जाइम रोगों में विशेष रूप से एन्जाइमिक अभिक्रियाएँ किसी रोग के विकास के लिए आवश्यक होती हैं।,एन्जाइम रोग में एन्जाइमिक अभिक्रियाएँ रोग के विकास के लिए आवश्यक होती हैं जो कि शरीर के अंतरnal प्रक्रियाओं को नियंत्रित करती हैं।,2026-09-14 16:32:32
SCI_HI_1000,Hindi,Science,"मानव स्वास्थ्य, पोषण, विटामिन एवं प्रमुख रोग",Easy,हीमोग्लोबिन रक्त में किस प्रकार का पोषण राशि है?,पोषक अणु,कैल्सियम राशि,विटामिन राशि,हीमोग्लोबिन,D,हीमोग्लोबिन,हीमोग्लोबिन रक्त की आंशिक विभाजन संरचना का हिस्सा है जो ऑक्सीजन को निर्वातित करता है।,हीमोग्लोबिन रक्त में ऑक्सीजन निर्वातित करने के लिए एक पोषक अणु है जो शरीर के विभिन्न भागों में ऑक्सीजन को ले जाता है।,2026-09-14 16:32:32
